Symbol,Date,High,Low,Close,AsOf
360ONE,2026-08-20,1222.9,1186.0,1203.0,2026-10-05
360ONE,2026-08-21,1214.0,1190.1,1199.0,2026-10-05
360ONE,2026-08-24,1215.2,1189.8,1189.8,2026-10-05
360ONE,2026-08-25,1210.0,1186.4,1210.0,2026-10-05
360ONE,2026-08-26,1219.8,1195.0,1197.2,2026-10-05
360ONE,2026-08-27,1207.0,1191.7,1204.0,2026-10-05
360ONE,2026-08-28,1208.0,1193.9,1200.0,2026-10-05
360ONE,2026-08-31,1199.6,1149.3,1175.0,2026-10-05
360ONE,2026-09-01,1184.3,1147.5,1165.6,2026-10-05
360ONE,2026-09-02,1181.3,1128.6,1181.3,2026-10-05
360ONE,2026-09-03,1171.5,1149.9,1155.0,2026-10-05
360ONE,2026-09-04,1156.1,1127.1,1137.0,2026-10-05
360ONE,2026-09-07,1143.5,1127.2,1136.9,2026-10-05
360ONE,2026-09-08,1128.2,1104.3,1110.0,2026-10-05
360ONE,2026-09-09,1109.2,1087.4,1087.4,2026-10-05
360ONE,2026-09-10,1104.4,1076.6,1094.9,2026-10-05
360ONE,2026-09-11,1098.3,1065.6,1091.0,2026-10-05
360ONE,2026-09-15,1092.9,1052.1,1052.1,2026-10-05
360ONE,2026-09-16,1061.9,1042.4,1045.6,2026-10-05
360ONE,2026-09-17,1065.0,1037.1,1061.3,2026-10-05
360ONE,2026-09-18,1086.1,1060.5,1073.1,2026-10-05
360ONE,2026-09-21,1085.9,1062.8,1072.7,2026-10-05
360ONE,2026-09-22,1093.2,1065.2,1073.5,2026-10-05
360ONE,2026-09-23,1122.0,1082.4,1108.0,2026-10-05
360ONE,2026-09-24,1103.0,1066.9,1080.8,2026-10-05
360ONE,2026-09-25,1087.9,1062.3,1073.0,2026-10-05
360ONE,2026-09-28,1074.8,1043.4,1045.0,2026-10-05
360ONE,2026-09-29,1052.1,1019.4,1029.2,2026-10-05
360ONE,2026-09-30,1047.0,1029.0,1030.0,2026-10-05
360ONE,2026-10-01,1043.0,1008.0,1040.0,2026-10-05
ABB,2026-08-20,7481.5,7393.0,7479.0,2026-10-05
ABB,2026-08-21,7545.0,7405.0,7424.0,2026-10-05
ABB,2026-08-24,7566.5,7429.5,7504.0,2026-10-05
ABB,2026-08-25,7627.0,7435.0,7627.0,2026-10-05
ABB,2026-08-26,7699.0,7581.0,7609.0,2026-10-05
ABB,2026-08-27,7693.0,7490.0,7490.0,2026-10-05
ABB,2026-08-28,7529.0,7440.0,7509.0,2026-10-05
ABB,2026-08-31,7638.5,7306.0,7638.5,2026-10-05
ABB,2026-09-01,7524.5,7331.5,7396.0,2026-10-05
ABB,2026-09-02,7447.5,7258.0,7447.5,2026-10-05
ABB,2026-09-03,7475.0,7405.0,7432.0,2026-10-05
ABB,2026-09-04,7470.0,7376.0,7410.0,2026-10-05
ABB,2026-09-07,7459.5,7327.0,7434.0,2026-10-05
ABB,2026-09-08,7472.0,7340.0,7387.0,2026-10-05
ABB,2026-09-09,7480.0,7361.0,7401.5,2026-10-05
ABB,2026-09-10,7418.5,7287.0,7329.0,2026-10-05
ABB,2026-09-11,7324.0,7173.0,7274.0,2026-10-05
ABB,2026-09-15,7268.0,7005.0,7005.0,2026-10-05
ABB,2026-09-16,7051.0,6905.5,6980.0,2026-10-05
ABB,2026-09-17,7168.0,6975.5,7130.5,2026-10-05
ABB,2026-09-18,7307.0,7151.0,7270.5,2026-10-05
ABB,2026-09-21,7330.0,7221.0,7271.0,2026-10-05
ABB,2026-09-22,7405.5,7117.5,7120.5,2026-10-05
ABB,2026-09-23,7185.0,7077.0,7120.0,2026-10-05
ABB,2026-09-24,7144.5,7062.5,7129.0,2026-10-05
ABB,2026-09-25,7201.5,7025.0,7052.5,2026-10-05
ABB,2026-09-28,7041.5,6910.5,6972.5,2026-10-05
ABB,2026-09-29,6953.0,6660.5,6660.5,2026-10-05
ABB,2026-09-30,6927.5,6771.0,6776.0,2026-10-05
ABB,2026-10-01,6947.5,6735.0,6900.0,2026-10-05
ABCAPITAL,2026-08-20,410.2,398.85,409.0,2026-10-05
ABCAPITAL,2026-08-21,413.0,407.7,413.0,2026-10-05
ABCAPITAL,2026-08-24,415.75,408.05,412.9,2026-10-05
ABCAPITAL,2026-08-25,414.5,405.3,410.85,2026-10-05
ABCAPITAL,2026-08-26,416.45,409.15,410.0,2026-10-05
ABCAPITAL,2026-08-27,413.1,408.1,410.0,2026-10-05
ABCAPITAL,2026-08-28,410.35,404.8,405.55,2026-10-05
ABCAPITAL,2026-08-31,409.4,397.95,409.4,2026-10-05
ABCAPITAL,2026-09-01,404.85,390.3,394.45,2026-10-05
ABCAPITAL,2026-09-02,397.05,385.1,397.05,2026-10-05
ABCAPITAL,2026-09-03,402.0,396.95,402.0,2026-10-05
ABCAPITAL,2026-09-04,407.4,400.2,404.9,2026-10-05
ABCAPITAL,2026-09-07,404.75,399.5,403.25,2026-10-05
ABCAPITAL,2026-09-08,401.0,394.45,396.95,2026-10-05
ABCAPITAL,2026-09-09,402.05,393.55,400.0,2026-10-05
ABCAPITAL,2026-09-10,402.05,395.85,400.0,2026-10-05
ABCAPITAL,2026-09-11,396.2,391.0,395.0,2026-10-05
ABCAPITAL,2026-09-15,396.8,378.8,378.8,2026-10-05
ABCAPITAL,2026-09-16,384.05,378.0,381.3,2026-10-05
ABCAPITAL,2026-09-17,391.55,381.45,390.0,2026-10-05
ABCAPITAL,2026-09-18,410.05,390.5,410.05,2026-10-05
ABCAPITAL,2026-09-21,405.45,400.95,403.4,2026-10-05
ABCAPITAL,2026-09-22,405.0,394.65,397.0,2026-10-05
ABCAPITAL,2026-09-23,402.75,397.6,402.45,2026-10-05
ABCAPITAL,2026-09-24,401.7,388.5,390.1,2026-10-05
ABCAPITAL,2026-09-25,392.2,384.8,390.0,2026-10-05
ABCAPITAL,2026-09-28,388.85,380.8,382.7,2026-10-05
ABCAPITAL,2026-09-29,383.0,376.05,378.0,2026-10-05
ABCAPITAL,2026-09-30,385.55,379.95,380.6,2026-10-05
ABCAPITAL,2026-10-01,380.1,370.2,375.05,2026-10-05
ADANIENSOL,2026-08-20,1561.0,1538.6,1548.5,2026-10-05
ADANIENSOL,2026-08-21,1559.5,1527.3,1541.9,2026-10-05
ADANIENSOL,2026-08-24,1562.0,1527.0,1555.1,2026-10-05
ADANIENSOL,2026-08-25,1594.5,1532.0,1594.5,2026-10-05
ADANIENSOL,2026-08-26,1637.0,1570.5,1570.5,2026-10-05
ADANIENSOL,2026-08-27,1617.7,1581.9,1617.0,2026-10-05
ADANIENSOL,2026-08-28,1611.9,1566.9,1581.4,2026-10-05
ADANIENSOL,2026-08-31,1592.9,1417.4,1417.4,2026-10-05
ADANIENSOL,2026-09-01,1444.4,1373.3,1382.0,2026-10-05
ADANIENSOL,2026-09-02,1401.0,1348.0,1396.6,2026-10-05
ADANIENSOL,2026-09-03,1412.8,1378.0,1385.7,2026-10-05
ADANIENSOL,2026-09-04,1412.7,1376.7,1409.6,2026-10-05
ADANIENSOL,2026-09-07,1418.5,1387.8,1390.4,2026-10-05
ADANIENSOL,2026-09-08,1412.0,1370.0,1407.7,2026-10-05
ADANIENSOL,2026-09-09,1446.0,1396.5,1423.3,2026-10-05
ADANIENSOL,2026-09-10,1439.4,1382.1,1391.9,2026-10-05
ADANIENSOL,2026-09-11,1382.0,1364.2,1373.0,2026-10-05
ADANIENSOL,2026-09-15,1379.8,1337.0,1347.5,2026-10-05
ADANIENSOL,2026-09-16,1371.3,1341.6,1349.2,2026-10-05
ADANIENSOL,2026-09-17,1386.8,1336.5,1386.8,2026-10-05
ADANIENSOL,2026-09-18,1436.5,1380.9,1436.1,2026-10-05
ADANIENSOL,2026-09-21,1432.4,1397.6,1397.6,2026-10-05
ADANIENSOL,2026-09-22,1411.9,1375.9,1381.7,2026-10-05
ADANIENSOL,2026-09-23,1389.9,1372.6,1380.0,2026-10-05
ADANIENSOL,2026-09-24,1371.4,1335.1,1340.5,2026-10-05
ADANIENSOL,2026-09-25,1344.0,1315.0,1338.5,2026-10-05
ADANIENSOL,2026-09-28,1338.0,1283.0,1287.9,2026-10-05
ADANIENSOL,2026-09-29,1328.0,1275.2,1305.8,2026-10-05
ADANIENSOL,2026-09-30,1340.8,1308.9,1314.6,2026-10-05
ADANIENSOL,2026-10-01,1389.6,1309.1,1326.4,2026-10-05
ADANIENT,2026-08-20,3011.0,2990.0,2994.9,2026-10-05
ADANIENT,2026-08-21,3007.5,2981.0,2997.0,2026-10-05
ADANIENT,2026-08-24,3019.8,2971.5,2998.6,2026-10-05
ADANIENT,2026-08-25,3110.0,2962.5,3110.0,2026-10-05
ADANIENT,2026-08-26,3165.0,3092.8,3112.0,2026-10-05
ADANIENT,2026-08-27,3169.0,3125.0,3169.0,2026-10-05
ADANIENT,2026-08-28,3173.7,3133.3,3168.5,2026-10-05
ADANIENT,2026-08-31,3165.0,2859.1,2859.1,2026-10-05
ADANIENT,2026-09-01,2942.5,2846.0,2863.9,2026-10-05
ADANIENT,2026-09-02,2905.0,2830.5,2891.8,2026-10-05
ADANIENT,2026-09-03,2920.5,2885.2,2901.0,2026-10-05
ADANIENT,2026-09-04,2965.0,2882.8,2938.0,2026-10-05
ADANIENT,2026-09-07,2964.4,2918.5,2950.0,2026-10-05
ADANIENT,2026-09-08,2968.8,2918.0,2953.1,2026-10-05
ADANIENT,2026-09-09,3142.0,2935.2,3104.7,2026-10-05
ADANIENT,2026-09-10,3114.5,3041.1,3077.2,2026-10-05
ADANIENT,2026-09-11,3065.0,2999.0,3060.0,2026-10-05
ADANIENT,2026-09-15,3083.7,2921.3,2928.6,2026-10-05
ADANIENT,2026-09-16,2972.9,2914.3,2920.0,2026-10-05
ADANIENT,2026-09-17,2945.0,2907.0,2923.2,2026-10-05
ADANIENT,2026-09-18,3020.0,2924.6,3020.0,2026-10-05
ADANIENT,2026-09-21,3015.9,2973.0,2975.0,2026-10-05
ADANIENT,2026-09-22,3026.1,2979.6,2997.0,2026-10-05
ADANIENT,2026-09-23,3023.9,2978.2,2993.2,2026-10-05
ADANIENT,2026-09-24,2978.0,2898.2,2900.0,2026-10-05
ADANIENT,2026-09-25,2939.9,2902.5,2916.5,2026-10-05
ADANIENT,2026-09-28,2924.0,2811.0,2831.1,2026-10-05
ADANIENT,2026-09-29,2972.9,2793.7,2972.9,2026-10-05
ADANIENT,2026-09-30,2957.6,2880.0,2903.4,2026-10-05
ADANIENT,2026-10-01,2903.7,2772.0,2816.8,2026-10-05
ADANIGREEN,2026-08-20,1310.3,1294.0,1301.8,2026-10-05
ADANIGREEN,2026-08-21,1324.9,1310.1,1320.0,2026-10-05
ADANIGREEN,2026-08-24,1319.9,1298.1,1308.0,2026-10-05
ADANIGREEN,2026-08-25,1330.0,1294.8,1330.0,2026-10-05
ADANIGREEN,2026-08-26,1346.8,1303.2,1303.2,2026-10-05
ADANIGREEN,2026-08-27,1328.5,1302.1,1328.5,2026-10-05
ADANIGREEN,2026-08-28,1321.0,1303.2,1311.0,2026-10-05
ADANIGREEN,2026-08-31,1310.9,1214.9,1214.9,2026-10-05
ADANIGREEN,2026-09-01,1271.2,1217.0,1265.0,2026-10-05
ADANIGREEN,2026-09-02,1303.0,1236.4,1296.0,2026-10-05
ADANIGREEN,2026-09-03,1310.3,1278.6,1283.4,2026-10-05
ADANIGREEN,2026-09-04,1304.5,1278.2,1301.3,2026-10-05
ADANIGREEN,2026-09-07,1309.8,1285.0,1288.0,2026-10-05
ADANIGREEN,2026-09-08,1301.3,1275.5,1292.0,2026-10-05
ADANIGREEN,2026-09-09,1339.7,1290.0,1315.0,2026-10-05
ADANIGREEN,2026-09-10,1322.0,1292.0,1299.1,2026-10-05
ADANIGREEN,2026-09-11,1302.4,1273.2,1281.3,2026-10-05
ADANIGREEN,2026-09-15,1294.0,1249.0,1255.0,2026-10-05
ADANIGREEN,2026-09-16,1276.9,1245.6,1270.2,2026-10-05
ADANIGREEN,2026-09-17,1291.0,1261.5,1274.2,2026-10-05
ADANIGREEN,2026-09-18,1337.9,1274.2,1334.5,2026-10-05
ADANIGREEN,2026-09-21,1332.0,1300.1,1303.6,2026-10-05
ADANIGREEN,2026-09-22,1317.0,1300.0,1304.0,2026-10-05
ADANIGREEN,2026-09-23,1317.0,1289.6,1300.9,2026-10-05
ADANIGREEN,2026-09-24,1309.8,1277.8,1280.1,2026-10-05
ADANIGREEN,2026-09-25,1299.6,1270.2,1296.6,2026-10-05
ADANIGREEN,2026-09-28,1295.4,1225.6,1235.0,2026-10-05
ADANIGREEN,2026-09-29,1260.0,1223.6,1260.0,2026-10-05
ADANIGREEN,2026-09-30,1284.8,1250.4,1278.0,2026-10-05
ADANIGREEN,2026-10-01,1298.0,1260.3,1276.1,2026-10-05
ADANIPORTS,2026-08-20,1698.5,1680.4,1696.0,2026-10-05
ADANIPORTS,2026-08-21,1702.0,1684.9,1700.0,2026-10-05
ADANIPORTS,2026-08-24,1700.0,1672.1,1672.1,2026-10-05
ADANIPORTS,2026-08-25,1702.7,1671.0,1702.7,2026-10-05
ADANIPORTS,2026-08-26,1719.7,1690.5,1691.5,2026-10-05
ADANIPORTS,2026-08-27,1719.0,1691.2,1714.0,2026-10-05
ADANIPORTS,2026-08-28,1723.9,1699.2,1707.5,2026-10-05
ADANIPORTS,2026-08-31,1711.4,1593.1,1593.1,2026-10-05
ADANIPORTS,2026-09-01,1655.6,1625.0,1647.5,2026-10-05
ADANIPORTS,2026-09-02,1676.7,1632.1,1672.7,2026-10-05
ADANIPORTS,2026-09-03,1710.8,1681.8,1706.5,2026-10-05
ADANIPORTS,2026-09-04,1716.9,1692.4,1707.3,2026-10-05
ADANIPORTS,2026-09-07,1716.4,1685.9,1694.3,2026-10-05
ADANIPORTS,2026-09-08,1713.1,1685.2,1710.0,2026-10-05
ADANIPORTS,2026-09-09,1785.9,1706.0,1775.0,2026-10-05
ADANIPORTS,2026-09-10,1780.0,1750.4,1768.0,2026-10-05
ADANIPORTS,2026-09-11,1771.9,1750.8,1764.6,2026-10-05
ADANIPORTS,2026-09-15,1791.4,1713.8,1713.8,2026-10-05
ADANIPORTS,2026-09-16,1737.9,1707.0,1723.8,2026-10-05
ADANIPORTS,2026-09-17,1738.8,1725.1,1738.3,2026-10-05
ADANIPORTS,2026-09-18,1824.0,1744.0,1824.0,2026-10-05
ADANIPORTS,2026-09-21,1796.8,1766.7,1787.1,2026-10-05
ADANIPORTS,2026-09-22,1812.7,1786.1,1795.0,2026-10-05
ADANIPORTS,2026-09-23,1810.1,1790.5,1807.3,2026-10-05
ADANIPORTS,2026-09-24,1802.4,1775.0,1785.3,2026-10-05
ADANIPORTS,2026-09-25,1800.6,1775.0,1788.0,2026-10-05
ADANIPORTS,2026-09-28,1791.8,1736.6,1743.7,2026-10-05
ADANIPORTS,2026-09-29,1822.0,1738.4,1822.0,2026-10-05
ADANIPORTS,2026-09-30,1803.2,1775.4,1798.3,2026-10-05
ADANIPORTS,2026-10-01,1786.0,1716.0,1737.8,2026-10-05
ADANIPOWER,2026-08-20,205.48,202.8,204.0,2026-10-05
ADANIPOWER,2026-08-21,205.5,202.83,205.5,2026-10-05
ADANIPOWER,2026-08-24,205.6,202.57,203.7,2026-10-05
ADANIPOWER,2026-08-25,206.8,201.43,206.33,2026-10-05
ADANIPOWER,2026-08-26,213.5,206.57,207.2,2026-10-05
ADANIPOWER,2026-08-27,217.4,207.3,215.0,2026-10-05
ADANIPOWER,2026-08-28,216.5,210.91,212.63,2026-10-05
ADANIPOWER,2026-08-31,213.13,198.0,198.0,2026-10-05
ADANIPOWER,2026-09-01,205.79,201.31,204.36,2026-10-05
ADANIPOWER,2026-09-02,207.7,200.12,207.7,2026-10-05
ADANIPOWER,2026-09-03,211.33,206.64,208.29,2026-10-05
ADANIPOWER,2026-09-04,208.99,206.75,207.2,2026-10-05
ADANIPOWER,2026-09-07,208.65,204.16,204.49,2026-10-05
ADANIPOWER,2026-09-08,209.4,204.12,208.4,2026-10-05
ADANIPOWER,2026-09-09,216.1,206.5,214.9,2026-10-05
ADANIPOWER,2026-09-10,215.28,212.5,213.5,2026-10-05
ADANIPOWER,2026-09-11,212.48,208.41,209.97,2026-10-05
ADANIPOWER,2026-09-15,212.0,201.4,202.0,2026-10-05
ADANIPOWER,2026-09-16,205.0,200.4,202.34,2026-10-05
ADANIPOWER,2026-09-17,205.92,202.3,205.92,2026-10-05
ADANIPOWER,2026-09-18,209.6,205.64,206.6,2026-10-05
ADANIPOWER,2026-09-21,210.55,205.38,206.55,2026-10-05
ADANIPOWER,2026-09-22,210.0,206.56,206.96,2026-10-05
ADANIPOWER,2026-09-23,208.4,203.5,204.8,2026-10-05
ADANIPOWER,2026-09-24,203.8,198.8,199.48,2026-10-05
ADANIPOWER,2026-09-25,203.6,196.1,202.75,2026-10-05
ADANIPOWER,2026-09-28,203.64,195.36,196.14,2026-10-05
ADANIPOWER,2026-09-29,199.84,192.45,196.3,2026-10-05
ADANIPOWER,2026-09-30,204.49,198.65,204.0,2026-10-05
ADANIPOWER,2026-10-01,203.36,193.1,196.21,2026-10-05
ALKEM,2026-08-20,5416.5,5381.5,5400.0,2026-10-05
ALKEM,2026-08-21,5454.0,5340.0,5400.0,2026-10-05
ALKEM,2026-08-24,5400.0,5315.0,5350.0,2026-10-05
ALKEM,2026-08-25,5378.0,5297.0,5368.0,2026-10-05
ALKEM,2026-08-26,5387.5,5303.5,5303.5,2026-10-05
ALKEM,2026-08-27,5358.5,5297.5,5320.0,2026-10-05
ALKEM,2026-08-28,5406.5,5316.0,5355.0,2026-10-05
ALKEM,2026-08-31,5378.5,5297.0,5329.5,2026-10-05
ALKEM,2026-09-01,5358.0,5277.0,5300.0,2026-10-05
ALKEM,2026-09-02,5289.5,5187.5,5210.0,2026-10-05
ALKEM,2026-09-03,5233.5,5157.0,5193.0,2026-10-05
ALKEM,2026-09-04,5210.5,5130.0,5190.0,2026-10-05
ALKEM,2026-09-07,5242.5,5104.5,5242.5,2026-10-05
ALKEM,2026-09-08,5206.5,5129.5,5181.0,2026-10-05
ALKEM,2026-09-09,5222.0,5139.0,5139.0,2026-10-05
ALKEM,2026-09-10,5185.0,5104.5,5138.0,2026-10-05
ALKEM,2026-09-11,5128.0,5051.0,5087.5,2026-10-05
ALKEM,2026-09-15,5290.0,5140.5,5161.0,2026-10-05
ALKEM,2026-09-16,5265.5,5148.0,5175.0,2026-10-05
ALKEM,2026-09-17,5361.0,5161.5,5348.5,2026-10-05
ALKEM,2026-09-18,5466.5,5310.5,5466.5,2026-10-05
ALKEM,2026-09-21,5411.0,5316.5,5364.0,2026-10-05
ALKEM,2026-09-22,5419.5,5308.5,5331.5,2026-10-05
ALKEM,2026-09-23,5445.0,5316.0,5417.5,2026-10-05
ALKEM,2026-09-24,5447.0,5261.5,5326.0,2026-10-05
ALKEM,2026-09-25,5325.0,5237.0,5274.0,2026-10-05
ALKEM,2026-09-28,5273.5,5131.0,5175.0,2026-10-05
ALKEM,2026-09-29,5306.5,5152.0,5250.0,2026-10-05
ALKEM,2026-09-30,5276.5,5135.0,5163.5,2026-10-05
ALKEM,2026-10-01,5220.0,5110.0,5220.0,2026-10-05
AMBER,2026-08-20,7345.0,7243.5,7275.0,2026-10-05
AMBER,2026-08-21,7385.0,7261.0,7350.0,2026-10-05
AMBER,2026-08-24,7469.0,7280.0,7378.0,2026-10-05
AMBER,2026-08-25,7445.0,7307.5,7432.0,2026-10-05
AMBER,2026-08-26,7598.5,7404.0,7466.0,2026-10-05
AMBER,2026-08-27,7760.0,7465.5,7701.0,2026-10-05
AMBER,2026-08-28,7794.0,7655.0,7675.0,2026-10-05
AMBER,2026-08-31,7689.0,7562.0,7620.0,2026-10-05
AMBER,2026-09-01,7644.5,7490.0,7508.0,2026-10-05
AMBER,2026-09-02,7482.5,7281.5,7415.0,2026-10-05
AMBER,2026-09-03,7473.0,7365.0,7410.0,2026-10-05
AMBER,2026-09-04,7524.0,7380.0,7474.0,2026-10-05
AMBER,2026-09-07,7473.5,7390.0,7439.0,2026-10-05
AMBER,2026-09-08,7430.5,7278.0,7308.0,2026-10-05
AMBER,2026-09-09,7362.5,7210.0,7210.0,2026-10-05
AMBER,2026-09-10,7309.0,7183.0,7280.0,2026-10-05
AMBER,2026-09-11,7261.0,7125.5,7245.0,2026-10-05
AMBER,2026-09-15,7290.5,6937.0,7000.0,2026-10-05
AMBER,2026-09-16,7009.5,6826.5,6930.0,2026-10-05
AMBER,2026-09-17,7093.0,6881.0,7046.0,2026-10-05
AMBER,2026-09-18,7164.5,7075.0,7125.0,2026-10-05
AMBER,2026-09-21,7214.5,7090.0,7098.0,2026-10-05
AMBER,2026-09-22,7164.5,6992.0,7000.0,2026-10-05
AMBER,2026-09-23,7107.0,7020.0,7064.5,2026-10-05
AMBER,2026-09-24,7050.0,6911.0,6911.0,2026-10-05
AMBER,2026-09-25,7010.0,6876.0,6960.0,2026-10-05
AMBER,2026-09-28,7038.5,6880.0,6990.0,2026-10-05
AMBER,2026-09-29,7001.0,6606.5,6606.5,2026-10-05
AMBER,2026-09-30,6786.0,6617.0,6672.5,2026-10-05
AMBER,2026-10-01,6737.5,6431.0,6500.0,2026-10-05
AMBUJACEM,2026-08-20,414.85,407.45,411.0,2026-10-05
AMBUJACEM,2026-08-21,420.25,407.9,414.5,2026-10-05
AMBUJACEM,2026-08-24,415.3,406.7,408.75,2026-10-05
AMBUJACEM,2026-08-25,413.1,405.0,413.1,2026-10-05
AMBUJACEM,2026-08-26,422.8,412.1,419.2,2026-10-05
AMBUJACEM,2026-08-27,422.5,411.05,411.05,2026-10-05
AMBUJACEM,2026-08-28,413.5,410.0,412.05,2026-10-05
AMBUJACEM,2026-08-31,411.4,401.15,401.15,2026-10-05
AMBUJACEM,2026-09-01,407.15,401.0,402.2,2026-10-05
AMBUJACEM,2026-09-02,402.7,395.05,402.7,2026-10-05
AMBUJACEM,2026-09-03,405.05,401.8,405.0,2026-10-05
AMBUJACEM,2026-09-04,408.2,404.25,405.0,2026-10-05
AMBUJACEM,2026-09-07,405.35,398.6,398.6,2026-10-05
AMBUJACEM,2026-09-08,400.95,395.15,398.3,2026-10-05
AMBUJACEM,2026-09-09,400.8,395.0,397.0,2026-10-05
AMBUJACEM,2026-09-10,397.55,394.05,395.6,2026-10-05
AMBUJACEM,2026-09-11,393.55,387.65,391.85,2026-10-05
AMBUJACEM,2026-09-15,393.85,380.1,381.75,2026-10-05
AMBUJACEM,2026-09-16,385.45,379.55,381.05,2026-10-05
AMBUJACEM,2026-09-17,386.3,380.55,383.25,2026-10-05
AMBUJACEM,2026-09-18,396.0,383.9,388.3,2026-10-05
AMBUJACEM,2026-09-21,395.95,389.1,390.75,2026-10-05
AMBUJACEM,2026-09-22,394.0,385.15,386.9,2026-10-05
AMBUJACEM,2026-09-23,392.85,387.3,392.75,2026-10-05
AMBUJACEM,2026-09-24,390.9,382.65,384.1,2026-10-05
AMBUJACEM,2026-09-25,387.2,381.7,383.8,2026-10-05
AMBUJACEM,2026-09-28,383.8,374.0,374.35,2026-10-05
AMBUJACEM,2026-09-29,373.6,365.75,365.75,2026-10-05
AMBUJACEM,2026-09-30,376.65,368.65,374.0,2026-10-05
AMBUJACEM,2026-10-01,371.6,356.3,362.25,2026-10-05
ANGELONE,2026-08-20,296.3,289.05,289.5,2026-10-05
ANGELONE,2026-08-21,292.35,287.15,287.8,2026-10-05
ANGELONE,2026-08-24,294.5,284.4,286.0,2026-10-05
ANGELONE,2026-08-25,301.55,284.0,300.9,2026-10-05
ANGELONE,2026-08-26,305.45,297.7,298.85,2026-10-05
ANGELONE,2026-08-27,300.2,294.9,295.9,2026-10-05
ANGELONE,2026-08-28,297.7,291.65,294.0,2026-10-05
ANGELONE,2026-08-31,293.75,278.25,286.9,2026-10-05
ANGELONE,2026-09-01,288.25,280.5,281.55,2026-10-05
ANGELONE,2026-09-02,280.85,275.25,279.25,2026-10-05
ANGELONE,2026-09-03,288.0,280.35,286.0,2026-10-05
ANGELONE,2026-09-04,308.35,294.75,299.8,2026-10-05
ANGELONE,2026-09-07,307.0,298.05,303.8,2026-10-05
ANGELONE,2026-09-08,304.15,296.5,298.0,2026-10-05
ANGELONE,2026-09-09,303.65,291.6,299.05,2026-10-05
ANGELONE,2026-09-10,301.35,296.15,297.3,2026-10-05
ANGELONE,2026-09-11,307.4,289.05,305.0,2026-10-05
ANGELONE,2026-09-15,310.0,297.3,297.5,2026-10-05
ANGELONE,2026-09-16,299.3,291.6,293.5,2026-10-05
ANGELONE,2026-09-17,297.95,292.15,295.0,2026-10-05
ANGELONE,2026-09-18,301.75,295.0,299.1,2026-10-05
ANGELONE,2026-09-21,302.0,295.2,296.15,2026-10-05
ANGELONE,2026-09-22,298.65,293.2,295.1,2026-10-05
ANGELONE,2026-09-23,301.1,295.25,300.0,2026-10-05
ANGELONE,2026-09-24,297.75,289.8,290.7,2026-10-05
ANGELONE,2026-09-25,292.2,286.5,288.0,2026-10-05
ANGELONE,2026-09-28,286.4,278.05,279.2,2026-10-05
ANGELONE,2026-09-29,280.0,273.5,273.5,2026-10-05
ANGELONE,2026-09-30,278.2,273.25,274.0,2026-10-05
ANGELONE,2026-10-01,279.85,267.8,276.8,2026-10-05
APLAPOLLO,2026-08-20,2153.7,2125.0,2140.0,2026-10-05
APLAPOLLO,2026-08-21,2162.2,2126.3,2139.0,2026-10-05
APLAPOLLO,2026-08-24,2172.8,2131.8,2145.0,2026-10-05
APLAPOLLO,2026-08-25,2151.8,2124.0,2139.3,2026-10-05
APLAPOLLO,2026-08-26,2159.0,2119.7,2159.0,2026-10-05
APLAPOLLO,2026-08-27,2235.2,2154.9,2188.0,2026-10-05
APLAPOLLO,2026-08-28,2278.4,2182.5,2265.6,2026-10-05
APLAPOLLO,2026-08-31,2264.9,2207.1,2223.4,2026-10-05
APLAPOLLO,2026-09-01,2258.8,2214.0,2234.0,2026-10-05
APLAPOLLO,2026-09-02,2228.5,2186.7,2210.0,2026-10-05
APLAPOLLO,2026-09-03,2232.0,2136.5,2159.4,2026-10-05
APLAPOLLO,2026-09-04,2281.0,2150.4,2250.0,2026-10-05
APLAPOLLO,2026-09-07,2255.0,2198.8,2215.0,2026-10-05
APLAPOLLO,2026-09-08,2204.8,2165.0,2185.0,2026-10-05
APLAPOLLO,2026-09-09,2194.9,2165.0,2168.0,2026-10-05
APLAPOLLO,2026-09-10,2194.8,2158.4,2194.8,2026-10-05
APLAPOLLO,2026-09-11,2176.2,2109.8,2153.5,2026-10-05
APLAPOLLO,2026-09-15,2160.0,2107.7,2119.3,2026-10-05
APLAPOLLO,2026-09-16,2132.9,2041.3,2120.0,2026-10-05
APLAPOLLO,2026-09-17,2170.0,2110.0,2148.5,2026-10-05
APLAPOLLO,2026-09-18,2270.1,2146.3,2270.1,2026-10-05
APLAPOLLO,2026-09-21,2229.0,2178.7,2181.1,2026-10-05
APLAPOLLO,2026-09-22,2199.3,2159.9,2195.0,2026-10-05
APLAPOLLO,2026-09-23,2204.0,2178.0,2195.0,2026-10-05
APLAPOLLO,2026-09-24,2204.9,2158.2,2184.8,2026-10-05
APLAPOLLO,2026-09-25,2219.0,2176.5,2214.7,2026-10-05
APLAPOLLO,2026-09-28,2210.2,2174.9,2197.0,2026-10-05
APLAPOLLO,2026-09-29,2217.8,2172.1,2188.6,2026-10-05
APLAPOLLO,2026-09-30,2224.5,2181.6,2190.1,2026-10-05
APLAPOLLO,2026-10-01,2196.8,2059.5,2115.7,2026-10-05
APOLLOHOSP,2026-08-20,8788.0,8679.5,8735.0,2026-10-05
APOLLOHOSP,2026-08-21,8746.0,8638.0,8693.0,2026-10-05
APOLLOHOSP,2026-08-24,8702.0,8591.5,8702.0,2026-10-05
APOLLOHOSP,2026-08-25,8889.0,8640.0,8889.0,2026-10-05
APOLLOHOSP,2026-08-26,8868.0,8763.5,8766.5,2026-10-05
APOLLOHOSP,2026-08-27,8868.0,8758.5,8800.0,2026-10-05
APOLLOHOSP,2026-08-28,8905.0,8818.5,8838.5,2026-10-05
APOLLOHOSP,2026-08-31,8902.0,8813.0,8898.5,2026-10-05
APOLLOHOSP,2026-09-01,8867.5,8704.5,8755.0,2026-10-05
APOLLOHOSP,2026-09-02,8746.5,8640.0,8719.0,2026-10-05
APOLLOHOSP,2026-09-03,8785.5,8655.5,8692.0,2026-10-05
APOLLOHOSP,2026-09-04,8740.0,8641.0,8650.0,2026-10-05
APOLLOHOSP,2026-09-07,8840.5,8650.0,8760.0,2026-10-05
APOLLOHOSP,2026-09-08,8850.0,8745.0,8837.5,2026-10-05
APOLLOHOSP,2026-09-09,8974.5,8803.5,8967.0,2026-10-05
APOLLOHOSP,2026-09-10,9024.0,8875.0,8900.0,2026-10-05
APOLLOHOSP,2026-09-11,8950.0,8806.0,8836.0,2026-10-05
APOLLOHOSP,2026-09-15,8950.5,8714.0,8714.0,2026-10-05
APOLLOHOSP,2026-09-16,8792.5,8672.5,8696.5,2026-10-05
APOLLOHOSP,2026-09-17,8799.0,8686.5,8768.5,2026-10-05
APOLLOHOSP,2026-09-18,8944.5,8798.0,8944.5,2026-10-05
APOLLOHOSP,2026-09-21,8974.5,8826.5,8912.0,2026-10-05
APOLLOHOSP,2026-09-22,9000.0,8822.5,8835.5,2026-10-05
APOLLOHOSP,2026-09-23,9070.5,8865.0,9069.0,2026-10-05
APOLLOHOSP,2026-09-24,9069.0,8888.5,8888.5,2026-10-05
APOLLOHOSP,2026-09-25,8934.5,8821.5,8889.0,2026-10-05
APOLLOHOSP,2026-09-28,8902.5,8804.0,8860.0,2026-10-05
APOLLOHOSP,2026-09-29,8906.0,8657.5,8659.0,2026-10-05
APOLLOHOSP,2026-09-30,8659.0,8053.0,8165.5,2026-10-05
APOLLOHOSP,2026-10-01,8135.0,7910.0,8133.5,2026-10-05
ASHOKLEY,2026-08-20,175.57,172.61,173.8,2026-10-05
ASHOKLEY,2026-08-21,173.69,172.3,173.0,2026-10-05
ASHOKLEY,2026-08-24,173.66,171.65,173.29,2026-10-05
ASHOKLEY,2026-08-25,174.69,171.58,174.69,2026-10-05
ASHOKLEY,2026-08-26,179.5,175.41,179.05,2026-10-05
ASHOKLEY,2026-08-27,181.84,176.79,177.4,2026-10-05
ASHOKLEY,2026-08-28,178.18,174.81,175.77,2026-10-05
ASHOKLEY,2026-08-31,176.6,173.82,175.64,2026-10-05
ASHOKLEY,2026-09-01,176.5,168.53,170.53,2026-10-05
ASHOKLEY,2026-09-02,169.29,165.02,167.9,2026-10-05
ASHOKLEY,2026-09-03,169.35,166.05,169.35,2026-10-05
ASHOKLEY,2026-09-04,173.29,168.18,169.0,2026-10-05
ASHOKLEY,2026-09-07,172.13,168.4,170.0,2026-10-05
ASHOKLEY,2026-09-08,170.17,167.75,169.0,2026-10-05
ASHOKLEY,2026-09-09,169.27,166.22,167.0,2026-10-05
ASHOKLEY,2026-09-10,167.04,164.71,166.12,2026-10-05
ASHOKLEY,2026-09-11,165.04,160.0,163.75,2026-10-05
ASHOKLEY,2026-09-15,165.36,156.65,156.65,2026-10-05
ASHOKLEY,2026-09-16,158.21,154.75,156.5,2026-10-05
ASHOKLEY,2026-09-17,159.64,156.08,158.62,2026-10-05
ASHOKLEY,2026-09-18,163.12,158.51,163.0,2026-10-05
ASHOKLEY,2026-09-21,163.19,160.87,161.75,2026-10-05
ASHOKLEY,2026-09-22,164.2,159.8,160.75,2026-10-05
ASHOKLEY,2026-09-23,163.13,160.85,162.89,2026-10-05
ASHOKLEY,2026-09-24,160.6,157.0,157.3,2026-10-05
ASHOKLEY,2026-09-25,159.52,156.1,159.08,2026-10-05
ASHOKLEY,2026-09-28,158.88,154.7,155.22,2026-10-05
ASHOKLEY,2026-09-29,155.5,152.48,153.44,2026-10-05
ASHOKLEY,2026-09-30,156.19,153.35,154.19,2026-10-05
ASHOKLEY,2026-10-01,154.86,148.5,150.48,2026-10-05
ASIANPAINT,2026-08-20,2641.8,2607.0,2625.2,2026-10-05
ASIANPAINT,2026-08-21,2644.0,2615.5,2640.0,2026-10-05
ASIANPAINT,2026-08-24,2642.7,2622.0,2640.8,2026-10-05
ASIANPAINT,2026-08-25,2640.0,2605.2,2639.8,2026-10-05
ASIANPAINT,2026-08-26,2678.7,2626.5,2626.5,2026-10-05
ASIANPAINT,2026-08-27,2655.9,2627.9,2631.0,2026-10-05
ASIANPAINT,2026-08-28,2645.0,2583.8,2608.7,2026-10-05
ASIANPAINT,2026-08-31,2653.6,2561.1,2653.6,2026-10-05
ASIANPAINT,2026-09-01,2645.3,2545.2,2575.5,2026-10-05
ASIANPAINT,2026-09-02,2548.0,2510.7,2527.5,2026-10-05
ASIANPAINT,2026-09-03,2544.0,2515.1,2541.6,2026-10-05
ASIANPAINT,2026-09-04,2553.9,2519.8,2527.3,2026-10-05
ASIANPAINT,2026-09-07,2523.5,2489.7,2500.9,2026-10-05
ASIANPAINT,2026-09-08,2499.0,2474.1,2481.6,2026-10-05
ASIANPAINT,2026-09-09,2489.0,2457.4,2489.0,2026-10-05
ASIANPAINT,2026-09-10,2498.1,2468.6,2498.1,2026-10-05
ASIANPAINT,2026-09-11,2472.5,2442.8,2472.5,2026-10-05
ASIANPAINT,2026-09-15,2473.0,2402.8,2402.8,2026-10-05
ASIANPAINT,2026-09-16,2444.5,2397.4,2416.6,2026-10-05
ASIANPAINT,2026-09-17,2454.0,2421.0,2454.0,2026-10-05
ASIANPAINT,2026-09-18,2474.0,2438.0,2451.3,2026-10-05
ASIANPAINT,2026-09-21,2463.8,2440.3,2440.3,2026-10-05
ASIANPAINT,2026-09-22,2475.1,2435.6,2448.5,2026-10-05
ASIANPAINT,2026-09-23,2471.9,2448.2,2455.0,2026-10-05
ASIANPAINT,2026-09-24,2437.8,2391.0,2392.7,2026-10-05
ASIANPAINT,2026-09-25,2451.0,2397.0,2444.0,2026-10-05
ASIANPAINT,2026-09-28,2441.6,2412.9,2420.0,2026-10-05
ASIANPAINT,2026-09-29,2425.3,2381.0,2415.0,2026-10-05
ASIANPAINT,2026-09-30,2430.5,2390.0,2402.6,2026-10-05
ASIANPAINT,2026-10-01,2420.0,2377.0,2407.0,2026-10-05
ASTRAL,2026-08-20,1552.9,1532.0,1532.0,2026-10-05
ASTRAL,2026-08-21,1546.0,1521.0,1528.5,2026-10-05
ASTRAL,2026-08-24,1547.6,1521.0,1532.8,2026-10-05
ASTRAL,2026-08-25,1544.7,1519.0,1540.0,2026-10-05
ASTRAL,2026-08-26,1544.6,1525.9,1526.1,2026-10-05
ASTRAL,2026-08-27,1547.5,1521.3,1529.2,2026-10-05
ASTRAL,2026-08-28,1556.4,1529.5,1532.3,2026-10-05
ASTRAL,2026-08-31,1581.0,1515.5,1522.2,2026-10-05
ASTRAL,2026-09-01,1538.0,1493.1,1507.0,2026-10-05
ASTRAL,2026-09-02,1516.4,1476.7,1487.0,2026-10-05
ASTRAL,2026-09-03,1497.0,1476.7,1495.2,2026-10-05
ASTRAL,2026-09-04,1509.9,1484.0,1492.9,2026-10-05
ASTRAL,2026-09-07,1501.5,1482.2,1498.2,2026-10-05
ASTRAL,2026-09-08,1507.4,1485.0,1500.8,2026-10-05
ASTRAL,2026-09-09,1507.0,1465.6,1474.8,2026-10-05
ASTRAL,2026-09-10,1474.8,1451.7,1459.0,2026-10-05
ASTRAL,2026-09-11,1456.0,1402.5,1411.4,2026-10-05
ASTRAL,2026-09-15,1414.1,1372.8,1379.6,2026-10-05
ASTRAL,2026-09-16,1388.3,1357.6,1382.5,2026-10-05
ASTRAL,2026-09-17,1401.0,1355.0,1398.9,2026-10-05
ASTRAL,2026-09-18,1427.7,1397.5,1427.7,2026-10-05
ASTRAL,2026-09-21,1426.1,1400.9,1400.9,2026-10-05
ASTRAL,2026-09-22,1407.9,1381.6,1381.6,2026-10-05
ASTRAL,2026-09-23,1404.0,1383.0,1394.8,2026-10-05
ASTRAL,2026-09-24,1402.3,1384.0,1392.0,2026-10-05
ASTRAL,2026-09-25,1399.0,1385.6,1399.0,2026-10-05
ASTRAL,2026-09-28,1392.9,1363.0,1370.5,2026-10-05
ASTRAL,2026-09-29,1384.2,1346.5,1375.0,2026-10-05
ASTRAL,2026-09-30,1384.1,1366.0,1370.4,2026-10-05
ASTRAL,2026-10-01,1368.5,1316.1,1344.0,2026-10-05
AUBANK,2026-08-20,1092.5,1076.0,1088.0,2026-10-05
AUBANK,2026-08-21,1108.2,1083.9,1108.2,2026-10-05
AUBANK,2026-08-24,1114.2,1100.7,1114.0,2026-10-05
AUBANK,2026-08-25,1144.1,1105.1,1128.6,2026-10-05
AUBANK,2026-08-26,1131.4,1113.5,1113.5,2026-10-05
AUBANK,2026-08-27,1126.8,1088.0,1091.0,2026-10-05
AUBANK,2026-08-28,1094.3,1073.3,1077.1,2026-10-05
AUBANK,2026-08-31,1086.2,1064.3,1086.2,2026-10-05
AUBANK,2026-09-01,1088.8,1067.6,1079.2,2026-10-05
AUBANK,2026-09-02,1077.9,1063.4,1077.9,2026-10-05
AUBANK,2026-09-03,1083.3,1066.1,1072.0,2026-10-05
AUBANK,2026-09-04,1074.1,1060.4,1065.0,2026-10-05
AUBANK,2026-09-07,1066.8,1046.9,1053.0,2026-10-05
AUBANK,2026-09-08,1074.8,1051.4,1073.7,2026-10-05
AUBANK,2026-09-09,1077.9,1060.5,1060.5,2026-10-05
AUBANK,2026-09-10,1062.0,1047.2,1054.7,2026-10-05
AUBANK,2026-09-11,1061.2,1033.2,1058.9,2026-10-05
AUBANK,2026-09-15,1065.7,1024.6,1028.0,2026-10-05
AUBANK,2026-09-16,1038.1,1015.1,1033.2,2026-10-05
AUBANK,2026-09-17,1048.0,1026.2,1039.3,2026-10-05
AUBANK,2026-09-18,1058.6,1033.3,1058.6,2026-10-05
AUBANK,2026-09-21,1046.8,1037.2,1038.0,2026-10-05
AUBANK,2026-09-22,1043.5,1027.6,1036.4,2026-10-05
AUBANK,2026-09-23,1055.8,1032.6,1053.0,2026-10-05
AUBANK,2026-09-24,1034.1,999.2,1000.1,2026-10-05
AUBANK,2026-09-25,1021.2,997.0,1018.0,2026-10-05
AUBANK,2026-09-28,1016.5,995.0,995.3,2026-10-05
AUBANK,2026-09-29,1005.2,984.5,1005.2,2026-10-05
AUBANK,2026-09-30,1015.1,995.2,1010.3,2026-10-05
AUBANK,2026-10-01,1009.0,974.2,987.0,2026-10-05
AUROPHARMA,2026-08-20,1635.6,1602.5,1608.0,2026-10-05
AUROPHARMA,2026-08-21,1624.0,1600.0,1621.3,2026-10-05
AUROPHARMA,2026-08-24,1637.9,1604.6,1608.0,2026-10-05
AUROPHARMA,2026-08-25,1623.8,1598.8,1617.8,2026-10-05
AUROPHARMA,2026-08-26,1639.5,1611.2,1623.0,2026-10-05
AUROPHARMA,2026-08-27,1637.0,1605.7,1637.0,2026-10-05
AUROPHARMA,2026-08-28,1656.2,1620.1,1645.3,2026-10-05
AUROPHARMA,2026-08-31,1717.0,1635.1,1717.0,2026-10-05
AUROPHARMA,2026-09-01,1700.1,1671.1,1683.3,2026-10-05
AUROPHARMA,2026-09-02,1695.0,1639.6,1648.2,2026-10-05
AUROPHARMA,2026-09-03,1666.6,1626.6,1637.3,2026-10-05
AUROPHARMA,2026-09-04,1661.5,1622.6,1653.1,2026-10-05
AUROPHARMA,2026-09-07,1668.0,1646.0,1660.0,2026-10-05
AUROPHARMA,2026-09-08,1698.8,1655.0,1692.0,2026-10-05
AUROPHARMA,2026-09-09,1704.0,1672.0,1698.9,2026-10-05
AUROPHARMA,2026-09-10,1693.4,1655.0,1668.4,2026-10-05
AUROPHARMA,2026-09-11,1681.4,1655.5,1679.8,2026-10-05
AUROPHARMA,2026-09-15,1688.0,1642.1,1660.0,2026-10-05
AUROPHARMA,2026-09-16,1657.1,1623.0,1643.0,2026-10-05
AUROPHARMA,2026-09-17,1692.3,1634.0,1690.0,2026-10-05
AUROPHARMA,2026-09-18,1734.0,1676.1,1734.0,2026-10-05
AUROPHARMA,2026-09-21,1738.9,1706.4,1713.4,2026-10-05
AUROPHARMA,2026-09-22,1719.0,1689.3,1700.0,2026-10-05
AUROPHARMA,2026-09-23,1724.7,1692.6,1721.5,2026-10-05
AUROPHARMA,2026-09-24,1740.0,1710.0,1716.0,2026-10-05
AUROPHARMA,2026-09-25,1727.9,1699.5,1712.0,2026-10-05
AUROPHARMA,2026-09-28,1713.4,1686.8,1697.5,2026-10-05
AUROPHARMA,2026-09-29,1713.7,1690.7,1697.7,2026-10-05
AUROPHARMA,2026-09-30,1707.2,1649.3,1672.0,2026-10-05
AUROPHARMA,2026-10-01,1700.7,1654.2,1676.8,2026-10-05
AXISBANK,2026-08-20,1253.9,1236.2,1251.0,2026-10-05
AXISBANK,2026-08-21,1256.4,1240.4,1245.8,2026-10-05
AXISBANK,2026-08-24,1248.7,1231.8,1236.0,2026-10-05
AXISBANK,2026-08-25,1240.5,1229.8,1235.0,2026-10-05
AXISBANK,2026-08-26,1257.7,1238.2,1255.0,2026-10-05
AXISBANK,2026-08-27,1268.7,1251.4,1256.0,2026-10-05
AXISBANK,2026-08-28,1265.4,1248.2,1265.0,2026-10-05
AXISBANK,2026-08-31,1300.0,1251.2,1300.0,2026-10-05
AXISBANK,2026-09-01,1275.1,1255.0,1258.0,2026-10-05
AXISBANK,2026-09-02,1266.9,1250.0,1253.9,2026-10-05
AXISBANK,2026-09-03,1278.9,1260.2,1267.0,2026-10-05
AXISBANK,2026-09-04,1280.7,1262.0,1273.0,2026-10-05
AXISBANK,2026-09-07,1271.9,1261.6,1266.0,2026-10-05
AXISBANK,2026-09-08,1264.9,1239.5,1244.9,2026-10-05
AXISBANK,2026-09-09,1257.4,1234.7,1238.5,2026-10-05
AXISBANK,2026-09-10,1255.2,1240.4,1246.0,2026-10-05
AXISBANK,2026-09-11,1252.8,1229.8,1246.0,2026-10-05
AXISBANK,2026-09-15,1254.0,1219.9,1222.9,2026-10-05
AXISBANK,2026-09-16,1252.5,1223.7,1241.0,2026-10-05
AXISBANK,2026-09-17,1257.6,1233.0,1240.0,2026-10-05
AXISBANK,2026-09-18,1257.0,1240.5,1257.0,2026-10-05
AXISBANK,2026-09-21,1254.3,1242.0,1250.0,2026-10-05
AXISBANK,2026-09-22,1255.6,1240.1,1242.7,2026-10-05
AXISBANK,2026-09-23,1252.0,1238.9,1243.2,2026-10-05
AXISBANK,2026-09-24,1225.2,1175.0,1186.5,2026-10-05
AXISBANK,2026-09-25,1225.0,1191.5,1222.4,2026-10-05
AXISBANK,2026-09-28,1217.8,1205.0,1209.9,2026-10-05
AXISBANK,2026-09-29,1212.1,1190.5,1212.1,2026-10-05
AXISBANK,2026-09-30,1237.1,1201.1,1226.0,2026-10-05
AXISBANK,2026-10-01,1241.6,1215.3,1217.1,2026-10-05
BAJAJ-AUTO,2026-08-20,11793.0,11620.0,11793.0,2026-10-05
BAJAJ-AUTO,2026-08-21,11790.0,11660.0,11700.0,2026-10-05
BAJAJ-AUTO,2026-08-24,11838.0,11711.0,11800.0,2026-10-05
BAJAJ-AUTO,2026-08-25,11927.0,11722.0,11927.0,2026-10-05
BAJAJ-AUTO,2026-08-26,11924.0,11724.0,11724.0,2026-10-05
BAJAJ-AUTO,2026-08-27,11822.0,11618.0,11720.0,2026-10-05
BAJAJ-AUTO,2026-08-28,11974.0,11769.0,11910.0,2026-10-05
BAJAJ-AUTO,2026-08-31,12130.0,11877.0,12130.0,2026-10-05
BAJAJ-AUTO,2026-09-01,12470.0,12090.0,12361.0,2026-10-05
BAJAJ-AUTO,2026-09-02,12275.0,11925.0,12130.0,2026-10-05
BAJAJ-AUTO,2026-09-03,12191.0,11920.0,11920.0,2026-10-05
BAJAJ-AUTO,2026-09-04,12025.0,11873.0,11919.0,2026-10-05
BAJAJ-AUTO,2026-09-07,11860.0,11727.0,11800.0,2026-10-05
BAJAJ-AUTO,2026-09-08,11883.0,11716.0,11880.0,2026-10-05
BAJAJ-AUTO,2026-09-09,11896.0,11740.0,11790.0,2026-10-05
BAJAJ-AUTO,2026-09-10,11820.0,11673.0,11768.0,2026-10-05
BAJAJ-AUTO,2026-09-11,11723.0,11529.0,11678.0,2026-10-05
BAJAJ-AUTO,2026-09-15,11709.0,11416.0,11424.0,2026-10-05
BAJAJ-AUTO,2026-09-16,11596.0,11379.0,11593.0,2026-10-05
BAJAJ-AUTO,2026-09-17,11576.0,11435.0,11500.0,2026-10-05
BAJAJ-AUTO,2026-09-18,11540.0,11406.0,11414.0,2026-10-05
BAJAJ-AUTO,2026-09-21,11533.0,11450.0,11460.0,2026-10-05
BAJAJ-AUTO,2026-09-22,11515.0,11281.0,11363.0,2026-10-05
BAJAJ-AUTO,2026-09-23,11425.0,11293.0,11400.0,2026-10-05
BAJAJ-AUTO,2026-09-24,11383.0,11201.0,11208.0,2026-10-05
BAJAJ-AUTO,2026-09-25,11332.0,11212.0,11281.0,2026-10-05
BAJAJ-AUTO,2026-09-28,11270.0,10953.0,11024.0,2026-10-05
BAJAJ-AUTO,2026-09-29,11020.0,10805.0,10811.0,2026-10-05
BAJAJ-AUTO,2026-09-30,10953.0,10779.0,10874.0,2026-10-05
BAJAJ-AUTO,2026-10-01,10714.0,9900.0,10045.0,2026-10-05
BAJAJFINSV,2026-08-20,2030.1,2013.0,2016.0,2026-10-05
BAJAJFINSV,2026-08-21,2032.5,2005.0,2032.5,2026-10-05
BAJAJFINSV,2026-08-24,2028.6,1995.3,2001.7,2026-10-05
BAJAJFINSV,2026-08-25,2011.7,1985.0,2004.0,2026-10-05
BAJAJFINSV,2026-08-26,2024.9,2005.5,2010.0,2026-10-05
BAJAJFINSV,2026-08-27,2026.6,1997.5,2011.0,2026-10-05
BAJAJFINSV,2026-08-28,2014.7,1982.3,2002.0,2026-10-05
BAJAJFINSV,2026-08-31,2021.0,1968.0,2021.0,2026-10-05
BAJAJFINSV,2026-09-01,2004.1,1960.1,1972.0,2026-10-05
BAJAJFINSV,2026-09-02,1990.0,1939.2,1990.0,2026-10-05
BAJAJFINSV,2026-09-03,1998.0,1970.0,1992.1,2026-10-05
BAJAJFINSV,2026-09-04,1994.2,1970.0,1970.0,2026-10-05
BAJAJFINSV,2026-09-07,1973.0,1938.6,1938.6,2026-10-05
BAJAJFINSV,2026-09-08,1951.9,1933.0,1938.1,2026-10-05
BAJAJFINSV,2026-09-09,1951.9,1921.5,1927.0,2026-10-05
BAJAJFINSV,2026-09-10,1942.7,1921.1,1940.5,2026-10-05
BAJAJFINSV,2026-09-11,1926.0,1895.0,1913.5,2026-10-05
BAJAJFINSV,2026-09-15,1930.6,1855.5,1855.5,2026-10-05
BAJAJFINSV,2026-09-16,1874.8,1832.9,1837.0,2026-10-05
BAJAJFINSV,2026-09-17,1863.0,1832.1,1859.2,2026-10-05
BAJAJFINSV,2026-09-18,1872.6,1852.5,1852.5,2026-10-05
BAJAJFINSV,2026-09-21,1864.0,1849.2,1849.8,2026-10-05
BAJAJFINSV,2026-09-22,1863.0,1823.4,1823.4,2026-10-05
BAJAJFINSV,2026-09-23,1864.8,1825.0,1846.5,2026-10-05
BAJAJFINSV,2026-09-24,1818.0,1760.9,1762.3,2026-10-05
BAJAJFINSV,2026-09-25,1778.1,1755.0,1771.0,2026-10-05
BAJAJFINSV,2026-09-28,1769.0,1739.1,1752.0,2026-10-05
BAJAJFINSV,2026-09-29,1758.8,1730.0,1742.4,2026-10-05
BAJAJFINSV,2026-09-30,1748.0,1702.1,1731.0,2026-10-05
BAJAJFINSV,2026-10-01,1734.9,1703.4,1732.6,2026-10-05
BAJAJHLDNG,2026-08-20,11423.0,11303.0,11368.0,2026-10-05
BAJAJHLDNG,2026-08-21,11410.0,11280.0,11320.0,2026-10-05
BAJAJHLDNG,2026-08-24,11360.0,11050.0,11120.0,2026-10-05
BAJAJHLDNG,2026-08-25,11290.0,10811.0,11290.0,2026-10-05
BAJAJHLDNG,2026-08-26,11540.0,11223.0,11540.0,2026-10-05
BAJAJHLDNG,2026-08-27,11520.0,11331.0,11399.0,2026-10-05
BAJAJHLDNG,2026-08-28,11429.0,11250.0,11340.0,2026-10-05
BAJAJHLDNG,2026-08-31,11644.0,11230.0,11644.0,2026-10-05
BAJAJHLDNG,2026-09-01,11500.0,11282.0,11310.0,2026-10-05
BAJAJHLDNG,2026-09-02,11247.0,11059.0,11100.0,2026-10-05
BAJAJHLDNG,2026-09-03,11260.0,11028.0,11165.0,2026-10-05
BAJAJHLDNG,2026-09-04,11355.0,11100.0,11162.0,2026-10-05
BAJAJHLDNG,2026-09-07,11200.0,10956.0,10956.0,2026-10-05
BAJAJHLDNG,2026-09-08,11124.0,10970.0,11046.0,2026-10-05
BAJAJHLDNG,2026-09-09,11133.0,11001.0,11078.0,2026-10-05
BAJAJHLDNG,2026-09-10,11078.0,10965.0,10992.0,2026-10-05
BAJAJHLDNG,2026-09-11,11146.0,10922.0,11134.0,2026-10-05
BAJAJHLDNG,2026-09-15,11208.0,11060.0,11100.0,2026-10-05
BAJAJHLDNG,2026-09-16,11090.0,10925.0,10930.0,2026-10-05
BAJAJHLDNG,2026-09-17,11066.0,10884.0,11010.0,2026-10-05
BAJAJHLDNG,2026-09-18,11363.0,11070.0,11282.0,2026-10-05
BAJAJHLDNG,2026-09-21,11434.0,11227.0,11409.0,2026-10-05
BAJAJHLDNG,2026-09-22,11389.0,11103.0,11185.0,2026-10-05
BAJAJHLDNG,2026-09-23,11449.0,11195.0,11449.0,2026-10-05
BAJAJHLDNG,2026-09-24,11390.0,10898.0,10917.0,2026-10-05
BAJAJHLDNG,2026-09-25,11027.0,10738.0,10940.0,2026-10-05
BAJAJHLDNG,2026-09-28,10940.0,10791.0,10800.0,2026-10-05
BAJAJHLDNG,2026-09-29,10873.0,10600.0,10600.0,2026-10-05
BAJAJHLDNG,2026-09-30,10805.0,10655.0,10788.0,2026-10-05
BAJAJHLDNG,2026-10-01,10775.0,10415.0,10666.0,2026-10-05
BAJFINANCE,2026-08-20,1102.3,1086.3,1095.0,2026-10-05
BAJFINANCE,2026-08-21,1105.5,1090.6,1095.0,2026-10-05
BAJFINANCE,2026-08-24,1094.9,1076.9,1077.0,2026-10-05
BAJFINANCE,2026-08-25,1087.4,1066.3,1087.4,2026-10-05
BAJFINANCE,2026-08-26,1095.0,1082.4,1085.0,2026-10-05
BAJFINANCE,2026-08-27,1107.0,1083.0,1083.0,2026-10-05
BAJFINANCE,2026-08-28,1081.5,1065.7,1079.9,2026-10-05
BAJFINANCE,2026-08-31,1073.0,1052.0,1057.0,2026-10-05
BAJFINANCE,2026-09-01,1067.0,1047.0,1053.9,2026-10-05
BAJFINANCE,2026-09-02,1061.0,1034.8,1055.9,2026-10-05
BAJFINANCE,2026-09-03,1059.7,1043.2,1049.0,2026-10-05
BAJFINANCE,2026-09-04,1063.6,1049.7,1060.5,2026-10-05
BAJFINANCE,2026-09-07,1070.0,1054.3,1060.0,2026-10-05
BAJFINANCE,2026-09-08,1059.6,1050.0,1054.1,2026-10-05
BAJFINANCE,2026-09-09,1060.1,1038.5,1039.3,2026-10-05
BAJFINANCE,2026-09-10,1048.7,1036.5,1043.5,2026-10-05
BAJFINANCE,2026-09-11,1035.0,1015.1,1034.5,2026-10-05
BAJFINANCE,2026-09-15,1038.6,1005.5,1009.2,2026-10-05
BAJFINANCE,2026-09-16,1019.3,1006.2,1006.2,2026-10-05
BAJFINANCE,2026-09-17,1027.9,1010.0,1015.0,2026-10-05
BAJFINANCE,2026-09-18,1040.3,1019.1,1040.3,2026-10-05
BAJFINANCE,2026-09-21,1037.7,1021.3,1021.3,2026-10-05
BAJFINANCE,2026-09-22,1029.2,1005.0,1008.8,2026-10-05
BAJFINANCE,2026-09-23,1043.2,1022.0,1043.2,2026-10-05
BAJFINANCE,2026-09-24,1015.0,974.0,982.0,2026-10-05
BAJFINANCE,2026-09-25,997.2,980.2,996.9,2026-10-05
BAJFINANCE,2026-09-28,992.3,974.0,985.0,2026-10-05
BAJFINANCE,2026-09-29,979.7,961.4,973.8,2026-10-05
BAJFINANCE,2026-09-30,981.5,955.8,959.4,2026-10-05
BAJFINANCE,2026-10-01,955.95,937.3,948.3,2026-10-05
BANDHANBNK,2026-08-20,175.95,170.1,174.16,2026-10-05
BANDHANBNK,2026-08-21,177.09,174.16,175.1,2026-10-05
BANDHANBNK,2026-08-24,180.74,173.38,173.9,2026-10-05
BANDHANBNK,2026-08-25,175.47,172.45,173.5,2026-10-05
BANDHANBNK,2026-08-26,176.43,172.84,173.5,2026-10-05
BANDHANBNK,2026-08-27,174.5,169.5,169.7,2026-10-05
BANDHANBNK,2026-08-28,170.48,167.8,168.25,2026-10-05
BANDHANBNK,2026-08-31,168.95,163.4,163.5,2026-10-05
BANDHANBNK,2026-09-01,164.65,161.65,162.9,2026-10-05
BANDHANBNK,2026-09-02,162.32,159.24,161.52,2026-10-05
BANDHANBNK,2026-09-03,168.18,162.66,164.23,2026-10-05
BANDHANBNK,2026-09-04,166.74,164.5,164.95,2026-10-05
BANDHANBNK,2026-09-07,166.42,161.67,164.7,2026-10-05
BANDHANBNK,2026-09-08,172.4,163.3,171.58,2026-10-05
BANDHANBNK,2026-09-09,174.96,168.65,171.7,2026-10-05
BANDHANBNK,2026-09-10,174.01,169.41,174.0,2026-10-05
BANDHANBNK,2026-09-11,178.54,170.85,176.52,2026-10-05
BANDHANBNK,2026-09-15,179.11,172.24,172.45,2026-10-05
BANDHANBNK,2026-09-16,173.62,169.33,172.5,2026-10-05
BANDHANBNK,2026-09-17,175.0,170.98,171.5,2026-10-05
BANDHANBNK,2026-09-18,178.3,172.5,175.0,2026-10-05
BANDHANBNK,2026-09-21,181.26,175.63,179.0,2026-10-05
BANDHANBNK,2026-09-22,185.11,179.9,184.7,2026-10-05
BANDHANBNK,2026-09-23,193.0,185.7,191.38,2026-10-05
BANDHANBNK,2026-09-24,189.28,182.62,182.9,2026-10-05
BANDHANBNK,2026-09-25,188.23,182.91,187.7,2026-10-05
BANDHANBNK,2026-09-28,187.0,180.6,181.0,2026-10-05
BANDHANBNK,2026-09-29,185.31,179.3,185.31,2026-10-05
BANDHANBNK,2026-09-30,184.37,177.26,178.23,2026-10-05
BANDHANBNK,2026-10-01,180.93,172.86,176.0,2026-10-05
BANKBARODA,2026-08-20,247.15,244.25,244.5,2026-10-05
BANKBARODA,2026-08-21,247.0,243.5,247.0,2026-10-05
BANKBARODA,2026-08-24,246.12,239.9,241.5,2026-10-05
BANKBARODA,2026-08-25,242.9,239.9,241.0,2026-10-05
BANKBARODA,2026-08-26,245.59,242.0,242.5,2026-10-05
BANKBARODA,2026-08-27,244.62,240.0,241.0,2026-10-05
BANKBARODA,2026-08-28,241.9,239.5,241.9,2026-10-05
BANKBARODA,2026-08-31,241.27,236.3,238.6,2026-10-05
BANKBARODA,2026-09-01,240.2,236.68,237.7,2026-10-05
BANKBARODA,2026-09-02,241.25,235.84,241.2,2026-10-05
BANKBARODA,2026-09-03,244.16,240.16,240.44,2026-10-05
BANKBARODA,2026-09-04,242.37,239.0,239.0,2026-10-05
BANKBARODA,2026-09-07,240.9,235.2,237.0,2026-10-05
BANKBARODA,2026-09-08,237.7,234.54,236.6,2026-10-05
BANKBARODA,2026-09-09,237.15,234.05,234.1,2026-10-05
BANKBARODA,2026-09-10,239.46,234.84,237.62,2026-10-05
BANKBARODA,2026-09-11,238.13,234.3,238.13,2026-10-05
BANKBARODA,2026-09-15,238.51,232.44,232.7,2026-10-05
BANKBARODA,2026-09-16,235.29,232.33,234.98,2026-10-05
BANKBARODA,2026-09-17,236.46,232.1,232.3,2026-10-05
BANKBARODA,2026-09-18,234.94,231.92,234.94,2026-10-05
BANKBARODA,2026-09-21,234.51,232.52,233.64,2026-10-05
BANKBARODA,2026-09-22,234.9,232.71,234.35,2026-10-05
BANKBARODA,2026-09-23,237.7,233.2,236.87,2026-10-05
BANKBARODA,2026-09-24,236.22,233.77,234.3,2026-10-05
BANKBARODA,2026-09-25,236.03,234.12,235.26,2026-10-05
BANKBARODA,2026-09-28,234.99,227.5,227.5,2026-10-05
BANKBARODA,2026-09-29,230.57,223.82,227.68,2026-10-05
BANKBARODA,2026-09-30,235.7,230.29,230.55,2026-10-05
BANKBARODA,2026-10-01,233.99,229.52,230.82,2026-10-05
BANKINDIA,2026-08-20,143.7,141.97,142.8,2026-10-05
BANKINDIA,2026-08-21,143.9,141.93,142.79,2026-10-05
BANKINDIA,2026-08-24,144.12,140.68,142.0,2026-10-05
BANKINDIA,2026-08-25,143.99,140.9,143.99,2026-10-05
BANKINDIA,2026-08-26,147.9,143.99,145.95,2026-10-05
BANKINDIA,2026-08-27,146.45,143.7,144.6,2026-10-05
BANKINDIA,2026-08-28,144.89,142.7,144.0,2026-10-05
BANKINDIA,2026-08-31,143.45,140.65,141.59,2026-10-05
BANKINDIA,2026-09-01,143.65,141.4,142.35,2026-10-05
BANKINDIA,2026-09-02,143.36,140.23,143.1,2026-10-05
BANKINDIA,2026-09-03,146.15,142.5,145.0,2026-10-05
BANKINDIA,2026-09-04,145.8,144.11,145.0,2026-10-05
BANKINDIA,2026-09-07,145.5,141.44,142.02,2026-10-05
BANKINDIA,2026-09-08,142.39,139.73,140.86,2026-10-05
BANKINDIA,2026-09-09,142.45,139.8,141.06,2026-10-05
BANKINDIA,2026-09-10,142.72,140.0,141.0,2026-10-05
BANKINDIA,2026-09-11,140.1,137.26,140.0,2026-10-05
BANKINDIA,2026-09-15,140.41,137.0,137.61,2026-10-05
BANKINDIA,2026-09-16,139.35,136.85,137.81,2026-10-05
BANKINDIA,2026-09-17,141.11,137.9,138.17,2026-10-05
BANKINDIA,2026-09-18,140.0,138.02,140.0,2026-10-05
BANKINDIA,2026-09-21,139.61,138.2,138.63,2026-10-05
BANKINDIA,2026-09-22,138.91,137.01,137.01,2026-10-05
BANKINDIA,2026-09-23,139.74,137.5,139.65,2026-10-05
BANKINDIA,2026-09-24,138.75,137.11,137.76,2026-10-05
BANKINDIA,2026-09-25,138.3,137.12,137.94,2026-10-05
BANKINDIA,2026-09-28,137.5,129.31,129.99,2026-10-05
BANKINDIA,2026-09-29,131.83,128.55,130.11,2026-10-05
BANKINDIA,2026-09-30,132.73,130.24,130.24,2026-10-05
BANKINDIA,2026-10-01,131.11,126.73,129.48,2026-10-05
BDL,2026-08-20,1356.8,1308.2,1317.0,2026-10-05
BDL,2026-08-21,1364.7,1317.0,1359.0,2026-10-05
BDL,2026-08-24,1373.8,1347.7,1368.0,2026-10-05
BDL,2026-08-25,1393.7,1352.0,1359.9,2026-10-05
BDL,2026-08-26,1378.4,1323.3,1363.0,2026-10-05
BDL,2026-08-27,1366.5,1339.1,1348.6,2026-10-05
BDL,2026-08-28,1348.4,1301.0,1306.0,2026-10-05
BDL,2026-08-31,1304.0,1266.6,1275.0,2026-10-05
BDL,2026-09-01,1273.8,1245.2,1250.0,2026-10-05
BDL,2026-09-02,1258.0,1231.0,1253.7,2026-10-05
BDL,2026-09-03,1271.9,1250.0,1257.7,2026-10-05
BDL,2026-09-04,1293.0,1253.0,1255.0,2026-10-05
BDL,2026-09-07,1267.0,1240.0,1241.7,2026-10-05
BDL,2026-09-08,1262.0,1234.3,1242.5,2026-10-05
BDL,2026-09-09,1248.0,1209.5,1218.1,2026-10-05
BDL,2026-09-10,1221.2,1190.0,1195.0,2026-10-05
BDL,2026-09-11,1192.0,1165.0,1190.0,2026-10-05
BDL,2026-09-15,1194.6,1123.0,1135.0,2026-10-05
BDL,2026-09-16,1138.9,1095.0,1136.0,2026-10-05
BDL,2026-09-17,1152.9,1129.2,1151.9,2026-10-05
BDL,2026-09-18,1196.6,1151.0,1196.6,2026-10-05
BDL,2026-09-21,1182.9,1164.3,1175.0,2026-10-05
BDL,2026-09-22,1192.6,1164.0,1168.0,2026-10-05
BDL,2026-09-23,1183.0,1157.3,1161.0,2026-10-05
BDL,2026-09-24,1183.0,1152.1,1155.0,2026-10-05
BDL,2026-09-25,1166.7,1138.3,1140.0,2026-10-05
BDL,2026-09-28,1140.9,1110.3,1115.0,2026-10-05
BDL,2026-09-29,1117.0,1085.1,1085.1,2026-10-05
BDL,2026-09-30,1127.6,1091.0,1110.1,2026-10-05
BDL,2026-10-01,1115.7,1071.2,1087.9,2026-10-05
BEL,2026-08-20,412.2,406.3,409.4,2026-10-05
BEL,2026-08-21,415.95,408.65,414.0,2026-10-05
BEL,2026-08-24,414.6,405.55,409.0,2026-10-05
BEL,2026-08-25,413.25,405.95,413.25,2026-10-05
BEL,2026-08-26,412.3,406.9,406.9,2026-10-05
BEL,2026-08-27,412.9,408.0,411.0,2026-10-05
BEL,2026-08-28,411.9,407.25,411.9,2026-10-05
BEL,2026-08-31,414.45,406.3,414.45,2026-10-05
BEL,2026-09-01,414.45,409.35,411.2,2026-10-05
BEL,2026-09-02,408.0,402.9,405.75,2026-10-05
BEL,2026-09-03,410.3,405.15,408.6,2026-10-05
BEL,2026-09-04,413.1,405.35,405.35,2026-10-05
BEL,2026-09-07,409.25,404.0,404.0,2026-10-05
BEL,2026-09-08,416.0,406.5,410.55,2026-10-05
BEL,2026-09-09,413.85,406.0,406.0,2026-10-05
BEL,2026-09-10,407.2,402.0,405.0,2026-10-05
BEL,2026-09-11,405.4,399.25,404.35,2026-10-05
BEL,2026-09-15,403.65,382.9,382.9,2026-10-05
BEL,2026-09-16,390.2,382.1,385.75,2026-10-05
BEL,2026-09-17,395.9,387.0,395.45,2026-10-05
BEL,2026-09-18,399.2,393.3,393.3,2026-10-05
BEL,2026-09-21,399.15,393.1,398.5,2026-10-05
BEL,2026-09-22,400.65,395.8,397.9,2026-10-05
BEL,2026-09-23,399.5,395.6,396.05,2026-10-05
BEL,2026-09-24,398.05,392.0,392.0,2026-10-05
BEL,2026-09-25,394.55,388.6,393.55,2026-10-05
BEL,2026-09-28,393.45,384.1,385.5,2026-10-05
BEL,2026-09-29,388.0,382.2,387.75,2026-10-05
BEL,2026-09-30,391.0,385.0,388.3,2026-10-05
BEL,2026-10-01,386.15,378.65,383.1,2026-10-05
BHARATFORG,2026-08-20,2084.0,2045.2,2062.0,2026-10-05
BHARATFORG,2026-08-21,2072.0,2021.3,2063.0,2026-10-05
BHARATFORG,2026-08-24,2067.2,2036.9,2041.0,2026-10-05
BHARATFORG,2026-08-25,2052.5,2026.0,2052.5,2026-10-05
BHARATFORG,2026-08-26,2052.5,2005.0,2005.0,2026-10-05
BHARATFORG,2026-08-27,2050.0,2006.0,2050.0,2026-10-05
BHARATFORG,2026-08-28,2048.1,2005.4,2037.7,2026-10-05
BHARATFORG,2026-08-31,2104.9,2012.0,2104.9,2026-10-05
BHARATFORG,2026-09-01,2076.1,2040.0,2052.2,2026-10-05
BHARATFORG,2026-09-02,2046.1,2006.3,2031.8,2026-10-05
BHARATFORG,2026-09-03,2033.0,1978.3,1981.0,2026-10-05
BHARATFORG,2026-09-04,1997.6,1951.0,1956.0,2026-10-05
BHARATFORG,2026-09-07,1955.9,1927.3,1955.0,2026-10-05
BHARATFORG,2026-09-08,2027.5,1930.5,2003.7,2026-10-05
BHARATFORG,2026-09-09,2005.0,1970.5,1979.6,2026-10-05
BHARATFORG,2026-09-10,1981.0,1941.5,1954.9,2026-10-05
BHARATFORG,2026-09-11,1947.9,1908.6,1944.9,2026-10-05
BHARATFORG,2026-09-15,1950.0,1869.1,1877.2,2026-10-05
BHARATFORG,2026-09-16,1897.6,1850.4,1885.0,2026-10-05
BHARATFORG,2026-09-17,1941.0,1878.0,1918.7,2026-10-05
BHARATFORG,2026-09-18,1994.9,1940.1,1962.1,2026-10-05
BHARATFORG,2026-09-21,1981.8,1942.2,1968.9,2026-10-05
BHARATFORG,2026-09-22,2010.0,1965.0,2009.0,2026-10-05
BHARATFORG,2026-09-23,2016.0,1982.5,2004.0,2026-10-05
BHARATFORG,2026-09-24,2023.2,1965.0,1998.9,2026-10-05
BHARATFORG,2026-09-25,2009.1,1982.0,2008.0,2026-10-05
BHARATFORG,2026-09-28,1994.5,1951.2,1957.0,2026-10-05
BHARATFORG,2026-09-29,1958.0,1917.0,1942.0,2026-10-05
BHARATFORG,2026-09-30,1944.9,1891.6,1926.0,2026-10-05
BHARATFORG,2026-10-01,1915.9,1845.2,1875.0,2026-10-05
BHARTIARTL,2026-08-20,1952.2,1933.0,1941.7,2026-10-05
BHARTIARTL,2026-08-21,1954.9,1940.5,1946.0,2026-10-05
BHARTIARTL,2026-08-24,1952.5,1932.5,1935.0,2026-10-05
BHARTIARTL,2026-08-25,1947.0,1923.4,1947.0,2026-10-05
BHARTIARTL,2026-08-26,1942.9,1902.1,1902.1,2026-10-05
BHARTIARTL,2026-08-27,1915.0,1878.3,1878.3,2026-10-05
BHARTIARTL,2026-08-28,1894.3,1867.6,1882.4,2026-10-05
BHARTIARTL,2026-08-31,1895.5,1811.9,1811.9,2026-10-05
BHARTIARTL,2026-09-01,1877.2,1848.5,1877.2,2026-10-05
BHARTIARTL,2026-09-02,1873.0,1854.9,1862.8,2026-10-05
BHARTIARTL,2026-09-03,1869.0,1855.6,1869.0,2026-10-05
BHARTIARTL,2026-09-04,1870.7,1840.0,1840.0,2026-10-05
BHARTIARTL,2026-09-07,1855.5,1830.4,1854.0,2026-10-05
BHARTIARTL,2026-09-08,1848.8,1829.0,1844.0,2026-10-05
BHARTIARTL,2026-09-09,1834.8,1813.0,1814.7,2026-10-05
BHARTIARTL,2026-09-10,1849.0,1814.0,1839.0,2026-10-05
BHARTIARTL,2026-09-11,1852.0,1830.5,1831.1,2026-10-05
BHARTIARTL,2026-09-15,1844.0,1819.6,1830.4,2026-10-05
BHARTIARTL,2026-09-16,1838.0,1818.6,1835.0,2026-10-05
BHARTIARTL,2026-09-17,1845.9,1827.6,1836.0,2026-10-05
BHARTIARTL,2026-09-18,1893.3,1835.3,1893.3,2026-10-05
BHARTIARTL,2026-09-21,1854.8,1822.0,1830.2,2026-10-05
BHARTIARTL,2026-09-22,1836.3,1813.0,1817.2,2026-10-05
BHARTIARTL,2026-09-23,1836.7,1818.0,1833.2,2026-10-05
BHARTIARTL,2026-09-24,1829.9,1795.8,1795.8,2026-10-05
BHARTIARTL,2026-09-25,1801.7,1785.0,1785.4,2026-10-05
BHARTIARTL,2026-09-28,1784.3,1763.7,1771.4,2026-10-05
BHARTIARTL,2026-09-29,1787.5,1762.0,1771.2,2026-10-05
BHARTIARTL,2026-09-30,1779.5,1753.7,1757.0,2026-10-05
BHARTIARTL,2026-10-01,1765.8,1726.3,1741.1,2026-10-05
BHEL,2026-08-20,423.75,412.4,413.5,2026-10-05
BHEL,2026-08-21,416.65,409.1,413.0,2026-10-05
BHEL,2026-08-24,413.8,409.2,411.4,2026-10-05
BHEL,2026-08-25,417.0,408.15,417.0,2026-10-05
BHEL,2026-08-26,421.0,415.5,415.5,2026-10-05
BHEL,2026-08-27,438.2,416.0,433.95,2026-10-05
BHEL,2026-08-28,436.65,427.0,430.85,2026-10-05
BHEL,2026-08-31,442.65,424.05,442.65,2026-10-05
BHEL,2026-09-01,437.25,423.2,426.55,2026-10-05
BHEL,2026-09-02,427.5,417.35,427.5,2026-10-05
BHEL,2026-09-03,432.7,424.05,431.8,2026-10-05
BHEL,2026-09-04,439.2,429.2,431.1,2026-10-05
BHEL,2026-09-07,434.95,418.55,421.45,2026-10-05
BHEL,2026-09-08,426.7,419.85,422.15,2026-10-05
BHEL,2026-09-09,436.0,421.65,433.7,2026-10-05
BHEL,2026-09-10,435.45,427.05,429.5,2026-10-05
BHEL,2026-09-11,433.0,418.2,431.0,2026-10-05
BHEL,2026-09-15,432.0,412.85,412.85,2026-10-05
BHEL,2026-09-16,417.4,406.0,410.6,2026-10-05
BHEL,2026-09-17,430.75,410.8,429.2,2026-10-05
BHEL,2026-09-18,439.9,427.25,439.9,2026-10-05
BHEL,2026-09-21,438.3,430.2,433.4,2026-10-05
BHEL,2026-09-22,439.7,424.65,425.8,2026-10-05
BHEL,2026-09-23,430.0,419.05,423.1,2026-10-05
BHEL,2026-09-24,422.65,415.35,415.35,2026-10-05
BHEL,2026-09-25,423.0,411.8,418.95,2026-10-05
BHEL,2026-09-28,416.85,407.25,411.9,2026-10-05
BHEL,2026-09-29,414.9,402.6,413.35,2026-10-05
BHEL,2026-09-30,421.8,411.7,415.5,2026-10-05
BHEL,2026-10-01,428.15,411.35,421.0,2026-10-05
BIOCON,2026-08-20,415.95,411.0,412.5,2026-10-05
BIOCON,2026-08-21,416.0,411.0,415.55,2026-10-05
BIOCON,2026-08-24,414.55,409.0,409.4,2026-10-05
BIOCON,2026-08-25,417.2,407.0,417.2,2026-10-05
BIOCON,2026-08-26,419.45,414.75,417.5,2026-10-05
BIOCON,2026-08-27,421.6,415.0,418.4,2026-10-05
BIOCON,2026-08-28,418.65,410.0,411.1,2026-10-05
BIOCON,2026-08-31,412.2,401.65,412.0,2026-10-05
BIOCON,2026-09-01,407.95,400.35,401.05,2026-10-05
BIOCON,2026-09-02,402.4,397.9,401.0,2026-10-05
BIOCON,2026-09-03,405.7,400.6,402.0,2026-10-05
BIOCON,2026-09-04,404.9,396.2,397.4,2026-10-05
BIOCON,2026-09-07,397.35,388.65,391.4,2026-10-05
BIOCON,2026-09-08,399.9,390.9,392.3,2026-10-05
BIOCON,2026-09-09,403.95,393.0,395.0,2026-10-05
BIOCON,2026-09-10,397.95,388.45,391.65,2026-10-05
BIOCON,2026-09-11,396.85,384.65,390.65,2026-10-05
BIOCON,2026-09-15,392.05,381.0,382.0,2026-10-05
BIOCON,2026-09-16,383.5,373.5,374.4,2026-10-05
BIOCON,2026-09-17,382.0,370.5,380.0,2026-10-05
BIOCON,2026-09-18,388.0,379.3,385.0,2026-10-05
BIOCON,2026-09-21,396.15,387.6,395.0,2026-10-05
BIOCON,2026-09-22,396.25,389.0,390.0,2026-10-05
BIOCON,2026-09-23,397.2,388.6,395.0,2026-10-05
BIOCON,2026-09-24,394.8,384.9,387.0,2026-10-05
BIOCON,2026-09-25,388.7,380.5,382.15,2026-10-05
BIOCON,2026-09-28,381.15,374.05,374.9,2026-10-05
BIOCON,2026-09-29,379.95,373.25,377.0,2026-10-05
BIOCON,2026-09-30,381.2,370.3,370.3,2026-10-05
BIOCON,2026-10-01,374.25,363.6,370.7,2026-10-05
BLUESTARCO,2026-08-20,1526.0,1490.5,1510.0,2026-10-05
BLUESTARCO,2026-08-21,1525.2,1504.1,1511.9,2026-10-05
BLUESTARCO,2026-08-24,1517.5,1499.8,1504.0,2026-10-05
BLUESTARCO,2026-08-25,1516.0,1493.7,1515.0,2026-10-05
BLUESTARCO,2026-08-26,1514.9,1485.0,1485.0,2026-10-05
BLUESTARCO,2026-08-27,1509.9,1487.2,1497.0,2026-10-05
BLUESTARCO,2026-08-28,1494.0,1472.9,1480.0,2026-10-05
BLUESTARCO,2026-08-31,1490.9,1460.0,1463.8,2026-10-05
BLUESTARCO,2026-09-01,1499.0,1457.0,1490.9,2026-10-05
BLUESTARCO,2026-09-02,1491.0,1432.5,1445.3,2026-10-05
BLUESTARCO,2026-09-03,1508.9,1455.3,1485.7,2026-10-05
BLUESTARCO,2026-09-04,1514.7,1475.0,1484.0,2026-10-05
BLUESTARCO,2026-09-07,1503.3,1476.4,1496.0,2026-10-05
BLUESTARCO,2026-09-08,1492.7,1442.1,1460.9,2026-10-05
BLUESTARCO,2026-09-09,1470.5,1432.3,1456.9,2026-10-05
BLUESTARCO,2026-09-10,1518.5,1450.0,1514.0,2026-10-05
BLUESTARCO,2026-09-11,1565.1,1489.0,1558.0,2026-10-05
BLUESTARCO,2026-09-15,1562.8,1475.3,1483.0,2026-10-05
BLUESTARCO,2026-09-16,1515.0,1472.0,1504.0,2026-10-05
BLUESTARCO,2026-09-17,1558.0,1492.0,1553.0,2026-10-05
BLUESTARCO,2026-09-18,1571.5,1531.8,1531.8,2026-10-05
BLUESTARCO,2026-09-21,1580.0,1535.5,1565.0,2026-10-05
BLUESTARCO,2026-09-22,1572.2,1519.5,1525.0,2026-10-05
BLUESTARCO,2026-09-23,1547.9,1526.2,1532.6,2026-10-05
BLUESTARCO,2026-09-24,1545.6,1514.1,1525.0,2026-10-05
BLUESTARCO,2026-09-25,1570.6,1503.0,1565.0,2026-10-05
BLUESTARCO,2026-09-28,1593.5,1562.3,1575.4,2026-10-05
BLUESTARCO,2026-09-29,1578.5,1526.9,1529.5,2026-10-05
BLUESTARCO,2026-09-30,1541.1,1502.1,1518.0,2026-10-05
BLUESTARCO,2026-10-01,1517.0,1444.0,1459.6,2026-10-05
BOSCHLTD,2026-08-20,48750.0,47900.0,48750.0,2026-10-05
BOSCHLTD,2026-08-21,48635.0,48060.0,48200.0,2026-10-05
BOSCHLTD,2026-08-24,48595.0,47785.0,48100.0,2026-10-05
BOSCHLTD,2026-08-25,48680.0,47790.0,48680.0,2026-10-05
BOSCHLTD,2026-08-26,49190.0,48310.0,48895.0,2026-10-05
BOSCHLTD,2026-08-27,48945.0,48460.0,48780.0,2026-10-05
BOSCHLTD,2026-08-28,48930.0,48020.0,48640.0,2026-10-05
BOSCHLTD,2026-08-31,50000.0,48360.0,50000.0,2026-10-05
BOSCHLTD,2026-09-01,49400.0,47805.0,48550.0,2026-10-05
BOSCHLTD,2026-09-02,48090.0,46410.0,47250.0,2026-10-05
BOSCHLTD,2026-09-03,47480.0,46720.0,47000.0,2026-10-05
BOSCHLTD,2026-09-04,47200.0,46660.0,46820.0,2026-10-05
BOSCHLTD,2026-09-07,48550.0,46535.0,48025.0,2026-10-05
BOSCHLTD,2026-09-08,48955.0,48100.0,48785.0,2026-10-05
BOSCHLTD,2026-09-09,49100.0,48360.0,49100.0,2026-10-05
BOSCHLTD,2026-09-10,49080.0,48480.0,48775.0,2026-10-05
BOSCHLTD,2026-09-11,48960.0,48080.0,48385.0,2026-10-05
BOSCHLTD,2026-09-15,48725.0,47070.0,47070.0,2026-10-05
BOSCHLTD,2026-09-16,48325.0,46850.0,47555.0,2026-10-05
BOSCHLTD,2026-09-17,48160.0,47595.0,47735.0,2026-10-05
BOSCHLTD,2026-09-18,48650.0,47000.0,47000.0,2026-10-05
BOSCHLTD,2026-09-21,48180.0,47460.0,47565.0,2026-10-05
BOSCHLTD,2026-09-22,48290.0,47530.0,48290.0,2026-10-05
BOSCHLTD,2026-09-23,48330.0,47585.0,47955.0,2026-10-05
BOSCHLTD,2026-09-24,48080.0,47145.0,47750.0,2026-10-05
BOSCHLTD,2026-09-25,48445.0,47700.0,48250.0,2026-10-05
BOSCHLTD,2026-09-28,48010.0,46910.0,47020.0,2026-10-05
BOSCHLTD,2026-09-29,47240.0,45700.0,45700.0,2026-10-05
BOSCHLTD,2026-09-30,47545.0,45960.0,47100.0,2026-10-05
BOSCHLTD,2026-10-01,46995.0,44410.0,45480.0,2026-10-05
BPCL,2026-08-20,311.0,304.8,308.7,2026-10-05
BPCL,2026-08-21,314.2,307.2,311.0,2026-10-05
BPCL,2026-08-24,316.1,310.0,311.9,2026-10-05
BPCL,2026-08-25,319.75,311.1,318.1,2026-10-05
BPCL,2026-08-26,326.35,318.0,318.0,2026-10-05
BPCL,2026-08-27,320.85,315.0,318.0,2026-10-05
BPCL,2026-08-28,319.9,316.0,319.25,2026-10-05
BPCL,2026-08-31,324.05,310.8,324.05,2026-10-05
BPCL,2026-09-01,319.7,313.0,317.65,2026-10-05
BPCL,2026-09-02,319.6,312.1,319.6,2026-10-05
BPCL,2026-09-03,321.95,317.2,320.05,2026-10-05
BPCL,2026-09-04,320.65,315.7,315.7,2026-10-05
BPCL,2026-09-07,316.7,311.2,312.9,2026-10-05
BPCL,2026-09-08,314.25,301.4,303.85,2026-10-05
BPCL,2026-09-09,306.5,298.65,303.55,2026-10-05
BPCL,2026-09-10,306.1,301.75,303.0,2026-10-05
BPCL,2026-09-11,306.45,296.0,304.5,2026-10-05
BPCL,2026-09-15,308.15,298.65,298.65,2026-10-05
BPCL,2026-09-16,304.0,298.1,303.35,2026-10-05
BPCL,2026-09-17,308.0,303.15,307.0,2026-10-05
BPCL,2026-09-18,314.2,308.25,314.0,2026-10-05
BPCL,2026-09-21,315.95,310.85,312.75,2026-10-05
BPCL,2026-09-22,318.2,308.15,313.6,2026-10-05
BPCL,2026-09-23,315.9,312.55,315.75,2026-10-05
BPCL,2026-09-24,313.95,306.7,307.1,2026-10-05
BPCL,2026-09-25,309.4,305.8,308.5,2026-10-05
BPCL,2026-09-28,308.5,301.0,302.25,2026-10-05
BPCL,2026-09-29,303.45,296.5,299.35,2026-10-05
BPCL,2026-09-30,308.25,301.1,303.2,2026-10-05
BPCL,2026-10-01,305.05,297.1,300.6,2026-10-05
BRITANNIA,2026-08-20,5555.0,5454.5,5548.0,2026-10-05
BRITANNIA,2026-08-21,5533.0,5342.0,5365.0,2026-10-05
BRITANNIA,2026-08-24,5385.0,5285.0,5311.0,2026-10-05
BRITANNIA,2026-08-25,5382.5,5286.0,5382.5,2026-10-05
BRITANNIA,2026-08-26,5388.5,5310.0,5310.0,2026-10-05
BRITANNIA,2026-08-27,5360.5,5277.5,5298.0,2026-10-05
BRITANNIA,2026-08-28,5355.0,5276.5,5308.5,2026-10-05
BRITANNIA,2026-08-31,5302.0,5216.0,5250.0,2026-10-05
BRITANNIA,2026-09-01,5256.0,5145.5,5187.0,2026-10-05
BRITANNIA,2026-09-02,5172.0,5046.0,5154.0,2026-10-05
BRITANNIA,2026-09-03,5146.0,5079.0,5130.0,2026-10-05
BRITANNIA,2026-09-04,5160.5,5089.5,5101.5,2026-10-05
BRITANNIA,2026-09-07,5126.0,5005.5,5042.5,2026-10-05
BRITANNIA,2026-09-08,5091.5,5012.0,5064.0,2026-10-05
BRITANNIA,2026-09-09,5113.0,5023.0,5090.0,2026-10-05
BRITANNIA,2026-09-10,5108.0,4997.0,5009.0,2026-10-05
BRITANNIA,2026-09-11,5012.5,4945.0,4962.0,2026-10-05
BRITANNIA,2026-09-15,5022.5,4947.5,4947.5,2026-10-05
BRITANNIA,2026-09-16,5036.5,4933.0,4999.5,2026-10-05
BRITANNIA,2026-09-17,5040.0,4982.0,4982.0,2026-10-05
BRITANNIA,2026-09-18,5026.5,4968.0,4998.0,2026-10-05
BRITANNIA,2026-09-21,5030.5,4991.5,5023.0,2026-10-05
BRITANNIA,2026-09-22,5030.0,4915.0,4918.0,2026-10-05
BRITANNIA,2026-09-23,4965.0,4905.0,4929.0,2026-10-05
BRITANNIA,2026-09-24,4959.5,4885.0,4895.0,2026-10-05
BRITANNIA,2026-09-25,4939.5,4883.0,4937.5,2026-10-05
BRITANNIA,2026-09-28,4933.0,4869.0,4915.0,2026-10-05
BRITANNIA,2026-09-29,4907.5,4798.0,4835.0,2026-10-05
BRITANNIA,2026-09-30,4830.5,4758.0,4830.0,2026-10-05
BRITANNIA,2026-10-01,4812.3,4737.0,4778.0,2026-10-05
BSE,2026-08-20,3412.0,3280.0,3291.1,2026-10-05
BSE,2026-08-21,3285.0,3223.0,3241.0,2026-10-05
BSE,2026-08-24,3346.5,3242.5,3312.7,2026-10-05
BSE,2026-08-25,3324.0,3285.3,3303.0,2026-10-05
BSE,2026-08-26,3392.1,3309.0,3325.6,2026-10-05
BSE,2026-08-27,3386.6,3312.1,3328.0,2026-10-05
BSE,2026-08-28,3410.0,3303.0,3405.0,2026-10-05
BSE,2026-08-31,3408.0,3216.3,3282.0,2026-10-05
BSE,2026-09-01,3305.0,3220.5,3242.0,2026-10-05
BSE,2026-09-02,3265.0,3131.5,3168.0,2026-10-05
BSE,2026-09-03,3316.5,3198.9,3306.1,2026-10-05
BSE,2026-09-04,3474.0,3391.7,3409.8,2026-10-05
BSE,2026-09-07,3474.5,3420.0,3446.2,2026-10-05
BSE,2026-09-08,3442.2,3362.0,3394.0,2026-10-05
BSE,2026-09-09,3319.9,3268.2,3289.8,2026-10-05
BSE,2026-09-10,3312.0,3261.0,3306.0,2026-10-05
BSE,2026-09-11,3394.4,3193.2,3384.0,2026-10-05
BSE,2026-09-15,3452.7,3295.0,3310.0,2026-10-05
BSE,2026-09-16,3317.0,3225.0,3240.0,2026-10-05
BSE,2026-09-17,3303.0,3232.2,3259.0,2026-10-05
BSE,2026-09-18,3296.0,3241.0,3266.4,2026-10-05
BSE,2026-09-21,3258.0,3085.1,3161.0,2026-10-05
BSE,2026-09-22,3254.0,3170.8,3235.0,2026-10-05
BSE,2026-09-23,3280.0,3214.2,3270.7,2026-10-05
BSE,2026-09-24,3308.0,3175.0,3183.8,2026-10-05
BSE,2026-09-25,3209.7,3155.3,3191.5,2026-10-05
BSE,2026-09-28,3180.0,3075.1,3097.5,2026-10-05
BSE,2026-09-29,3200.0,3100.0,3200.0,2026-10-05
BSE,2026-09-30,3149.0,3075.0,3092.0,2026-10-05
BSE,2026-10-01,3139.0,3000.0,3046.0,2026-10-05
CAMS,2026-08-20,761.0,747.75,749.25,2026-10-05
CAMS,2026-08-21,759.5,747.0,753.0,2026-10-05
CAMS,2026-08-24,760.0,750.25,752.0,2026-10-05
CAMS,2026-08-25,752.75,742.3,749.95,2026-10-05
CAMS,2026-08-26,757.65,746.0,746.0,2026-10-05
CAMS,2026-08-27,753.0,740.2,740.9,2026-10-05
CAMS,2026-08-28,762.0,739.0,762.0,2026-10-05
CAMS,2026-08-31,786.4,750.0,782.0,2026-10-05
CAMS,2026-09-01,783.0,750.25,752.0,2026-10-05
CAMS,2026-09-02,752.0,730.55,741.85,2026-10-05
CAMS,2026-09-03,752.15,737.0,747.4,2026-10-05
CAMS,2026-09-04,757.75,746.05,748.8,2026-10-05
CAMS,2026-09-07,748.8,736.5,736.5,2026-10-05
CAMS,2026-09-08,739.0,728.7,729.5,2026-10-05
CAMS,2026-09-09,730.0,711.2,715.0,2026-10-05
CAMS,2026-09-10,722.4,681.0,712.0,2026-10-05
CAMS,2026-09-11,713.05,694.6,711.0,2026-10-05
CAMS,2026-09-15,732.6,708.05,717.35,2026-10-05
CAMS,2026-09-16,718.25,700.15,705.7,2026-10-05
CAMS,2026-09-17,718.8,704.5,714.95,2026-10-05
CAMS,2026-09-18,723.6,708.05,708.05,2026-10-05
CAMS,2026-09-21,716.15,703.25,703.85,2026-10-05
CAMS,2026-09-22,714.5,704.0,704.0,2026-10-05
CAMS,2026-09-23,725.05,706.0,723.9,2026-10-05
CAMS,2026-09-24,725.0,705.0,710.6,2026-10-05
CAMS,2026-09-25,714.9,703.5,707.35,2026-10-05
CAMS,2026-09-28,709.3,690.2,691.55,2026-10-05
CAMS,2026-09-29,689.95,665.05,666.0,2026-10-05
CAMS,2026-09-30,679.95,666.0,671.0,2026-10-05
CAMS,2026-10-01,682.0,665.45,677.25,2026-10-05
CANBK,2026-08-20,130.49,129.05,129.6,2026-10-05
CANBK,2026-08-21,129.96,128.5,129.96,2026-10-05
CANBK,2026-08-24,129.87,126.8,127.3,2026-10-05
CANBK,2026-08-25,128.81,126.25,128.81,2026-10-05
CANBK,2026-08-26,130.9,128.5,129.45,2026-10-05
CANBK,2026-08-27,131.43,127.7,128.14,2026-10-05
CANBK,2026-08-28,129.06,127.25,128.35,2026-10-05
CANBK,2026-08-31,127.69,125.5,126.9,2026-10-05
CANBK,2026-09-01,127.07,125.16,125.6,2026-10-05
CANBK,2026-09-02,126.99,124.38,126.3,2026-10-05
CANBK,2026-09-03,128.69,125.71,125.8,2026-10-05
CANBK,2026-09-04,127.3,125.5,125.5,2026-10-05
CANBK,2026-09-07,126.35,124.0,124.0,2026-10-05
CANBK,2026-09-08,124.84,123.85,124.68,2026-10-05
CANBK,2026-09-09,125.38,124.04,124.08,2026-10-05
CANBK,2026-09-10,127.6,123.7,124.6,2026-10-05
CANBK,2026-09-11,124.06,122.65,124.0,2026-10-05
CANBK,2026-09-15,124.48,122.05,122.37,2026-10-05
CANBK,2026-09-16,123.7,121.81,123.2,2026-10-05
CANBK,2026-09-17,125.14,122.48,123.9,2026-10-05
CANBK,2026-09-18,123.89,123.01,123.78,2026-10-05
CANBK,2026-09-21,123.99,122.95,123.7,2026-10-05
CANBK,2026-09-22,124.69,122.8,122.9,2026-10-05
CANBK,2026-09-23,126.3,123.17,126.0,2026-10-05
CANBK,2026-09-24,126.2,124.57,125.9,2026-10-05
CANBK,2026-09-25,126.7,124.8,124.99,2026-10-05
CANBK,2026-09-28,124.68,120.26,120.65,2026-10-05
CANBK,2026-09-29,120.34,118.03,119.51,2026-10-05
CANBK,2026-09-30,121.48,119.44,119.44,2026-10-05
CANBK,2026-10-01,120.13,116.51,118.36,2026-10-05
CDSL,2026-08-20,1358.0,1330.1,1345.9,2026-10-05
CDSL,2026-08-21,1401.8,1345.9,1388.9,2026-10-05
CDSL,2026-08-24,1412.5,1379.6,1385.1,2026-10-05
CDSL,2026-08-25,1400.2,1375.2,1394.8,2026-10-05
CDSL,2026-08-26,1444.8,1395.0,1434.0,2026-10-05
CDSL,2026-08-27,1445.0,1405.1,1410.8,2026-10-05
CDSL,2026-08-28,1417.3,1397.0,1414.7,2026-10-05
CDSL,2026-08-31,1413.9,1382.7,1402.5,2026-10-05
CDSL,2026-09-01,1407.4,1376.0,1391.0,2026-10-05
CDSL,2026-09-02,1379.7,1355.9,1365.2,2026-10-05
CDSL,2026-09-03,1397.3,1367.0,1394.0,2026-10-05
CDSL,2026-09-04,1417.9,1391.6,1394.6,2026-10-05
CDSL,2026-09-07,1438.0,1383.8,1414.9,2026-10-05
CDSL,2026-09-08,1417.0,1395.0,1400.0,2026-10-05
CDSL,2026-09-09,1393.0,1360.0,1368.6,2026-10-05
CDSL,2026-09-10,1372.9,1352.0,1355.0,2026-10-05
CDSL,2026-09-11,1360.0,1315.5,1360.0,2026-10-05
CDSL,2026-09-15,1361.3,1302.5,1311.0,2026-10-05
CDSL,2026-09-16,1319.9,1284.0,1299.0,2026-10-05
CDSL,2026-09-17,1357.5,1296.3,1349.4,2026-10-05
CDSL,2026-09-18,1390.0,1346.5,1390.0,2026-10-05
CDSL,2026-09-21,1394.4,1353.3,1361.0,2026-10-05
CDSL,2026-09-22,1374.0,1342.5,1348.0,2026-10-05
CDSL,2026-09-23,1359.5,1347.2,1351.1,2026-10-05
CDSL,2026-09-24,1347.3,1318.1,1320.0,2026-10-05
CDSL,2026-09-25,1337.4,1313.0,1318.0,2026-10-05
CDSL,2026-09-28,1318.0,1286.3,1289.0,2026-10-05
CDSL,2026-09-29,1290.0,1261.3,1261.9,2026-10-05
CDSL,2026-09-30,1286.5,1262.5,1264.0,2026-10-05
CDSL,2026-10-01,1274.6,1223.9,1242.5,2026-10-05
CGPOWER,2026-08-20,876.3,862.65,876.3,2026-10-05
CGPOWER,2026-08-21,880.95,865.0,867.0,2026-10-05
CGPOWER,2026-08-24,877.5,865.35,877.5,2026-10-05
CGPOWER,2026-08-25,882.5,867.0,878.5,2026-10-05
CGPOWER,2026-08-26,882.5,865.05,865.05,2026-10-05
CGPOWER,2026-08-27,898.75,870.2,897.9,2026-10-05
CGPOWER,2026-08-28,896.45,878.2,889.0,2026-10-05
CGPOWER,2026-08-31,916.0,875.0,916.0,2026-10-05
CGPOWER,2026-09-01,903.55,881.6,885.5,2026-10-05
CGPOWER,2026-09-02,881.4,870.0,877.75,2026-10-05
CGPOWER,2026-09-03,900.65,875.4,895.0,2026-10-05
CGPOWER,2026-09-04,899.8,888.05,891.0,2026-10-05
CGPOWER,2026-09-07,912.05,894.25,895.0,2026-10-05
CGPOWER,2026-09-08,915.0,892.0,910.7,2026-10-05
CGPOWER,2026-09-09,930.55,910.0,926.95,2026-10-05
CGPOWER,2026-09-10,931.0,905.0,914.55,2026-10-05
CGPOWER,2026-09-11,912.5,889.0,909.0,2026-10-05
CGPOWER,2026-09-15,911.3,858.0,858.0,2026-10-05
CGPOWER,2026-09-16,864.2,838.55,851.55,2026-10-05
CGPOWER,2026-09-17,883.4,856.3,880.0,2026-10-05
CGPOWER,2026-09-18,911.0,881.3,892.0,2026-10-05
CGPOWER,2026-09-21,919.75,903.0,910.0,2026-10-05
CGPOWER,2026-09-22,926.1,896.1,896.1,2026-10-05
CGPOWER,2026-09-23,906.8,890.5,895.0,2026-10-05
CGPOWER,2026-09-24,896.4,877.1,886.7,2026-10-05
CGPOWER,2026-09-25,895.9,877.5,886.0,2026-10-05
CGPOWER,2026-09-28,885.95,863.3,865.0,2026-10-05
CGPOWER,2026-09-29,873.0,855.0,858.05,2026-10-05
CGPOWER,2026-09-30,876.8,854.2,854.2,2026-10-05
CGPOWER,2026-10-01,889.9,859.6,879.0,2026-10-05
CHOLAFIN,2026-08-20,1907.0,1877.2,1888.9,2026-10-05
CHOLAFIN,2026-08-21,1890.1,1855.0,1862.9,2026-10-05
CHOLAFIN,2026-08-24,1868.7,1833.1,1846.7,2026-10-05
CHOLAFIN,2026-08-25,1873.0,1821.1,1873.0,2026-10-05
CHOLAFIN,2026-08-26,1925.0,1868.1,1868.1,2026-10-05
CHOLAFIN,2026-08-27,1891.7,1860.8,1875.4,2026-10-05
CHOLAFIN,2026-08-28,1878.0,1845.0,1862.9,2026-10-05
CHOLAFIN,2026-08-31,1857.4,1807.5,1857.4,2026-10-05
CHOLAFIN,2026-09-01,1851.5,1794.1,1814.7,2026-10-05
CHOLAFIN,2026-09-02,1825.9,1773.5,1825.9,2026-10-05
CHOLAFIN,2026-09-03,1858.0,1826.0,1849.3,2026-10-05
CHOLAFIN,2026-09-04,1859.9,1828.0,1839.0,2026-10-05
CHOLAFIN,2026-09-07,1848.2,1798.3,1848.2,2026-10-05
CHOLAFIN,2026-09-08,1834.0,1810.0,1823.4,2026-10-05
CHOLAFIN,2026-09-09,1843.4,1809.0,1829.0,2026-10-05
CHOLAFIN,2026-09-10,1868.2,1804.2,1859.0,2026-10-05
CHOLAFIN,2026-09-11,1850.2,1795.1,1845.9,2026-10-05
CHOLAFIN,2026-09-15,1842.0,1784.2,1791.6,2026-10-05
CHOLAFIN,2026-09-16,1800.7,1756.3,1765.6,2026-10-05
CHOLAFIN,2026-09-17,1793.2,1747.6,1764.5,2026-10-05
CHOLAFIN,2026-09-18,1804.4,1766.0,1800.0,2026-10-05
CHOLAFIN,2026-09-21,1806.0,1763.5,1764.0,2026-10-05
CHOLAFIN,2026-09-22,1779.4,1756.8,1759.1,2026-10-05
CHOLAFIN,2026-09-23,1784.0,1758.7,1774.0,2026-10-05
CHOLAFIN,2026-09-24,1712.0,1629.9,1681.7,2026-10-05
CHOLAFIN,2026-09-25,1681.9,1637.6,1662.7,2026-10-05
CHOLAFIN,2026-09-28,1660.4,1620.4,1634.2,2026-10-05
CHOLAFIN,2026-09-29,1644.0,1600.2,1627.3,2026-10-05
CHOLAFIN,2026-09-30,1642.1,1600.1,1620.0,2026-10-05
CHOLAFIN,2026-10-01,1619.7,1563.2,1580.0,2026-10-05
CIPLA,2026-08-20,1439.4,1427.5,1438.0,2026-10-05
CIPLA,2026-08-21,1443.6,1408.6,1432.2,2026-10-05
CIPLA,2026-08-24,1442.3,1410.3,1437.9,2026-10-05
CIPLA,2026-08-25,1435.9,1411.1,1422.0,2026-10-05
CIPLA,2026-08-26,1419.4,1401.1,1402.7,2026-10-05
CIPLA,2026-08-27,1420.0,1402.1,1420.0,2026-10-05
CIPLA,2026-08-28,1423.9,1409.1,1423.5,2026-10-05
CIPLA,2026-08-31,1426.1,1409.2,1409.2,2026-10-05
CIPLA,2026-09-01,1425.7,1406.5,1423.0,2026-10-05
CIPLA,2026-09-02,1417.0,1401.2,1412.8,2026-10-05
CIPLA,2026-09-03,1415.4,1389.4,1394.7,2026-10-05
CIPLA,2026-09-04,1399.1,1375.5,1385.0,2026-10-05
CIPLA,2026-09-07,1395.7,1376.8,1395.0,2026-10-05
CIPLA,2026-09-08,1398.4,1377.2,1384.0,2026-10-05
CIPLA,2026-09-09,1388.7,1363.1,1363.1,2026-10-05
CIPLA,2026-09-10,1380.0,1363.1,1373.3,2026-10-05
CIPLA,2026-09-11,1373.0,1347.7,1366.0,2026-10-05
CIPLA,2026-09-15,1362.7,1347.7,1351.0,2026-10-05
CIPLA,2026-09-16,1363.7,1344.3,1358.0,2026-10-05
CIPLA,2026-09-17,1385.0,1351.6,1376.3,2026-10-05
CIPLA,2026-09-18,1394.5,1371.7,1394.5,2026-10-05
CIPLA,2026-09-21,1405.2,1378.3,1386.1,2026-10-05
CIPLA,2026-09-22,1388.7,1364.5,1384.1,2026-10-05
CIPLA,2026-09-23,1387.0,1371.8,1383.0,2026-10-05
CIPLA,2026-09-24,1419.0,1364.6,1399.0,2026-10-05
CIPLA,2026-09-25,1421.0,1388.4,1399.7,2026-10-05
CIPLA,2026-09-28,1405.0,1380.5,1383.7,2026-10-05
CIPLA,2026-09-29,1401.8,1376.2,1379.3,2026-10-05
CIPLA,2026-09-30,1384.0,1346.0,1346.0,2026-10-05
CIPLA,2026-10-01,1359.4,1333.4,1344.0,2026-10-05
COALINDIA,2026-08-20,403.45,395.8,402.5,2026-10-05
COALINDIA,2026-08-21,405.9,401.7,405.2,2026-10-05
COALINDIA,2026-08-24,410.95,404.6,406.9,2026-10-05
COALINDIA,2026-08-25,408.0,401.1,404.0,2026-10-05
COALINDIA,2026-08-26,405.4,401.4,403.5,2026-10-05
COALINDIA,2026-08-27,404.95,398.4,400.0,2026-10-05
COALINDIA,2026-08-28,406.35,397.5,401.0,2026-10-05
COALINDIA,2026-08-31,405.6,399.65,401.75,2026-10-05
COALINDIA,2026-09-01,407.2,399.4,401.6,2026-10-05
COALINDIA,2026-09-02,422.4,406.5,417.85,2026-10-05
COALINDIA,2026-09-03,428.5,416.8,420.05,2026-10-05
COALINDIA,2026-09-04,418.0,412.55,415.35,2026-10-05
COALINDIA,2026-09-07,420.3,413.3,418.85,2026-10-05
COALINDIA,2026-09-08,423.6,416.05,420.25,2026-10-05
COALINDIA,2026-09-09,435.35,419.8,431.0,2026-10-05
COALINDIA,2026-09-10,436.3,430.0,432.0,2026-10-05
COALINDIA,2026-09-11,434.3,424.2,426.4,2026-10-05
COALINDIA,2026-09-15,427.0,418.0,419.25,2026-10-05
COALINDIA,2026-09-16,423.45,417.6,422.25,2026-10-05
COALINDIA,2026-09-17,422.8,416.55,418.0,2026-10-05
COALINDIA,2026-09-18,419.95,409.65,409.9,2026-10-05
COALINDIA,2026-09-21,415.4,410.45,414.7,2026-10-05
COALINDIA,2026-09-22,428.75,419.65,428.0,2026-10-05
COALINDIA,2026-09-23,429.4,421.55,424.55,2026-10-05
COALINDIA,2026-09-24,423.85,418.8,422.0,2026-10-05
COALINDIA,2026-09-25,426.65,421.35,426.1,2026-10-05
COALINDIA,2026-09-28,429.3,421.2,422.5,2026-10-05
COALINDIA,2026-09-29,426.0,420.55,425.0,2026-10-05
COALINDIA,2026-09-30,432.9,423.95,425.0,2026-10-05
COALINDIA,2026-10-01,426.35,416.3,420.4,2026-10-05
COCHINSHIP,2026-08-20,1496.8,1478.2,1489.0,2026-10-05
COCHINSHIP,2026-08-21,1496.6,1461.7,1480.5,2026-10-05
COCHINSHIP,2026-08-24,1516.0,1480.5,1514.0,2026-10-05
COCHINSHIP,2026-08-25,1524.4,1503.0,1518.5,2026-10-05
COCHINSHIP,2026-08-26,1555.0,1513.0,1547.0,2026-10-05
COCHINSHIP,2026-08-27,1577.9,1534.0,1543.0,2026-10-05
COCHINSHIP,2026-08-28,1543.9,1528.0,1535.0,2026-10-05
COCHINSHIP,2026-08-31,1530.0,1492.0,1510.0,2026-10-05
COCHINSHIP,2026-09-01,1513.4,1465.5,1475.9,2026-10-05
COCHINSHIP,2026-09-02,1473.9,1452.1,1463.0,2026-10-05
COCHINSHIP,2026-09-03,1497.1,1465.0,1486.7,2026-10-05
COCHINSHIP,2026-09-04,1522.9,1486.0,1499.1,2026-10-05
COCHINSHIP,2026-09-07,1520.4,1490.1,1506.4,2026-10-05
COCHINSHIP,2026-09-08,1531.5,1505.0,1528.2,2026-10-05
COCHINSHIP,2026-09-09,1562.0,1502.1,1556.0,2026-10-05
COCHINSHIP,2026-09-10,1571.8,1520.4,1520.4,2026-10-05
COCHINSHIP,2026-09-11,1510.0,1372.0,1381.0,2026-10-05
COCHINSHIP,2026-09-15,1389.0,1320.0,1325.0,2026-10-05
COCHINSHIP,2026-09-16,1330.0,1290.9,1319.0,2026-10-05
COCHINSHIP,2026-09-17,1349.9,1310.1,1334.3,2026-10-05
COCHINSHIP,2026-09-18,1398.0,1333.0,1398.0,2026-10-05
COCHINSHIP,2026-09-21,1392.5,1363.1,1385.0,2026-10-05
COCHINSHIP,2026-09-22,1411.0,1376.5,1388.9,2026-10-05
COCHINSHIP,2026-09-23,1393.2,1369.1,1370.0,2026-10-05
COCHINSHIP,2026-09-24,1385.0,1358.1,1370.0,2026-10-05
COCHINSHIP,2026-09-25,1385.0,1365.0,1377.0,2026-10-05
COCHINSHIP,2026-09-28,1372.4,1327.0,1329.0,2026-10-05
COCHINSHIP,2026-09-29,1359.3,1290.0,1359.3,2026-10-05
COCHINSHIP,2026-09-30,1348.6,1305.7,1315.0,2026-10-05
COCHINSHIP,2026-10-01,1315.9,1265.6,1287.0,2026-10-05
COFORGE,2026-08-20,1888.5,1826.5,1882.0,2026-10-05
COFORGE,2026-08-21,1891.7,1851.0,1891.7,2026-10-05
COFORGE,2026-08-24,1900.8,1869.6,1873.0,2026-10-05
COFORGE,2026-08-25,1899.9,1870.0,1892.8,2026-10-05
COFORGE,2026-08-26,1937.1,1878.6,1880.0,2026-10-05
COFORGE,2026-08-27,1909.1,1881.0,1901.8,2026-10-05
COFORGE,2026-08-28,2016.5,1911.0,2014.6,2026-10-05
COFORGE,2026-08-31,2021.2,1971.6,1985.3,2026-10-05
COFORGE,2026-09-01,1994.2,1961.2,1988.9,2026-10-05
COFORGE,2026-09-02,1975.0,1942.0,1965.7,2026-10-05
COFORGE,2026-09-03,1975.0,1921.8,1971.8,2026-10-05
COFORGE,2026-09-04,1992.9,1962.4,1972.8,2026-10-05
COFORGE,2026-09-07,1958.6,1920.4,1935.0,2026-10-05
COFORGE,2026-09-08,1954.4,1914.1,1950.0,2026-10-05
COFORGE,2026-09-09,1877.6,1780.7,1845.0,2026-10-05
COFORGE,2026-09-10,1878.0,1821.0,1833.1,2026-10-05
COFORGE,2026-09-11,1858.6,1807.3,1846.5,2026-10-05
COFORGE,2026-09-15,1893.6,1765.6,1775.5,2026-10-05
COFORGE,2026-09-16,1784.4,1717.0,1766.7,2026-10-05
COFORGE,2026-09-17,1797.4,1759.4,1793.0,2026-10-05
COFORGE,2026-09-18,1841.0,1754.2,1841.0,2026-10-05
COFORGE,2026-09-21,1819.4,1791.0,1814.0,2026-10-05
COFORGE,2026-09-22,1818.0,1784.4,1803.0,2026-10-05
COFORGE,2026-09-23,1817.4,1774.1,1782.4,2026-10-05
COFORGE,2026-09-24,1803.4,1758.1,1785.9,2026-10-05
COFORGE,2026-09-25,1793.6,1767.1,1784.0,2026-10-05
COFORGE,2026-09-28,1786.0,1767.5,1773.0,2026-10-05
COFORGE,2026-09-29,1813.8,1722.0,1722.0,2026-10-05
COFORGE,2026-09-30,1824.4,1749.1,1749.1,2026-10-05
COFORGE,2026-10-01,1831.0,1763.6,1826.0,2026-10-05
COLPAL,2026-08-20,1914.9,1875.0,1910.0,2026-10-05
COLPAL,2026-08-21,1907.9,1880.1,1889.0,2026-10-05
COLPAL,2026-08-24,1896.8,1873.3,1879.0,2026-10-05
COLPAL,2026-08-25,1878.5,1861.4,1876.8,2026-10-05
COLPAL,2026-08-26,1883.4,1860.0,1860.0,2026-10-05
COLPAL,2026-08-27,1876.1,1841.0,1845.0,2026-10-05
COLPAL,2026-08-28,1851.9,1825.0,1826.9,2026-10-05
COLPAL,2026-08-31,1897.6,1803.7,1897.6,2026-10-05
COLPAL,2026-09-01,1873.0,1842.0,1859.8,2026-10-05
COLPAL,2026-09-02,1862.6,1831.9,1861.5,2026-10-05
COLPAL,2026-09-03,1871.9,1845.0,1850.0,2026-10-05
COLPAL,2026-09-04,1863.9,1829.2,1829.2,2026-10-05
COLPAL,2026-09-07,1838.9,1807.3,1813.5,2026-10-05
COLPAL,2026-09-08,1841.3,1799.1,1819.9,2026-10-05
COLPAL,2026-09-09,1815.0,1789.8,1800.0,2026-10-05
COLPAL,2026-09-10,1810.0,1796.9,1808.5,2026-10-05
COLPAL,2026-09-11,1799.9,1782.1,1797.4,2026-10-05
COLPAL,2026-09-15,1846.6,1788.8,1820.3,2026-10-05
COLPAL,2026-09-16,1900.1,1830.1,1860.0,2026-10-05
COLPAL,2026-09-17,1886.0,1840.0,1840.3,2026-10-05
COLPAL,2026-09-18,1917.8,1836.9,1917.8,2026-10-05
COLPAL,2026-09-21,1903.0,1879.4,1892.0,2026-10-05
COLPAL,2026-09-22,1892.3,1863.0,1869.0,2026-10-05
COLPAL,2026-09-23,1901.3,1863.3,1886.7,2026-10-05
COLPAL,2026-09-24,1885.7,1852.2,1854.8,2026-10-05
COLPAL,2026-09-25,1862.2,1835.4,1855.8,2026-10-05
COLPAL,2026-09-28,1857.9,1826.8,1845.9,2026-10-05
COLPAL,2026-09-29,1836.0,1785.1,1785.1,2026-10-05
COLPAL,2026-09-30,1808.6,1763.3,1763.3,2026-10-05
COLPAL,2026-10-01,1775.4,1716.1,1735.0,2026-10-05
CONCOR,2026-08-20,524.4,513.8,519.0,2026-10-05
CONCOR,2026-08-21,523.0,512.15,515.05,2026-10-05
CONCOR,2026-08-24,524.2,513.05,516.4,2026-10-05
CONCOR,2026-08-25,518.4,511.3,516.0,2026-10-05
CONCOR,2026-08-26,524.25,514.75,517.0,2026-10-05
CONCOR,2026-08-27,518.0,493.05,493.05,2026-10-05
CONCOR,2026-08-28,520.0,502.35,516.0,2026-10-05
CONCOR,2026-08-31,518.0,507.5,511.9,2026-10-05
CONCOR,2026-09-01,518.75,510.5,514.0,2026-10-05
CONCOR,2026-09-02,520.75,508.25,510.0,2026-10-05
CONCOR,2026-09-03,516.0,507.25,508.85,2026-10-05
CONCOR,2026-09-04,509.65,502.0,508.0,2026-10-05
CONCOR,2026-09-07,510.3,501.3,503.9,2026-10-05
CONCOR,2026-09-08,512.8,499.05,502.0,2026-10-05
CONCOR,2026-09-09,512.45,499.5,510.0,2026-10-05
CONCOR,2026-09-10,509.95,503.7,504.15,2026-10-05
CONCOR,2026-09-11,503.5,494.15,499.25,2026-10-05
CONCOR,2026-09-15,501.5,483.7,483.7,2026-10-05
CONCOR,2026-09-16,491.3,480.7,488.8,2026-10-05
CONCOR,2026-09-17,494.0,485.0,488.15,2026-10-05
CONCOR,2026-09-18,504.55,485.1,504.55,2026-10-05
CONCOR,2026-09-21,501.95,487.05,487.05,2026-10-05
CONCOR,2026-09-22,489.5,466.7,467.0,2026-10-05
CONCOR,2026-09-23,473.65,463.15,464.65,2026-10-05
CONCOR,2026-09-24,472.9,457.55,466.3,2026-10-05
CONCOR,2026-09-25,468.15,458.55,461.5,2026-10-05
CONCOR,2026-09-28,461.45,449.0,450.0,2026-10-05
CONCOR,2026-09-29,452.05,443.3,443.5,2026-10-05
CONCOR,2026-09-30,454.6,445.3,447.5,2026-10-05
CONCOR,2026-10-01,450.85,436.35,442.0,2026-10-05
CROMPTON,2026-08-20,255.25,246.0,252.0,2026-10-05
CROMPTON,2026-08-21,259.0,247.85,252.0,2026-10-05
CROMPTON,2026-08-24,251.95,243.95,246.0,2026-10-05
CROMPTON,2026-08-25,246.15,241.25,243.0,2026-10-05
CROMPTON,2026-08-26,245.0,235.4,238.25,2026-10-05
CROMPTON,2026-08-27,240.6,237.55,237.9,2026-10-05
CROMPTON,2026-08-28,240.0,230.7,233.0,2026-10-05
CROMPTON,2026-08-31,235.9,227.25,235.9,2026-10-05
CROMPTON,2026-09-01,235.77,230.2,231.1,2026-10-05
CROMPTON,2026-09-02,230.9,226.05,227.72,2026-10-05
CROMPTON,2026-09-03,229.61,226.06,226.51,2026-10-05
CROMPTON,2026-09-04,235.47,226.27,232.4,2026-10-05
CROMPTON,2026-09-07,233.18,229.63,231.02,2026-10-05
CROMPTON,2026-09-08,234.4,227.56,231.9,2026-10-05
CROMPTON,2026-09-09,234.42,228.57,232.96,2026-10-05
CROMPTON,2026-09-10,234.0,229.74,230.0,2026-10-05
CROMPTON,2026-09-11,231.69,226.63,231.0,2026-10-05
CROMPTON,2026-09-15,231.6,226.11,226.15,2026-10-05
CROMPTON,2026-09-16,228.62,222.3,223.4,2026-10-05
CROMPTON,2026-09-17,227.05,222.74,225.1,2026-10-05
CROMPTON,2026-09-18,227.12,225.11,227.12,2026-10-05
CROMPTON,2026-09-21,226.69,225.05,225.05,2026-10-05
CROMPTON,2026-09-22,225.71,221.76,222.0,2026-10-05
CROMPTON,2026-09-23,226.76,222.6,223.43,2026-10-05
CROMPTON,2026-09-24,223.3,218.65,219.8,2026-10-05
CROMPTON,2026-09-25,221.75,217.5,218.6,2026-10-05
CROMPTON,2026-09-28,221.3,214.51,218.8,2026-10-05
CROMPTON,2026-09-29,219.0,211.37,211.37,2026-10-05
CROMPTON,2026-09-30,214.56,208.67,208.67,2026-10-05
CROMPTON,2026-10-01,209.96,201.1,202.7,2026-10-05
CUMMINSIND,2026-08-20,5252.5,5192.5,5205.0,2026-10-05
CUMMINSIND,2026-08-21,5218.0,5092.0,5107.5,2026-10-05
CUMMINSIND,2026-08-24,5190.0,5083.0,5190.0,2026-10-05
CUMMINSIND,2026-08-25,5239.5,5150.0,5239.5,2026-10-05
CUMMINSIND,2026-08-26,5237.0,5125.0,5200.0,2026-10-05
CUMMINSIND,2026-08-27,5270.0,5141.5,5190.0,2026-10-05
CUMMINSIND,2026-08-28,5215.0,5126.0,5193.0,2026-10-05
CUMMINSIND,2026-08-31,5179.0,5105.0,5105.0,2026-10-05
CUMMINSIND,2026-09-01,5115.0,5054.5,5105.0,2026-10-05
CUMMINSIND,2026-09-02,5089.0,5001.0,5088.5,2026-10-05
CUMMINSIND,2026-09-03,5118.0,5035.5,5071.0,2026-10-05
CUMMINSIND,2026-09-04,5083.0,5013.0,5035.0,2026-10-05
CUMMINSIND,2026-09-07,5072.0,4985.0,5030.0,2026-10-05
CUMMINSIND,2026-09-08,5040.0,4965.0,5040.0,2026-10-05
CUMMINSIND,2026-09-09,5182.5,5020.0,5170.5,2026-10-05
CUMMINSIND,2026-09-10,5237.0,5069.5,5155.0,2026-10-05
CUMMINSIND,2026-09-11,5152.0,5020.5,5070.0,2026-10-05
CUMMINSIND,2026-09-15,5121.5,4874.0,4874.0,2026-10-05
CUMMINSIND,2026-09-16,4985.0,4844.0,4940.0,2026-10-05
CUMMINSIND,2026-09-17,5043.5,4920.0,5020.0,2026-10-05
CUMMINSIND,2026-09-18,5119.0,5000.0,5099.5,2026-10-05
CUMMINSIND,2026-09-21,5135.0,5050.0,5067.0,2026-10-05
CUMMINSIND,2026-09-22,5128.5,4962.5,4962.5,2026-10-05
CUMMINSIND,2026-09-23,5053.5,4928.0,5010.0,2026-10-05
CUMMINSIND,2026-09-24,5011.5,4958.0,4973.0,2026-10-05
CUMMINSIND,2026-09-25,4991.5,4922.5,4945.0,2026-10-05
CUMMINSIND,2026-09-28,4940.0,4820.0,4855.0,2026-10-05
CUMMINSIND,2026-09-29,4875.0,4795.0,4800.0,2026-10-05
CUMMINSIND,2026-09-30,4839.0,4741.0,4760.0,2026-10-05
CUMMINSIND,2026-10-01,4860.0,4760.0,4860.0,2026-10-05
DABUR,2026-08-20,402.1,398.7,400.0,2026-10-05
DABUR,2026-08-21,400.75,397.65,400.5,2026-10-05
DABUR,2026-08-24,400.55,395.65,398.45,2026-10-05
DABUR,2026-08-25,398.1,392.15,395.05,2026-10-05
DABUR,2026-08-26,397.5,392.2,392.2,2026-10-05
DABUR,2026-08-27,394.8,386.05,386.2,2026-10-05
DABUR,2026-08-28,387.7,383.1,386.0,2026-10-05
DABUR,2026-08-31,387.4,381.0,381.0,2026-10-05
DABUR,2026-09-01,386.8,381.0,384.0,2026-10-05
DABUR,2026-09-02,383.7,377.6,379.0,2026-10-05
DABUR,2026-09-03,381.55,377.45,380.7,2026-10-05
DABUR,2026-09-04,383.25,377.35,380.9,2026-10-05
DABUR,2026-09-07,381.8,373.8,375.5,2026-10-05
DABUR,2026-09-08,377.95,373.75,375.0,2026-10-05
DABUR,2026-09-09,374.7,368.05,371.55,2026-10-05
DABUR,2026-09-10,377.75,369.0,376.45,2026-10-05
DABUR,2026-09-11,377.0,372.1,376.0,2026-10-05
DABUR,2026-09-15,390.95,376.75,384.9,2026-10-05
DABUR,2026-09-16,389.45,382.0,382.0,2026-10-05
DABUR,2026-09-17,386.4,381.3,384.55,2026-10-05
DABUR,2026-09-18,395.25,382.95,395.25,2026-10-05
DABUR,2026-09-21,392.8,386.8,386.8,2026-10-05
DABUR,2026-09-22,390.1,385.2,388.1,2026-10-05
DABUR,2026-09-23,395.45,387.4,387.4,2026-10-05
DABUR,2026-09-24,388.9,383.45,385.7,2026-10-05
DABUR,2026-09-25,386.0,381.55,385.6,2026-10-05
DABUR,2026-09-28,386.5,381.85,385.75,2026-10-05
DABUR,2026-09-29,384.45,378.0,380.4,2026-10-05
DABUR,2026-09-30,384.65,379.15,380.1,2026-10-05
DABUR,2026-10-01,383.85,373.2,374.25,2026-10-05
DALBHARAT,2026-08-20,1925.0,1864.0,1897.0,2026-10-05
DALBHARAT,2026-08-21,1912.5,1871.9,1880.0,2026-10-05
DALBHARAT,2026-08-24,1905.1,1845.9,1853.0,2026-10-05
DALBHARAT,2026-08-25,1854.8,1780.1,1824.0,2026-10-05
DALBHARAT,2026-08-26,1913.0,1808.0,1898.0,2026-10-05
DALBHARAT,2026-08-27,1905.0,1859.2,1876.2,2026-10-05
DALBHARAT,2026-08-28,1876.2,1832.3,1845.3,2026-10-05
DALBHARAT,2026-08-31,1897.8,1795.0,1856.2,2026-10-05
DALBHARAT,2026-09-01,1886.0,1795.0,1806.6,2026-10-05
DALBHARAT,2026-09-02,1802.0,1760.2,1773.1,2026-10-05
DALBHARAT,2026-09-03,1792.0,1763.0,1771.2,2026-10-05
DALBHARAT,2026-09-04,1778.9,1740.0,1749.3,2026-10-05
DALBHARAT,2026-09-07,1752.1,1701.2,1713.9,2026-10-05
DALBHARAT,2026-09-08,1739.2,1671.8,1700.5,2026-10-05
DALBHARAT,2026-09-09,1740.0,1690.0,1733.6,2026-10-05
DALBHARAT,2026-09-10,1762.2,1712.0,1745.3,2026-10-05
DALBHARAT,2026-09-11,1755.0,1708.0,1746.6,2026-10-05
DALBHARAT,2026-09-15,1754.0,1682.0,1687.4,2026-10-05
DALBHARAT,2026-09-16,1704.5,1681.0,1693.6,2026-10-05
DALBHARAT,2026-09-17,1700.0,1676.4,1693.3,2026-10-05
DALBHARAT,2026-09-18,1805.0,1685.1,1761.4,2026-10-05
DALBHARAT,2026-09-21,1814.4,1757.1,1764.4,2026-10-05
DALBHARAT,2026-09-22,1785.4,1736.3,1741.6,2026-10-05
DALBHARAT,2026-09-23,1749.9,1729.1,1744.0,2026-10-05
DALBHARAT,2026-09-24,1750.0,1711.2,1721.2,2026-10-05
DALBHARAT,2026-09-25,1746.2,1680.7,1700.2,2026-10-05
DALBHARAT,2026-09-28,1698.5,1650.0,1651.6,2026-10-05
DALBHARAT,2026-09-29,1664.3,1630.1,1637.4,2026-10-05
DALBHARAT,2026-09-30,1696.8,1637.4,1683.7,2026-10-05
DALBHARAT,2026-10-01,1692.3,1640.2,1682.1,2026-10-05
DELHIVERY,2026-08-20,457.0,449.35,450.1,2026-10-05
DELHIVERY,2026-08-21,454.2,448.35,450.7,2026-10-05
DELHIVERY,2026-08-24,452.6,441.2,444.75,2026-10-05
DELHIVERY,2026-08-25,447.95,439.1,447.95,2026-10-05
DELHIVERY,2026-08-26,452.15,445.05,449.0,2026-10-05
DELHIVERY,2026-08-27,466.65,449.15,466.0,2026-10-05
DELHIVERY,2026-08-28,471.05,460.0,470.2,2026-10-05
DELHIVERY,2026-08-31,471.95,456.2,456.2,2026-10-05
DELHIVERY,2026-09-01,464.35,457.2,460.8,2026-10-05
DELHIVERY,2026-09-02,459.7,452.5,454.8,2026-10-05
DELHIVERY,2026-09-03,464.95,449.5,464.35,2026-10-05
DELHIVERY,2026-09-04,465.9,457.9,457.9,2026-10-05
DELHIVERY,2026-09-07,458.75,450.4,453.8,2026-10-05
DELHIVERY,2026-09-08,458.2,450.25,454.9,2026-10-05
DELHIVERY,2026-09-09,454.0,448.0,451.2,2026-10-05
DELHIVERY,2026-09-10,451.15,444.2,447.7,2026-10-05
DELHIVERY,2026-09-11,447.4,434.85,439.0,2026-10-05
DELHIVERY,2026-09-15,441.85,416.5,420.5,2026-10-05
DELHIVERY,2026-09-16,428.15,414.6,421.8,2026-10-05
DELHIVERY,2026-09-17,429.95,418.85,425.95,2026-10-05
DELHIVERY,2026-09-18,433.55,425.85,428.0,2026-10-05
DELHIVERY,2026-09-21,437.6,425.85,435.0,2026-10-05
DELHIVERY,2026-09-22,437.35,428.4,430.75,2026-10-05
DELHIVERY,2026-09-23,436.8,429.0,435.0,2026-10-05
DELHIVERY,2026-09-24,432.15,424.15,426.3,2026-10-05
DELHIVERY,2026-09-25,426.35,418.35,422.7,2026-10-05
DELHIVERY,2026-09-28,421.9,405.05,407.5,2026-10-05
DELHIVERY,2026-09-29,418.3,405.25,417.4,2026-10-05
DELHIVERY,2026-09-30,418.35,400.35,409.7,2026-10-05
DELHIVERY,2026-10-01,408.65,397.0,400.0,2026-10-05
DIVISLAB,2026-08-20,8597.5,8532.0,8570.0,2026-10-05
DIVISLAB,2026-08-21,8610.0,8505.5,8597.0,2026-10-05
DIVISLAB,2026-08-24,8563.5,8457.5,8496.0,2026-10-05
DIVISLAB,2026-08-25,8744.5,8497.0,8744.5,2026-10-05
DIVISLAB,2026-08-26,9043.0,8701.0,9025.0,2026-10-05
DIVISLAB,2026-08-27,9150.0,9035.0,9060.0,2026-10-05
DIVISLAB,2026-08-28,9270.0,9080.5,9239.0,2026-10-05
DIVISLAB,2026-08-31,9467.0,9140.0,9467.0,2026-10-05
DIVISLAB,2026-09-01,9262.5,9087.0,9165.0,2026-10-05
DIVISLAB,2026-09-02,9299.0,9104.5,9220.0,2026-10-05
DIVISLAB,2026-09-03,9282.0,9184.0,9250.0,2026-10-05
DIVISLAB,2026-09-04,9269.0,9100.0,9100.0,2026-10-05
DIVISLAB,2026-09-07,9315.0,9119.5,9315.0,2026-10-05
DIVISLAB,2026-09-08,9588.0,9253.0,9575.0,2026-10-05
DIVISLAB,2026-09-09,9615.0,9410.0,9488.0,2026-10-05
DIVISLAB,2026-09-10,9604.0,9386.5,9438.5,2026-10-05
DIVISLAB,2026-09-11,9415.0,9310.5,9322.0,2026-10-05
DIVISLAB,2026-09-15,9397.5,9118.5,9198.0,2026-10-05
DIVISLAB,2026-09-16,9180.0,8923.0,9158.0,2026-10-05
DIVISLAB,2026-09-17,9371.0,9135.5,9323.0,2026-10-05
DIVISLAB,2026-09-18,9445.0,9328.5,9375.0,2026-10-05
DIVISLAB,2026-09-21,9461.5,9375.5,9410.5,2026-10-05
DIVISLAB,2026-09-22,9444.0,9315.5,9352.0,2026-10-05
DIVISLAB,2026-09-23,9624.0,9312.5,9624.0,2026-10-05
DIVISLAB,2026-09-24,9740.0,9540.0,9602.0,2026-10-05
DIVISLAB,2026-09-25,9668.5,9530.0,9619.5,2026-10-05
DIVISLAB,2026-09-28,9655.0,9473.0,9550.0,2026-10-05
DIVISLAB,2026-09-29,9610.5,9431.0,9431.0,2026-10-05
DIVISLAB,2026-09-30,9505.0,9275.0,9291.5,2026-10-05
DIVISLAB,2026-10-01,9318.0,9078.0,9249.0,2026-10-05
DIXON,2026-08-20,14953.0,14470.0,14850.0,2026-10-05
DIXON,2026-08-21,14924.0,14620.0,14850.0,2026-10-05
DIXON,2026-08-24,15000.0,14484.0,14570.0,2026-10-05
DIXON,2026-08-25,14990.0,14400.0,14990.0,2026-10-05
DIXON,2026-08-26,14983.0,14720.0,14735.0,2026-10-05
DIXON,2026-08-27,14849.0,14684.0,14711.0,2026-10-05
DIXON,2026-08-28,14920.0,14650.0,14650.0,2026-10-05
DIXON,2026-08-31,14850.0,14601.0,14850.0,2026-10-05
DIXON,2026-09-01,14820.0,14450.0,14461.0,2026-10-05
DIXON,2026-09-02,14620.0,14315.0,14590.0,2026-10-05
DIXON,2026-09-03,14670.0,14380.0,14445.0,2026-10-05
DIXON,2026-09-04,14463.0,14070.0,14240.0,2026-10-05
DIXON,2026-09-07,14429.0,13937.0,14180.0,2026-10-05
DIXON,2026-09-08,14229.0,14052.0,14100.0,2026-10-05
DIXON,2026-09-09,14271.0,13773.0,13845.0,2026-10-05
DIXON,2026-09-10,13867.0,13355.0,13500.0,2026-10-05
DIXON,2026-09-11,13490.0,12980.0,13425.0,2026-10-05
DIXON,2026-09-15,13575.0,13093.0,13180.0,2026-10-05
DIXON,2026-09-16,13260.0,12850.0,13181.0,2026-10-05
DIXON,2026-09-17,13495.0,13176.0,13290.0,2026-10-05
DIXON,2026-09-18,13383.0,13005.0,13005.0,2026-10-05
DIXON,2026-09-21,13415.0,13125.0,13350.0,2026-10-05
DIXON,2026-09-22,13434.0,12996.0,13084.0,2026-10-05
DIXON,2026-09-23,13250.0,13055.0,13200.0,2026-10-05
DIXON,2026-09-24,13315.0,13091.0,13299.0,2026-10-05
DIXON,2026-09-25,13514.0,13211.0,13390.0,2026-10-05
DIXON,2026-09-28,13766.0,13234.0,13640.0,2026-10-05
DIXON,2026-09-29,13686.0,13250.0,13250.0,2026-10-05
DIXON,2026-09-30,13425.0,13100.0,13100.0,2026-10-05
DIXON,2026-10-01,13290.0,12651.0,12700.0,2026-10-05
DLF,2026-08-20,682.45,671.95,676.15,2026-10-05
DLF,2026-08-21,684.45,675.25,678.1,2026-10-05
DLF,2026-08-24,689.0,678.1,689.0,2026-10-05
DLF,2026-08-25,688.2,678.3,682.95,2026-10-05
DLF,2026-08-26,690.4,672.5,672.5,2026-10-05
DLF,2026-08-27,687.5,673.55,676.15,2026-10-05
DLF,2026-08-28,682.95,672.5,679.8,2026-10-05
DLF,2026-08-31,691.05,664.0,691.05,2026-10-05
DLF,2026-09-01,676.0,665.95,675.15,2026-10-05
DLF,2026-09-02,673.55,651.3,673.55,2026-10-05
DLF,2026-09-03,689.35,671.0,681.65,2026-10-05
DLF,2026-09-04,689.75,680.8,681.9,2026-10-05
DLF,2026-09-07,685.0,672.7,672.7,2026-10-05
DLF,2026-09-08,676.4,665.0,675.1,2026-10-05
DLF,2026-09-09,672.1,654.7,655.1,2026-10-05
DLF,2026-09-10,662.4,651.9,655.85,2026-10-05
DLF,2026-09-11,651.4,630.0,644.5,2026-10-05
DLF,2026-09-15,647.15,620.85,620.85,2026-10-05
DLF,2026-09-16,628.3,611.5,622.8,2026-10-05
DLF,2026-09-17,644.55,622.0,640.0,2026-10-05
DLF,2026-09-18,653.7,640.0,644.35,2026-10-05
DLF,2026-09-21,660.95,644.0,660.25,2026-10-05
DLF,2026-09-22,671.9,659.05,669.5,2026-10-05
DLF,2026-09-23,681.0,668.0,675.0,2026-10-05
DLF,2026-09-24,681.0,666.55,670.4,2026-10-05
DLF,2026-09-25,683.6,670.6,683.0,2026-10-05
DLF,2026-09-28,680.0,663.55,663.55,2026-10-05
DLF,2026-09-29,675.0,653.0,653.0,2026-10-05
DLF,2026-09-30,674.0,653.0,674.0,2026-10-05
DLF,2026-10-01,671.1,650.55,658.4,2026-10-05
DMART,2026-08-20,4070.0,3955.1,3960.0,2026-10-05
DMART,2026-08-21,3990.0,3866.4,3906.0,2026-10-05
DMART,2026-08-24,3940.0,3876.2,3940.0,2026-10-05
DMART,2026-08-25,3960.0,3897.4,3909.6,2026-10-05
DMART,2026-08-26,3935.5,3737.2,3826.9,2026-10-05
DMART,2026-08-27,3874.4,3818.0,3847.4,2026-10-05
DMART,2026-08-28,3853.9,3822.0,3830.6,2026-10-05
DMART,2026-08-31,3900.0,3755.0,3900.0,2026-10-05
DMART,2026-09-01,3850.9,3766.1,3824.0,2026-10-05
DMART,2026-09-02,3813.4,3775.0,3813.4,2026-10-05
DMART,2026-09-03,3824.1,3752.0,3763.0,2026-10-05
DMART,2026-09-04,3779.9,3745.9,3770.0,2026-10-05
DMART,2026-09-07,3768.9,3682.3,3710.0,2026-10-05
DMART,2026-09-08,3743.0,3680.5,3720.2,2026-10-05
DMART,2026-09-09,3750.0,3705.0,3735.0,2026-10-05
DMART,2026-09-10,3735.0,3664.0,3690.0,2026-10-05
DMART,2026-09-11,3706.2,3650.0,3688.0,2026-10-05
DMART,2026-09-15,3735.9,3680.0,3680.0,2026-10-05
DMART,2026-09-16,3730.0,3670.0,3720.0,2026-10-05
DMART,2026-09-17,3759.0,3700.1,3711.2,2026-10-05
DMART,2026-09-18,3755.8,3680.0,3749.9,2026-10-05
DMART,2026-09-21,3814.6,3732.0,3800.4,2026-10-05
DMART,2026-09-22,3830.5,3769.3,3777.0,2026-10-05
DMART,2026-09-23,3868.1,3755.1,3834.8,2026-10-05
DMART,2026-09-24,3832.1,3780.1,3787.5,2026-10-05
DMART,2026-09-25,3834.2,3771.6,3834.2,2026-10-05
DMART,2026-09-28,3833.0,3781.0,3803.5,2026-10-05
DMART,2026-09-29,3849.0,3746.2,3750.0,2026-10-05
DMART,2026-09-30,3865.0,3769.5,3801.4,2026-10-05
DMART,2026-10-01,3880.0,3781.4,3813.0,2026-10-05
DRREDDY,2026-08-20,1183.8,1171.2,1180.0,2026-10-05
DRREDDY,2026-08-21,1185.1,1174.0,1174.7,2026-10-05
DRREDDY,2026-08-24,1195.9,1168.6,1190.0,2026-10-05
DRREDDY,2026-08-25,1193.5,1175.0,1193.5,2026-10-05
DRREDDY,2026-08-26,1197.2,1180.1,1182.0,2026-10-05
DRREDDY,2026-08-27,1191.9,1169.4,1177.0,2026-10-05
DRREDDY,2026-08-28,1186.6,1172.5,1178.0,2026-10-05
DRREDDY,2026-08-31,1178.1,1154.4,1154.4,2026-10-05
DRREDDY,2026-09-01,1179.9,1166.5,1171.0,2026-10-05
DRREDDY,2026-09-02,1170.9,1156.5,1156.5,2026-10-05
DRREDDY,2026-09-03,1164.3,1155.0,1155.0,2026-10-05
DRREDDY,2026-09-04,1166.8,1151.0,1151.0,2026-10-05
DRREDDY,2026-09-07,1163.2,1141.8,1144.2,2026-10-05
DRREDDY,2026-09-08,1154.5,1144.0,1151.0,2026-10-05
DRREDDY,2026-09-09,1151.0,1136.4,1145.0,2026-10-05
DRREDDY,2026-09-10,1147.2,1134.9,1143.0,2026-10-05
DRREDDY,2026-09-11,1182.0,1130.0,1165.5,2026-10-05
DRREDDY,2026-09-15,1168.5,1141.0,1145.0,2026-10-05
DRREDDY,2026-09-16,1149.9,1133.9,1140.0,2026-10-05
DRREDDY,2026-09-17,1189.8,1140.0,1175.0,2026-10-05
DRREDDY,2026-09-18,1207.5,1182.1,1185.0,2026-10-05
DRREDDY,2026-09-21,1211.9,1185.0,1198.3,2026-10-05
DRREDDY,2026-09-22,1222.0,1201.2,1211.0,2026-10-05
DRREDDY,2026-09-23,1220.5,1205.9,1211.2,2026-10-05
DRREDDY,2026-09-24,1213.9,1197.0,1200.4,2026-10-05
DRREDDY,2026-09-25,1207.8,1193.4,1201.0,2026-10-05
DRREDDY,2026-09-28,1229.8,1204.0,1221.0,2026-10-05
DRREDDY,2026-09-29,1252.8,1229.0,1251.9,2026-10-05
DRREDDY,2026-09-30,1244.6,1214.2,1233.0,2026-10-05
DRREDDY,2026-10-01,1233.9,1194.9,1206.2,2026-10-05
EICHERMOT,2026-08-20,8097.5,7983.0,8042.0,2026-10-05
EICHERMOT,2026-08-21,8112.5,7980.0,8010.0,2026-10-05
EICHERMOT,2026-08-24,8075.0,7970.0,8047.0,2026-10-05
EICHERMOT,2026-08-25,8070.0,7984.0,8055.0,2026-10-05
EICHERMOT,2026-08-26,8112.0,8031.5,8035.0,2026-10-05
EICHERMOT,2026-08-27,8105.5,7987.0,8100.0,2026-10-05
EICHERMOT,2026-08-28,8140.0,8003.0,8059.0,2026-10-05
EICHERMOT,2026-08-31,8030.0,7941.5,7953.5,2026-10-05
EICHERMOT,2026-09-01,8052.0,7860.0,7970.0,2026-10-05
EICHERMOT,2026-09-02,7893.0,7507.5,7711.5,2026-10-05
EICHERMOT,2026-09-03,7738.5,7597.0,7690.0,2026-10-05
EICHERMOT,2026-09-04,7665.5,7590.0,7630.5,2026-10-05
EICHERMOT,2026-09-07,7729.0,7615.0,7672.0,2026-10-05
EICHERMOT,2026-09-08,7747.5,7655.0,7747.5,2026-10-05
EICHERMOT,2026-09-09,7784.5,7664.5,7734.5,2026-10-05
EICHERMOT,2026-09-10,7746.0,7637.5,7697.0,2026-10-05
EICHERMOT,2026-09-11,7633.0,7530.0,7530.0,2026-10-05
EICHERMOT,2026-09-15,7570.5,7440.0,7452.5,2026-10-05
EICHERMOT,2026-09-16,7524.5,7406.0,7500.0,2026-10-05
EICHERMOT,2026-09-17,7552.5,7489.0,7493.5,2026-10-05
EICHERMOT,2026-09-18,7569.0,7477.0,7516.0,2026-10-05
EICHERMOT,2026-09-21,7569.5,7490.0,7512.5,2026-10-05
EICHERMOT,2026-09-22,7555.0,7427.0,7427.0,2026-10-05
EICHERMOT,2026-09-23,7485.0,7414.0,7470.0,2026-10-05
EICHERMOT,2026-09-24,7460.0,7333.0,7338.5,2026-10-05
EICHERMOT,2026-09-25,7381.0,7305.0,7360.0,2026-10-05
EICHERMOT,2026-09-28,7323.0,7189.0,7213.5,2026-10-05
EICHERMOT,2026-09-29,7268.0,7164.5,7179.0,2026-10-05
EICHERMOT,2026-09-30,7245.0,7120.0,7150.0,2026-10-05
EICHERMOT,2026-10-01,7146.0,6840.0,6920.0,2026-10-05
ETERNAL,2026-08-20,328.5,321.35,327.95,2026-10-05
ETERNAL,2026-08-21,331.7,324.1,328.0,2026-10-05
ETERNAL,2026-08-24,329.5,323.0,327.15,2026-10-05
ETERNAL,2026-08-25,331.0,325.5,331.0,2026-10-05
ETERNAL,2026-08-26,332.0,325.0,327.0,2026-10-05
ETERNAL,2026-08-27,330.9,325.3,328.5,2026-10-05
ETERNAL,2026-08-28,330.0,324.3,328.0,2026-10-05
ETERNAL,2026-08-31,332.95,315.8,328.1,2026-10-05
ETERNAL,2026-09-01,329.4,323.0,327.75,2026-10-05
ETERNAL,2026-09-02,327.5,320.3,327.3,2026-10-05
ETERNAL,2026-09-03,331.0,324.15,324.8,2026-10-05
ETERNAL,2026-09-04,327.75,320.8,322.75,2026-10-05
ETERNAL,2026-09-07,325.75,319.7,320.8,2026-10-05
ETERNAL,2026-09-08,324.3,320.5,321.6,2026-10-05
ETERNAL,2026-09-09,322.55,318.0,320.6,2026-10-05
ETERNAL,2026-09-10,322.9,317.55,322.1,2026-10-05
ETERNAL,2026-09-11,324.8,316.05,323.5,2026-10-05
ETERNAL,2026-09-15,327.95,314.65,315.25,2026-10-05
ETERNAL,2026-09-16,318.35,310.8,317.0,2026-10-05
ETERNAL,2026-09-17,327.8,318.25,322.35,2026-10-05
ETERNAL,2026-09-18,329.75,325.7,326.85,2026-10-05
ETERNAL,2026-09-21,336.5,326.85,335.9,2026-10-05
ETERNAL,2026-09-22,342.0,334.65,342.0,2026-10-05
ETERNAL,2026-09-23,344.4,340.55,342.65,2026-10-05
ETERNAL,2026-09-24,343.6,333.55,335.5,2026-10-05
ETERNAL,2026-09-25,339.9,331.7,335.0,2026-10-05
ETERNAL,2026-09-28,335.1,328.45,330.95,2026-10-05
ETERNAL,2026-09-29,333.0,323.65,327.85,2026-10-05
ETERNAL,2026-09-30,329.0,317.1,320.0,2026-10-05
ETERNAL,2026-10-01,320.4,309.8,313.9,2026-10-05
FEDERALBNK,2026-08-20,364.2,355.3,355.3,2026-10-05
FEDERALBNK,2026-08-21,361.0,355.15,361.0,2026-10-05
FEDERALBNK,2026-08-24,361.25,355.3,357.75,2026-10-05
FEDERALBNK,2026-08-25,358.7,342.05,346.95,2026-10-05
FEDERALBNK,2026-08-26,349.15,343.6,345.3,2026-10-05
FEDERALBNK,2026-08-27,348.15,343.4,344.8,2026-10-05
FEDERALBNK,2026-08-28,345.85,342.25,344.25,2026-10-05
FEDERALBNK,2026-08-31,356.7,341.55,356.7,2026-10-05
FEDERALBNK,2026-09-01,351.75,348.0,349.25,2026-10-05
FEDERALBNK,2026-09-02,353.5,345.2,353.35,2026-10-05
FEDERALBNK,2026-09-03,356.95,343.1,344.6,2026-10-05
FEDERALBNK,2026-09-04,344.9,341.8,343.0,2026-10-05
FEDERALBNK,2026-09-07,343.0,337.6,342.0,2026-10-05
FEDERALBNK,2026-09-08,345.9,341.45,344.15,2026-10-05
FEDERALBNK,2026-09-09,345.0,341.5,345.0,2026-10-05
FEDERALBNK,2026-09-10,347.05,343.75,346.0,2026-10-05
FEDERALBNK,2026-09-11,345.3,341.15,344.5,2026-10-05
FEDERALBNK,2026-09-15,344.5,339.45,343.0,2026-10-05
FEDERALBNK,2026-09-16,346.0,340.1,341.8,2026-10-05
FEDERALBNK,2026-09-17,343.75,332.45,332.75,2026-10-05
FEDERALBNK,2026-09-18,335.4,325.4,332.75,2026-10-05
FEDERALBNK,2026-09-21,335.35,328.8,332.0,2026-10-05
FEDERALBNK,2026-09-22,334.85,325.5,327.0,2026-10-05
FEDERALBNK,2026-09-23,331.3,325.25,331.3,2026-10-05
FEDERALBNK,2026-09-24,332.7,325.95,329.5,2026-10-05
FEDERALBNK,2026-09-25,332.5,319.5,322.0,2026-10-05
FEDERALBNK,2026-09-28,327.3,320.5,325.0,2026-10-05
FEDERALBNK,2026-09-29,326.85,320.2,320.2,2026-10-05
FEDERALBNK,2026-09-30,324.25,317.4,317.4,2026-10-05
FEDERALBNK,2026-10-01,321.35,313.75,318.2,2026-10-05
FORCEMOT,2026-08-20,18149.0,17815.0,17885.0,2026-10-05
FORCEMOT,2026-08-21,18011.0,17730.0,17770.0,2026-10-05
FORCEMOT,2026-08-24,17937.0,17600.0,17600.0,2026-10-05
FORCEMOT,2026-08-25,17625.0,17276.0,17431.0,2026-10-05
FORCEMOT,2026-08-26,17662.0,17375.0,17450.0,2026-10-05
FORCEMOT,2026-08-27,17537.0,17301.0,17375.0,2026-10-05
FORCEMOT,2026-08-28,17469.0,17280.0,17370.0,2026-10-05
FORCEMOT,2026-08-31,17695.0,17150.0,17526.0,2026-10-05
FORCEMOT,2026-09-01,18069.0,17462.0,17722.0,2026-10-05
FORCEMOT,2026-09-02,17823.0,17360.0,17600.0,2026-10-05
FORCEMOT,2026-09-03,17932.0,17455.0,17500.0,2026-10-05
FORCEMOT,2026-09-04,17857.0,17500.0,17500.0,2026-10-05
FORCEMOT,2026-09-07,17947.0,17501.0,17829.0,2026-10-05
FORCEMOT,2026-09-08,17865.0,17590.0,17625.0,2026-10-05
FORCEMOT,2026-09-09,17645.0,17340.0,17355.0,2026-10-05
FORCEMOT,2026-09-10,18339.0,17349.0,18175.0,2026-10-05
FORCEMOT,2026-09-11,18048.0,17630.0,17705.0,2026-10-05
FORCEMOT,2026-09-15,17785.0,17200.0,17245.0,2026-10-05
FORCEMOT,2026-09-16,17501.0,17187.0,17383.0,2026-10-05
FORCEMOT,2026-09-17,17783.0,17325.0,17650.0,2026-10-05
FORCEMOT,2026-09-18,17882.0,17488.0,17488.0,2026-10-05
FORCEMOT,2026-09-21,17699.0,17452.0,17485.0,2026-10-05
FORCEMOT,2026-09-22,17600.0,17182.0,17275.0,2026-10-05
FORCEMOT,2026-09-23,17469.0,17304.0,17352.0,2026-10-05
FORCEMOT,2026-09-24,17456.0,17112.0,17142.0,2026-10-05
FORCEMOT,2026-09-25,17430.0,17084.0,17388.0,2026-10-05
FORCEMOT,2026-09-28,17359.0,17042.0,17100.0,2026-10-05
FORCEMOT,2026-09-29,17146.0,16761.0,16905.0,2026-10-05
FORCEMOT,2026-09-30,17435.0,17000.0,17054.0,2026-10-05
FORCEMOT,2026-10-01,17389.0,16531.0,16800.0,2026-10-05
FORTIS,2026-08-20,920.95,911.05,916.8,2026-10-05
FORTIS,2026-08-21,919.7,904.45,907.1,2026-10-05
FORTIS,2026-08-24,918.0,904.5,918.0,2026-10-05
FORTIS,2026-08-25,923.95,901.4,923.95,2026-10-05
FORTIS,2026-08-26,933.8,913.85,913.85,2026-10-05
FORTIS,2026-08-27,920.0,911.3,915.65,2026-10-05
FORTIS,2026-08-28,941.9,916.05,926.75,2026-10-05
FORTIS,2026-08-31,929.0,903.15,906.9,2026-10-05
FORTIS,2026-09-01,921.45,893.0,915.0,2026-10-05
FORTIS,2026-09-02,915.0,901.35,915.0,2026-10-05
FORTIS,2026-09-03,920.0,908.45,917.5,2026-10-05
FORTIS,2026-09-04,917.45,903.8,905.0,2026-10-05
FORTIS,2026-09-07,911.5,892.8,910.0,2026-10-05
FORTIS,2026-09-08,913.0,902.35,908.0,2026-10-05
FORTIS,2026-09-09,918.4,903.65,915.0,2026-10-05
FORTIS,2026-09-10,915.0,900.6,902.45,2026-10-05
FORTIS,2026-09-11,900.0,885.0,887.8,2026-10-05
FORTIS,2026-09-15,896.55,875.2,880.1,2026-10-05
FORTIS,2026-09-16,880.1,861.4,870.3,2026-10-05
FORTIS,2026-09-17,897.0,874.35,886.1,2026-10-05
FORTIS,2026-09-18,899.7,884.7,886.0,2026-10-05
FORTIS,2026-09-21,906.5,887.2,893.5,2026-10-05
FORTIS,2026-09-22,908.8,892.35,896.55,2026-10-05
FORTIS,2026-09-23,898.4,887.4,894.0,2026-10-05
FORTIS,2026-09-24,897.15,877.35,877.35,2026-10-05
FORTIS,2026-09-25,880.55,832.0,837.85,2026-10-05
FORTIS,2026-09-28,840.2,817.25,830.75,2026-10-05
FORTIS,2026-09-29,838.05,815.2,822.0,2026-10-05
FORTIS,2026-09-30,821.0,757.45,770.0,2026-10-05
FORTIS,2026-10-01,786.4,745.35,785.0,2026-10-05
GAIL,2026-08-20,173.59,172.06,172.5,2026-10-05
GAIL,2026-08-21,173.24,171.61,172.0,2026-10-05
GAIL,2026-08-24,173.79,172.0,173.75,2026-10-05
GAIL,2026-08-25,176.29,172.39,175.5,2026-10-05
GAIL,2026-08-26,176.26,174.09,174.49,2026-10-05
GAIL,2026-08-27,174.84,171.0,172.44,2026-10-05
GAIL,2026-08-28,172.44,170.11,171.1,2026-10-05
GAIL,2026-08-31,177.5,170.33,177.5,2026-10-05
GAIL,2026-09-01,174.39,172.07,172.69,2026-10-05
GAIL,2026-09-02,173.6,171.02,173.0,2026-10-05
GAIL,2026-09-03,174.67,172.01,174.67,2026-10-05
GAIL,2026-09-04,174.27,171.92,173.4,2026-10-05
GAIL,2026-09-07,177.3,172.8,176.0,2026-10-05
GAIL,2026-09-08,176.2,173.84,175.09,2026-10-05
GAIL,2026-09-09,175.59,173.61,174.9,2026-10-05
GAIL,2026-09-10,176.5,173.25,174.49,2026-10-05
GAIL,2026-09-11,175.18,173.01,173.62,2026-10-05
GAIL,2026-09-15,173.82,169.73,170.88,2026-10-05
GAIL,2026-09-16,171.88,168.72,170.65,2026-10-05
GAIL,2026-09-17,172.82,171.24,172.0,2026-10-05
GAIL,2026-09-18,174.65,172.0,173.9,2026-10-05
GAIL,2026-09-21,174.38,172.61,172.61,2026-10-05
GAIL,2026-09-22,174.3,171.35,171.84,2026-10-05
GAIL,2026-09-23,173.79,172.0,172.95,2026-10-05
GAIL,2026-09-24,173.85,171.84,173.85,2026-10-05
GAIL,2026-09-25,173.98,171.59,172.7,2026-10-05
GAIL,2026-09-28,174.71,171.0,172.45,2026-10-05
GAIL,2026-09-29,173.26,168.43,170.04,2026-10-05
GAIL,2026-09-30,172.99,170.21,170.55,2026-10-05
GAIL,2026-10-01,171.89,168.55,171.22,2026-10-05
GLENMARK,2026-08-20,2342.0,2252.1,2332.9,2026-10-05
GLENMARK,2026-08-21,2348.6,2303.0,2317.9,2026-10-05
GLENMARK,2026-08-24,2395.0,2295.3,2390.7,2026-10-05
GLENMARK,2026-08-25,2421.0,2376.0,2400.0,2026-10-05
GLENMARK,2026-08-26,2457.5,2384.5,2438.3,2026-10-05
GLENMARK,2026-08-27,2484.0,2440.6,2460.0,2026-10-05
GLENMARK,2026-08-28,2537.6,2431.7,2515.0,2026-10-05
GLENMARK,2026-08-31,2532.4,2452.0,2480.0,2026-10-05
GLENMARK,2026-09-01,2494.9,2455.0,2470.4,2026-10-05
GLENMARK,2026-09-02,2476.9,2420.0,2460.0,2026-10-05
GLENMARK,2026-09-03,2471.8,2425.1,2459.0,2026-10-05
GLENMARK,2026-09-04,2456.7,2422.7,2437.2,2026-10-05
GLENMARK,2026-09-07,2472.0,2420.2,2451.9,2026-10-05
GLENMARK,2026-09-08,2492.0,2439.0,2474.5,2026-10-05
GLENMARK,2026-09-09,2486.9,2400.1,2435.0,2026-10-05
GLENMARK,2026-09-10,2449.9,2403.1,2415.0,2026-10-05
GLENMARK,2026-09-11,2431.9,2384.1,2419.2,2026-10-05
GLENMARK,2026-09-15,2429.8,2346.6,2371.7,2026-10-05
GLENMARK,2026-09-16,2425.8,2306.3,2410.0,2026-10-05
GLENMARK,2026-09-17,2416.9,2388.4,2416.0,2026-10-05
GLENMARK,2026-09-18,2447.4,2396.8,2447.4,2026-10-05
GLENMARK,2026-09-21,2473.6,2424.0,2450.0,2026-10-05
GLENMARK,2026-09-22,2472.0,2443.0,2461.4,2026-10-05
GLENMARK,2026-09-23,2482.6,2453.6,2475.0,2026-10-05
GLENMARK,2026-09-24,2470.0,2422.0,2430.4,2026-10-05
GLENMARK,2026-09-25,2435.2,2365.7,2380.0,2026-10-05
GLENMARK,2026-09-28,2392.5,2307.3,2325.7,2026-10-05
GLENMARK,2026-09-29,2441.5,2292.0,2441.5,2026-10-05
GLENMARK,2026-09-30,2410.0,2334.7,2334.7,2026-10-05
GLENMARK,2026-10-01,2360.0,2279.3,2331.0,2026-10-05
GMRAIRPORT,2026-08-20,103.38,100.41,100.41,2026-10-05
GMRAIRPORT,2026-08-21,101.4,99.5,99.63,2026-10-05
GMRAIRPORT,2026-08-24,100.63,98.0,98.82,2026-10-05
GMRAIRPORT,2026-08-25,99.85,98.15,99.85,2026-10-05
GMRAIRPORT,2026-08-26,100.66,98.35,98.85,2026-10-05
GMRAIRPORT,2026-08-27,100.2,98.52,98.68,2026-10-05
GMRAIRPORT,2026-08-28,99.35,98.11,98.31,2026-10-05
GMRAIRPORT,2026-08-31,98.0,93.63,93.63,2026-10-05
GMRAIRPORT,2026-09-01,96.3,93.08,94.12,2026-10-05
GMRAIRPORT,2026-09-02,94.21,92.6,93.99,2026-10-05
GMRAIRPORT,2026-09-03,96.87,94.31,96.87,2026-10-05
GMRAIRPORT,2026-09-04,97.98,96.3,97.45,2026-10-05
GMRAIRPORT,2026-09-07,98.48,95.65,95.94,2026-10-05
GMRAIRPORT,2026-09-08,97.28,95.74,97.0,2026-10-05
GMRAIRPORT,2026-09-09,98.73,96.26,98.65,2026-10-05
GMRAIRPORT,2026-09-10,98.61,96.82,97.46,2026-10-05
GMRAIRPORT,2026-09-11,97.98,95.28,97.98,2026-10-05
GMRAIRPORT,2026-09-15,98.28,92.92,92.97,2026-10-05
GMRAIRPORT,2026-09-16,93.81,91.99,92.46,2026-10-05
GMRAIRPORT,2026-09-17,95.72,92.46,95.04,2026-10-05
GMRAIRPORT,2026-09-18,99.3,95.41,99.3,2026-10-05
GMRAIRPORT,2026-09-21,101.28,98.15,98.7,2026-10-05
GMRAIRPORT,2026-09-22,99.5,97.69,98.35,2026-10-05
GMRAIRPORT,2026-09-23,99.14,97.98,99.14,2026-10-05
GMRAIRPORT,2026-09-24,99.59,97.11,97.35,2026-10-05
GMRAIRPORT,2026-09-25,98.2,96.64,97.95,2026-10-05
GMRAIRPORT,2026-09-28,97.5,94.06,94.75,2026-10-05
GMRAIRPORT,2026-09-29,94.74,93.5,93.75,2026-10-05
GMRAIRPORT,2026-09-30,95.34,93.29,95.15,2026-10-05
GMRAIRPORT,2026-10-01,94.81,91.63,93.16,2026-10-05
GODFRYPHLP,2026-08-20,2163.8,2095.0,2103.1,2026-10-05
GODFRYPHLP,2026-08-21,2120.8,2099.8,2117.0,2026-10-05
GODFRYPHLP,2026-08-24,2125.6,2095.9,2100.5,2026-10-05
GODFRYPHLP,2026-08-25,2107.0,2067.1,2107.0,2026-10-05
GODFRYPHLP,2026-08-26,2163.9,2105.9,2153.3,2026-10-05
GODFRYPHLP,2026-08-27,2161.0,2110.0,2115.0,2026-10-05
GODFRYPHLP,2026-08-28,2140.0,2105.9,2123.7,2026-10-05
GODFRYPHLP,2026-08-31,2141.6,2088.0,2104.8,2026-10-05
GODFRYPHLP,2026-09-01,2118.7,2072.0,2078.3,2026-10-05
GODFRYPHLP,2026-09-02,2074.8,2025.4,2025.4,2026-10-05
GODFRYPHLP,2026-09-03,2055.5,2030.0,2045.0,2026-10-05
GODFRYPHLP,2026-09-04,2073.3,2040.0,2051.0,2026-10-05
GODFRYPHLP,2026-09-07,2058.9,2011.0,2029.0,2026-10-05
GODFRYPHLP,2026-09-08,2036.9,2003.0,2010.0,2026-10-05
GODFRYPHLP,2026-09-09,2010.0,1972.0,1978.5,2026-10-05
GODFRYPHLP,2026-09-10,2002.9,1961.0,1972.0,2026-10-05
GODFRYPHLP,2026-09-11,1965.8,1921.2,1927.0,2026-10-05
GODFRYPHLP,2026-09-15,1957.0,1900.0,1915.0,2026-10-05
GODFRYPHLP,2026-09-16,1938.7,1895.0,1934.0,2026-10-05
GODFRYPHLP,2026-09-17,1948.8,1929.5,1943.0,2026-10-05
GODFRYPHLP,2026-09-18,2018.0,1943.7,2018.0,2026-10-05
GODFRYPHLP,2026-09-21,2004.0,1972.0,1980.0,2026-10-05
GODFRYPHLP,2026-09-22,1997.1,1967.0,1970.0,2026-10-05
GODFRYPHLP,2026-09-23,2019.1,1977.8,2003.0,2026-10-05
GODFRYPHLP,2026-09-24,1999.9,1965.5,1974.0,2026-10-05
GODFRYPHLP,2026-09-25,1987.4,1965.0,1970.4,2026-10-05
GODFRYPHLP,2026-09-28,1993.4,1921.8,1931.5,2026-10-05
GODFRYPHLP,2026-09-29,1944.2,1862.0,1862.0,2026-10-05
GODFRYPHLP,2026-09-30,1932.0,1882.1,1891.8,2026-10-05
GODFRYPHLP,2026-10-01,1913.1,1830.0,1849.7,2026-10-05
GODREJCP,2026-08-20,948.0,934.0,947.0,2026-10-05
GODREJCP,2026-08-21,945.8,928.0,933.0,2026-10-05
GODREJCP,2026-08-24,934.3,918.4,928.9,2026-10-05
GODREJCP,2026-08-25,930.9,918.2,929.2,2026-10-05
GODREJCP,2026-08-26,933.9,922.8,922.8,2026-10-05
GODREJCP,2026-08-27,930.0,912.0,923.0,2026-10-05
GODREJCP,2026-08-28,927.8,911.6,915.0,2026-10-05
GODREJCP,2026-08-31,913.3,901.3,901.3,2026-10-05
GODREJCP,2026-09-01,905.65,891.1,905.0,2026-10-05
GODREJCP,2026-09-02,905.0,891.5,905.0,2026-10-05
GODREJCP,2026-09-03,893.0,859.55,880.0,2026-10-05
GODREJCP,2026-09-04,880.0,866.1,878.0,2026-10-05
GODREJCP,2026-09-07,879.05,857.1,861.9,2026-10-05
GODREJCP,2026-09-08,870.95,855.15,865.0,2026-10-05
GODREJCP,2026-09-09,867.95,856.1,863.8,2026-10-05
GODREJCP,2026-09-10,872.8,859.0,869.9,2026-10-05
GODREJCP,2026-09-11,872.6,859.0,865.0,2026-10-05
GODREJCP,2026-09-15,877.0,856.6,857.0,2026-10-05
GODREJCP,2026-09-16,876.85,856.0,863.0,2026-10-05
GODREJCP,2026-09-17,876.0,865.15,873.0,2026-10-05
GODREJCP,2026-09-18,886.0,870.45,880.0,2026-10-05
GODREJCP,2026-09-21,891.0,866.1,867.5,2026-10-05
GODREJCP,2026-09-22,878.8,864.2,873.6,2026-10-05
GODREJCP,2026-09-23,883.65,871.5,879.75,2026-10-05
GODREJCP,2026-09-24,884.7,871.2,875.0,2026-10-05
GODREJCP,2026-09-25,880.55,871.45,880.0,2026-10-05
GODREJCP,2026-09-28,876.75,859.5,868.0,2026-10-05
GODREJCP,2026-09-29,870.0,850.0,855.0,2026-10-05
GODREJCP,2026-09-30,857.95,848.0,850.0,2026-10-05
GODREJCP,2026-10-01,852.0,838.0,840.0,2026-10-05
GODREJPROP,2026-08-20,2041.9,2001.3,2020.0,2026-10-05
GODREJPROP,2026-08-21,2039.8,2013.2,2035.0,2026-10-05
GODREJPROP,2026-08-24,2047.9,2028.3,2039.9,2026-10-05
GODREJPROP,2026-08-25,2049.0,2011.5,2049.0,2026-10-05
GODREJPROP,2026-08-26,2088.5,2035.1,2035.1,2026-10-05
GODREJPROP,2026-08-27,2095.0,2023.9,2069.4,2026-10-05
GODREJPROP,2026-08-28,2083.3,2024.5,2029.1,2026-10-05
GODREJPROP,2026-08-31,2025.0,1962.6,2014.7,2026-10-05
GODREJPROP,2026-09-01,2023.2,1965.0,1978.0,2026-10-05
GODREJPROP,2026-09-02,1970.7,1908.9,1970.7,2026-10-05
GODREJPROP,2026-09-03,2056.7,1960.0,2001.5,2026-10-05
GODREJPROP,2026-09-04,2021.7,1971.0,1982.0,2026-10-05
GODREJPROP,2026-09-07,1984.0,1891.1,1922.2,2026-10-05
GODREJPROP,2026-09-08,1926.3,1885.1,1906.6,2026-10-05
GODREJPROP,2026-09-09,1908.2,1855.0,1857.1,2026-10-05
GODREJPROP,2026-09-10,1874.8,1836.0,1872.0,2026-10-05
GODREJPROP,2026-09-11,1855.0,1719.0,1748.0,2026-10-05
GODREJPROP,2026-09-15,1759.7,1657.4,1659.3,2026-10-05
GODREJPROP,2026-09-16,1703.7,1647.6,1665.3,2026-10-05
GODREJPROP,2026-09-17,1695.3,1657.7,1678.2,2026-10-05
GODREJPROP,2026-09-18,1721.3,1686.6,1691.1,2026-10-05
GODREJPROP,2026-09-21,1720.9,1696.0,1696.9,2026-10-05
GODREJPROP,2026-09-22,1732.0,1690.2,1699.5,2026-10-05
GODREJPROP,2026-09-23,1720.0,1700.9,1707.6,2026-10-05
GODREJPROP,2026-09-24,1707.9,1665.7,1671.2,2026-10-05
GODREJPROP,2026-09-25,1700.1,1666.0,1700.1,2026-10-05
GODREJPROP,2026-09-28,1708.0,1667.0,1669.8,2026-10-05
GODREJPROP,2026-09-29,1671.3,1634.4,1634.4,2026-10-05
GODREJPROP,2026-09-30,1659.6,1623.4,1628.5,2026-10-05
GODREJPROP,2026-10-01,1632.9,1566.6,1595.8,2026-10-05
GRASIM,2026-08-20,3310.0,3250.0,3300.0,2026-10-05
GRASIM,2026-08-21,3343.1,3258.0,3308.0,2026-10-05
GRASIM,2026-08-24,3316.0,3263.0,3288.0,2026-10-05
GRASIM,2026-08-25,3300.2,3222.1,3289.6,2026-10-05
GRASIM,2026-08-26,3310.0,3262.4,3299.9,2026-10-05
GRASIM,2026-08-27,3299.8,3258.0,3258.0,2026-10-05
GRASIM,2026-08-28,3292.5,3229.0,3290.0,2026-10-05
GRASIM,2026-08-31,3371.0,3250.0,3371.0,2026-10-05
GRASIM,2026-09-01,3337.0,3287.1,3305.0,2026-10-05
GRASIM,2026-09-02,3298.3,3235.5,3294.9,2026-10-05
GRASIM,2026-09-03,3325.2,3275.1,3310.0,2026-10-05
GRASIM,2026-09-04,3332.6,3268.1,3322.0,2026-10-05
GRASIM,2026-09-07,3327.7,3293.0,3302.4,2026-10-05
GRASIM,2026-09-08,3318.2,3277.0,3306.8,2026-10-05
GRASIM,2026-09-09,3320.0,3279.0,3300.0,2026-10-05
GRASIM,2026-09-10,3324.4,3279.9,3319.0,2026-10-05
GRASIM,2026-09-11,3302.4,3267.0,3281.9,2026-10-05
GRASIM,2026-09-15,3272.0,3171.0,3171.0,2026-10-05
GRASIM,2026-09-16,3201.8,3159.1,3187.0,2026-10-05
GRASIM,2026-09-17,3205.0,3159.0,3173.1,2026-10-05
GRASIM,2026-09-18,3209.2,3174.5,3209.2,2026-10-05
GRASIM,2026-09-21,3217.3,3166.0,3166.0,2026-10-05
GRASIM,2026-09-22,3180.8,3125.0,3128.2,2026-10-05
GRASIM,2026-09-23,3190.0,3127.1,3188.5,2026-10-05
GRASIM,2026-09-24,3203.7,3150.6,3166.5,2026-10-05
GRASIM,2026-09-25,3212.5,3161.0,3191.0,2026-10-05
GRASIM,2026-09-28,3186.0,3138.0,3150.0,2026-10-05
GRASIM,2026-09-29,3151.5,3089.0,3100.0,2026-10-05
GRASIM,2026-09-30,3112.3,3046.4,3061.9,2026-10-05
GRASIM,2026-10-01,3045.0,2944.4,2962.0,2026-10-05
GVT&D,2026-08-20,4143.0,4050.1,4050.1,2026-10-05
GVT&D,2026-08-21,4217.3,4025.0,4127.2,2026-10-05
GVT&D,2026-08-24,4249.0,4112.7,4177.9,2026-10-05
GVT&D,2026-08-25,4185.0,4060.1,4185.0,2026-10-05
GVT&D,2026-08-26,4368.9,4170.5,4340.0,2026-10-05
GVT&D,2026-08-27,4539.0,4359.6,4407.8,2026-10-05
GVT&D,2026-08-28,4416.4,4331.0,4339.2,2026-10-05
GVT&D,2026-08-31,4445.2,4264.8,4445.2,2026-10-05
GVT&D,2026-09-01,4400.0,4268.8,4324.0,2026-10-05
GVT&D,2026-09-02,4282.5,4183.2,4240.0,2026-10-05
GVT&D,2026-09-03,4367.0,4242.0,4362.0,2026-10-05
GVT&D,2026-09-04,4399.5,4304.3,4306.3,2026-10-05
GVT&D,2026-09-07,4389.1,4321.1,4367.2,2026-10-05
GVT&D,2026-09-08,4793.0,4610.0,4750.0,2026-10-05
GVT&D,2026-09-09,4825.0,4638.8,4673.0,2026-10-05
GVT&D,2026-09-10,4666.9,4525.0,4545.0,2026-10-05
GVT&D,2026-09-11,4548.1,4428.7,4548.1,2026-10-05
GVT&D,2026-09-15,4520.0,4191.6,4246.9,2026-10-05
GVT&D,2026-09-16,4315.7,4149.7,4267.0,2026-10-05
GVT&D,2026-09-17,4394.3,4266.0,4341.0,2026-10-05
GVT&D,2026-09-18,4433.9,4357.5,4385.0,2026-10-05
GVT&D,2026-09-21,4458.3,4366.1,4366.1,2026-10-05
GVT&D,2026-09-22,4513.5,4348.0,4348.0,2026-10-05
GVT&D,2026-09-23,4433.0,4335.2,4417.0,2026-10-05
GVT&D,2026-09-24,4405.0,4286.3,4286.3,2026-10-05
GVT&D,2026-09-25,4327.6,4250.0,4280.0,2026-10-05
GVT&D,2026-09-28,4307.0,4175.0,4203.0,2026-10-05
GVT&D,2026-09-29,4229.0,4110.9,4130.3,2026-10-05
GVT&D,2026-09-30,4258.4,4126.9,4201.0,2026-10-05
GVT&D,2026-10-01,4334.0,4213.3,4253.2,2026-10-05
HAL,2026-08-20,5049.0,4972.0,4998.0,2026-10-05
HAL,2026-08-21,5092.0,4972.0,5000.0,2026-10-05
HAL,2026-08-24,4990.0,4858.0,4906.0,2026-10-05
HAL,2026-08-25,4900.0,4805.0,4900.0,2026-10-05
HAL,2026-08-26,4937.6,4865.5,4865.5,2026-10-05
HAL,2026-08-27,4935.0,4875.0,4899.0,2026-10-05
HAL,2026-08-28,4890.0,4816.0,4861.1,2026-10-05
HAL,2026-08-31,4844.0,4777.0,4801.6,2026-10-05
HAL,2026-09-01,4819.6,4771.6,4807.6,2026-10-05
HAL,2026-09-02,4793.5,4707.0,4780.0,2026-10-05
HAL,2026-09-03,4810.0,4750.0,4765.6,2026-10-05
HAL,2026-09-04,4936.0,4817.4,4856.0,2026-10-05
HAL,2026-09-07,4909.9,4835.4,4855.2,2026-10-05
HAL,2026-09-08,5072.0,4903.7,5031.1,2026-10-05
HAL,2026-09-09,5097.4,5000.5,5000.5,2026-10-05
HAL,2026-09-10,5052.4,4914.6,4950.0,2026-10-05
HAL,2026-09-11,4930.0,4875.0,4905.0,2026-10-05
HAL,2026-09-15,4940.0,4674.0,4695.0,2026-10-05
HAL,2026-09-16,4709.6,4615.8,4695.6,2026-10-05
HAL,2026-09-17,4799.0,4687.0,4788.0,2026-10-05
HAL,2026-09-18,4890.0,4780.0,4800.3,2026-10-05
HAL,2026-09-21,4888.9,4825.0,4826.0,2026-10-05
HAL,2026-09-22,4879.5,4776.2,4800.0,2026-10-05
HAL,2026-09-23,4849.0,4802.0,4836.0,2026-10-05
HAL,2026-09-24,4846.7,4770.0,4774.2,2026-10-05
HAL,2026-09-25,4819.5,4760.1,4800.0,2026-10-05
HAL,2026-09-28,4793.9,4720.7,4738.0,2026-10-05
HAL,2026-09-29,4723.1,4549.3,4549.3,2026-10-05
HAL,2026-09-30,4701.0,4614.7,4668.0,2026-10-05
HAL,2026-10-01,4699.7,4559.3,4601.0,2026-10-05
HAVELLS,2026-08-20,1289.7,1267.6,1278.0,2026-10-05
HAVELLS,2026-08-21,1279.5,1259.1,1268.0,2026-10-05
HAVELLS,2026-08-24,1271.6,1255.4,1268.5,2026-10-05
HAVELLS,2026-08-25,1299.1,1252.3,1269.1,2026-10-05
HAVELLS,2026-08-26,1276.7,1258.7,1258.7,2026-10-05
HAVELLS,2026-08-27,1265.0,1241.0,1241.0,2026-10-05
HAVELLS,2026-08-28,1247.0,1190.1,1222.9,2026-10-05
HAVELLS,2026-08-31,1244.1,1199.2,1244.1,2026-10-05
HAVELLS,2026-09-01,1229.0,1212.2,1222.8,2026-10-05
HAVELLS,2026-09-02,1220.0,1183.0,1193.0,2026-10-05
HAVELLS,2026-09-03,1205.3,1190.1,1200.0,2026-10-05
HAVELLS,2026-09-04,1178.0,1149.7,1154.0,2026-10-05
HAVELLS,2026-09-07,1159.7,1140.0,1150.0,2026-10-05
HAVELLS,2026-09-08,1147.6,1135.4,1140.0,2026-10-05
HAVELLS,2026-09-09,1143.5,1118.9,1120.4,2026-10-05
HAVELLS,2026-09-10,1126.0,1105.5,1116.0,2026-10-05
HAVELLS,2026-09-11,1114.7,1096.2,1111.0,2026-10-05
HAVELLS,2026-09-15,1117.0,1081.1,1087.0,2026-10-05
HAVELLS,2026-09-16,1106.9,1084.8,1089.9,2026-10-05
HAVELLS,2026-09-17,1095.6,1083.5,1092.0,2026-10-05
HAVELLS,2026-09-18,1132.4,1086.0,1132.4,2026-10-05
HAVELLS,2026-09-21,1113.4,1100.5,1103.1,2026-10-05
HAVELLS,2026-09-22,1109.4,1086.0,1088.9,2026-10-05
HAVELLS,2026-09-23,1098.0,1086.1,1096.5,2026-10-05
HAVELLS,2026-09-24,1102.9,1087.0,1090.0,2026-10-05
HAVELLS,2026-09-25,1097.3,1085.2,1096.5,2026-10-05
HAVELLS,2026-09-28,1099.9,1074.5,1085.0,2026-10-05
HAVELLS,2026-09-29,1081.5,1043.3,1043.3,2026-10-05
HAVELLS,2026-09-30,1054.4,1015.1,1016.0,2026-10-05
HAVELLS,2026-10-01,1041.8,1019.7,1040.0,2026-10-05
HCLTECH,2026-08-20,1345.3,1318.4,1318.4,2026-10-05
HCLTECH,2026-08-21,1321.7,1302.5,1302.5,2026-10-05
HCLTECH,2026-08-24,1325.8,1301.0,1322.0,2026-10-05
HCLTECH,2026-08-25,1322.9,1294.4,1315.8,2026-10-05
HCLTECH,2026-08-26,1323.0,1296.6,1298.5,2026-10-05
HCLTECH,2026-08-27,1304.7,1280.0,1282.0,2026-10-05
HCLTECH,2026-08-28,1334.2,1290.0,1316.1,2026-10-05
HCLTECH,2026-08-31,1322.6,1297.7,1312.2,2026-10-05
HCLTECH,2026-09-01,1368.0,1313.1,1351.4,2026-10-05
HCLTECH,2026-09-02,1349.3,1317.4,1331.5,2026-10-05
HCLTECH,2026-09-03,1345.0,1308.0,1319.0,2026-10-05
HCLTECH,2026-09-04,1331.4,1291.2,1293.4,2026-10-05
HCLTECH,2026-09-07,1286.8,1263.0,1282.8,2026-10-05
HCLTECH,2026-09-08,1290.0,1268.2,1277.0,2026-10-05
HCLTECH,2026-09-09,1264.8,1222.7,1229.8,2026-10-05
HCLTECH,2026-09-10,1237.0,1196.9,1207.0,2026-10-05
HCLTECH,2026-09-11,1223.4,1195.7,1206.1,2026-10-05
HCLTECH,2026-09-15,1290.0,1250.0,1253.7,2026-10-05
HCLTECH,2026-09-16,1284.6,1244.9,1253.0,2026-10-05
HCLTECH,2026-09-17,1258.3,1235.3,1258.3,2026-10-05
HCLTECH,2026-09-18,1260.8,1235.6,1249.3,2026-10-05
HCLTECH,2026-09-21,1284.9,1237.3,1281.0,2026-10-05
HCLTECH,2026-09-22,1286.1,1240.3,1270.4,2026-10-05
HCLTECH,2026-09-23,1279.8,1250.0,1256.7,2026-10-05
HCLTECH,2026-09-24,1263.3,1242.8,1243.6,2026-10-05
HCLTECH,2026-09-25,1266.5,1234.6,1258.0,2026-10-05
HCLTECH,2026-09-28,1267.3,1241.8,1252.6,2026-10-05
HCLTECH,2026-09-29,1261.0,1222.0,1222.0,2026-10-05
HCLTECH,2026-09-30,1256.4,1224.8,1230.0,2026-10-05
HCLTECH,2026-10-01,1256.0,1228.9,1243.1,2026-10-05
HDFCAMC,2026-08-20,2624.0,2553.0,2624.0,2026-10-05
HDFCAMC,2026-08-21,2623.9,2596.0,2610.0,2026-10-05
HDFCAMC,2026-08-24,2629.0,2605.9,2618.0,2026-10-05
HDFCAMC,2026-08-25,2698.0,2606.8,2698.0,2026-10-05
HDFCAMC,2026-08-26,2698.0,2651.0,2667.9,2026-10-05
HDFCAMC,2026-08-27,2691.0,2559.9,2575.0,2026-10-05
HDFCAMC,2026-08-28,2589.2,2539.0,2569.0,2026-10-05
HDFCAMC,2026-08-31,2622.1,2523.1,2622.1,2026-10-05
HDFCAMC,2026-09-01,2580.5,2526.0,2544.9,2026-10-05
HDFCAMC,2026-09-02,2528.5,2477.0,2525.7,2026-10-05
HDFCAMC,2026-09-03,2535.4,2486.0,2510.8,2026-10-05
HDFCAMC,2026-09-04,2517.8,2456.0,2458.3,2026-10-05
HDFCAMC,2026-09-07,2473.6,2432.0,2432.0,2026-10-05
HDFCAMC,2026-09-08,2454.0,2433.0,2447.3,2026-10-05
HDFCAMC,2026-09-09,2446.4,2410.9,2440.0,2026-10-05
HDFCAMC,2026-09-10,2448.1,2401.0,2433.8,2026-10-05
HDFCAMC,2026-09-11,2424.6,2366.1,2403.9,2026-10-05
HDFCAMC,2026-09-15,2423.9,2385.0,2409.0,2026-10-05
HDFCAMC,2026-09-16,2408.5,2360.0,2373.1,2026-10-05
HDFCAMC,2026-09-17,2415.0,2378.1,2387.7,2026-10-05
HDFCAMC,2026-09-18,2439.0,2401.2,2425.0,2026-10-05
HDFCAMC,2026-09-21,2456.2,2412.4,2440.0,2026-10-05
HDFCAMC,2026-09-22,2451.8,2414.1,2430.0,2026-10-05
HDFCAMC,2026-09-23,2454.0,2426.0,2448.3,2026-10-05
HDFCAMC,2026-09-24,2432.0,2380.3,2380.3,2026-10-05
HDFCAMC,2026-09-25,2395.5,2366.5,2378.0,2026-10-05
HDFCAMC,2026-09-28,2366.2,2300.7,2302.3,2026-10-05
HDFCAMC,2026-09-29,2303.0,2223.3,2223.3,2026-10-05
HDFCAMC,2026-09-30,2314.0,2252.6,2280.7,2026-10-05
HDFCAMC,2026-10-01,2321.1,2269.7,2308.1,2026-10-05
HDFCBANK,2026-08-20,728.3,724.3,725.05,2026-10-05
HDFCBANK,2026-08-21,732.8,726.6,726.95,2026-10-05
HDFCBANK,2026-08-24,734.4,724.1,729.0,2026-10-05
HDFCBANK,2026-08-25,728.7,722.0,727.5,2026-10-05
HDFCBANK,2026-08-26,731.0,724.15,727.2,2026-10-05
HDFCBANK,2026-08-27,728.15,710.0,711.0,2026-10-05
HDFCBANK,2026-08-28,720.3,707.0,720.3,2026-10-05
HDFCBANK,2026-08-31,739.75,704.15,709.0,2026-10-05
HDFCBANK,2026-09-01,715.45,698.5,711.9,2026-10-05
HDFCBANK,2026-09-02,705.65,700.0,700.8,2026-10-05
HDFCBANK,2026-09-03,712.6,705.0,706.65,2026-10-05
HDFCBANK,2026-09-04,716.5,708.35,712.1,2026-10-05
HDFCBANK,2026-09-07,713.0,707.05,710.5,2026-10-05
HDFCBANK,2026-09-08,708.9,703.0,703.0,2026-10-05
HDFCBANK,2026-09-09,700.0,687.1,687.1,2026-10-05
HDFCBANK,2026-09-10,694.5,686.2,693.8,2026-10-05
HDFCBANK,2026-09-11,709.0,681.9,708.25,2026-10-05
HDFCBANK,2026-09-15,730.75,715.05,716.55,2026-10-05
HDFCBANK,2026-09-16,725.4,710.85,721.5,2026-10-05
HDFCBANK,2026-09-17,719.4,713.0,713.0,2026-10-05
HDFCBANK,2026-09-18,733.8,715.25,731.0,2026-10-05
HDFCBANK,2026-09-21,742.65,729.05,739.5,2026-10-05
HDFCBANK,2026-09-22,749.3,738.6,738.6,2026-10-05
HDFCBANK,2026-09-23,742.8,734.0,737.25,2026-10-05
HDFCBANK,2026-09-24,734.85,722.7,728.9,2026-10-05
HDFCBANK,2026-09-25,739.65,723.0,735.6,2026-10-05
HDFCBANK,2026-09-28,733.0,718.1,719.05,2026-10-05
HDFCBANK,2026-09-29,722.7,706.25,722.7,2026-10-05
HDFCBANK,2026-09-30,720.3,708.7,708.7,2026-10-05
HDFCBANK,2026-10-01,721.3,707.1,721.2,2026-10-05
HDFCLIFE,2026-08-20,543.2,536.65,542.0,2026-10-05
HDFCLIFE,2026-08-21,554.8,537.2,554.8,2026-10-05
HDFCLIFE,2026-08-24,557.0,549.0,552.95,2026-10-05
HDFCLIFE,2026-08-25,555.65,545.8,546.7,2026-10-05
HDFCLIFE,2026-08-26,563.5,549.1,553.0,2026-10-05
HDFCLIFE,2026-08-27,557.0,548.0,548.0,2026-10-05
HDFCLIFE,2026-08-28,550.95,543.8,548.0,2026-10-05
HDFCLIFE,2026-08-31,546.95,538.8,543.35,2026-10-05
HDFCLIFE,2026-09-01,544.25,537.4,540.3,2026-10-05
HDFCLIFE,2026-09-02,538.0,532.05,533.0,2026-10-05
HDFCLIFE,2026-09-03,539.7,530.55,533.5,2026-10-05
HDFCLIFE,2026-09-04,548.0,533.3,546.4,2026-10-05
HDFCLIFE,2026-09-07,546.4,533.2,533.2,2026-10-05
HDFCLIFE,2026-09-08,547.8,533.65,533.8,2026-10-05
HDFCLIFE,2026-09-09,534.6,508.95,514.0,2026-10-05
HDFCLIFE,2026-09-10,526.15,508.7,526.15,2026-10-05
HDFCLIFE,2026-09-11,531.5,518.2,530.0,2026-10-05
HDFCLIFE,2026-09-15,530.65,516.1,516.1,2026-10-05
HDFCLIFE,2026-09-16,534.0,517.0,530.2,2026-10-05
HDFCLIFE,2026-09-17,560.95,529.95,557.0,2026-10-05
HDFCLIFE,2026-09-18,564.95,550.95,550.95,2026-10-05
HDFCLIFE,2026-09-21,565.9,551.65,559.4,2026-10-05
HDFCLIFE,2026-09-22,567.4,559.05,559.2,2026-10-05
HDFCLIFE,2026-09-23,565.5,556.4,561.5,2026-10-05
HDFCLIFE,2026-09-24,535.35,514.0,526.9,2026-10-05
HDFCLIFE,2026-09-25,535.0,516.45,531.0,2026-10-05
HDFCLIFE,2026-09-28,534.5,525.9,531.6,2026-10-05
HDFCLIFE,2026-09-29,528.35,518.6,523.55,2026-10-05
HDFCLIFE,2026-09-30,521.2,513.4,521.2,2026-10-05
HDFCLIFE,2026-10-01,538.9,517.4,534.2,2026-10-05
HEROMOTOCO,2026-08-20,5740.5,5670.0,5740.5,2026-10-05
HEROMOTOCO,2026-08-21,5735.0,5642.0,5735.0,2026-10-05
HEROMOTOCO,2026-08-24,5728.0,5650.0,5685.0,2026-10-05
HEROMOTOCO,2026-08-25,5682.0,5590.0,5624.5,2026-10-05
HEROMOTOCO,2026-08-26,5720.0,5595.0,5595.0,2026-10-05
HEROMOTOCO,2026-08-27,5610.0,5511.5,5550.0,2026-10-05
HEROMOTOCO,2026-08-28,5654.0,5529.0,5600.0,2026-10-05
HEROMOTOCO,2026-08-31,5614.0,5450.0,5450.0,2026-10-05
HEROMOTOCO,2026-09-01,5659.0,5495.5,5555.0,2026-10-05
HEROMOTOCO,2026-09-02,5485.0,5167.0,5300.0,2026-10-05
HEROMOTOCO,2026-09-03,5315.0,5271.0,5308.5,2026-10-05
HEROMOTOCO,2026-09-04,5322.5,5260.0,5300.0,2026-10-05
HEROMOTOCO,2026-09-07,5347.5,5270.0,5270.0,2026-10-05
HEROMOTOCO,2026-09-08,5339.5,5285.0,5333.5,2026-10-05
HEROMOTOCO,2026-09-09,5297.0,5205.5,5218.0,2026-10-05
HEROMOTOCO,2026-09-10,5280.0,5169.0,5280.0,2026-10-05
HEROMOTOCO,2026-09-11,5243.0,5186.0,5221.5,2026-10-05
HEROMOTOCO,2026-09-15,5327.5,5166.0,5166.0,2026-10-05
HEROMOTOCO,2026-09-16,5315.0,5186.5,5235.0,2026-10-05
HEROMOTOCO,2026-09-17,5341.0,5243.5,5325.0,2026-10-05
HEROMOTOCO,2026-09-18,5362.5,5285.5,5285.5,2026-10-05
HEROMOTOCO,2026-09-21,5425.0,5308.0,5419.0,2026-10-05
HEROMOTOCO,2026-09-22,5443.0,5368.0,5373.0,2026-10-05
HEROMOTOCO,2026-09-23,5448.5,5365.0,5394.0,2026-10-05
HEROMOTOCO,2026-09-24,5368.0,5294.0,5296.0,2026-10-05
HEROMOTOCO,2026-09-25,5397.0,5304.0,5360.0,2026-10-05
HEROMOTOCO,2026-09-28,5390.5,5306.0,5390.0,2026-10-05
HEROMOTOCO,2026-09-29,5384.0,5208.0,5208.0,2026-10-05
HEROMOTOCO,2026-09-30,5341.0,5236.5,5241.0,2026-10-05
HEROMOTOCO,2026-10-01,5290.0,5051.0,5168.0,2026-10-05
HINDALCO,2026-08-20,1048.0,1013.0,1029.85,2026-10-05
HINDALCO,2026-08-21,1040.45,1024.6,1034.0,2026-10-05
HINDALCO,2026-08-24,1058.5,1043.3,1058.5,2026-10-05
HINDALCO,2026-08-25,1057.0,1040.45,1051.05,2026-10-05
HINDALCO,2026-08-26,1059.5,1039.15,1053.0,2026-10-05
HINDALCO,2026-08-27,1061.8,1020.05,1024.0,2026-10-05
HINDALCO,2026-08-28,1037.4,1025.95,1037.4,2026-10-05
HINDALCO,2026-08-31,1029.9,1005.4,1015.45,2026-10-05
HINDALCO,2026-09-01,1033.9,1010.0,1014.4,2026-10-05
HINDALCO,2026-09-02,1011.2,998.2,1009.7,2026-10-05
HINDALCO,2026-09-03,1022.5,1002.1,1010.0,2026-10-05
HINDALCO,2026-09-04,1020.8,1005.0,1011.0,2026-10-05
HINDALCO,2026-09-07,1014.8,999.8,1006.0,2026-10-05
HINDALCO,2026-09-08,1024.7,1007.5,1009.0,2026-10-05
HINDALCO,2026-09-09,1032.4,1010.7,1026.9,2026-10-05
HINDALCO,2026-09-10,1029.5,1007.8,1014.0,2026-10-05
HINDALCO,2026-09-11,992.8,973.1,981.5,2026-10-05
HINDALCO,2026-09-15,981.0,958.7,958.7,2026-10-05
HINDALCO,2026-09-16,978.5,956.4,972.7,2026-10-05
HINDALCO,2026-09-17,987.2,970.5,980.5,2026-10-05
HINDALCO,2026-09-18,999.3,979.4,986.5,2026-10-05
HINDALCO,2026-09-21,993.5,976.0,981.2,2026-10-05
HINDALCO,2026-09-22,987.5,967.1,973.0,2026-10-05
HINDALCO,2026-09-23,1003.8,978.2,1003.8,2026-10-05
HINDALCO,2026-09-24,991.9,976.5,982.0,2026-10-05
HINDALCO,2026-09-25,983.4,971.2,977.0,2026-10-05
HINDALCO,2026-09-28,972.9,951.1,955.9,2026-10-05
HINDALCO,2026-09-29,963.5,947.1,955.2,2026-10-05
HINDALCO,2026-09-30,956.8,941.1,941.8,2026-10-05
HINDALCO,2026-10-01,946.65,923.5,941.85,2026-10-05
HINDPETRO,2026-08-20,368.85,363.2,363.2,2026-10-05
HINDPETRO,2026-08-21,367.0,362.25,363.25,2026-10-05
HINDPETRO,2026-08-24,372.6,364.3,371.95,2026-10-05
HINDPETRO,2026-08-25,374.15,369.5,373.2,2026-10-05
HINDPETRO,2026-08-26,381.7,373.4,375.5,2026-10-05
HINDPETRO,2026-08-27,376.25,368.9,371.0,2026-10-05
HINDPETRO,2026-08-28,370.9,363.85,364.0,2026-10-05
HINDPETRO,2026-08-31,365.75,355.4,365.75,2026-10-05
HINDPETRO,2026-09-01,364.55,358.1,363.1,2026-10-05
HINDPETRO,2026-09-02,362.9,355.4,359.0,2026-10-05
HINDPETRO,2026-09-03,361.6,357.35,361.35,2026-10-05
HINDPETRO,2026-09-04,360.05,355.55,356.5,2026-10-05
HINDPETRO,2026-09-07,356.9,349.55,356.9,2026-10-05
HINDPETRO,2026-09-08,355.95,346.0,347.0,2026-10-05
HINDPETRO,2026-09-09,350.9,343.55,348.9,2026-10-05
HINDPETRO,2026-09-10,353.85,346.95,352.65,2026-10-05
HINDPETRO,2026-09-11,354.9,340.1,352.0,2026-10-05
HINDPETRO,2026-09-15,355.2,344.2,345.3,2026-10-05
HINDPETRO,2026-09-16,352.25,343.05,350.05,2026-10-05
HINDPETRO,2026-09-17,353.65,350.35,350.6,2026-10-05
HINDPETRO,2026-09-18,359.0,350.5,359.0,2026-10-05
HINDPETRO,2026-09-21,359.85,355.5,357.6,2026-10-05
HINDPETRO,2026-09-22,365.2,354.7,360.7,2026-10-05
HINDPETRO,2026-09-23,364.65,358.0,360.0,2026-10-05
HINDPETRO,2026-09-24,358.0,349.3,350.4,2026-10-05
HINDPETRO,2026-09-25,353.8,348.65,351.0,2026-10-05
HINDPETRO,2026-09-28,349.35,340.45,342.45,2026-10-05
HINDPETRO,2026-09-29,349.35,337.2,349.2,2026-10-05
HINDPETRO,2026-09-30,357.4,350.35,350.35,2026-10-05
HINDPETRO,2026-10-01,352.8,344.0,345.0,2026-10-05
HINDUNILVR,2026-08-20,2043.6,2018.2,2028.0,2026-10-05
HINDUNILVR,2026-08-21,2034.7,2012.0,2015.0,2026-10-05
HINDUNILVR,2026-08-24,2030.0,2006.2,2030.0,2026-10-05
HINDUNILVR,2026-08-25,2029.2,2012.0,2024.2,2026-10-05
HINDUNILVR,2026-08-26,2051.9,2021.0,2021.0,2026-10-05
HINDUNILVR,2026-08-27,2028.0,2004.3,2009.0,2026-10-05
HINDUNILVR,2026-08-28,2018.0,1997.5,2010.4,2026-10-05
HINDUNILVR,2026-08-31,2008.6,1967.4,1967.4,2026-10-05
HINDUNILVR,2026-09-01,2003.0,1980.0,1994.8,2026-10-05
HINDUNILVR,2026-09-02,1983.8,1962.3,1975.0,2026-10-05
HINDUNILVR,2026-09-03,1978.9,1959.9,1962.0,2026-10-05
HINDUNILVR,2026-09-04,1984.2,1950.4,1973.4,2026-10-05
HINDUNILVR,2026-09-07,1974.2,1958.0,1960.0,2026-10-05
HINDUNILVR,2026-09-08,1990.8,1956.7,1980.0,2026-10-05
HINDUNILVR,2026-09-09,1979.6,1936.0,1945.0,2026-10-05
HINDUNILVR,2026-09-10,1950.0,1936.0,1942.3,2026-10-05
HINDUNILVR,2026-09-11,1946.6,1926.2,1927.0,2026-10-05
HINDUNILVR,2026-09-15,1969.4,1933.8,1938.1,2026-10-05
HINDUNILVR,2026-09-16,1977.0,1943.5,1962.0,2026-10-05
HINDUNILVR,2026-09-17,1968.9,1942.2,1942.2,2026-10-05
HINDUNILVR,2026-09-18,1959.6,1932.0,1932.0,2026-10-05
HINDUNILVR,2026-09-21,1966.6,1939.0,1947.0,2026-10-05
HINDUNILVR,2026-09-22,1956.8,1933.8,1933.8,2026-10-05
HINDUNILVR,2026-09-23,1954.0,1936.0,1950.0,2026-10-05
HINDUNILVR,2026-09-24,1953.0,1925.5,1933.5,2026-10-05
HINDUNILVR,2026-09-25,1942.9,1915.0,1942.9,2026-10-05
HINDUNILVR,2026-09-28,1933.2,1893.2,1896.0,2026-10-05
HINDUNILVR,2026-09-29,1898.9,1863.8,1863.8,2026-10-05
HINDUNILVR,2026-09-30,1889.6,1865.2,1879.1,2026-10-05
HINDUNILVR,2026-10-01,1873.6,1826.9,1836.0,2026-10-05
HINDZINC,2026-08-20,575.0,566.75,573.9,2026-10-05
HINDZINC,2026-08-21,598.5,579.6,594.9,2026-10-05
HINDZINC,2026-08-24,614.2,592.85,604.0,2026-10-05
HINDZINC,2026-08-25,600.6,586.85,592.6,2026-10-05
HINDZINC,2026-08-26,632.0,600.15,626.5,2026-10-05
HINDZINC,2026-08-27,631.4,610.05,610.1,2026-10-05
HINDZINC,2026-08-28,624.35,607.8,622.0,2026-10-05
HINDZINC,2026-08-31,602.9,592.0,595.45,2026-10-05
HINDZINC,2026-09-01,608.95,593.05,597.0,2026-10-05
HINDZINC,2026-09-02,592.9,581.3,588.4,2026-10-05
HINDZINC,2026-09-03,599.0,584.5,587.95,2026-10-05
HINDZINC,2026-09-04,603.0,592.0,601.0,2026-10-05
HINDZINC,2026-09-07,598.0,587.5,589.15,2026-10-05
HINDZINC,2026-09-08,606.7,593.0,595.5,2026-10-05
HINDZINC,2026-09-09,608.75,593.1,605.4,2026-10-05
HINDZINC,2026-09-10,610.9,592.25,593.6,2026-10-05
HINDZINC,2026-09-11,583.3,565.55,576.45,2026-10-05
HINDZINC,2026-09-15,574.95,560.9,560.9,2026-10-05
HINDZINC,2026-09-16,573.55,561.2,567.5,2026-10-05
HINDZINC,2026-09-17,574.65,562.8,572.3,2026-10-05
HINDZINC,2026-09-18,596.0,578.3,596.0,2026-10-05
HINDZINC,2026-09-21,595.0,585.9,591.8,2026-10-05
HINDZINC,2026-09-22,599.95,590.15,590.5,2026-10-05
HINDZINC,2026-09-23,602.8,592.55,595.45,2026-10-05
HINDZINC,2026-09-24,594.9,581.0,587.15,2026-10-05
HINDZINC,2026-09-25,596.4,587.65,588.95,2026-10-05
HINDZINC,2026-09-28,580.3,568.25,573.0,2026-10-05
HINDZINC,2026-09-29,576.55,563.2,563.3,2026-10-05
HINDZINC,2026-09-30,575.05,562.6,566.0,2026-10-05
HINDZINC,2026-10-01,566.35,547.2,555.05,2026-10-05
HYUNDAI,2026-08-20,2233.7,2180.4,2227.0,2026-10-05
HYUNDAI,2026-08-21,2251.7,2211.1,2218.8,2026-10-05
HYUNDAI,2026-08-24,2235.4,2206.1,2207.0,2026-10-05
HYUNDAI,2026-08-25,2243.8,2190.0,2232.5,2026-10-05
HYUNDAI,2026-08-26,2279.0,2232.3,2250.0,2026-10-05
HYUNDAI,2026-08-27,2281.0,2247.0,2253.0,2026-10-05
HYUNDAI,2026-08-28,2279.0,2240.3,2267.0,2026-10-05
HYUNDAI,2026-08-31,2280.0,2205.0,2205.0,2026-10-05
HYUNDAI,2026-09-01,2260.0,2156.2,2179.8,2026-10-05
HYUNDAI,2026-09-02,2168.0,2095.8,2154.4,2026-10-05
HYUNDAI,2026-09-03,2184.8,2147.6,2152.0,2026-10-05
HYUNDAI,2026-09-04,2214.5,2150.7,2205.0,2026-10-05
HYUNDAI,2026-09-07,2224.5,2190.2,2210.0,2026-10-05
HYUNDAI,2026-09-08,2222.0,2198.9,2220.0,2026-10-05
HYUNDAI,2026-09-09,2219.7,2152.5,2182.4,2026-10-05
HYUNDAI,2026-09-10,2227.0,2170.3,2205.0,2026-10-05
HYUNDAI,2026-09-11,2195.5,2170.6,2174.0,2026-10-05
HYUNDAI,2026-09-15,2217.9,2130.5,2140.0,2026-10-05
HYUNDAI,2026-09-16,2182.0,2135.4,2155.0,2026-10-05
HYUNDAI,2026-09-17,2232.1,2143.0,2160.0,2026-10-05
HYUNDAI,2026-09-18,2208.8,2155.5,2208.8,2026-10-05
HYUNDAI,2026-09-21,2178.0,2136.2,2144.0,2026-10-05
HYUNDAI,2026-09-22,2152.8,2097.6,2101.0,2026-10-05
HYUNDAI,2026-09-23,2110.8,2077.0,2095.0,2026-10-05
HYUNDAI,2026-09-24,2109.5,2060.0,2060.6,2026-10-05
HYUNDAI,2026-09-25,2135.0,2052.5,2115.0,2026-10-05
HYUNDAI,2026-09-28,2113.0,2040.5,2050.7,2026-10-05
HYUNDAI,2026-09-29,2100.0,2009.6,2100.0,2026-10-05
HYUNDAI,2026-09-30,2084.6,2026.7,2031.0,2026-10-05
HYUNDAI,2026-10-01,2078.6,2002.0,2024.0,2026-10-05
ICICIBANK,2026-08-20,1413.0,1403.3,1411.9,2026-10-05
ICICIBANK,2026-08-21,1420.0,1411.2,1420.0,2026-10-05
ICICIBANK,2026-08-24,1425.5,1408.7,1415.0,2026-10-05
ICICIBANK,2026-08-25,1424.9,1408.0,1422.7,2026-10-05
ICICIBANK,2026-08-26,1446.0,1423.1,1430.0,2026-10-05
ICICIBANK,2026-08-27,1453.8,1433.1,1443.0,2026-10-05
ICICIBANK,2026-08-28,1439.8,1418.9,1422.8,2026-10-05
ICICIBANK,2026-08-31,1454.0,1419.0,1454.0,2026-10-05
ICICIBANK,2026-09-01,1446.7,1422.8,1438.0,2026-10-05
ICICIBANK,2026-09-02,1436.0,1420.7,1426.5,2026-10-05
ICICIBANK,2026-09-03,1452.0,1430.0,1430.0,2026-10-05
ICICIBANK,2026-09-04,1438.3,1421.4,1423.2,2026-10-05
ICICIBANK,2026-09-07,1434.4,1422.6,1427.5,2026-10-05
ICICIBANK,2026-09-08,1424.9,1396.3,1399.4,2026-10-05
ICICIBANK,2026-09-09,1402.5,1385.5,1389.1,2026-10-05
ICICIBANK,2026-09-10,1393.0,1373.9,1384.5,2026-10-05
ICICIBANK,2026-09-11,1389.0,1367.6,1379.3,2026-10-05
ICICIBANK,2026-09-15,1390.0,1350.4,1350.4,2026-10-05
ICICIBANK,2026-09-16,1361.4,1348.0,1358.8,2026-10-05
ICICIBANK,2026-09-17,1363.0,1347.6,1347.6,2026-10-05
ICICIBANK,2026-09-18,1359.8,1338.9,1338.9,2026-10-05
ICICIBANK,2026-09-21,1352.0,1340.4,1345.0,2026-10-05
ICICIBANK,2026-09-22,1347.2,1333.8,1339.6,2026-10-05
ICICIBANK,2026-09-23,1344.5,1333.5,1340.0,2026-10-05
ICICIBANK,2026-09-24,1347.8,1330.1,1334.5,2026-10-05
ICICIBANK,2026-09-25,1340.8,1312.0,1326.8,2026-10-05
ICICIBANK,2026-09-28,1323.8,1300.0,1302.0,2026-10-05
ICICIBANK,2026-09-29,1304.8,1291.0,1292.2,2026-10-05
ICICIBANK,2026-09-30,1337.0,1295.3,1321.7,2026-10-05
ICICIBANK,2026-10-01,1329.9,1308.4,1310.6,2026-10-05
ICICIGI,2026-08-20,1650.0,1617.0,1625.0,2026-10-05
ICICIGI,2026-08-21,1634.8,1613.5,1617.0,2026-10-05
ICICIGI,2026-08-24,1626.4,1612.6,1620.0,2026-10-05
ICICIGI,2026-08-25,1622.3,1602.0,1616.0,2026-10-05
ICICIGI,2026-08-26,1629.6,1586.7,1596.9,2026-10-05
ICICIGI,2026-08-27,1606.0,1585.4,1588.1,2026-10-05
ICICIGI,2026-08-28,1589.0,1550.1,1562.0,2026-10-05
ICICIGI,2026-08-31,1567.6,1540.0,1566.9,2026-10-05
ICICIGI,2026-09-01,1573.4,1542.3,1566.9,2026-10-05
ICICIGI,2026-09-02,1554.4,1521.1,1537.0,2026-10-05
ICICIGI,2026-09-03,1541.4,1510.1,1521.7,2026-10-05
ICICIGI,2026-09-04,1533.8,1507.4,1510.0,2026-10-05
ICICIGI,2026-09-07,1517.0,1493.1,1493.4,2026-10-05
ICICIGI,2026-09-08,1503.3,1474.5,1484.4,2026-10-05
ICICIGI,2026-09-09,1485.7,1460.2,1474.0,2026-10-05
ICICIGI,2026-09-10,1476.0,1459.1,1465.0,2026-10-05
ICICIGI,2026-09-11,1465.0,1443.7,1459.8,2026-10-05
ICICIGI,2026-09-15,1463.0,1423.1,1427.7,2026-10-05
ICICIGI,2026-09-16,1455.6,1429.9,1440.0,2026-10-05
ICICIGI,2026-09-17,1498.1,1435.5,1486.7,2026-10-05
ICICIGI,2026-09-18,1486.8,1458.1,1458.1,2026-10-05
ICICIGI,2026-09-21,1514.5,1459.9,1509.1,2026-10-05
ICICIGI,2026-09-22,1513.8,1480.0,1480.0,2026-10-05
ICICIGI,2026-09-23,1505.0,1482.3,1500.6,2026-10-05
ICICIGI,2026-09-24,1583.9,1465.6,1577.0,2026-10-05
ICICIGI,2026-09-25,1586.1,1550.0,1553.7,2026-10-05
ICICIGI,2026-09-28,1559.3,1526.2,1540.0,2026-10-05
ICICIGI,2026-09-29,1550.0,1498.2,1515.0,2026-10-05
ICICIGI,2026-09-30,1590.0,1511.6,1590.0,2026-10-05
ICICIGI,2026-10-01,1594.7,1562.6,1563.0,2026-10-05
ICICIPRULI,2026-08-20,506.35,499.85,502.0,2026-10-05
ICICIPRULI,2026-08-21,520.6,501.05,515.0,2026-10-05
ICICIPRULI,2026-08-24,520.9,506.25,511.25,2026-10-05
ICICIPRULI,2026-08-25,513.3,506.25,510.0,2026-10-05
ICICIPRULI,2026-08-26,525.75,510.65,515.05,2026-10-05
ICICIPRULI,2026-08-27,518.95,509.0,510.0,2026-10-05
ICICIPRULI,2026-08-28,510.4,502.45,506.0,2026-10-05
ICICIPRULI,2026-08-31,517.05,498.0,517.05,2026-10-05
ICICIPRULI,2026-09-01,507.0,495.0,495.45,2026-10-05
ICICIPRULI,2026-09-02,501.85,487.5,499.5,2026-10-05
ICICIPRULI,2026-09-03,504.5,492.5,495.05,2026-10-05
ICICIPRULI,2026-09-04,503.15,492.1,494.55,2026-10-05
ICICIPRULI,2026-09-07,492.0,470.65,470.65,2026-10-05
ICICIPRULI,2026-09-08,478.35,466.25,469.3,2026-10-05
ICICIPRULI,2026-09-09,468.0,456.9,462.5,2026-10-05
ICICIPRULI,2026-09-10,475.15,455.3,471.0,2026-10-05
ICICIPRULI,2026-09-11,475.5,461.25,471.5,2026-10-05
ICICIPRULI,2026-09-15,472.2,457.6,457.6,2026-10-05
ICICIPRULI,2026-09-16,474.0,456.95,470.0,2026-10-05
ICICIPRULI,2026-09-17,496.9,468.75,490.5,2026-10-05
ICICIPRULI,2026-09-18,501.45,491.1,492.0,2026-10-05
ICICIPRULI,2026-09-21,500.0,491.05,493.0,2026-10-05
ICICIPRULI,2026-09-22,497.9,486.05,486.65,2026-10-05
ICICIPRULI,2026-09-23,491.55,481.5,484.5,2026-10-05
ICICIPRULI,2026-09-24,472.85,445.35,464.5,2026-10-05
ICICIPRULI,2026-09-25,469.0,458.15,463.0,2026-10-05
ICICIPRULI,2026-09-28,464.2,450.65,458.7,2026-10-05
ICICIPRULI,2026-09-29,455.45,442.95,444.55,2026-10-05
ICICIPRULI,2026-09-30,450.0,442.4,443.8,2026-10-05
ICICIPRULI,2026-10-01,450.55,441.8,448.05,2026-10-05
IDEA,2026-08-20,14.19,13.93,14.03,2026-10-05
IDEA,2026-08-21,14.09,13.92,13.94,2026-10-05
IDEA,2026-08-24,14.16,13.97,14.07,2026-10-05
IDEA,2026-08-25,15.31,14.08,15.19,2026-10-05
IDEA,2026-08-26,15.37,15.02,15.06,2026-10-05
IDEA,2026-08-27,15.26,14.91,14.97,2026-10-05
IDEA,2026-08-28,15.1,14.6,14.68,2026-10-05
IDEA,2026-08-31,14.92,14.33,14.33,2026-10-05
IDEA,2026-09-01,14.63,13.96,14.06,2026-10-05
IDEA,2026-09-02,14.72,13.93,14.53,2026-10-05
IDEA,2026-09-03,14.72,14.44,14.48,2026-10-05
IDEA,2026-09-04,15.16,14.51,15.02,2026-10-05
IDEA,2026-09-07,15.68,15.06,15.6,2026-10-05
IDEA,2026-09-08,15.58,15.31,15.42,2026-10-05
IDEA,2026-09-09,15.79,15.2,15.52,2026-10-05
IDEA,2026-09-10,15.7,14.82,14.9,2026-10-05
IDEA,2026-09-11,15.2,14.84,14.97,2026-10-05
IDEA,2026-09-15,15.07,14.43,14.45,2026-10-05
IDEA,2026-09-16,14.49,14.13,14.26,2026-10-05
IDEA,2026-09-17,14.43,14.17,14.22,2026-10-05
IDEA,2026-09-18,14.37,13.92,13.92,2026-10-05
IDEA,2026-09-21,14.14,13.82,13.84,2026-10-05
IDEA,2026-09-22,14.36,13.71,14.27,2026-10-05
IDEA,2026-09-23,14.55,14.17,14.52,2026-10-05
IDEA,2026-09-24,14.5,14.04,14.12,2026-10-05
IDEA,2026-09-25,14.38,14.08,14.26,2026-10-05
IDEA,2026-09-28,14.23,13.43,13.47,2026-10-05
IDEA,2026-09-29,13.68,13.26,13.56,2026-10-05
IDEA,2026-09-30,13.61,12.84,12.95,2026-10-05
IDEA,2026-10-01,13.14,12.5,12.64,2026-10-05
IDFCFIRSTB,2026-08-20,86.5,85.6,85.84,2026-10-05
IDFCFIRSTB,2026-08-21,86.75,85.59,86.75,2026-10-05
IDFCFIRSTB,2026-08-24,86.94,85.41,85.89,2026-10-05
IDFCFIRSTB,2026-08-25,86.17,85.0,85.0,2026-10-05
IDFCFIRSTB,2026-08-26,86.59,84.4,84.4,2026-10-05
IDFCFIRSTB,2026-08-27,84.88,83.72,83.8,2026-10-05
IDFCFIRSTB,2026-08-28,84.23,82.95,83.12,2026-10-05
IDFCFIRSTB,2026-08-31,85.97,82.5,85.97,2026-10-05
IDFCFIRSTB,2026-09-01,85.2,84.1,84.9,2026-10-05
IDFCFIRSTB,2026-09-02,85.25,83.7,85.09,2026-10-05
IDFCFIRSTB,2026-09-03,88.1,85.04,87.5,2026-10-05
IDFCFIRSTB,2026-09-04,87.98,86.5,86.71,2026-10-05
IDFCFIRSTB,2026-09-07,86.79,85.9,86.44,2026-10-05
IDFCFIRSTB,2026-09-08,87.1,86.02,86.5,2026-10-05
IDFCFIRSTB,2026-09-09,86.95,85.9,86.0,2026-10-05
IDFCFIRSTB,2026-09-10,87.4,85.82,86.84,2026-10-05
IDFCFIRSTB,2026-09-11,86.73,85.41,86.21,2026-10-05
IDFCFIRSTB,2026-09-15,86.65,84.8,84.8,2026-10-05
IDFCFIRSTB,2026-09-16,85.71,84.61,85.01,2026-10-05
IDFCFIRSTB,2026-09-17,86.49,84.53,86.33,2026-10-05
IDFCFIRSTB,2026-09-18,87.17,85.92,85.92,2026-10-05
IDFCFIRSTB,2026-09-21,86.55,85.2,85.8,2026-10-05
IDFCFIRSTB,2026-09-22,86.1,84.9,85.37,2026-10-05
IDFCFIRSTB,2026-09-23,89.61,85.9,87.9,2026-10-05
IDFCFIRSTB,2026-09-24,85.49,83.3,83.76,2026-10-05
IDFCFIRSTB,2026-09-25,84.25,83.27,83.8,2026-10-05
IDFCFIRSTB,2026-09-28,83.5,80.45,80.55,2026-10-05
IDFCFIRSTB,2026-09-29,80.63,78.6,79.46,2026-10-05
IDFCFIRSTB,2026-09-30,82.08,79.46,81.44,2026-10-05
IDFCFIRSTB,2026-10-01,81.38,79.53,80.39,2026-10-05
IEX,2026-08-20,125.05,122.48,123.35,2026-10-05
IEX,2026-08-21,124.41,123.34,123.7,2026-10-05
IEX,2026-08-24,124.88,122.92,123.01,2026-10-05
IEX,2026-08-25,124.28,122.51,124.2,2026-10-05
IEX,2026-08-26,124.83,121.51,122.0,2026-10-05
IEX,2026-08-27,122.95,121.65,122.0,2026-10-05
IEX,2026-08-28,122.24,121.07,121.8,2026-10-05
IEX,2026-08-31,121.82,119.61,120.5,2026-10-05
IEX,2026-09-01,120.5,118.8,119.2,2026-10-05
IEX,2026-09-02,119.25,117.7,118.86,2026-10-05
IEX,2026-09-03,120.2,118.92,119.15,2026-10-05
IEX,2026-09-04,121.63,118.51,118.91,2026-10-05
IEX,2026-09-07,119.88,117.21,117.5,2026-10-05
IEX,2026-09-08,117.75,116.0,116.54,2026-10-05
IEX,2026-09-09,118.89,115.82,117.95,2026-10-05
IEX,2026-09-10,118.63,116.06,116.63,2026-10-05
IEX,2026-09-11,115.91,113.0,113.88,2026-10-05
IEX,2026-09-15,114.24,111.82,112.0,2026-10-05
IEX,2026-09-16,112.41,110.35,112.0,2026-10-05
IEX,2026-09-17,113.85,111.61,113.4,2026-10-05
IEX,2026-09-18,115.46,113.0,115.46,2026-10-05
IEX,2026-09-21,115.56,113.7,113.82,2026-10-05
IEX,2026-09-22,114.12,112.12,112.9,2026-10-05
IEX,2026-09-23,113.9,112.75,113.16,2026-10-05
IEX,2026-09-24,112.5,111.04,111.2,2026-10-05
IEX,2026-09-25,112.9,110.89,112.7,2026-10-05
IEX,2026-09-28,112.88,110.94,111.35,2026-10-05
IEX,2026-09-29,111.4,106.35,106.39,2026-10-05
IEX,2026-09-30,108.8,106.53,107.0,2026-10-05
IEX,2026-10-01,107.38,104.18,105.98,2026-10-05
INDHOTEL,2026-08-20,737.1,725.75,735.85,2026-10-05
INDHOTEL,2026-08-21,735.5,724.3,730.0,2026-10-05
INDHOTEL,2026-08-24,733.65,724.2,728.9,2026-10-05
INDHOTEL,2026-08-25,735.0,724.55,730.0,2026-10-05
INDHOTEL,2026-08-26,737.0,721.0,721.0,2026-10-05
INDHOTEL,2026-08-27,726.35,713.0,718.5,2026-10-05
INDHOTEL,2026-08-28,716.9,703.55,706.4,2026-10-05
INDHOTEL,2026-08-31,737.9,701.55,737.9,2026-10-05
INDHOTEL,2026-09-01,728.2,710.85,718.0,2026-10-05
INDHOTEL,2026-09-02,727.7,706.05,727.7,2026-10-05
INDHOTEL,2026-09-03,733.85,720.0,732.0,2026-10-05
INDHOTEL,2026-09-04,732.95,717.5,720.0,2026-10-05
INDHOTEL,2026-09-07,720.45,709.2,716.2,2026-10-05
INDHOTEL,2026-09-08,723.55,712.6,720.0,2026-10-05
INDHOTEL,2026-09-09,723.25,715.0,722.75,2026-10-05
INDHOTEL,2026-09-10,720.6,712.55,715.75,2026-10-05
INDHOTEL,2026-09-11,720.75,708.6,718.5,2026-10-05
INDHOTEL,2026-09-15,737.75,710.85,715.0,2026-10-05
INDHOTEL,2026-09-16,719.55,706.75,713.4,2026-10-05
INDHOTEL,2026-09-17,729.8,712.55,726.65,2026-10-05
INDHOTEL,2026-09-18,743.0,722.6,732.75,2026-10-05
INDHOTEL,2026-09-21,755.0,741.0,745.0,2026-10-05
INDHOTEL,2026-09-22,749.4,735.75,736.25,2026-10-05
INDHOTEL,2026-09-23,744.0,736.15,743.7,2026-10-05
INDHOTEL,2026-09-24,740.1,727.4,728.8,2026-10-05
INDHOTEL,2026-09-25,731.25,721.95,726.8,2026-10-05
INDHOTEL,2026-09-28,726.75,710.3,711.0,2026-10-05
INDHOTEL,2026-09-29,725.9,704.6,714.35,2026-10-05
INDHOTEL,2026-09-30,736.9,713.0,728.65,2026-10-05
INDHOTEL,2026-10-01,732.95,712.3,718.0,2026-10-05
INDIANB,2026-08-20,883.8,871.0,871.0,2026-10-05
INDIANB,2026-08-21,880.9,870.5,876.9,2026-10-05
INDIANB,2026-08-24,883.85,862.0,870.45,2026-10-05
INDIANB,2026-08-25,881.75,869.0,878.0,2026-10-05
INDIANB,2026-08-26,905.0,882.5,889.0,2026-10-05
INDIANB,2026-08-27,896.15,875.35,884.4,2026-10-05
INDIANB,2026-08-28,883.95,872.45,882.4,2026-10-05
INDIANB,2026-08-31,898.75,864.8,898.75,2026-10-05
INDIANB,2026-09-01,890.5,874.05,881.75,2026-10-05
INDIANB,2026-09-02,884.4,866.0,878.8,2026-10-05
INDIANB,2026-09-03,906.7,882.45,888.75,2026-10-05
INDIANB,2026-09-04,892.4,879.1,879.7,2026-10-05
INDIANB,2026-09-07,883.55,865.4,869.4,2026-10-05
INDIANB,2026-09-08,868.9,855.15,859.9,2026-10-05
INDIANB,2026-09-09,866.7,850.55,856.65,2026-10-05
INDIANB,2026-09-10,869.85,850.6,856.5,2026-10-05
INDIANB,2026-09-11,859.7,835.0,853.5,2026-10-05
INDIANB,2026-09-15,859.5,833.8,836.75,2026-10-05
INDIANB,2026-09-16,849.8,834.7,840.0,2026-10-05
INDIANB,2026-09-17,856.4,839.0,840.5,2026-10-05
INDIANB,2026-09-18,848.85,835.0,839.8,2026-10-05
INDIANB,2026-09-21,849.55,838.4,841.0,2026-10-05
INDIANB,2026-09-22,850.8,835.5,840.8,2026-10-05
INDIANB,2026-09-23,851.7,838.85,842.0,2026-10-05
INDIANB,2026-09-24,840.2,824.1,830.0,2026-10-05
INDIANB,2026-09-25,835.8,825.3,832.0,2026-10-05
INDIANB,2026-09-28,832.35,801.0,802.45,2026-10-05
INDIANB,2026-09-29,808.8,794.75,795.25,2026-10-05
INDIANB,2026-09-30,814.65,799.2,805.9,2026-10-05
INDIANB,2026-10-01,810.5,786.85,793.15,2026-10-05
INDIGO,2026-08-20,5235.0,5152.0,5165.0,2026-10-05
INDIGO,2026-08-21,5172.5,5055.5,5110.0,2026-10-05
INDIGO,2026-08-24,5170.0,5088.0,5115.0,2026-10-05
INDIGO,2026-08-25,5227.5,5080.5,5218.0,2026-10-05
INDIGO,2026-08-26,5280.0,5221.5,5250.5,2026-10-05
INDIGO,2026-08-27,5258.5,5178.0,5189.0,2026-10-05
INDIGO,2026-08-28,5200.5,5137.5,5166.0,2026-10-05
INDIGO,2026-08-31,5234.0,5056.5,5234.0,2026-10-05
INDIGO,2026-09-01,5106.5,5010.0,5052.0,2026-10-05
INDIGO,2026-09-02,5020.0,4908.5,5020.0,2026-10-05
INDIGO,2026-09-03,5047.0,4925.0,4980.0,2026-10-05
INDIGO,2026-09-04,5035.0,4977.0,4977.0,2026-10-05
INDIGO,2026-09-07,5008.0,4944.0,5001.0,2026-10-05
INDIGO,2026-09-08,5022.5,4952.0,5000.0,2026-10-05
INDIGO,2026-09-09,5009.0,4950.0,4975.0,2026-10-05
INDIGO,2026-09-10,4966.0,4877.0,4945.0,2026-10-05
INDIGO,2026-09-11,4973.0,4822.0,4973.0,2026-10-05
INDIGO,2026-09-15,4963.5,4773.0,4776.0,2026-10-05
INDIGO,2026-09-16,4806.0,4701.5,4733.5,2026-10-05
INDIGO,2026-09-17,4855.5,4746.5,4845.0,2026-10-05
INDIGO,2026-09-18,4970.0,4881.0,4920.0,2026-10-05
INDIGO,2026-09-21,5030.5,4925.0,4941.0,2026-10-05
INDIGO,2026-09-22,5064.0,4943.0,5030.0,2026-10-05
INDIGO,2026-09-23,5061.0,5000.0,5028.5,2026-10-05
INDIGO,2026-09-24,4975.0,4874.5,4890.0,2026-10-05
INDIGO,2026-09-25,4956.0,4890.0,4940.0,2026-10-05
INDIGO,2026-09-28,4933.0,4845.0,4874.5,2026-10-05
INDIGO,2026-09-29,4898.0,4851.0,4872.0,2026-10-05
INDIGO,2026-09-30,5021.5,4893.5,4984.0,2026-10-05
INDIGO,2026-10-01,5016.2,4878.0,4929.9,2026-10-05
INDUSINDBK,2026-08-20,1014.5,1002.0,1008.0,2026-10-05
INDUSINDBK,2026-08-21,1007.8,997.0,1005.6,2026-10-05
INDUSINDBK,2026-08-24,1018.4,1004.5,1018.4,2026-10-05
INDUSINDBK,2026-08-25,1022.0,1003.6,1015.0,2026-10-05
INDUSINDBK,2026-08-26,1018.6,989.4,1004.0,2026-10-05
INDUSINDBK,2026-08-27,1005.3,994.5,1002.9,2026-10-05
INDUSINDBK,2026-08-28,1000.6,987.3,994.0,2026-10-05
INDUSINDBK,2026-08-31,1016.6,980.3,1016.6,2026-10-05
INDUSINDBK,2026-09-01,1004.0,985.0,992.6,2026-10-05
INDUSINDBK,2026-09-02,987.6,963.3,978.0,2026-10-05
INDUSINDBK,2026-09-03,1004.8,977.6,1004.8,2026-10-05
INDUSINDBK,2026-09-04,1008.6,998.0,1008.5,2026-10-05
INDUSINDBK,2026-09-07,1017.9,995.0,998.0,2026-10-05
INDUSINDBK,2026-09-08,1004.7,988.3,997.7,2026-10-05
INDUSINDBK,2026-09-09,1010.0,994.0,1004.0,2026-10-05
INDUSINDBK,2026-09-10,1002.7,986.7,993.3,2026-10-05
INDUSINDBK,2026-09-11,988.7,972.3,978.2,2026-10-05
INDUSINDBK,2026-09-15,984.5,955.0,956.5,2026-10-05
INDUSINDBK,2026-09-16,961.1,944.5,946.5,2026-10-05
INDUSINDBK,2026-09-17,970.7,945.2,958.2,2026-10-05
INDUSINDBK,2026-09-18,969.3,955.3,966.3,2026-10-05
INDUSINDBK,2026-09-21,966.0,956.0,956.0,2026-10-05
INDUSINDBK,2026-09-22,963.5,949.3,955.0,2026-10-05
INDUSINDBK,2026-09-23,970.8,951.8,959.3,2026-10-05
INDUSINDBK,2026-09-24,928.9,909.3,919.5,2026-10-05
INDUSINDBK,2026-09-25,923.9,906.9,912.2,2026-10-05
INDUSINDBK,2026-09-28,913.0,889.4,909.7,2026-10-05
INDUSINDBK,2026-09-29,908.1,878.0,878.0,2026-10-05
INDUSINDBK,2026-09-30,902.1,885.0,901.4,2026-10-05
INDUSINDBK,2026-10-01,900.75,880.3,886.85,2026-10-05
INDUSTOWER,2026-08-20,373.85,367.35,368.8,2026-10-05
INDUSTOWER,2026-08-21,377.75,369.55,375.75,2026-10-05
INDUSTOWER,2026-08-24,378.05,372.9,374.25,2026-10-05
INDUSTOWER,2026-08-25,388.6,374.25,387.25,2026-10-05
INDUSTOWER,2026-08-26,389.4,377.7,377.7,2026-10-05
INDUSTOWER,2026-08-27,384.2,374.3,379.95,2026-10-05
INDUSTOWER,2026-08-28,385.7,378.75,380.0,2026-10-05
INDUSTOWER,2026-08-31,388.8,379.0,388.8,2026-10-05
INDUSTOWER,2026-09-01,386.2,373.0,375.0,2026-10-05
INDUSTOWER,2026-09-02,380.0,371.95,379.0,2026-10-05
INDUSTOWER,2026-09-03,381.3,373.35,374.95,2026-10-05
INDUSTOWER,2026-09-04,380.45,374.15,376.8,2026-10-05
INDUSTOWER,2026-09-07,383.75,376.0,376.45,2026-10-05
INDUSTOWER,2026-09-08,376.95,370.0,373.05,2026-10-05
INDUSTOWER,2026-09-09,376.45,369.75,373.7,2026-10-05
INDUSTOWER,2026-09-10,376.2,368.7,372.0,2026-10-05
INDUSTOWER,2026-09-11,390.85,372.0,388.0,2026-10-05
INDUSTOWER,2026-09-15,390.8,378.7,379.0,2026-10-05
INDUSTOWER,2026-09-16,381.5,375.2,375.6,2026-10-05
INDUSTOWER,2026-09-17,384.75,377.1,381.35,2026-10-05
INDUSTOWER,2026-09-18,382.5,375.9,375.9,2026-10-05
INDUSTOWER,2026-09-21,380.7,374.25,377.65,2026-10-05
INDUSTOWER,2026-09-22,382.1,373.65,382.1,2026-10-05
INDUSTOWER,2026-09-23,388.55,381.2,384.8,2026-10-05
INDUSTOWER,2026-09-24,384.85,376.55,379.85,2026-10-05
INDUSTOWER,2026-09-25,379.25,373.2,374.65,2026-10-05
INDUSTOWER,2026-09-28,374.25,355.55,360.0,2026-10-05
INDUSTOWER,2026-09-29,373.05,358.2,367.55,2026-10-05
INDUSTOWER,2026-09-30,376.05,368.6,373.2,2026-10-05
INDUSTOWER,2026-10-01,384.7,370.0,376.25,2026-10-05
INFY,2026-08-20,1144.7,1125.7,1130.0,2026-10-05
INFY,2026-08-21,1133.5,1118.0,1121.0,2026-10-05
INFY,2026-08-24,1144.5,1122.0,1130.0,2026-10-05
INFY,2026-08-25,1144.0,1119.9,1144.0,2026-10-05
INFY,2026-08-26,1142.0,1118.3,1120.0,2026-10-05
INFY,2026-08-27,1130.7,1107.2,1110.8,2026-10-05
INFY,2026-08-28,1145.0,1123.3,1144.0,2026-10-05
INFY,2026-08-31,1143.9,1111.1,1133.8,2026-10-05
INFY,2026-09-01,1156.0,1125.6,1156.0,2026-10-05
INFY,2026-09-02,1147.8,1118.6,1140.0,2026-10-05
INFY,2026-09-03,1144.0,1122.5,1130.3,2026-10-05
INFY,2026-09-04,1146.7,1125.4,1130.0,2026-10-05
INFY,2026-09-07,1109.9,1085.0,1087.5,2026-10-05
INFY,2026-09-08,1095.0,1078.9,1082.0,2026-10-05
INFY,2026-09-09,1059.0,1026.5,1035.0,2026-10-05
INFY,2026-09-10,1046.6,1027.3,1036.5,2026-10-05
INFY,2026-09-11,1047.3,1029.7,1037.7,2026-10-05
INFY,2026-09-15,1097.7,1071.7,1077.0,2026-10-05
INFY,2026-09-16,1085.1,1053.5,1060.0,2026-10-05
INFY,2026-09-17,1063.6,1048.6,1058.6,2026-10-05
INFY,2026-09-18,1061.9,1038.0,1051.4,2026-10-05
INFY,2026-09-21,1044.5,1030.3,1038.5,2026-10-05
INFY,2026-09-22,1041.0,1019.2,1029.4,2026-10-05
INFY,2026-09-23,1029.4,1015.1,1020.5,2026-10-05
INFY,2026-09-24,1022.8,1005.2,1014.5,2026-10-05
INFY,2026-09-25,1004.2,991.6,1000.2,2026-10-05
INFY,2026-09-28,1009.5,986.6,1003.2,2026-10-05
INFY,2026-09-29,1015.4,980.4,1015.4,2026-10-05
INFY,2026-09-30,1024.0,992.2,994.1,2026-10-05
INFY,2026-10-01,1035.0,999.15,1035.0,2026-10-05
INOXWIND,2026-08-20,75.14,73.56,73.9,2026-10-05
INOXWIND,2026-08-21,74.82,73.45,73.6,2026-10-05
INOXWIND,2026-08-24,74.78,73.26,73.75,2026-10-05
INOXWIND,2026-08-25,74.2,72.79,73.74,2026-10-05
INOXWIND,2026-08-26,74.2,73.03,73.2,2026-10-05
INOXWIND,2026-08-27,73.7,71.41,72.0,2026-10-05
INOXWIND,2026-08-28,72.48,71.27,71.79,2026-10-05
INOXWIND,2026-08-31,71.7,69.6,70.37,2026-10-05
INOXWIND,2026-09-01,70.37,69.1,69.5,2026-10-05
INOXWIND,2026-09-02,71.31,68.0,70.59,2026-10-05
INOXWIND,2026-09-03,74.56,70.54,74.0,2026-10-05
INOXWIND,2026-09-04,76.5,73.5,74.4,2026-10-05
INOXWIND,2026-09-07,75.99,73.66,75.6,2026-10-05
INOXWIND,2026-09-08,76.08,74.5,75.71,2026-10-05
INOXWIND,2026-09-09,77.62,75.5,77.39,2026-10-05
INOXWIND,2026-09-10,77.85,75.81,76.02,2026-10-05
INOXWIND,2026-09-11,76.5,73.78,76.5,2026-10-05
INOXWIND,2026-09-15,76.94,73.72,74.35,2026-10-05
INOXWIND,2026-09-16,74.5,72.67,74.5,2026-10-05
INOXWIND,2026-09-17,75.25,73.56,74.1,2026-10-05
INOXWIND,2026-09-18,76.8,74.29,76.8,2026-10-05
INOXWIND,2026-09-21,78.0,75.52,77.5,2026-10-05
INOXWIND,2026-09-22,78.89,77.4,77.9,2026-10-05
INOXWIND,2026-09-23,78.25,74.8,75.02,2026-10-05
INOXWIND,2026-09-24,75.06,72.81,73.09,2026-10-05
INOXWIND,2026-09-25,75.5,72.86,74.75,2026-10-05
INOXWIND,2026-09-28,74.83,72.0,72.0,2026-10-05
INOXWIND,2026-09-29,73.04,70.57,71.5,2026-10-05
INOXWIND,2026-09-30,72.93,69.51,69.51,2026-10-05
INOXWIND,2026-10-01,70.1,67.1,68.75,2026-10-05
IOC,2026-08-20,137.12,135.28,135.9,2026-10-05
IOC,2026-08-21,136.58,135.27,135.9,2026-10-05
IOC,2026-08-24,138.5,135.95,138.5,2026-10-05
IOC,2026-08-25,139.0,137.0,139.0,2026-10-05
IOC,2026-08-26,141.15,138.5,139.48,2026-10-05
IOC,2026-08-27,139.48,136.69,137.57,2026-10-05
IOC,2026-08-28,137.57,136.23,137.1,2026-10-05
IOC,2026-08-31,139.13,134.32,139.13,2026-10-05
IOC,2026-09-01,137.9,135.15,136.53,2026-10-05
IOC,2026-09-02,137.0,134.35,137.0,2026-10-05
IOC,2026-09-03,137.8,136.25,137.8,2026-10-05
IOC,2026-09-04,137.76,136.87,137.6,2026-10-05
IOC,2026-09-07,137.5,135.15,135.15,2026-10-05
IOC,2026-09-08,135.65,133.02,134.35,2026-10-05
IOC,2026-09-09,136.14,133.06,135.6,2026-10-05
IOC,2026-09-10,136.15,134.31,134.94,2026-10-05
IOC,2026-09-11,136.16,133.25,135.11,2026-10-05
IOC,2026-09-15,135.69,132.03,132.03,2026-10-05
IOC,2026-09-16,134.97,131.7,134.75,2026-10-05
IOC,2026-09-17,135.33,134.0,134.27,2026-10-05
IOC,2026-09-18,137.0,134.6,137.0,2026-10-05
IOC,2026-09-21,137.71,136.34,136.53,2026-10-05
IOC,2026-09-22,139.3,136.8,137.8,2026-10-05
IOC,2026-09-23,138.75,137.1,138.15,2026-10-05
IOC,2026-09-24,137.5,135.51,136.27,2026-10-05
IOC,2026-09-25,137.06,135.33,135.7,2026-10-05
IOC,2026-09-28,135.58,133.04,133.32,2026-10-05
IOC,2026-09-29,134.31,131.02,131.33,2026-10-05
IOC,2026-09-30,135.99,133.14,134.93,2026-10-05
IOC,2026-10-01,134.1,131.2,131.34,2026-10-05
IREDA,2026-08-20,115.8,114.33,114.9,2026-10-05
IREDA,2026-08-21,115.75,114.71,115.0,2026-10-05
IREDA,2026-08-24,116.39,114.8,115.4,2026-10-05
IREDA,2026-08-25,121.14,114.4,120.61,2026-10-05
IREDA,2026-08-26,119.49,117.44,118.8,2026-10-05
IREDA,2026-08-27,118.4,116.3,117.4,2026-10-05
IREDA,2026-08-28,117.9,115.77,117.02,2026-10-05
IREDA,2026-08-31,116.83,114.55,116.5,2026-10-05
IREDA,2026-09-01,115.85,114.15,114.2,2026-10-05
IREDA,2026-09-02,113.68,112.05,112.55,2026-10-05
IREDA,2026-09-03,114.55,112.91,113.0,2026-10-05
IREDA,2026-09-04,114.6,113.25,113.64,2026-10-05
IREDA,2026-09-07,113.99,112.6,112.95,2026-10-05
IREDA,2026-09-08,112.95,111.8,112.2,2026-10-05
IREDA,2026-09-09,112.69,111.62,111.99,2026-10-05
IREDA,2026-09-10,114.75,111.83,113.32,2026-10-05
IREDA,2026-09-11,112.57,111.31,111.71,2026-10-05
IREDA,2026-09-15,112.08,108.27,109.0,2026-10-05
IREDA,2026-09-16,109.59,107.4,108.4,2026-10-05
IREDA,2026-09-17,109.74,108.13,108.99,2026-10-05
IREDA,2026-09-18,114.32,109.21,114.32,2026-10-05
IREDA,2026-09-21,113.13,110.55,111.0,2026-10-05
IREDA,2026-09-22,112.19,110.0,110.25,2026-10-05
IREDA,2026-09-23,111.39,110.29,111.0,2026-10-05
IREDA,2026-09-24,110.6,109.06,110.11,2026-10-05
IREDA,2026-09-25,114.53,109.2,113.22,2026-10-05
IREDA,2026-09-28,117.39,111.81,114.82,2026-10-05
IREDA,2026-09-29,116.54,111.0,111.0,2026-10-05
IREDA,2026-09-30,113.84,111.37,111.68,2026-10-05
IREDA,2026-10-01,111.86,108.53,111.0,2026-10-05
IRFC,2026-08-20,87.2,85.3,86.47,2026-10-05
IRFC,2026-08-21,86.98,86.3,86.4,2026-10-05
IRFC,2026-08-24,87.25,85.53,85.99,2026-10-05
IRFC,2026-08-25,86.44,85.05,85.45,2026-10-05
IRFC,2026-08-26,86.82,85.7,85.7,2026-10-05
IRFC,2026-08-27,86.16,84.5,84.65,2026-10-05
IRFC,2026-08-28,84.99,83.65,83.9,2026-10-05
IRFC,2026-08-31,84.15,82.9,83.34,2026-10-05
IRFC,2026-09-01,83.75,82.16,82.5,2026-10-05
IRFC,2026-09-02,82.5,81.3,82.48,2026-10-05
IRFC,2026-09-03,83.7,82.05,82.65,2026-10-05
IRFC,2026-09-04,83.95,82.7,83.4,2026-10-05
IRFC,2026-09-07,83.9,82.63,83.0,2026-10-05
IRFC,2026-09-08,82.93,81.75,82.0,2026-10-05
IRFC,2026-09-09,82.4,81.12,81.39,2026-10-05
IRFC,2026-09-10,82.67,80.76,81.08,2026-10-05
IRFC,2026-09-11,81.09,80.1,81.09,2026-10-05
IRFC,2026-09-15,81.87,79.0,79.15,2026-10-05
IRFC,2026-09-16,79.58,78.16,78.95,2026-10-05
IRFC,2026-09-17,79.92,78.65,79.31,2026-10-05
IRFC,2026-09-18,81.5,79.32,81.5,2026-10-05
IRFC,2026-09-21,81.7,80.16,80.22,2026-10-05
IRFC,2026-09-22,80.8,79.8,80.0,2026-10-05
IRFC,2026-09-23,81.15,80.05,81.0,2026-10-05
IRFC,2026-09-24,80.5,79.41,79.86,2026-10-05
IRFC,2026-09-25,79.99,79.2,79.95,2026-10-05
IRFC,2026-09-28,79.95,78.36,78.55,2026-10-05
IRFC,2026-09-29,80.26,77.07,80.26,2026-10-05
IRFC,2026-09-30,81.5,78.41,79.28,2026-10-05
IRFC,2026-10-01,78.92,76.51,77.06,2026-10-05
ITC,2026-08-20,271.65,265.0,271.65,2026-10-05
ITC,2026-08-21,271.6,269.0,269.4,2026-10-05
ITC,2026-08-24,270.6,267.0,269.7,2026-10-05
ITC,2026-08-25,271.4,267.65,271.4,2026-10-05
ITC,2026-08-26,273.95,270.25,270.25,2026-10-05
ITC,2026-08-27,271.25,268.0,269.0,2026-10-05
ITC,2026-08-28,269.0,264.8,266.0,2026-10-05
ITC,2026-08-31,266.55,255.5,255.5,2026-10-05
ITC,2026-09-01,268.2,261.5,266.6,2026-10-05
ITC,2026-09-02,269.0,262.8,266.3,2026-10-05
ITC,2026-09-03,267.6,262.35,263.0,2026-10-05
ITC,2026-09-04,266.25,262.65,264.1,2026-10-05
ITC,2026-09-07,264.95,262.95,263.5,2026-10-05
ITC,2026-09-08,265.9,262.7,263.5,2026-10-05
ITC,2026-09-09,264.5,260.2,260.8,2026-10-05
ITC,2026-09-10,263.9,259.1,259.3,2026-10-05
ITC,2026-09-11,261.65,257.7,259.85,2026-10-05
ITC,2026-09-15,264.2,258.0,258.0,2026-10-05
ITC,2026-09-16,264.9,259.3,264.15,2026-10-05
ITC,2026-09-17,268.5,264.1,266.2,2026-10-05
ITC,2026-09-18,266.6,262.3,262.3,2026-10-05
ITC,2026-09-21,267.95,263.55,267.0,2026-10-05
ITC,2026-09-22,268.25,264.75,265.8,2026-10-05
ITC,2026-09-23,271.05,265.15,270.15,2026-10-05
ITC,2026-09-24,270.3,266.7,268.0,2026-10-05
ITC,2026-09-25,269.0,266.3,269.0,2026-10-05
ITC,2026-09-28,269.3,265.0,265.2,2026-10-05
ITC,2026-09-29,266.75,263.3,265.1,2026-10-05
ITC,2026-09-30,266.9,261.4,262.75,2026-10-05
ITC,2026-10-01,262.7,254.65,255.9,2026-10-05
JINDALSTEL,2026-08-20,1142.0,1108.4,1118.9,2026-10-05
JINDALSTEL,2026-08-21,1135.0,1118.9,1127.8,2026-10-05
JINDALSTEL,2026-08-24,1149.0,1130.1,1149.0,2026-10-05
JINDALSTEL,2026-08-25,1157.0,1140.1,1154.1,2026-10-05
JINDALSTEL,2026-08-26,1183.3,1143.1,1175.4,2026-10-05
JINDALSTEL,2026-08-27,1196.4,1166.6,1170.0,2026-10-05
JINDALSTEL,2026-08-28,1191.9,1170.0,1179.2,2026-10-05
JINDALSTEL,2026-08-31,1192.9,1150.9,1192.9,2026-10-05
JINDALSTEL,2026-09-01,1175.7,1147.0,1160.0,2026-10-05
JINDALSTEL,2026-09-02,1165.3,1141.0,1159.4,2026-10-05
JINDALSTEL,2026-09-03,1169.0,1134.7,1145.0,2026-10-05
JINDALSTEL,2026-09-04,1170.9,1138.7,1165.0,2026-10-05
JINDALSTEL,2026-09-07,1168.0,1130.0,1147.9,2026-10-05
JINDALSTEL,2026-09-08,1151.0,1135.0,1136.3,2026-10-05
JINDALSTEL,2026-09-09,1158.0,1130.6,1146.5,2026-10-05
JINDALSTEL,2026-09-10,1151.7,1131.0,1137.0,2026-10-05
JINDALSTEL,2026-09-11,1122.0,1058.0,1120.5,2026-10-05
JINDALSTEL,2026-09-15,1119.7,1090.5,1095.0,2026-10-05
JINDALSTEL,2026-09-16,1117.0,1085.4,1103.0,2026-10-05
JINDALSTEL,2026-09-17,1134.6,1104.1,1128.4,2026-10-05
JINDALSTEL,2026-09-18,1140.2,1119.5,1119.5,2026-10-05
JINDALSTEL,2026-09-21,1143.5,1127.1,1130.6,2026-10-05
JINDALSTEL,2026-09-22,1147.5,1131.0,1141.0,2026-10-05
JINDALSTEL,2026-09-23,1187.4,1138.2,1175.3,2026-10-05
JINDALSTEL,2026-09-24,1174.7,1152.3,1157.8,2026-10-05
JINDALSTEL,2026-09-25,1168.9,1137.0,1164.8,2026-10-05
JINDALSTEL,2026-09-28,1160.0,1133.2,1139.6,2026-10-05
JINDALSTEL,2026-09-29,1149.0,1126.9,1130.0,2026-10-05
JINDALSTEL,2026-09-30,1144.3,1124.6,1134.9,2026-10-05
JINDALSTEL,2026-10-01,1132.7,1079.0,1100.5,2026-10-05
JIOFIN,2026-08-20,247.25,243.75,244.6,2026-10-05
JIOFIN,2026-08-21,245.8,243.5,244.0,2026-10-05
JIOFIN,2026-08-24,245.35,242.0,242.0,2026-10-05
JIOFIN,2026-08-25,243.15,240.4,243.15,2026-10-05
JIOFIN,2026-08-26,245.0,241.0,241.0,2026-10-05
JIOFIN,2026-08-27,242.65,238.1,238.1,2026-10-05
JIOFIN,2026-08-28,240.0,237.6,238.4,2026-10-05
JIOFIN,2026-08-31,241.35,235.5,241.35,2026-10-05
JIOFIN,2026-09-01,240.01,235.01,235.85,2026-10-05
JIOFIN,2026-09-02,237.4,232.3,236.9,2026-10-05
JIOFIN,2026-09-03,240.48,236.4,237.45,2026-10-05
JIOFIN,2026-09-04,240.63,237.8,239.5,2026-10-05
JIOFIN,2026-09-07,239.3,234.4,234.4,2026-10-05
JIOFIN,2026-09-08,234.75,232.6,233.15,2026-10-05
JIOFIN,2026-09-09,232.97,230.63,231.0,2026-10-05
JIOFIN,2026-09-10,232.27,229.1,230.25,2026-10-05
JIOFIN,2026-09-11,231.37,226.44,229.9,2026-10-05
JIOFIN,2026-09-15,231.8,225.6,225.6,2026-10-05
JIOFIN,2026-09-16,228.22,224.84,224.84,2026-10-05
JIOFIN,2026-09-17,230.36,225.0,229.3,2026-10-05
JIOFIN,2026-09-18,232.0,229.89,229.89,2026-10-05
JIOFIN,2026-09-21,231.75,229.55,229.97,2026-10-05
JIOFIN,2026-09-22,234.0,229.34,230.7,2026-10-05
JIOFIN,2026-09-23,232.4,230.55,232.15,2026-10-05
JIOFIN,2026-09-24,230.6,226.7,227.2,2026-10-05
JIOFIN,2026-09-25,227.84,225.45,227.0,2026-10-05
JIOFIN,2026-09-28,227.0,218.8,220.5,2026-10-05
JIOFIN,2026-09-29,220.5,215.36,217.56,2026-10-05
JIOFIN,2026-09-30,220.39,215.64,216.88,2026-10-05
JIOFIN,2026-10-01,216.2,208.5,212.5,2026-10-05
JSWENERGY,2026-08-20,547.0,540.1,542.0,2026-10-05
JSWENERGY,2026-08-21,552.0,540.2,544.95,2026-10-05
JSWENERGY,2026-08-24,553.3,544.2,544.7,2026-10-05
JSWENERGY,2026-08-25,548.4,539.15,548.4,2026-10-05
JSWENERGY,2026-08-26,553.7,543.5,543.5,2026-10-05
JSWENERGY,2026-08-27,545.9,528.3,542.1,2026-10-05
JSWENERGY,2026-08-28,542.0,535.3,535.3,2026-10-05
JSWENERGY,2026-08-31,537.0,520.4,520.4,2026-10-05
JSWENERGY,2026-09-01,526.6,514.45,518.0,2026-10-05
JSWENERGY,2026-09-02,540.75,511.4,539.8,2026-10-05
JSWENERGY,2026-09-03,545.8,534.3,539.5,2026-10-05
JSWENERGY,2026-09-04,540.25,534.25,539.85,2026-10-05
JSWENERGY,2026-09-07,541.25,528.0,530.0,2026-10-05
JSWENERGY,2026-09-08,528.85,522.3,526.5,2026-10-05
JSWENERGY,2026-09-09,541.7,521.5,534.8,2026-10-05
JSWENERGY,2026-09-10,534.05,527.5,530.45,2026-10-05
JSWENERGY,2026-09-11,527.0,522.75,526.45,2026-10-05
JSWENERGY,2026-09-15,526.45,505.0,505.0,2026-10-05
JSWENERGY,2026-09-16,510.95,503.05,504.7,2026-10-05
JSWENERGY,2026-09-17,514.0,504.6,512.0,2026-10-05
JSWENERGY,2026-09-18,526.0,509.0,526.0,2026-10-05
JSWENERGY,2026-09-21,522.15,514.55,517.0,2026-10-05
JSWENERGY,2026-09-22,522.05,515.35,518.0,2026-10-05
JSWENERGY,2026-09-23,525.85,516.0,521.0,2026-10-05
JSWENERGY,2026-09-24,520.0,508.1,510.0,2026-10-05
JSWENERGY,2026-09-25,513.1,503.15,506.55,2026-10-05
JSWENERGY,2026-09-28,506.4,493.05,495.0,2026-10-05
JSWENERGY,2026-09-29,501.15,489.1,501.15,2026-10-05
JSWENERGY,2026-09-30,500.45,489.5,494.7,2026-10-05
JSWENERGY,2026-10-01,493.0,475.1,485.0,2026-10-05
JSWSTEEL,2026-08-20,1310.6,1281.5,1299.7,2026-10-05
JSWSTEEL,2026-08-21,1298.8,1280.5,1293.7,2026-10-05
JSWSTEEL,2026-08-24,1327.0,1295.3,1327.0,2026-10-05
JSWSTEEL,2026-08-25,1326.3,1310.1,1320.3,2026-10-05
JSWSTEEL,2026-08-26,1341.0,1310.4,1341.0,2026-10-05
JSWSTEEL,2026-08-27,1351.0,1330.0,1337.5,2026-10-05
JSWSTEEL,2026-08-28,1344.0,1320.4,1334.9,2026-10-05
JSWSTEEL,2026-08-31,1326.8,1303.3,1307.7,2026-10-05
JSWSTEEL,2026-09-01,1328.0,1307.1,1313.5,2026-10-05
JSWSTEEL,2026-09-02,1309.8,1299.4,1306.0,2026-10-05
JSWSTEEL,2026-09-03,1325.0,1295.0,1308.0,2026-10-05
JSWSTEEL,2026-09-04,1331.7,1300.1,1325.0,2026-10-05
JSWSTEEL,2026-09-07,1335.0,1301.0,1302.0,2026-10-05
JSWSTEEL,2026-09-08,1315.0,1295.7,1297.3,2026-10-05
JSWSTEEL,2026-09-09,1313.0,1290.1,1310.0,2026-10-05
JSWSTEEL,2026-09-10,1311.3,1292.7,1304.0,2026-10-05
JSWSTEEL,2026-09-11,1286.9,1265.0,1265.0,2026-10-05
JSWSTEEL,2026-09-15,1267.7,1229.2,1229.2,2026-10-05
JSWSTEEL,2026-09-16,1250.2,1227.0,1248.9,2026-10-05
JSWSTEEL,2026-09-17,1260.0,1242.1,1253.4,2026-10-05
JSWSTEEL,2026-09-18,1278.7,1262.7,1275.6,2026-10-05
JSWSTEEL,2026-09-21,1287.0,1268.6,1268.6,2026-10-05
JSWSTEEL,2026-09-22,1277.5,1264.4,1267.0,2026-10-05
JSWSTEEL,2026-09-23,1304.0,1270.8,1297.8,2026-10-05
JSWSTEEL,2026-09-24,1298.4,1272.2,1273.2,2026-10-05
JSWSTEEL,2026-09-25,1288.6,1266.3,1277.0,2026-10-05
JSWSTEEL,2026-09-28,1278.4,1254.1,1264.1,2026-10-05
JSWSTEEL,2026-09-29,1272.4,1246.6,1272.4,2026-10-05
JSWSTEEL,2026-09-30,1275.9,1253.4,1253.4,2026-10-05
JSWSTEEL,2026-10-01,1256.4,1214.8,1233.0,2026-10-05
JUBLFOOD,2026-08-20,510.9,499.1,507.3,2026-10-05
JUBLFOOD,2026-08-21,512.15,500.5,506.75,2026-10-05
JUBLFOOD,2026-08-24,515.25,506.2,507.9,2026-10-05
JUBLFOOD,2026-08-25,515.0,504.95,515.0,2026-10-05
JUBLFOOD,2026-08-26,527.85,499.5,499.5,2026-10-05
JUBLFOOD,2026-08-27,509.0,495.05,504.0,2026-10-05
JUBLFOOD,2026-08-28,502.7,490.05,490.45,2026-10-05
JUBLFOOD,2026-08-31,496.0,480.0,496.0,2026-10-05
JUBLFOOD,2026-09-01,492.5,481.3,484.4,2026-10-05
JUBLFOOD,2026-09-02,486.5,476.95,486.5,2026-10-05
JUBLFOOD,2026-09-03,488.45,480.5,482.9,2026-10-05
JUBLFOOD,2026-09-04,488.0,481.35,482.7,2026-10-05
JUBLFOOD,2026-09-07,484.2,472.1,475.4,2026-10-05
JUBLFOOD,2026-09-08,484.0,471.5,480.4,2026-10-05
JUBLFOOD,2026-09-09,479.25,473.0,475.95,2026-10-05
JUBLFOOD,2026-09-10,480.9,467.95,473.8,2026-10-05
JUBLFOOD,2026-09-11,472.85,465.65,470.25,2026-10-05
JUBLFOOD,2026-09-15,472.95,461.6,466.0,2026-10-05
JUBLFOOD,2026-09-16,472.0,461.65,471.0,2026-10-05
JUBLFOOD,2026-09-17,486.75,467.35,480.2,2026-10-05
JUBLFOOD,2026-09-18,502.0,480.3,500.0,2026-10-05
JUBLFOOD,2026-09-21,503.6,485.7,487.05,2026-10-05
JUBLFOOD,2026-09-22,495.9,487.0,491.1,2026-10-05
JUBLFOOD,2026-09-23,493.7,483.3,483.3,2026-10-05
JUBLFOOD,2026-09-24,484.75,476.05,478.9,2026-10-05
JUBLFOOD,2026-09-25,490.0,474.1,484.55,2026-10-05
JUBLFOOD,2026-09-28,485.6,476.5,478.7,2026-10-05
JUBLFOOD,2026-09-29,478.55,460.2,463.0,2026-10-05
JUBLFOOD,2026-09-30,466.25,451.1,456.7,2026-10-05
JUBLFOOD,2026-10-01,453.65,437.95,443.4,2026-10-05
KALYANKJIL,2026-08-20,605.05,592.65,596.0,2026-10-05
KALYANKJIL,2026-08-21,607.9,591.5,603.55,2026-10-05
KALYANKJIL,2026-08-24,610.35,601.15,607.95,2026-10-05
KALYANKJIL,2026-08-25,625.3,604.25,612.6,2026-10-05
KALYANKJIL,2026-08-26,617.4,608.8,610.6,2026-10-05
KALYANKJIL,2026-08-27,635.95,609.9,629.3,2026-10-05
KALYANKJIL,2026-08-28,635.5,613.0,615.8,2026-10-05
KALYANKJIL,2026-08-31,615.9,601.0,601.0,2026-10-05
KALYANKJIL,2026-09-01,614.6,569.05,573.0,2026-10-05
KALYANKJIL,2026-09-02,595.45,556.5,590.0,2026-10-05
KALYANKJIL,2026-09-03,597.5,583.35,585.3,2026-10-05
KALYANKJIL,2026-09-04,604.95,585.3,598.8,2026-10-05
KALYANKJIL,2026-09-07,602.75,590.0,591.0,2026-10-05
KALYANKJIL,2026-09-08,618.9,587.1,612.6,2026-10-05
KALYANKJIL,2026-09-09,617.9,603.3,607.6,2026-10-05
KALYANKJIL,2026-09-10,620.35,603.5,615.2,2026-10-05
KALYANKJIL,2026-09-11,610.0,589.05,601.15,2026-10-05
KALYANKJIL,2026-09-15,616.0,604.2,604.2,2026-10-05
KALYANKJIL,2026-09-16,611.8,574.4,580.9,2026-10-05
KALYANKJIL,2026-09-17,592.5,578.5,581.45,2026-10-05
KALYANKJIL,2026-09-18,588.5,580.0,581.85,2026-10-05
KALYANKJIL,2026-09-21,588.95,579.1,581.5,2026-10-05
KALYANKJIL,2026-09-22,590.95,578.9,583.1,2026-10-05
KALYANKJIL,2026-09-23,589.35,582.55,584.25,2026-10-05
KALYANKJIL,2026-09-24,588.6,570.35,573.6,2026-10-05
KALYANKJIL,2026-09-25,579.1,566.4,573.0,2026-10-05
KALYANKJIL,2026-09-28,573.75,559.25,564.0,2026-10-05
KALYANKJIL,2026-09-29,580.0,561.45,568.85,2026-10-05
KALYANKJIL,2026-09-30,572.05,552.5,553.15,2026-10-05
KALYANKJIL,2026-10-01,555.55,522.5,528.5,2026-10-05
KAYNES,2026-08-20,3897.0,3800.0,3815.0,2026-10-05
KAYNES,2026-08-21,3913.3,3798.0,3890.0,2026-10-05
KAYNES,2026-08-24,3963.5,3840.2,3840.2,2026-10-05
KAYNES,2026-08-25,3996.5,3804.0,3936.0,2026-10-05
KAYNES,2026-08-26,4117.9,3938.0,4032.0,2026-10-05
KAYNES,2026-08-27,4113.2,4004.0,4018.8,2026-10-05
KAYNES,2026-08-28,4053.5,3930.3,3943.1,2026-10-05
KAYNES,2026-08-31,3943.0,3645.0,3685.0,2026-10-05
KAYNES,2026-09-01,3691.8,3582.0,3600.5,2026-10-05
KAYNES,2026-09-02,3623.1,3517.1,3583.0,2026-10-05
KAYNES,2026-09-03,3623.9,3469.5,3485.0,2026-10-05
KAYNES,2026-09-04,3617.9,3450.0,3598.0,2026-10-05
KAYNES,2026-09-07,3734.8,3571.1,3604.0,2026-10-05
KAYNES,2026-09-08,3685.0,3581.0,3610.0,2026-10-05
KAYNES,2026-09-09,3650.7,3587.5,3615.0,2026-10-05
KAYNES,2026-09-10,3632.5,3480.0,3499.0,2026-10-05
KAYNES,2026-09-11,3550.0,3433.4,3505.0,2026-10-05
KAYNES,2026-09-15,3527.8,3387.0,3392.0,2026-10-05
KAYNES,2026-09-16,3411.3,3293.0,3385.0,2026-10-05
KAYNES,2026-09-17,3562.0,3395.0,3520.0,2026-10-05
KAYNES,2026-09-18,3605.9,3475.0,3515.0,2026-10-05
KAYNES,2026-09-21,3674.0,3507.7,3650.0,2026-10-05
KAYNES,2026-09-22,3599.0,3425.0,3455.0,2026-10-05
KAYNES,2026-09-23,3499.0,3428.5,3458.0,2026-10-05
KAYNES,2026-09-24,3576.0,3415.3,3509.5,2026-10-05
KAYNES,2026-09-25,3658.0,3515.0,3650.0,2026-10-05
KAYNES,2026-09-28,3695.0,3589.0,3658.0,2026-10-05
KAYNES,2026-09-29,3707.2,3500.0,3511.5,2026-10-05
KAYNES,2026-09-30,3611.0,3501.0,3501.0,2026-10-05
KAYNES,2026-10-01,3549.6,3337.2,3399.0,2026-10-05
KEI,2026-08-20,5779.0,5643.5,5675.0,2026-10-05
KEI,2026-08-21,5744.0,5492.6,5527.6,2026-10-05
KEI,2026-08-24,5550.5,5450.0,5494.0,2026-10-05
KEI,2026-08-25,5590.2,5482.9,5588.0,2026-10-05
KEI,2026-08-26,5615.0,5465.1,5540.0,2026-10-05
KEI,2026-08-27,5590.0,5448.4,5536.0,2026-10-05
KEI,2026-08-28,5570.0,5487.4,5570.0,2026-10-05
KEI,2026-08-31,5740.3,5442.0,5740.3,2026-10-05
KEI,2026-09-01,5608.5,5301.5,5348.0,2026-10-05
KEI,2026-09-02,5335.0,5132.0,5170.0,2026-10-05
KEI,2026-09-03,5380.0,5171.5,5327.0,2026-10-05
KEI,2026-09-04,5028.0,4820.0,4850.0,2026-10-05
KEI,2026-09-07,4871.0,4678.0,4704.0,2026-10-05
KEI,2026-09-08,4783.0,4666.0,4697.5,2026-10-05
KEI,2026-09-09,4738.0,4610.0,4669.5,2026-10-05
KEI,2026-09-10,4686.0,4580.0,4640.0,2026-10-05
KEI,2026-09-11,4599.0,4447.0,4578.0,2026-10-05
KEI,2026-09-15,4574.5,4449.0,4500.0,2026-10-05
KEI,2026-09-16,4544.5,4468.0,4506.0,2026-10-05
KEI,2026-09-17,4561.0,4463.5,4560.0,2026-10-05
KEI,2026-09-18,4650.0,4532.0,4650.0,2026-10-05
KEI,2026-09-21,4630.0,4586.5,4596.0,2026-10-05
KEI,2026-09-22,4657.0,4548.0,4575.0,2026-10-05
KEI,2026-09-23,4760.0,4574.0,4722.5,2026-10-05
KEI,2026-09-24,4706.5,4627.0,4636.5,2026-10-05
KEI,2026-09-25,4712.5,4624.0,4673.5,2026-10-05
KEI,2026-09-28,4668.5,4510.5,4516.0,2026-10-05
KEI,2026-09-29,4521.0,4457.5,4461.0,2026-10-05
KEI,2026-09-30,4536.5,4450.0,4455.0,2026-10-05
KEI,2026-10-01,4558.0,4424.2,4502.0,2026-10-05
KFINTECH,2026-08-20,973.7,936.8,961.0,2026-10-05
KFINTECH,2026-08-21,992.4,953.05,980.0,2026-10-05
KFINTECH,2026-08-24,988.95,964.05,969.9,2026-10-05
KFINTECH,2026-08-25,976.6,956.2,966.0,2026-10-05
KFINTECH,2026-08-26,978.0,955.0,976.5,2026-10-05
KFINTECH,2026-08-27,976.0,942.6,957.0,2026-10-05
KFINTECH,2026-08-28,964.15,942.6,949.95,2026-10-05
KFINTECH,2026-08-31,970.0,931.0,970.0,2026-10-05
KFINTECH,2026-09-01,961.1,931.0,937.5,2026-10-05
KFINTECH,2026-09-02,937.0,911.85,929.0,2026-10-05
KFINTECH,2026-09-03,942.5,923.85,927.7,2026-10-05
KFINTECH,2026-09-04,947.95,923.55,928.9,2026-10-05
KFINTECH,2026-09-07,932.8,918.05,922.5,2026-10-05
KFINTECH,2026-09-08,929.65,915.6,925.1,2026-10-05
KFINTECH,2026-09-09,921.85,907.7,908.0,2026-10-05
KFINTECH,2026-09-10,911.8,897.0,899.0,2026-10-05
KFINTECH,2026-09-11,904.7,882.4,900.0,2026-10-05
KFINTECH,2026-09-15,903.85,880.0,884.8,2026-10-05
KFINTECH,2026-09-16,895.95,872.5,889.0,2026-10-05
KFINTECH,2026-09-17,903.65,880.85,897.0,2026-10-05
KFINTECH,2026-09-18,930.0,894.95,930.0,2026-10-05
KFINTECH,2026-09-21,917.85,892.2,896.7,2026-10-05
KFINTECH,2026-09-22,905.75,891.6,898.0,2026-10-05
KFINTECH,2026-09-23,917.35,895.5,911.95,2026-10-05
KFINTECH,2026-09-24,911.0,893.05,897.95,2026-10-05
KFINTECH,2026-09-25,908.7,887.95,888.8,2026-10-05
KFINTECH,2026-09-28,890.0,874.05,884.05,2026-10-05
KFINTECH,2026-09-29,889.45,838.2,838.2,2026-10-05
KFINTECH,2026-09-30,853.8,837.4,840.0,2026-10-05
KFINTECH,2026-10-01,849.5,815.7,832.0,2026-10-05
KOTAKBANK,2026-08-20,399.55,393.15,397.35,2026-10-05
KOTAKBANK,2026-08-21,406.0,398.3,402.8,2026-10-05
KOTAKBANK,2026-08-24,405.6,398.2,401.45,2026-10-05
KOTAKBANK,2026-08-25,402.05,398.15,401.6,2026-10-05
KOTAKBANK,2026-08-26,417.45,401.0,416.7,2026-10-05
KOTAKBANK,2026-08-27,427.7,415.0,424.2,2026-10-05
KOTAKBANK,2026-08-28,426.2,421.0,423.7,2026-10-05
KOTAKBANK,2026-08-31,425.05,419.4,419.4,2026-10-05
KOTAKBANK,2026-09-01,429.1,420.75,425.0,2026-10-05
KOTAKBANK,2026-09-02,425.75,418.95,423.5,2026-10-05
KOTAKBANK,2026-09-03,426.9,421.15,421.15,2026-10-05
KOTAKBANK,2026-09-04,425.95,421.65,424.5,2026-10-05
KOTAKBANK,2026-09-07,425.7,421.0,422.1,2026-10-05
KOTAKBANK,2026-09-08,423.85,419.0,419.25,2026-10-05
KOTAKBANK,2026-09-09,420.65,413.95,414.0,2026-10-05
KOTAKBANK,2026-09-10,416.55,412.8,416.55,2026-10-05
KOTAKBANK,2026-09-11,420.0,409.25,419.0,2026-10-05
KOTAKBANK,2026-09-15,420.5,409.8,409.8,2026-10-05
KOTAKBANK,2026-09-16,417.05,409.35,415.0,2026-10-05
KOTAKBANK,2026-09-17,417.6,412.5,416.5,2026-10-05
KOTAKBANK,2026-09-18,419.2,412.5,412.5,2026-10-05
KOTAKBANK,2026-09-21,420.6,414.55,414.8,2026-10-05
KOTAKBANK,2026-09-22,417.8,412.55,412.65,2026-10-05
KOTAKBANK,2026-09-23,417.25,411.35,413.25,2026-10-05
KOTAKBANK,2026-09-24,410.0,404.3,405.0,2026-10-05
KOTAKBANK,2026-09-25,407.95,399.3,404.0,2026-10-05
KOTAKBANK,2026-09-28,403.7,395.75,401.55,2026-10-05
KOTAKBANK,2026-09-29,409.25,394.7,406.0,2026-10-05
KOTAKBANK,2026-09-30,419.15,405.95,417.0,2026-10-05
KOTAKBANK,2026-10-01,435.6,416.05,418.35,2026-10-05
KPITTECH,2026-08-20,601.25,590.05,592.9,2026-10-05
KPITTECH,2026-08-21,594.85,586.05,589.3,2026-10-05
KPITTECH,2026-08-24,595.9,581.0,583.1,2026-10-05
KPITTECH,2026-08-25,592.0,577.0,592.0,2026-10-05
KPITTECH,2026-08-26,596.2,587.45,590.0,2026-10-05
KPITTECH,2026-08-27,592.9,579.65,588.0,2026-10-05
KPITTECH,2026-08-28,613.45,589.4,609.4,2026-10-05
KPITTECH,2026-08-31,610.0,585.0,585.0,2026-10-05
KPITTECH,2026-09-01,594.3,581.0,590.0,2026-10-05
KPITTECH,2026-09-02,589.9,579.1,588.0,2026-10-05
KPITTECH,2026-09-03,592.4,580.55,583.5,2026-10-05
KPITTECH,2026-09-04,593.6,575.0,575.45,2026-10-05
KPITTECH,2026-09-07,575.9,560.0,562.25,2026-10-05
KPITTECH,2026-09-08,563.35,556.4,562.0,2026-10-05
KPITTECH,2026-09-09,559.25,551.25,553.1,2026-10-05
KPITTECH,2026-09-10,559.5,548.75,550.95,2026-10-05
KPITTECH,2026-09-11,555.95,545.6,553.75,2026-10-05
KPITTECH,2026-09-15,580.95,560.0,563.0,2026-10-05
KPITTECH,2026-09-16,566.4,553.1,555.0,2026-10-05
KPITTECH,2026-09-17,560.95,552.5,559.3,2026-10-05
KPITTECH,2026-09-18,559.5,532.0,532.0,2026-10-05
KPITTECH,2026-09-21,538.1,526.95,536.8,2026-10-05
KPITTECH,2026-09-22,539.9,524.0,529.05,2026-10-05
KPITTECH,2026-09-23,533.35,525.0,527.0,2026-10-05
KPITTECH,2026-09-24,527.8,514.0,516.85,2026-10-05
KPITTECH,2026-09-25,519.5,507.8,519.4,2026-10-05
KPITTECH,2026-09-28,519.0,506.0,509.0,2026-10-05
KPITTECH,2026-09-29,519.7,495.5,519.7,2026-10-05
KPITTECH,2026-09-30,518.0,499.1,499.1,2026-10-05
KPITTECH,2026-10-01,509.4,484.5,492.0,2026-10-05
LAURUSLABS,2026-08-20,1832.0,1813.8,1825.0,2026-10-05
LAURUSLABS,2026-08-21,1836.4,1790.3,1802.0,2026-10-05
LAURUSLABS,2026-08-24,1810.8,1790.0,1801.0,2026-10-05
LAURUSLABS,2026-08-25,1869.4,1796.5,1866.2,2026-10-05
LAURUSLABS,2026-08-26,1898.3,1857.4,1887.0,2026-10-05
LAURUSLABS,2026-08-27,1930.0,1878.4,1929.4,2026-10-05
LAURUSLABS,2026-08-28,1938.5,1910.1,1938.5,2026-10-05
LAURUSLABS,2026-08-31,1949.0,1847.8,1915.0,2026-10-05
LAURUSLABS,2026-09-01,1895.0,1837.4,1861.6,2026-10-05
LAURUSLABS,2026-09-02,1864.4,1811.7,1864.0,2026-10-05
LAURUSLABS,2026-09-03,1876.6,1852.6,1868.5,2026-10-05
LAURUSLABS,2026-09-04,1871.8,1835.2,1840.0,2026-10-05
LAURUSLABS,2026-09-07,1876.7,1832.7,1876.7,2026-10-05
LAURUSLABS,2026-09-08,1952.0,1862.7,1946.9,2026-10-05
LAURUSLABS,2026-09-09,1955.0,1917.9,1937.0,2026-10-05
LAURUSLABS,2026-09-10,1950.5,1920.9,1945.0,2026-10-05
LAURUSLABS,2026-09-11,1981.8,1918.1,1969.0,2026-10-05
LAURUSLABS,2026-09-15,1981.0,1915.6,1926.9,2026-10-05
LAURUSLABS,2026-09-16,1940.4,1863.5,1905.5,2026-10-05
LAURUSLABS,2026-09-17,1964.5,1894.8,1948.1,2026-10-05
LAURUSLABS,2026-09-18,1982.0,1954.0,1954.0,2026-10-05
LAURUSLABS,2026-09-21,2023.5,1963.8,2017.5,2026-10-05
LAURUSLABS,2026-09-22,2032.8,2002.2,2006.5,2026-10-05
LAURUSLABS,2026-09-23,2037.2,1999.7,2034.0,2026-10-05
LAURUSLABS,2026-09-24,2055.3,2020.0,2026.2,2026-10-05
LAURUSLABS,2026-09-25,2040.0,1979.2,2007.0,2026-10-05
LAURUSLABS,2026-09-28,2012.3,1984.8,2010.7,2026-10-05
LAURUSLABS,2026-09-29,2024.9,1979.0,1979.0,2026-10-05
LAURUSLABS,2026-09-30,2001.6,1955.1,1980.0,2026-10-05
LAURUSLABS,2026-10-01,2006.9,1952.1,1984.0,2026-10-05
LICHSGFIN,2026-08-20,511.45,498.2,508.05,2026-10-05
LICHSGFIN,2026-08-21,500.8,491.0,497.0,2026-10-05
LICHSGFIN,2026-08-24,499.95,485.45,491.4,2026-10-05
LICHSGFIN,2026-08-25,506.4,489.15,506.0,2026-10-05
LICHSGFIN,2026-08-26,526.9,506.0,524.4,2026-10-05
LICHSGFIN,2026-08-27,543.4,523.4,535.5,2026-10-05
LICHSGFIN,2026-08-28,543.0,531.75,535.0,2026-10-05
LICHSGFIN,2026-08-31,540.45,528.45,538.4,2026-10-05
LICHSGFIN,2026-09-01,538.4,526.35,534.9,2026-10-05
LICHSGFIN,2026-09-02,542.15,525.25,541.25,2026-10-05
LICHSGFIN,2026-09-03,555.95,536.6,554.0,2026-10-05
LICHSGFIN,2026-09-04,579.4,554.0,562.05,2026-10-05
LICHSGFIN,2026-09-07,567.6,548.0,552.0,2026-10-05
LICHSGFIN,2026-09-08,563.0,545.4,563.0,2026-10-05
LICHSGFIN,2026-09-09,564.75,550.45,555.0,2026-10-05
LICHSGFIN,2026-09-10,558.0,543.8,552.3,2026-10-05
LICHSGFIN,2026-09-11,572.35,546.0,562.9,2026-10-05
LICHSGFIN,2026-09-15,565.25,538.5,542.0,2026-10-05
LICHSGFIN,2026-09-16,551.45,529.6,543.0,2026-10-05
LICHSGFIN,2026-09-17,554.55,541.05,545.9,2026-10-05
LICHSGFIN,2026-09-18,552.0,543.6,548.15,2026-10-05
LICHSGFIN,2026-09-21,574.15,543.65,568.0,2026-10-05
LICHSGFIN,2026-09-22,573.95,563.2,565.0,2026-10-05
LICHSGFIN,2026-09-23,576.7,564.05,572.5,2026-10-05
LICHSGFIN,2026-09-24,571.9,563.8,564.25,2026-10-05
LICHSGFIN,2026-09-25,569.55,558.6,566.0,2026-10-05
LICHSGFIN,2026-09-28,574.7,562.5,564.15,2026-10-05
LICHSGFIN,2026-09-29,566.75,548.5,548.5,2026-10-05
LICHSGFIN,2026-09-30,565.0,530.2,530.2,2026-10-05
LICHSGFIN,2026-10-01,531.7,499.25,509.0,2026-10-05
LICI,2026-08-20,424.4,412.95,419.0,2026-10-05
LICI,2026-08-21,425.9,419.55,422.25,2026-10-05
LICI,2026-08-24,427.25,419.25,421.85,2026-10-05
LICI,2026-08-25,428.15,420.2,424.0,2026-10-05
LICI,2026-08-26,427.9,415.15,415.3,2026-10-05
LICI,2026-08-27,421.25,412.7,413.95,2026-10-05
LICI,2026-08-28,422.0,409.5,422.0,2026-10-05
LICI,2026-08-31,421.9,412.35,418.0,2026-10-05
LICI,2026-09-01,418.9,409.95,412.15,2026-10-05
LICI,2026-09-02,412.5,406.8,408.25,2026-10-05
LICI,2026-09-03,417.0,411.0,416.9,2026-10-05
LICI,2026-09-04,419.3,415.3,415.35,2026-10-05
LICI,2026-09-07,419.6,410.25,411.5,2026-10-05
LICI,2026-09-08,416.25,409.75,410.75,2026-10-05
LICI,2026-09-09,410.95,406.55,407.5,2026-10-05
LICI,2026-09-10,407.65,402.35,405.6,2026-10-05
LICI,2026-09-11,405.65,400.25,404.1,2026-10-05
LICI,2026-09-15,404.7,390.65,391.5,2026-10-05
LICI,2026-09-16,395.5,386.5,395.5,2026-10-05
LICI,2026-09-17,406.0,392.55,400.0,2026-10-05
LICI,2026-09-18,407.7,398.8,407.7,2026-10-05
LICI,2026-09-21,402.2,396.05,400.0,2026-10-05
LICI,2026-09-22,406.8,399.55,404.55,2026-10-05
LICI,2026-09-23,407.5,401.65,407.5,2026-10-05
LICI,2026-09-24,417.8,398.5,406.0,2026-10-05
LICI,2026-09-25,410.05,403.05,409.05,2026-10-05
LICI,2026-09-28,408.0,400.5,400.65,2026-10-05
LICI,2026-09-29,401.0,390.0,390.0,2026-10-05
LICI,2026-09-30,398.95,391.9,395.2,2026-10-05
LICI,2026-10-01,396.75,386.0,391.85,2026-10-05
LODHA,2026-08-20,1246.5,1215.5,1240.0,2026-10-05
LODHA,2026-08-21,1262.0,1232.2,1242.0,2026-10-05
LODHA,2026-08-24,1264.0,1225.4,1258.4,2026-10-05
LODHA,2026-08-25,1283.0,1253.1,1281.1,2026-10-05
LODHA,2026-08-26,1306.9,1265.0,1265.0,2026-10-05
LODHA,2026-08-27,1278.0,1246.3,1246.3,2026-10-05
LODHA,2026-08-28,1274.0,1248.5,1274.0,2026-10-05
LODHA,2026-08-31,1260.0,1198.6,1198.6,2026-10-05
LODHA,2026-09-01,1231.8,1180.0,1193.9,2026-10-05
LODHA,2026-09-02,1208.3,1166.4,1208.3,2026-10-05
LODHA,2026-09-03,1244.4,1205.3,1234.0,2026-10-05
LODHA,2026-09-04,1237.8,1209.5,1222.0,2026-10-05
LODHA,2026-09-07,1231.9,1200.0,1200.0,2026-10-05
LODHA,2026-09-08,1226.2,1175.1,1212.0,2026-10-05
LODHA,2026-09-09,1213.3,1161.0,1166.0,2026-10-05
LODHA,2026-09-10,1172.9,1140.0,1163.4,2026-10-05
LODHA,2026-09-11,1145.8,1075.5,1116.9,2026-10-05
LODHA,2026-09-15,1128.0,1064.8,1064.8,2026-10-05
LODHA,2026-09-16,1090.6,1047.5,1087.4,2026-10-05
LODHA,2026-09-17,1116.9,1078.0,1103.1,2026-10-05
LODHA,2026-09-18,1148.8,1108.6,1144.7,2026-10-05
LODHA,2026-09-21,1150.7,1127.0,1138.0,2026-10-05
LODHA,2026-09-22,1159.6,1135.1,1144.0,2026-10-05
LODHA,2026-09-23,1177.5,1143.0,1162.5,2026-10-05
LODHA,2026-09-24,1177.0,1148.9,1158.0,2026-10-05
LODHA,2026-09-25,1170.3,1147.0,1165.0,2026-10-05
LODHA,2026-09-28,1165.0,1115.1,1117.1,2026-10-05
LODHA,2026-09-29,1128.0,1096.3,1106.6,2026-10-05
LODHA,2026-09-30,1135.0,1091.8,1135.0,2026-10-05
LODHA,2026-10-01,1129.0,1083.3,1105.6,2026-10-05
LT,2026-08-20,4084.9,4048.3,4081.0,2026-10-05
LT,2026-08-21,4100.0,4061.4,4093.0,2026-10-05
LT,2026-08-24,4107.1,4077.7,4090.0,2026-10-05
LT,2026-08-25,4125.3,4066.6,4119.0,2026-10-05
LT,2026-08-26,4124.9,4038.1,4038.1,2026-10-05
LT,2026-08-27,4067.3,4023.0,4027.0,2026-10-05
LT,2026-08-28,4060.0,4021.3,4045.8,2026-10-05
LT,2026-08-31,4044.9,3976.0,4044.9,2026-10-05
LT,2026-09-01,4038.0,3980.1,3980.1,2026-10-05
LT,2026-09-02,4002.3,3956.7,3981.0,2026-10-05
LT,2026-09-03,4027.7,3975.0,3975.0,2026-10-05
LT,2026-09-04,3994.9,3964.1,3964.1,2026-10-05
LT,2026-09-07,4004.9,3960.9,3999.0,2026-10-05
LT,2026-09-08,3988.7,3946.1,3946.1,2026-10-05
LT,2026-09-09,4020.2,3922.6,3922.6,2026-10-05
LT,2026-09-10,3965.5,3910.0,3955.0,2026-10-05
LT,2026-09-11,3948.0,3880.7,3930.7,2026-10-05
LT,2026-09-15,3959.0,3835.7,3850.7,2026-10-05
LT,2026-09-16,3867.9,3799.9,3807.7,2026-10-05
LT,2026-09-17,3875.0,3811.0,3836.2,2026-10-05
LT,2026-09-18,3898.0,3846.0,3885.0,2026-10-05
LT,2026-09-21,3908.7,3883.0,3904.8,2026-10-05
LT,2026-09-22,3930.5,3866.0,3866.4,2026-10-05
LT,2026-09-23,3945.0,3870.0,3929.9,2026-10-05
LT,2026-09-24,3907.0,3849.0,3858.4,2026-10-05
LT,2026-09-25,3887.5,3842.4,3876.2,2026-10-05
LT,2026-09-28,3858.2,3766.4,3766.4,2026-10-05
LT,2026-09-29,3791.8,3740.2,3749.1,2026-10-05
LT,2026-09-30,3786.5,3730.0,3760.0,2026-10-05
LT,2026-10-01,3737.3,3655.9,3693.4,2026-10-05
LTF,2026-08-20,320.0,313.7,314.75,2026-10-05
LTF,2026-08-21,319.95,314.15,317.15,2026-10-05
LTF,2026-08-24,324.45,315.85,315.85,2026-10-05
LTF,2026-08-25,320.8,315.15,319.5,2026-10-05
LTF,2026-08-26,327.3,320.7,322.2,2026-10-05
LTF,2026-08-27,323.65,318.6,321.9,2026-10-05
LTF,2026-08-28,322.4,314.3,314.3,2026-10-05
LTF,2026-08-31,321.0,306.55,321.0,2026-10-05
LTF,2026-09-01,316.0,305.3,309.05,2026-10-05
LTF,2026-09-02,313.35,302.7,312.8,2026-10-05
LTF,2026-09-03,317.7,311.4,316.9,2026-10-05
LTF,2026-09-04,320.5,313.4,314.0,2026-10-05
LTF,2026-09-07,315.3,310.9,312.5,2026-10-05
LTF,2026-09-08,311.9,308.3,308.3,2026-10-05
LTF,2026-09-09,314.4,307.0,310.4,2026-10-05
LTF,2026-09-10,311.4,306.3,311.3,2026-10-05
LTF,2026-09-11,311.55,302.7,309.1,2026-10-05
LTF,2026-09-15,311.3,296.6,296.8,2026-10-05
LTF,2026-09-16,300.95,293.8,295.5,2026-10-05
LTF,2026-09-17,304.05,293.5,302.3,2026-10-05
LTF,2026-09-18,314.3,302.5,312.8,2026-10-05
LTF,2026-09-21,311.25,306.3,307.8,2026-10-05
LTF,2026-09-22,309.25,302.05,304.9,2026-10-05
LTF,2026-09-23,312.7,307.75,310.0,2026-10-05
LTF,2026-09-24,290.6,279.0,282.0,2026-10-05
LTF,2026-09-25,285.75,280.05,284.0,2026-10-05
LTF,2026-09-28,283.45,277.8,280.85,2026-10-05
LTF,2026-09-29,281.3,269.45,271.05,2026-10-05
LTF,2026-09-30,273.25,264.9,265.0,2026-10-05
LTF,2026-10-01,271.8,261.75,264.35,2026-10-05
LTM,2026-08-20,4657.0,4517.0,4553.0,2026-10-05
LTM,2026-08-21,4500.0,4414.8,4487.8,2026-10-05
LTM,2026-08-24,4552.0,4467.9,4525.7,2026-10-05
LTM,2026-08-25,4550.0,4469.1,4528.0,2026-10-05
LTM,2026-08-26,4572.5,4460.0,4460.0,2026-10-05
LTM,2026-08-27,4530.3,4464.0,4464.0,2026-10-05
LTM,2026-08-28,4700.0,4500.9,4675.0,2026-10-05
LTM,2026-08-31,4690.0,4512.9,4540.0,2026-10-05
LTM,2026-09-01,4648.4,4514.9,4625.0,2026-10-05
LTM,2026-09-02,4611.0,4489.0,4588.0,2026-10-05
LTM,2026-09-03,4581.0,4506.0,4560.0,2026-10-05
LTM,2026-09-04,4656.3,4545.3,4554.0,2026-10-05
LTM,2026-09-07,4519.4,4405.0,4448.0,2026-10-05
LTM,2026-09-08,4489.1,4405.0,4430.0,2026-10-05
LTM,2026-09-09,4437.5,4290.0,4412.0,2026-10-05
LTM,2026-09-10,4434.5,4306.6,4374.0,2026-10-05
LTM,2026-09-11,4366.8,4275.0,4275.0,2026-10-05
LTM,2026-09-15,4568.9,4323.3,4346.6,2026-10-05
LTM,2026-09-16,4370.0,4233.0,4233.0,2026-10-05
LTM,2026-09-17,4294.9,4180.0,4265.3,2026-10-05
LTM,2026-09-18,4300.0,4155.0,4275.1,2026-10-05
LTM,2026-09-21,4317.0,4190.5,4280.0,2026-10-05
LTM,2026-09-22,4187.1,4094.0,4158.3,2026-10-05
LTM,2026-09-23,4190.6,4057.8,4085.0,2026-10-05
LTM,2026-09-24,4089.0,4011.0,4038.0,2026-10-05
LTM,2026-09-25,4083.0,3996.0,4083.0,2026-10-05
LTM,2026-09-28,4132.4,4018.2,4091.4,2026-10-05
LTM,2026-09-29,4183.6,3936.0,3936.0,2026-10-05
LTM,2026-09-30,4138.0,3979.9,4045.0,2026-10-05
LTM,2026-10-01,4079.4,3945.5,4007.0,2026-10-05
LUPIN,2026-08-20,2237.7,2201.5,2201.5,2026-10-05
LUPIN,2026-08-21,2217.0,2187.7,2201.8,2026-10-05
LUPIN,2026-08-24,2199.8,2180.3,2188.0,2026-10-05
LUPIN,2026-08-25,2189.9,2158.1,2175.5,2026-10-05
LUPIN,2026-08-26,2237.9,2173.6,2185.0,2026-10-05
LUPIN,2026-08-27,2186.1,2144.7,2158.1,2026-10-05
LUPIN,2026-08-28,2179.8,2153.0,2171.5,2026-10-05
LUPIN,2026-08-31,2192.0,2145.0,2188.4,2026-10-05
LUPIN,2026-09-01,2190.2,2137.6,2153.0,2026-10-05
LUPIN,2026-09-02,2155.2,2135.0,2155.2,2026-10-05
LUPIN,2026-09-03,2159.9,2132.0,2132.0,2026-10-05
LUPIN,2026-09-04,2148.0,2100.6,2110.0,2026-10-05
LUPIN,2026-09-07,2135.5,2095.6,2105.0,2026-10-05
LUPIN,2026-09-08,2116.0,2094.6,2104.7,2026-10-05
LUPIN,2026-09-09,2120.0,2090.0,2100.0,2026-10-05
LUPIN,2026-09-10,2098.2,2060.3,2077.8,2026-10-05
LUPIN,2026-09-11,2108.5,2058.0,2095.0,2026-10-05
LUPIN,2026-09-15,2099.5,2049.5,2063.2,2026-10-05
LUPIN,2026-09-16,2074.1,2033.5,2045.0,2026-10-05
LUPIN,2026-09-17,2098.1,2046.3,2098.1,2026-10-05
LUPIN,2026-09-18,2114.7,2075.0,2083.0,2026-10-05
LUPIN,2026-09-21,2129.0,2080.0,2124.5,2026-10-05
LUPIN,2026-09-22,2135.0,2109.0,2135.0,2026-10-05
LUPIN,2026-09-23,2125.0,2090.1,2102.8,2026-10-05
LUPIN,2026-09-24,2114.8,2084.5,2100.7,2026-10-05
LUPIN,2026-09-25,2095.7,2077.5,2092.0,2026-10-05
LUPIN,2026-09-28,2098.6,2056.0,2062.0,2026-10-05
LUPIN,2026-09-29,2097.1,2052.1,2052.1,2026-10-05
LUPIN,2026-09-30,2071.7,2027.0,2030.2,2026-10-05
LUPIN,2026-10-01,2044.1,2004.2,2031.2,2026-10-05
M&M,2026-08-20,3456.4,3401.0,3424.8,2026-10-05
M&M,2026-08-21,3453.9,3412.2,3412.2,2026-10-05
M&M,2026-08-24,3444.7,3400.0,3414.1,2026-10-05
M&M,2026-08-25,3443.0,3396.8,3443.0,2026-10-05
M&M,2026-08-26,3447.9,3398.2,3398.2,2026-10-05
M&M,2026-08-27,3420.0,3330.0,3330.0,2026-10-05
M&M,2026-08-28,3351.7,3302.0,3334.0,2026-10-05
M&M,2026-08-31,3365.0,3282.0,3282.0,2026-10-05
M&M,2026-09-01,3368.0,3223.0,3259.0,2026-10-05
M&M,2026-09-02,3229.6,3142.5,3190.0,2026-10-05
M&M,2026-09-03,3210.0,3150.0,3150.0,2026-10-05
M&M,2026-09-04,3185.3,3144.2,3170.0,2026-10-05
M&M,2026-09-07,3178.0,3145.0,3160.0,2026-10-05
M&M,2026-09-08,3163.0,3096.3,3160.0,2026-10-05
M&M,2026-09-09,3151.3,3118.0,3150.0,2026-10-05
M&M,2026-09-10,3146.9,3097.7,3123.8,2026-10-05
M&M,2026-09-11,3124.2,3069.1,3107.0,2026-10-05
M&M,2026-09-15,3119.6,3029.5,3029.5,2026-10-05
M&M,2026-09-16,3105.9,3044.6,3070.0,2026-10-05
M&M,2026-09-17,3127.8,3047.0,3076.5,2026-10-05
M&M,2026-09-18,3098.2,3052.0,3052.0,2026-10-05
M&M,2026-09-21,3088.0,3055.3,3055.3,2026-10-05
M&M,2026-09-22,3093.7,3035.0,3044.5,2026-10-05
M&M,2026-09-23,3052.0,3022.4,3035.0,2026-10-05
M&M,2026-09-24,3039.0,2982.7,2982.7,2026-10-05
M&M,2026-09-25,3045.0,2965.0,3035.0,2026-10-05
M&M,2026-09-28,3019.9,2977.6,2995.0,2026-10-05
M&M,2026-09-29,2991.0,2947.8,2947.8,2026-10-05
M&M,2026-09-30,2986.0,2925.0,2950.0,2026-10-05
M&M,2026-10-01,2927.4,2812.0,2860.0,2026-10-05
MANAPPURAM,2026-08-20,351.6,345.0,349.25,2026-10-05
MANAPPURAM,2026-08-21,358.5,351.35,357.5,2026-10-05
MANAPPURAM,2026-08-24,369.9,358.3,365.05,2026-10-05
MANAPPURAM,2026-08-25,369.7,363.3,367.45,2026-10-05
MANAPPURAM,2026-08-26,372.55,365.4,365.4,2026-10-05
MANAPPURAM,2026-08-27,369.9,346.0,348.0,2026-10-05
MANAPPURAM,2026-08-28,351.15,346.15,348.9,2026-10-05
MANAPPURAM,2026-08-31,345.0,337.85,340.1,2026-10-05
MANAPPURAM,2026-09-01,344.45,335.6,337.0,2026-10-05
MANAPPURAM,2026-09-02,341.1,330.3,340.9,2026-10-05
MANAPPURAM,2026-09-03,346.45,338.45,341.0,2026-10-05
MANAPPURAM,2026-09-04,345.2,338.2,339.7,2026-10-05
MANAPPURAM,2026-09-07,332.35,323.15,325.6,2026-10-05
MANAPPURAM,2026-09-08,329.0,323.4,325.0,2026-10-05
MANAPPURAM,2026-09-09,328.0,312.3,320.0,2026-10-05
MANAPPURAM,2026-09-10,335.1,318.25,330.8,2026-10-05
MANAPPURAM,2026-09-11,329.1,323.1,329.0,2026-10-05
MANAPPURAM,2026-09-15,330.45,317.7,318.85,2026-10-05
MANAPPURAM,2026-09-16,324.7,317.25,319.9,2026-10-05
MANAPPURAM,2026-09-17,322.15,315.0,316.05,2026-10-05
MANAPPURAM,2026-09-18,319.9,310.0,319.15,2026-10-05
MANAPPURAM,2026-09-21,320.0,313.8,315.1,2026-10-05
MANAPPURAM,2026-09-22,320.2,315.9,319.3,2026-10-05
MANAPPURAM,2026-09-23,323.0,317.5,320.4,2026-10-05
MANAPPURAM,2026-09-24,327.0,313.15,324.95,2026-10-05
MANAPPURAM,2026-09-25,334.25,323.25,334.0,2026-10-05
MANAPPURAM,2026-09-28,330.65,312.15,313.0,2026-10-05
MANAPPURAM,2026-09-29,317.8,308.55,316.45,2026-10-05
MANAPPURAM,2026-09-30,322.65,312.95,315.85,2026-10-05
MANAPPURAM,2026-10-01,317.45,303.35,308.9,2026-10-05
MANKIND,2026-08-20,2413.0,2373.4,2385.0,2026-10-05
MANKIND,2026-08-21,2407.2,2365.6,2384.0,2026-10-05
MANKIND,2026-08-24,2385.1,2367.1,2374.5,2026-10-05
MANKIND,2026-08-25,2374.4,2337.6,2365.0,2026-10-05
MANKIND,2026-08-26,2423.9,2358.0,2393.7,2026-10-05
MANKIND,2026-08-27,2417.5,2377.6,2417.5,2026-10-05
MANKIND,2026-08-28,2422.1,2370.0,2382.9,2026-10-05
MANKIND,2026-08-31,2419.2,2343.6,2419.2,2026-10-05
MANKIND,2026-09-01,2381.4,2350.0,2356.5,2026-10-05
MANKIND,2026-09-02,2391.5,2341.2,2391.5,2026-10-05
MANKIND,2026-09-03,2390.0,2355.4,2368.8,2026-10-05
MANKIND,2026-09-04,2390.0,2317.0,2327.9,2026-10-05
MANKIND,2026-09-07,2331.6,2303.5,2318.0,2026-10-05
MANKIND,2026-09-08,2330.8,2301.0,2309.0,2026-10-05
MANKIND,2026-09-09,2317.6,2250.0,2265.0,2026-10-05
MANKIND,2026-09-10,2276.5,2235.1,2238.4,2026-10-05
MANKIND,2026-09-11,2280.0,2222.0,2280.0,2026-10-05
MANKIND,2026-09-15,2300.9,2251.8,2280.5,2026-10-05
MANKIND,2026-09-16,2300.7,2246.0,2246.0,2026-10-05
MANKIND,2026-09-17,2308.8,2242.1,2300.0,2026-10-05
MANKIND,2026-09-18,2329.5,2287.7,2300.7,2026-10-05
MANKIND,2026-09-21,2452.0,2303.0,2437.8,2026-10-05
MANKIND,2026-09-22,2490.0,2438.7,2480.0,2026-10-05
MANKIND,2026-09-23,2493.0,2458.1,2465.0,2026-10-05
MANKIND,2026-09-24,2504.3,2442.6,2500.0,2026-10-05
MANKIND,2026-09-25,2504.6,2454.4,2474.9,2026-10-05
MANKIND,2026-09-28,2488.3,2430.3,2435.6,2026-10-05
MANKIND,2026-09-29,2559.0,2436.8,2545.0,2026-10-05
MANKIND,2026-09-30,2552.0,2455.0,2503.8,2026-10-05
MANKIND,2026-10-01,2535.0,2476.1,2535.0,2026-10-05
MARICO,2026-08-20,861.0,849.8,858.35,2026-10-05
MARICO,2026-08-21,862.15,844.15,849.25,2026-10-05
MARICO,2026-08-24,850.0,842.4,846.1,2026-10-05
MARICO,2026-08-25,848.0,838.2,847.5,2026-10-05
MARICO,2026-08-26,849.0,829.45,833.0,2026-10-05
MARICO,2026-08-27,837.75,825.8,833.5,2026-10-05
MARICO,2026-08-28,840.7,826.45,829.65,2026-10-05
MARICO,2026-08-31,840.0,820.0,820.0,2026-10-05
MARICO,2026-09-01,840.05,823.15,838.1,2026-10-05
MARICO,2026-09-02,834.85,826.5,829.35,2026-10-05
MARICO,2026-09-03,832.85,817.8,827.4,2026-10-05
MARICO,2026-09-04,824.7,814.1,815.15,2026-10-05
MARICO,2026-09-07,819.05,802.5,806.0,2026-10-05
MARICO,2026-09-08,825.45,801.35,823.9,2026-10-05
MARICO,2026-09-09,823.0,808.45,813.9,2026-10-05
MARICO,2026-09-10,813.9,799.55,803.0,2026-10-05
MARICO,2026-09-11,810.0,795.7,802.1,2026-10-05
MARICO,2026-09-15,809.8,791.25,791.25,2026-10-05
MARICO,2026-09-16,819.9,792.15,810.15,2026-10-05
MARICO,2026-09-17,826.3,810.15,817.0,2026-10-05
MARICO,2026-09-18,822.45,803.9,803.9,2026-10-05
MARICO,2026-09-21,829.75,804.25,824.4,2026-10-05
MARICO,2026-09-22,830.5,824.55,830.0,2026-10-05
MARICO,2026-09-23,833.2,828.0,832.3,2026-10-05
MARICO,2026-09-24,831.65,820.05,824.55,2026-10-05
MARICO,2026-09-25,824.0,807.05,819.0,2026-10-05
MARICO,2026-09-28,815.0,804.2,813.25,2026-10-05
MARICO,2026-09-29,809.1,787.15,787.15,2026-10-05
MARICO,2026-09-30,799.25,786.0,786.0,2026-10-05
MARICO,2026-10-01,791.0,766.25,781.35,2026-10-05
MARUTI,2026-08-20,13826.0,13681.0,13809.0,2026-10-05
MARUTI,2026-08-21,13809.0,13565.0,13565.0,2026-10-05
MARUTI,2026-08-24,13694.0,13505.0,13620.0,2026-10-05
MARUTI,2026-08-25,13678.0,13450.0,13678.0,2026-10-05
MARUTI,2026-08-26,13750.0,13514.0,13520.0,2026-10-05
MARUTI,2026-08-27,13580.0,13404.0,13440.0,2026-10-05
MARUTI,2026-08-28,13525.0,13318.0,13376.0,2026-10-05
MARUTI,2026-08-31,13547.0,13268.0,13547.0,2026-10-05
MARUTI,2026-09-01,13540.0,12851.0,12950.0,2026-10-05
MARUTI,2026-09-02,12888.0,12640.0,12849.0,2026-10-05
MARUTI,2026-09-03,12927.0,12780.0,12857.0,2026-10-05
MARUTI,2026-09-04,12880.0,12656.0,12694.0,2026-10-05
MARUTI,2026-09-07,12833.0,12618.0,12760.0,2026-10-05
MARUTI,2026-09-08,12758.0,12582.0,12641.0,2026-10-05
MARUTI,2026-09-09,12692.0,12537.0,12618.0,2026-10-05
MARUTI,2026-09-10,12693.0,12517.0,12590.0,2026-10-05
MARUTI,2026-09-11,12541.0,12381.0,12400.0,2026-10-05
MARUTI,2026-09-15,12470.0,12231.0,12231.0,2026-10-05
MARUTI,2026-09-16,12367.0,12159.0,12166.0,2026-10-05
MARUTI,2026-09-17,12409.0,12127.0,12338.0,2026-10-05
MARUTI,2026-09-18,12458.0,12103.0,12103.0,2026-10-05
MARUTI,2026-09-21,12229.0,12129.0,12153.0,2026-10-05
MARUTI,2026-09-22,12275.0,12142.0,12190.0,2026-10-05
MARUTI,2026-09-23,12255.0,12106.0,12230.0,2026-10-05
MARUTI,2026-09-24,12184.0,11975.0,11990.0,2026-10-05
MARUTI,2026-09-25,12098.0,11975.0,12065.0,2026-10-05
MARUTI,2026-09-28,12116.0,11944.0,12008.0,2026-10-05
MARUTI,2026-09-29,12046.0,11831.0,11877.0,2026-10-05
MARUTI,2026-09-30,12065.0,11879.0,11967.0,2026-10-05
MARUTI,2026-10-01,11907.0,11305.0,11386.0,2026-10-05
MAXHEALTH,2026-08-20,1001.8,987.7,997.9,2026-10-05
MAXHEALTH,2026-08-21,1003.6,986.5,1000.0,2026-10-05
MAXHEALTH,2026-08-24,1008.9,983.4,990.5,2026-10-05
MAXHEALTH,2026-08-25,1016.0,980.3,1016.0,2026-10-05
MAXHEALTH,2026-08-26,1023.8,1000.5,1005.0,2026-10-05
MAXHEALTH,2026-08-27,1012.0,999.1,1009.0,2026-10-05
MAXHEALTH,2026-08-28,1017.5,1001.8,1014.1,2026-10-05
MAXHEALTH,2026-08-31,1042.1,1001.7,1042.1,2026-10-05
MAXHEALTH,2026-09-01,1022.0,1000.2,1003.0,2026-10-05
MAXHEALTH,2026-09-02,1005.0,987.2,994.0,2026-10-05
MAXHEALTH,2026-09-03,1000.6,985.5,994.9,2026-10-05
MAXHEALTH,2026-09-04,1001.3,981.1,984.8,2026-10-05
MAXHEALTH,2026-09-07,994.9,974.0,992.0,2026-10-05
MAXHEALTH,2026-09-08,996.9,982.4,993.0,2026-10-05
MAXHEALTH,2026-09-09,1040.4,992.2,1037.5,2026-10-05
MAXHEALTH,2026-09-10,1040.2,1029.3,1038.6,2026-10-05
MAXHEALTH,2026-09-11,1041.5,1022.7,1037.7,2026-10-05
MAXHEALTH,2026-09-15,1048.0,1030.0,1030.0,2026-10-05
MAXHEALTH,2026-09-16,1036.4,1021.6,1025.0,2026-10-05
MAXHEALTH,2026-09-17,1045.7,1021.1,1037.0,2026-10-05
MAXHEALTH,2026-09-18,1059.9,1034.9,1049.3,2026-10-05
MAXHEALTH,2026-09-21,1072.6,1050.6,1066.6,2026-10-05
MAXHEALTH,2026-09-22,1069.0,1049.7,1056.5,2026-10-05
MAXHEALTH,2026-09-23,1067.3,1053.2,1059.9,2026-10-05
MAXHEALTH,2026-09-24,1055.8,1029.0,1046.0,2026-10-05
MAXHEALTH,2026-09-25,1052.0,1008.0,1014.0,2026-10-05
MAXHEALTH,2026-09-28,1015.8,989.1,1000.1,2026-10-05
MAXHEALTH,2026-09-29,1000.1,979.0,982.1,2026-10-05
MAXHEALTH,2026-09-30,976.3,907.7,929.8,2026-10-05
MAXHEALTH,2026-10-01,950.0,902.05,940.95,2026-10-05
MAZDOCK,2026-08-20,2583.2,2552.0,2570.0,2026-10-05
MAZDOCK,2026-08-21,2596.0,2542.0,2552.0,2026-10-05
MAZDOCK,2026-08-24,2572.6,2523.4,2540.0,2026-10-05
MAZDOCK,2026-08-25,2621.7,2520.0,2610.0,2026-10-05
MAZDOCK,2026-08-26,2656.8,2579.4,2625.0,2026-10-05
MAZDOCK,2026-08-27,2634.0,2583.1,2588.0,2026-10-05
MAZDOCK,2026-08-28,2596.0,2543.0,2555.0,2026-10-05
MAZDOCK,2026-08-31,2555.0,2476.1,2480.0,2026-10-05
MAZDOCK,2026-09-01,2502.2,2453.3,2485.0,2026-10-05
MAZDOCK,2026-09-02,2472.1,2430.9,2459.0,2026-10-05
MAZDOCK,2026-09-03,2497.8,2459.0,2474.0,2026-10-05
MAZDOCK,2026-09-04,2546.6,2475.0,2475.0,2026-10-05
MAZDOCK,2026-09-07,2505.3,2434.1,2454.2,2026-10-05
MAZDOCK,2026-09-08,2479.5,2435.6,2466.4,2026-10-05
MAZDOCK,2026-09-09,2461.2,2395.0,2408.8,2026-10-05
MAZDOCK,2026-09-10,2417.2,2374.0,2383.2,2026-10-05
MAZDOCK,2026-09-11,2367.6,2315.4,2339.0,2026-10-05
MAZDOCK,2026-09-15,2346.9,2225.1,2236.0,2026-10-05
MAZDOCK,2026-09-16,2288.6,2190.0,2231.9,2026-10-05
MAZDOCK,2026-09-17,2264.9,2176.0,2210.0,2026-10-05
MAZDOCK,2026-09-18,2280.0,2205.1,2280.0,2026-10-05
MAZDOCK,2026-09-21,2278.0,2222.1,2232.0,2026-10-05
MAZDOCK,2026-09-22,2250.5,2196.0,2204.0,2026-10-05
MAZDOCK,2026-09-23,2225.0,2203.5,2211.5,2026-10-05
MAZDOCK,2026-09-24,2221.8,2189.2,2202.0,2026-10-05
MAZDOCK,2026-09-25,2217.0,2185.6,2199.6,2026-10-05
MAZDOCK,2026-09-28,2199.4,2131.0,2138.0,2026-10-05
MAZDOCK,2026-09-29,2137.4,2087.1,2087.1,2026-10-05
MAZDOCK,2026-09-30,2140.0,2081.1,2113.0,2026-10-05
MAZDOCK,2026-10-01,2115.6,2031.2,2064.0,2026-10-05
MCX,2026-08-20,3133.2,3006.0,3126.0,2026-10-05
MCX,2026-08-21,3211.4,3132.0,3185.0,2026-10-05
MCX,2026-08-24,3289.7,3180.1,3268.0,2026-10-05
MCX,2026-08-25,3308.7,3254.3,3280.0,2026-10-05
MCX,2026-08-26,3355.0,3243.3,3350.0,2026-10-05
MCX,2026-08-27,3362.0,3270.8,3273.0,2026-10-05
MCX,2026-08-28,3339.0,3245.0,3332.0,2026-10-05
MCX,2026-08-31,3400.0,3300.0,3400.0,2026-10-05
MCX,2026-09-01,3369.0,3255.2,3303.0,2026-10-05
MCX,2026-09-02,3333.0,3258.0,3286.0,2026-10-05
MCX,2026-09-03,3333.0,3170.2,3170.2,2026-10-05
MCX,2026-09-04,3287.4,3165.6,3275.4,2026-10-05
MCX,2026-09-07,3374.4,3276.9,3330.2,2026-10-05
MCX,2026-09-08,3366.4,3279.9,3342.0,2026-10-05
MCX,2026-09-09,3398.0,3323.5,3350.0,2026-10-05
MCX,2026-09-10,3335.5,3285.0,3300.0,2026-10-05
MCX,2026-09-11,3389.0,3247.2,3276.0,2026-10-05
MCX,2026-09-15,3267.6,3156.4,3173.5,2026-10-05
MCX,2026-09-16,3224.5,3056.6,3211.2,2026-10-05
MCX,2026-09-17,3304.0,3180.1,3265.2,2026-10-05
MCX,2026-09-18,3314.9,3230.1,3260.0,2026-10-05
MCX,2026-09-21,3268.0,3155.5,3209.0,2026-10-05
MCX,2026-09-22,3289.8,3212.8,3262.6,2026-10-05
MCX,2026-09-23,3374.0,3237.5,3374.0,2026-10-05
MCX,2026-09-24,3477.0,3351.1,3427.7,2026-10-05
MCX,2026-09-25,3481.4,3310.0,3324.9,2026-10-05
MCX,2026-09-28,3321.0,3251.7,3263.5,2026-10-05
MCX,2026-09-29,3344.0,3232.0,3232.0,2026-10-05
MCX,2026-09-30,3345.0,3255.0,3300.4,2026-10-05
MCX,2026-10-01,3331.3,3193.6,3204.0,2026-10-05
MFSL,2026-08-20,1585.3,1550.1,1575.0,2026-10-05
MFSL,2026-08-21,1590.0,1561.3,1585.0,2026-10-05
MFSL,2026-08-24,1589.0,1562.8,1569.8,2026-10-05
MFSL,2026-08-25,1600.4,1570.0,1592.5,2026-10-05
MFSL,2026-08-26,1604.9,1580.0,1600.0,2026-10-05
MFSL,2026-08-27,1590.9,1568.0,1568.0,2026-10-05
MFSL,2026-08-28,1588.3,1553.6,1564.4,2026-10-05
MFSL,2026-08-31,1576.2,1547.0,1573.1,2026-10-05
MFSL,2026-09-01,1561.1,1525.0,1534.7,2026-10-05
MFSL,2026-09-02,1531.5,1494.0,1505.0,2026-10-05
MFSL,2026-09-03,1540.0,1510.0,1537.0,2026-10-05
MFSL,2026-09-04,1569.0,1531.4,1548.4,2026-10-05
MFSL,2026-09-07,1544.3,1510.0,1520.0,2026-10-05
MFSL,2026-09-08,1527.0,1485.0,1498.7,2026-10-05
MFSL,2026-09-09,1497.0,1463.0,1468.5,2026-10-05
MFSL,2026-09-10,1483.7,1452.0,1479.9,2026-10-05
MFSL,2026-09-11,1488.0,1453.6,1477.0,2026-10-05
MFSL,2026-09-15,1482.0,1425.9,1425.9,2026-10-05
MFSL,2026-09-16,1491.7,1423.6,1487.6,2026-10-05
MFSL,2026-09-17,1569.5,1473.6,1554.0,2026-10-05
MFSL,2026-09-18,1573.6,1538.0,1559.0,2026-10-05
MFSL,2026-09-21,1591.8,1545.7,1569.0,2026-10-05
MFSL,2026-09-22,1581.1,1549.2,1554.2,2026-10-05
MFSL,2026-09-23,1563.5,1548.1,1562.9,2026-10-05
MFSL,2026-09-24,1429.8,1360.1,1410.0,2026-10-05
MFSL,2026-09-25,1463.8,1390.0,1458.0,2026-10-05
MFSL,2026-09-28,1460.9,1432.1,1444.0,2026-10-05
MFSL,2026-09-29,1459.9,1381.0,1392.4,2026-10-05
MFSL,2026-09-30,1395.1,1344.3,1373.4,2026-10-05
MFSL,2026-10-01,1403.1,1364.4,1392.0,2026-10-05
MOTHERSON,2026-08-20,171.8,168.84,169.58,2026-10-05
MOTHERSON,2026-08-21,170.41,167.66,169.38,2026-10-05
MOTHERSON,2026-08-24,169.14,166.71,169.0,2026-10-05
MOTHERSON,2026-08-25,168.28,164.81,166.45,2026-10-05
MOTHERSON,2026-08-26,167.0,164.91,165.0,2026-10-05
MOTHERSON,2026-08-27,167.94,164.77,166.0,2026-10-05
MOTHERSON,2026-08-28,167.15,164.68,165.6,2026-10-05
MOTHERSON,2026-08-31,170.68,163.74,170.68,2026-10-05
MOTHERSON,2026-09-01,170.0,163.3,165.6,2026-10-05
MOTHERSON,2026-09-02,163.8,159.92,163.3,2026-10-05
MOTHERSON,2026-09-03,164.34,161.35,162.0,2026-10-05
MOTHERSON,2026-09-04,162.9,160.26,160.7,2026-10-05
MOTHERSON,2026-09-07,164.65,160.12,162.0,2026-10-05
MOTHERSON,2026-09-08,164.5,161.17,163.85,2026-10-05
MOTHERSON,2026-09-09,165.04,162.5,163.7,2026-10-05
MOTHERSON,2026-09-10,164.7,162.33,163.2,2026-10-05
MOTHERSON,2026-09-11,165.58,160.71,164.45,2026-10-05
MOTHERSON,2026-09-15,165.41,158.15,158.15,2026-10-05
MOTHERSON,2026-09-16,160.4,156.4,158.27,2026-10-05
MOTHERSON,2026-09-17,162.84,158.66,161.87,2026-10-05
MOTHERSON,2026-09-18,165.37,161.84,162.57,2026-10-05
MOTHERSON,2026-09-21,163.88,160.5,162.91,2026-10-05
MOTHERSON,2026-09-22,163.9,161.21,161.77,2026-10-05
MOTHERSON,2026-09-23,165.2,162.33,164.4,2026-10-05
MOTHERSON,2026-09-24,164.8,162.5,162.5,2026-10-05
MOTHERSON,2026-09-25,166.22,160.72,165.71,2026-10-05
MOTHERSON,2026-09-28,165.49,161.3,162.37,2026-10-05
MOTHERSON,2026-09-29,163.24,158.56,158.56,2026-10-05
MOTHERSON,2026-09-30,164.1,160.35,163.26,2026-10-05
MOTHERSON,2026-10-01,162.27,153.81,157.03,2026-10-05
MOTILALOFS,2026-08-20,989.55,942.15,973.4,2026-10-05
MOTILALOFS,2026-08-21,1004.0,968.55,990.0,2026-10-05
MOTILALOFS,2026-08-24,1015.0,988.3,990.0,2026-10-05
MOTILALOFS,2026-08-25,1019.9,992.0,1011.5,2026-10-05
MOTILALOFS,2026-08-26,1048.8,1010.65,1040.0,2026-10-05
MOTILALOFS,2026-08-27,1044.35,1021.9,1038.1,2026-10-05
MOTILALOFS,2026-08-28,1053.0,1027.15,1038.3,2026-10-05
MOTILALOFS,2026-08-31,1045.35,1022.0,1042.9,2026-10-05
MOTILALOFS,2026-09-01,1047.9,1008.0,1016.0,2026-10-05
MOTILALOFS,2026-09-02,1025.0,993.2,1017.6,2026-10-05
MOTILALOFS,2026-09-03,1033.2,1006.8,1012.8,2026-10-05
MOTILALOFS,2026-09-04,1040.8,1022.8,1037.0,2026-10-05
MOTILALOFS,2026-09-07,1058.9,1031.4,1055.0,2026-10-05
MOTILALOFS,2026-09-08,1060.2,1035.2,1051.5,2026-10-05
MOTILALOFS,2026-09-09,1049.6,1019.0,1025.0,2026-10-05
MOTILALOFS,2026-09-10,1024.9,1008.0,1015.0,2026-10-05
MOTILALOFS,2026-09-11,1030.7,988.0,1026.5,2026-10-05
MOTILALOFS,2026-09-15,1030.0,985.1,990.8,2026-10-05
MOTILALOFS,2026-09-16,989.9,963.8,976.5,2026-10-05
MOTILALOFS,2026-09-17,1004.8,976.5,988.7,2026-10-05
MOTILALOFS,2026-09-18,1010.0,988.7,1010.0,2026-10-05
MOTILALOFS,2026-09-21,1009.8,993.2,995.0,2026-10-05
MOTILALOFS,2026-09-22,1025.0,995.6,1007.0,2026-10-05
MOTILALOFS,2026-09-23,1058.0,1009.2,1042.5,2026-10-05
MOTILALOFS,2026-09-24,1044.9,1014.0,1022.0,2026-10-05
MOTILALOFS,2026-09-25,1047.0,1019.4,1029.0,2026-10-05
MOTILALOFS,2026-09-28,1033.4,999.5,1011.6,2026-10-05
MOTILALOFS,2026-09-29,1013.8,995.5,996.2,2026-10-05
MOTILALOFS,2026-09-30,1016.5,994.0,994.0,2026-10-05
MOTILALOFS,2026-10-01,996.7,965.05,989.9,2026-10-05
MPHASIS,2026-08-20,2468.7,2415.3,2430.0,2026-10-05
MPHASIS,2026-08-21,2436.7,2386.4,2430.0,2026-10-05
MPHASIS,2026-08-24,2461.8,2418.0,2427.0,2026-10-05
MPHASIS,2026-08-25,2443.6,2400.5,2431.9,2026-10-05
MPHASIS,2026-08-26,2452.0,2385.8,2400.0,2026-10-05
MPHASIS,2026-08-27,2419.2,2385.3,2413.6,2026-10-05
MPHASIS,2026-08-28,2482.0,2425.1,2455.0,2026-10-05
MPHASIS,2026-08-31,2443.7,2387.1,2427.4,2026-10-05
MPHASIS,2026-09-01,2523.0,2407.1,2505.5,2026-10-05
MPHASIS,2026-09-02,2515.0,2428.0,2480.0,2026-10-05
MPHASIS,2026-09-03,2489.3,2432.0,2471.0,2026-10-05
MPHASIS,2026-09-04,2502.7,2417.3,2422.0,2026-10-05
MPHASIS,2026-09-07,2409.9,2340.3,2369.1,2026-10-05
MPHASIS,2026-09-08,2374.0,2335.1,2355.0,2026-10-05
MPHASIS,2026-09-09,2326.6,2286.8,2307.5,2026-10-05
MPHASIS,2026-09-10,2329.0,2290.2,2291.7,2026-10-05
MPHASIS,2026-09-11,2309.2,2273.3,2295.0,2026-10-05
MPHASIS,2026-09-15,2461.1,2353.0,2378.0,2026-10-05
MPHASIS,2026-09-16,2393.9,2316.7,2316.7,2026-10-05
MPHASIS,2026-09-17,2325.1,2288.0,2320.0,2026-10-05
MPHASIS,2026-09-18,2327.9,2275.0,2300.4,2026-10-05
MPHASIS,2026-09-21,2313.7,2257.1,2296.2,2026-10-05
MPHASIS,2026-09-22,2306.5,2254.5,2265.0,2026-10-05
MPHASIS,2026-09-23,2274.3,2229.9,2259.0,2026-10-05
MPHASIS,2026-09-24,2277.0,2230.0,2248.2,2026-10-05
MPHASIS,2026-09-25,2240.0,2203.6,2234.0,2026-10-05
MPHASIS,2026-09-28,2245.6,2207.5,2237.5,2026-10-05
MPHASIS,2026-09-29,2238.9,2154.4,2154.4,2026-10-05
MPHASIS,2026-09-30,2252.6,2144.8,2154.4,2026-10-05
MPHASIS,2026-10-01,2265.0,2160.1,2250.2,2026-10-05
MUTHOOTFIN,2026-08-20,2997.8,2905.4,2970.0,2026-10-05
MUTHOOTFIN,2026-08-21,3055.1,2995.0,3022.0,2026-10-05
MUTHOOTFIN,2026-08-24,3209.0,3049.8,3209.0,2026-10-05
MUTHOOTFIN,2026-08-25,3227.7,3166.4,3201.0,2026-10-05
MUTHOOTFIN,2026-08-26,3229.0,3186.1,3206.9,2026-10-05
MUTHOOTFIN,2026-08-27,3246.5,3059.1,3085.0,2026-10-05
MUTHOOTFIN,2026-08-28,3107.0,3062.2,3091.0,2026-10-05
MUTHOOTFIN,2026-08-31,3048.2,2978.1,2978.1,2026-10-05
MUTHOOTFIN,2026-09-01,3009.2,2890.0,2905.0,2026-10-05
MUTHOOTFIN,2026-09-02,2937.7,2840.0,2937.7,2026-10-05
MUTHOOTFIN,2026-09-03,2985.9,2926.5,2926.5,2026-10-05
MUTHOOTFIN,2026-09-04,2979.9,2913.0,2913.8,2026-10-05
MUTHOOTFIN,2026-09-07,2920.0,2871.2,2880.0,2026-10-05
MUTHOOTFIN,2026-09-08,2899.7,2868.8,2899.7,2026-10-05
MUTHOOTFIN,2026-09-09,2865.3,2795.6,2815.0,2026-10-05
MUTHOOTFIN,2026-09-10,2853.9,2807.4,2841.5,2026-10-05
MUTHOOTFIN,2026-09-11,2820.0,2728.6,2792.1,2026-10-05
MUTHOOTFIN,2026-09-15,2794.0,2722.3,2722.3,2026-10-05
MUTHOOTFIN,2026-09-16,2804.6,2725.2,2771.4,2026-10-05
MUTHOOTFIN,2026-09-17,2790.0,2740.0,2770.2,2026-10-05
MUTHOOTFIN,2026-09-18,2852.0,2784.3,2841.1,2026-10-05
MUTHOOTFIN,2026-09-21,2874.2,2814.0,2854.2,2026-10-05
MUTHOOTFIN,2026-09-22,2874.0,2822.0,2831.5,2026-10-05
MUTHOOTFIN,2026-09-23,2856.5,2814.1,2856.5,2026-10-05
MUTHOOTFIN,2026-09-24,2855.0,2808.1,2825.3,2026-10-05
MUTHOOTFIN,2026-09-25,2839.6,2808.0,2835.0,2026-10-05
MUTHOOTFIN,2026-09-28,2810.0,2756.4,2760.0,2026-10-05
MUTHOOTFIN,2026-09-29,2764.1,2706.5,2736.8,2026-10-05
MUTHOOTFIN,2026-09-30,2783.9,2737.1,2737.1,2026-10-05
MUTHOOTFIN,2026-10-01,2765.6,2676.9,2697.1,2026-10-05
NAM-INDIA,2026-08-20,1266.2,1221.0,1232.5,2026-10-05
NAM-INDIA,2026-08-21,1262.3,1226.1,1251.0,2026-10-05
NAM-INDIA,2026-08-24,1269.5,1242.8,1247.8,2026-10-05
NAM-INDIA,2026-08-25,1253.1,1220.0,1224.4,2026-10-05
NAM-INDIA,2026-08-26,1239.8,1220.1,1223.0,2026-10-05
NAM-INDIA,2026-08-27,1234.0,1195.8,1204.0,2026-10-05
NAM-INDIA,2026-08-28,1209.4,1185.0,1194.4,2026-10-05
NAM-INDIA,2026-08-31,1219.7,1172.3,1172.3,2026-10-05
NAM-INDIA,2026-09-01,1209.6,1166.0,1178.9,2026-10-05
NAM-INDIA,2026-09-02,1172.5,1146.8,1171.5,2026-10-05
NAM-INDIA,2026-09-03,1180.2,1150.4,1164.9,2026-10-05
NAM-INDIA,2026-09-04,1184.5,1151.8,1159.9,2026-10-05
NAM-INDIA,2026-09-07,1196.0,1152.0,1195.0,2026-10-05
NAM-INDIA,2026-09-08,1195.0,1180.0,1188.9,2026-10-05
NAM-INDIA,2026-09-09,1190.0,1158.0,1164.8,2026-10-05
NAM-INDIA,2026-09-10,1186.3,1152.4,1185.0,2026-10-05
NAM-INDIA,2026-09-11,1192.0,1159.4,1189.6,2026-10-05
NAM-INDIA,2026-09-15,1194.4,1153.1,1153.1,2026-10-05
NAM-INDIA,2026-09-16,1158.0,1111.2,1124.0,2026-10-05
NAM-INDIA,2026-09-17,1123.2,1106.0,1119.0,2026-10-05
NAM-INDIA,2026-09-18,1156.1,1124.1,1155.0,2026-10-05
NAM-INDIA,2026-09-21,1158.0,1135.1,1146.7,2026-10-05
NAM-INDIA,2026-09-22,1164.9,1139.2,1159.0,2026-10-05
NAM-INDIA,2026-09-23,1175.8,1153.3,1165.0,2026-10-05
NAM-INDIA,2026-09-24,1170.6,1130.9,1144.9,2026-10-05
NAM-INDIA,2026-09-25,1161.5,1130.0,1157.0,2026-10-05
NAM-INDIA,2026-09-28,1155.0,1091.3,1093.9,2026-10-05
NAM-INDIA,2026-09-29,1097.7,1068.0,1068.0,2026-10-05
NAM-INDIA,2026-09-30,1088.0,1062.0,1070.0,2026-10-05
NAM-INDIA,2026-10-01,1070.6,1026.4,1046.0,2026-10-05
NATIONALUM,2026-08-20,395.75,385.1,385.6,2026-10-05
NATIONALUM,2026-08-21,397.5,384.6,394.45,2026-10-05
NATIONALUM,2026-08-24,405.0,397.5,403.3,2026-10-05
NATIONALUM,2026-08-25,402.0,392.05,397.8,2026-10-05
NATIONALUM,2026-08-26,400.45,393.0,399.3,2026-10-05
NATIONALUM,2026-08-27,403.35,388.0,389.3,2026-10-05
NATIONALUM,2026-08-28,394.95,389.3,394.95,2026-10-05
NATIONALUM,2026-08-31,392.0,377.15,381.5,2026-10-05
NATIONALUM,2026-09-01,383.75,368.6,372.0,2026-10-05
NATIONALUM,2026-09-02,373.5,367.5,370.0,2026-10-05
NATIONALUM,2026-09-03,378.5,370.55,374.0,2026-10-05
NATIONALUM,2026-09-04,378.95,372.75,374.1,2026-10-05
NATIONALUM,2026-09-07,377.5,365.9,365.9,2026-10-05
NATIONALUM,2026-09-08,378.3,367.8,371.05,2026-10-05
NATIONALUM,2026-09-09,386.0,371.65,377.6,2026-10-05
NATIONALUM,2026-09-10,383.0,371.05,373.35,2026-10-05
NATIONALUM,2026-09-11,365.0,352.35,361.0,2026-10-05
NATIONALUM,2026-09-15,360.35,350.25,350.55,2026-10-05
NATIONALUM,2026-09-16,357.75,350.1,356.0,2026-10-05
NATIONALUM,2026-09-17,360.75,354.2,355.7,2026-10-05
NATIONALUM,2026-09-18,363.2,350.5,350.5,2026-10-05
NATIONALUM,2026-09-21,357.4,351.55,352.5,2026-10-05
NATIONALUM,2026-09-22,353.2,348.1,352.2,2026-10-05
NATIONALUM,2026-09-23,363.95,352.5,363.45,2026-10-05
NATIONALUM,2026-09-24,361.65,354.4,358.4,2026-10-05
NATIONALUM,2026-09-25,362.9,357.05,358.7,2026-10-05
NATIONALUM,2026-09-28,354.75,344.35,349.0,2026-10-05
NATIONALUM,2026-09-29,346.95,341.0,346.65,2026-10-05
NATIONALUM,2026-09-30,348.95,340.95,340.95,2026-10-05
NATIONALUM,2026-10-01,338.85,329.5,334.9,2026-10-05
NAUKRI,2026-08-20,1390.1,1355.3,1360.9,2026-10-05
NAUKRI,2026-08-21,1367.8,1345.2,1350.1,2026-10-05
NAUKRI,2026-08-24,1360.0,1336.7,1349.0,2026-10-05
NAUKRI,2026-08-25,1350.0,1328.1,1350.0,2026-10-05
NAUKRI,2026-08-26,1350.9,1322.0,1323.5,2026-10-05
NAUKRI,2026-08-27,1345.6,1318.0,1330.0,2026-10-05
NAUKRI,2026-08-28,1369.4,1339.0,1354.0,2026-10-05
NAUKRI,2026-08-31,1358.0,1313.0,1313.0,2026-10-05
NAUKRI,2026-09-01,1371.7,1327.2,1356.0,2026-10-05
NAUKRI,2026-09-02,1352.4,1314.8,1343.7,2026-10-05
NAUKRI,2026-09-03,1348.9,1320.2,1330.0,2026-10-05
NAUKRI,2026-09-04,1349.5,1313.1,1319.8,2026-10-05
NAUKRI,2026-09-07,1321.8,1284.4,1302.5,2026-10-05
NAUKRI,2026-09-08,1298.3,1251.9,1292.0,2026-10-05
NAUKRI,2026-09-09,1286.6,1255.0,1267.0,2026-10-05
NAUKRI,2026-09-10,1277.9,1246.9,1265.0,2026-10-05
NAUKRI,2026-09-11,1262.1,1244.8,1250.8,2026-10-05
NAUKRI,2026-09-15,1310.0,1261.5,1261.5,2026-10-05
NAUKRI,2026-09-16,1274.3,1250.9,1256.0,2026-10-05
NAUKRI,2026-09-17,1283.1,1242.8,1265.0,2026-10-05
NAUKRI,2026-09-18,1284.0,1251.2,1251.2,2026-10-05
NAUKRI,2026-09-21,1305.3,1251.4,1296.4,2026-10-05
NAUKRI,2026-09-22,1316.9,1291.9,1304.0,2026-10-05
NAUKRI,2026-09-23,1322.7,1291.1,1297.0,2026-10-05
NAUKRI,2026-09-24,1257.6,1202.3,1224.0,2026-10-05
NAUKRI,2026-09-25,1259.0,1215.4,1254.8,2026-10-05
NAUKRI,2026-09-28,1263.0,1234.4,1253.9,2026-10-05
NAUKRI,2026-09-29,1251.3,1232.3,1245.0,2026-10-05
NAUKRI,2026-09-30,1246.0,1204.5,1219.5,2026-10-05
NAUKRI,2026-10-01,1221.2,1180.3,1200.0,2026-10-05
NBCC,2026-08-20,89.03,87.74,88.25,2026-10-05
NBCC,2026-08-21,89.63,88.42,88.88,2026-10-05
NBCC,2026-08-24,90.29,88.24,88.58,2026-10-05
NBCC,2026-08-25,89.5,87.79,89.5,2026-10-05
NBCC,2026-08-26,90.5,89.1,89.21,2026-10-05
NBCC,2026-08-27,89.67,88.42,88.6,2026-10-05
NBCC,2026-08-28,89.28,87.15,87.5,2026-10-05
NBCC,2026-08-31,87.2,85.6,86.2,2026-10-05
NBCC,2026-09-01,86.4,85.0,85.2,2026-10-05
NBCC,2026-09-02,85.22,83.84,85.0,2026-10-05
NBCC,2026-09-03,86.9,85.15,86.5,2026-10-05
NBCC,2026-09-04,87.35,86.31,86.6,2026-10-05
NBCC,2026-09-07,86.59,85.62,86.0,2026-10-05
NBCC,2026-09-08,86.1,84.88,86.0,2026-10-05
NBCC,2026-09-09,85.52,83.5,83.6,2026-10-05
NBCC,2026-09-10,84.7,83.2,83.94,2026-10-05
NBCC,2026-09-11,83.14,82.0,82.9,2026-10-05
NBCC,2026-09-15,83.49,80.13,80.69,2026-10-05
NBCC,2026-09-16,81.54,79.72,81.41,2026-10-05
NBCC,2026-09-17,82.45,81.0,82.13,2026-10-05
NBCC,2026-09-18,84.27,82.4,82.4,2026-10-05
NBCC,2026-09-21,84.07,82.91,83.15,2026-10-05
NBCC,2026-09-22,83.64,81.5,81.9,2026-10-05
NBCC,2026-09-23,84.28,81.65,83.99,2026-10-05
NBCC,2026-09-24,83.68,81.83,82.34,2026-10-05
NBCC,2026-09-25,83.11,81.73,82.86,2026-10-05
NBCC,2026-09-28,82.5,80.0,80.21,2026-10-05
NBCC,2026-09-29,80.67,78.01,78.01,2026-10-05
NBCC,2026-09-30,79.99,78.5,78.5,2026-10-05
NBCC,2026-10-01,78.86,76.07,77.4,2026-10-05
NESTLEIND,2026-08-20,1482.0,1454.6,1458.0,2026-10-05
NESTLEIND,2026-08-21,1485.4,1449.0,1477.1,2026-10-05
NESTLEIND,2026-08-24,1483.4,1457.1,1471.3,2026-10-05
NESTLEIND,2026-08-25,1479.0,1458.8,1479.0,2026-10-05
NESTLEIND,2026-08-26,1479.0,1450.8,1451.5,2026-10-05
NESTLEIND,2026-08-27,1465.0,1440.3,1450.0,2026-10-05
NESTLEIND,2026-08-28,1456.5,1438.0,1454.6,2026-10-05
NESTLEIND,2026-08-31,1496.5,1427.6,1496.5,2026-10-05
NESTLEIND,2026-09-01,1514.8,1436.0,1438.2,2026-10-05
NESTLEIND,2026-09-02,1428.0,1411.0,1425.0,2026-10-05
NESTLEIND,2026-09-03,1424.1,1407.0,1416.0,2026-10-05
NESTLEIND,2026-09-04,1420.0,1402.5,1410.5,2026-10-05
NESTLEIND,2026-09-07,1405.7,1392.9,1398.0,2026-10-05
NESTLEIND,2026-09-08,1415.1,1392.9,1400.5,2026-10-05
NESTLEIND,2026-09-09,1405.9,1389.2,1393.0,2026-10-05
NESTLEIND,2026-09-10,1402.8,1377.7,1386.2,2026-10-05
NESTLEIND,2026-09-11,1401.2,1373.5,1383.3,2026-10-05
NESTLEIND,2026-09-15,1395.0,1362.0,1362.0,2026-10-05
NESTLEIND,2026-09-16,1397.0,1368.7,1384.5,2026-10-05
NESTLEIND,2026-09-17,1391.7,1370.1,1370.6,2026-10-05
NESTLEIND,2026-09-18,1390.0,1332.8,1372.4,2026-10-05
NESTLEIND,2026-09-21,1390.0,1360.0,1385.0,2026-10-05
NESTLEIND,2026-09-22,1392.9,1363.9,1363.9,2026-10-05
NESTLEIND,2026-09-23,1387.2,1361.6,1387.2,2026-10-05
NESTLEIND,2026-09-24,1386.0,1350.2,1351.0,2026-10-05
NESTLEIND,2026-09-25,1362.6,1348.3,1362.6,2026-10-05
NESTLEIND,2026-09-28,1356.8,1343.9,1346.0,2026-10-05
NESTLEIND,2026-09-29,1349.1,1333.6,1345.7,2026-10-05
NESTLEIND,2026-09-30,1345.5,1310.0,1310.0,2026-10-05
NESTLEIND,2026-10-01,1320.9,1295.0,1307.7,2026-10-05
NHPC,2026-08-20,76.95,75.9,76.35,2026-10-05
NHPC,2026-08-21,77.1,75.95,76.15,2026-10-05
NHPC,2026-08-24,76.65,75.55,76.65,2026-10-05
NHPC,2026-08-25,77.3,75.87,76.62,2026-10-05
NHPC,2026-08-26,77.24,76.1,76.24,2026-10-05
NHPC,2026-08-27,76.55,75.24,76.55,2026-10-05
NHPC,2026-08-28,76.39,74.82,74.82,2026-10-05
NHPC,2026-08-31,76.72,74.3,76.72,2026-10-05
NHPC,2026-09-01,77.1,75.46,76.3,2026-10-05
NHPC,2026-09-02,76.64,75.09,75.65,2026-10-05
NHPC,2026-09-03,77.21,75.87,76.45,2026-10-05
NHPC,2026-09-04,76.75,75.91,76.25,2026-10-05
NHPC,2026-09-07,77.05,75.55,76.0,2026-10-05
NHPC,2026-09-08,76.0,74.9,75.9,2026-10-05
NHPC,2026-09-09,77.89,75.9,76.69,2026-10-05
NHPC,2026-09-10,76.85,75.93,76.35,2026-10-05
NHPC,2026-09-11,77.4,75.87,76.38,2026-10-05
NHPC,2026-09-15,77.07,75.56,76.04,2026-10-05
NHPC,2026-09-16,76.73,75.26,75.41,2026-10-05
NHPC,2026-09-17,75.88,74.99,75.2,2026-10-05
NHPC,2026-09-18,76.95,75.09,76.95,2026-10-05
NHPC,2026-09-21,76.69,75.54,75.8,2026-10-05
NHPC,2026-09-22,76.49,75.6,76.01,2026-10-05
NHPC,2026-09-23,76.85,76.02,76.74,2026-10-05
NHPC,2026-09-24,76.77,75.77,76.25,2026-10-05
NHPC,2026-09-25,76.32,75.42,76.0,2026-10-05
NHPC,2026-09-28,75.9,74.3,74.5,2026-10-05
NHPC,2026-09-29,74.7,73.3,73.32,2026-10-05
NHPC,2026-09-30,73.99,72.8,72.81,2026-10-05
NHPC,2026-10-01,72.9,70.25,71.75,2026-10-05
NMDC,2026-08-20,85.15,83.5,83.95,2026-10-05
NMDC,2026-08-21,85.43,83.49,84.61,2026-10-05
NMDC,2026-08-24,86.55,84.51,85.9,2026-10-05
NMDC,2026-08-25,86.28,85.29,85.94,2026-10-05
NMDC,2026-08-26,88.9,85.74,88.21,2026-10-05
NMDC,2026-08-27,89.1,85.72,85.72,2026-10-05
NMDC,2026-08-28,87.59,86.0,86.76,2026-10-05
NMDC,2026-08-31,88.2,85.1,88.2,2026-10-05
NMDC,2026-09-01,87.4,85.1,85.69,2026-10-05
NMDC,2026-09-02,85.75,84.25,85.75,2026-10-05
NMDC,2026-09-03,86.87,84.19,84.19,2026-10-05
NMDC,2026-09-04,85.18,84.26,84.7,2026-10-05
NMDC,2026-09-07,85.63,83.54,83.85,2026-10-05
NMDC,2026-09-08,84.78,83.74,84.71,2026-10-05
NMDC,2026-09-09,85.89,84.53,85.8,2026-10-05
NMDC,2026-09-10,86.12,84.17,84.6,2026-10-05
NMDC,2026-09-11,83.79,82.25,82.4,2026-10-05
NMDC,2026-09-15,82.89,80.5,80.5,2026-10-05
NMDC,2026-09-16,81.09,79.45,80.32,2026-10-05
NMDC,2026-09-17,81.35,80.4,80.8,2026-10-05
NMDC,2026-09-18,81.7,79.15,79.15,2026-10-05
NMDC,2026-09-21,80.85,79.8,79.8,2026-10-05
NMDC,2026-09-22,80.31,79.34,80.2,2026-10-05
NMDC,2026-09-23,82.32,80.07,82.0,2026-10-05
NMDC,2026-09-24,82.09,80.8,80.82,2026-10-05
NMDC,2026-09-25,81.12,79.57,79.9,2026-10-05
NMDC,2026-09-28,80.9,77.43,77.43,2026-10-05
NMDC,2026-09-29,77.86,76.02,77.0,2026-10-05
NMDC,2026-09-30,77.79,76.54,76.54,2026-10-05
NMDC,2026-10-01,76.97,73.71,74.64,2026-10-05
NTPC,2026-08-20,339.55,334.4,337.5,2026-10-05
NTPC,2026-08-21,342.85,337.0,340.0,2026-10-05
NTPC,2026-08-24,342.05,337.45,339.5,2026-10-05
NTPC,2026-08-25,340.8,335.65,339.85,2026-10-05
NTPC,2026-08-26,344.45,334.6,334.6,2026-10-05
NTPC,2026-08-27,335.95,328.4,330.9,2026-10-05
NTPC,2026-08-28,333.1,328.8,330.05,2026-10-05
NTPC,2026-08-31,330.45,323.5,327.4,2026-10-05
NTPC,2026-09-01,328.25,325.05,327.5,2026-10-05
NTPC,2026-09-02,331.1,321.0,330.0,2026-10-05
NTPC,2026-09-03,332.7,329.1,330.9,2026-10-05
NTPC,2026-09-04,334.05,329.8,332.5,2026-10-05
NTPC,2026-09-07,333.8,330.35,332.0,2026-10-05
NTPC,2026-09-08,333.2,328.65,330.8,2026-10-05
NTPC,2026-09-09,337.5,330.9,334.5,2026-10-05
NTPC,2026-09-10,335.7,333.1,335.0,2026-10-05
NTPC,2026-09-11,336.25,331.6,333.4,2026-10-05
NTPC,2026-09-15,333.3,326.4,329.5,2026-10-05
NTPC,2026-09-16,329.95,326.55,327.0,2026-10-05
NTPC,2026-09-17,331.3,327.2,329.6,2026-10-05
NTPC,2026-09-18,330.85,323.65,323.65,2026-10-05
NTPC,2026-09-21,328.75,324.85,326.4,2026-10-05
NTPC,2026-09-22,329.0,325.55,327.8,2026-10-05
NTPC,2026-09-23,329.4,325.0,326.0,2026-10-05
NTPC,2026-09-24,327.7,324.4,326.6,2026-10-05
NTPC,2026-09-25,327.3,323.5,326.6,2026-10-05
NTPC,2026-09-28,326.6,320.2,321.1,2026-10-05
NTPC,2026-09-29,325.0,317.55,323.5,2026-10-05
NTPC,2026-09-30,323.95,318.9,322.75,2026-10-05
NTPC,2026-10-01,320.95,313.05,315.1,2026-10-05
NYKAA,2026-08-20,332.45,325.4,330.35,2026-10-05
NYKAA,2026-08-21,335.15,328.0,334.0,2026-10-05
NYKAA,2026-08-24,333.9,328.05,330.3,2026-10-05
NYKAA,2026-08-25,334.7,328.0,334.0,2026-10-05
NYKAA,2026-08-26,340.0,333.05,340.0,2026-10-05
NYKAA,2026-08-27,340.35,336.4,338.0,2026-10-05
NYKAA,2026-08-28,339.95,334.5,335.65,2026-10-05
NYKAA,2026-08-31,349.55,333.35,349.55,2026-10-05
NYKAA,2026-09-01,347.15,337.0,338.5,2026-10-05
NYKAA,2026-09-02,337.4,329.75,337.4,2026-10-05
NYKAA,2026-09-03,339.05,331.7,334.2,2026-10-05
NYKAA,2026-09-04,336.15,332.0,332.5,2026-10-05
NYKAA,2026-09-07,339.75,330.1,332.7,2026-10-05
NYKAA,2026-09-08,341.55,333.1,341.0,2026-10-05
NYKAA,2026-09-09,343.0,338.25,343.0,2026-10-05
NYKAA,2026-09-10,345.4,339.1,341.95,2026-10-05
NYKAA,2026-09-11,344.5,339.05,344.5,2026-10-05
NYKAA,2026-09-15,346.15,336.2,336.2,2026-10-05
NYKAA,2026-09-16,338.3,323.55,325.6,2026-10-05
NYKAA,2026-09-17,327.85,323.05,323.75,2026-10-05
NYKAA,2026-09-18,332.15,322.7,332.15,2026-10-05
NYKAA,2026-09-21,337.55,323.95,336.0,2026-10-05
NYKAA,2026-09-22,337.65,330.3,333.55,2026-10-05
NYKAA,2026-09-23,340.85,332.05,340.85,2026-10-05
NYKAA,2026-09-24,343.9,333.05,335.3,2026-10-05
NYKAA,2026-09-25,336.7,329.7,333.7,2026-10-05
NYKAA,2026-09-28,332.95,324.0,325.5,2026-10-05
NYKAA,2026-09-29,329.8,319.25,327.35,2026-10-05
NYKAA,2026-09-30,330.55,320.0,320.0,2026-10-05
NYKAA,2026-10-01,324.95,316.0,324.95,2026-10-05
OBEROIRLTY,2026-08-20,1914.8,1866.3,1904.7,2026-10-05
OBEROIRLTY,2026-08-21,1918.1,1883.4,1886.0,2026-10-05
OBEROIRLTY,2026-08-24,1903.5,1860.2,1870.0,2026-10-05
OBEROIRLTY,2026-08-25,1882.4,1858.8,1880.0,2026-10-05
OBEROIRLTY,2026-08-26,1905.5,1867.8,1870.0,2026-10-05
OBEROIRLTY,2026-08-27,1875.3,1844.9,1872.9,2026-10-05
OBEROIRLTY,2026-08-28,1880.8,1855.7,1870.0,2026-10-05
OBEROIRLTY,2026-08-31,1875.3,1842.1,1868.0,2026-10-05
OBEROIRLTY,2026-09-01,1887.2,1846.6,1880.7,2026-10-05
OBEROIRLTY,2026-09-02,1869.0,1828.9,1866.0,2026-10-05
OBEROIRLTY,2026-09-03,1912.7,1866.1,1902.0,2026-10-05
OBEROIRLTY,2026-09-04,1932.8,1874.0,1875.6,2026-10-05
OBEROIRLTY,2026-09-07,1885.5,1847.5,1847.5,2026-10-05
OBEROIRLTY,2026-09-08,1857.2,1820.4,1833.8,2026-10-05
OBEROIRLTY,2026-09-09,1836.2,1796.1,1800.0,2026-10-05
OBEROIRLTY,2026-09-10,1806.4,1777.5,1792.0,2026-10-05
OBEROIRLTY,2026-09-11,1780.0,1714.8,1741.1,2026-10-05
OBEROIRLTY,2026-09-15,1749.5,1668.5,1668.5,2026-10-05
OBEROIRLTY,2026-09-16,1717.3,1660.0,1706.9,2026-10-05
OBEROIRLTY,2026-09-17,1741.9,1695.8,1740.7,2026-10-05
OBEROIRLTY,2026-09-18,1785.0,1721.0,1785.0,2026-10-05
OBEROIRLTY,2026-09-21,1827.7,1754.3,1821.0,2026-10-05
OBEROIRLTY,2026-09-22,1853.0,1802.6,1845.6,2026-10-05
OBEROIRLTY,2026-09-23,1878.1,1831.0,1850.0,2026-10-05
OBEROIRLTY,2026-09-24,1874.7,1815.0,1837.5,2026-10-05
OBEROIRLTY,2026-09-25,1882.9,1837.5,1858.5,2026-10-05
OBEROIRLTY,2026-09-28,1855.0,1821.1,1830.0,2026-10-05
OBEROIRLTY,2026-09-29,1826.6,1761.5,1762.9,2026-10-05
OBEROIRLTY,2026-09-30,1796.3,1751.5,1765.7,2026-10-05
OBEROIRLTY,2026-10-01,1780.5,1726.6,1754.6,2026-10-05
OFSS,2026-08-20,11917.0,11680.0,11826.0,2026-10-05
OFSS,2026-08-21,11870.0,11650.0,11724.0,2026-10-05
OFSS,2026-08-24,11898.0,11457.0,11518.0,2026-10-05
OFSS,2026-08-25,11729.0,11355.0,11729.0,2026-10-05
OFSS,2026-08-26,12060.0,11616.0,11800.0,2026-10-05
OFSS,2026-08-27,11916.0,11720.0,11855.0,2026-10-05
OFSS,2026-08-28,12275.0,11876.0,12190.0,2026-10-05
OFSS,2026-08-31,12540.0,12080.0,12540.0,2026-10-05
OFSS,2026-09-01,12353.0,11992.0,12187.0,2026-10-05
OFSS,2026-09-02,12199.0,11951.0,12158.0,2026-10-05
OFSS,2026-09-03,12227.0,12013.0,12149.0,2026-10-05
OFSS,2026-09-04,12348.0,12028.0,12058.0,2026-10-05
OFSS,2026-09-07,12110.0,11679.0,11847.0,2026-10-05
OFSS,2026-09-08,11815.0,11636.0,11780.0,2026-10-05
OFSS,2026-09-09,11762.0,11550.0,11630.0,2026-10-05
OFSS,2026-09-10,11814.0,11627.0,11725.0,2026-10-05
OFSS,2026-09-11,11830.0,11595.0,11763.0,2026-10-05
OFSS,2026-09-15,12099.0,11692.0,11803.0,2026-10-05
OFSS,2026-09-16,11920.0,11399.0,11510.0,2026-10-05
OFSS,2026-09-17,11666.0,11356.0,11620.0,2026-10-05
OFSS,2026-09-18,11896.0,11515.0,11896.0,2026-10-05
OFSS,2026-09-21,11787.0,10900.0,10911.0,2026-10-05
OFSS,2026-09-22,11111.0,10835.0,10989.0,2026-10-05
OFSS,2026-09-23,11072.0,10801.0,10849.0,2026-10-05
OFSS,2026-09-24,10995.0,10600.0,10925.0,2026-10-05
OFSS,2026-09-25,10805.0,10332.0,10770.0,2026-10-05
OFSS,2026-09-28,10910.0,10599.0,10800.0,2026-10-05
OFSS,2026-09-29,10876.0,10406.0,10406.0,2026-10-05
OFSS,2026-09-30,10869.0,10500.0,10630.0,2026-10-05
OFSS,2026-10-01,10661.0,10263.0,10420.0,2026-10-05
OIL,2026-08-20,481.5,465.0,480.9,2026-10-05
OIL,2026-08-21,482.0,475.0,475.0,2026-10-05
OIL,2026-08-24,479.25,472.0,477.0,2026-10-05
OIL,2026-08-25,479.0,466.05,467.5,2026-10-05
OIL,2026-08-26,471.6,458.7,469.15,2026-10-05
OIL,2026-08-27,472.95,465.1,469.85,2026-10-05
OIL,2026-08-28,484.7,471.75,482.85,2026-10-05
OIL,2026-08-31,500.0,479.25,483.15,2026-10-05
OIL,2026-09-01,493.0,484.2,490.0,2026-10-05
OIL,2026-09-02,499.5,484.15,498.15,2026-10-05
OIL,2026-09-03,499.65,487.35,490.0,2026-10-05
OIL,2026-09-04,492.55,486.5,488.3,2026-10-05
OIL,2026-09-07,492.75,481.45,487.0,2026-10-05
OIL,2026-09-08,501.3,482.8,495.4,2026-10-05
OIL,2026-09-09,504.9,496.0,498.95,2026-10-05
OIL,2026-09-10,514.45,497.75,500.3,2026-10-05
OIL,2026-09-11,511.95,485.4,489.8,2026-10-05
OIL,2026-09-15,494.4,483.0,485.6,2026-10-05
OIL,2026-09-16,489.5,481.4,487.6,2026-10-05
OIL,2026-09-17,491.0,474.25,477.4,2026-10-05
OIL,2026-09-18,482.8,472.0,475.7,2026-10-05
OIL,2026-09-21,482.3,475.0,478.35,2026-10-05
OIL,2026-09-22,479.15,463.25,467.0,2026-10-05
OIL,2026-09-23,471.45,466.6,470.0,2026-10-05
OIL,2026-09-24,479.0,469.15,479.0,2026-10-05
OIL,2026-09-25,476.65,470.7,475.15,2026-10-05
OIL,2026-09-28,476.45,463.4,468.0,2026-10-05
OIL,2026-09-29,467.8,459.4,459.45,2026-10-05
OIL,2026-09-30,462.25,446.25,448.65,2026-10-05
OIL,2026-10-01,447.75,434.65,444.0,2026-10-05
ONGC,2026-08-20,239.24,233.64,238.5,2026-10-05
ONGC,2026-08-21,239.22,236.4,236.4,2026-10-05
ONGC,2026-08-24,237.94,235.63,236.55,2026-10-05
ONGC,2026-08-25,236.55,233.35,234.0,2026-10-05
ONGC,2026-08-26,234.21,230.79,232.21,2026-10-05
ONGC,2026-08-27,234.44,231.1,232.0,2026-10-05
ONGC,2026-08-28,233.39,231.25,232.25,2026-10-05
ONGC,2026-08-31,234.95,231.7,231.8,2026-10-05
ONGC,2026-09-01,236.6,232.5,236.45,2026-10-05
ONGC,2026-09-02,239.21,235.64,237.5,2026-10-05
ONGC,2026-09-03,237.8,235.0,236.0,2026-10-05
ONGC,2026-09-04,235.44,233.6,234.65,2026-10-05
ONGC,2026-09-07,235.98,232.77,233.7,2026-10-05
ONGC,2026-09-08,238.0,232.22,236.0,2026-10-05
ONGC,2026-09-09,239.27,234.02,234.02,2026-10-05
ONGC,2026-09-10,239.8,235.6,237.27,2026-10-05
ONGC,2026-09-11,243.16,232.5,232.5,2026-10-05
ONGC,2026-09-15,236.3,233.33,235.95,2026-10-05
ONGC,2026-09-16,236.8,233.31,236.8,2026-10-05
ONGC,2026-09-17,235.65,231.25,232.43,2026-10-05
ONGC,2026-09-18,234.32,231.75,232.8,2026-10-05
ONGC,2026-09-21,236.0,232.32,235.63,2026-10-05
ONGC,2026-09-22,236.37,233.75,236.13,2026-10-05
ONGC,2026-09-23,236.9,234.2,236.9,2026-10-05
ONGC,2026-09-24,239.0,235.23,239.0,2026-10-05
ONGC,2026-09-25,238.0,234.71,235.86,2026-10-05
ONGC,2026-09-28,235.85,229.85,230.0,2026-10-05
ONGC,2026-09-29,231.7,227.8,230.0,2026-10-05
ONGC,2026-09-30,231.57,223.6,225.8,2026-10-05
ONGC,2026-10-01,224.99,220.6,222.37,2026-10-05
PAGEIND,2026-08-20,35845.0,35150.0,35505.0,2026-10-05
PAGEIND,2026-08-21,35750.0,35210.0,35480.0,2026-10-05
PAGEIND,2026-08-24,35700.0,35425.0,35560.0,2026-10-05
PAGEIND,2026-08-25,35565.0,35110.0,35500.0,2026-10-05
PAGEIND,2026-08-26,35720.0,35100.0,35155.0,2026-10-05
PAGEIND,2026-08-27,36215.0,35160.0,35800.0,2026-10-05
PAGEIND,2026-08-28,35985.0,35510.0,35985.0,2026-10-05
PAGEIND,2026-08-31,35945.0,35405.0,35800.0,2026-10-05
PAGEIND,2026-09-01,35800.0,35385.0,35675.0,2026-10-05
PAGEIND,2026-09-02,36325.0,35220.0,36200.0,2026-10-05
PAGEIND,2026-09-03,36320.0,35600.0,35865.0,2026-10-05
PAGEIND,2026-09-04,36370.0,35680.0,36300.0,2026-10-05
PAGEIND,2026-09-07,36495.0,35625.0,35825.0,2026-10-05
PAGEIND,2026-09-08,36540.0,35505.0,35915.0,2026-10-05
PAGEIND,2026-09-09,35825.0,35200.0,35395.0,2026-10-05
PAGEIND,2026-09-10,35900.0,34960.0,35750.0,2026-10-05
PAGEIND,2026-09-11,35410.0,35080.0,35365.0,2026-10-05
PAGEIND,2026-09-15,35510.0,34580.0,34580.0,2026-10-05
PAGEIND,2026-09-16,35035.0,34000.0,34275.0,2026-10-05
PAGEIND,2026-09-17,35290.0,34300.0,35020.0,2026-10-05
PAGEIND,2026-09-18,36400.0,34900.0,36400.0,2026-10-05
PAGEIND,2026-09-21,36300.0,35495.0,35950.0,2026-10-05
PAGEIND,2026-09-22,37345.0,36075.0,37150.0,2026-10-05
PAGEIND,2026-09-23,37545.0,37055.0,37340.0,2026-10-05
PAGEIND,2026-09-24,37705.0,37010.0,37500.0,2026-10-05
PAGEIND,2026-09-25,37845.0,37350.0,37695.0,2026-10-05
PAGEIND,2026-09-28,37680.0,37280.0,37500.0,2026-10-05
PAGEIND,2026-09-29,37400.0,36580.0,36580.0,2026-10-05
PAGEIND,2026-09-30,37150.0,36210.0,36385.0,2026-10-05
PAGEIND,2026-10-01,37135.0,36055.0,36660.0,2026-10-05
PATANJALI,2026-08-20,354.4,349.7,352.3,2026-10-05
PATANJALI,2026-08-21,352.45,345.4,348.0,2026-10-05
PATANJALI,2026-08-24,351.35,346.05,350.0,2026-10-05
PATANJALI,2026-08-25,352.6,346.95,350.9,2026-10-05
PATANJALI,2026-08-26,351.0,345.6,348.15,2026-10-05
PATANJALI,2026-08-27,348.85,345.25,348.25,2026-10-05
PATANJALI,2026-08-28,349.8,345.35,348.45,2026-10-05
PATANJALI,2026-08-31,347.55,342.3,345.0,2026-10-05
PATANJALI,2026-09-01,347.95,342.5,345.8,2026-10-05
PATANJALI,2026-09-02,345.0,339.1,345.0,2026-10-05
PATANJALI,2026-09-03,347.15,340.3,342.9,2026-10-05
PATANJALI,2026-09-04,345.75,341.2,342.5,2026-10-05
PATANJALI,2026-09-07,344.0,336.15,340.9,2026-10-05
PATANJALI,2026-09-08,342.8,339.0,342.0,2026-10-05
PATANJALI,2026-09-09,341.55,338.7,341.0,2026-10-05
PATANJALI,2026-09-10,342.0,337.75,339.75,2026-10-05
PATANJALI,2026-09-11,341.0,336.0,341.0,2026-10-05
PATANJALI,2026-09-15,342.4,335.75,338.55,2026-10-05
PATANJALI,2026-09-16,367.4,337.5,365.0,2026-10-05
PATANJALI,2026-09-17,364.9,354.0,354.45,2026-10-05
PATANJALI,2026-09-18,367.0,353.05,367.0,2026-10-05
PATANJALI,2026-09-21,400.45,365.25,396.2,2026-10-05
PATANJALI,2026-09-22,412.8,394.0,404.0,2026-10-05
PATANJALI,2026-09-23,412.9,402.05,409.45,2026-10-05
PATANJALI,2026-09-24,409.9,402.6,404.85,2026-10-05
PATANJALI,2026-09-25,407.9,401.55,403.95,2026-10-05
PATANJALI,2026-09-28,403.05,385.2,390.8,2026-10-05
PATANJALI,2026-09-29,391.6,368.9,371.4,2026-10-05
PATANJALI,2026-09-30,372.25,363.0,363.0,2026-10-05
PATANJALI,2026-10-01,366.05,348.55,355.15,2026-10-05
PAYTM,2026-08-20,1622.8,1587.1,1603.6,2026-10-05
PAYTM,2026-08-21,1638.4,1598.0,1632.0,2026-10-05
PAYTM,2026-08-24,1638.5,1610.3,1623.5,2026-10-05
PAYTM,2026-08-25,1718.0,1612.0,1718.0,2026-10-05
PAYTM,2026-08-26,1732.3,1707.0,1716.0,2026-10-05
PAYTM,2026-08-27,1731.0,1679.0,1679.0,2026-10-05
PAYTM,2026-08-28,1698.3,1641.7,1650.9,2026-10-05
PAYTM,2026-08-31,1717.1,1622.5,1717.1,2026-10-05
PAYTM,2026-09-01,1698.6,1616.3,1633.5,2026-10-05
PAYTM,2026-09-02,1633.3,1594.2,1619.0,2026-10-05
PAYTM,2026-09-03,1638.8,1608.4,1637.0,2026-10-05
PAYTM,2026-09-04,1697.7,1626.6,1659.5,2026-10-05
PAYTM,2026-09-07,1669.3,1642.0,1664.0,2026-10-05
PAYTM,2026-09-08,1676.7,1636.0,1670.0,2026-10-05
PAYTM,2026-09-09,1758.9,1676.1,1751.5,2026-10-05
PAYTM,2026-09-10,1757.0,1720.1,1739.0,2026-10-05
PAYTM,2026-09-11,1840.0,1726.8,1807.5,2026-10-05
PAYTM,2026-09-15,1811.0,1730.0,1730.0,2026-10-05
PAYTM,2026-09-16,1855.5,1731.1,1790.0,2026-10-05
PAYTM,2026-09-17,1816.3,1752.7,1763.0,2026-10-05
PAYTM,2026-09-18,1849.9,1765.0,1849.9,2026-10-05
PAYTM,2026-09-21,1829.3,1792.0,1810.0,2026-10-05
PAYTM,2026-09-22,1828.1,1802.6,1814.4,2026-10-05
PAYTM,2026-09-23,1819.9,1763.3,1775.0,2026-10-05
PAYTM,2026-09-24,1784.7,1730.3,1735.5,2026-10-05
PAYTM,2026-09-25,1747.2,1658.8,1674.0,2026-10-05
PAYTM,2026-09-28,1678.1,1625.7,1635.8,2026-10-05
PAYTM,2026-09-29,1691.7,1624.4,1683.0,2026-10-05
PAYTM,2026-09-30,1708.0,1667.1,1678.0,2026-10-05
PAYTM,2026-10-01,1690.0,1629.0,1656.0,2026-10-05
PERSISTENT,2026-08-20,5706.0,5534.0,5674.0,2026-10-05
PERSISTENT,2026-08-21,5722.0,5602.0,5667.5,2026-10-05
PERSISTENT,2026-08-24,5725.0,5646.0,5694.0,2026-10-05
PERSISTENT,2026-08-25,5687.0,5570.5,5655.0,2026-10-05
PERSISTENT,2026-08-26,5705.0,5590.5,5590.5,2026-10-05
PERSISTENT,2026-08-27,5679.5,5597.0,5654.0,2026-10-05
PERSISTENT,2026-08-28,5910.0,5677.0,5875.0,2026-10-05
PERSISTENT,2026-08-31,5855.5,5593.0,5594.5,2026-10-05
PERSISTENT,2026-09-01,5852.5,5603.0,5800.0,2026-10-05
PERSISTENT,2026-09-02,5738.0,5640.5,5690.0,2026-10-05
PERSISTENT,2026-09-03,5668.0,5501.0,5657.0,2026-10-05
PERSISTENT,2026-09-04,5724.5,5634.0,5643.0,2026-10-05
PERSISTENT,2026-09-07,5622.0,5522.0,5540.0,2026-10-05
PERSISTENT,2026-09-08,5600.0,5491.0,5560.0,2026-10-05
PERSISTENT,2026-09-09,5490.0,5372.5,5419.0,2026-10-05
PERSISTENT,2026-09-10,5560.0,5370.5,5509.5,2026-10-05
PERSISTENT,2026-09-11,5545.5,5444.5,5516.0,2026-10-05
PERSISTENT,2026-09-15,5759.0,5456.5,5477.5,2026-10-05
PERSISTENT,2026-09-16,5529.5,5390.5,5440.0,2026-10-05
PERSISTENT,2026-09-17,5502.0,5405.5,5473.0,2026-10-05
PERSISTENT,2026-09-18,5500.0,5389.0,5416.0,2026-10-05
PERSISTENT,2026-09-21,5458.0,5380.5,5449.0,2026-10-05
PERSISTENT,2026-09-22,5463.0,5359.0,5366.0,2026-10-05
PERSISTENT,2026-09-23,5413.0,5213.5,5240.0,2026-10-05
PERSISTENT,2026-09-24,5345.0,5188.0,5277.0,2026-10-05
PERSISTENT,2026-09-25,5385.0,5230.0,5372.0,2026-10-05
PERSISTENT,2026-09-28,5377.5,5285.0,5328.5,2026-10-05
PERSISTENT,2026-09-29,5348.5,5162.0,5162.0,2026-10-05
PERSISTENT,2026-09-30,5397.0,5200.0,5279.0,2026-10-05
PERSISTENT,2026-10-01,5396.0,5250.5,5367.0,2026-10-05
PETRONET,2026-08-20,293.75,286.6,291.4,2026-10-05
PETRONET,2026-08-21,293.5,289.75,293.0,2026-10-05
PETRONET,2026-08-24,296.8,291.4,295.95,2026-10-05
PETRONET,2026-08-25,295.7,291.6,292.5,2026-10-05
PETRONET,2026-08-26,295.95,289.0,289.0,2026-10-05
PETRONET,2026-08-27,293.35,289.6,290.95,2026-10-05
PETRONET,2026-08-28,292.85,290.05,292.0,2026-10-05
PETRONET,2026-08-31,300.6,289.0,300.6,2026-10-05
PETRONET,2026-09-01,296.65,290.4,292.3,2026-10-05
PETRONET,2026-09-02,294.0,288.35,289.2,2026-10-05
PETRONET,2026-09-03,293.2,289.2,289.5,2026-10-05
PETRONET,2026-09-04,292.15,287.8,288.1,2026-10-05
PETRONET,2026-09-07,293.8,288.1,290.95,2026-10-05
PETRONET,2026-09-08,291.0,285.0,285.8,2026-10-05
PETRONET,2026-09-09,288.5,284.15,285.9,2026-10-05
PETRONET,2026-09-10,290.7,283.05,288.7,2026-10-05
PETRONET,2026-09-11,287.2,283.85,287.2,2026-10-05
PETRONET,2026-09-15,288.4,280.5,283.95,2026-10-05
PETRONET,2026-09-16,284.95,278.25,282.1,2026-10-05
PETRONET,2026-09-17,285.0,281.7,283.45,2026-10-05
PETRONET,2026-09-18,292.6,284.1,292.6,2026-10-05
PETRONET,2026-09-21,289.65,286.6,287.5,2026-10-05
PETRONET,2026-09-22,288.25,280.3,281.75,2026-10-05
PETRONET,2026-09-23,286.9,282.05,285.85,2026-10-05
PETRONET,2026-09-24,288.1,283.3,286.6,2026-10-05
PETRONET,2026-09-25,286.5,283.4,286.5,2026-10-05
PETRONET,2026-09-28,293.05,285.75,289.85,2026-10-05
PETRONET,2026-09-29,288.5,281.75,282.95,2026-10-05
PETRONET,2026-09-30,288.9,284.0,284.5,2026-10-05
PETRONET,2026-10-01,287.5,283.45,285.5,2026-10-05
PFC,2026-08-20,375.1,363.2,363.8,2026-10-05
PFC,2026-08-21,364.95,361.6,363.0,2026-10-05
PFC,2026-08-24,365.75,361.2,364.0,2026-10-05
PFC,2026-08-25,367.0,362.1,367.0,2026-10-05
PFC,2026-08-26,369.15,363.35,364.1,2026-10-05
PFC,2026-08-27,362.3,352.35,355.85,2026-10-05
PFC,2026-08-28,356.0,350.2,352.0,2026-10-05
PFC,2026-08-31,352.3,336.3,336.3,2026-10-05
PFC,2026-09-01,347.75,343.2,345.8,2026-10-05
PFC,2026-09-02,347.3,340.5,346.5,2026-10-05
PFC,2026-09-03,351.75,343.3,345.5,2026-10-05
PFC,2026-09-04,357.7,344.0,355.6,2026-10-05
PFC,2026-09-07,359.15,353.0,353.1,2026-10-05
PFC,2026-09-08,356.5,351.15,355.9,2026-10-05
PFC,2026-09-09,355.3,350.1,351.4,2026-10-05
PFC,2026-09-10,354.75,349.3,352.8,2026-10-05
PFC,2026-09-11,353.45,348.0,353.45,2026-10-05
PFC,2026-09-15,353.3,344.0,344.0,2026-10-05
PFC,2026-09-16,349.1,343.65,346.0,2026-10-05
PFC,2026-09-17,348.5,344.75,344.95,2026-10-05
PFC,2026-09-18,347.1,342.55,342.55,2026-10-05
PFC,2026-09-21,348.05,342.6,344.75,2026-10-05
PFC,2026-09-22,346.5,343.1,345.8,2026-10-05
PFC,2026-09-23,349.95,344.55,346.0,2026-10-05
PFC,2026-09-24,345.1,338.0,339.35,2026-10-05
PFC,2026-09-25,340.05,336.3,338.0,2026-10-05
PFC,2026-09-28,338.55,329.05,330.0,2026-10-05
PFC,2026-09-29,330.6,320.8,324.1,2026-10-05
PFC,2026-09-30,332.5,325.0,325.5,2026-10-05
PFC,2026-10-01,326.5,313.35,318.0,2026-10-05
PGEL,2026-08-20,613.7,602.05,602.05,2026-10-05
PGEL,2026-08-21,610.0,600.1,600.55,2026-10-05
PGEL,2026-08-24,603.55,596.2,597.0,2026-10-05
PGEL,2026-08-25,601.6,592.05,594.35,2026-10-05
PGEL,2026-08-26,601.25,586.45,587.15,2026-10-05
PGEL,2026-08-27,604.7,587.15,596.0,2026-10-05
PGEL,2026-08-28,598.7,584.15,585.85,2026-10-05
PGEL,2026-08-31,585.55,571.4,581.0,2026-10-05
PGEL,2026-09-01,578.5,566.0,569.9,2026-10-05
PGEL,2026-09-02,567.45,556.2,566.0,2026-10-05
PGEL,2026-09-03,572.15,551.85,553.9,2026-10-05
PGEL,2026-09-04,564.0,552.05,562.3,2026-10-05
PGEL,2026-09-07,564.65,554.5,559.55,2026-10-05
PGEL,2026-09-08,562.0,551.05,553.7,2026-10-05
PGEL,2026-09-09,557.15,539.45,542.5,2026-10-05
PGEL,2026-09-10,548.25,538.5,542.0,2026-10-05
PGEL,2026-09-11,545.0,527.5,545.0,2026-10-05
PGEL,2026-09-15,545.0,515.15,518.0,2026-10-05
PGEL,2026-09-16,527.0,513.0,523.85,2026-10-05
PGEL,2026-09-17,533.7,519.3,529.35,2026-10-05
PGEL,2026-09-18,541.45,529.15,529.15,2026-10-05
PGEL,2026-09-21,538.9,528.05,536.55,2026-10-05
PGEL,2026-09-22,541.45,519.0,520.2,2026-10-05
PGEL,2026-09-23,527.5,519.0,521.15,2026-10-05
PGEL,2026-09-24,524.75,512.0,514.45,2026-10-05
PGEL,2026-09-25,520.4,512.05,518.5,2026-10-05
PGEL,2026-09-28,521.0,505.1,507.0,2026-10-05
PGEL,2026-09-29,509.95,493.15,493.15,2026-10-05
PGEL,2026-09-30,506.0,493.45,493.45,2026-10-05
PGEL,2026-10-01,496.65,476.1,481.1,2026-10-05
PHOENIXLTD,2026-08-20,1934.5,1907.9,1925.0,2026-10-05
PHOENIXLTD,2026-08-21,1943.8,1914.1,1930.0,2026-10-05
PHOENIXLTD,2026-08-24,1938.9,1910.7,1932.0,2026-10-05
PHOENIXLTD,2026-08-25,1959.6,1915.0,1930.0,2026-10-05
PHOENIXLTD,2026-08-26,1950.0,1923.4,1924.1,2026-10-05
PHOENIXLTD,2026-08-27,1944.8,1897.2,1901.7,2026-10-05
PHOENIXLTD,2026-08-28,1923.9,1896.0,1917.0,2026-10-05
PHOENIXLTD,2026-08-31,1920.4,1875.5,1900.0,2026-10-05
PHOENIXLTD,2026-09-01,1896.5,1867.7,1892.6,2026-10-05
PHOENIXLTD,2026-09-02,1920.1,1870.6,1920.1,2026-10-05
PHOENIXLTD,2026-09-03,1971.0,1920.6,1960.0,2026-10-05
PHOENIXLTD,2026-09-04,1969.3,1935.5,1942.0,2026-10-05
PHOENIXLTD,2026-09-07,1942.0,1899.1,1905.0,2026-10-05
PHOENIXLTD,2026-09-08,1915.0,1885.0,1885.0,2026-10-05
PHOENIXLTD,2026-09-09,1915.9,1865.2,1885.3,2026-10-05
PHOENIXLTD,2026-09-10,1914.8,1883.1,1890.0,2026-10-05
PHOENIXLTD,2026-09-11,1910.0,1825.1,1890.0,2026-10-05
PHOENIXLTD,2026-09-15,1890.0,1833.6,1833.6,2026-10-05
PHOENIXLTD,2026-09-16,1864.1,1820.2,1855.0,2026-10-05
PHOENIXLTD,2026-09-17,1889.8,1864.2,1872.2,2026-10-05
PHOENIXLTD,2026-09-18,1923.2,1877.9,1877.9,2026-10-05
PHOENIXLTD,2026-09-21,1942.0,1899.9,1929.0,2026-10-05
PHOENIXLTD,2026-09-22,1958.0,1930.3,1953.4,2026-10-05
PHOENIXLTD,2026-09-23,2015.3,1954.2,1993.2,2026-10-05
PHOENIXLTD,2026-09-24,2035.6,1948.0,1955.0,2026-10-05
PHOENIXLTD,2026-09-25,1990.6,1900.1,1978.4,2026-10-05
PHOENIXLTD,2026-09-28,1973.1,1940.1,1952.2,2026-10-05
PHOENIXLTD,2026-09-29,1957.3,1916.7,1929.0,2026-10-05
PHOENIXLTD,2026-09-30,1963.4,1916.2,1935.0,2026-10-05
PHOENIXLTD,2026-10-01,1963.1,1911.8,1930.0,2026-10-05
PIDILITIND,2026-08-20,1666.9,1647.5,1660.0,2026-10-05
PIDILITIND,2026-08-21,1664.4,1644.1,1649.0,2026-10-05
PIDILITIND,2026-08-24,1660.0,1638.0,1660.0,2026-10-05
PIDILITIND,2026-08-25,1660.0,1636.6,1651.1,2026-10-05
PIDILITIND,2026-08-26,1669.6,1641.0,1650.0,2026-10-05
PIDILITIND,2026-08-27,1668.5,1640.0,1656.0,2026-10-05
PIDILITIND,2026-08-28,1658.5,1617.0,1629.5,2026-10-05
PIDILITIND,2026-08-31,1687.7,1612.4,1687.7,2026-10-05
PIDILITIND,2026-09-01,1675.5,1637.5,1643.5,2026-10-05
PIDILITIND,2026-09-02,1639.5,1624.1,1637.0,2026-10-05
PIDILITIND,2026-09-03,1638.3,1621.2,1638.3,2026-10-05
PIDILITIND,2026-09-04,1638.3,1625.0,1629.5,2026-10-05
PIDILITIND,2026-09-07,1628.9,1575.0,1575.0,2026-10-05
PIDILITIND,2026-09-08,1593.0,1565.0,1593.0,2026-10-05
PIDILITIND,2026-09-09,1585.6,1566.0,1572.0,2026-10-05
PIDILITIND,2026-09-10,1577.9,1553.5,1569.0,2026-10-05
PIDILITIND,2026-09-11,1567.9,1540.4,1566.9,2026-10-05
PIDILITIND,2026-09-15,1575.7,1521.1,1521.1,2026-10-05
PIDILITIND,2026-09-16,1546.9,1521.2,1543.8,2026-10-05
PIDILITIND,2026-09-17,1561.1,1535.0,1551.5,2026-10-05
PIDILITIND,2026-09-18,1598.9,1559.9,1572.1,2026-10-05
PIDILITIND,2026-09-21,1598.0,1573.2,1573.2,2026-10-05
PIDILITIND,2026-09-22,1587.0,1562.7,1572.7,2026-10-05
PIDILITIND,2026-09-23,1591.7,1575.1,1588.1,2026-10-05
PIDILITIND,2026-09-24,1579.0,1517.5,1522.0,2026-10-05
PIDILITIND,2026-09-25,1530.0,1495.7,1517.2,2026-10-05
PIDILITIND,2026-09-28,1508.0,1486.8,1503.0,2026-10-05
PIDILITIND,2026-09-29,1500.4,1461.0,1461.0,2026-10-05
PIDILITIND,2026-09-30,1496.9,1465.1,1465.1,2026-10-05
PIDILITIND,2026-10-01,1486.9,1456.8,1464.0,2026-10-05
PIIND,2026-08-20,2522.5,2482.5,2482.5,2026-10-05
PIIND,2026-08-21,2511.0,2482.5,2496.8,2026-10-05
PIIND,2026-08-24,2501.0,2470.0,2475.0,2026-10-05
PIIND,2026-08-25,2508.0,2453.1,2508.0,2026-10-05
PIIND,2026-08-26,2530.5,2486.0,2508.3,2026-10-05
PIIND,2026-08-27,2536.5,2460.0,2467.0,2026-10-05
PIIND,2026-08-28,2493.7,2420.1,2420.1,2026-10-05
PIIND,2026-08-31,2424.7,2370.0,2370.0,2026-10-05
PIIND,2026-09-01,2402.1,2370.7,2397.1,2026-10-05
PIIND,2026-09-02,2393.6,2353.5,2393.0,2026-10-05
PIIND,2026-09-03,2430.4,2381.6,2419.9,2026-10-05
PIIND,2026-09-04,2509.0,2410.0,2465.0,2026-10-05
PIIND,2026-09-07,2468.5,2428.0,2430.0,2026-10-05
PIIND,2026-09-08,2428.4,2390.1,2395.0,2026-10-05
PIIND,2026-09-09,2402.0,2367.6,2394.0,2026-10-05
PIIND,2026-09-10,2397.6,2352.0,2365.0,2026-10-05
PIIND,2026-09-11,2365.0,2191.0,2259.0,2026-10-05
PIIND,2026-09-15,2288.3,2240.5,2255.0,2026-10-05
PIIND,2026-09-16,2287.2,2227.2,2256.0,2026-10-05
PIIND,2026-09-17,2317.0,2259.0,2307.0,2026-10-05
PIIND,2026-09-18,2366.8,2302.5,2366.8,2026-10-05
PIIND,2026-09-21,2342.7,2315.7,2321.8,2026-10-05
PIIND,2026-09-22,2428.7,2350.0,2410.0,2026-10-05
PIIND,2026-09-23,2417.1,2381.0,2386.0,2026-10-05
PIIND,2026-09-24,2410.0,2365.3,2393.5,2026-10-05
PIIND,2026-09-25,2405.6,2362.6,2400.0,2026-10-05
PIIND,2026-09-28,2398.4,2318.5,2349.0,2026-10-05
PIIND,2026-09-29,2339.0,2288.8,2288.8,2026-10-05
PIIND,2026-09-30,2322.8,2270.0,2310.0,2026-10-05
PIIND,2026-10-01,2302.4,2220.0,2236.0,2026-10-05
PNB,2026-08-20,119.1,117.44,118.0,2026-10-05
PNB,2026-08-21,117.52,115.41,116.55,2026-10-05
PNB,2026-08-24,117.03,115.0,115.86,2026-10-05
PNB,2026-08-25,116.9,115.01,115.93,2026-10-05
PNB,2026-08-26,118.2,116.39,116.7,2026-10-05
PNB,2026-08-27,117.2,115.07,115.4,2026-10-05
PNB,2026-08-28,115.75,114.42,115.4,2026-10-05
PNB,2026-08-31,115.35,113.16,114.23,2026-10-05
PNB,2026-09-01,116.5,114.07,115.22,2026-10-05
PNB,2026-09-02,117.25,113.92,117.0,2026-10-05
PNB,2026-09-03,118.25,116.32,116.32,2026-10-05
PNB,2026-09-04,118.05,116.45,117.0,2026-10-05
PNB,2026-09-07,117.17,115.55,115.6,2026-10-05
PNB,2026-09-08,116.68,114.95,116.0,2026-10-05
PNB,2026-09-09,117.0,115.25,115.61,2026-10-05
PNB,2026-09-10,118.2,115.47,116.85,2026-10-05
PNB,2026-09-11,117.79,114.52,116.75,2026-10-05
PNB,2026-09-15,117.23,114.7,114.7,2026-10-05
PNB,2026-09-16,117.48,114.63,116.8,2026-10-05
PNB,2026-09-17,119.4,116.36,116.47,2026-10-05
PNB,2026-09-18,117.5,116.5,117.27,2026-10-05
PNB,2026-09-21,118.58,116.64,118.0,2026-10-05
PNB,2026-09-22,118.74,116.7,117.0,2026-10-05
PNB,2026-09-23,118.9,116.61,118.3,2026-10-05
PNB,2026-09-24,118.67,117.06,117.12,2026-10-05
PNB,2026-09-25,118.01,116.23,116.6,2026-10-05
PNB,2026-09-28,116.55,112.07,112.6,2026-10-05
PNB,2026-09-29,113.98,110.56,111.75,2026-10-05
PNB,2026-09-30,114.9,111.8,113.06,2026-10-05
PNB,2026-10-01,113.38,109.37,109.57,2026-10-05
PNBHOUSING,2026-08-20,1207.0,1170.1,1175.5,2026-10-05
PNBHOUSING,2026-08-21,1189.0,1166.0,1170.3,2026-10-05
PNBHOUSING,2026-08-24,1173.1,1154.2,1165.0,2026-10-05
PNBHOUSING,2026-08-25,1183.0,1157.4,1182.0,2026-10-05
PNBHOUSING,2026-08-26,1211.5,1173.2,1185.0,2026-10-05
PNBHOUSING,2026-08-27,1195.0,1176.6,1178.0,2026-10-05
PNBHOUSING,2026-08-28,1189.3,1158.0,1169.9,2026-10-05
PNBHOUSING,2026-08-31,1164.0,1141.5,1148.7,2026-10-05
PNBHOUSING,2026-09-01,1156.4,1135.0,1152.0,2026-10-05
PNBHOUSING,2026-09-02,1148.0,1125.4,1141.0,2026-10-05
PNBHOUSING,2026-09-03,1157.9,1142.2,1145.5,2026-10-05
PNBHOUSING,2026-09-04,1195.0,1141.1,1166.0,2026-10-05
PNBHOUSING,2026-09-07,1188.9,1163.7,1182.1,2026-10-05
PNBHOUSING,2026-09-08,1185.0,1166.5,1167.1,2026-10-05
PNBHOUSING,2026-09-09,1169.2,1138.2,1142.0,2026-10-05
PNBHOUSING,2026-09-10,1186.4,1132.8,1179.0,2026-10-05
PNBHOUSING,2026-09-11,1189.6,1162.0,1178.9,2026-10-05
PNBHOUSING,2026-09-15,1178.9,1135.9,1145.0,2026-10-05
PNBHOUSING,2026-09-16,1152.3,1126.9,1134.0,2026-10-05
PNBHOUSING,2026-09-17,1147.9,1098.4,1103.5,2026-10-05
PNBHOUSING,2026-09-18,1138.3,1103.0,1133.1,2026-10-05
PNBHOUSING,2026-09-21,1154.6,1120.2,1141.1,2026-10-05
PNBHOUSING,2026-09-22,1147.7,1121.0,1125.6,2026-10-05
PNBHOUSING,2026-09-23,1149.0,1125.1,1138.5,2026-10-05
PNBHOUSING,2026-09-24,1135.1,1085.7,1094.5,2026-10-05
PNBHOUSING,2026-09-25,1102.5,1077.2,1094.9,2026-10-05
PNBHOUSING,2026-09-28,1098.1,1065.4,1085.0,2026-10-05
PNBHOUSING,2026-09-29,1123.5,1073.4,1098.2,2026-10-05
PNBHOUSING,2026-09-30,1132.5,1095.9,1120.0,2026-10-05
PNBHOUSING,2026-10-01,1121.5,1079.1,1092.0,2026-10-05
POLICYBZR,2026-08-20,1803.4,1764.0,1779.6,2026-10-05
POLICYBZR,2026-08-21,1799.0,1757.0,1795.2,2026-10-05
POLICYBZR,2026-08-24,1811.8,1773.5,1785.0,2026-10-05
POLICYBZR,2026-08-25,1815.0,1775.0,1798.3,2026-10-05
POLICYBZR,2026-08-26,1875.0,1806.3,1840.0,2026-10-05
POLICYBZR,2026-08-27,1852.0,1821.1,1837.9,2026-10-05
POLICYBZR,2026-08-28,1844.8,1804.8,1811.5,2026-10-05
POLICYBZR,2026-08-31,1875.0,1796.4,1875.0,2026-10-05
POLICYBZR,2026-09-01,1847.8,1812.1,1829.2,2026-10-05
POLICYBZR,2026-09-02,1860.0,1810.0,1851.9,2026-10-05
POLICYBZR,2026-09-03,1870.0,1834.4,1870.0,2026-10-05
POLICYBZR,2026-09-04,1866.6,1828.7,1836.0,2026-10-05
POLICYBZR,2026-09-07,1843.2,1752.3,1792.0,2026-10-05
POLICYBZR,2026-09-08,1827.9,1775.9,1826.0,2026-10-05
POLICYBZR,2026-09-09,1814.7,1787.5,1800.0,2026-10-05
POLICYBZR,2026-09-10,1808.1,1780.5,1800.0,2026-10-05
POLICYBZR,2026-09-11,1813.3,1757.3,1797.3,2026-10-05
POLICYBZR,2026-09-15,1804.3,1736.0,1736.0,2026-10-05
POLICYBZR,2026-09-16,1847.0,1710.1,1827.1,2026-10-05
POLICYBZR,2026-09-17,1845.0,1718.1,1765.0,2026-10-05
POLICYBZR,2026-09-18,1798.0,1743.0,1743.0,2026-10-05
POLICYBZR,2026-09-21,1804.4,1745.0,1793.0,2026-10-05
POLICYBZR,2026-09-22,1806.4,1773.7,1805.0,2026-10-05
POLICYBZR,2026-09-23,1904.9,1793.0,1886.3,2026-10-05
POLICYBZR,2026-09-24,1697.7,1207.2,1207.2,2026-10-05
POLICYBZR,2026-09-25,1261.7,1115.0,1166.0,2026-10-05
POLICYBZR,2026-09-28,1213.5,1136.1,1151.3,2026-10-05
POLICYBZR,2026-09-29,1162.3,1077.0,1081.0,2026-10-05
POLICYBZR,2026-09-30,1098.0,1031.4,1063.9,2026-10-05
POLICYBZR,2026-10-01,1058.4,963.9,980.0,2026-10-05
POLYCAB,2026-08-20,9180.0,9076.5,9125.0,2026-10-05
POLYCAB,2026-08-21,9175.0,8956.0,8966.0,2026-10-05
POLYCAB,2026-08-24,9054.0,8950.5,9054.0,2026-10-05
POLYCAB,2026-08-25,9119.5,8990.5,9098.0,2026-10-05
POLYCAB,2026-08-26,9159.0,8984.0,9060.0,2026-10-05
POLYCAB,2026-08-27,9188.0,8906.0,9079.0,2026-10-05
POLYCAB,2026-08-28,9103.0,9013.5,9088.0,2026-10-05
POLYCAB,2026-08-31,9445.0,8990.0,9445.0,2026-10-05
POLYCAB,2026-09-01,9209.0,8871.0,8895.5,2026-10-05
POLYCAB,2026-09-02,8933.0,8732.0,8804.0,2026-10-05
POLYCAB,2026-09-03,8930.0,8787.0,8807.5,2026-10-05
POLYCAB,2026-09-04,8500.0,8250.0,8300.0,2026-10-05
POLYCAB,2026-09-07,8361.5,8175.0,8261.0,2026-10-05
POLYCAB,2026-09-08,8433.0,8301.0,8373.5,2026-10-05
POLYCAB,2026-09-09,8407.0,8302.0,8354.0,2026-10-05
POLYCAB,2026-09-10,8387.5,8272.5,8358.0,2026-10-05
POLYCAB,2026-09-11,8319.0,8118.0,8241.0,2026-10-05
POLYCAB,2026-09-15,8294.5,8115.0,8143.5,2026-10-05
POLYCAB,2026-09-16,8244.0,8072.0,8121.5,2026-10-05
POLYCAB,2026-09-17,8266.0,8112.5,8208.5,2026-10-05
POLYCAB,2026-09-18,8400.0,8235.0,8400.0,2026-10-05
POLYCAB,2026-09-21,8429.0,8331.0,8369.5,2026-10-05
POLYCAB,2026-09-22,8442.0,8345.0,8350.0,2026-10-05
POLYCAB,2026-09-23,8454.0,8367.0,8417.0,2026-10-05
POLYCAB,2026-09-24,8420.0,8324.0,8366.5,2026-10-05
POLYCAB,2026-09-25,8463.0,8350.0,8408.5,2026-10-05
POLYCAB,2026-09-28,8400.0,8180.0,8191.0,2026-10-05
POLYCAB,2026-09-29,8256.0,8102.5,8102.5,2026-10-05
POLYCAB,2026-09-30,8177.0,8026.0,8026.0,2026-10-05
POLYCAB,2026-10-01,8131.0,7883.0,7990.0,2026-10-05
POWERGRID,2026-08-20,267.1,262.8,264.8,2026-10-05
POWERGRID,2026-08-21,275.95,264.2,272.4,2026-10-05
POWERGRID,2026-08-24,274.35,268.3,271.4,2026-10-05
POWERGRID,2026-08-25,271.7,268.35,271.0,2026-10-05
POWERGRID,2026-08-26,271.15,265.2,265.2,2026-10-05
POWERGRID,2026-08-27,266.3,262.3,264.9,2026-10-05
POWERGRID,2026-08-28,267.35,265.05,266.05,2026-10-05
POWERGRID,2026-08-31,266.05,263.15,263.55,2026-10-05
POWERGRID,2026-09-01,264.55,261.7,264.55,2026-10-05
POWERGRID,2026-09-02,268.35,262.4,266.8,2026-10-05
POWERGRID,2026-09-03,270.75,265.6,265.6,2026-10-05
POWERGRID,2026-09-04,267.5,265.05,266.0,2026-10-05
POWERGRID,2026-09-07,268.8,264.25,266.45,2026-10-05
POWERGRID,2026-09-08,267.25,263.0,265.75,2026-10-05
POWERGRID,2026-09-09,269.25,264.5,265.85,2026-10-05
POWERGRID,2026-09-10,271.75,265.3,271.75,2026-10-05
POWERGRID,2026-09-11,274.05,268.35,269.1,2026-10-05
POWERGRID,2026-09-15,268.5,262.8,262.8,2026-10-05
POWERGRID,2026-09-16,266.35,262.8,262.8,2026-10-05
POWERGRID,2026-09-17,265.7,263.25,263.75,2026-10-05
POWERGRID,2026-09-18,270.3,263.4,270.3,2026-10-05
POWERGRID,2026-09-21,269.05,266.1,266.1,2026-10-05
POWERGRID,2026-09-22,268.3,265.95,265.95,2026-10-05
POWERGRID,2026-09-23,270.85,265.95,270.2,2026-10-05
POWERGRID,2026-09-24,270.9,265.75,266.4,2026-10-05
POWERGRID,2026-09-25,269.75,266.9,269.5,2026-10-05
POWERGRID,2026-09-28,269.9,261.85,261.85,2026-10-05
POWERGRID,2026-09-29,269.2,259.55,261.5,2026-10-05
POWERGRID,2026-09-30,262.0,258.1,260.5,2026-10-05
POWERGRID,2026-10-01,259.0,252.35,254.55,2026-10-05
POWERINDIA,2026-08-20,34045.0,33305.0,33510.0,2026-10-05
POWERINDIA,2026-08-21,34750.0,33250.0,34190.0,2026-10-05
POWERINDIA,2026-08-24,34975.0,33570.0,33840.0,2026-10-05
POWERINDIA,2026-08-25,33695.0,33005.0,33300.0,2026-10-05
POWERINDIA,2026-08-26,33600.0,33105.0,33125.0,2026-10-05
POWERINDIA,2026-08-27,34250.0,33290.0,33880.0,2026-10-05
POWERINDIA,2026-08-28,33840.0,33235.0,33330.0,2026-10-05
POWERINDIA,2026-08-31,33760.0,32630.0,33760.0,2026-10-05
POWERINDIA,2026-09-01,33450.0,32400.0,32640.0,2026-10-05
POWERINDIA,2026-09-02,32595.0,31750.0,32200.0,2026-10-05
POWERINDIA,2026-09-03,32635.0,31910.0,32000.0,2026-10-05
POWERINDIA,2026-09-04,32195.0,31545.0,31650.0,2026-10-05
POWERINDIA,2026-09-07,32175.0,31635.0,31775.0,2026-10-05
POWERINDIA,2026-09-08,31570.0,30550.0,31135.0,2026-10-05
POWERINDIA,2026-09-09,31590.0,31025.0,31580.0,2026-10-05
POWERINDIA,2026-09-10,31595.0,31050.0,31195.0,2026-10-05
POWERINDIA,2026-09-11,31515.0,30700.0,31435.0,2026-10-05
POWERINDIA,2026-09-15,31295.0,30000.0,30790.0,2026-10-05
POWERINDIA,2026-09-16,30400.0,29645.0,30200.0,2026-10-05
POWERINDIA,2026-09-17,31325.0,30380.0,31230.0,2026-10-05
POWERINDIA,2026-09-18,32700.0,31450.0,32700.0,2026-10-05
POWERINDIA,2026-09-21,32595.0,31805.0,31870.0,2026-10-05
POWERINDIA,2026-09-22,32550.0,31195.0,31415.0,2026-10-05
POWERINDIA,2026-09-23,31660.0,31050.0,31150.0,2026-10-05
POWERINDIA,2026-09-24,31245.0,30625.0,30715.0,2026-10-05
POWERINDIA,2026-09-25,31560.0,30825.0,31035.0,2026-10-05
POWERINDIA,2026-09-28,30995.0,30000.0,30260.0,2026-10-05
POWERINDIA,2026-09-29,30930.0,29865.0,30735.0,2026-10-05
POWERINDIA,2026-09-30,31050.0,30200.0,30630.0,2026-10-05
POWERINDIA,2026-10-01,31615.0,30520.0,31290.0,2026-10-05
PREMIERENE,2026-08-20,1049.6,1007.5,1040.0,2026-10-05
PREMIERENE,2026-08-21,1072.4,1045.7,1053.0,2026-10-05
PREMIERENE,2026-08-24,1060.9,1023.5,1030.0,2026-10-05
PREMIERENE,2026-08-25,1036.0,1018.0,1036.0,2026-10-05
PREMIERENE,2026-08-26,1040.0,982.2,1005.0,2026-10-05
PREMIERENE,2026-08-27,1020.0,985.1,1000.0,2026-10-05
PREMIERENE,2026-08-28,1019.0,973.0,1013.9,2026-10-05
PREMIERENE,2026-08-31,1036.3,997.8,1036.3,2026-10-05
PREMIERENE,2026-09-01,1028.8,1011.1,1012.9,2026-10-05
PREMIERENE,2026-09-02,1012.9,998.0,1000.0,2026-10-05
PREMIERENE,2026-09-03,1013.2,995.1,1008.0,2026-10-05
PREMIERENE,2026-09-04,1008.8,996.0,1002.0,2026-10-05
PREMIERENE,2026-09-07,1006.6,987.0,990.0,2026-10-05
PREMIERENE,2026-09-08,998.0,982.3,988.8,2026-10-05
PREMIERENE,2026-09-09,994.5,972.0,975.9,2026-10-05
PREMIERENE,2026-09-10,981.8,962.2,967.9,2026-10-05
PREMIERENE,2026-09-11,980.5,950.1,974.2,2026-10-05
PREMIERENE,2026-09-15,972.8,940.5,945.0,2026-10-05
PREMIERENE,2026-09-16,944.2,888.1,899.0,2026-10-05
PREMIERENE,2026-09-17,904.3,880.0,880.0,2026-10-05
PREMIERENE,2026-09-18,905.8,878.3,902.0,2026-10-05
PREMIERENE,2026-09-21,919.9,887.2,919.9,2026-10-05
PREMIERENE,2026-09-22,920.0,896.2,907.2,2026-10-05
PREMIERENE,2026-09-23,919.7,903.5,915.0,2026-10-05
PREMIERENE,2026-09-24,910.0,885.0,898.0,2026-10-05
PREMIERENE,2026-09-25,900.0,884.6,896.4,2026-10-05
PREMIERENE,2026-09-28,912.7,883.0,906.0,2026-10-05
PREMIERENE,2026-09-29,917.6,853.6,870.0,2026-10-05
PREMIERENE,2026-09-30,883.0,865.2,870.1,2026-10-05
PREMIERENE,2026-10-01,888.4,860.1,878.05,2026-10-05
PRESTIGE,2026-08-20,1610.0,1581.0,1585.5,2026-10-05
PRESTIGE,2026-08-21,1651.3,1590.0,1631.0,2026-10-05
PRESTIGE,2026-08-24,1641.6,1618.1,1635.8,2026-10-05
PRESTIGE,2026-08-25,1631.9,1606.2,1623.0,2026-10-05
PRESTIGE,2026-08-26,1647.3,1614.0,1615.1,2026-10-05
PRESTIGE,2026-08-27,1635.9,1609.6,1623.0,2026-10-05
PRESTIGE,2026-08-28,1628.5,1584.5,1588.0,2026-10-05
PRESTIGE,2026-08-31,1633.0,1542.0,1633.0,2026-10-05
PRESTIGE,2026-09-01,1597.1,1548.2,1570.0,2026-10-05
PRESTIGE,2026-09-02,1582.0,1521.8,1582.0,2026-10-05
PRESTIGE,2026-09-03,1641.4,1585.9,1615.2,2026-10-05
PRESTIGE,2026-09-04,1646.6,1565.2,1587.0,2026-10-05
PRESTIGE,2026-09-07,1595.0,1550.0,1550.0,2026-10-05
PRESTIGE,2026-09-08,1566.0,1532.0,1561.6,2026-10-05
PRESTIGE,2026-09-09,1557.9,1534.1,1540.4,2026-10-05
PRESTIGE,2026-09-10,1544.0,1518.6,1543.6,2026-10-05
PRESTIGE,2026-09-11,1530.8,1467.2,1498.0,2026-10-05
PRESTIGE,2026-09-15,1514.9,1417.0,1417.0,2026-10-05
PRESTIGE,2026-09-16,1442.0,1409.1,1424.0,2026-10-05
PRESTIGE,2026-09-17,1456.7,1420.1,1440.1,2026-10-05
PRESTIGE,2026-09-18,1471.6,1435.1,1435.1,2026-10-05
PRESTIGE,2026-09-21,1478.0,1442.2,1474.0,2026-10-05
PRESTIGE,2026-09-22,1495.1,1454.0,1479.6,2026-10-05
PRESTIGE,2026-09-23,1507.4,1479.1,1490.0,2026-10-05
PRESTIGE,2026-09-24,1495.8,1463.1,1475.0,2026-10-05
PRESTIGE,2026-09-25,1486.9,1449.5,1477.8,2026-10-05
PRESTIGE,2026-09-28,1470.8,1437.4,1470.8,2026-10-05
PRESTIGE,2026-09-29,1465.0,1417.5,1417.5,2026-10-05
PRESTIGE,2026-09-30,1493.0,1420.5,1481.9,2026-10-05
PRESTIGE,2026-10-01,1500.9,1445.0,1486.1,2026-10-05
RADICO,2026-08-20,4734.7,4676.9,4696.0,2026-10-05
RADICO,2026-08-21,4724.0,4615.0,4639.8,2026-10-05
RADICO,2026-08-24,4634.9,4562.0,4600.0,2026-10-05
RADICO,2026-08-25,4651.1,4571.6,4630.0,2026-10-05
RADICO,2026-08-26,4680.0,4602.2,4614.0,2026-10-05
RADICO,2026-08-27,4650.6,4574.3,4606.0,2026-10-05
RADICO,2026-08-28,4615.0,4574.3,4605.0,2026-10-05
RADICO,2026-08-31,4603.0,4471.1,4485.0,2026-10-05
RADICO,2026-09-01,4540.0,4393.4,4474.3,2026-10-05
RADICO,2026-09-02,4476.2,4390.0,4476.2,2026-10-05
RADICO,2026-09-03,4559.0,4442.5,4559.0,2026-10-05
RADICO,2026-09-04,4559.8,4444.0,4494.0,2026-10-05
RADICO,2026-09-07,4496.0,4433.0,4444.0,2026-10-05
RADICO,2026-09-08,4497.6,4424.0,4485.0,2026-10-05
RADICO,2026-09-09,4477.5,4396.6,4414.0,2026-10-05
RADICO,2026-09-10,4485.0,4396.2,4460.0,2026-10-05
RADICO,2026-09-11,4437.6,4362.5,4368.1,2026-10-05
RADICO,2026-09-15,4431.0,4298.8,4360.0,2026-10-05
RADICO,2026-09-16,4466.0,4321.6,4466.0,2026-10-05
RADICO,2026-09-17,4469.8,4380.0,4380.0,2026-10-05
RADICO,2026-09-18,4535.4,4381.0,4535.4,2026-10-05
RADICO,2026-09-21,4539.9,4376.1,4480.0,2026-10-05
RADICO,2026-09-22,4512.3,4436.0,4448.8,2026-10-05
RADICO,2026-09-23,4614.1,4450.4,4601.9,2026-10-05
RADICO,2026-09-24,4598.1,4475.0,4481.3,2026-10-05
RADICO,2026-09-25,4600.0,4486.4,4557.1,2026-10-05
RADICO,2026-09-28,4550.7,4452.5,4478.3,2026-10-05
RADICO,2026-09-29,4478.0,4364.0,4364.0,2026-10-05
RADICO,2026-09-30,4516.0,4365.1,4366.0,2026-10-05
RADICO,2026-10-01,4394.2,4234.8,4237.0,2026-10-05
RBLBANK,2026-08-20,393.9,382.05,392.3,2026-10-05
RBLBANK,2026-08-21,392.75,387.7,392.5,2026-10-05
RBLBANK,2026-08-24,394.5,386.25,388.0,2026-10-05
RBLBANK,2026-08-25,389.4,380.6,384.0,2026-10-05
RBLBANK,2026-08-26,386.65,380.3,382.5,2026-10-05
RBLBANK,2026-08-27,387.0,381.6,385.4,2026-10-05
RBLBANK,2026-08-28,384.7,380.1,382.0,2026-10-05
RBLBANK,2026-08-31,384.0,378.4,380.35,2026-10-05
RBLBANK,2026-09-01,383.75,377.8,380.5,2026-10-05
RBLBANK,2026-09-02,392.7,375.0,389.4,2026-10-05
RBLBANK,2026-09-03,410.7,395.65,408.1,2026-10-05
RBLBANK,2026-09-04,417.05,406.7,414.35,2026-10-05
RBLBANK,2026-09-07,418.25,407.85,415.0,2026-10-05
RBLBANK,2026-09-08,419.1,413.0,418.5,2026-10-05
RBLBANK,2026-09-09,420.4,414.7,416.0,2026-10-05
RBLBANK,2026-09-10,417.2,409.05,410.8,2026-10-05
RBLBANK,2026-09-11,416.5,406.0,412.55,2026-10-05
RBLBANK,2026-09-15,414.3,402.15,403.6,2026-10-05
RBLBANK,2026-09-16,406.7,395.95,404.0,2026-10-05
RBLBANK,2026-09-17,411.65,401.95,404.15,2026-10-05
RBLBANK,2026-09-18,415.9,405.0,415.9,2026-10-05
RBLBANK,2026-09-21,409.9,401.1,402.4,2026-10-05
RBLBANK,2026-09-22,424.4,402.85,423.2,2026-10-05
RBLBANK,2026-09-23,429.6,422.05,428.0,2026-10-05
RBLBANK,2026-09-24,423.2,409.1,412.75,2026-10-05
RBLBANK,2026-09-25,416.0,409.1,415.05,2026-10-05
RBLBANK,2026-09-28,413.85,404.3,407.0,2026-10-05
RBLBANK,2026-09-29,407.8,401.45,402.0,2026-10-05
RBLBANK,2026-09-30,412.35,403.35,403.35,2026-10-05
RBLBANK,2026-10-01,417.8,405.05,411.4,2026-10-05
RECLTD,2026-08-20,338.6,327.5,328.1,2026-10-05
RECLTD,2026-08-21,330.45,325.3,326.65,2026-10-05
RECLTD,2026-08-24,328.65,323.55,327.9,2026-10-05
RECLTD,2026-08-25,329.0,323.45,326.0,2026-10-05
RECLTD,2026-08-26,329.45,321.95,322.2,2026-10-05
RECLTD,2026-08-27,324.55,317.3,320.9,2026-10-05
RECLTD,2026-08-28,321.95,316.0,316.8,2026-10-05
RECLTD,2026-08-31,323.3,311.1,323.3,2026-10-05
RECLTD,2026-09-01,318.4,313.0,314.05,2026-10-05
RECLTD,2026-09-02,318.5,310.4,316.45,2026-10-05
RECLTD,2026-09-03,320.7,312.2,313.6,2026-10-05
RECLTD,2026-09-04,320.2,313.2,318.7,2026-10-05
RECLTD,2026-09-07,321.4,316.05,316.4,2026-10-05
RECLTD,2026-09-08,318.0,314.0,317.85,2026-10-05
RECLTD,2026-09-09,317.35,313.6,314.5,2026-10-05
RECLTD,2026-09-10,316.9,312.65,313.8,2026-10-05
RECLTD,2026-09-11,315.05,311.25,312.7,2026-10-05
RECLTD,2026-09-15,314.8,308.5,308.5,2026-10-05
RECLTD,2026-09-16,315.5,308.7,312.65,2026-10-05
RECLTD,2026-09-17,315.05,310.5,310.5,2026-10-05
RECLTD,2026-09-18,313.4,309.05,312.0,2026-10-05
RECLTD,2026-09-21,313.45,310.2,310.2,2026-10-05
RECLTD,2026-09-22,311.0,307.1,307.1,2026-10-05
RECLTD,2026-09-23,313.4,307.65,311.5,2026-10-05
RECLTD,2026-09-24,310.85,307.2,308.25,2026-10-05
RECLTD,2026-09-25,312.95,307.25,312.95,2026-10-05
RECLTD,2026-09-28,311.6,303.25,303.25,2026-10-05
RECLTD,2026-09-29,303.15,292.2,292.45,2026-10-05
RECLTD,2026-09-30,301.75,293.0,299.0,2026-10-05
RECLTD,2026-10-01,298.2,286.2,287.75,2026-10-05
RELIANCE,2026-08-20,1316.5,1307.0,1313.2,2026-10-05
RELIANCE,2026-08-21,1316.0,1308.0,1316.0,2026-10-05
RELIANCE,2026-08-24,1320.0,1302.4,1309.8,2026-10-05
RELIANCE,2026-08-25,1317.1,1300.0,1317.0,2026-10-05
RELIANCE,2026-08-26,1315.6,1298.0,1298.0,2026-10-05
RELIANCE,2026-08-27,1308.4,1282.2,1282.2,2026-10-05
RELIANCE,2026-08-28,1291.8,1280.0,1287.0,2026-10-05
RELIANCE,2026-08-31,1297.6,1271.0,1277.0,2026-10-05
RELIANCE,2026-09-01,1311.8,1280.0,1309.0,2026-10-05
RELIANCE,2026-09-02,1321.9,1293.1,1313.1,2026-10-05
RELIANCE,2026-09-03,1316.8,1302.5,1302.5,2026-10-05
RELIANCE,2026-09-04,1333.0,1304.1,1322.0,2026-10-05
RELIANCE,2026-09-07,1324.2,1301.9,1309.5,2026-10-05
RELIANCE,2026-09-08,1306.8,1288.0,1294.9,2026-10-05
RELIANCE,2026-09-09,1294.7,1277.2,1279.0,2026-10-05
RELIANCE,2026-09-10,1285.3,1266.3,1274.0,2026-10-05
RELIANCE,2026-09-11,1267.4,1253.0,1257.5,2026-10-05
RELIANCE,2026-09-15,1259.4,1235.3,1235.3,2026-10-05
RELIANCE,2026-09-16,1255.0,1240.0,1240.0,2026-10-05
RELIANCE,2026-09-17,1253.4,1238.5,1243.9,2026-10-05
RELIANCE,2026-09-18,1247.3,1226.4,1226.4,2026-10-05
RELIANCE,2026-09-21,1249.1,1232.5,1247.4,2026-10-05
RELIANCE,2026-09-22,1251.9,1237.4,1240.4,2026-10-05
RELIANCE,2026-09-23,1252.8,1238.9,1248.0,2026-10-05
RELIANCE,2026-09-24,1241.6,1219.2,1219.2,2026-10-05
RELIANCE,2026-09-25,1227.4,1210.5,1226.0,2026-10-05
RELIANCE,2026-09-28,1219.7,1197.0,1197.6,2026-10-05
RELIANCE,2026-09-29,1198.3,1181.8,1182.0,2026-10-05
RELIANCE,2026-09-30,1196.5,1181.7,1187.0,2026-10-05
RELIANCE,2026-10-01,1183.9,1160.8,1167.7,2026-10-05
RVNL,2026-08-20,231.2,224.67,227.9,2026-10-05
RVNL,2026-08-21,231.38,225.3,225.3,2026-10-05
RVNL,2026-08-24,227.89,221.25,221.7,2026-10-05
RVNL,2026-08-25,224.1,217.02,218.4,2026-10-05
RVNL,2026-08-26,223.29,219.78,221.39,2026-10-05
RVNL,2026-08-27,221.8,215.11,216.0,2026-10-05
RVNL,2026-08-28,217.1,214.0,214.22,2026-10-05
RVNL,2026-08-31,214.21,209.5,210.0,2026-10-05
RVNL,2026-09-01,212.23,208.0,208.38,2026-10-05
RVNL,2026-09-02,207.0,203.83,206.0,2026-10-05
RVNL,2026-09-03,211.52,207.2,209.3,2026-10-05
RVNL,2026-09-04,214.18,209.62,212.49,2026-10-05
RVNL,2026-09-07,216.45,209.36,210.05,2026-10-05
RVNL,2026-09-08,211.3,207.0,207.5,2026-10-05
RVNL,2026-09-09,209.45,206.11,207.0,2026-10-05
RVNL,2026-09-10,211.25,205.0,205.6,2026-10-05
RVNL,2026-09-11,204.99,202.04,204.9,2026-10-05
RVNL,2026-09-15,207.0,198.29,199.0,2026-10-05
RVNL,2026-09-16,200.19,195.15,197.5,2026-10-05
RVNL,2026-09-17,201.9,196.5,201.7,2026-10-05
RVNL,2026-09-18,214.29,200.78,214.29,2026-10-05
RVNL,2026-09-21,214.28,209.35,209.71,2026-10-05
RVNL,2026-09-22,213.3,209.63,211.15,2026-10-05
RVNL,2026-09-23,213.86,210.45,211.77,2026-10-05
RVNL,2026-09-24,210.1,205.26,206.0,2026-10-05
RVNL,2026-09-25,207.33,203.92,207.0,2026-10-05
RVNL,2026-09-28,206.38,202.0,202.75,2026-10-05
RVNL,2026-09-29,202.0,195.32,197.9,2026-10-05
RVNL,2026-09-30,209.65,198.25,201.76,2026-10-05
RVNL,2026-10-01,202.45,194.05,197.0,2026-10-05
SAIL,2026-08-20,176.43,173.41,174.9,2026-10-05
SAIL,2026-08-21,177.0,173.02,173.46,2026-10-05
SAIL,2026-08-24,180.96,174.71,179.65,2026-10-05
SAIL,2026-08-25,186.89,180.3,184.59,2026-10-05
SAIL,2026-08-26,196.5,182.4,194.9,2026-10-05
SAIL,2026-08-27,195.9,187.5,193.0,2026-10-05
SAIL,2026-08-28,200.96,192.55,200.0,2026-10-05
SAIL,2026-08-31,200.39,195.0,195.0,2026-10-05
SAIL,2026-09-01,200.8,190.25,193.0,2026-10-05
SAIL,2026-09-02,198.39,190.27,196.5,2026-10-05
SAIL,2026-09-03,200.04,194.26,197.0,2026-10-05
SAIL,2026-09-04,200.1,194.3,196.8,2026-10-05
SAIL,2026-09-07,196.99,187.3,187.9,2026-10-05
SAIL,2026-09-08,190.8,186.05,186.1,2026-10-05
SAIL,2026-09-09,189.4,185.36,186.4,2026-10-05
SAIL,2026-09-10,187.03,183.1,183.75,2026-10-05
SAIL,2026-09-11,182.43,178.65,179.0,2026-10-05
SAIL,2026-09-15,180.0,172.92,173.0,2026-10-05
SAIL,2026-09-16,174.9,170.5,173.55,2026-10-05
SAIL,2026-09-17,176.25,173.0,175.01,2026-10-05
SAIL,2026-09-18,179.8,176.03,177.33,2026-10-05
SAIL,2026-09-21,179.8,175.1,177.3,2026-10-05
SAIL,2026-09-22,178.29,174.0,174.01,2026-10-05
SAIL,2026-09-23,185.7,174.5,185.44,2026-10-05
SAIL,2026-09-24,191.36,182.15,184.0,2026-10-05
SAIL,2026-09-25,186.05,182.77,185.0,2026-10-05
SAIL,2026-09-28,188.22,182.76,184.2,2026-10-05
SAIL,2026-09-29,186.86,181.21,181.82,2026-10-05
SAIL,2026-09-30,186.0,180.26,181.49,2026-10-05
SAIL,2026-10-01,181.67,170.67,174.5,2026-10-05
SBICARD,2026-08-20,654.35,626.75,647.05,2026-10-05
SBICARD,2026-08-21,649.0,636.4,649.0,2026-10-05
SBICARD,2026-08-24,656.6,642.95,650.3,2026-10-05
SBICARD,2026-08-25,654.6,645.75,651.0,2026-10-05
SBICARD,2026-08-26,666.3,647.25,660.1,2026-10-05
SBICARD,2026-08-27,665.5,644.45,645.0,2026-10-05
SBICARD,2026-08-28,649.4,638.0,641.05,2026-10-05
SBICARD,2026-08-31,668.45,632.9,644.75,2026-10-05
SBICARD,2026-09-01,660.35,628.4,632.4,2026-10-05
SBICARD,2026-09-02,642.3,622.2,635.15,2026-10-05
SBICARD,2026-09-03,667.4,641.0,661.0,2026-10-05
SBICARD,2026-09-04,668.7,656.3,658.25,2026-10-05
SBICARD,2026-09-07,674.65,648.75,674.65,2026-10-05
SBICARD,2026-09-08,675.0,661.35,668.0,2026-10-05
SBICARD,2026-09-09,674.45,657.25,668.4,2026-10-05
SBICARD,2026-09-10,671.0,660.55,666.3,2026-10-05
SBICARD,2026-09-11,665.15,650.05,655.2,2026-10-05
SBICARD,2026-09-15,655.75,617.1,618.6,2026-10-05
SBICARD,2026-09-16,629.3,612.6,618.1,2026-10-05
SBICARD,2026-09-17,641.55,616.0,636.95,2026-10-05
SBICARD,2026-09-18,651.15,630.7,651.15,2026-10-05
SBICARD,2026-09-21,643.65,636.2,637.0,2026-10-05
SBICARD,2026-09-22,642.65,630.65,634.95,2026-10-05
SBICARD,2026-09-23,639.85,633.35,635.0,2026-10-05
SBICARD,2026-09-24,642.3,616.2,618.4,2026-10-05
SBICARD,2026-09-25,621.65,606.7,611.2,2026-10-05
SBICARD,2026-09-28,610.0,590.5,591.0,2026-10-05
SBICARD,2026-09-29,594.0,581.0,581.0,2026-10-05
SBICARD,2026-09-30,591.25,578.05,578.05,2026-10-05
SBICARD,2026-10-01,582.5,560.15,563.2,2026-10-05
SBILIFE,2026-08-20,1792.5,1775.4,1782.0,2026-10-05
SBILIFE,2026-08-21,1795.3,1766.2,1792.9,2026-10-05
SBILIFE,2026-08-24,1801.7,1759.1,1761.8,2026-10-05
SBILIFE,2026-08-25,1774.4,1751.2,1755.0,2026-10-05
SBILIFE,2026-08-26,1789.0,1760.5,1768.2,2026-10-05
SBILIFE,2026-08-27,1798.9,1766.5,1773.2,2026-10-05
SBILIFE,2026-08-28,1782.0,1747.8,1761.1,2026-10-05
SBILIFE,2026-08-31,1761.1,1739.0,1740.5,2026-10-05
SBILIFE,2026-09-01,1753.4,1728.6,1739.3,2026-10-05
SBILIFE,2026-09-02,1738.4,1716.0,1719.9,2026-10-05
SBILIFE,2026-09-03,1741.9,1708.9,1715.0,2026-10-05
SBILIFE,2026-09-04,1775.0,1707.4,1775.0,2026-10-05
SBILIFE,2026-09-07,1775.0,1727.8,1732.0,2026-10-05
SBILIFE,2026-09-08,1739.9,1696.6,1696.6,2026-10-05
SBILIFE,2026-09-09,1703.6,1676.0,1684.0,2026-10-05
SBILIFE,2026-09-10,1706.2,1674.5,1700.6,2026-10-05
SBILIFE,2026-09-11,1697.7,1671.0,1684.7,2026-10-05
SBILIFE,2026-09-15,1683.1,1652.9,1654.1,2026-10-05
SBILIFE,2026-09-16,1705.0,1656.4,1697.9,2026-10-05
SBILIFE,2026-09-17,1771.1,1689.0,1766.9,2026-10-05
SBILIFE,2026-09-18,1770.0,1731.0,1731.0,2026-10-05
SBILIFE,2026-09-21,1774.4,1734.3,1756.0,2026-10-05
SBILIFE,2026-09-22,1772.7,1740.0,1756.3,2026-10-05
SBILIFE,2026-09-23,1770.1,1744.4,1760.0,2026-10-05
SBILIFE,2026-09-24,1791.4,1699.9,1755.0,2026-10-05
SBILIFE,2026-09-25,1758.4,1732.3,1742.0,2026-10-05
SBILIFE,2026-09-28,1752.8,1725.0,1728.1,2026-10-05
SBILIFE,2026-09-29,1746.0,1711.0,1735.0,2026-10-05
SBILIFE,2026-09-30,1729.5,1681.0,1696.4,2026-10-05
SBILIFE,2026-10-01,1730.3,1674.8,1721.6,2026-10-05
SBIN,2026-08-20,1052.9,1045.7,1048.0,2026-10-05
SBIN,2026-08-21,1054.7,1040.1,1048.7,2026-10-05
SBIN,2026-08-24,1047.9,1032.1,1039.5,2026-10-05
SBIN,2026-08-25,1048.0,1031.3,1048.0,2026-10-05
SBIN,2026-08-26,1062.3,1051.2,1052.0,2026-10-05
SBIN,2026-08-27,1054.4,1042.9,1042.9,2026-10-05
SBIN,2026-08-28,1051.2,1040.5,1047.5,2026-10-05
SBIN,2026-08-31,1060.0,1034.5,1060.0,2026-10-05
SBIN,2026-09-01,1051.3,1027.1,1034.5,2026-10-05
SBIN,2026-09-02,1035.3,1017.3,1020.9,2026-10-05
SBIN,2026-09-03,1036.0,1021.1,1023.4,2026-10-05
SBIN,2026-09-04,1029.2,1016.1,1016.1,2026-10-05
SBIN,2026-09-07,1021.7,1000.6,1005.9,2026-10-05
SBIN,2026-09-08,1011.2,1002.1,1008.0,2026-10-05
SBIN,2026-09-09,1012.2,992.4,1000.5,2026-10-05
SBIN,2026-09-10,1011.9,1001.0,1009.7,2026-10-05
SBIN,2026-09-11,1001.9,993.0,995.7,2026-10-05
SBIN,2026-09-15,999.8,968.0,968.0,2026-10-05
SBIN,2026-09-16,991.4,973.2,991.4,2026-10-05
SBIN,2026-09-17,1000.9,985.2,988.7,2026-10-05
SBIN,2026-09-18,996.2,985.1,996.2,2026-10-05
SBIN,2026-09-21,997.5,989.1,996.0,2026-10-05
SBIN,2026-09-22,1000.1,981.3,987.0,2026-10-05
SBIN,2026-09-23,996.4,986.4,994.1,2026-10-05
SBIN,2026-09-24,992.0,975.8,978.5,2026-10-05
SBIN,2026-09-25,985.7,977.0,983.0,2026-10-05
SBIN,2026-09-28,982.5,956.1,962.0,2026-10-05
SBIN,2026-09-29,968.1,953.0,964.7,2026-10-05
SBIN,2026-09-30,972.8,959.5,959.5,2026-10-05
SBIN,2026-10-01,965.4,945.8,954.1,2026-10-05
SHREECEM,2026-08-20,24700.0,24245.0,24300.0,2026-10-05
SHREECEM,2026-08-21,24355.0,24070.0,24280.0,2026-10-05
SHREECEM,2026-08-24,24365.0,23880.0,24020.0,2026-10-05
SHREECEM,2026-08-25,24500.0,24005.0,24440.0,2026-10-05
SHREECEM,2026-08-26,25255.0,24510.0,24865.0,2026-10-05
SHREECEM,2026-08-27,24945.0,24425.0,24480.0,2026-10-05
SHREECEM,2026-08-28,24485.0,23900.0,24000.0,2026-10-05
SHREECEM,2026-08-31,23990.0,23200.0,23200.0,2026-10-05
SHREECEM,2026-09-01,23800.0,23310.0,23490.0,2026-10-05
SHREECEM,2026-09-02,23680.0,23060.0,23680.0,2026-10-05
SHREECEM,2026-09-03,24050.0,23575.0,23910.0,2026-10-05
SHREECEM,2026-09-04,24140.0,23780.0,23855.0,2026-10-05
SHREECEM,2026-09-07,23920.0,23365.0,23365.0,2026-10-05
SHREECEM,2026-09-08,23560.0,23130.0,23160.0,2026-10-05
SHREECEM,2026-09-09,23240.0,22900.0,22950.0,2026-10-05
SHREECEM,2026-09-10,22990.0,22700.0,22785.0,2026-10-05
SHREECEM,2026-09-11,22680.0,22370.0,22570.0,2026-10-05
SHREECEM,2026-09-15,22660.0,21905.0,21905.0,2026-10-05
SHREECEM,2026-09-16,22235.0,21665.0,21795.0,2026-10-05
SHREECEM,2026-09-17,22080.0,21685.0,21960.0,2026-10-05
SHREECEM,2026-09-18,23000.0,22100.0,22600.0,2026-10-05
SHREECEM,2026-09-21,22700.0,22355.0,22550.0,2026-10-05
SHREECEM,2026-09-22,22650.0,22165.0,22200.0,2026-10-05
SHREECEM,2026-09-23,22500.0,22210.0,22500.0,2026-10-05
SHREECEM,2026-09-24,22725.0,22170.0,22350.0,2026-10-05
SHREECEM,2026-09-25,22520.0,22225.0,22520.0,2026-10-05
SHREECEM,2026-09-28,22340.0,22055.0,22170.0,2026-10-05
SHREECEM,2026-09-29,22360.0,21550.0,21900.0,2026-10-05
SHREECEM,2026-09-30,22400.0,21900.0,22345.0,2026-10-05
SHREECEM,2026-10-01,22275.0,21355.0,21900.0,2026-10-05
SHRIRAMFIN,2026-08-20,1135.4,1115.5,1128.2,2026-10-05
SHRIRAMFIN,2026-08-21,1140.0,1127.3,1130.0,2026-10-05
SHRIRAMFIN,2026-08-24,1137.3,1112.0,1119.0,2026-10-05
SHRIRAMFIN,2026-08-25,1138.5,1112.0,1138.5,2026-10-05
SHRIRAMFIN,2026-08-26,1142.0,1105.0,1117.5,2026-10-05
SHRIRAMFIN,2026-08-27,1127.5,1091.5,1101.0,2026-10-05
SHRIRAMFIN,2026-08-28,1106.7,1083.2,1086.9,2026-10-05
SHRIRAMFIN,2026-08-31,1109.9,1060.1,1109.9,2026-10-05
SHRIRAMFIN,2026-09-01,1099.0,1050.6,1059.1,2026-10-05
SHRIRAMFIN,2026-09-02,1048.0,1026.1,1047.0,2026-10-05
SHRIRAMFIN,2026-09-03,1068.9,1038.6,1044.2,2026-10-05
SHRIRAMFIN,2026-09-04,1052.8,1037.0,1041.0,2026-10-05
SHRIRAMFIN,2026-09-07,1046.1,1029.3,1037.0,2026-10-05
SHRIRAMFIN,2026-09-08,1031.9,1017.2,1029.0,2026-10-05
SHRIRAMFIN,2026-09-09,1034.8,1013.0,1029.0,2026-10-05
SHRIRAMFIN,2026-09-10,1039.0,1020.9,1038.0,2026-10-05
SHRIRAMFIN,2026-09-11,1034.5,1013.2,1028.6,2026-10-05
SHRIRAMFIN,2026-09-15,1044.9,979.8,979.8,2026-10-05
SHRIRAMFIN,2026-09-16,990.3,972.6,979.0,2026-10-05
SHRIRAMFIN,2026-09-17,1005.5,978.3,995.0,2026-10-05
SHRIRAMFIN,2026-09-18,1019.0,1000.5,1010.0,2026-10-05
SHRIRAMFIN,2026-09-21,1019.0,1005.3,1011.8,2026-10-05
SHRIRAMFIN,2026-09-22,1016.6,995.5,1006.0,2026-10-05
SHRIRAMFIN,2026-09-23,1018.0,1005.5,1010.8,2026-10-05
SHRIRAMFIN,2026-09-24,1008.6,983.4,990.0,2026-10-05
SHRIRAMFIN,2026-09-25,1002.0,986.4,994.1,2026-10-05
SHRIRAMFIN,2026-09-28,991.3,970.0,976.3,2026-10-05
SHRIRAMFIN,2026-09-29,986.2,967.9,971.5,2026-10-05
SHRIRAMFIN,2026-09-30,987.0,965.1,982.7,2026-10-05
SHRIRAMFIN,2026-10-01,975.0,936.0,945.0,2026-10-05
SIEMENS,2026-08-20,3954.8,3880.0,3880.0,2026-10-05
SIEMENS,2026-08-21,3960.0,3879.9,3920.0,2026-10-05
SIEMENS,2026-08-24,4118.2,3903.3,4114.0,2026-10-05
SIEMENS,2026-08-25,4149.4,4060.0,4090.5,2026-10-05
SIEMENS,2026-08-26,4117.0,4042.1,4043.0,2026-10-05
SIEMENS,2026-08-27,4128.8,4050.0,4095.0,2026-10-05
SIEMENS,2026-08-28,4113.0,4060.0,4089.0,2026-10-05
SIEMENS,2026-08-31,4068.7,3997.0,4030.0,2026-10-05
SIEMENS,2026-09-01,4093.2,3975.1,4030.0,2026-10-05
SIEMENS,2026-09-02,4029.0,3966.2,4018.9,2026-10-05
SIEMENS,2026-09-03,4111.9,4008.1,4030.0,2026-10-05
SIEMENS,2026-09-04,4042.0,3974.1,3977.0,2026-10-05
SIEMENS,2026-09-07,3998.1,3904.1,3927.0,2026-10-05
SIEMENS,2026-09-08,3998.8,3911.0,3951.3,2026-10-05
SIEMENS,2026-09-09,4003.0,3911.8,3949.1,2026-10-05
SIEMENS,2026-09-10,3987.9,3905.2,3954.4,2026-10-05
SIEMENS,2026-09-11,3957.0,3858.4,3957.0,2026-10-05
SIEMENS,2026-09-15,3964.0,3770.0,3770.0,2026-10-05
SIEMENS,2026-09-16,3799.3,3682.4,3742.0,2026-10-05
SIEMENS,2026-09-17,3817.4,3742.0,3763.5,2026-10-05
SIEMENS,2026-09-18,3913.9,3770.0,3913.9,2026-10-05
SIEMENS,2026-09-21,3919.0,3851.5,3887.0,2026-10-05
SIEMENS,2026-09-22,3954.3,3850.1,3858.0,2026-10-05
SIEMENS,2026-09-23,3903.0,3828.0,3886.0,2026-10-05
SIEMENS,2026-09-24,3878.3,3825.0,3841.8,2026-10-05
SIEMENS,2026-09-25,3881.6,3828.1,3877.0,2026-10-05
SIEMENS,2026-09-28,3862.7,3772.0,3785.5,2026-10-05
SIEMENS,2026-09-29,3814.6,3710.0,3710.0,2026-10-05
SIEMENS,2026-09-30,3789.1,3720.0,3725.6,2026-10-05
SIEMENS,2026-10-01,3804.0,3709.5,3804.0,2026-10-05
SOLARINDS,2026-08-20,19865.0,19190.0,19760.0,2026-10-05
SOLARINDS,2026-08-21,20093.0,19651.0,19900.0,2026-10-05
SOLARINDS,2026-08-24,19985.0,19612.0,19925.0,2026-10-05
SOLARINDS,2026-08-25,19925.0,19665.0,19800.0,2026-10-05
SOLARINDS,2026-08-26,20276.0,19770.0,20097.0,2026-10-05
SOLARINDS,2026-08-27,20649.0,20082.0,20580.0,2026-10-05
SOLARINDS,2026-08-28,20672.0,20247.0,20400.0,2026-10-05
SOLARINDS,2026-08-31,20400.0,19959.0,20108.0,2026-10-05
SOLARINDS,2026-09-01,20270.0,19930.0,20060.0,2026-10-05
SOLARINDS,2026-09-02,20610.0,19810.0,20600.0,2026-10-05
SOLARINDS,2026-09-03,21645.0,20630.0,21500.0,2026-10-05
SOLARINDS,2026-09-04,21695.0,21345.0,21445.0,2026-10-05
SOLARINDS,2026-09-07,22200.0,21450.0,21950.0,2026-10-05
SOLARINDS,2026-09-08,22495.0,21925.0,22455.0,2026-10-05
SOLARINDS,2026-09-09,22625.0,22230.0,22355.0,2026-10-05
SOLARINDS,2026-09-10,22495.0,22180.0,22370.0,2026-10-05
SOLARINDS,2026-09-11,22500.0,22130.0,22290.0,2026-10-05
SOLARINDS,2026-09-15,22700.0,19065.0,19250.0,2026-10-05
SOLARINDS,2026-09-16,19460.0,18480.0,18900.0,2026-10-05
SOLARINDS,2026-09-17,19075.0,18590.0,18815.0,2026-10-05
SOLARINDS,2026-09-18,19080.0,18555.0,18555.0,2026-10-05
SOLARINDS,2026-09-21,19370.0,18730.0,19265.0,2026-10-05
SOLARINDS,2026-09-22,20225.0,19315.0,19890.0,2026-10-05
SOLARINDS,2026-09-23,20370.0,19625.0,19730.0,2026-10-05
SOLARINDS,2026-09-24,19860.0,19450.0,19480.0,2026-10-05
SOLARINDS,2026-09-25,19890.0,19455.0,19745.0,2026-10-05
SOLARINDS,2026-09-28,19750.0,18970.0,19150.0,2026-10-05
SOLARINDS,2026-09-29,19400.0,18650.0,18650.0,2026-10-05
SOLARINDS,2026-09-30,19820.0,19030.0,19700.0,2026-10-05
SOLARINDS,2026-10-01,19673.0,18786.0,19400.0,2026-10-05
SONACOMS,2026-08-20,844.0,820.4,821.9,2026-10-05
SONACOMS,2026-08-21,822.05,802.2,817.6,2026-10-05
SONACOMS,2026-08-24,824.3,806.1,813.5,2026-10-05
SONACOMS,2026-08-25,814.0,803.0,808.8,2026-10-05
SONACOMS,2026-08-26,811.95,795.0,795.0,2026-10-05
SONACOMS,2026-08-27,819.0,795.0,819.0,2026-10-05
SONACOMS,2026-08-28,824.6,803.05,815.0,2026-10-05
SONACOMS,2026-08-31,820.5,799.4,813.05,2026-10-05
SONACOMS,2026-09-01,821.5,798.55,809.5,2026-10-05
SONACOMS,2026-09-02,803.0,773.4,782.65,2026-10-05
SONACOMS,2026-09-03,804.9,785.05,800.0,2026-10-05
SONACOMS,2026-09-04,805.5,783.2,789.0,2026-10-05
SONACOMS,2026-09-07,790.85,778.0,788.0,2026-10-05
SONACOMS,2026-09-08,805.9,778.2,804.0,2026-10-05
SONACOMS,2026-09-09,806.4,792.55,799.5,2026-10-05
SONACOMS,2026-09-10,813.15,792.2,803.5,2026-10-05
SONACOMS,2026-09-11,799.95,786.9,788.0,2026-10-05
SONACOMS,2026-09-15,793.9,777.45,790.0,2026-10-05
SONACOMS,2026-09-16,794.65,767.0,768.0,2026-10-05
SONACOMS,2026-09-17,791.25,759.05,777.9,2026-10-05
SONACOMS,2026-09-18,812.0,780.2,808.0,2026-10-05
SONACOMS,2026-09-21,817.2,793.2,795.25,2026-10-05
SONACOMS,2026-09-22,809.0,794.05,809.0,2026-10-05
SONACOMS,2026-09-23,833.0,804.75,833.0,2026-10-05
SONACOMS,2026-09-24,837.0,814.7,816.3,2026-10-05
SONACOMS,2026-09-25,835.4,815.4,824.5,2026-10-05
SONACOMS,2026-09-28,827.9,805.1,807.9,2026-10-05
SONACOMS,2026-09-29,827.8,797.7,815.65,2026-10-05
SONACOMS,2026-09-30,837.0,816.4,830.0,2026-10-05
SONACOMS,2026-10-01,828.55,783.65,805.0,2026-10-05
SRF,2026-08-20,2595.2,2570.0,2574.5,2026-10-05
SRF,2026-08-21,2589.3,2568.2,2571.9,2026-10-05
SRF,2026-08-24,2590.0,2568.0,2580.8,2026-10-05
SRF,2026-08-25,2589.0,2543.5,2575.0,2026-10-05
SRF,2026-08-26,2596.0,2564.2,2583.0,2026-10-05
SRF,2026-08-27,2627.0,2592.1,2605.0,2026-10-05
SRF,2026-08-28,2615.0,2582.0,2589.9,2026-10-05
SRF,2026-08-31,2595.7,2552.0,2560.4,2026-10-05
SRF,2026-09-01,2600.0,2558.2,2592.0,2026-10-05
SRF,2026-09-02,2598.4,2557.1,2598.4,2026-10-05
SRF,2026-09-03,2648.0,2597.2,2617.0,2026-10-05
SRF,2026-09-04,2631.1,2532.2,2547.0,2026-10-05
SRF,2026-09-07,2560.0,2526.5,2546.0,2026-10-05
SRF,2026-09-08,2546.0,2517.0,2522.0,2026-10-05
SRF,2026-09-09,2532.0,2509.7,2520.0,2026-10-05
SRF,2026-09-10,2551.7,2504.0,2519.0,2026-10-05
SRF,2026-09-11,2508.0,2460.0,2482.4,2026-10-05
SRF,2026-09-15,2490.7,2450.0,2455.2,2026-10-05
SRF,2026-09-16,2508.5,2444.5,2480.1,2026-10-05
SRF,2026-09-17,2554.0,2501.0,2536.0,2026-10-05
SRF,2026-09-18,2569.9,2512.0,2512.0,2026-10-05
SRF,2026-09-21,2563.0,2530.9,2540.0,2026-10-05
SRF,2026-09-22,2554.3,2526.4,2538.3,2026-10-05
SRF,2026-09-23,2562.0,2540.0,2550.0,2026-10-05
SRF,2026-09-24,2558.8,2515.2,2533.8,2026-10-05
SRF,2026-09-25,2540.0,2495.1,2540.0,2026-10-05
SRF,2026-09-28,2527.3,2487.4,2491.5,2026-10-05
SRF,2026-09-29,2498.7,2417.9,2420.1,2026-10-05
SRF,2026-09-30,2502.1,2450.3,2472.5,2026-10-05
SRF,2026-10-01,2494.9,2431.7,2486.2,2026-10-05
SUNPHARMA,2026-08-20,1911.6,1890.3,1904.0,2026-10-05
SUNPHARMA,2026-08-21,1917.4,1882.8,1902.4,2026-10-05
SUNPHARMA,2026-08-24,1923.0,1892.6,1910.0,2026-10-05
SUNPHARMA,2026-08-25,1922.0,1896.2,1922.0,2026-10-05
SUNPHARMA,2026-08-26,1926.9,1899.5,1899.5,2026-10-05
SUNPHARMA,2026-08-27,1925.0,1898.0,1913.3,2026-10-05
SUNPHARMA,2026-08-28,1931.0,1903.8,1920.0,2026-10-05
SUNPHARMA,2026-08-31,1984.8,1905.0,1984.8,2026-10-05
SUNPHARMA,2026-09-01,1963.1,1921.1,1929.0,2026-10-05
SUNPHARMA,2026-09-02,1948.5,1910.0,1931.7,2026-10-05
SUNPHARMA,2026-09-03,1936.8,1913.0,1916.0,2026-10-05
SUNPHARMA,2026-09-04,1917.3,1895.0,1899.0,2026-10-05
SUNPHARMA,2026-09-07,1907.8,1883.1,1895.0,2026-10-05
SUNPHARMA,2026-09-08,1895.6,1876.8,1885.9,2026-10-05
SUNPHARMA,2026-09-09,1898.6,1864.9,1864.9,2026-10-05
SUNPHARMA,2026-09-10,1875.3,1840.5,1861.0,2026-10-05
SUNPHARMA,2026-09-11,1854.5,1834.0,1840.0,2026-10-05
SUNPHARMA,2026-09-15,1856.8,1828.0,1835.0,2026-10-05
SUNPHARMA,2026-09-16,1857.4,1837.0,1853.5,2026-10-05
SUNPHARMA,2026-09-17,1867.3,1847.4,1867.3,2026-10-05
SUNPHARMA,2026-09-18,1877.2,1837.3,1837.3,2026-10-05
SUNPHARMA,2026-09-21,1891.5,1832.2,1868.9,2026-10-05
SUNPHARMA,2026-09-22,1876.4,1842.3,1846.4,2026-10-05
SUNPHARMA,2026-09-23,1869.6,1844.0,1865.0,2026-10-05
SUNPHARMA,2026-09-24,1880.0,1848.4,1849.9,2026-10-05
SUNPHARMA,2026-09-25,1858.7,1841.6,1852.2,2026-10-05
SUNPHARMA,2026-09-28,1856.6,1838.0,1838.0,2026-10-05
SUNPHARMA,2026-09-29,1865.0,1836.6,1865.0,2026-10-05
SUNPHARMA,2026-09-30,1863.6,1814.2,1816.6,2026-10-05
SUNPHARMA,2026-10-01,1828.7,1792.6,1801.0,2026-10-05
SUPREMEIND,2026-08-20,3674.9,3602.0,3650.0,2026-10-05
SUPREMEIND,2026-08-21,3674.8,3606.0,3642.0,2026-10-05
SUPREMEIND,2026-08-24,3660.0,3601.0,3601.0,2026-10-05
SUPREMEIND,2026-08-25,3614.3,3563.3,3593.0,2026-10-05
SUPREMEIND,2026-08-26,3600.0,3540.0,3540.0,2026-10-05
SUPREMEIND,2026-08-27,3633.5,3540.0,3585.0,2026-10-05
SUPREMEIND,2026-08-28,3710.0,3581.1,3636.9,2026-10-05
SUPREMEIND,2026-08-31,3681.0,3559.0,3559.0,2026-10-05
SUPREMEIND,2026-09-01,3661.4,3563.3,3605.0,2026-10-05
SUPREMEIND,2026-09-02,3584.1,3506.0,3530.6,2026-10-05
SUPREMEIND,2026-09-03,3558.4,3472.6,3508.1,2026-10-05
SUPREMEIND,2026-09-04,3526.4,3475.0,3475.0,2026-10-05
SUPREMEIND,2026-09-07,3603.1,3470.1,3598.0,2026-10-05
SUPREMEIND,2026-09-08,3598.0,3521.7,3553.0,2026-10-05
SUPREMEIND,2026-09-09,3561.4,3493.8,3516.9,2026-10-05
SUPREMEIND,2026-09-10,3512.2,3477.1,3510.0,2026-10-05
SUPREMEIND,2026-09-11,3499.1,3364.4,3364.4,2026-10-05
SUPREMEIND,2026-09-15,3413.9,3300.0,3300.0,2026-10-05
SUPREMEIND,2026-09-16,3346.6,3270.0,3300.0,2026-10-05
SUPREMEIND,2026-09-17,3381.4,3300.0,3344.4,2026-10-05
SUPREMEIND,2026-09-18,3580.3,3347.4,3580.3,2026-10-05
SUPREMEIND,2026-09-21,3563.3,3488.8,3500.0,2026-10-05
SUPREMEIND,2026-09-22,3511.2,3435.9,3460.5,2026-10-05
SUPREMEIND,2026-09-23,3513.0,3465.1,3497.1,2026-10-05
SUPREMEIND,2026-09-24,3495.3,3429.0,3434.0,2026-10-05
SUPREMEIND,2026-09-25,3555.0,3426.2,3550.0,2026-10-05
SUPREMEIND,2026-09-28,3560.7,3460.0,3499.8,2026-10-05
SUPREMEIND,2026-09-29,3499.0,3444.0,3445.8,2026-10-05
SUPREMEIND,2026-09-30,3545.0,3446.1,3451.0,2026-10-05
SUPREMEIND,2026-10-01,3440.0,3286.9,3380.0,2026-10-05
SUZLON,2026-08-20,47.55,46.8,47.0,2026-10-05
SUZLON,2026-08-21,47.34,46.6,46.71,2026-10-05
SUZLON,2026-08-24,47.06,46.6,47.05,2026-10-05
SUZLON,2026-08-25,47.16,46.25,46.75,2026-10-05
SUZLON,2026-08-26,47.4,46.88,46.94,2026-10-05
SUZLON,2026-08-27,47.39,46.37,46.81,2026-10-05
SUZLON,2026-08-28,47.05,46.5,46.79,2026-10-05
SUZLON,2026-08-31,47.52,45.92,47.52,2026-10-05
SUZLON,2026-09-01,47.5,46.25,46.5,2026-10-05
SUZLON,2026-09-02,46.39,45.46,45.46,2026-10-05
SUZLON,2026-09-03,46.38,45.55,46.03,2026-10-05
SUZLON,2026-09-04,46.37,45.03,45.35,2026-10-05
SUZLON,2026-09-07,45.55,44.85,45.55,2026-10-05
SUZLON,2026-09-08,45.77,45.27,45.5,2026-10-05
SUZLON,2026-09-09,46.4,45.3,45.45,2026-10-05
SUZLON,2026-09-10,45.68,44.1,44.22,2026-10-05
SUZLON,2026-09-11,44.5,43.21,44.12,2026-10-05
SUZLON,2026-09-15,44.97,42.58,42.9,2026-10-05
SUZLON,2026-09-16,42.9,41.76,42.15,2026-10-05
SUZLON,2026-09-17,42.9,42.01,42.54,2026-10-05
SUZLON,2026-09-18,43.75,42.67,43.14,2026-10-05
SUZLON,2026-09-21,43.63,43.11,43.34,2026-10-05
SUZLON,2026-09-22,44.22,42.91,43.0,2026-10-05
SUZLON,2026-09-23,43.21,41.62,42.39,2026-10-05
SUZLON,2026-09-24,42.24,40.55,40.74,2026-10-05
SUZLON,2026-09-25,41.09,40.11,40.8,2026-10-05
SUZLON,2026-09-28,40.93,39.52,39.66,2026-10-05
SUZLON,2026-09-29,39.87,38.9,39.5,2026-10-05
SUZLON,2026-09-30,39.99,39.2,39.49,2026-10-05
SUZLON,2026-10-01,39.63,38.4,38.91,2026-10-05
SWIGGY,2026-08-20,285.4,273.75,279.0,2026-10-05
SWIGGY,2026-08-21,285.35,276.3,282.5,2026-10-05
SWIGGY,2026-08-24,284.8,281.25,284.25,2026-10-05
SWIGGY,2026-08-25,291.0,282.0,287.4,2026-10-05
SWIGGY,2026-08-26,293.0,286.55,286.55,2026-10-05
SWIGGY,2026-08-27,289.9,282.2,284.7,2026-10-05
SWIGGY,2026-08-28,284.7,280.1,280.5,2026-10-05
SWIGGY,2026-08-31,281.9,276.15,281.9,2026-10-05
SWIGGY,2026-09-01,281.3,275.0,275.0,2026-10-05
SWIGGY,2026-09-02,270.1,264.55,267.7,2026-10-05
SWIGGY,2026-09-03,275.25,261.35,269.3,2026-10-05
SWIGGY,2026-09-04,284.4,269.3,276.1,2026-10-05
SWIGGY,2026-09-07,280.5,274.65,276.45,2026-10-05
SWIGGY,2026-09-08,280.0,274.6,275.7,2026-10-05
SWIGGY,2026-09-09,285.55,271.8,282.75,2026-10-05
SWIGGY,2026-09-10,284.45,278.6,279.0,2026-10-05
SWIGGY,2026-09-11,281.45,275.3,278.2,2026-10-05
SWIGGY,2026-09-15,282.0,275.0,275.0,2026-10-05
SWIGGY,2026-09-16,277.7,269.45,270.5,2026-10-05
SWIGGY,2026-09-17,278.65,271.0,276.5,2026-10-05
SWIGGY,2026-09-18,280.0,273.05,273.05,2026-10-05
SWIGGY,2026-09-21,281.85,271.15,272.7,2026-10-05
SWIGGY,2026-09-22,284.25,272.8,284.05,2026-10-05
SWIGGY,2026-09-23,289.65,276.65,278.5,2026-10-05
SWIGGY,2026-09-24,276.6,265.6,267.45,2026-10-05
SWIGGY,2026-09-25,268.95,261.4,264.85,2026-10-05
SWIGGY,2026-09-28,266.05,255.15,256.0,2026-10-05
SWIGGY,2026-09-29,255.95,251.0,253.7,2026-10-05
SWIGGY,2026-09-30,257.0,250.0,250.1,2026-10-05
SWIGGY,2026-10-01,249.1,235.5,238.0,2026-10-05
TATACONSUM,2026-08-20,1074.7,1056.3,1056.3,2026-10-05
TATACONSUM,2026-08-21,1062.0,1044.7,1049.0,2026-10-05
TATACONSUM,2026-08-24,1062.5,1041.8,1062.5,2026-10-05
TATACONSUM,2026-08-25,1061.7,1051.1,1060.5,2026-10-05
TATACONSUM,2026-08-26,1063.5,1039.6,1047.1,2026-10-05
TATACONSUM,2026-08-27,1048.4,1035.6,1042.0,2026-10-05
TATACONSUM,2026-08-28,1047.0,1030.4,1040.7,2026-10-05
TATACONSUM,2026-08-31,1045.1,1028.0,1037.5,2026-10-05
TATACONSUM,2026-09-01,1041.8,1025.1,1030.5,2026-10-05
TATACONSUM,2026-09-02,1027.4,1008.3,1012.0,2026-10-05
TATACONSUM,2026-09-03,1023.0,1008.0,1019.2,2026-10-05
TATACONSUM,2026-09-04,1022.9,1008.5,1010.0,2026-10-05
TATACONSUM,2026-09-07,1019.9,1004.0,1015.0,2026-10-05
TATACONSUM,2026-09-08,1018.7,1007.9,1014.1,2026-10-05
TATACONSUM,2026-09-09,1013.7,1001.0,1001.0,2026-10-05
TATACONSUM,2026-09-10,1005.6,992.5,999.6,2026-10-05
TATACONSUM,2026-09-11,1000.0,988.0,991.0,2026-10-05
TATACONSUM,2026-09-15,1009.3,986.0,986.1,2026-10-05
TATACONSUM,2026-09-16,1010.5,988.8,1000.1,2026-10-05
TATACONSUM,2026-09-17,1020.3,999.0,1013.7,2026-10-05
TATACONSUM,2026-09-18,1018.7,996.0,996.0,2026-10-05
TATACONSUM,2026-09-21,1015.5,997.2,1000.6,2026-10-05
TATACONSUM,2026-09-22,1006.0,984.1,984.1,2026-10-05
TATACONSUM,2026-09-23,997.1,985.0,994.3,2026-10-05
TATACONSUM,2026-09-24,992.0,983.0,986.3,2026-10-05
TATACONSUM,2026-09-25,989.9,979.2,983.2,2026-10-05
TATACONSUM,2026-09-28,983.6,955.5,960.0,2026-10-05
TATACONSUM,2026-09-29,969.0,953.9,967.7,2026-10-05
TATACONSUM,2026-09-30,968.1,949.5,949.5,2026-10-05
TATACONSUM,2026-10-01,964.8,945.0,957.0,2026-10-05
TATAELXSI,2026-08-20,3777.6,3660.0,3660.0,2026-10-05
TATAELXSI,2026-08-21,3734.0,3636.6,3708.0,2026-10-05
TATAELXSI,2026-08-24,3769.9,3664.3,3673.5,2026-10-05
TATAELXSI,2026-08-25,3701.3,3612.2,3665.9,2026-10-05
TATAELXSI,2026-08-26,3694.7,3628.0,3650.0,2026-10-05
TATAELXSI,2026-08-27,3664.6,3622.6,3633.2,2026-10-05
TATAELXSI,2026-08-28,3708.0,3645.0,3685.0,2026-10-05
TATAELXSI,2026-08-31,3685.1,3578.6,3578.6,2026-10-05
TATAELXSI,2026-09-01,3671.9,3567.1,3638.0,2026-10-05
TATAELXSI,2026-09-02,3627.1,3535.0,3609.0,2026-10-05
TATAELXSI,2026-09-03,3637.1,3580.0,3580.0,2026-10-05
TATAELXSI,2026-09-04,3659.5,3525.0,3558.0,2026-10-05
TATAELXSI,2026-09-07,3547.9,3475.0,3497.0,2026-10-05
TATAELXSI,2026-09-08,3505.3,3462.2,3492.0,2026-10-05
TATAELXSI,2026-09-09,3459.9,3380.0,3383.0,2026-10-05
TATAELXSI,2026-09-10,3456.9,3370.0,3409.0,2026-10-05
TATAELXSI,2026-09-11,3411.0,3373.7,3383.0,2026-10-05
TATAELXSI,2026-09-15,3532.1,3418.1,3440.0,2026-10-05
TATAELXSI,2026-09-16,3441.9,3355.1,3373.0,2026-10-05
TATAELXSI,2026-09-17,3405.0,3343.5,3381.8,2026-10-05
TATAELXSI,2026-09-18,3399.0,3266.7,3266.7,2026-10-05
TATAELXSI,2026-09-21,3318.0,3266.7,3287.0,2026-10-05
TATAELXSI,2026-09-22,3295.0,3200.0,3220.0,2026-10-05
TATAELXSI,2026-09-23,3253.0,3210.0,3212.0,2026-10-05
TATAELXSI,2026-09-24,3235.0,3169.0,3183.8,2026-10-05
TATAELXSI,2026-09-25,3201.0,3144.0,3186.9,2026-10-05
TATAELXSI,2026-09-28,3212.6,3161.7,3191.0,2026-10-05
TATAELXSI,2026-09-29,3211.7,3106.1,3211.7,2026-10-05
TATAELXSI,2026-09-30,3203.0,3085.0,3088.9,2026-10-05
TATAELXSI,2026-10-01,3164.4,3046.2,3092.8,2026-10-05
TATAPOWER,2026-08-20,379.9,375.0,375.25,2026-10-05
TATAPOWER,2026-08-21,377.75,373.05,374.3,2026-10-05
TATAPOWER,2026-08-24,378.05,371.5,373.5,2026-10-05
TATAPOWER,2026-08-25,374.2,368.55,370.6,2026-10-05
TATAPOWER,2026-08-26,376.35,364.0,364.0,2026-10-05
TATAPOWER,2026-08-27,359.2,348.1,352.0,2026-10-05
TATAPOWER,2026-08-28,352.95,349.25,351.85,2026-10-05
TATAPOWER,2026-08-31,351.85,347.0,347.0,2026-10-05
TATAPOWER,2026-09-01,351.95,347.45,350.55,2026-10-05
TATAPOWER,2026-09-02,364.0,347.15,364.0,2026-10-05
TATAPOWER,2026-09-03,370.75,362.75,365.7,2026-10-05
TATAPOWER,2026-09-04,368.5,364.1,368.0,2026-10-05
TATAPOWER,2026-09-07,369.8,363.0,365.7,2026-10-05
TATAPOWER,2026-09-08,367.2,362.25,365.55,2026-10-05
TATAPOWER,2026-09-09,373.7,363.15,370.0,2026-10-05
TATAPOWER,2026-09-10,369.7,363.95,367.0,2026-10-05
TATAPOWER,2026-09-11,367.4,362.95,364.65,2026-10-05
TATAPOWER,2026-09-15,377.65,362.95,363.0,2026-10-05
TATAPOWER,2026-09-16,366.1,360.4,360.4,2026-10-05
TATAPOWER,2026-09-17,370.4,360.2,369.0,2026-10-05
TATAPOWER,2026-09-18,374.8,360.9,374.8,2026-10-05
TATAPOWER,2026-09-21,369.6,365.65,367.15,2026-10-05
TATAPOWER,2026-09-22,370.0,365.9,367.0,2026-10-05
TATAPOWER,2026-09-23,369.9,367.0,369.0,2026-10-05
TATAPOWER,2026-09-24,367.5,362.95,363.45,2026-10-05
TATAPOWER,2026-09-25,367.8,362.65,367.5,2026-10-05
TATAPOWER,2026-09-28,366.75,360.1,361.9,2026-10-05
TATAPOWER,2026-09-29,360.7,353.95,359.0,2026-10-05
TATAPOWER,2026-09-30,362.05,356.55,359.0,2026-10-05
TATAPOWER,2026-10-01,357.15,346.4,350.15,2026-10-05
TATASTEEL,2026-08-20,185.6,182.95,183.5,2026-10-05
TATASTEEL,2026-08-21,184.94,182.0,183.0,2026-10-05
TATASTEEL,2026-08-24,186.3,183.06,186.3,2026-10-05
TATASTEEL,2026-08-25,187.27,183.5,186.94,2026-10-05
TATASTEEL,2026-08-26,189.95,184.29,188.01,2026-10-05
TATASTEEL,2026-08-27,190.25,186.5,186.8,2026-10-05
TATASTEEL,2026-08-28,188.79,184.08,186.5,2026-10-05
TATASTEEL,2026-08-31,185.82,181.4,184.35,2026-10-05
TATASTEEL,2026-09-01,188.68,182.12,184.07,2026-10-05
TATASTEEL,2026-09-02,184.06,181.44,183.85,2026-10-05
TATASTEEL,2026-09-03,187.65,182.0,184.2,2026-10-05
TATASTEEL,2026-09-04,189.9,182.84,188.79,2026-10-05
TATASTEEL,2026-09-07,190.24,184.37,185.61,2026-10-05
TATASTEEL,2026-09-08,186.5,183.61,184.15,2026-10-05
TATASTEEL,2026-09-09,190.26,183.41,188.75,2026-10-05
TATASTEEL,2026-09-10,189.0,185.0,186.78,2026-10-05
TATASTEEL,2026-09-11,184.24,180.79,183.0,2026-10-05
TATASTEEL,2026-09-15,186.49,182.38,183.65,2026-10-05
TATASTEEL,2026-09-16,185.4,180.28,183.0,2026-10-05
TATASTEEL,2026-09-17,189.49,182.87,187.29,2026-10-05
TATASTEEL,2026-09-18,187.96,185.54,185.54,2026-10-05
TATASTEEL,2026-09-21,186.87,183.34,183.4,2026-10-05
TATASTEEL,2026-09-22,185.49,183.1,184.97,2026-10-05
TATASTEEL,2026-09-23,191.5,184.87,190.82,2026-10-05
TATASTEEL,2026-09-24,191.8,187.72,188.02,2026-10-05
TATASTEEL,2026-09-25,190.34,187.01,187.97,2026-10-05
TATASTEEL,2026-09-28,188.58,185.25,186.3,2026-10-05
TATASTEEL,2026-09-29,189.0,184.24,188.0,2026-10-05
TATASTEEL,2026-09-30,189.55,184.3,184.3,2026-10-05
TATASTEEL,2026-10-01,186.55,175.75,178.0,2026-10-05
TCS,2026-08-20,2329.0,2288.1,2298.0,2026-10-05
TCS,2026-08-21,2307.2,2263.3,2302.0,2026-10-05
TCS,2026-08-24,2321.6,2279.5,2284.1,2026-10-05
TCS,2026-08-25,2313.5,2262.0,2296.2,2026-10-05
TCS,2026-08-26,2306.3,2266.4,2270.0,2026-10-05
TCS,2026-08-27,2283.6,2243.9,2248.4,2026-10-05
TCS,2026-08-28,2348.5,2263.3,2342.0,2026-10-05
TCS,2026-08-31,2399.3,2306.2,2399.3,2026-10-05
TCS,2026-09-01,2372.0,2325.0,2369.0,2026-10-05
TCS,2026-09-02,2363.0,2303.5,2348.0,2026-10-05
TCS,2026-09-03,2353.6,2316.1,2320.1,2026-10-05
TCS,2026-09-04,2363.9,2302.4,2304.0,2026-10-05
TCS,2026-09-07,2299.9,2260.1,2270.0,2026-10-05
TCS,2026-09-08,2274.5,2244.0,2255.5,2026-10-05
TCS,2026-09-09,2237.0,2193.2,2208.0,2026-10-05
TCS,2026-09-10,2232.0,2190.6,2204.1,2026-10-05
TCS,2026-09-11,2232.6,2185.5,2200.8,2026-10-05
TCS,2026-09-15,2323.0,2251.0,2251.0,2026-10-05
TCS,2026-09-16,2273.9,2172.0,2188.8,2026-10-05
TCS,2026-09-17,2263.6,2162.5,2190.0,2026-10-05
TCS,2026-09-18,2177.3,2101.2,2105.0,2026-10-05
TCS,2026-09-21,2145.0,2075.3,2128.7,2026-10-05
TCS,2026-09-22,2135.2,2098.2,2105.0,2026-10-05
TCS,2026-09-23,2104.2,2077.6,2089.6,2026-10-05
TCS,2026-09-24,2096.9,2067.1,2087.0,2026-10-05
TCS,2026-09-25,2090.2,2038.1,2082.0,2026-10-05
TCS,2026-09-28,2100.0,2051.0,2070.7,2026-10-05
TCS,2026-09-29,2085.1,2032.4,2032.4,2026-10-05
TCS,2026-09-30,2101.0,2050.6,2050.6,2026-10-05
TCS,2026-10-01,2093.9,2045.1,2075.0,2026-10-05
TECHM,2026-08-20,1610.0,1588.7,1592.1,2026-10-05
TECHM,2026-08-21,1602.0,1576.5,1584.0,2026-10-05
TECHM,2026-08-24,1599.0,1574.1,1584.0,2026-10-05
TECHM,2026-08-25,1599.9,1562.0,1599.9,2026-10-05
TECHM,2026-08-26,1614.9,1565.8,1571.0,2026-10-05
TECHM,2026-08-27,1600.0,1571.6,1585.0,2026-10-05
TECHM,2026-08-28,1642.0,1598.0,1640.9,2026-10-05
TECHM,2026-08-31,1640.9,1609.1,1628.0,2026-10-05
TECHM,2026-09-01,1649.0,1613.7,1638.0,2026-10-05
TECHM,2026-09-02,1637.2,1604.5,1623.0,2026-10-05
TECHM,2026-09-03,1625.6,1592.0,1598.0,2026-10-05
TECHM,2026-09-04,1623.4,1586.9,1596.9,2026-10-05
TECHM,2026-09-07,1593.6,1545.3,1564.0,2026-10-05
TECHM,2026-09-08,1569.9,1541.4,1559.0,2026-10-05
TECHM,2026-09-09,1531.0,1498.0,1508.0,2026-10-05
TECHM,2026-09-10,1544.7,1498.1,1525.8,2026-10-05
TECHM,2026-09-11,1557.3,1518.6,1541.0,2026-10-05
TECHM,2026-09-15,1633.2,1575.9,1575.9,2026-10-05
TECHM,2026-09-16,1589.2,1548.0,1558.0,2026-10-05
TECHM,2026-09-17,1569.7,1538.0,1561.0,2026-10-05
TECHM,2026-09-18,1561.2,1523.1,1537.1,2026-10-05
TECHM,2026-09-21,1560.6,1525.1,1558.5,2026-10-05
TECHM,2026-09-22,1558.7,1530.9,1551.6,2026-10-05
TECHM,2026-09-23,1558.0,1539.3,1557.0,2026-10-05
TECHM,2026-09-24,1576.2,1543.0,1543.0,2026-10-05
TECHM,2026-09-25,1554.7,1526.6,1548.0,2026-10-05
TECHM,2026-09-28,1557.0,1526.8,1542.2,2026-10-05
TECHM,2026-09-29,1557.5,1510.5,1510.5,2026-10-05
TECHM,2026-09-30,1559.5,1518.0,1524.0,2026-10-05
TECHM,2026-10-01,1554.8,1512.0,1533.0,2026-10-05
TIINDIA,2026-08-20,2967.6,2910.2,2930.0,2026-10-05
TIINDIA,2026-08-21,2949.0,2843.9,2885.8,2026-10-05
TIINDIA,2026-08-24,2895.7,2845.8,2880.0,2026-10-05
TIINDIA,2026-08-25,2893.9,2845.2,2888.0,2026-10-05
TIINDIA,2026-08-26,2936.9,2851.0,2860.0,2026-10-05
TIINDIA,2026-08-27,2879.4,2835.6,2870.0,2026-10-05
TIINDIA,2026-08-28,2885.7,2831.5,2840.0,2026-10-05
TIINDIA,2026-08-31,2828.0,2766.0,2780.0,2026-10-05
TIINDIA,2026-09-01,2794.9,2743.5,2763.2,2026-10-05
TIINDIA,2026-09-02,2748.3,2680.5,2720.0,2026-10-05
TIINDIA,2026-09-03,2735.4,2685.4,2735.4,2026-10-05
TIINDIA,2026-09-04,2727.0,2685.0,2698.0,2026-10-05
TIINDIA,2026-09-07,2709.0,2679.0,2683.0,2026-10-05
TIINDIA,2026-09-08,2683.4,2626.2,2638.7,2026-10-05
TIINDIA,2026-09-09,2708.6,2596.3,2678.3,2026-10-05
TIINDIA,2026-09-10,2674.5,2632.5,2652.0,2026-10-05
TIINDIA,2026-09-11,2637.1,2580.1,2606.1,2026-10-05
TIINDIA,2026-09-15,2613.2,2521.5,2525.0,2026-10-05
TIINDIA,2026-09-16,2609.0,2482.0,2566.6,2026-10-05
TIINDIA,2026-09-17,2626.6,2560.4,2598.8,2026-10-05
TIINDIA,2026-09-18,2637.8,2571.5,2600.0,2026-10-05
TIINDIA,2026-09-21,2614.2,2569.1,2588.0,2026-10-05
TIINDIA,2026-09-22,2617.4,2558.4,2574.0,2026-10-05
TIINDIA,2026-09-23,2603.0,2565.0,2578.6,2026-10-05
TIINDIA,2026-09-24,2585.5,2540.5,2540.5,2026-10-05
TIINDIA,2026-09-25,2547.8,2506.1,2511.1,2026-10-05
TIINDIA,2026-09-28,2523.2,2443.9,2459.0,2026-10-05
TIINDIA,2026-09-29,2455.3,2397.8,2413.0,2026-10-05
TIINDIA,2026-09-30,2449.6,2373.2,2375.0,2026-10-05
TIINDIA,2026-10-01,2405.2,2307.3,2340.0,2026-10-05
TITAN,2026-08-20,5110.0,5060.1,5068.0,2026-10-05
TITAN,2026-08-21,5090.4,5011.0,5086.1,2026-10-05
TITAN,2026-08-24,5093.4,5050.0,5079.0,2026-10-05
TITAN,2026-08-25,5124.8,5052.7,5124.8,2026-10-05
TITAN,2026-08-26,5149.9,5091.0,5100.0,2026-10-05
TITAN,2026-08-27,5186.7,5069.5,5139.3,2026-10-05
TITAN,2026-08-28,5169.9,5136.0,5169.2,2026-10-05
TITAN,2026-08-31,5159.0,5088.0,5102.4,2026-10-05
TITAN,2026-09-01,5126.5,5010.5,5050.0,2026-10-05
TITAN,2026-09-02,5092.0,4971.5,5074.0,2026-10-05
TITAN,2026-09-03,5072.5,4952.0,5027.0,2026-10-05
TITAN,2026-09-04,5022.0,4980.0,5020.0,2026-10-05
TITAN,2026-09-07,5028.0,4958.5,4995.0,2026-10-05
TITAN,2026-09-08,5015.5,4969.0,4987.0,2026-10-05
TITAN,2026-09-09,5019.0,4968.0,5005.0,2026-10-05
TITAN,2026-09-10,5021.0,4974.5,5021.0,2026-10-05
TITAN,2026-09-11,5015.0,4943.0,5009.5,2026-10-05
TITAN,2026-09-15,5003.0,4856.0,4856.0,2026-10-05
TITAN,2026-09-16,4921.5,4845.0,4908.5,2026-10-05
TITAN,2026-09-17,4915.5,4838.5,4841.0,2026-10-05
TITAN,2026-09-18,4864.5,4772.0,4798.5,2026-10-05
TITAN,2026-09-21,4880.0,4780.0,4875.0,2026-10-05
TITAN,2026-09-22,4982.0,4862.5,4928.5,2026-10-05
TITAN,2026-09-23,4951.0,4852.5,4880.0,2026-10-05
TITAN,2026-09-24,4912.0,4830.0,4832.5,2026-10-05
TITAN,2026-09-25,4884.0,4821.5,4884.0,2026-10-05
TITAN,2026-09-28,4881.0,4810.0,4819.5,2026-10-05
TITAN,2026-09-29,4818.5,4675.0,4675.0,2026-10-05
TITAN,2026-09-30,4698.0,4587.0,4587.0,2026-10-05
TITAN,2026-10-01,4621.8,4491.0,4515.7,2026-10-05
TMPV,2026-08-20,324.55,318.45,320.25,2026-10-05
TMPV,2026-08-21,322.4,316.9,317.9,2026-10-05
TMPV,2026-08-24,319.65,312.6,314.4,2026-10-05
TMPV,2026-08-25,314.9,310.55,314.25,2026-10-05
TMPV,2026-08-26,316.4,313.1,313.1,2026-10-05
TMPV,2026-08-27,319.6,314.15,316.0,2026-10-05
TMPV,2026-08-28,319.4,313.3,319.4,2026-10-05
TMPV,2026-08-31,318.9,308.85,308.85,2026-10-05
TMPV,2026-09-01,317.3,308.95,310.0,2026-10-05
TMPV,2026-09-02,312.95,305.65,312.75,2026-10-05
TMPV,2026-09-03,314.25,309.6,312.0,2026-10-05
TMPV,2026-09-04,315.5,310.65,311.5,2026-10-05
TMPV,2026-09-07,312.0,307.0,307.0,2026-10-05
TMPV,2026-09-08,306.65,302.45,306.45,2026-10-05
TMPV,2026-09-09,306.45,300.8,303.0,2026-10-05
TMPV,2026-09-10,304.0,300.05,300.5,2026-10-05
TMPV,2026-09-11,304.4,296.5,301.1,2026-10-05
TMPV,2026-09-15,320.15,303.5,303.6,2026-10-05
TMPV,2026-09-16,306.0,299.3,301.0,2026-10-05
TMPV,2026-09-17,319.8,299.75,314.5,2026-10-05
TMPV,2026-09-18,310.0,301.5,303.8,2026-10-05
TMPV,2026-09-21,303.8,299.1,301.65,2026-10-05
TMPV,2026-09-22,302.8,298.5,300.05,2026-10-05
TMPV,2026-09-23,302.65,298.7,300.5,2026-10-05
TMPV,2026-09-24,300.95,295.0,295.0,2026-10-05
TMPV,2026-09-25,297.7,288.0,290.45,2026-10-05
TMPV,2026-09-28,291.2,280.2,281.75,2026-10-05
TMPV,2026-09-29,281.4,272.2,280.95,2026-10-05
TMPV,2026-09-30,287.05,280.1,283.5,2026-10-05
TMPV,2026-10-01,281.3,273.35,279.4,2026-10-05
TORNTPHARM,2026-08-20,5044.5,4964.5,5005.0,2026-10-05
TORNTPHARM,2026-08-21,5031.0,4882.5,4896.5,2026-10-05
TORNTPHARM,2026-08-24,4920.0,4855.0,4886.5,2026-10-05
TORNTPHARM,2026-08-25,4932.0,4855.5,4932.0,2026-10-05
TORNTPHARM,2026-08-26,4930.5,4881.0,4890.0,2026-10-05
TORNTPHARM,2026-08-27,4999.0,4877.5,4999.0,2026-10-05
TORNTPHARM,2026-08-28,5050.0,4967.0,5050.0,2026-10-05
TORNTPHARM,2026-08-31,5066.0,4890.0,5066.0,2026-10-05
TORNTPHARM,2026-09-01,4987.5,4919.5,4965.5,2026-10-05
TORNTPHARM,2026-09-02,5012.0,4932.5,5012.0,2026-10-05
TORNTPHARM,2026-09-03,5025.0,4886.5,4905.5,2026-10-05
TORNTPHARM,2026-09-04,4941.0,4823.0,4857.0,2026-10-05
TORNTPHARM,2026-09-07,4915.0,4823.0,4914.0,2026-10-05
TORNTPHARM,2026-09-08,4983.5,4887.0,4960.0,2026-10-05
TORNTPHARM,2026-09-09,4992.0,4925.0,4930.0,2026-10-05
TORNTPHARM,2026-09-10,5000.0,4921.0,4930.0,2026-10-05
TORNTPHARM,2026-09-11,4988.0,4894.0,4965.5,2026-10-05
TORNTPHARM,2026-09-15,4959.5,4837.5,4850.0,2026-10-05
TORNTPHARM,2026-09-16,4870.0,4755.5,4812.5,2026-10-05
TORNTPHARM,2026-09-17,4899.0,4794.5,4875.0,2026-10-05
TORNTPHARM,2026-09-18,4928.0,4827.0,4840.0,2026-10-05
TORNTPHARM,2026-09-21,4986.5,4848.5,4970.0,2026-10-05
TORNTPHARM,2026-09-22,4984.0,4910.0,4935.0,2026-10-05
TORNTPHARM,2026-09-23,4992.0,4884.0,4985.0,2026-10-05
TORNTPHARM,2026-09-24,5010.0,4902.0,4928.5,2026-10-05
TORNTPHARM,2026-09-25,4990.5,4906.5,4988.5,2026-10-05
TORNTPHARM,2026-09-28,4996.5,4852.5,4869.0,2026-10-05
TORNTPHARM,2026-09-29,4948.0,4833.5,4894.0,2026-10-05
TORNTPHARM,2026-09-30,4935.0,4786.0,4800.0,2026-10-05
TORNTPHARM,2026-10-01,4810.5,4717.3,4767.3,2026-10-05
TRENT,2026-08-20,2978.0,2947.1,2970.0,2026-10-05
TRENT,2026-08-21,2976.6,2914.0,2924.0,2026-10-05
TRENT,2026-08-24,2938.6,2892.2,2905.0,2026-10-05
TRENT,2026-08-25,2938.9,2893.8,2930.0,2026-10-05
TRENT,2026-08-26,2954.8,2906.2,2908.2,2026-10-05
TRENT,2026-08-27,2923.5,2868.2,2878.5,2026-10-05
TRENT,2026-08-28,2911.2,2875.8,2898.0,2026-10-05
TRENT,2026-08-31,2901.2,2865.1,2879.9,2026-10-05
TRENT,2026-09-01,2911.9,2855.0,2855.0,2026-10-05
TRENT,2026-09-02,2873.0,2810.0,2852.3,2026-10-05
TRENT,2026-09-03,2879.8,2815.6,2815.6,2026-10-05
TRENT,2026-09-04,2879.0,2833.2,2853.0,2026-10-05
TRENT,2026-09-07,2854.4,2772.5,2814.5,2026-10-05
TRENT,2026-09-08,2812.8,2770.4,2793.6,2026-10-05
TRENT,2026-09-09,2841.8,2782.0,2820.0,2026-10-05
TRENT,2026-09-10,2835.0,2800.0,2818.7,2026-10-05
TRENT,2026-09-11,2816.0,2757.5,2802.4,2026-10-05
TRENT,2026-09-15,2817.6,2730.0,2730.0,2026-10-05
TRENT,2026-09-16,2799.2,2723.9,2769.7,2026-10-05
TRENT,2026-09-17,2811.0,2760.0,2789.0,2026-10-05
TRENT,2026-09-18,2824.0,2776.1,2824.0,2026-10-05
TRENT,2026-09-21,2836.9,2801.0,2815.5,2026-10-05
TRENT,2026-09-22,2847.9,2754.2,2782.9,2026-10-05
TRENT,2026-09-23,2794.4,2764.5,2774.0,2026-10-05
TRENT,2026-09-24,2767.5,2699.9,2700.0,2026-10-05
TRENT,2026-09-25,2720.0,2646.0,2669.3,2026-10-05
TRENT,2026-09-28,2663.8,2615.1,2626.0,2026-10-05
TRENT,2026-09-29,2642.7,2580.4,2635.0,2026-10-05
TRENT,2026-09-30,2669.9,2618.0,2621.6,2026-10-05
TRENT,2026-10-01,2624.0,2545.8,2580.0,2026-10-05
TVSMOTOR,2026-08-20,4408.0,4356.1,4390.0,2026-10-05
TVSMOTOR,2026-08-21,4390.0,4337.6,4390.0,2026-10-05
TVSMOTOR,2026-08-24,4406.0,4326.4,4363.5,2026-10-05
TVSMOTOR,2026-08-25,4420.0,4344.7,4420.0,2026-10-05
TVSMOTOR,2026-08-26,4484.5,4415.0,4464.0,2026-10-05
TVSMOTOR,2026-08-27,4469.0,4366.6,4409.8,2026-10-05
TVSMOTOR,2026-08-28,4425.0,4161.5,4304.2,2026-10-05
TVSMOTOR,2026-08-31,4341.3,4255.0,4341.3,2026-10-05
TVSMOTOR,2026-09-01,4409.0,4122.0,4203.0,2026-10-05
TVSMOTOR,2026-09-02,4200.0,4064.9,4200.0,2026-10-05
TVSMOTOR,2026-09-03,4221.6,4151.0,4200.0,2026-10-05
TVSMOTOR,2026-09-04,4200.0,4127.8,4133.1,2026-10-05
TVSMOTOR,2026-09-07,4159.9,4100.7,4132.0,2026-10-05
TVSMOTOR,2026-09-08,4156.8,4078.0,4133.2,2026-10-05
TVSMOTOR,2026-09-09,4217.5,4071.3,4151.1,2026-10-05
TVSMOTOR,2026-09-10,4184.8,4098.7,4121.5,2026-10-05
TVSMOTOR,2026-09-11,4151.9,4062.8,4125.0,2026-10-05
TVSMOTOR,2026-09-15,4155.0,4022.1,4050.0,2026-10-05
TVSMOTOR,2026-09-16,4078.5,4002.0,4033.0,2026-10-05
TVSMOTOR,2026-09-17,4162.2,4050.0,4101.7,2026-10-05
TVSMOTOR,2026-09-18,4195.0,4122.1,4171.3,2026-10-05
TVSMOTOR,2026-09-21,4208.1,4155.0,4155.0,2026-10-05
TVSMOTOR,2026-09-22,4188.1,4134.0,4140.0,2026-10-05
TVSMOTOR,2026-09-23,4164.8,4100.4,4135.0,2026-10-05
TVSMOTOR,2026-09-24,4123.0,4057.0,4091.0,2026-10-05
TVSMOTOR,2026-09-25,4177.9,4075.0,4157.3,2026-10-05
TVSMOTOR,2026-09-28,4164.0,4057.6,4095.0,2026-10-05
TVSMOTOR,2026-09-29,4149.0,4037.2,4091.1,2026-10-05
TVSMOTOR,2026-09-30,4174.7,4084.1,4106.0,2026-10-05
TVSMOTOR,2026-10-01,4100.0,3930.1,4021.0,2026-10-05
ULTRACEMCO,2026-08-20,11643.0,11422.0,11575.0,2026-10-05
ULTRACEMCO,2026-08-21,11620.0,11526.0,11570.0,2026-10-05
ULTRACEMCO,2026-08-24,11606.0,11484.0,11504.0,2026-10-05
ULTRACEMCO,2026-08-25,11554.0,11445.0,11540.0,2026-10-05
ULTRACEMCO,2026-08-26,11820.0,11580.0,11717.0,2026-10-05
ULTRACEMCO,2026-08-27,11815.0,11674.0,11717.0,2026-10-05
ULTRACEMCO,2026-08-28,11746.0,11523.0,11589.0,2026-10-05
ULTRACEMCO,2026-08-31,11560.0,11415.0,11450.0,2026-10-05
ULTRACEMCO,2026-09-01,11550.0,11390.0,11400.0,2026-10-05
ULTRACEMCO,2026-09-02,11398.0,11180.0,11393.0,2026-10-05
ULTRACEMCO,2026-09-03,11450.0,11275.0,11275.0,2026-10-05
ULTRACEMCO,2026-09-04,11434.0,11292.0,11408.0,2026-10-05
ULTRACEMCO,2026-09-07,11370.0,11175.0,11175.0,2026-10-05
ULTRACEMCO,2026-09-08,11215.0,10995.0,11009.0,2026-10-05
ULTRACEMCO,2026-09-09,10998.0,10860.0,10900.0,2026-10-05
ULTRACEMCO,2026-09-10,10979.0,10858.0,10979.0,2026-10-05
ULTRACEMCO,2026-09-11,11060.0,10790.0,11000.0,2026-10-05
ULTRACEMCO,2026-09-15,11045.0,10697.0,10697.0,2026-10-05
ULTRACEMCO,2026-09-16,10880.0,10639.0,10700.0,2026-10-05
ULTRACEMCO,2026-09-17,10841.0,10703.0,10764.0,2026-10-05
ULTRACEMCO,2026-09-18,11060.0,10819.0,11014.0,2026-10-05
ULTRACEMCO,2026-09-21,11146.0,10983.0,11100.0,2026-10-05
ULTRACEMCO,2026-09-22,11142.0,11000.0,11000.0,2026-10-05
ULTRACEMCO,2026-09-23,11198.0,11044.0,11155.0,2026-10-05
ULTRACEMCO,2026-09-24,11192.0,11056.0,11056.0,2026-10-05
ULTRACEMCO,2026-09-25,11184.0,11027.0,11155.0,2026-10-05
ULTRACEMCO,2026-09-28,11155.0,10978.0,11025.0,2026-10-05
ULTRACEMCO,2026-09-29,11027.0,10826.0,10829.0,2026-10-05
ULTRACEMCO,2026-09-30,10971.0,10800.0,10956.0,2026-10-05
ULTRACEMCO,2026-10-01,10879.0,10612.0,10710.0,2026-10-05
UNIONBANK,2026-08-20,189.46,184.39,184.68,2026-10-05
UNIONBANK,2026-08-21,185.3,182.5,183.45,2026-10-05
UNIONBANK,2026-08-24,184.7,182.02,183.6,2026-10-05
UNIONBANK,2026-08-25,187.33,181.4,186.98,2026-10-05
UNIONBANK,2026-08-26,192.33,187.12,187.52,2026-10-05
UNIONBANK,2026-08-27,189.64,184.08,184.5,2026-10-05
UNIONBANK,2026-08-28,186.31,184.09,186.0,2026-10-05
UNIONBANK,2026-08-31,188.63,181.8,188.63,2026-10-05
UNIONBANK,2026-09-01,186.32,183.26,184.9,2026-10-05
UNIONBANK,2026-09-02,186.86,182.5,186.86,2026-10-05
UNIONBANK,2026-09-03,190.75,186.75,189.0,2026-10-05
UNIONBANK,2026-09-04,189.95,187.05,187.22,2026-10-05
UNIONBANK,2026-09-07,188.45,183.2,186.04,2026-10-05
UNIONBANK,2026-09-08,185.15,181.4,183.22,2026-10-05
UNIONBANK,2026-09-09,183.89,180.82,183.89,2026-10-05
UNIONBANK,2026-09-10,184.44,177.62,179.2,2026-10-05
UNIONBANK,2026-09-11,179.65,175.53,178.1,2026-10-05
UNIONBANK,2026-09-15,179.69,174.74,175.0,2026-10-05
UNIONBANK,2026-09-16,179.35,175.07,178.2,2026-10-05
UNIONBANK,2026-09-17,180.62,175.83,178.09,2026-10-05
UNIONBANK,2026-09-18,178.92,176.56,176.56,2026-10-05
UNIONBANK,2026-09-21,178.87,177.03,178.09,2026-10-05
UNIONBANK,2026-09-22,178.8,175.86,178.0,2026-10-05
UNIONBANK,2026-09-23,180.55,178.0,180.0,2026-10-05
UNIONBANK,2026-09-24,180.2,175.86,179.45,2026-10-05
UNIONBANK,2026-09-25,180.72,178.34,180.2,2026-10-05
UNIONBANK,2026-09-28,178.99,171.55,171.75,2026-10-05
UNIONBANK,2026-09-29,172.44,166.0,166.0,2026-10-05
UNIONBANK,2026-09-30,172.6,169.95,171.0,2026-10-05
UNIONBANK,2026-10-01,172.19,164.81,167.59,2026-10-05
UNITDSPR,2026-08-20,1546.9,1517.2,1544.0,2026-10-05
UNITDSPR,2026-08-21,1563.4,1527.0,1556.0,2026-10-05
UNITDSPR,2026-08-24,1557.5,1540.1,1555.0,2026-10-05
UNITDSPR,2026-08-25,1556.2,1542.2,1550.0,2026-10-05
UNITDSPR,2026-08-26,1554.6,1519.7,1538.5,2026-10-05
UNITDSPR,2026-08-27,1531.9,1507.7,1522.0,2026-10-05
UNITDSPR,2026-08-28,1540.0,1497.7,1510.0,2026-10-05
UNITDSPR,2026-08-31,1510.9,1479.7,1490.0,2026-10-05
UNITDSPR,2026-09-01,1498.9,1459.0,1470.0,2026-10-05
UNITDSPR,2026-09-02,1470.0,1446.3,1469.5,2026-10-05
UNITDSPR,2026-09-03,1488.9,1448.0,1488.9,2026-10-05
UNITDSPR,2026-09-04,1489.9,1462.5,1471.7,2026-10-05
UNITDSPR,2026-09-07,1468.4,1431.5,1440.0,2026-10-05
UNITDSPR,2026-09-08,1441.9,1426.9,1440.0,2026-10-05
UNITDSPR,2026-09-09,1439.9,1395.2,1405.2,2026-10-05
UNITDSPR,2026-09-10,1416.1,1391.4,1400.0,2026-10-05
UNITDSPR,2026-09-11,1407.2,1384.3,1395.0,2026-10-05
UNITDSPR,2026-09-15,1403.6,1370.6,1370.6,2026-10-05
UNITDSPR,2026-09-16,1398.2,1368.1,1389.5,2026-10-05
UNITDSPR,2026-09-17,1395.4,1378.1,1390.0,2026-10-05
UNITDSPR,2026-09-18,1405.0,1371.0,1371.0,2026-10-05
UNITDSPR,2026-09-21,1411.0,1379.5,1397.0,2026-10-05
UNITDSPR,2026-09-22,1405.3,1390.2,1398.0,2026-10-05
UNITDSPR,2026-09-23,1442.0,1397.1,1441.0,2026-10-05
UNITDSPR,2026-09-24,1442.0,1421.2,1423.3,2026-10-05
UNITDSPR,2026-09-25,1437.6,1417.3,1423.8,2026-10-05
UNITDSPR,2026-09-28,1420.1,1406.0,1415.4,2026-10-05
UNITDSPR,2026-09-29,1414.2,1356.1,1363.0,2026-10-05
UNITDSPR,2026-09-30,1376.5,1337.6,1354.0,2026-10-05
UNITDSPR,2026-10-01,1346.9,1316.5,1335.1,2026-10-05
UNOMINDA,2026-08-20,1282.6,1260.5,1260.5,2026-10-05
UNOMINDA,2026-08-21,1267.0,1252.0,1265.0,2026-10-05
UNOMINDA,2026-08-24,1261.6,1245.1,1251.3,2026-10-05
UNOMINDA,2026-08-25,1256.5,1240.5,1253.4,2026-10-05
UNOMINDA,2026-08-26,1272.1,1250.7,1260.0,2026-10-05
UNOMINDA,2026-08-27,1285.0,1252.1,1280.0,2026-10-05
UNOMINDA,2026-08-28,1283.1,1263.4,1276.0,2026-10-05
UNOMINDA,2026-08-31,1292.5,1261.1,1276.0,2026-10-05
UNOMINDA,2026-09-01,1307.5,1261.5,1274.4,2026-10-05
UNOMINDA,2026-09-02,1272.0,1228.3,1236.0,2026-10-05
UNOMINDA,2026-09-03,1269.0,1235.8,1269.0,2026-10-05
UNOMINDA,2026-09-04,1260.3,1237.5,1249.7,2026-10-05
UNOMINDA,2026-09-07,1252.1,1221.2,1241.7,2026-10-05
UNOMINDA,2026-09-08,1241.0,1221.0,1237.0,2026-10-05
UNOMINDA,2026-09-09,1237.0,1225.7,1229.0,2026-10-05
UNOMINDA,2026-09-10,1241.0,1218.2,1224.8,2026-10-05
UNOMINDA,2026-09-11,1217.6,1199.5,1201.6,2026-10-05
UNOMINDA,2026-09-15,1213.9,1159.7,1159.7,2026-10-05
UNOMINDA,2026-09-16,1188.3,1160.0,1186.0,2026-10-05
UNOMINDA,2026-09-17,1218.0,1178.1,1205.0,2026-10-05
UNOMINDA,2026-09-18,1284.0,1206.8,1284.0,2026-10-05
UNOMINDA,2026-09-21,1259.9,1220.7,1227.5,2026-10-05
UNOMINDA,2026-09-22,1240.1,1220.7,1226.0,2026-10-05
UNOMINDA,2026-09-23,1244.9,1220.3,1223.1,2026-10-05
UNOMINDA,2026-09-24,1252.9,1212.3,1224.4,2026-10-05
UNOMINDA,2026-09-25,1236.2,1215.1,1218.0,2026-10-05
UNOMINDA,2026-09-28,1214.2,1167.2,1173.0,2026-10-05
UNOMINDA,2026-09-29,1179.0,1149.5,1162.0,2026-10-05
UNOMINDA,2026-09-30,1184.1,1159.1,1170.0,2026-10-05
UNOMINDA,2026-10-01,1170.0,1099.1,1111.0,2026-10-05
UPL,2026-08-20,575.2,568.2,571.9,2026-10-05
UPL,2026-08-21,573.7,566.0,569.0,2026-10-05
UPL,2026-08-24,573.8,563.8,571.9,2026-10-05
UPL,2026-08-25,585.0,570.55,585.0,2026-10-05
UPL,2026-08-26,589.3,579.7,589.3,2026-10-05
UPL,2026-08-27,591.0,578.1,578.1,2026-10-05
UPL,2026-08-28,580.05,569.55,571.0,2026-10-05
UPL,2026-08-31,569.45,562.25,562.25,2026-10-05
UPL,2026-09-01,568.7,560.9,567.1,2026-10-05
UPL,2026-09-02,580.7,560.25,578.45,2026-10-05
UPL,2026-09-03,586.15,578.0,585.35,2026-10-05
UPL,2026-09-04,589.4,579.45,582.15,2026-10-05
UPL,2026-09-07,586.75,573.0,573.0,2026-10-05
UPL,2026-09-08,576.75,569.95,576.75,2026-10-05
UPL,2026-09-09,578.35,568.55,575.7,2026-10-05
UPL,2026-09-10,578.6,572.5,575.3,2026-10-05
UPL,2026-09-11,577.65,567.55,572.95,2026-10-05
UPL,2026-09-15,575.95,558.0,560.8,2026-10-05
UPL,2026-09-16,563.55,550.6,550.6,2026-10-05
UPL,2026-09-17,558.0,549.8,554.75,2026-10-05
UPL,2026-09-18,580.0,553.4,580.0,2026-10-05
UPL,2026-09-21,569.2,559.9,559.9,2026-10-05
UPL,2026-09-22,562.55,555.0,559.9,2026-10-05
UPL,2026-09-23,560.45,550.1,553.15,2026-10-05
UPL,2026-09-24,553.65,546.5,549.6,2026-10-05
UPL,2026-09-25,552.0,543.6,550.05,2026-10-05
UPL,2026-09-28,551.65,542.85,549.5,2026-10-05
UPL,2026-09-29,547.55,532.6,538.0,2026-10-05
UPL,2026-09-30,544.9,535.25,539.75,2026-10-05
UPL,2026-10-01,537.65,511.2,516.8,2026-10-05
VBL,2026-08-20,440.7,433.85,438.3,2026-10-05
VBL,2026-08-21,441.6,430.1,430.1,2026-10-05
VBL,2026-08-24,434.5,424.15,428.0,2026-10-05
VBL,2026-08-25,438.0,423.85,438.0,2026-10-05
VBL,2026-08-26,447.9,420.2,421.25,2026-10-05
VBL,2026-08-27,425.05,415.75,418.75,2026-10-05
VBL,2026-08-28,420.9,412.2,414.0,2026-10-05
VBL,2026-08-31,413.85,400.45,400.45,2026-10-05
VBL,2026-09-01,411.35,404.25,405.85,2026-10-05
VBL,2026-09-02,416.95,400.5,415.0,2026-10-05
VBL,2026-09-03,415.45,407.15,407.15,2026-10-05
VBL,2026-09-04,412.65,406.1,407.6,2026-10-05
VBL,2026-09-07,407.6,404.0,405.95,2026-10-05
VBL,2026-09-08,408.4,403.65,405.7,2026-10-05
VBL,2026-09-09,407.0,396.2,407.0,2026-10-05
VBL,2026-09-10,415.5,405.35,410.5,2026-10-05
VBL,2026-09-11,417.15,403.0,416.5,2026-10-05
VBL,2026-09-15,419.75,409.1,409.6,2026-10-05
VBL,2026-09-16,414.4,407.15,410.4,2026-10-05
VBL,2026-09-17,419.5,411.0,415.45,2026-10-05
VBL,2026-09-18,425.4,416.25,421.95,2026-10-05
VBL,2026-09-21,431.15,422.0,425.0,2026-10-05
VBL,2026-09-22,433.8,424.2,430.0,2026-10-05
VBL,2026-09-23,438.6,429.75,436.15,2026-10-05
VBL,2026-09-24,436.85,428.3,431.25,2026-10-05
VBL,2026-09-25,436.6,428.3,434.8,2026-10-05
VBL,2026-09-28,433.5,426.2,430.0,2026-10-05
VBL,2026-09-29,432.9,425.15,430.0,2026-10-05
VBL,2026-09-30,436.4,427.5,432.0,2026-10-05
VBL,2026-10-01,430.8,415.35,425.3,2026-10-05
VEDL,2026-08-20,271.95,265.2,268.0,2026-10-05
VEDL,2026-08-21,279.7,269.0,279.0,2026-10-05
VEDL,2026-08-24,281.45,272.4,277.0,2026-10-05
VEDL,2026-08-25,276.8,273.0,275.0,2026-10-05
VEDL,2026-08-26,287.0,273.25,286.5,2026-10-05
VEDL,2026-08-27,291.0,279.2,281.0,2026-10-05
VEDL,2026-08-28,289.5,282.4,287.95,2026-10-05
VEDL,2026-08-31,284.0,276.5,278.2,2026-10-05
VEDL,2026-09-01,281.95,272.75,274.0,2026-10-05
VEDL,2026-09-02,272.0,267.75,270.7,2026-10-05
VEDL,2026-09-03,274.75,268.0,270.5,2026-10-05
VEDL,2026-09-04,274.5,268.85,272.1,2026-10-05
VEDL,2026-09-07,272.5,267.0,268.0,2026-10-05
VEDL,2026-09-08,272.8,269.15,272.0,2026-10-05
VEDL,2026-09-09,275.75,268.55,272.5,2026-10-05
VEDL,2026-09-10,275.1,268.8,269.05,2026-10-05
VEDL,2026-09-11,264.85,256.5,263.7,2026-10-05
VEDL,2026-09-15,264.4,253.55,257.0,2026-10-05
VEDL,2026-09-16,257.7,252.5,256.0,2026-10-05
VEDL,2026-09-17,257.7,253.95,257.45,2026-10-05
VEDL,2026-09-18,267.6,258.0,267.6,2026-10-05
VEDL,2026-09-21,264.5,259.0,260.5,2026-10-05
VEDL,2026-09-22,263.85,260.2,263.0,2026-10-05
VEDL,2026-09-23,271.35,262.2,271.0,2026-10-05
VEDL,2026-09-24,269.4,264.2,267.5,2026-10-05
VEDL,2026-09-25,267.25,264.3,266.35,2026-10-05
VEDL,2026-09-28,264.4,258.2,259.0,2026-10-05
VEDL,2026-09-29,260.5,256.1,260.0,2026-10-05
VEDL,2026-09-30,260.5,255.15,259.0,2026-10-05
VEDL,2026-10-01,257.2,247.25,252.05,2026-10-05
VMM,2026-08-20,104.35,102.6,102.6,2026-10-05
VMM,2026-08-21,105.99,102.34,103.43,2026-10-05
VMM,2026-08-24,115.4,109.0,113.5,2026-10-05
VMM,2026-08-25,114.35,111.0,112.5,2026-10-05
VMM,2026-08-26,112.2,109.62,109.62,2026-10-05
VMM,2026-08-27,110.35,107.5,108.0,2026-10-05
VMM,2026-08-28,108.5,107.0,107.0,2026-10-05
VMM,2026-08-31,110.64,105.8,110.64,2026-10-05
VMM,2026-09-01,113.0,106.3,106.55,2026-10-05
VMM,2026-09-02,109.49,105.21,108.57,2026-10-05
VMM,2026-09-03,109.49,106.5,107.8,2026-10-05
VMM,2026-09-04,107.39,105.92,106.14,2026-10-05
VMM,2026-09-07,106.57,103.06,104.0,2026-10-05
VMM,2026-09-08,105.01,103.05,103.9,2026-10-05
VMM,2026-09-09,103.99,102.52,103.18,2026-10-05
VMM,2026-09-10,103.4,102.51,103.4,2026-10-05
VMM,2026-09-11,102.65,101.06,101.71,2026-10-05
VMM,2026-09-15,102.29,100.1,100.1,2026-10-05
VMM,2026-09-16,102.1,98.9,100.97,2026-10-05
VMM,2026-09-17,102.11,100.59,101.24,2026-10-05
VMM,2026-09-18,102.65,100.23,102.65,2026-10-05
VMM,2026-09-21,102.48,100.55,101.65,2026-10-05
VMM,2026-09-22,104.03,101.34,104.03,2026-10-05
VMM,2026-09-23,107.45,104.04,106.0,2026-10-05
VMM,2026-09-24,108.23,104.84,105.46,2026-10-05
VMM,2026-09-25,105.69,103.0,103.5,2026-10-05
VMM,2026-09-28,103.99,100.2,100.81,2026-10-05
VMM,2026-09-29,104.3,98.0,104.3,2026-10-05
VMM,2026-09-30,102.6,99.92,101.0,2026-10-05
VMM,2026-10-01,100.5,98.42,99.5,2026-10-05
VOLTAS,2026-08-20,1235.9,1215.6,1219.5,2026-10-05
VOLTAS,2026-08-21,1236.3,1220.0,1235.0,2026-10-05
VOLTAS,2026-08-24,1242.0,1220.5,1242.0,2026-10-05
VOLTAS,2026-08-25,1244.9,1228.1,1243.0,2026-10-05
VOLTAS,2026-08-26,1245.0,1207.0,1217.0,2026-10-05
VOLTAS,2026-08-27,1235.6,1211.6,1217.5,2026-10-05
VOLTAS,2026-08-28,1225.0,1195.0,1200.0,2026-10-05
VOLTAS,2026-08-31,1205.8,1182.8,1194.4,2026-10-05
VOLTAS,2026-09-01,1206.9,1192.0,1205.0,2026-10-05
VOLTAS,2026-09-02,1199.9,1151.0,1152.1,2026-10-05
VOLTAS,2026-09-03,1183.0,1151.7,1178.0,2026-10-05
VOLTAS,2026-09-04,1189.7,1167.0,1170.0,2026-10-05
VOLTAS,2026-09-07,1176.4,1164.4,1167.2,2026-10-05
VOLTAS,2026-09-08,1169.2,1141.3,1144.8,2026-10-05
VOLTAS,2026-09-09,1147.0,1136.0,1143.8,2026-10-05
VOLTAS,2026-09-10,1158.9,1131.4,1158.5,2026-10-05
VOLTAS,2026-09-11,1169.0,1138.0,1165.0,2026-10-05
VOLTAS,2026-09-15,1179.0,1137.0,1137.0,2026-10-05
VOLTAS,2026-09-16,1153.0,1131.0,1131.0,2026-10-05
VOLTAS,2026-09-17,1141.2,1125.1,1135.0,2026-10-05
VOLTAS,2026-09-18,1145.3,1110.9,1110.9,2026-10-05
VOLTAS,2026-09-21,1158.8,1125.0,1142.1,2026-10-05
VOLTAS,2026-09-22,1143.1,1100.0,1100.8,2026-10-05
VOLTAS,2026-09-23,1131.4,1090.8,1130.0,2026-10-05
VOLTAS,2026-09-24,1126.4,1106.9,1113.4,2026-10-05
VOLTAS,2026-09-25,1122.1,1103.9,1118.2,2026-10-05
VOLTAS,2026-09-28,1144.5,1120.2,1135.5,2026-10-05
VOLTAS,2026-09-29,1137.9,1090.0,1090.0,2026-10-05
VOLTAS,2026-09-30,1097.8,1066.0,1070.0,2026-10-05
VOLTAS,2026-10-01,1078.6,1040.6,1053.2,2026-10-05
WAAREEENER,2026-08-20,2712.0,2664.4,2675.0,2026-10-05
WAAREEENER,2026-08-21,2727.0,2672.8,2678.2,2026-10-05
WAAREEENER,2026-08-24,2713.0,2637.0,2674.8,2026-10-05
WAAREEENER,2026-08-25,2687.7,2644.0,2655.0,2026-10-05
WAAREEENER,2026-08-26,2669.6,2631.0,2635.0,2026-10-05
WAAREEENER,2026-08-27,2649.9,2611.0,2624.0,2026-10-05
WAAREEENER,2026-08-28,2650.0,2593.2,2640.0,2026-10-05
WAAREEENER,2026-08-31,2637.0,2572.5,2605.0,2026-10-05
WAAREEENER,2026-09-01,2609.9,2570.0,2588.0,2026-10-05
WAAREEENER,2026-09-02,2617.2,2552.5,2581.1,2026-10-05
WAAREEENER,2026-09-03,2601.3,2563.0,2579.9,2026-10-05
WAAREEENER,2026-09-04,2650.0,2576.6,2635.0,2026-10-05
WAAREEENER,2026-09-07,2653.0,2590.0,2593.0,2026-10-05
WAAREEENER,2026-09-08,2613.5,2570.0,2571.0,2026-10-05
WAAREEENER,2026-09-09,2599.0,2560.5,2568.0,2026-10-05
WAAREEENER,2026-09-10,2591.0,2530.8,2548.0,2026-10-05
WAAREEENER,2026-09-11,2635.0,2515.1,2625.0,2026-10-05
WAAREEENER,2026-09-15,2624.9,2540.0,2555.0,2026-10-05
WAAREEENER,2026-09-16,2565.4,2491.3,2501.0,2026-10-05
WAAREEENER,2026-09-17,2516.0,2470.0,2473.0,2026-10-05
WAAREEENER,2026-09-18,2560.7,2486.1,2560.7,2026-10-05
WAAREEENER,2026-09-21,2553.6,2495.0,2499.0,2026-10-05
WAAREEENER,2026-09-22,2547.0,2480.2,2494.8,2026-10-05
WAAREEENER,2026-09-23,2534.4,2500.0,2512.0,2026-10-05
WAAREEENER,2026-09-24,2511.9,2470.0,2482.0,2026-10-05
WAAREEENER,2026-09-25,2516.0,2470.0,2495.0,2026-10-05
WAAREEENER,2026-09-28,2509.2,2437.0,2455.0,2026-10-05
WAAREEENER,2026-09-29,2460.0,2380.0,2380.0,2026-10-05
WAAREEENER,2026-09-30,2401.4,2364.9,2374.4,2026-10-05
WAAREEENER,2026-10-01,2380.9,2301.1,2340.0,2026-10-05
WIPRO,2026-08-20,182.46,180.51,181.0,2026-10-05
WIPRO,2026-08-21,181.76,180.0,180.79,2026-10-05
WIPRO,2026-08-24,183.92,180.56,181.31,2026-10-05
WIPRO,2026-08-25,181.29,178.39,180.09,2026-10-05
WIPRO,2026-08-26,180.95,176.66,177.35,2026-10-05
WIPRO,2026-08-27,178.7,176.4,176.4,2026-10-05
WIPRO,2026-08-28,181.85,178.25,180.95,2026-10-05
WIPRO,2026-08-31,184.5,176.17,184.5,2026-10-05
WIPRO,2026-09-01,182.1,178.5,181.7,2026-10-05
WIPRO,2026-09-02,180.39,176.8,177.09,2026-10-05
WIPRO,2026-09-03,178.04,175.72,175.72,2026-10-05
WIPRO,2026-09-04,178.75,176.4,176.4,2026-10-05
WIPRO,2026-09-07,176.47,172.65,172.8,2026-10-05
WIPRO,2026-09-08,172.9,171.13,171.5,2026-10-05
WIPRO,2026-09-09,169.15,166.37,167.0,2026-10-05
WIPRO,2026-09-10,169.19,166.0,166.3,2026-10-05
WIPRO,2026-09-11,167.75,165.16,167.4,2026-10-05
WIPRO,2026-09-15,173.35,169.01,170.0,2026-10-05
WIPRO,2026-09-16,170.89,166.11,166.89,2026-10-05
WIPRO,2026-09-17,167.6,165.02,166.4,2026-10-05
WIPRO,2026-09-18,166.9,163.3,166.83,2026-10-05
WIPRO,2026-09-21,165.5,163.34,164.55,2026-10-05
WIPRO,2026-09-22,166.0,163.21,166.0,2026-10-05
WIPRO,2026-09-23,165.7,164.1,164.9,2026-10-05
WIPRO,2026-09-24,165.67,163.36,163.64,2026-10-05
WIPRO,2026-09-25,164.5,161.66,164.02,2026-10-05
WIPRO,2026-09-28,164.45,160.97,161.56,2026-10-05
WIPRO,2026-09-29,162.43,156.79,156.79,2026-10-05
WIPRO,2026-09-30,161.73,157.01,158.5,2026-10-05
WIPRO,2026-10-01,160.95,157.25,159.35,2026-10-05
YESBANK,2026-08-20,22.96,22.73,22.74,2026-10-05
YESBANK,2026-08-21,22.87,22.63,22.8,2026-10-05
YESBANK,2026-08-24,22.86,22.51,22.6,2026-10-05
YESBANK,2026-08-25,22.67,22.42,22.5,2026-10-05
YESBANK,2026-08-26,22.8,22.34,22.38,2026-10-05
YESBANK,2026-08-27,22.55,22.25,22.26,2026-10-05
YESBANK,2026-08-28,22.36,22.01,22.1,2026-10-05
YESBANK,2026-08-31,22.83,21.98,22.83,2026-10-05
YESBANK,2026-09-01,22.52,21.94,22.1,2026-10-05
YESBANK,2026-09-02,22.15,21.82,22.15,2026-10-05
YESBANK,2026-09-03,22.54,22.11,22.54,2026-10-05
YESBANK,2026-09-04,22.62,22.44,22.5,2026-10-05
YESBANK,2026-09-07,22.59,22.28,22.42,2026-10-05
YESBANK,2026-09-08,22.57,22.38,22.52,2026-10-05
YESBANK,2026-09-09,22.58,22.37,22.42,2026-10-05
YESBANK,2026-09-10,22.48,22.24,22.3,2026-10-05
YESBANK,2026-09-11,23.95,22.07,23.48,2026-10-05
YESBANK,2026-09-15,23.9,22.99,23.07,2026-10-05
YESBANK,2026-09-16,24.1,23.26,23.4,2026-10-05
YESBANK,2026-09-17,23.38,22.91,23.13,2026-10-05
YESBANK,2026-09-18,23.38,22.72,22.72,2026-10-05
YESBANK,2026-09-21,23.28,22.93,23.17,2026-10-05
YESBANK,2026-09-22,23.29,23.04,23.2,2026-10-05
YESBANK,2026-09-23,23.38,23.17,23.24,2026-10-05
YESBANK,2026-09-24,23.08,22.38,22.44,2026-10-05
YESBANK,2026-09-25,22.58,22.35,22.5,2026-10-05
YESBANK,2026-09-28,22.38,21.11,21.18,2026-10-05
YESBANK,2026-09-29,21.33,20.71,20.71,2026-10-05
YESBANK,2026-09-30,21.4,20.85,20.95,2026-10-05
YESBANK,2026-10-01,21.17,20.51,20.75,2026-10-05
ZYDUSLIFE,2026-08-20,1124.0,1105.8,1107.7,2026-10-05
ZYDUSLIFE,2026-08-21,1120.0,1099.4,1120.0,2026-10-05
ZYDUSLIFE,2026-08-24,1117.5,1098.0,1103.8,2026-10-05
ZYDUSLIFE,2026-08-25,1125.0,1092.6,1124.5,2026-10-05
ZYDUSLIFE,2026-08-26,1150.5,1117.8,1150.0,2026-10-05
ZYDUSLIFE,2026-08-27,1195.4,1142.1,1189.2,2026-10-05
ZYDUSLIFE,2026-08-28,1198.9,1170.6,1191.0,2026-10-05
ZYDUSLIFE,2026-08-31,1187.0,1157.0,1161.3,2026-10-05
ZYDUSLIFE,2026-09-01,1183.0,1152.0,1167.8,2026-10-05
ZYDUSLIFE,2026-09-02,1173.9,1147.0,1154.2,2026-10-05
ZYDUSLIFE,2026-09-03,1157.8,1130.5,1143.0,2026-10-05
ZYDUSLIFE,2026-09-04,1146.0,1120.0,1120.0,2026-10-05
ZYDUSLIFE,2026-09-07,1163.0,1114.1,1156.9,2026-10-05
ZYDUSLIFE,2026-09-08,1167.7,1142.0,1145.5,2026-10-05
ZYDUSLIFE,2026-09-09,1158.0,1126.5,1127.4,2026-10-05
ZYDUSLIFE,2026-09-10,1136.3,1108.1,1117.8,2026-10-05
ZYDUSLIFE,2026-09-11,1135.5,1104.6,1119.1,2026-10-05
ZYDUSLIFE,2026-09-15,1124.5,1099.0,1099.0,2026-10-05
ZYDUSLIFE,2026-09-16,1113.3,1086.0,1107.5,2026-10-05
ZYDUSLIFE,2026-09-17,1139.9,1100.1,1135.1,2026-10-05
ZYDUSLIFE,2026-09-18,1167.3,1147.7,1160.0,2026-10-05
ZYDUSLIFE,2026-09-21,1173.5,1152.1,1161.0,2026-10-05
ZYDUSLIFE,2026-09-22,1178.0,1160.0,1162.3,2026-10-05
ZYDUSLIFE,2026-09-23,1175.0,1156.0,1170.1,2026-10-05
ZYDUSLIFE,2026-09-24,1190.6,1161.6,1180.3,2026-10-05
ZYDUSLIFE,2026-09-25,1208.6,1182.4,1203.9,2026-10-05
ZYDUSLIFE,2026-09-28,1228.6,1201.2,1215.0,2026-10-05
ZYDUSLIFE,2026-09-29,1232.1,1200.5,1200.5,2026-10-05
ZYDUSLIFE,2026-09-30,1210.5,1149.1,1162.0,2026-10-05
ZYDUSLIFE,2026-10-01,1158.0,1123.7,1145.7,2026-10-05
