Symbol,Metric,PrevDay,PrevDay2,PrevLastHr,DelivPct,DelivPctPrev,Open,dTC,dBC,wTC,wBC,10:10,10:20
360ONE,PRICE,1063.0,1069.5,,,,1067.2,1062.75,1062.25,1041.4,1040.47,1060.2,1058.0
360ONE,VWAP,,,,,,,,,,,1059.44,1059.43
360ONE,CASH VOL,246152,734690,57239,54.92,66.53,,,,,,33694,34224
360ONE,F&O VOL,3437,7755,,,,,,,,,1280,1329
360ONE,F&O OI,15185,14772,,,,,,,,,15422,15425
360ONE,CALL VOL,1958,4625,,,,,,,,,714,739
360ONE,CALL OI,3375,3075,,,,,,,,,3543,3545
360ONE,PUT VOL,555,1283,,,,,,,,,386,405
360ONE,PUT OI,2363,2271,,,,,,,,,2422,2420
360ONE,CALL SPRD,,,,,,,,,,,1.0,0.52
360ONE,PUT SPRD,,,,,,,,,,,1.28,1.51
360ONE,CALL OI FIX,3375,,,,,,,,,,3543,3545
360ONE,PUT OI FIX,2363,,,,,,,,,,2422,2420
360ONE,CALL DOI,,,,,,,,,,,691130,673174
360ONE,PUT DOI,,,,,,,,,,,-408300,-416663
360ONE,CALL GEX,,,,,,,,,,,89475,88838
360ONE,PUT GEX,,,,,,,,,,,42587,42929
360ONE,GEX STRIKE,,,,,,,,,,,1100.0,1100.0
360ONE,EXPIRY,,,,,,,,,,,2026-10-27,2026-10-27
360ONE,ATM IV,,,,,,,,,,,33.88,33.88
ABB,PRICE,7005.0,7122.5,,,,7005.0,7055.75,7021.92,6883.67,6851.0,6968.0,6974.5
ABB,VWAP,,,,,,,,,,,6941.72,6946.84
ABB,CASH VOL,133622,241531,22066,41.27,44.63,,,,,,31356,35034
ABB,F&O VOL,12991,24577,,,,,,,,,2668,2997
ABB,F&O OI,23383,23653,,,,,,,,,23757,23761
ABB,CALL VOL,5390,11274,,,,,,,,,1309,1482
ABB,CALL OI,3372,4247,,,,,,,,,3635,3631
ABB,PUT VOL,3383,6687,,,,,,,,,600,692
ABB,PUT OI,4103,4122,,,,,,,,,4132,4132
ABB,CALL SPRD,,,,,,,,,,,1.43,1.42
ABB,PUT SPRD,,,,,,,,,,,0.95,1.72
ABB,CALL OI FIX,3372,,,,,,,,,,3635,3631
ABB,PUT OI FIX,4103,,,,,,,,,,4132,4132
ABB,CALL DOI,,,,,,,,,,,176071,178007
ABB,PUT DOI,,,,,,,,,,,-212923,-210782
ABB,CALL GEX,,,,,,,,,,,22519,22582
ABB,PUT GEX,,,,,,,,,,,24140,24081
ABB,GEX STRIKE,,,,,,,,,,,7000.0,7000.0
ABB,EXPIRY,,,,,,,,,,,2026-10-27,2026-10-27
ABB,ATM IV,,,,,,,,,,,32.01,32.01
ABCAPITAL,PRICE,372.1,378.9,,,,373.2,375.12,373.11,379.52,376.54,370.9,369.65
ABCAPITAL,VWAP,,,,,,,,,,,370.02,370.02
ABCAPITAL,CASH VOL,4394040,4873650,863338,59.8,70.32,,,,,,2529067,2536108
ABCAPITAL,F&O VOL,9531,7270,,,,,,,,,2309,2366
ABCAPITAL,F&O OI,19336,19011,,,,,,,,,19505,19513
ABCAPITAL,CALL VOL,3414,2039,,,,,,,,,984,1000
ABCAPITAL,CALL OI,1930,1422,,,,,,,,,2012,2014
ABCAPITAL,PUT VOL,1698,1723,,,,,,,,,475,497
ABCAPITAL,PUT OI,2743,2669,,,,,,,,,2767,2770
ABCAPITAL,CALL SPRD,,,,,,,,,,,1.9,1.97
ABCAPITAL,PUT SPRD,,,,,,,,,,,2.22,2.15
ABCAPITAL,CALL OI FIX,1930,,,,,,,,,,2012,2014
ABCAPITAL,PUT OI FIX,2743,,,,,,,,,,2767,2770
ABCAPITAL,CALL DOI,,,,,,,,,,,2327451,2209149
ABCAPITAL,PUT DOI,,,,,,,,,,,-4327216,-4474576
ABCAPITAL,CALL GEX,,,,,,,,,,,357982,352017
ABCAPITAL,PUT GEX,,,,,,,,,,,432172,432359
ABCAPITAL,GEX STRIKE,,,,,,,,,,,380.0,380.0
ABCAPITAL,EXPIRY,,,,,,,,,,,2026-10-27,2026-10-27
ABCAPITAL,ATM IV,,,,,,,,,,,29.02,29.02
ADANIENSOL,PRICE,1318.8,1350.1,,,,1328.9,1337.8,1325.13,1332.4,1328.4,1283.1,1279.6
ADANIENSOL,VWAP,,,,,,,,,,,1296.54,1295.87
ADANIENSOL,CASH VOL,1468657,1566344,480360,34.87,49.37,,,,,,392320,414011
ADANIENSOL,F&O VOL,14714,9651,,,,,,,,,5230,5491
ADANIENSOL,F&O OI,43587,42727,,,,,,,,,43712,43803
ADANIENSOL,CALL VOL,3392,2308,,,,,,,,,1204,1290
ADANIENSOL,CALL OI,2467,2146,,,,,,,,,2617,2674
ADANIENSOL,PUT VOL,3756,1955,,,,,,,,,1533,1619
ADANIENSOL,PUT OI,2028,2029,,,,,,,,,1913,1943
ADANIENSOL,CALL SPRD,,,,,,,,,,,1.97,1.63
ADANIENSOL,PUT SPRD,,,,,,,,,,,1.54,1.14
ADANIENSOL,CALL OI FIX,3705,,,,,,,,,,3910,3983
ADANIENSOL,PUT OI FIX,1783,,,,,,,,,,1776,1779
ADANIENSOL,CALL DOI,,,,,,,,,,,675502,669471
ADANIENSOL,PUT DOI,,,,,,,,,,,-601401,-618718
ADANIENSOL,CALL GEX,,,,,,,,,,,73145,74043
ADANIENSOL,PUT GEX,,,,,,,,,,,48195,48880
ADANIENSOL,GEX STRIKE,,,,,,,,,,,1300.0,1300.0
ADANIENSOL,EXPIRY,,,,,,,,,,,2026-10-27,2026-10-27
ADANIENSOL,ATM IV,,,,,,,,,,,39.58,39.58
ADANIENT,PRICE,2743.0,2849.9,,,,2740.0,2790.15,2758.72,2872.45,2835.35,2640.6,2625.2
ADANIENT,VWAP,,,,,,,,,,,2664.9,2662.25
ADANIENT,CASH VOL,1738033,1240051,791525,47.95,49.03,,,,,,938245,1013672
ADANIENT,F&O VOL,58048,23984,,,,,,,,,56477,59599
ADANIENT,F&O OI,97165,88517,,,,,,,,,103251,103198
ADANIENT,CALL VOL,16998,5728,,,,,,,,,21884,23137
ADANIENT,CALL OI,11631,7644,,,,,,,,,14091,14116
ADANIENT,PUT VOL,20126,6373,,,,,,,,,20343,21727
ADANIENT,PUT OI,10060,8930,,,,,,,,,11880,11864
ADANIENT,CALL SPRD,,,,,,,,,,,0.77,0.74
ADANIENT,PUT SPRD,,,,,,,,,,,0.91,0.75
ADANIENT,CALL OI FIX,17359,,,,,,,,,,20016,20061
ADANIENT,PUT OI FIX,11955,,,,,,,,,,13591,13583
ADANIENT,CALL DOI,,,,,,,,,,,1186818,1101889
ADANIENT,PUT DOI,,,,,,,,,,,-2134798,-2208774
ADANIENT,CALL GEX,,,,,,,,,,,164410,158434
ADANIENT,PUT GEX,,,,,,,,,,,133631,131725
ADANIENT,GEX STRIKE,,,,,,,,,,,2800.0,2800.0
ADANIENT,EXPIRY,,,,,,,,,,,2026-10-27,2026-10-27
ADANIENT,ATM IV,,,,,,,,,,,36.53,36.53
ADANIGREEN,PRICE,1341.4,1313.0,,,,1342.7,1344.25,1342.35,1271.0,1260.8,1292.0,1284.3
ADANIGREEN,VWAP,,,,,,,,,,,1305.39,1304.25
ADANIGREEN,CASH VOL,6420423,2570708,881546,40.35,51.9,,,,,,639581,680464
ADANIGREEN,F&O VOL,72614,22851,,,,,,,,,15280,16007
ADANIGREEN,F&O OI,51965,49707,,,,,,,,,53154,53171
ADANIGREEN,CALL VOL,19210,9293,,,,,,,,,5494,4170
ADANIGREEN,CALL OI,4362,3862,,,,,,,,,5651,4641
ADANIGREEN,PUT VOL,20504,5304,,,,,,,,,5295,5605
ADANIGREEN,PUT OI,4176,3484,,,,,,,,,4977,4309
ADANIGREEN,CALL SPRD,,,,,,,,,,,0.95,1.5
ADANIGREEN,PUT SPRD,,,,,,,,,,,1.15,1.31
ADANIGREEN,CALL OI FIX,5519,,,,,,,,,,5960,5987
ADANIGREEN,PUT OI FIX,4263,,,,,,,,,,4362,4343
ADANIGREEN,CALL DOI,,,,,,,,,,,1331298,1145194
ADANIGREEN,PUT DOI,,,,,,,,,,,-1433036,-1155275
ADANIGREEN,CALL GEX,,,,,,,,,,,140116,118658
ADANIGREEN,PUT GEX,,,,,,,,,,,111989,99581
ADANIGREEN,GEX STRIKE,,,,,,,,,,,1300.0,1300.0
ADANIGREEN,EXPIRY,,,,,,,,,,,2026-10-27,2026-10-27
ADANIGREEN,ATM IV,,,,,,,,,,,39.09,38.3
ADANIPORTS,PRICE,1750.1,1783.4,,,,1749.9,1762.7,1754.3,1769.0,1748.2,1702.5,1699.5
ADANIPORTS,VWAP,,,,,,,,,,,1712.24,1711.93
ADANIPORTS,CASH VOL,1187835,1684154,266764,49.25,52.44,,,,,,739931,770528
ADANIPORTS,F&O VOL,23656,17930,,,,,,,,,22026,22671
ADANIPORTS,F&O OI,52062,50680,,,,,,,,,54194,54254
ADANIPORTS,CALL VOL,6508,5107,,,,,,,,,7404,7599
ADANIPORTS,CALL OI,5173,4292,,,,,,,,,6253,6288
ADANIPORTS,PUT VOL,9280,5846,,,,,,,,,7755,7941
ADANIPORTS,PUT OI,7489,7543,,,,,,,,,7743,7718
ADANIPORTS,CALL SPRD,,,,,,,,,,,0.69,1.17
ADANIPORTS,PUT SPRD,,,,,,,,,,,1.1,1.08
ADANIPORTS,CALL OI FIX,7742,,,,,,,,,,8957,9026
ADANIPORTS,PUT OI FIX,6778,,,,,,,,,,6883,6862
ADANIPORTS,CALL DOI,,,,,,,,,,,916624,882439
ADANIPORTS,PUT DOI,,,,,,,,,,,-1912325,-1942039
ADANIPORTS,CALL GEX,,,,,,,,,,,172855,172580
ADANIPORTS,PUT GEX,,,,,,,,,,,198541,197478
ADANIPORTS,GEX STRIKE,,,,,,,,,,,1800.0,1800.0
ADANIPORTS,EXPIRY,,,,,,,,,,,2026-10-27,2026-10-27
ADANIPORTS,ATM IV,,,,,,,,,,,26.1,25.83
ADANIPOWER,PRICE,196.94,202.4,,,,196.0,199.72,197.87,198.47,196.96,190.9,190.14
ADANIPOWER,VWAP,,,,,,,,,,,192.18,192.08
ADANIPOWER,CASH VOL,18844725,23468966,6337278,44.01,50.12,,,,,,8848966,9362575
ADANIPOWER,F&O VOL,26219,25388,,,,,,,,,13046,13645
ADANIPOWER,F&O OI,83811,80079,,,,,,,,,86927,87039
ADANIPOWER,CALL VOL,3586,9387,,,,,,,,,2903,3064
ADANIPOWER,CALL OI,3393,2511,,,,,,,,,4416,4448
ADANIPOWER,PUT VOL,4538,4154,,,,,,,,,2744,2911
ADANIPOWER,PUT OI,4573,4209,,,,,,,,,4854,4859
ADANIPOWER,CALL SPRD,,,,,,,,,,,1.36,1.39
ADANIPOWER,PUT SPRD,,,,,,,,,,,1.19,1.45
ADANIPOWER,CALL OI FIX,7407,,,,,,,,,,9163,9234
ADANIPOWER,PUT OI FIX,5350,,,,,,,,,,5530,5543
ADANIPOWER,CALL DOI,,,,,,,,,,,5925444,5716154
ADANIPOWER,PUT DOI,,,,,,,,,,,-9020930,-9299151
ADANIPOWER,CALL GEX,,,,,,,,,,,671095,666527
ADANIPOWER,PUT GEX,,,,,,,,,,,674807,673719
ADANIPOWER,GEX STRIKE,,,,,,,,,,,200.0,200.0
ADANIPOWER,EXPIRY,,,,,,,,,,,2026-10-27,2026-10-27
ADANIPOWER,ATM IV,,,,,,,,,,,37.95,37.95
ALKEM,PRICE,5350.5,5292.0,,,,5407.0,5349.75,5348.25,5216.08,5208.25,5351.0,5351.0
ALKEM,VWAP,,,,,,,,,,,5352.14,5352.05
ALKEM,CASH VOL,205152,63668,48235,59.55,52.4,,,,,,25884,26728
ALKEM,F&O VOL,10796,3684,,,,,,,,,1592,1702
ALKEM,F&O OI,18764,18688,,,,,,,,,18748,18760
ALKEM,CALL VOL,5423,1862,,,,,,,,,966,988
ALKEM,CALL OI,1265,1183,,,,,,,,,1194,1201
ALKEM,PUT VOL,1584,550,,,,,,,,,248,281
ALKEM,PUT OI,1376,1390,,,,,,,,,1397,1386
ALKEM,CALL SPRD,,,,,,,,,,,4.27,5.1
ALKEM,PUT SPRD,,,,,,,,,,,3.43,3.52
ALKEM,CALL OI FIX,1265,,,,,,,,,,1194,1201
ALKEM,PUT OI FIX,1376,,,,,,,,,,1397,1386
ALKEM,CALL DOI,,,,,,,,,,,82650,83114
ALKEM,PUT DOI,,,,,,,,,,,-47816,-47258
ALKEM,CALL GEX,,,,,,,,,,,11166,11238
ALKEM,PUT GEX,,,,,,,,,,,9480,9386
ALKEM,GEX STRIKE,,,,,,,,,,,5150.0,5150.0
ALKEM,EXPIRY,,,,,,,,,,,2026-10-27,2026-10-27
ALKEM,ATM IV,,,,,,,,,,,24.08,24.08
AMBER,PRICE,6925.0,6869.0,,,,6839.5,6898.75,6846.25,6734.75,6578.25,6740.5,6680.0
AMBER,VWAP,,,,,,,,,,,6701.96,6703.6
AMBER,CASH VOL,91287,155584,26954,37.02,31.98,,,,,,99767,105795
AMBER,F&O VOL,11770,20260,,,,,,,,,12279,13162
AMBER,F&O OI,20804,20814,,,,,,,,,21138,21171
AMBER,CALL VOL,4087,10348,,,,,,,,,3340,3936
AMBER,CALL OI,4146,4237,,,,,,,,,4308,4292
AMBER,PUT VOL,3792,4573,,,,,,,,,6835,7335
AMBER,PUT OI,3100,2953,,,,,,,,,3053,3052
AMBER,CALL SPRD,,,,,,,,,,,1.18,3.13
AMBER,PUT SPRD,,,,,,,,,,,0.83,2.08
AMBER,CALL OI FIX,4483,,,,,,,,,,4642,4642
AMBER,PUT OI FIX,2727,,,,,,,,,,2655,2649
AMBER,CALL DOI,,,,,,,,,,,170872,150000
AMBER,PUT DOI,,,,,,,,,,,-126206,-138244
AMBER,CALL GEX,,,,,,,,,,,23021,22352
AMBER,PUT GEX,,,,,,,,,,,13525,13635
AMBER,GEX STRIKE,,,,,,,,,,,6700.0,6700.0
AMBER,EXPIRY,,,,,,,,,,,2026-10-27,2026-10-27
AMBER,ATM IV,,,,,,,,,,,30.29,30.15
AMBUJACEM,PRICE,356.9,361.55,,,,356.9,357.6,357.13,370.05,364.85,354.6,353.75
AMBUJACEM,VWAP,,,,,,,,,,,354.9,354.89
AMBUJACEM,CASH VOL,3466426,2356458,1254958,57.04,54.25,,,,,,377827,382906
AMBUJACEM,F&O VOL,577,957,,,,,,,,,65,67
AMBUJACEM,F&O OI,95217,95578,,,,,,,,,95173,95172
AMBUJACEM,CALL VOL,53,166,,,,,,,,,1,1
AMBUJACEM,CALL OI,2960,2994,,,,,,,,,2959,2959
AMBUJACEM,PUT VOL,59,86,,,,,,,,,1,1
AMBUJACEM,PUT OI,2715,2747,,,,,,,,,2714,2714
AMBUJACEM,CALL SPRD,,,,,,,,,,,174.32,174.32
AMBUJACEM,PUT SPRD,,,,,,,,,,,83.75,83.03
AMBUJACEM,CALL OI FIX,2960,,,,,,,,,,2959,2959
AMBUJACEM,PUT OI FIX,2715,,,,,,,,,,2714,2714
AMBUJACEM,CALL DOI,,,,,,,,,,,1098685,1058841
AMBUJACEM,PUT DOI,,,,,,,,,,,-1833086,-1870564
AMBUJACEM,CALL GEX,,,,,,,,,,,163355,160782
AMBUJACEM,PUT GEX,,,,,,,,,,,157681,156125
AMBUJACEM,GEX STRIKE,,,,,,,,,,,370.0,370.0
AMBUJACEM,EXPIRY,,,,,,,,,,,2026-10-27,2026-10-27
AMBUJACEM,ATM IV,,,,,,,,,,,24.89,24.89
ANGELONE,PRICE,302.0,295.0,,,,300.2,300.92,298.75,277.1,276.9,300.35,299.1
ANGELONE,VWAP,,,,,,,,,,,299.94,299.94
ANGELONE,CASH VOL,13538340,8198494,1544378,34.45,32.87,,,,,,946941,969440
ANGELONE,F&O VOL,49910,30709,,,,,,,,,3992,4113
ANGELONE,F&O OI,29220,28370,,,,,,,,,29316,29294
ANGELONE,CALL VOL,22664,16006,,,,,,,,,1746,1784
ANGELONE,CALL OI,7110,7617,,,,,,,,,7277,7278
ANGELONE,PUT VOL,12914,5616,,,,,,,,,1116,1181
ANGELONE,PUT OI,3716,3228,,,,,,,,,3691,3671
ANGELONE,CALL SPRD,,,,,,,,,,,1.28,0.87
ANGELONE,PUT SPRD,,,,,,,,,,,0.89,1.32
ANGELONE,CALL OI FIX,7110,,,,,,,,,,7277,7278
ANGELONE,PUT OI FIX,3716,,,,,,,,,,3691,3671
ANGELONE,CALL DOI,,,,,,,,,,,9429408,9138842
ANGELONE,PUT DOI,,,,,,,,,,,-3017317,-3122760
ANGELONE,CALL GEX,,,,,,,,,,,696252,696404
ANGELONE,PUT GEX,,,,,,,,,,,304941,308667
ANGELONE,GEX STRIKE,,,,,,,,,,,300.0,300.0
ANGELONE,EXPIRY,,,,,,,,,,,2026-10-27,2026-10-27
ANGELONE,ATM IV,,,,,,,,,,,42.86,42.87
APLAPOLLO,PRICE,2135.0,2152.0,,,,2125.0,2135.8,2135.27,2142.0,2124.47,2102.2,2103.7
APLAPOLLO,VWAP,,,,,,,,,,,2104.68,2104.48
APLAPOLLO,CASH VOL,613418,320327,239402,60.8,57.24,,,,,,34245,38433
APLAPOLLO,F&O VOL,7858,8824,,,,,,,,,1729,1790
APLAPOLLO,F&O OI,59277,58585,,,,,,,,,59575,59569
APLAPOLLO,CALL VOL,1888,3858,,,,,,,,,613,621
APLAPOLLO,CALL OI,4572,4402,,,,,,,,,4801,4806
APLAPOLLO,PUT VOL,2209,1754,,,,,,,,,505,535
APLAPOLLO,PUT OI,3475,3444,,,,,,,,,3517,3508
APLAPOLLO,CALL SPRD,,,,,,,,,,,1.5,1.28
APLAPOLLO,PUT SPRD,,,,,,,,,,,1.16,0.97
APLAPOLLO,CALL OI FIX,5137,,,,,,,,,,5363,5367
APLAPOLLO,PUT OI FIX,3638,,,,,,,,,,3658,3650
APLAPOLLO,CALL DOI,,,,,,,,,,,642647,649838
APLAPOLLO,PUT DOI,,,,,,,,,,,-654028,-646656
APLAPOLLO,CALL GEX,,,,,,,,,,,85866,85566
APLAPOLLO,PUT GEX,,,,,,,,,,,62543,62239
APLAPOLLO,GEX STRIKE,,,,,,,,,,,2200.0,2200.0
APLAPOLLO,EXPIRY,,,,,,,,,,,2026-10-27,2026-10-27
APLAPOLLO,ATM IV,,,,,,,,,,,30.86,31.14
APOLLOHOSP,PRICE,7917.0,7914.5,,,,7869.5,7901.17,7869.5,8408.0,8225.0,7854.5,7840.0
APOLLOHOSP,VWAP,,,,,,,,,,,7854.88,7854.29
APOLLOHOSP,CASH VOL,545499,1072883,149956,64.07,64.74,,,,,,100074,105392
APOLLOHOSP,F&O VOL,33636,72443,,,,,,,,,7966,8189
APOLLOHOSP,F&O OI,57459,55177,,,,,,,,,57605,57619
APOLLOHOSP,CALL VOL,13949,22219,,,,,,,,,3257,2957
APOLLOHOSP,CALL OI,7737,6826,,,,,,,,,9048,7832
APOLLOHOSP,PUT VOL,8744,25266,,,,,,,,,2182,2292
APOLLOHOSP,PUT OI,8541,8436,,,,,,,,,8761,8612
APOLLOHOSP,CALL SPRD,,,,,,,,,,,1.01,1.02
APOLLOHOSP,PUT SPRD,,,,,,,,,,,0.51,0.94
APOLLOHOSP,CALL OI FIX,8974,,,,,,,,,,9048,9039
APOLLOHOSP,PUT OI FIX,8728,,,,,,,,,,8761,8785
APOLLOHOSP,CALL DOI,,,,,,,,,,,373810,339268
APOLLOHOSP,PUT DOI,,,,,,,,,,,-518737,-499838
APOLLOHOSP,CALL GEX,,,,,,,,,,,69908,63018
APOLLOHOSP,PUT GEX,,,,,,,,,,,70433,69649
APOLLOHOSP,GEX STRIKE,,,,,,,,,,,8000.0,8000.0
APOLLOHOSP,EXPIRY,,,,,,,,,,,2026-10-27,2026-10-27
APOLLOHOSP,ATM IV,,,,,,,,,,,22.53,22.81
ASHOKLEY,PRICE,149.2,153.7,,,,149.5,151.02,149.81,153.69,151.55,148.37,148.19
ASHOKLEY,VWAP,,,,,,,,,,,148.53,148.52
ASHOKLEY,CASH VOL,11928149,9995070,2791195,40.18,53.66,,,,,,2092995,2176282
ASHOKLEY,F&O VOL,32602,21082,,,,,,,,,6681,7102
ASHOKLEY,F&O OI,52251,49471,,,,,,,,,52912,52927
ASHOKLEY,CALL VOL,11044,9001,,,,,,,,,2970,3113
ASHOKLEY,CALL OI,8172,7023,,,,,,,,,8522,8523
ASHOKLEY,PUT VOL,7700,4975,,,,,,,,,1742,1843
ASHOKLEY,PUT OI,7803,7170,,,,,,,,,7868,7884
ASHOKLEY,CALL SPRD,,,,,,,,,,,1.02,1.25
ASHOKLEY,PUT SPRD,,,,,,,,,,,1.11,1.09
ASHOKLEY,CALL OI FIX,8347,,,,,,,,,,8697,8703
ASHOKLEY,PUT OI FIX,7656,,,,,,,,,,7715,7731
ASHOKLEY,CALL DOI,,,,,,,,,,,13841285,13614966
ASHOKLEY,PUT DOI,,,,,,,,,,,-20487966,-20718597
ASHOKLEY,CALL GEX,,,,,,,,,,,1976849,1962544
ASHOKLEY,PUT GEX,,,,,,,,,,,1707759,1710025
ASHOKLEY,GEX STRIKE,,,,,,,,,,,155.0,155.0
ASHOKLEY,EXPIRY,,,,,,,,,,,2026-10-27,2026-10-27
ASHOKLEY,ATM IV,,,,,,,,,,,31.34,31.34
ASIANPAINT,PRICE,2372.1,2424.2,,,,2364.4,2381.7,2375.3,2409.3,2407.77,2357.5,2353.9
ASIANPAINT,VWAP,,,,,,,,,,,2353.85,2354.0
ASIANPAINT,CASH VOL,522763,439473,190230,51.78,57.61,,,,,,114044,122903
ASIANPAINT,F&O VOL,27819,23948,,,,,,,,,5717,5990
ASIANPAINT,F&O OI,51071,50105,,,,,,,,,51208,51221
ASIANPAINT,CALL VOL,8718,8874,,,,,,,,,2069,2164
ASIANPAINT,CALL OI,5114,4531,,,,,,,,,5325,5326
ASIANPAINT,PUT VOL,10117,5940,,,,,,,,,1855,1962
ASIANPAINT,PUT OI,4644,5098,,,,,,,,,4686,4697
ASIANPAINT,CALL SPRD,,,,,,,,,,,1.26,1.41
ASIANPAINT,PUT SPRD,,,,,,,,,,,0.96,0.8
ASIANPAINT,CALL OI FIX,5418,,,,,,,,,,5655,5653
ASIANPAINT,PUT OI FIX,4503,,,,,,,,,,4566,4584
ASIANPAINT,CALL DOI,,,,,,,,,,,536228,521222
ASIANPAINT,PUT DOI,,,,,,,,,,,-512365,-523650
ASIANPAINT,CALL GEX,,,,,,,,,,,101407,100618
ASIANPAINT,PUT GEX,,,,,,,,,,,79040,79494
ASIANPAINT,GEX STRIKE,,,,,,,,,,,2400.0,2400.0
ASIANPAINT,EXPIRY,,,,,,,,,,,2026-10-27,2026-10-27
ASIANPAINT,ATM IV,,,,,,,,,,,21.18,21.18
ASTRAL,PRICE,1427.7,1402.3,,,,1428.0,1424.83,1419.1,1354.5,1347.5,1436.1,1438.8
ASTRAL,VWAP,,,,,,,,,,,1439.96,1439.78
ASTRAL,CASH VOL,759824,359782,151673,40.23,49.94,,,,,,127630,138747
ASTRAL,F&O VOL,28702,9658,,,,,,,,,5896,6458
ASTRAL,F&O OI,19290,18020,,,,,,,,,19328,19425
ASTRAL,CALL VOL,15771,5227,,,,,,,,,3610,3894
ASTRAL,CALL OI,2944,2302,,,,,,,,,2871,2939
ASTRAL,PUT VOL,6185,1395,,,,,,,,,1225,1390
ASTRAL,PUT OI,1932,1297,,,,,,,,,1941,1964
ASTRAL,CALL SPRD,,,,,,,,,,,1.42,1.54
ASTRAL,PUT SPRD,,,,,,,,,,,1.56,1.72
ASTRAL,CALL OI FIX,2835,,,,,,,,,,2732,2794
ASTRAL,PUT OI FIX,2120,,,,,,,,,,2123,2145
ASTRAL,CALL DOI,,,,,,,,,,,591923,613947
ASTRAL,PUT DOI,,,,,,,,,,,-308078,-302029
ASTRAL,CALL GEX,,,,,,,,,,,70121,71840
ASTRAL,PUT GEX,,,,,,,,,,,42897,42955
ASTRAL,GEX STRIKE,,,,,,,,,,,1440.0,1440.0
ASTRAL,EXPIRY,,,,,,,,,,,2026-10-27,2026-10-27
ASTRAL,ATM IV,,,,,,,,,,,26.04,26.04
AUBANK,PRICE,993.4,1028.0,,,,997.9,1007.65,998.15,995.35,989.78,991.4,989.7
AUBANK,VWAP,,,,,,,,,,,991.25,991.23
AUBANK,CASH VOL,1757696,1179591,397362,48.35,43.01,,,,,,116466,119103
AUBANK,F&O VOL,19279,12018,,,,,,,,,4074,4187
AUBANK,F&O OI,35435,34401,,,,,,,,,34989,34989
AUBANK,CALL VOL,5024,2951,,,,,,,,,1651,1705
AUBANK,CALL OI,3280,2779,,,,,,,,,2937,2942
AUBANK,PUT VOL,5118,3384,,,,,,,,,679,702
AUBANK,PUT OI,3729,3563,,,,,,,,,3782,3774
AUBANK,CALL SPRD,,,,,,,,,,,0.81,0.84
AUBANK,PUT SPRD,,,,,,,,,,,1.03,1.0
AUBANK,CALL OI FIX,3280,,,,,,,,,,2937,2942
AUBANK,PUT OI FIX,3729,,,,,,,,,,3782,3774
AUBANK,CALL DOI,,,,,,,,,,,1237767,1213279
AUBANK,PUT DOI,,,,,,,,,,,-1703712,-1734494
AUBANK,CALL GEX,,,,,,,,,,,159887,159376
AUBANK,PUT GEX,,,,,,,,,,,198070,198068
AUBANK,GEX STRIKE,,,,,,,,,,,1000.0,1000.0
AUBANK,EXPIRY,,,,,,,,,,,2026-10-27,2026-10-27
AUBANK,ATM IV,,,,,,,,,,,30.66,30.66
AUROPHARMA,PRICE,1682.0,1692.8,,,,1679.1,1684.7,1682.9,1681.5,1678.37,1670.0,1665.8
AUROPHARMA,VWAP,,,,,,,,,,,1672.77,1672.59
AUROPHARMA,CASH VOL,438151,1009636,148417,49.35,62.68,,,,,,50844,52388
AUROPHARMA,F&O VOL,9265,7393,,,,,,,,,2186,2295
AUROPHARMA,F&O OI,36183,35511,,,,,,,,,36414,36415
AUROPHARMA,CALL VOL,2951,2494,,,,,,,,,815,842
AUROPHARMA,CALL OI,4942,4528,,,,,,,,,5038,5036
AUROPHARMA,PUT VOL,2735,2143,,,,,,,,,855,901
AUROPHARMA,PUT OI,4545,4399,,,,,,,,,4592,4590
AUROPHARMA,CALL SPRD,,,,,,,,,,,1.22,1.27
AUROPHARMA,PUT SPRD,,,,,,,,,,,1.45,1.39
AUROPHARMA,CALL OI FIX,5198,,,,,,,,,,5297,5296
AUROPHARMA,PUT OI FIX,4454,,,,,,,,,,4504,4502
AUROPHARMA,CALL DOI,,,,,,,,,,,1282656,1240130
AUROPHARMA,PUT DOI,,,,,,,,,,,-1043832,-1080524
AUROPHARMA,CALL GEX,,,,,,,,,,,166659,165788
AUROPHARMA,PUT GEX,,,,,,,,,,,148022,149029
AUROPHARMA,GEX STRIKE,,,,,,,,,,,1700.0,1700.0
AUROPHARMA,EXPIRY,,,,,,,,,,,2026-10-27,2026-10-27
AUROPHARMA,ATM IV,,,,,,,,,,,26.57,26.57
AXISBANK,PRICE,1242.5,1248.0,,,,1244.7,1244.6,1243.2,1216.75,1216.05,1237.2,1239.7
AXISBANK,VWAP,,,,,,,,,,,1237.19,1237.37
AXISBANK,CASH VOL,9678421,7518330,1909428,56.22,54.56,,,,,,990966,1078919
AXISBANK,F&O VOL,99017,77756,,,,,,,,,11608,13994
AXISBANK,F&O OI,210241,203465,,,,,,,,,211013,212105
AXISBANK,CALL VOL,31845,31184,,,,,,,,,3583,4163
AXISBANK,CALL OI,24406,22126,,,,,,,,,24673,24662
AXISBANK,PUT VOL,27828,20084,,,,,,,,,4251,4791
AXISBANK,PUT OI,11677,11117,,,,,,,,,11674,11690
AXISBANK,CALL SPRD,,,,,,,,,,,0.49,0.95
AXISBANK,PUT SPRD,,,,,,,,,,,0.77,0.59
AXISBANK,CALL OI FIX,24406,,,,,,,,,,24673,24662
AXISBANK,PUT OI FIX,11677,,,,,,,,,,11674,11690
AXISBANK,CALL DOI,,,,,,,,,,,7695143,7898353
AXISBANK,PUT DOI,,,,,,,,,,,-2955621,-2861813
AXISBANK,CALL GEX,,,,,,,,,,,1019671,1019373
AXISBANK,PUT GEX,,,,,,,,,,,451028,447798
AXISBANK,GEX STRIKE,,,,,,,,,,,1220.0,1220.0
AXISBANK,EXPIRY,,,,,,,,,,,2026-10-27,2026-10-27
AXISBANK,ATM IV,,,,,,,,,,,25.19,25.19
BAJAJ-AUTO,PRICE,9884.0,10017.0,,,,9840.0,9876.67,9862.0,10585.0,10225.0,9850.0,9838.0
BAJAJ-AUTO,VWAP,,,,,,,,,,,9845.54,9845.54
BAJAJ-AUTO,CASH VOL,442314,159069,138673,52.2,53.96,,,,,,28760,29809
BAJAJ-AUTO,F&O VOL,104938,47619,,,,,,,,,11302,11910
BAJAJ-AUTO,F&O OI,90825,83874,,,,,,,,,91140,91089
BAJAJ-AUTO,CALL VOL,32679,11265,,,,,,,,,3476,3662
BAJAJ-AUTO,CALL OI,11373,7653,,,,,,,,,11846,11862
BAJAJ-AUTO,PUT VOL,32277,11035,,,,,,,,,3060,3219
BAJAJ-AUTO,PUT OI,8958,8245,,,,,,,,,8985,8977
BAJAJ-AUTO,CALL SPRD,,,,,,,,,,,1.23,0.68
BAJAJ-AUTO,PUT SPRD,,,,,,,,,,,0.84,0.92
BAJAJ-AUTO,CALL OI FIX,12876,,,,,,,,,,13401,13391
BAJAJ-AUTO,PUT OI FIX,8890,,,,,,,,,,8911,8903
BAJAJ-AUTO,CALL DOI,,,,,,,,,,,343198,335208
BAJAJ-AUTO,PUT DOI,,,,,,,,,,,-300052,-305069
BAJAJ-AUTO,CALL GEX,,,,,,,,,,,70941,70561
BAJAJ-AUTO,PUT GEX,,,,,,,,,,,43372,43437
BAJAJ-AUTO,GEX STRIKE,,,,,,,,,,,10000.0,10000.0
BAJAJ-AUTO,EXPIRY,,,,,,,,,,,2026-10-27,2026-10-27
BAJAJ-AUTO,ATM IV,,,,,,,,,,,21.08,21.08
BAJAJFINSV,PRICE,1743.3,1752.4,,,,1727.3,1743.35,1743.32,1735.55,1733.58,1717.8,1715.3
BAJAJFINSV,VWAP,,,,,,,,,,,1718.04,1717.98
BAJAJFINSV,CASH VOL,990041,552353,234033,61.19,56.94,,,,,,102289,106966
BAJAJFINSV,F&O VOL,19545,13409,,,,,,,,,5723,6060
BAJAJFINSV,F&O OI,48452,48081,,,,,,,,,48542,48522
BAJAJFINSV,CALL VOL,7343,5044,,,,,,,,,2111,2179
BAJAJFINSV,CALL OI,4392,3993,,,,,,,,,4459,4461
BAJAJFINSV,PUT VOL,5549,4083,,,,,,,,,1948,2120
BAJAJFINSV,PUT OI,5433,5147,,,,,,,,,5406,5399
BAJAJFINSV,CALL SPRD,,,,,,,,,,,0.86,1.01
BAJAJFINSV,PUT SPRD,,,,,,,,,,,1.17,1.01
BAJAJFINSV,CALL OI FIX,6052,,,,,,,,,,6135,6139
BAJAJFINSV,PUT OI FIX,5498,,,,,,,,,,5475,5480
BAJAJFINSV,CALL DOI,,,,,,,,,,,501097,488709
BAJAJFINSV,PUT DOI,,,,,,,,,,,-733843,-748774
BAJAJFINSV,CALL GEX,,,,,,,,,,,86371,85593
BAJAJFINSV,PUT GEX,,,,,,,,,,,101315,101506
BAJAJFINSV,GEX STRIKE,,,,,,,,,,,1700.0,1700.0
BAJAJFINSV,EXPIRY,,,,,,,,,,,2026-10-27,2026-10-27
BAJAJFINSV,ATM IV,,,,,,,,,,,24.2,24.2
BAJAJHLDNG,PRICE,10662.0,10600.0,,,,10630.0,10673.5,10665.83,10677.5,10669.83,10758.0,10755.0
BAJAJHLDNG,VWAP,,,,,,,,,,,10722.56,10724.99
BAJAJHLDNG,CASH VOL,39078,39830,12193,57.49,56.31,,,,,,7089,7572
BAJAJHLDNG,F&O VOL,2335,988,,,,,,,,,571,591
BAJAJHLDNG,F&O OI,4123,4010,,,,,,,,,4131,4135
BAJAJHLDNG,CALL VOL,375,160,,,,,,,,,140,157
BAJAJHLDNG,CALL OI,244,231,,,,,,,,,241,245
BAJAJHLDNG,PUT VOL,51,351,,,,,,,,,3,3
BAJAJHLDNG,PUT OI,539,542,,,,,,,,,541,541
BAJAJHLDNG,CALL SPRD,,,,,,,,,,,29.22,28.94
BAJAJHLDNG,PUT SPRD,,,,,,,,,,,33.89,33.89
BAJAJHLDNG,CALL OI FIX,238,,,,,,,,,,235,239
BAJAJHLDNG,PUT OI FIX,537,,,,,,,,,,539,539
BAJAJHLDNG,CALL DOI,,,,,,,,,,,8129,8214
BAJAJHLDNG,PUT DOI,,,,,,,,,,,-17138,-17205
BAJAJHLDNG,CALL GEX,,,,,,,,,,,1183,1202
BAJAJHLDNG,PUT GEX,,,,,,,,,,,2382,2384
BAJAJHLDNG,GEX STRIKE,,,,,,,,,,,10700.0,10700.0
BAJAJHLDNG,EXPIRY,,,,,,,,,,,2026-10-27,2026-10-27
BAJAJHLDNG,ATM IV,,,,,,,,,,,25.45,25.45
BAJFINANCE,PRICE,963.85,963.1,,,,956.5,968.35,965.35,964.8,953.8,957.6,955.2
BAJFINANCE,VWAP,,,,,,,,,,,953.45,953.58
BAJFINANCE,CASH VOL,11415155,4380406,1787724,55.88,57.02,,,,,,1972166,2052652
BAJFINANCE,F&O VOL,90628,35001,,,,,,,,,18658,19336
BAJFINANCE,F&O OI,131171,131557,,,,,,,,,132188,132337
BAJFINANCE,CALL VOL,35890,12940,,,,,,,,,6962,7155
BAJFINANCE,CALL OI,12514,12634,,,,,,,,,12460,12497
BAJFINANCE,PUT VOL,20473,8769,,,,,,,,,4475,4625
BAJFINANCE,PUT OI,11798,11580,,,,,,,,,12144,12178
BAJFINANCE,CALL SPRD,,,,,,,,,,,0.73,0.76
BAJFINANCE,PUT SPRD,,,,,,,,,,,0.99,0.77
BAJFINANCE,CALL OI FIX,12514,,,,,,,,,,12460,12497
BAJFINANCE,PUT OI FIX,11798,,,,,,,,,,12144,12178
BAJFINANCE,CALL DOI,,,,,,,,,,,3741266,3627826
BAJFINANCE,PUT DOI,,,,,,,,,,,-4409223,-4543327
BAJFINANCE,CALL GEX,,,,,,,,,,,495867,492482
BAJFINANCE,PUT GEX,,,,,,,,,,,489338,490851
BAJFINANCE,GEX STRIKE,,,,,,,,,,,1000.0,1000.0
BAJFINANCE,EXPIRY,,,,,,,,,,,2026-10-27,2026-10-27
BAJFINANCE,ATM IV,,,,,,,,,,,30.41,30.41
BANDHANBNK,PRICE,162.99,164.15,,,,163.29,164.46,163.48,179.93,177.31,158.88,158.48
BANDHANBNK,VWAP,,,,,,,,,,,159.78,159.74
BANDHANBNK,CASH VOL,10016167,12148002,1997409,34.87,44.14,,,,,,3315993,3464310
BANDHANBNK,F&O VOL,532,817,,,,,,,,,250,269
BANDHANBNK,F&O OI,52961,53302,,,,,,,,,52905,52890
BANDHANBNK,CALL VOL,4,32,,,,,,,,,2,3
BANDHANBNK,CALL OI,471,470,,,,,,,,,475,473
BANDHANBNK,PUT VOL,27,75,,,,,,,,,2,2
BANDHANBNK,PUT OI,1491,1498,,,,,,,,,1511,1491
BANDHANBNK,CALL SPRD,,,,,,,,,,,69.7,
BANDHANBNK,PUT SPRD,,,,,,,,,,,36.63,188.16
BANDHANBNK,CALL OI FIX,829,,,,,,,,,,833,833
BANDHANBNK,PUT OI FIX,2259,,,,,,,,,,2259,2258
BANDHANBNK,CALL DOI,,,,,,,,,,,798409,785265
BANDHANBNK,PUT DOI,,,,,,,,,,,-2968549,-2948732
BANDHANBNK,CALL GEX,,,,,,,,,,,46773,46339
BANDHANBNK,PUT GEX,,,,,,,,,,,157846,155155
BANDHANBNK,GEX STRIKE,,,,,,,,,,,170.0,170.0
BANDHANBNK,EXPIRY,,,,,,,,,,,2026-10-27,2026-10-27
BANDHANBNK,ATM IV,,,,,,,,,,,76.34,
BANKBARODA,PRICE,234.55,232.73,,,,234.55,234.13,233.28,230.47,229.76,239.18,238.84
BANKBARODA,VWAP,,,,,,,,,,,237.27,237.38
BANKBARODA,CASH VOL,6320157,5312668,1549158,42.43,59.15,,,,,,4272090,4543948
BANKBARODA,F&O VOL,24615,13555,,,,,,,,,13906,15133
BANKBARODA,F&O OI,74110,73711,,,,,,,,,75231,75267
BANKBARODA,CALL VOL,11739,6808,,,,,,,,,6868,7424
BANKBARODA,CALL OI,8971,8726,,,,,,,,,9158,9129
BANKBARODA,PUT VOL,3819,2416,,,,,,,,,2738,3078
BANKBARODA,PUT OI,5356,4993,,,,,,,,,5785,5852
BANKBARODA,CALL SPRD,,,,,,,,,,,0.37,0.77
BANKBARODA,PUT SPRD,,,,,,,,,,,1.07,1.03
BANKBARODA,CALL OI FIX,7895,,,,,,,,,,8016,8001
BANKBARODA,PUT OI FIX,5888,,,,,,,,,,6292,6357
BANKBARODA,CALL DOI,,,,,,,,,,,14197091,13909309
BANKBARODA,PUT DOI,,,,,,,,,,,-6109158,-6317285
BANKBARODA,CALL GEX,,,,,,,,,,,1736437,1734217
BANKBARODA,PUT GEX,,,,,,,,,,,932254,950928
BANKBARODA,GEX STRIKE,,,,,,,,,,,240.0,240.0
BANKBARODA,EXPIRY,,,,,,,,,,,2026-10-27,2026-10-27
BANKBARODA,ATM IV,,,,,,,,,,,25.36,25.36
BANKINDIA,PRICE,133.55,132.16,,,,134.0,133.28,132.72,132.12,130.36,135.14,134.93
BANKINDIA,VWAP,,,,,,,,,,,134.39,134.44
BANKINDIA,CASH VOL,9853574,3280724,1847466,37.55,42.48,,,,,,2200695,2314265
BANKINDIA,F&O VOL,20083,4320,,,,,,,,,2536,2728
BANKINDIA,F&O OI,23323,25417,,,,,,,,,23221,23186
BANKINDIA,CALL VOL,10415,1973,,,,,,,,,1494,1594
BANKINDIA,CALL OI,4749,5434,,,,,,,,,4727,4714
BANKINDIA,PUT VOL,5214,1137,,,,,,,,,396,434
BANKINDIA,PUT OI,3383,4688,,,,,,,,,3389,3390
BANKINDIA,CALL SPRD,,,,,,,,,,,1.65,0.96
BANKINDIA,PUT SPRD,,,,,,,,,,,1.52,2.01
BANKINDIA,CALL OI FIX,4654,,,,,,,,,,4635,4625
BANKINDIA,PUT OI FIX,3687,,,,,,,,,,3687,3689
BANKINDIA,CALL DOI,,,,,,,,,,,10309329,10076049
BANKINDIA,PUT DOI,,,,,,,,,,,-6874610,-6995213
BANKINDIA,CALL GEX,,,,,,,,,,,1168740,1153661
BANKINDIA,PUT GEX,,,,,,,,,,,720437,727412
BANKINDIA,GEX STRIKE,,,,,,,,,,,135.0,135.0
BANKINDIA,EXPIRY,,,,,,,,,,,2026-10-27,2026-10-27
BANKINDIA,ATM IV,,,,,,,,,,,33.59,33.57
BDL,PRICE,1085.0,1101.8,,,,1083.7,1091.75,1087.25,1106.05,1093.95,1069.7,1067.9
BDL,VWAP,,,,,,,,,,,1070.61,1070.57
BDL,CASH VOL,790105,729165,209543,31.9,35.93,,,,,,210349,216023
BDL,F&O VOL,13491,8982,,,,,,,,,3782,3930
BDL,F&O OI,36439,36007,,,,,,,,,36926,36946
BDL,CALL VOL,4398,3415,,,,,,,,,1614,1694
BDL,CALL OI,3724,3798,,,,,,,,,3987,4003
BDL,PUT VOL,2733,1330,,,,,,,,,675,724
BDL,PUT OI,5608,5097,,,,,,,,,5671,5677
BDL,CALL SPRD,,,,,,,,,,,0.97,1.84
BDL,PUT SPRD,,,,,,,,,,,1.21,1.68
BDL,CALL OI FIX,4283,,,,,,,,,,4553,4569
BDL,PUT OI FIX,5634,,,,,,,,,,5708,5714
BDL,CALL DOI,,,,,,,,,,,557881,550622
BDL,PUT DOI,,,,,,,,,,,-1236955,-1253720
BDL,CALL GEX,,,,,,,,,,,71399,70922
BDL,PUT GEX,,,,,,,,,,,95220,95688
BDL,GEX STRIKE,,,,,,,,,,,1100.0,1100.0
BDL,EXPIRY,,,,,,,,,,,2026-10-27,2026-10-27
BDL,ATM IV,,,,,,,,,,,36.22,36.28
BEL,PRICE,378.3,387.4,,,,378.0,382.25,379.62,386.05,384.08,373.7,373.8
BEL,VWAP,,,,,,,,,,,373.87,373.87
BEL,CASH VOL,13636290,10038178,3374168,62.14,60.11,,,,,,1759261,1830624
BEL,F&O VOL,45620,34734,,,,,,,,,15331,16050
BEL,F&O OI,114368,105915,,,,,,,,,115580,115574
BEL,CALL VOL,18500,14306,,,,,,,,,6876,7168
BEL,CALL OI,14773,11492,,,,,,,,,15652,15641
BEL,PUT VOL,13034,6800,,,,,,,,,3461,3741
BEL,PUT OI,13458,11633,,,,,,,,,13503,13492
BEL,CALL SPRD,,,,,,,,,,,1.09,1.08
BEL,PUT SPRD,,,,,,,,,,,1.14,1.17
BEL,CALL OI FIX,15842,,,,,,,,,,16783,16790
BEL,PUT OI FIX,12984,,,,,,,,,,13084,13072
BEL,CALL DOI,,,,,,,,,,,6337872,6375087
BEL,PUT DOI,,,,,,,,,,,-10965078,-10910048
BEL,CALL GEX,,,,,,,,,,,1181938,1188224
BEL,PUT GEX,,,,,,,,,,,1020434,1014971
BEL,GEX STRIKE,,,,,,,,,,,390.0,390.0
BEL,EXPIRY,,,,,,,,,,,2026-10-27,2026-10-27
BEL,ATM IV,,,,,,,,,,,26.29,26.36
BHARATFORG,PRICE,1841.8,1880.0,,,,1836.7,1848.95,1844.18,1919.85,1889.95,1829.6,1835.3
BHARATFORG,VWAP,,,,,,,,,,,1823.46,1824.86
BHARATFORG,CASH VOL,410629,1089594,127519,43.58,61.03,,,,,,72932,83193
BHARATFORG,F&O VOL,11261,11788,,,,,,,,,2102,2502
BHARATFORG,F&O OI,28590,26847,,,,,,,,,28737,28730
BHARATFORG,CALL VOL,3211,4319,,,,,,,,,760,956
BHARATFORG,CALL OI,2642,2427,,,,,,,,,2180,2693
BHARATFORG,PUT VOL,4076,2642,,,,,,,,,525,614
BHARATFORG,PUT OI,3771,2707,,,,,,,,,3766,3799
BHARATFORG,CALL SPRD,,,,,,,,,,,1.42,1.54
BHARATFORG,PUT SPRD,,,,,,,,,,,1.81,1.79
BHARATFORG,CALL OI FIX,2642,,,,,,,,,,2692,2693
BHARATFORG,PUT OI FIX,3771,,,,,,,,,,3798,3799
BHARATFORG,CALL DOI,,,,,,,,,,,417581,490864
BHARATFORG,PUT DOI,,,,,,,,,,,-885090,-888293
BHARATFORG,CALL GEX,,,,,,,,,,,68487,81761
BHARATFORG,PUT GEX,,,,,,,,,,,100675,101423
BHARATFORG,GEX STRIKE,,,,,,,,,,,1900.0,1900.0
BHARATFORG,EXPIRY,,,,,,,,,,,2026-10-27,2026-10-27
BHARATFORG,ATM IV,,,,,,,,,,,27.34,27.98
BHARTIARTL,PRICE,1833.9,1810.5,,,,1847.8,1833.47,1832.6,1756.9,1746.37,1821.8,1820.6
BHARTIARTL,VWAP,,,,,,,,,,,1822.74,1822.71
BHARTIARTL,CASH VOL,13920833,5155150,2389688,66.95,57.9,,,,,,1794880,1840319
BHARTIARTL,F&O VOL,278690,85304,,,,,,,,,34643,36902
BHARTIARTL,F&O OI,200830,180625,,,,,,,,,203624,203786
BHARTIARTL,CALL VOL,152008,48744,,,,,,,,,16429,17214
BHARTIARTL,CALL OI,42537,29341,,,,,,,,,43065,43109
BHARTIARTL,PUT VOL,82183,19177,,,,,,,,,12256,12746
BHARTIARTL,PUT OI,24933,19712,,,,,,,,,25286,25312
BHARTIARTL,CALL SPRD,,,,,,,,,,,0.86,1.07
BHARTIARTL,PUT SPRD,,,,,,,,,,,0.96,1.39
BHARTIARTL,CALL OI FIX,43722,,,,,,,,,,44311,44338
BHARTIARTL,PUT OI FIX,23736,,,,,,,,,,24089,24114
BHARTIARTL,CALL DOI,,,,,,,,,,,9380096,9242823
BHARTIARTL,PUT DOI,,,,,,,,,,,-4279245,-4347822
BHARTIARTL,CALL GEX,,,,,,,,,,,2174766,2174439
BHARTIARTL,PUT GEX,,,,,,,,,,,990732,996874
BHARTIARTL,GEX STRIKE,,,,,,,,,,,1840.0,1840.0
BHARTIARTL,EXPIRY,,,,,,,,,,,2026-10-27,2026-10-27
BHARTIARTL,ATM IV,,,,,,,,,,,14.77,14.77
BHEL,PRICE,448.5,452.0,,,,448.8,451.27,449.42,419.12,415.38,445.6,445.25
BHEL,VWAP,,,,,,,,,,,445.61,445.61
BHEL,CASH VOL,14450998,22865195,4000356,44.37,30.28,,,,,,4577316,4778598
BHEL,F&O VOL,45394,99759,,,,,,,,,17940,18655
BHEL,F&O OI,56799,55760,,,,,,,,,57406,57426
BHEL,CALL VOL,16210,43559,,,,,,,,,6185,6463
BHEL,CALL OI,8858,7602,,,,,,,,,9168,9169
BHEL,PUT VOL,10811,20554,,,,,,,,,4823,5029
BHEL,PUT OI,5954,6043,,,,,,,,,5969,5971
BHEL,CALL SPRD,,,,,,,,,,,0.91,0.9
BHEL,PUT SPRD,,,,,,,,,,,1.34,1.34
BHEL,CALL OI FIX,8082,,,,,,,,,,8401,8400
BHEL,PUT OI FIX,4865,,,,,,,,,,4922,4919
BHEL,CALL DOI,,,,,,,,,,,12686887,12527167
BHEL,PUT DOI,,,,,,,,,,,-6219605,-6250885
BHEL,CALL GEX,,,,,,,,,,,1124675,1080444
BHEL,PUT GEX,,,,,,,,,,,585231,598277
BHEL,GEX STRIKE,,,,,,,,,,,450.0,450.0
BHEL,EXPIRY,,,,,,,,,,,2026-10-27,2026-10-27
BHEL,ATM IV,,,,,,,,,,,38.43,38.34
BIOCON,PRICE,360.0,369.1,,,,360.5,363.4,361.13,372.4,371.27,357.9,357.3
BIOCON,VWAP,,,,,,,,,,,358.46,358.45
BIOCON,CASH VOL,4416752,4647884,1452756,51.16,75.78,,,,,,238257,243102
BIOCON,F&O VOL,16402,7377,,,,,,,,,2915,2973
BIOCON,F&O OI,37092,34245,,,,,,,,,37131,37129
BIOCON,CALL VOL,5162,1755,,,,,,,,,1425,1242
BIOCON,CALL OI,3647,2254,,,,,,,,,4298,3771
BIOCON,PUT VOL,5019,1645,,,,,,,,,731,796
BIOCON,PUT OI,4935,4005,,,,,,,,,4907,5028
BIOCON,CALL SPRD,,,,,,,,,,,1.22,1.85
BIOCON,PUT SPRD,,,,,,,,,,,1.64,1.47
BIOCON,CALL OI FIX,4292,,,,,,,,,,4298,4301
BIOCON,PUT OI FIX,4788,,,,,,,,,,4907,4907
BIOCON,CALL DOI,,,,,,,,,,,3211362,2926696
BIOCON,PUT DOI,,,,,,,,,,,-6408794,-6448716
BIOCON,CALL GEX,,,,,,,,,,,572017,517355
BIOCON,PUT GEX,,,,,,,,,,,687945,693968
BIOCON,GEX STRIKE,,,,,,,,,,,360.0,360.0
BIOCON,EXPIRY,,,,,,,,,,,2026-10-27,2026-10-27
BIOCON,ATM IV,,,,,,,,,,,26.78,26.87
BLUESTARCO,PRICE,1530.1,1571.5,,,,1532.8,1552.55,1537.58,1518.75,1479.32,1541.5,1536.2
BLUESTARCO,VWAP,,,,,,,,,,,1527.09,1528.71
BLUESTARCO,CASH VOL,436486,867322,99314,34.72,35.36,,,,,,56592,63766
BLUESTARCO,F&O VOL,12420,25788,,,,,,,,,1319,1676
BLUESTARCO,F&O OI,29192,27926,,,,,,,,,29242,29249
BLUESTARCO,CALL VOL,3746,16363,,,,,,,,,689,857
BLUESTARCO,CALL OI,3112,3383,,,,,,,,,3171,3192
BLUESTARCO,PUT VOL,2321,3597,,,,,,,,,223,336
BLUESTARCO,PUT OI,2084,2141,,,,,,,,,2070,2045
BLUESTARCO,CALL SPRD,,,,,,,,,,,1.38,2.01
BLUESTARCO,PUT SPRD,,,,,,,,,,,2.54,2.06
BLUESTARCO,CALL OI FIX,3112,,,,,,,,,,3171,3192
BLUESTARCO,PUT OI FIX,2084,,,,,,,,,,2070,2045
BLUESTARCO,CALL DOI,,,,,,,,,,,524537,508780
BLUESTARCO,PUT DOI,,,,,,,,,,,-256594,-263738
BLUESTARCO,CALL GEX,,,,,,,,,,,55591,56108
BLUESTARCO,PUT GEX,,,,,,,,,,,28075,28040
BLUESTARCO,GEX STRIKE,,,,,,,,,,,1600.0,1600.0
BLUESTARCO,EXPIRY,,,,,,,,,,,2026-10-27,2026-10-27
BLUESTARCO,ATM IV,,,,,,,,,,,34.82,34.82
BOSCHLTD,PRICE,44410.0,45000.0,,,,44410.0,44652.5,44490.83,46210.0,45723.33,43965.0,43850.0
BOSCHLTD,VWAP,,,,,,,,,,,43985.03,43982.34
BOSCHLTD,CASH VOL,21193,21643,5109,45.32,50.22,,,,,,2832,2959
BOSCHLTD,F&O VOL,11638,8828,,,,,,,,,4326,4643
BOSCHLTD,F&O OI,17714,16638,,,,,,,,,18142,18150
BOSCHLTD,CALL VOL,1478,1178,,,,,,,,,704,735
BOSCHLTD,CALL OI,1478,1202,,,,,,,,,1606,1609
BOSCHLTD,PUT VOL,2663,1679,,,,,,,,,952,994
BOSCHLTD,PUT OI,2868,2830,,,,,,,,,2916,2914
BOSCHLTD,CALL SPRD,,,,,,,,,,,2.38,2.4
BOSCHLTD,PUT SPRD,,,,,,,,,,,2.65,2.06
BOSCHLTD,CALL OI FIX,2049,,,,,,,,,,2219,2223
BOSCHLTD,PUT OI FIX,3180,,,,,,,,,,3228,3226
BOSCHLTD,CALL DOI,,,,,,,,,,,12975,12256
BOSCHLTD,PUT DOI,,,,,,,,,,,-27868,-28956
BOSCHLTD,CALL GEX,,,,,,,,,,,2465,2443
BOSCHLTD,PUT GEX,,,,,,,,,,,4280,4269
BOSCHLTD,GEX STRIKE,,,,,,,,,,,45000.0,45000.0
BOSCHLTD,EXPIRY,,,,,,,,,,,2026-10-27,2026-10-27
BOSCHLTD,ATM IV,,,,,,,,,,,23.94,23.89
BPCL,PRICE,296.35,300.5,,,,295.1,296.7,296.47,302.5,301.23,290.6,290.65
BPCL,VWAP,,,,,,,,,,,292.0,291.89
BPCL,CASH VOL,6249901,6314935,1958021,61.85,57.65,,,,,,1094055,1167028
BPCL,F&O VOL,10514,15985,,,,,,,,,4400,4638
BPCL,F&O OI,30808,29387,,,,,,,,,30819,30865
BPCL,CALL VOL,3321,6015,,,,,,,,,1570,1691
BPCL,CALL OI,3505,3006,,,,,,,,,3771,3830
BPCL,PUT VOL,4026,5576,,,,,,,,,2084,2157
BPCL,PUT OI,3875,3668,,,,,,,,,3482,3466
BPCL,CALL SPRD,,,,,,,,,,,1.82,1.85
BPCL,PUT SPRD,,,,,,,,,,,1.67,2.49
BPCL,CALL OI FIX,4200,,,,,,,,,,4497,4556
BPCL,PUT OI FIX,4132,,,,,,,,,,3719,3703
BPCL,CALL DOI,,,,,,,,,,,2065050,2106659
BPCL,PUT DOI,,,,,,,,,,,-3605597,-3584677
BPCL,CALL GEX,,,,,,,,,,,375762,381700
BPCL,PUT GEX,,,,,,,,,,,351848,350341
BPCL,GEX STRIKE,,,,,,,,,,,300.0,300.0
BPCL,EXPIRY,,,,,,,,,,,2026-10-27,2026-10-27
BPCL,ATM IV,,,,,,,,,,,26.79,26.79
BRITANNIA,PRICE,4780.0,4883.8,,,,4802.0,4824.15,4794.72,4835.0,4797.0,4833.2,4822.5
BRITANNIA,VWAP,,,,,,,,,,,4818.24,4818.36
BRITANNIA,CASH VOL,248082,221171,89762,53.59,56.1,,,,,,25792,27623
BRITANNIA,F&O VOL,12948,16378,,,,,,,,,3820,3988
BRITANNIA,F&O OI,32084,30302,,,,,,,,,32015,32012
BRITANNIA,CALL VOL,5912,8128,,,,,,,,,2492,2372
BRITANNIA,CALL OI,3594,2969,,,,,,,,,3933,3468
BRITANNIA,PUT VOL,3360,3818,,,,,,,,,661,806
BRITANNIA,PUT OI,2744,2684,,,,,,,,,2754,2827
BRITANNIA,CALL SPRD,,,,,,,,,,,1.17,1.33
BRITANNIA,PUT SPRD,,,,,,,,,,,2.04,0.93
BRITANNIA,CALL OI FIX,3594,,,,,,,,,,3472,3468
BRITANNIA,PUT OI FIX,2744,,,,,,,,,,2820,2827
BRITANNIA,CALL DOI,,,,,,,,,,,177274,160557
BRITANNIA,PUT DOI,,,,,,,,,,,-150252,-151775
BRITANNIA,CALL GEX,,,,,,,,,,,42260,39070
BRITANNIA,PUT GEX,,,,,,,,,,,21248,21534
BRITANNIA,GEX STRIKE,,,,,,,,,,,5000.0,5000.0
BRITANNIA,EXPIRY,,,,,,,,,,,2026-10-27,2026-10-27
BRITANNIA,ATM IV,,,,,,,,,,,19.38,19.44
BSE,PRICE,3356.0,3305.0,,,,3355.0,3340.52,3309.55,3100.0,3064.0,3355.7,3351.5
BSE,VWAP,,,,,,,,,,,3351.25,3351.31
BSE,CASH VOL,6608257,6869765,861133,39.95,46.67,,,,,,1162819,1194868
BSE,F&O VOL,232075,201016,,,,,,,,,35398,36499
BSE,F&O OI,141944,131682,,,,,,,,,144334,144414
BSE,CALL VOL,107510,103151,,,,,,,,,14788,15095
BSE,CALL OI,30803,28220,,,,,,,,,31945,31988
BSE,PUT VOL,55671,43734,,,,,,,,,10708,10937
BSE,PUT OI,18046,15999,,,,,,,,,18484,18493
BSE,CALL SPRD,,,,,,,,,,,0.77,0.7
BSE,PUT SPRD,,,,,,,,,,,0.74,0.68
BSE,CALL OI FIX,30803,,,,,,,,,,31945,31988
BSE,PUT OI FIX,18046,,,,,,,,,,18484,18493
BSE,CALL DOI,,,,,,,,,,,3461312,3430351
BSE,PUT DOI,,,,,,,,,,,-1269932,-1286589
BSE,CALL GEX,,,,,,,,,,,256917,256874
BSE,PUT GEX,,,,,,,,,,,142634,144243
BSE,GEX STRIKE,,,,,,,,,,,3300.0,3300.0
BSE,EXPIRY,,,,,,,,,,,2026-10-27,2026-10-27
BSE,ATM IV,,,,,,,,,,,37.09,37.0
CAMS,PRICE,694.6,693.9,,,,691.6,698.42,695.88,687.17,680.56,680.45,679.8
CAMS,VWAP,,,,,,,,,,,682.21,682.1
CAMS,CASH VOL,1014012,1051068,118828,42.0,53.85,,,,,,337658,355017
CAMS,F&O VOL,10863,4764,,,,,,,,,4702,4839
CAMS,F&O OI,18980,17582,,,,,,,,,19142,19172
CAMS,CALL VOL,4357,1934,,,,,,,,,1479,1523
CAMS,CALL OI,1847,1670,,,,,,,,,1929,1941
CAMS,PUT VOL,2456,1095,,,,,,,,,1898,1961
CAMS,PUT OI,2095,1755,,,,,,,,,2308,2318
CAMS,CALL SPRD,,,,,,,,,,,1.31,1.31
CAMS,PUT SPRD,,,,,,,,,,,0.89,1.8
CAMS,CALL OI FIX,2000,,,,,,,,,,2098,2110
CAMS,PUT OI FIX,2121,,,,,,,,,,2334,2344
CAMS,CALL DOI,,,,,,,,,,,607822,607396
CAMS,PUT DOI,,,,,,,,,,,-842810,-854732
CAMS,CALL GEX,,,,,,,,,,,87009,85561
CAMS,PUT GEX,,,,,,,,,,,93355,95687
CAMS,GEX STRIKE,,,,,,,,,,,700.0,700.0
CAMS,EXPIRY,,,,,,,,,,,2026-10-27,2026-10-27
CAMS,ATM IV,,,,,,,,,,,29.29,29.34
CANBK,PRICE,119.15,117.82,,,,119.15,118.89,118.38,120.59,119.11,120.06,119.84
CANBK,VWAP,,,,,,,,,,,119.04,119.19
CANBK,CASH VOL,17756429,10318285,3679784,34.82,53.06,,,,,,3798469,4368934
CANBK,F&O VOL,19659,8968,,,,,,,,,4232,4616
CANBK,F&O OI,74057,73384,,,,,,,,,74571,74555
CANBK,CALL VOL,5795,2783,,,,,,,,,1900,2066
CANBK,CALL OI,4074,4091,,,,,,,,,4217,4195
CANBK,PUT VOL,2319,1060,,,,,,,,,594,650
CANBK,PUT OI,3112,2907,,,,,,,,,3265,3292
CANBK,CALL SPRD,,,,,,,,,,,1.67,1.43
CANBK,PUT SPRD,,,,,,,,,,,2.01,1.97
CANBK,CALL OI FIX,4117,,,,,,,,,,4249,4230
CANBK,PUT OI FIX,3914,,,,,,,,,,4081,4112
CANBK,CALL DOI,,,,,,,,,,,14930476,14560694
CANBK,PUT DOI,,,,,,,,,,,-10081726,-10398649
CANBK,CALL GEX,,,,,,,,,,,1562459,1556364
CANBK,PUT GEX,,,,,,,,,,,1279378,1293249
CANBK,GEX STRIKE,,,,,,,,,,,120.0,120.0
CANBK,EXPIRY,,,,,,,,,,,2026-10-27,2026-10-27
CANBK,ATM IV,,,,,,,,,,,29.98,29.98
CDSL,PRICE,1275.0,1263.4,,,,1270.5,1272.25,1266.75,1270.95,1251.98,1270.8,1266.6
CDSL,VWAP,,,,,,,,,,,1268.6,1268.59
CDSL,CASH VOL,1021756,896613,153856,34.39,48.85,,,,,,140303,146746
CDSL,F&O VOL,22568,13782,,,,,,,,,2870,2983
CDSL,F&O OI,46018,47089,,,,,,,,,46203,46198
CDSL,CALL VOL,10844,7381,,,,,,,,,1320,1318
CDSL,CALL OI,5813,6303,,,,,,,,,6569,5977
CDSL,PUT VOL,4365,2410,,,,,,,,,731,759
CDSL,PUT OI,7266,7907,,,,,,,,,7064,7263
CDSL,CALL SPRD,,,,,,,,,,,1.6,1.62
CDSL,PUT SPRD,,,,,,,,,,,1.49,1.4
CDSL,CALL OI FIX,6419,,,,,,,,,,6569,6584
CDSL,PUT OI FIX,7063,,,,,,,,,,7064,7063
CDSL,CALL DOI,,,,,,,,,,,1136485,1049280
CDSL,PUT DOI,,,,,,,,,,,-1590016,-1627151
CDSL,CALL GEX,,,,,,,,,,,160337,149210
CDSL,PUT GEX,,,,,,,,,,,166632,169143
CDSL,GEX STRIKE,,,,,,,,,,,1300.0,1300.0
CDSL,EXPIRY,,,,,,,,,,,2026-10-27,2026-10-27
CDSL,ATM IV,,,,,,,,,,,29.84,29.7
CGPOWER,PRICE,894.5,912.0,,,,894.0,901.4,896.8,876.68,872.05,885.6,884.65
CGPOWER,VWAP,,,,,,,,,,,883.21,883.3
CGPOWER,CASH VOL,1854228,2540774,351362,54.16,47.89,,,,,,283559,290500
CGPOWER,F&O VOL,14509,20833,,,,,,,,,3921,4019
CGPOWER,F&O OI,29043,28354,,,,,,,,,29210,29204
CGPOWER,CALL VOL,5618,8802,,,,,,,,,1861,1747
CGPOWER,CALL OI,2764,2492,,,,,,,,,3233,2911
CGPOWER,PUT VOL,4168,4539,,,,,,,,,1070,1106
CGPOWER,PUT OI,2964,3016,,,,,,,,,2952,2961
CGPOWER,CALL SPRD,,,,,,,,,,,0.76,0.96
CGPOWER,PUT SPRD,,,,,,,,,,,0.95,1.16
CGPOWER,CALL OI FIX,3107,,,,,,,,,,3233,3230
CGPOWER,PUT OI FIX,2953,,,,,,,,,,2952,2948
CGPOWER,CALL DOI,,,,,,,,,,,1288909,1208835
CGPOWER,PUT DOI,,,,,,,,,,,-1028080,-1009209
CGPOWER,CALL GEX,,,,,,,,,,,135327,123280
CGPOWER,PUT GEX,,,,,,,,,,,118719,119367
CGPOWER,GEX STRIKE,,,,,,,,,,,900.0,900.0
CGPOWER,EXPIRY,,,,,,,,,,,2026-10-27,2026-10-27
CGPOWER,ATM IV,,,,,,,,,,,32.81,32.59
CHOLAFIN,PRICE,1564.7,1611.0,,,,1550.0,1588.55,1572.65,1611.8,1590.6,1560.1,1555.0
CHOLAFIN,VWAP,,,,,,,,,,,1554.75,1554.84
CHOLAFIN,CASH VOL,1859926,949646,444275,52.7,57.71,,,,,,311727,332795
CHOLAFIN,F&O VOL,27276,7013,,,,,,,,,6096,6202
CHOLAFIN,F&O OI,34223,32520,,,,,,,,,33946,33934
CHOLAFIN,CALL VOL,6632,1610,,,,,,,,,2303,2323
CHOLAFIN,CALL OI,1982,1567,,,,,,,,,1765,1765
CHOLAFIN,PUT VOL,8162,1795,,,,,,,,,1740,1771
CHOLAFIN,PUT OI,3536,3206,,,,,,,,,3506,3502
CHOLAFIN,CALL SPRD,,,,,,,,,,,0.96,1.47
CHOLAFIN,PUT SPRD,,,,,,,,,,,0.81,0.99
CHOLAFIN,CALL OI FIX,1982,,,,,,,,,,1765,1765
CHOLAFIN,PUT OI FIX,3536,,,,,,,,,,3506,3502
CHOLAFIN,CALL DOI,,,,,,,,,,,394069,376614
CHOLAFIN,PUT DOI,,,,,,,,,,,-1122270,-1155548
CHOLAFIN,CALL GEX,,,,,,,,,,,55000,54243
CHOLAFIN,PUT GEX,,,,,,,,,,,109274,107417
CHOLAFIN,GEX STRIKE,,,,,,,,,,,1600.0,1600.0
CHOLAFIN,EXPIRY,,,,,,,,,,,2026-10-27,2026-10-27
CHOLAFIN,ATM IV,,,,,,,,,,,31.87,31.88
CIPLA,PRICE,1327.2,1340.2,,,,1323.2,1337.85,1330.75,1369.2,1352.4,1320.0,1318.9
CIPLA,VWAP,,,,,,,,,,,1324.31,1323.91
CIPLA,CASH VOL,847901,575696,453634,61.7,57.87,,,,,,62113,66938
CIPLA,F&O VOL,14992,16723,,,,,,,,,2401,2510
CIPLA,F&O OI,42902,40815,,,,,,,,,43043,43064
CIPLA,CALL VOL,3991,4205,,,,,,,,,1012,1071
CIPLA,CALL OI,2530,2175,,,,,,,,,2568,2587
CIPLA,PUT VOL,3560,3862,,,,,,,,,605,628
CIPLA,PUT OI,3354,3371,,,,,,,,,3416,3411
CIPLA,CALL SPRD,,,,,,,,,,,0.79,0.81
CIPLA,PUT SPRD,,,,,,,,,,,0.99,0.58
CIPLA,CALL OI FIX,2925,,,,,,,,,,2974,2995
CIPLA,PUT OI FIX,3394,,,,,,,,,,3443,3439
CIPLA,CALL DOI,,,,,,,,,,,440630,437868
CIPLA,PUT DOI,,,,,,,,,,,-716924,-724203
CIPLA,CALL GEX,,,,,,,,,,,78817,79135
CIPLA,PUT GEX,,,,,,,,,,,98981,98811
CIPLA,GEX STRIKE,,,,,,,,,,,1340.0,1340.0
CIPLA,EXPIRY,,,,,,,,,,,2026-10-27,2026-10-27
CIPLA,ATM IV,,,,,,,,,,,23.42,23.42
COALINDIA,PRICE,414.5,411.65,,,,414.5,414.11,413.33,424.6,421.8,409.15,408.45
COALINDIA,VWAP,,,,,,,,,,,411.06,410.93
COALINDIA,CASH VOL,6400277,5548430,1499896,60.0,52.14,,,,,,960857,1012251
COALINDIA,F&O VOL,39774,61593,,,,,,,,,10732,11128
COALINDIA,F&O OI,100750,100687,,,,,,,,,101328,101324
COALINDIA,CALL VOL,18835,22029,,,,,,,,,4848,5029
COALINDIA,CALL OI,13990,13975,,,,,,,,,14294,14334
COALINDIA,PUT VOL,9973,20154,,,,,,,,,3608,3878
COALINDIA,PUT OI,8567,8365,,,,,,,,,8796,8814
COALINDIA,CALL SPRD,,,,,,,,,,,1.18,1.24
COALINDIA,PUT SPRD,,,,,,,,,,,1.24,0.59
COALINDIA,CALL OI FIX,15974,,,,,,,,,,16264,16303
COALINDIA,PUT OI FIX,8817,,,,,,,,,,9052,9070
COALINDIA,CALL DOI,,,,,,,,,,,6398039,6195510
COALINDIA,PUT DOI,,,,,,,,,,,-6029367,-6149802
COALINDIA,CALL GEX,,,,,,,,,,,1275053,1261082
COALINDIA,PUT GEX,,,,,,,,,,,715637,716347
COALINDIA,GEX STRIKE,,,,,,,,,,,420.0,420.0
COALINDIA,EXPIRY,,,,,,,,,,,2026-10-27,2026-10-27
COALINDIA,ATM IV,,,,,,,,,,,22.32,22.32
COCHINSHIP,PRICE,1255.1,1282.0,,,,1255.1,1264.2,1258.13,1319.0,1297.67,1245.2,1243.7
COCHINSHIP,VWAP,,,,,,,,,,,1242.93,1242.95
COCHINSHIP,CASH VOL,929402,860827,241038,47.12,45.44,,,,,,159930,163305
COCHINSHIP,F&O VOL,5895,5205,,,,,,,,,2049,2142
COCHINSHIP,F&O OI,26320,25977,,,,,,,,,26706,26691
COCHINSHIP,CALL VOL,1405,1516,,,,,,,,,722,734
COCHINSHIP,CALL OI,1831,1491,,,,,,,,,2015,2005
COCHINSHIP,PUT VOL,1226,692,,,,,,,,,363,371
COCHINSHIP,PUT OI,2018,1873,,,,,,,,,2010,2012
COCHINSHIP,CALL SPRD,,,,,,,,,,,2.56,2.31
COCHINSHIP,PUT SPRD,,,,,,,,,,,1.21,2.25
COCHINSHIP,CALL OI FIX,2115,,,,,,,,,,2310,2300
COCHINSHIP,PUT OI FIX,2082,,,,,,,,,,2074,2076
COCHINSHIP,CALL DOI,,,,,,,,,,,233822,227936
COCHINSHIP,PUT DOI,,,,,,,,,,,-396044,-401117
COCHINSHIP,CALL GEX,,,,,,,,,,,39763,39183
COCHINSHIP,PUT GEX,,,,,,,,,,,39122,39188
COCHINSHIP,GEX STRIKE,,,,,,,,,,,1300.0,1300.0
COCHINSHIP,EXPIRY,,,,,,,,,,,2026-10-27,2026-10-27
COCHINSHIP,ATM IV,,,,,,,,,,,28.92,28.92
COFORGE,PRICE,1822.2,1849.7,,,,1826.0,1840.05,1828.15,1809.5,1776.5,1863.7,1863.8
COFORGE,VWAP,,,,,,,,,,,1859.57,1859.69
COFORGE,CASH VOL,1016382,1921707,210913,47.23,51.84,,,,,,583413,600974
COFORGE,F&O VOL,10128,18700,,,,,,,,,15444,15775
COFORGE,F&O OI,48733,48239,,,,,,,,,50352,50368
COFORGE,CALL VOL,4402,7608,,,,,,,,,9383,9510
COFORGE,CALL OI,7150,6888,,,,,,,,,8708,8699
COFORGE,PUT VOL,2003,3850,,,,,,,,,2146,2208
COFORGE,PUT OI,4589,4556,,,,,,,,,4747,4760
COFORGE,CALL SPRD,,,,,,,,,,,0.66,0.72
COFORGE,PUT SPRD,,,,,,,,,,,0.6,0.75
COFORGE,CALL OI FIX,6855,,,,,,,,,,8440,8434
COFORGE,PUT OI FIX,4897,,,,,,,,,,5050,5063
COFORGE,CALL DOI,,,,,,,,,,,2292150,2291111
COFORGE,PUT DOI,,,,,,,,,,,-835798,-837919
COFORGE,CALL GEX,,,,,,,,,,,171422,171244
COFORGE,PUT GEX,,,,,,,,,,,80829,81051
COFORGE,GEX STRIKE,,,,,,,,,,,1900.0,1900.0
COFORGE,EXPIRY,,,,,,,,,,,2026-10-27,2026-10-27
COFORGE,ATM IV,,,,,,,,,,,42.16,42.16
COLPAL,PRICE,1757.4,1809.4,,,,1760.2,1779.15,1764.65,1787.0,1752.33,1773.1,1769.4
COLPAL,VWAP,,,,,,,,,,,1770.43,1770.46
COLPAL,CASH VOL,184471,557765,62902,60.08,67.9,,,,,,25106,26349
COLPAL,F&O VOL,6690,7857,,,,,,,,,1423,1468
COLPAL,F&O OI,33548,32502,,,,,,,,,33649,33648
COLPAL,CALL VOL,1821,2874,,,,,,,,,632,643
COLPAL,CALL OI,2520,2220,,,,,,,,,2764,2612
COLPAL,PUT VOL,1345,1269,,,,,,,,,264,290
COLPAL,PUT OI,2822,2650,,,,,,,,,2756,2809
COLPAL,CALL SPRD,,,,,,,,,,,0.91,1.92
COLPAL,PUT SPRD,,,,,,,,,,,0.92,1.7
COLPAL,CALL OI FIX,2520,,,,,,,,,,2614,2612
COLPAL,PUT OI FIX,2822,,,,,,,,,,2810,2809
COLPAL,CALL DOI,,,,,,,,,,,312234,292522
COLPAL,PUT DOI,,,,,,,,,,,-380924,-379075
COLPAL,CALL GEX,,,,,,,,,,,45729,44849
COLPAL,PUT GEX,,,,,,,,,,,43249,42380
COLPAL,GEX STRIKE,,,,,,,,,,,1800.0,1800.0
COLPAL,EXPIRY,,,,,,,,,,,2026-10-27,2026-10-27
COLPAL,ATM IV,,,,,,,,,,,26.93,27.04
CONCOR,PRICE,439.75,445.85,,,,441.8,443.1,440.87,448.9,444.3,439.15,441.95
CONCOR,VWAP,,,,,,,,,,,438.48,440.44
CONCOR,CASH VOL,967884,929976,553680,54.44,37.08,,,,,,173325,393293
CONCOR,F&O VOL,3585,5643,,,,,,,,,905,1412
CONCOR,F&O OI,29147,28670,,,,,,,,,29311,29307
CONCOR,CALL VOL,1381,1759,,,,,,,,,385,623
CONCOR,CALL OI,1810,1638,,,,,,,,,1880,1873
CONCOR,PUT VOL,536,975,,,,,,,,,86,142
CONCOR,PUT OI,2161,2126,,,,,,,,,2176,2168
CONCOR,CALL SPRD,,,,,,,,,,,2.06,1.45
CONCOR,PUT SPRD,,,,,,,,,,,1.75,2.47
CONCOR,CALL OI FIX,1810,,,,,,,,,,1880,1873
CONCOR,PUT OI FIX,2161,,,,,,,,,,2176,2168
CONCOR,CALL DOI,,,,,,,,,,,849144,928143
CONCOR,PUT DOI,,,,,,,,,,,-1476209,-1384187
CONCOR,CALL GEX,,,,,,,,,,,131362,134772
CONCOR,PUT GEX,,,,,,,,,,,137250,137653
CONCOR,GEX STRIKE,,,,,,,,,,,450.0,450.0
CONCOR,EXPIRY,,,,,,,,,,,2026-10-27,2026-10-27
CONCOR,ATM IV,,,,,,,,,,,28.95,29.13
CROMPTON,PRICE,210.7,211.98,,,,210.3,211.61,211.0,211.2,205.53,212.31,211.94
CROMPTON,VWAP,,,,,,,,,,,210.7,210.79
CROMPTON,CASH VOL,1159041,1180238,230675,46.52,40.86,,,,,,464204,487936
CROMPTON,F&O VOL,7803,7405,,,,,,,,,1954,2040
CROMPTON,F&O OI,46891,45465,,,,,,,,,47018,47023
CROMPTON,CALL VOL,3035,3724,,,,,,,,,756,797
CROMPTON,CALL OI,3432,2731,,,,,,,,,3495,3495
CROMPTON,PUT VOL,2202,1233,,,,,,,,,410,419
CROMPTON,PUT OI,3555,3097,,,,,,,,,3542,3548
CROMPTON,CALL SPRD,,,,,,,,,,,1.2,1.36
CROMPTON,PUT SPRD,,,,,,,,,,,0.93,1.23
CROMPTON,CALL OI FIX,2749,,,,,,,,,,2803,2804
CROMPTON,PUT OI FIX,3162,,,,,,,,,,3143,3148
CROMPTON,CALL DOI,,,,,,,,,,,3374225,3313302
CROMPTON,PUT DOI,,,,,,,,,,,-3770293,-3834664
CROMPTON,CALL GEX,,,,,,,,,,,368914,363283
CROMPTON,PUT GEX,,,,,,,,,,,352086,353423
CROMPTON,GEX STRIKE,,,,,,,,,,,220.0,220.0
CROMPTON,EXPIRY,,,,,,,,,,,2026-10-27,2026-10-27
CROMPTON,ATM IV,,,,,,,,,,,34.02,34.05
CUMMINSIND,PRICE,4872.2,4919.0,,,,4872.2,4907.15,4883.85,4853.5,4840.5,4838.2,4837.6
CUMMINSIND,VWAP,,,,,,,,,,,4834.16,4834.38
CUMMINSIND,CASH VOL,631136,883370,145525,62.62,75.96,,,,,,19737,21020
CUMMINSIND,F&O VOL,14043,6430,,,,,,,,,1497,1563
CUMMINSIND,F&O OI,36490,36742,,,,,,,,,36556,36571
CUMMINSIND,CALL VOL,2163,2655,,,,,,,,,488,504
CUMMINSIND,CALL OI,1584,1591,,,,,,,,,1612,1616
CUMMINSIND,PUT VOL,803,690,,,,,,,,,97,111
CUMMINSIND,PUT OI,2143,2078,,,,,,,,,2158,2163
CUMMINSIND,CALL SPRD,,,,,,,,,,,4.25,2.92
CUMMINSIND,PUT SPRD,,,,,,,,,,,10.22,10.38
CUMMINSIND,CALL OI FIX,1584,,,,,,,,,,1612,1616
CUMMINSIND,PUT OI FIX,2143,,,,,,,,,,2158,2163
CUMMINSIND,CALL DOI,,,,,,,,,,,133469,133632
CUMMINSIND,PUT DOI,,,,,,,,,,,-182709,-183447
CUMMINSIND,CALL GEX,,,,,,,,,,,21147,21199
CUMMINSIND,PUT GEX,,,,,,,,,,,23243,23318
CUMMINSIND,GEX STRIKE,,,,,,,,,,,4900.0,4900.0
CUMMINSIND,EXPIRY,,,,,,,,,,,2026-10-27,2026-10-27
CUMMINSIND,ATM IV,,,,,,,,,,,26.38,26.38
DABUR,PRICE,383.55,388.9,,,,382.8,384.45,383.85,379.85,376.12,384.1,383.15
DABUR,VWAP,,,,,,,,,,,383.65,383.64
DABUR,CASH VOL,2429201,2619919,659619,63.11,47.97,,,,,,131678,144617
DABUR,F&O VOL,22442,35860,,,,,,,,,3456,3537
DABUR,F&O OI,39034,36968,,,,,,,,,39255,39251
DABUR,CALL VOL,10394,18039,,,,,,,,,1934,1958
DABUR,CALL OI,6297,5675,,,,,,,,,6413,6414
DABUR,PUT VOL,5961,8281,,,,,,,,,736,768
DABUR,PUT OI,5019,4255,,,,,,,,,5087,5084
DABUR,CALL SPRD,,,,,,,,,,,1.31,2.06
DABUR,PUT SPRD,,,,,,,,,,,1.45,1.39
DABUR,CALL OI FIX,6297,,,,,,,,,,6413,6414
DABUR,PUT OI FIX,5019,,,,,,,,,,5087,5084
DABUR,CALL DOI,,,,,,,,,,,2975125,2814304
DABUR,PUT DOI,,,,,,,,,,,-2412393,-2523683
DABUR,CALL GEX,,,,,,,,,,,558726,560530
DABUR,PUT GEX,,,,,,,,,,,401901,396769
DABUR,GEX STRIKE,,,,,,,,,,,390.0,390.0
DABUR,EXPIRY,,,,,,,,,,,2026-10-27,2026-10-27
DABUR,ATM IV,,,,,,,,,,,20.73,20.65
DALBHARAT,PRICE,1640.1,1682.6,,,,1636.1,1667.4,1649.2,1676.17,1664.3,,
DALBHARAT,VWAP,,,,,,,,,,,1645.1,1643.96
DALBHARAT,CASH VOL,50180,25720,17351,51.9,50.67,,,,,,8550,9486
DALBHARAT,F&O VOL,,,,,,,,,,,,
DALBHARAT,F&O OI,,,,,,,,,,,,
DALBHARAT,CALL VOL,,,,,,,,,,,,
DALBHARAT,CALL OI,,,,,,,,,,,,
DALBHARAT,PUT VOL,,,,,,,,,,,,
DALBHARAT,PUT OI,,,,,,,,,,,,
DALBHARAT,CALL SPRD,,,,,,,,,,,,
DALBHARAT,PUT SPRD,,,,,,,,,,,,
DALBHARAT,CALL OI FIX,,,,,,,,,,,,
DALBHARAT,PUT OI FIX,,,,,,,,,,,,
DALBHARAT,CALL DOI,,,,,,,,,,,,
DALBHARAT,PUT DOI,,,,,,,,,,,,
DALBHARAT,CALL GEX,,,,,,,,,,,,
DALBHARAT,PUT GEX,,,,,,,,,,,,
DALBHARAT,GEX STRIKE,,,,,,,,,,,,
DALBHARAT,EXPIRY,,,,,,,,,,,,
DALBHARAT,ATM IV,,,,,,,,,,,,
DELHIVERY,PRICE,398.15,407.5,,,,397.5,402.82,399.71,409.45,403.15,403.7,402.95
DELHIVERY,VWAP,,,,,,,,,,,401.04,401.07
DELHIVERY,CASH VOL,1068381,2099830,370788,54.1,53.66,,,,,,760696,770497
DELHIVERY,F&O VOL,4158,5105,,,,,,,,,3358,3542
DELHIVERY,F&O OI,21550,21507,,,,,,,,,21993,21987
DELHIVERY,CALL VOL,2115,2257,,,,,,,,,1838,1919
DELHIVERY,CALL OI,3394,3441,,,,,,,,,3552,3538
DELHIVERY,PUT VOL,866,889,,,,,,,,,541,568
DELHIVERY,PUT OI,2484,2539,,,,,,,,,2534,2533
DELHIVERY,CALL SPRD,,,,,,,,,,,1.29,2.23
DELHIVERY,PUT SPRD,,,,,,,,,,,2.29,2.69
DELHIVERY,CALL OI FIX,1873,,,,,,,,,,2028,2014
DELHIVERY,PUT OI FIX,2418,,,,,,,,,,2471,2471
DELHIVERY,CALL DOI,,,,,,,,,,,2438700,2379968
DELHIVERY,PUT DOI,,,,,,,,,,,-2161180,-2209426
DELHIVERY,CALL GEX,,,,,,,,,,,355032,343569
DELHIVERY,PUT GEX,,,,,,,,,,,260920,266263
DELHIVERY,GEX STRIKE,,,,,,,,,,,430.0,430.0
DELHIVERY,EXPIRY,,,,,,,,,,,2026-10-27,2026-10-27
DELHIVERY,ATM IV,,,,,,,,,,,31.1,31.13
DIVISLAB,PRICE,9588.0,9550.0,,,,9588.0,9584.33,9577.0,9366.5,9288.17,9530.0,9526.0
DIVISLAB,VWAP,,,,,,,,,,,9557.8,9557.14
DIVISLAB,CASH VOL,422217,465106,88822,62.5,63.42,,,,,,93405,95674
DIVISLAB,F&O VOL,39639,55546,,,,,,,,,9511,9722
DIVISLAB,F&O OI,76907,74226,,,,,,,,,77225,77277
DIVISLAB,CALL VOL,18639,28156,,,,,,,,,4003,4205
DIVISLAB,CALL OI,12832,12546,,,,,,,,,13018,13027
DIVISLAB,PUT VOL,10247,10959,,,,,,,,,3028,3172
DIVISLAB,PUT OI,7476,6677,,,,,,,,,7282,7289
DIVISLAB,CALL SPRD,,,,,,,,,,,1.5,1.99
DIVISLAB,PUT SPRD,,,,,,,,,,,1.15,1.31
DIVISLAB,CALL OI FIX,12961,,,,,,,,,,13139,13147
DIVISLAB,PUT OI FIX,6331,,,,,,,,,,6147,6154
DIVISLAB,CALL DOI,,,,,,,,,,,586294,582944
DIVISLAB,PUT DOI,,,,,,,,,,,-274629,-276348
DIVISLAB,CALL GEX,,,,,,,,,,,83675,83668
DIVISLAB,PUT GEX,,,,,,,,,,,39771,39880
DIVISLAB,GEX STRIKE,,,,,,,,,,,9500.0,9500.0
DIVISLAB,EXPIRY,,,,,,,,,,,2026-10-27,2026-10-27
DIVISLAB,ATM IV,,,,,,,,,,,25.55,25.55
DIXON,PRICE,13024.0,13015.0,,,,13060.0,13010.83,12984.5,13208.5,12869.5,12998.0,12970.0
DIXON,VWAP,,,,,,,,,,,12935.93,12941.2
DIXON,CASH VOL,157095,175676,40607,33.74,38.95,,,,,,53440,55707
DIXON,F&O VOL,34605,44017,,,,,,,,,11832,12694
DIXON,F&O OI,92151,90220,,,,,,,,,93052,93083
DIXON,CALL VOL,14126,20152,,,,,,,,,5588,6022
DIXON,CALL OI,15045,14646,,,,,,,,,15556,15542
DIXON,PUT VOL,11014,13489,,,,,,,,,3395,3592
DIXON,PUT OI,14478,13988,,,,,,,,,14520,14544
DIXON,CALL SPRD,,,,,,,,,,,0.87,0.82
DIXON,PUT SPRD,,,,,,,,,,,1.32,0.98
DIXON,CALL OI FIX,15045,,,,,,,,,,15556,15542
DIXON,PUT OI FIX,14478,,,,,,,,,,14520,14544
DIXON,CALL DOI,,,,,,,,,,,317824,309532
DIXON,PUT DOI,,,,,,,,,,,-274931,-281172
DIXON,CALL GEX,,,,,,,,,,,38167,37898
DIXON,PUT GEX,,,,,,,,,,,26718,26952
DIXON,GEX STRIKE,,,,,,,,,,,13000.0,13000.0
DIXON,EXPIRY,,,,,,,,,,,2026-10-27,2026-10-27
DIXON,ATM IV,,,,,,,,,,,34.22,34.22
DLF,PRICE,656.0,666.1,,,,653.8,659.42,657.14,665.27,660.69,646.45,643.55
DLF,VWAP,,,,,,,,,,,645.59,645.55
DLF,CASH VOL,3028905,3799738,808967,52.55,60.43,,,,,,512216,538834
DLF,F&O VOL,24711,18004,,,,,,,,,9224,9531
DLF,F&O OI,54913,53985,,,,,,,,,55803,55857
DLF,CALL VOL,7483,5942,,,,,,,,,3769,3162
DLF,CALL OI,4920,4072,,,,,,,,,6706,5410
DLF,PUT VOL,9629,6684,,,,,,,,,4031,4217
DLF,PUT OI,5465,5351,,,,,,,,,5756,5729
DLF,CALL SPRD,,,,,,,,,,,1.23,0.96
DLF,PUT SPRD,,,,,,,,,,,1.08,1.03
DLF,CALL OI FIX,6295,,,,,,,,,,6894,6926
DLF,PUT OI FIX,4831,,,,,,,,,,5082,5094
DLF,CALL DOI,,,,,,,,,,,1935273,1649986
DLF,PUT DOI,,,,,,,,,,,-2541607,-2534021
DLF,CALL GEX,,,,,,,,,,,318898,271102
DLF,PUT GEX,,,,,,,,,,,259267,258173
DLF,GEX STRIKE,,,,,,,,,,,660.0,660.0
DLF,EXPIRY,,,,,,,,,,,2026-10-27,2026-10-27
DLF,ATM IV,,,,,,,,,,,29.71,30.0
DMART,PRICE,3636.0,3581.9,,,,3635.2,3623.37,3598.1,3813.1,3813.03,3630.2,3622.0
DMART,VWAP,,,,,,,,,,,3625.7,3625.71
DMART,CASH VOL,406908,827372,137643,44.93,44.31,,,,,,48739,51148
DMART,F&O VOL,39412,62975,,,,,,,,,7415,7847
DMART,F&O OI,65653,68192,,,,,,,,,65221,65224
DMART,CALL VOL,18509,25683,,,,,,,,,3279,3072
DMART,CALL OI,11050,12242,,,,,,,,,12538,10863
DMART,PUT VOL,9501,18263,,,,,,,,,2211,2549
DMART,PUT OI,11817,11839,,,,,,,,,11806,11814
DMART,CALL SPRD,,,,,,,,,,,0.6,0.63
DMART,PUT SPRD,,,,,,,,,,,0.64,0.55
DMART,CALL OI FIX,12810,,,,,,,,,,12538,12537
DMART,PUT OI FIX,11798,,,,,,,,,,11806,11800
DMART,CALL DOI,,,,,,,,,,,742947,679164
DMART,PUT DOI,,,,,,,,,,,-768122,-774346
DMART,CALL GEX,,,,,,,,,,,102138,92117
DMART,PUT GEX,,,,,,,,,,,87185,87499
DMART,GEX STRIKE,,,,,,,,,,,3600.0,3600.0
DMART,EXPIRY,,,,,,,,,,,2026-10-27,2026-10-27
DMART,ATM IV,,,,,,,,,,,29.41,29.34
DRREDDY,PRICE,1203.8,1208.0,,,,1197.3,1207.5,1205.03,1223.85,1212.08,1195.6,1192.9
DRREDDY,VWAP,,,,,,,,,,,1196.55,1196.48
DRREDDY,CASH VOL,1754646,1638100,484404,50.86,51.36,,,,,,317688,325143
DRREDDY,F&O VOL,27486,15260,,,,,,,,,4221,4294
DRREDDY,F&O OI,55485,50915,,,,,,,,,55960,55967
DRREDDY,CALL VOL,11303,4931,,,,,,,,,1792,1645
DRREDDY,CALL OI,5735,4530,,,,,,,,,6836,5799
DRREDDY,PUT VOL,4813,3069,,,,,,,,,731,827
DRREDDY,PUT OI,4853,4291,,,,,,,,,4795,4898
DRREDDY,CALL SPRD,,,,,,,,,,,1.39,1.02
DRREDDY,PUT SPRD,,,,,,,,,,,1.18,1.22
DRREDDY,CALL OI FIX,6747,,,,,,,,,,6836,6831
DRREDDY,PUT OI FIX,4768,,,,,,,,,,4795,4796
DRREDDY,CALL DOI,,,,,,,,,,,1851971,1628824
DRREDDY,PUT DOI,,,,,,,,,,,-1453309,-1443547
DRREDDY,CALL GEX,,,,,,,,,,,293215,256058
DRREDDY,PUT GEX,,,,,,,,,,,158426,161353
DRREDDY,GEX STRIKE,,,,,,,,,,,1200.0,1200.0
DRREDDY,EXPIRY,,,,,,,,,,,2026-10-27,2026-10-27
DRREDDY,ATM IV,,,,,,,,,,,27.02,26.27
EICHERMOT,PRICE,6960.0,7051.0,,,,6936.0,7005.0,6975.0,7081.5,6973.83,6943.5,6936.0
EICHERMOT,VWAP,,,,,,,,,,,6926.91,6927.93
EICHERMOT,CASH VOL,272452,233372,64538,50.94,53.04,,,,,,31288,33233
EICHERMOT,F&O VOL,23797,25177,,,,,,,,,6949,7307
EICHERMOT,F&O OI,62589,61598,,,,,,,,,62997,63022
EICHERMOT,CALL VOL,7314,7669,,,,,,,,,1924,1989
EICHERMOT,CALL OI,6622,5784,,,,,,,,,6710,6719
EICHERMOT,PUT VOL,8747,9836,,,,,,,,,3166,3310
EICHERMOT,PUT OI,11303,11194,,,,,,,,,11595,11597
EICHERMOT,CALL SPRD,,,,,,,,,,,1.07,1.34
EICHERMOT,PUT SPRD,,,,,,,,,,,0.71,1.13
EICHERMOT,CALL OI FIX,8285,,,,,,,,,,8419,8460
EICHERMOT,PUT OI FIX,10952,,,,,,,,,,11242,11244
EICHERMOT,CALL DOI,,,,,,,,,,,224722,220113
EICHERMOT,PUT DOI,,,,,,,,,,,-496270,-503797
EICHERMOT,CALL GEX,,,,,,,,,,,45114,44793
EICHERMOT,PUT GEX,,,,,,,,,,,67026,67220
EICHERMOT,GEX STRIKE,,,,,,,,,,,7000.0,7000.0
EICHERMOT,EXPIRY,,,,,,,,,,,2026-10-27,2026-10-27
EICHERMOT,ATM IV,,,,,,,,,,,21.05,21.05
ETERNAL,PRICE,328.0,329.0,,,,328.0,328.65,328.22,322.45,316.75,326.65,326.55
ETERNAL,VWAP,,,,,,,,,,,325.4,325.42
ETERNAL,CASH VOL,23804457,27075757,4120673,55.86,62.04,,,,,,4969789,5058415
ETERNAL,F&O VOL,37633,37503,,,,,,,,,8555,8801
ETERNAL,F&O OI,90550,89255,,,,,,,,,90887,90904
ETERNAL,CALL VOL,17213,18571,,,,,,,,,3910,3992
ETERNAL,CALL OI,14741,14304,,,,,,,,,15155,15162
ETERNAL,PUT VOL,9216,9161,,,,,,,,,2509,2584
ETERNAL,PUT OI,10144,9820,,,,,,,,,10107,10108
ETERNAL,CALL SPRD,,,,,,,,,,,0.91,1.39
ETERNAL,PUT SPRD,,,,,,,,,,,1.18,1.17
ETERNAL,CALL OI FIX,14726,,,,,,,,,,15146,15155
ETERNAL,PUT OI FIX,8455,,,,,,,,,,8405,8406
ETERNAL,CALL DOI,,,,,,,,,,,15843985,15791931
ETERNAL,PUT DOI,,,,,,,,,,,-8752645,-8783669
ETERNAL,CALL GEX,,,,,,,,,,,1833277,1832903
ETERNAL,PUT GEX,,,,,,,,,,,1006852,1008203
ETERNAL,GEX STRIKE,,,,,,,,,,,330.0,330.0
ETERNAL,EXPIRY,,,,,,,,,,,2026-10-27,2026-10-27
ETERNAL,ATM IV,,,,,,,,,,,32.7,32.7
FEDERALBNK,PRICE,323.5,320.0,,,,323.5,322.87,321.6,320.52,318.98,321.7,321.0
FEDERALBNK,VWAP,,,,,,,,,,,321.53,321.52
FEDERALBNK,CASH VOL,8632011,4338051,1702494,65.06,57.86,,,,,,544513,570930
FEDERALBNK,F&O VOL,19495,10522,,,,,,,,,2302,2502
FEDERALBNK,F&O OI,48926,48100,,,,,,,,,48995,49013
FEDERALBNK,CALL VOL,7675,3395,,,,,,,,,876,969
FEDERALBNK,CALL OI,4110,3814,,,,,,,,,4140,4121
FEDERALBNK,PUT VOL,4668,2561,,,,,,,,,811,837
FEDERALBNK,PUT OI,4102,3548,,,,,,,,,4164,4166
FEDERALBNK,CALL SPRD,,,,,,,,,,,0.94,0.99
FEDERALBNK,PUT SPRD,,,,,,,,,,,2.08,1.32
FEDERALBNK,CALL OI FIX,4809,,,,,,,,,,4825,4808
FEDERALBNK,PUT OI FIX,4328,,,,,,,,,,4391,4393
FEDERALBNK,CALL DOI,,,,,,,,,,,4446316,4285508
FEDERALBNK,PUT DOI,,,,,,,,,,,-4488135,-4606312
FEDERALBNK,CALL GEX,,,,,,,,,,,537503,541051
FEDERALBNK,PUT GEX,,,,,,,,,,,519839,511742
FEDERALBNK,GEX STRIKE,,,,,,,,,,,330.0,330.0
FEDERALBNK,EXPIRY,,,,,,,,,,,2026-10-27,2026-10-27
FEDERALBNK,ATM IV,,,,,,,,,,,30.59,30.48
FORCEMOT,PRICE,16956.0,17110.0,,,,17000.0,16950.67,16940.0,16983.0,16861.0,16919.0,16883.0
FORCEMOT,VWAP,,,,,,,,,,,16933.63,16932.24
FORCEMOT,CASH VOL,54188,65477,7372,38.39,38.55,,,,,,9152,9596
FORCEMOT,F&O VOL,8321,10732,,,,,,,,,1419,1451
FORCEMOT,F&O OI,19765,18252,,,,,,,,,19814,19815
FORCEMOT,CALL VOL,1408,3923,,,,,,,,,339,356
FORCEMOT,CALL OI,2222,2071,,,,,,,,,2276,2282
FORCEMOT,PUT VOL,2479,1414,,,,,,,,,330,336
FORCEMOT,PUT OI,2691,1701,,,,,,,,,2649,2653
FORCEMOT,CALL SPRD,,,,,,,,,,,3.45,3.42
FORCEMOT,PUT SPRD,,,,,,,,,,,5.06,4.23
FORCEMOT,CALL OI FIX,2222,,,,,,,,,,2276,2282
FORCEMOT,PUT OI FIX,2691,,,,,,,,,,2649,2653
FORCEMOT,CALL DOI,,,,,,,,,,,21900,21329
FORCEMOT,PUT DOI,,,,,,,,,,,-24209,-24867
FORCEMOT,CALL GEX,,,,,,,,,,,2891,2874
FORCEMOT,PUT GEX,,,,,,,,,,,2906,2936
FORCEMOT,GEX STRIKE,,,,,,,,,,,17000.0,17000.0
FORCEMOT,EXPIRY,,,,,,,,,,,2026-10-27,2026-10-27
FORCEMOT,ATM IV,,,,,,,,,,,32.07,32.07
FORTIS,PRICE,779.1,764.0,,,,779.1,775.38,767.95,792.78,787.59,773.75,772.8
FORTIS,VWAP,,,,,,,,,,,773.12,773.13
FORTIS,CASH VOL,1858360,1246982,644945,56.48,52.49,,,,,,286927,296576
FORTIS,F&O VOL,11027,7517,,,,,,,,,2704,2738
FORTIS,F&O OI,25765,26253,,,,,,,,,25654,25664
FORTIS,CALL VOL,4971,3077,,,,,,,,,954,969
FORTIS,CALL OI,2570,2628,,,,,,,,,2585,2597
FORTIS,PUT VOL,2289,2020,,,,,,,,,1151,1163
FORTIS,PUT OI,2889,2836,,,,,,,,,2822,2822
FORTIS,CALL SPRD,,,,,,,,,,,1.65,1.66
FORTIS,PUT SPRD,,,,,,,,,,,1.9,1.63
FORTIS,CALL OI FIX,2702,,,,,,,,,,2712,2724
FORTIS,PUT OI FIX,2791,,,,,,,,,,2778,2778
FORTIS,CALL DOI,,,,,,,,,,,868234,858946
FORTIS,PUT DOI,,,,,,,,,,,-960317,-973427
FORTIS,CALL GEX,,,,,,,,,,,110785,110947
FORTIS,PUT GEX,,,,,,,,,,,106906,107111
FORTIS,GEX STRIKE,,,,,,,,,,,780.0,780.0
FORTIS,EXPIRY,,,,,,,,,,,2026-10-27,2026-10-27
FORTIS,ATM IV,,,,,,,,,,,30.02,30.02
GAIL,PRICE,170.71,172.08,,,,170.11,170.44,169.89,171.57,171.34,168.44,168.31
GAIL,VWAP,,,,,,,,,,,168.87,168.86
GAIL,CASH VOL,7094410,6945149,3069300,64.15,61.92,,,,,,782215,816274
GAIL,F&O VOL,9107,9222,,,,,,,,,2007,2060
GAIL,F&O OI,32265,32356,,,,,,,,,32407,32412
GAIL,CALL VOL,3467,3965,,,,,,,,,974,994
GAIL,CALL OI,3779,3737,,,,,,,,,3960,3968
GAIL,PUT VOL,3417,2963,,,,,,,,,665,676
GAIL,PUT OI,3177,3108,,,,,,,,,3073,3076
GAIL,CALL SPRD,,,,,,,,,,,1.35,1.6
GAIL,PUT SPRD,,,,,,,,,,,1.37,2.02
GAIL,CALL OI FIX,4064,,,,,,,,,,4237,4245
GAIL,PUT OI FIX,3116,,,,,,,,,,3012,3015
GAIL,CALL DOI,,,,,,,,,,,4135479,4059870
GAIL,PUT DOI,,,,,,,,,,,-5337307,-5379562
GAIL,CALL GEX,,,,,,,,,,,842694,835503
GAIL,PUT GEX,,,,,,,,,,,636323,628173
GAIL,GEX STRIKE,,,,,,,,,,,170.0,170.0
GAIL,EXPIRY,,,,,,,,,,,2026-10-27,2026-10-27
GAIL,ATM IV,,,,,,,,,,,23.66,23.56
GLENMARK,PRICE,2282.3,2311.0,,,,2280.0,2300.6,2288.4,2360.4,2340.8,2275.2,2271.6
GLENMARK,VWAP,,,,,,,,,,,2272.49,2272.53
GLENMARK,CASH VOL,500247,493823,156414,50.72,56.11,,,,,,57887,59666
GLENMARK,F&O VOL,5188,6637,,,,,,,,,1016,1034
GLENMARK,F&O OI,35241,34725,,,,,,,,,35310,35300
GLENMARK,CALL VOL,1406,1809,,,,,,,,,313,315
GLENMARK,CALL OI,1523,1378,,,,,,,,,1597,1598
GLENMARK,PUT VOL,911,1288,,,,,,,,,135,136
GLENMARK,PUT OI,1465,1378,,,,,,,,,1469,1466
GLENMARK,CALL SPRD,,,,,,,,,,,5.28,5.27
GLENMARK,PUT SPRD,,,,,,,,,,,2.88,2.15
GLENMARK,CALL OI FIX,1523,,,,,,,,,,1597,1598
GLENMARK,PUT OI FIX,1465,,,,,,,,,,1469,1466
GLENMARK,CALL DOI,,,,,,,,,,,239060,233622
GLENMARK,PUT DOI,,,,,,,,,,,-242135,-246497
GLENMARK,CALL GEX,,,,,,,,,,,36619,36291
GLENMARK,PUT GEX,,,,,,,,,,,31193,31298
GLENMARK,GEX STRIKE,,,,,,,,,,,2300.0,2300.0
GLENMARK,EXPIRY,,,,,,,,,,,2026-10-27,2026-10-27
GLENMARK,ATM IV,,,,,,,,,,,26.71,26.71
GMRAIRPORT,PRICE,91.19,93.06,,,,90.31,92.23,91.54,94.56,93.63,89.1,88.9
GMRAIRPORT,VWAP,,,,,,,,,,,89.64,89.62
GMRAIRPORT,CASH VOL,17042601,13287023,3802085,69.75,64.5,,,,,,36161772,36310739
GMRAIRPORT,F&O VOL,7890,4650,,,,,,,,,4111,4373
GMRAIRPORT,F&O OI,31651,31217,,,,,,,,,32343,32408
GMRAIRPORT,CALL VOL,1048,831,,,,,,,,,975,1030
GMRAIRPORT,CALL OI,784,2139,,,,,,,,,1023,1044
GMRAIRPORT,PUT VOL,2474,568,,,,,,,,,914,989
GMRAIRPORT,PUT OI,3044,4626,,,,,,,,,3045,3069
GMRAIRPORT,CALL SPRD,,,,,,,,,,,34.15,24.95
GMRAIRPORT,PUT SPRD,,,,,,,,,,,1.69,2.9
GMRAIRPORT,CALL OI FIX,1956,,,,,,,,,,2212,2236
GMRAIRPORT,PUT OI FIX,4622,,,,,,,,,,4622,4647
GMRAIRPORT,CALL DOI,,,,,,,,,,,2519795,2477565
GMRAIRPORT,PUT DOI,,,,,,,,,,,-12304762,-12600208
GMRAIRPORT,CALL GEX,,,,,,,,,,,365085,367357
GMRAIRPORT,PUT GEX,,,,,,,,,,,1012164,1014844
GMRAIRPORT,GEX STRIKE,,,,,,,,,,,93.0,93.0
GMRAIRPORT,EXPIRY,,,,,,,,,,,2026-10-27,2026-10-27
GMRAIRPORT,ATM IV,,,,,,,,,,,33.23,33.23
GODFRYPHLP,PRICE,1862.4,1900.0,,,,1862.0,1874.65,1866.48,1911.7,1870.37,1846.9,1842.0
GODFRYPHLP,VWAP,,,,,,,,,,,1851.14,1851.01
GODFRYPHLP,CASH VOL,120245,146492,35344,34.82,41.4,,,,,,37257,37930
GODFRYPHLP,F&O VOL,1453,2294,,,,,,,,,266,277
GODFRYPHLP,F&O OI,7596,7468,,,,,,,,,7618,7616
GODFRYPHLP,CALL VOL,381,772,,,,,,,,,81,83
GODFRYPHLP,CALL OI,453,358,,,,,,,,,442,440
GODFRYPHLP,PUT VOL,129,245,,,,,,,,,27,33
GODFRYPHLP,PUT OI,408,388,,,,,,,,,376,412
GODFRYPHLP,CALL SPRD,,,,,,,,,,,9.41,33.59
GODFRYPHLP,PUT SPRD,,,,,,,,,,,7.54,43.81
GODFRYPHLP,CALL OI FIX,578,,,,,,,,,,566,564
GODFRYPHLP,PUT OI FIX,403,,,,,,,,,,406,407
GODFRYPHLP,CALL DOI,,,,,,,,,,,53666,51772
GODFRYPHLP,PUT DOI,,,,,,,,,,,-53527,-57256
GODFRYPHLP,CALL GEX,,,,,,,,,,,6370,6298
GODFRYPHLP,PUT GEX,,,,,,,,,,,5260,5618
GODFRYPHLP,GEX STRIKE,,,,,,,,,,,1900.0,1900.0
GODFRYPHLP,EXPIRY,,,,,,,,,,,2026-10-27,2026-10-27
GODFRYPHLP,ATM IV,,,,,,,,,,,32.44,33.12
GODREJCP,PRICE,865.55,872.5,,,,866.2,865.1,864.2,857.38,845.79,867.6,864.5
GODREJCP,VWAP,,,,,,,,,,,866.98,866.93
GODREJCP,CASH VOL,1332394,1398890,636055,60.94,34.91,,,,,,55598,57648
GODREJCP,F&O VOL,18101,28495,,,,,,,,,1984,2105
GODREJCP,F&O OI,31136,31154,,,,,,,,,31257,31260
GODREJCP,CALL VOL,7726,15037,,,,,,,,,972,933
GODREJCP,CALL OI,3725,3722,,,,,,,,,4130,3793
GODREJCP,PUT VOL,4285,6934,,,,,,,,,434,463
GODREJCP,PUT OI,3418,3491,,,,,,,,,3394,3423
GODREJCP,CALL SPRD,,,,,,,,,,,1.41,1.16
GODREJCP,PUT SPRD,,,,,,,,,,,1.71,1.42
GODREJCP,CALL OI FIX,4079,,,,,,,,,,4130,4121
GODREJCP,PUT OI FIX,3391,,,,,,,,,,3394,3397
GODREJCP,CALL DOI,,,,,,,,,,,895912,819041
GODREJCP,PUT DOI,,,,,,,,,,,-713138,-739031
GODREJCP,CALL GEX,,,,,,,,,,,150684,140044
GODREJCP,PUT GEX,,,,,,,,,,,109278,111507
GODREJCP,GEX STRIKE,,,,,,,,,,,860.0,860.0
GODREJCP,EXPIRY,,,,,,,,,,,2026-10-27,2026-10-27
GODREJCP,ATM IV,,,,,,,,,,,21.88,22.56
GODREJPROP,PRICE,1580.2,1610.0,,,,1579.0,1587.45,1582.62,1637.3,1609.63,1556.5,1552.0
GODREJPROP,VWAP,,,,,,,,,,,1555.82,1555.73
GODREJPROP,CASH VOL,196039,371383,57118,37.52,40.15,,,,,,170301,178215
GODREJPROP,F&O VOL,11641,12531,,,,,,,,,7020,7177
GODREJPROP,F&O OI,49710,48428,,,,,,,,,49178,49161
GODREJPROP,CALL VOL,2530,3303,,,,,,,,,2269,2292
GODREJPROP,CALL OI,3451,2981,,,,,,,,,3161,3161
GODREJPROP,PUT VOL,3677,4527,,,,,,,,,1646,1690
GODREJPROP,PUT OI,6052,6008,,,,,,,,,6321,6309
GODREJPROP,CALL SPRD,,,,,,,,,,,1.49,1.55
GODREJPROP,PUT SPRD,,,,,,,,,,,1.36,1.59
GODREJPROP,CALL OI FIX,4041,,,,,,,,,,3729,3729
GODREJPROP,PUT OI FIX,6222,,,,,,,,,,6480,6471
GODREJPROP,CALL DOI,,,,,,,,,,,381349,369642
GODREJPROP,PUT DOI,,,,,,,,,,,-1077220,-1104347
GODREJPROP,CALL GEX,,,,,,,,,,,44302,43469
GODREJPROP,PUT GEX,,,,,,,,,,,87995,88425
GODREJPROP,GEX STRIKE,,,,,,,,,,,1600.0,1600.0
GODREJPROP,EXPIRY,,,,,,,,,,,2026-10-27,2026-10-27
GODREJPROP,ATM IV,,,,,,,,,,,38.22,38.23
GRASIM,PRICE,2921.1,2969.0,,,,2909.0,2929.4,2923.87,3065.2,2996.4,2896.8,2892.6
GRASIM,VWAP,,,,,,,,,,,2896.08,2895.78
GRASIM,CASH VOL,235855,359655,91043,57.63,53.89,,,,,,26617,28884
GRASIM,F&O VOL,8495,8960,,,,,,,,,1614,1672
GRASIM,F&O OI,39336,39254,,,,,,,,,39454,39455
GRASIM,CALL VOL,1996,2116,,,,,,,,,653,681
GRASIM,CALL OI,2234,1951,,,,,,,,,2388,2398
GRASIM,PUT VOL,2626,2083,,,,,,,,,236,239
GRASIM,PUT OI,2087,2367,,,,,,,,,2110,2109
GRASIM,CALL SPRD,,,,,,,,,,,1.89,1.49
GRASIM,PUT SPRD,,,,,,,,,,,1.94,1.72
GRASIM,CALL OI FIX,2323,,,,,,,,,,2474,2486
GRASIM,PUT OI FIX,1968,,,,,,,,,,2004,2003
GRASIM,CALL DOI,,,,,,,,,,,195285,189366
GRASIM,PUT DOI,,,,,,,,,,,-277346,-282686
GRASIM,CALL GEX,,,,,,,,,,,46315,45824
GRASIM,PUT GEX,,,,,,,,,,,37614,37503
GRASIM,GEX STRIKE,,,,,,,,,,,3000.0,3000.0
GRASIM,EXPIRY,,,,,,,,,,,2026-10-27,2026-10-27
GRASIM,ATM IV,,,,,,,,,,,20.82,20.82
GVT&D,PRICE,4316.3,4245.1,,,,4285.8,4301.1,4270.7,4242.95,4222.45,4260.0,4252.0
GVT&D,VWAP,,,,,,,,,,,4253.95,4254.03
GVT&D,CASH VOL,660155,614818,102099,54.76,52.78,,,,,,82409,83866
GVT&D,F&O VOL,20530,13462,,,,,,,,,2640,2668
GVT&D,F&O OI,39460,39254,,,,,,,,,39604,39606
GVT&D,CALL VOL,12230,7522,,,,,,,,,1682,1700
GVT&D,CALL OI,7293,7093,,,,,,,,,7375,7375
GVT&D,PUT VOL,3910,3098,,,,,,,,,539,544
GVT&D,PUT OI,5850,5628,,,,,,,,,5841,5842
GVT&D,CALL SPRD,,,,,,,,,,,1.85,1.87
GVT&D,PUT SPRD,,,,,,,,,,,2.11,1.89
GVT&D,CALL OI FIX,7293,,,,,,,,,,7375,7375
GVT&D,PUT OI FIX,5850,,,,,,,,,,5841,5842
GVT&D,CALL DOI,,,,,,,,,,,339843,329973
GVT&D,PUT DOI,,,,,,,,,,,-221277,-228842
GVT&D,CALL GEX,,,,,,,,,,,41985,42659
GVT&D,PUT GEX,,,,,,,,,,,29747,29619
GVT&D,GEX STRIKE,,,,,,,,,,,4300.0,4300.0
GVT&D,EXPIRY,,,,,,,,,,,2026-10-27,2026-10-27
GVT&D,ATM IV,,,,,,,,,,,31.32,31.34
HAL,PRICE,4746.3,4816.0,,,,4756.7,4781.75,4758.12,4671.6,4624.53,4718.5,4713.0
HAL,VWAP,,,,,,,,,,,4720.87,4720.71
HAL,CASH VOL,515972,935720,100774,49.51,56.5,,,,,,89525,91944
HAL,F&O VOL,38226,50612,,,,,,,,,6414,6775
HAL,F&O OI,58907,60422,,,,,,,,,59335,59345
HAL,CALL VOL,12953,21726,,,,,,,,,2643,2784
HAL,CALL OI,6528,7244,,,,,,,,,6773,6778
HAL,PUT VOL,11179,12314,,,,,,,,,2050,2177
HAL,PUT OI,6849,7400,,,,,,,,,6931,6935
HAL,CALL SPRD,,,,,,,,,,,0.66,0.77
HAL,PUT SPRD,,,,,,,,,,,0.44,0.51
HAL,CALL OI FIX,8398,,,,,,,,,,8687,8700
HAL,PUT OI FIX,7753,,,,,,,,,,7830,7834
HAL,CALL DOI,,,,,,,,,,,465466,457578
HAL,PUT DOI,,,,,,,,,,,-459120,-466388
HAL,CALL GEX,,,,,,,,,,,70941,70817
HAL,PUT GEX,,,,,,,,,,,63379,63547
HAL,GEX STRIKE,,,,,,,,,,,4800.0,4800.0
HAL,EXPIRY,,,,,,,,,,,2026-10-27,2026-10-27
HAL,ATM IV,,,,,,,,,,,24.55,24.55
HAVELLS,PRICE,1060.5,1057.0,,,,1060.5,1059.83,1058.5,1057.5,1045.83,1053.4,1051.7
HAVELLS,VWAP,,,,,,,,,,,1050.92,1050.98
HAVELLS,CASH VOL,486342,946495,104013,47.25,56.68,,,,,,162534,167909
HAVELLS,F&O VOL,9274,6568,,,,,,,,,1329,1413
HAVELLS,F&O OI,33865,33556,,,,,,,,,33912,33908
HAVELLS,CALL VOL,3547,2281,,,,,,,,,511,546
HAVELLS,CALL OI,4156,4264,,,,,,,,,4169,4165
HAVELLS,PUT VOL,1927,1101,,,,,,,,,295,320
HAVELLS,PUT OI,3663,3467,,,,,,,,,3699,3705
HAVELLS,CALL SPRD,,,,,,,,,,,1.41,1.44
HAVELLS,PUT SPRD,,,,,,,,,,,1.9,1.45
HAVELLS,CALL OI FIX,4072,,,,,,,,,,4087,4082
HAVELLS,PUT OI FIX,3104,,,,,,,,,,3126,3133
HAVELLS,CALL DOI,,,,,,,,,,,889435,869809
HAVELLS,PUT DOI,,,,,,,,,,,-884591,-901782
HAVELLS,CALL GEX,,,,,,,,,,,116694,116027
HAVELLS,PUT GEX,,,,,,,,,,,98457,98645
HAVELLS,GEX STRIKE,,,,,,,,,,,1100.0,1100.0
HAVELLS,EXPIRY,,,,,,,,,,,2026-10-27,2026-10-27
HAVELLS,ATM IV,,,,,,,,,,,29.02,29.02
HCLTECH,PRICE,1185.0,1204.4,,,,1185.0,1187.7,1185.9,1244.65,1243.62,1205.7,1205.9
HCLTECH,VWAP,,,,,,,,,,,1205.04,1205.06
HCLTECH,CASH VOL,1810295,2002132,595051,54.49,50.52,,,,,,913210,927090
HCLTECH,F&O VOL,47969,37146,,,,,,,,,20503,20941
HCLTECH,F&O OI,98266,95198,,,,,,,,,96867,96868
HCLTECH,CALL VOL,16502,12361,,,,,,,,,9568,9784
HCLTECH,CALL OI,11011,8896,,,,,,,,,10322,10298
HCLTECH,PUT VOL,6223,7140,,,,,,,,,2863,2991
HCLTECH,PUT OI,6708,7536,,,,,,,,,7120,7129
HCLTECH,CALL SPRD,,,,,,,,,,,0.61,0.76
HCLTECH,PUT SPRD,,,,,,,,,,,0.63,0.63
HCLTECH,CALL OI FIX,6777,,,,,,,,,,6367,6358
HCLTECH,PUT OI FIX,5142,,,,,,,,,,5539,5550
HCLTECH,CALL DOI,,,,,,,,,,,1915657,1915314
HCLTECH,PUT DOI,,,,,,,,,,,-1395568,-1395527
HCLTECH,CALL GEX,,,,,,,,,,,235805,235343
HCLTECH,PUT GEX,,,,,,,,,,,105493,105636
HCLTECH,GEX STRIKE,,,,,,,,,,,1200.0,1200.0
HCLTECH,EXPIRY,,,,,,,,,,,2026-10-27,2026-10-27
HCLTECH,ATM IV,,,,,,,,,,,36.54,36.54
HDFCAMC,PRICE,2314.8,2352.4,,,,2304.0,2323.5,2317.7,2303.65,2294.75,2298.7,2296.1
HDFCAMC,VWAP,,,,,,,,,,,2292.34,2292.43
HDFCAMC,CASH VOL,727092,885381,242857,61.58,67.22,,,,,,99344,100958
HDFCAMC,F&O VOL,6262,6241,,,,,,,,,1776,1839
HDFCAMC,F&O OI,32488,31661,,,,,,,,,32913,32924
HDFCAMC,CALL VOL,719,1143,,,,,,,,,189,195
HDFCAMC,CALL OI,1181,1122,,,,,,,,,1189,1192
HDFCAMC,PUT VOL,1239,799,,,,,,,,,198,212
HDFCAMC,PUT OI,1441,1385,,,,,,,,,1468,1468
HDFCAMC,CALL SPRD,,,,,,,,,,,1.6,2.82
HDFCAMC,PUT SPRD,,,,,,,,,,,2.73,0.87
HDFCAMC,CALL OI FIX,2106,,,,,,,,,,2211,2222
HDFCAMC,PUT OI FIX,1827,,,,,,,,,,1854,1854
HDFCAMC,CALL DOI,,,,,,,,,,,177746,176012
HDFCAMC,PUT DOI,,,,,,,,,,,-206272,-208905
HDFCAMC,CALL GEX,,,,,,,,,,,20474,20369
HDFCAMC,PUT GEX,,,,,,,,,,,23212,23407
HDFCAMC,GEX STRIKE,,,,,,,,,,,2300.0,2300.0
HDFCAMC,EXPIRY,,,,,,,,,,,2026-10-27,2026-10-27
HDFCAMC,ATM IV,,,,,,,,,,,31.14,31.16
HDFCBANK,PRICE,702.75,711.45,,,,704.05,706.35,703.95,720.67,719.62,699.3,698.2
HDFCBANK,VWAP,,,,,,,,,,,700.25,700.11
HDFCBANK,CASH VOL,29944008,26568270,6894963,55.74,50.94,,,,,,5698268,6134414
HDFCBANK,F&O VOL,343450,330213,,,,,,,,,74688,79133
HDFCBANK,F&O OI,956043,924508,,,,,,,,,966901,967623
HDFCBANK,CALL VOL,152479,145943,,,,,,,,,35240,37280
HDFCBANK,CALL OI,151097,138007,,,,,,,,,156546,156759
HDFCBANK,PUT VOL,81069,78987,,,,,,,,,15512,16366
HDFCBANK,PUT OI,92471,89446,,,,,,,,,93015,93050
HDFCBANK,CALL SPRD,,,,,,,,,,,0.62,0.63
HDFCBANK,PUT SPRD,,,,,,,,,,,0.73,0.7
HDFCBANK,CALL OI FIX,151097,,,,,,,,,,156546,156759
HDFCBANK,PUT OI FIX,92471,,,,,,,,,,93015,93050
HDFCBANK,CALL DOI,,,,,,,,,,,29858460,29056526
HDFCBANK,PUT DOI,,,,,,,,,,,-31914886,-32431585
HDFCBANK,CALL GEX,,,,,,,,,,,5868202,5792276
HDFCBANK,PUT GEX,,,,,,,,,,,3456747,3449746
HDFCBANK,GEX STRIKE,,,,,,,,,,,720.0,720.0
HDFCBANK,EXPIRY,,,,,,,,,,,2026-10-27,2026-10-27
HDFCBANK,ATM IV,,,,,,,,,,,23.59,23.68
HDFCLIFE,PRICE,546.05,543.95,,,,545.1,545.15,543.35,531.52,526.15,548.95,547.65
HDFCLIFE,VWAP,,,,,,,,,,,547.08,547.2
HDFCLIFE,CASH VOL,2546074,8334621,947927,50.73,55.41,,,,,,329277,364734
HDFCLIFE,F&O VOL,28041,40370,,,,,,,,,6913,7159
HDFCLIFE,F&O OI,63998,63305,,,,,,,,,64578,64568
HDFCLIFE,CALL VOL,14185,17350,,,,,,,,,3554,3750
HDFCLIFE,CALL OI,8440,8255,,,,,,,,,8647,8631
HDFCLIFE,PUT VOL,5729,7078,,,,,,,,,1825,1884
HDFCLIFE,PUT OI,3709,3679,,,,,,,,,3822,3812
HDFCLIFE,CALL SPRD,,,,,,,,,,,1.07,0.75
HDFCLIFE,PUT SPRD,,,,,,,,,,,1.8,0.69
HDFCLIFE,CALL OI FIX,8924,,,,,,,,,,9134,9116
HDFCLIFE,PUT OI FIX,4402,,,,,,,,,,4490,4479
HDFCLIFE,CALL DOI,,,,,,,,,,,5309315,5163695
HDFCLIFE,PUT DOI,,,,,,,,,,,-1520438,-1567937
HDFCLIFE,CALL GEX,,,,,,,,,,,573177,574660
HDFCLIFE,PUT GEX,,,,,,,,,,,219490,221372
HDFCLIFE,GEX STRIKE,,,,,,,,,,,560.0,560.0
HDFCLIFE,EXPIRY,,,,,,,,,,,2026-10-27,2026-10-27
HDFCLIFE,ATM IV,,,,,,,,,,,27.88,27.88
HEROMOTOCO,PRICE,5004.0,5075.0,,,,4991.5,5027.75,5011.92,5220.75,5185.58,4979.5,4970.0
HEROMOTOCO,VWAP,,,,,,,,,,,4961.94,4962.41
HEROMOTOCO,CASH VOL,397370,388296,119756,44.22,58.66,,,,,,81183,83795
HEROMOTOCO,F&O VOL,37475,26669,,,,,,,,,10599,10900
HEROMOTOCO,F&O OI,48600,46289,,,,,,,,,48959,48993
HEROMOTOCO,CALL VOL,10698,7208,,,,,,,,,3294,3274
HEROMOTOCO,CALL OI,4007,3152,,,,,,,,,4487,4245
HEROMOTOCO,PUT VOL,12110,7516,,,,,,,,,3674,4058
HEROMOTOCO,PUT OI,5350,4185,,,,,,,,,5265,5518
HEROMOTOCO,CALL SPRD,,,,,,,,,,,0.75,1.19
HEROMOTOCO,PUT SPRD,,,,,,,,,,,0.97,0.67
HEROMOTOCO,CALL OI FIX,4269,,,,,,,,,,4487,4505
HEROMOTOCO,PUT OI FIX,5114,,,,,,,,,,5265,5278
HEROMOTOCO,CALL DOI,,,,,,,,,,,242804,230629
HEROMOTOCO,PUT DOI,,,,,,,,,,,-371766,-379930
HEROMOTOCO,CALL GEX,,,,,,,,,,,45434,41817
HEROMOTOCO,PUT GEX,,,,,,,,,,,44933,48044
HEROMOTOCO,GEX STRIKE,,,,,,,,,,,5100.0,5100.0
HEROMOTOCO,EXPIRY,,,,,,,,,,,2026-10-27,2026-10-27
HEROMOTOCO,ATM IV,,,,,,,,,,,25.13,25.09
HINDALCO,PRICE,910.85,940.5,,,,910.0,924.35,915.35,948.2,943.97,901.95,899.2
HINDALCO,VWAP,,,,,,,,,,,904.57,904.32
HINDALCO,CASH VOL,3792281,2991457,801451,54.42,58.3,,,,,,654736,713469
HINDALCO,F&O VOL,37547,18417,,,,,,,,,13175,13666
HINDALCO,F&O OI,102744,98724,,,,,,,,,103889,104031
HINDALCO,CALL VOL,8695,3689,,,,,,,,,3685,3813
HINDALCO,CALL OI,3963,2139,,,,,,,,,4750,4804
HINDALCO,PUT VOL,13055,4278,,,,,,,,,4052,4196
HINDALCO,PUT OI,6528,6140,,,,,,,,,6604,6620
HINDALCO,CALL SPRD,,,,,,,,,,,1.34,1.01
HINDALCO,PUT SPRD,,,,,,,,,,,1.3,0.99
HINDALCO,CALL OI FIX,6037,,,,,,,,,,6806,6893
HINDALCO,PUT OI FIX,8635,,,,,,,,,,8692,8703
HINDALCO,CALL DOI,,,,,,,,,,,1190680,1150922
HINDALCO,PUT DOI,,,,,,,,,,,-2477798,-2558915
HINDALCO,CALL GEX,,,,,,,,,,,192116,190842
HINDALCO,PUT GEX,,,,,,,,,,,256983,255934
HINDALCO,GEX STRIKE,,,,,,,,,,,940.0,940.0
HINDALCO,EXPIRY,,,,,,,,,,,2026-10-27,2026-10-27
HINDALCO,ATM IV,,,,,,,,,,,27.55,27.55
HINDPETRO,PRICE,343.15,351.0,,,,342.5,345.18,343.82,347.3,345.77,337.65,336.6
HINDPETRO,VWAP,,,,,,,,,,,338.19,338.15
HINDPETRO,CASH VOL,4508391,3973902,880504,52.54,61.82,,,,,,1463708,1512664
HINDPETRO,F&O VOL,7272,7122,,,,,,,,,3006,3158
HINDPETRO,F&O OI,30157,28826,,,,,,,,,30824,30906
HINDPETRO,CALL VOL,2103,2347,,,,,,,,,1033,1035
HINDPETRO,CALL OI,1913,1826,,,,,,,,,2282,2203
HINDPETRO,PUT VOL,2376,1566,,,,,,,,,928,1091
HINDPETRO,PUT OI,2720,2167,,,,,,,,,2658,2908
HINDPETRO,CALL SPRD,,,,,,,,,,,2.15,1.75
HINDPETRO,PUT SPRD,,,,,,,,,,,2.04,1.28
HINDPETRO,CALL OI FIX,2419,,,,,,,,,,2704,2703
HINDPETRO,PUT OI FIX,2630,,,,,,,,,,2747,2819
HINDPETRO,CALL DOI,,,,,,,,,,,1511087,1422758
HINDPETRO,PUT DOI,,,,,,,,,,,-2759576,-2940081
HINDPETRO,CALL GEX,,,,,,,,,,,225267,214182
HINDPETRO,PUT GEX,,,,,,,,,,,265579,281901
HINDPETRO,GEX STRIKE,,,,,,,,,,,340.0,340.0
HINDPETRO,EXPIRY,,,,,,,,,,,2026-10-27,2026-10-27
HINDPETRO,ATM IV,,,,,,,,,,,31.04,31.45
HINDUNILVR,PRICE,1865.4,1895.2,,,,1860.0,1876.15,1868.98,1880.05,1850.68,1862.2,1858.9
HINDUNILVR,VWAP,,,,,,,,,,,1859.1,1859.19
HINDUNILVR,CASH VOL,620459,1576062,196822,60.13,64.81,,,,,,401370,428886
HINDUNILVR,F&O VOL,23329,44419,,,,,,,,,28769,29328
HINDUNILVR,F&O OI,99069,98121,,,,,,,,,102552,102629
HINDUNILVR,CALL VOL,8272,19789,,,,,,,,,12640,12930
HINDUNILVR,CALL OI,12172,11845,,,,,,,,,13585,13598
HINDUNILVR,PUT VOL,7282,10325,,,,,,,,,9207,9432
HINDUNILVR,PUT OI,11264,11064,,,,,,,,,11723,11741
HINDUNILVR,CALL SPRD,,,,,,,,,,,0.68,0.7
HINDUNILVR,PUT SPRD,,,,,,,,,,,0.93,1.09
HINDUNILVR,CALL OI FIX,12172,,,,,,,,,,13585,13598
HINDUNILVR,PUT OI FIX,11264,,,,,,,,,,11723,11741
HINDUNILVR,CALL DOI,,,,,,,,,,,1628914,1580141
HINDUNILVR,PUT DOI,,,,,,,,,,,-1767420,-1855158
HINDUNILVR,CALL GEX,,,,,,,,,,,340128,320876
HINDUNILVR,PUT GEX,,,,,,,,,,,249378,262405
HINDUNILVR,GEX STRIKE,,,,,,,,,,,1900.0,1900.0
HINDUNILVR,EXPIRY,,,,,,,,,,,2026-10-27,2026-10-27
HINDUNILVR,ATM IV,,,,,,,,,,,18.44,18.62
HINDZINC,PRICE,551.0,557.65,,,,554.0,555.77,552.59,563.75,557.95,543.9,542.2
HINDZINC,VWAP,,,,,,,,,,,545.09,545.05
HINDZINC,CASH VOL,1999170,2198787,542318,38.1,53.55,,,,,,863718,884790
HINDZINC,F&O VOL,11387,8161,,,,,,,,,5186,5296
HINDZINC,F&O OI,41665,40613,,,,,,,,,42359,42390
HINDZINC,CALL VOL,3082,1951,,,,,,,,,1823,1860
HINDZINC,CALL OI,3884,3636,,,,,,,,,4249,4229
HINDZINC,PUT VOL,3431,2062,,,,,,,,,1525,1555
HINDZINC,PUT OI,5982,5755,,,,,,,,,5884,5896
HINDZINC,CALL SPRD,,,,,,,,,,,1.26,1.3
HINDZINC,PUT SPRD,,,,,,,,,,,1.17,1.5
HINDZINC,CALL OI FIX,6626,,,,,,,,,,7094,7098
HINDZINC,PUT OI FIX,7066,,,,,,,,,,6965,6977
HINDZINC,CALL DOI,,,,,,,,,,,1555713,1482199
HINDZINC,PUT DOI,,,,,,,,,,,-3680268,-3786675
HINDZINC,CALL GEX,,,,,,,,,,,230775,224000
HINDZINC,PUT GEX,,,,,,,,,,,319245,323200
HINDZINC,GEX STRIKE,,,,,,,,,,,550.0,550.0
HINDZINC,EXPIRY,,,,,,,,,,,2026-10-27,2026-10-27
HINDZINC,ATM IV,,,,,,,,,,,33.15,32.86
HYUNDAI,PRICE,1945.0,1989.0,,,,1940.0,1962.0,1950.67,2057.5,2035.17,1935.6,1935.7
HYUNDAI,VWAP,,,,,,,,,,,1934.98,1935.04
HYUNDAI,CASH VOL,498987,432970,84132,38.32,47.65,,,,,,50673,53848
HYUNDAI,F&O VOL,8308,7793,,,,,,,,,1063,1097
HYUNDAI,F&O OI,23937,22864,,,,,,,,,24125,24124
HYUNDAI,CALL VOL,2030,1766,,,,,,,,,340,347
HYUNDAI,CALL OI,1636,1195,,,,,,,,,1719,1718
HYUNDAI,PUT VOL,1429,1470,,,,,,,,,137,139
HYUNDAI,PUT OI,1839,1876,,,,,,,,,1866,1864
HYUNDAI,CALL SPRD,,,,,,,,,,,3.8,3.75
HYUNDAI,PUT SPRD,,,,,,,,,,,3.71,3.19
HYUNDAI,CALL OI FIX,1636,,,,,,,,,,1719,1718
HYUNDAI,PUT OI FIX,1839,,,,,,,,,,1866,1864
HYUNDAI,CALL DOI,,,,,,,,,,,164374,164425
HYUNDAI,PUT DOI,,,,,,,,,,,-269332,-268982
HYUNDAI,CALL GEX,,,,,,,,,,,29359,29353
HYUNDAI,PUT GEX,,,,,,,,,,,24592,24571
HYUNDAI,GEX STRIKE,,,,,,,,,,,2000.0,2000.0
HYUNDAI,EXPIRY,,,,,,,,,,,2026-10-27,2026-10-27
HYUNDAI,ATM IV,,,,,,,,,,,28.18,28.18
ICICIBANK,PRICE,1357.5,1342.8,,,,1350.0,1353.32,1344.95,1314.0,1311.73,1355.4,1357.0
ICICIBANK,VWAP,,,,,,,,,,,1350.19,1350.48
ICICIBANK,CASH VOL,14774121,12201451,3757122,60.4,57.31,,,,,,1703577,1774635
ICICIBANK,F&O VOL,116909,73205,,,,,,,,,25659,28209
ICICIBANK,F&O OI,254813,250097,,,,,,,,,257648,257875
ICICIBANK,CALL VOL,46198,33521,,,,,,,,,9668,10519
ICICIBANK,CALL OI,27210,25966,,,,,,,,,27495,27494
ICICIBANK,PUT VOL,24910,12530,,,,,,,,,6546,7259
ICICIBANK,PUT OI,14002,12326,,,,,,,,,14339,14436
ICICIBANK,CALL SPRD,,,,,,,,,,,0.78,0.38
ICICIBANK,PUT SPRD,,,,,,,,,,,0.79,0.61
ICICIBANK,CALL OI FIX,27210,,,,,,,,,,27495,27494
ICICIBANK,PUT OI FIX,14002,,,,,,,,,,14339,14436
ICICIBANK,CALL DOI,,,,,,,,,,,10181129,10385071
ICICIBANK,PUT DOI,,,,,,,,,,,-4153336,-4102267
ICICIBANK,CALL GEX,,,,,,,,,,,1540183,1563853
ICICIBANK,PUT GEX,,,,,,,,,,,720692,712221
ICICIBANK,GEX STRIKE,,,,,,,,,,,1340.0,1340.0
ICICIBANK,EXPIRY,,,,,,,,,,,2026-10-27,2026-10-27
ICICIBANK,ATM IV,,,,,,,,,,,20.76,20.66
ICICIGI,PRICE,1590.0,1598.3,,,,1591.0,1589.27,1587.8,1557.48,1546.45,1623.9,1618.5
ICICIGI,VWAP,,,,,,,,,,,1617.15,1617.51
ICICIGI,CASH VOL,875700,333763,127716,61.83,44.9,,,,,,170355,182787
ICICIGI,F&O VOL,8965,5843,,,,,,,,,6971,7469
ICICIGI,F&O OI,23368,22678,,,,,,,,,24840,24924
ICICIGI,CALL VOL,3316,2838,,,,,,,,,3638,3806
ICICIGI,CALL OI,2679,2621,,,,,,,,,3027,3023
ICICIGI,PUT VOL,1862,1108,,,,,,,,,2223,2468
ICICIGI,PUT OI,1545,1561,,,,,,,,,2307,2373
ICICIGI,CALL SPRD,,,,,,,,,,,0.89,1.36
ICICIGI,PUT SPRD,,,,,,,,,,,0.82,1.27
ICICIGI,CALL OI FIX,2389,,,,,,,,,,2612,2609
ICICIGI,PUT OI FIX,2027,,,,,,,,,,2792,2858
ICICIGI,CALL DOI,,,,,,,,,,,533412,514203
ICICIGI,PUT DOI,,,,,,,,,,,-238290,-258439
ICICIGI,CALL GEX,,,,,,,,,,,53855,54046
ICICIGI,PUT GEX,,,,,,,,,,,34799,36627
ICICIGI,GEX STRIKE,,,,,,,,,,,1600.0,1600.0
ICICIGI,EXPIRY,,,,,,,,,,,2026-10-27,2026-10-27
ICICIGI,ATM IV,,,,,,,,,,,29.71,29.71
ICICIPRULI,PRICE,457.5,459.5,,,,458.0,457.12,456.35,453.0,449.7,454.85,453.25
ICICIPRULI,VWAP,,,,,,,,,,,453.18,453.2
ICICIPRULI,CASH VOL,837553,595212,170340,53.46,47.44,,,,,,129324,132432
ICICIPRULI,F&O VOL,6366,7757,,,,,,,,,1336,1409
ICICIPRULI,F&O OI,30417,29301,,,,,,,,,30603,30586
ICICIPRULI,CALL VOL,1825,3510,,,,,,,,,369,382
ICICIPRULI,CALL OI,2899,2740,,,,,,,,,2925,2921
ICICIPRULI,PUT VOL,986,961,,,,,,,,,388,408
ICICIPRULI,PUT OI,2767,2603,,,,,,,,,2891,2880
ICICIPRULI,CALL SPRD,,,,,,,,,,,1.13,1.57
ICICIPRULI,PUT SPRD,,,,,,,,,,,1.35,1.93
ICICIPRULI,CALL OI FIX,2899,,,,,,,,,,2925,2921
ICICIPRULI,PUT OI FIX,2767,,,,,,,,,,2891,2880
ICICIPRULI,CALL DOI,,,,,,,,,,,1309428,1257802
ICICIPRULI,PUT DOI,,,,,,,,,,,-1137198,-1171591
ICICIPRULI,CALL GEX,,,,,,,,,,,153022,148702
ICICIPRULI,PUT GEX,,,,,,,,,,,109598,111833
ICICIPRULI,GEX STRIKE,,,,,,,,,,,450.0,450.0
ICICIPRULI,EXPIRY,,,,,,,,,,,2026-10-27,2026-10-27
ICICIPRULI,ATM IV,,,,,,,,,,,35.05,34.87
IDEA,PRICE,13.18,13.21,,,,13.17,13.25,13.2,13.37,12.88,13.13,13.08
IDEA,VWAP,,,,,,,,,,,13.14,13.14
IDEA,CASH VOL,377013597,337226121,61587587,24.32,30.24,,,,,,83097884,86623777
IDEA,F&O VOL,34456,26104,,,,,,,,,6066,6550
IDEA,F&O OI,131946,132576,,,,,,,,,132089,132209
IDEA,CALL VOL,20023,16410,,,,,,,,,3900,4078
IDEA,CALL OI,23576,23960,,,,,,,,,23727,23773
IDEA,PUT VOL,5607,3645,,,,,,,,,768,922
IDEA,PUT OI,12509,12538,,,,,,,,,12441,12444
IDEA,CALL SPRD,,,,,,,,,,,1.65,3.33
IDEA,PUT SPRD,,,,,,,,,,,2.25,4.35
IDEA,CALL OI FIX,23576,,,,,,,,,,23727,23773
IDEA,PUT OI FIX,12509,,,,,,,,,,12441,12444
IDEA,CALL DOI,,,,,,,,,,,433563475,419156366
IDEA,PUT DOI,,,,,,,,,,,-505433275,-514996417
IDEA,CALL GEX,,,,,,,,,,,40220871,39600155
IDEA,PUT GEX,,,,,,,,,,,24448068,24320928
IDEA,GEX STRIKE,,,,,,,,,,,14.0,14.0
IDEA,EXPIRY,,,,,,,,,,,2026-10-27,2026-10-27
IDEA,ATM IV,,,,,,,,,,,44.14,44.14
IDFCFIRSTB,PRICE,79.54,81.56,,,,79.49,80.1,79.73,81.05,80.61,79.19,79.03
IDFCFIRSTB,VWAP,,,,,,,,,,,78.9,78.91
IDFCFIRSTB,CASH VOL,20250870,29054579,4281652,47.97,44.69,,,,,,4229602,4362240
IDFCFIRSTB,F&O VOL,18558,29203,,,,,,,,,3428,3623
IDFCFIRSTB,F&O OI,70838,69204,,,,,,,,,71508,71538
IDFCFIRSTB,CALL VOL,4522,7174,,,,,,,,,926,978
IDFCFIRSTB,CALL OI,4194,3548,,,,,,,,,4413,4435
IDFCFIRSTB,PUT VOL,3891,6304,,,,,,,,,614,676
IDFCFIRSTB,PUT OI,7633,7381,,,,,,,,,7654,7649
IDFCFIRSTB,CALL SPRD,,,,,,,,,,,1.57,1.62
IDFCFIRSTB,PUT SPRD,,,,,,,,,,,1.9,2.34
IDFCFIRSTB,CALL OI FIX,6808,,,,,,,,,,7083,7106
IDFCFIRSTB,PUT OI FIX,8285,,,,,,,,,,8305,8300
IDFCFIRSTB,CALL DOI,,,,,,,,,,,17317463,17004398
IDFCFIRSTB,PUT DOI,,,,,,,,,,,-33753824,-34419307
IDFCFIRSTB,CALL GEX,,,,,,,,,,,2083916,2083075
IDFCFIRSTB,PUT GEX,,,,,,,,,,,3376685,3378887
IDFCFIRSTB,GEX STRIKE,,,,,,,,,,,80.0,80.0
IDFCFIRSTB,EXPIRY,,,,,,,,,,,2026-10-27,2026-10-27
IDFCFIRSTB,ATM IV,,,,,,,,,,,32.43,32.43
IEX,PRICE,105.85,104.86,,,,105.71,106.46,106.05,108.53,106.83,105.92,105.65
IEX,VWAP,,,,,,,,,,,105.67,105.68
IEX,CASH VOL,7531830,2589786,1159562,25.56,40.15,,,,,,840023,890943
IEX,F&O VOL,14416,4763,,,,,,,,,1387,1429
IEX,F&O OI,27687,27556,,,,,,,,,27789,27800
IEX,CALL VOL,7856,1965,,,,,,,,,834,857
IEX,CALL OI,2165,1965,,,,,,,,,2230,2239
IEX,PUT VOL,1353,458,,,,,,,,,126,126
IEX,PUT OI,1707,1629,,,,,,,,,1719,1719
IEX,CALL SPRD,,,,,,,,,,,1.51,1.54
IEX,PUT SPRD,,,,,,,,,,,2.48,1.53
IEX,CALL OI FIX,2165,,,,,,,,,,2230,2239
IEX,PUT OI FIX,1707,,,,,,,,,,1719,1719
IEX,CALL DOI,,,,,,,,,,,4052116,3951765
IEX,PUT DOI,,,,,,,,,,,-3721376,-3812453
IEX,CALL GEX,,,,,,,,,,,481895,480625
IEX,PUT GEX,,,,,,,,,,,356598,356554
IEX,GEX STRIKE,,,,,,,,,,,110.0,110.0
IEX,EXPIRY,,,,,,,,,,,2026-10-27,2026-10-27
IEX,ATM IV,,,,,,,,,,,33.98,33.98
INDHOTEL,PRICE,731.3,736.0,,,,731.0,735.75,732.78,720.75,718.92,724.85,725.9
INDHOTEL,VWAP,,,,,,,,,,,724.52,724.9
INDHOTEL,CASH VOL,3190796,2461719,704140,59.96,70.8,,,,,,243473,373949
INDHOTEL,F&O VOL,20226,8038,,,,,,,,,3273,4267
INDHOTEL,F&O OI,42713,40076,,,,,,,,,42877,42988
INDHOTEL,CALL VOL,10943,3327,,,,,,,,,1815,2336
INDHOTEL,CALL OI,4349,3253,,,,,,,,,4188,4424
INDHOTEL,PUT VOL,4448,1946,,,,,,,,,736,1043
INDHOTEL,PUT OI,2882,2481,,,,,,,,,2906,2899
INDHOTEL,CALL SPRD,,,,,,,,,,,0.99,1.31
INDHOTEL,PUT SPRD,,,,,,,,,,,1.72,1.25
INDHOTEL,CALL OI FIX,4349,,,,,,,,,,4376,4424
INDHOTEL,PUT OI FIX,2882,,,,,,,,,,2864,2899
INDHOTEL,CALL DOI,,,,,,,,,,,1722431,1783181
INDHOTEL,PUT DOI,,,,,,,,,,,-1158322,-1181855
INDHOTEL,CALL GEX,,,,,,,,,,,277062,295210
INDHOTEL,PUT GEX,,,,,,,,,,,175311,171958
INDHOTEL,GEX STRIKE,,,,,,,,,,,740.0,740.0
INDHOTEL,EXPIRY,,,,,,,,,,,2026-10-27,2026-10-27
INDHOTEL,ATM IV,,,,,,,,,,,23.8,23.73
INDIANB,PRICE,828.3,813.0,,,,830.9,824.92,818.17,809.6,798.63,829.25,830.05
INDIANB,VWAP,,,,,,,,,,,825.56,826.02
INDIANB,CASH VOL,1140038,888598,352750,31.38,47.28,,,,,,275456,296926
INDIANB,F&O VOL,11440,3021,,,,,,,,,1987,2153
INDIANB,F&O OI,16653,16123,,,,,,,,,16767,16781
INDIANB,CALL VOL,5593,1442,,,,,,,,,1062,1133
INDIANB,CALL OI,2457,2399,,,,,,,,,2506,2495
INDIANB,PUT VOL,2305,480,,,,,,,,,462,488
INDIANB,PUT OI,2467,2269,,,,,,,,,2484,2488
INDIANB,CALL SPRD,,,,,,,,,,,1.14,1.31
INDIANB,PUT SPRD,,,,,,,,,,,1.3,1.76
INDIANB,CALL OI FIX,2457,,,,,,,,,,2506,2495
INDIANB,PUT OI FIX,2467,,,,,,,,,,2484,2488
INDIANB,CALL DOI,,,,,,,,,,,1277777,1279965
INDIANB,PUT DOI,,,,,,,,,,,-1001528,-992254
INDIANB,CALL GEX,,,,,,,,,,,125936,124429
INDIANB,PUT GEX,,,,,,,,,,,114070,113191
INDIANB,GEX STRIKE,,,,,,,,,,,850.0,850.0
INDIANB,EXPIRY,,,,,,,,,,,2026-10-27,2026-10-27
INDIANB,ATM IV,,,,,,,,,,,32.77,32.94
INDIGO,PRICE,4990.0,5050.5,,,,4975.0,5020.9,5000.3,4933.25,4931.02,4914.5,4908.2
INDIGO,VWAP,,,,,,,,,,,4921.86,4921.45
INDIGO,CASH VOL,1618923,613781,285594,64.19,55.23,,,,,,91145,93766
INDIGO,F&O VOL,71473,40758,,,,,,,,,15677,16344
INDIGO,F&O OI,65843,59643,,,,,,,,,67550,67524
INDIGO,CALL VOL,27984,16440,,,,,,,,,5145,5364
INDIGO,CALL OI,11089,6494,,,,,,,,,11624,11633
INDIGO,PUT VOL,18594,10244,,,,,,,,,5266,5541
INDIGO,PUT OI,6202,5508,,,,,,,,,6434,6419
INDIGO,CALL SPRD,,,,,,,,,,,0.78,0.64
INDIGO,PUT SPRD,,,,,,,,,,,0.76,0.63
INDIGO,CALL OI FIX,12489,,,,,,,,,,13172,13173
INDIGO,PUT OI FIX,5982,,,,,,,,,,6260,6240
INDIGO,CALL DOI,,,,,,,,,,,694782,685864
INDIGO,PUT DOI,,,,,,,,,,,-462673,-469340
INDIGO,CALL GEX,,,,,,,,,,,112697,109507
INDIGO,PUT GEX,,,,,,,,,,,51830,53111
INDIGO,GEX STRIKE,,,,,,,,,,,5100.0,5100.0
INDIGO,EXPIRY,,,,,,,,,,,2026-10-27,2026-10-27
INDIGO,ATM IV,,,,,,,,,,,27.48,27.43
INDUSINDBK,PRICE,874.9,906.1,,,,876.0,887.08,878.96,895.5,889.73,869.8,867.65
INDUSINDBK,VWAP,,,,,,,,,,,870.37,870.31
INDUSINDBK,CASH VOL,2429142,2405486,774308,45.44,57.37,,,,,,183164,187939
INDUSINDBK,F&O VOL,36349,25891,,,,,,,,,4084,4326
INDUSINDBK,F&O OI,81052,77733,,,,,,,,,81474,81482
INDUSINDBK,CALL VOL,12082,8621,,,,,,,,,1459,1571
INDUSINDBK,CALL OI,4765,3789,,,,,,,,,4976,5005
INDUSINDBK,PUT VOL,11149,6487,,,,,,,,,1350,1478
INDUSINDBK,PUT OI,4765,4378,,,,,,,,,5018,4992
INDUSINDBK,CALL SPRD,,,,,,,,,,,0.78,0.99
INDUSINDBK,PUT SPRD,,,,,,,,,,,1.11,1.11
INDUSINDBK,CALL OI FIX,4765,,,,,,,,,,4976,5005
INDUSINDBK,PUT OI FIX,4765,,,,,,,,,,5018,4992
INDUSINDBK,CALL DOI,,,,,,,,,,,1266026,1227280
INDUSINDBK,PUT DOI,,,,,,,,,,,-1921827,-1957053
INDUSINDBK,CALL GEX,,,,,,,,,,,183497,182189
INDUSINDBK,PUT GEX,,,,,,,,,,,176033,174277
INDUSINDBK,GEX STRIKE,,,,,,,,,,,900.0,900.0
INDUSINDBK,EXPIRY,,,,,,,,,,,2026-10-27,2026-10-27
INDUSINDBK,ATM IV,,,,,,,,,,,30.54,30.54
INDUSTOWER,PRICE,385.05,389.1,,,,385.05,386.65,385.58,374.21,370.12,383.2,382.05
INDUSTOWER,VWAP,,,,,,,,,,,385.42,385.36
INDUSTOWER,CASH VOL,2499487,5484978,797402,43.01,61.88,,,,,,513617,530595
INDUSTOWER,F&O VOL,16189,25571,,,,,,,,,3214,3332
INDUSTOWER,F&O OI,68853,67688,,,,,,,,,68997,69014
INDUSTOWER,CALL VOL,8179,11136,,,,,,,,,1873,1869
INDUSTOWER,CALL OI,8617,7945,,,,,,,,,9029,8632
INDUSTOWER,PUT VOL,2978,7004,,,,,,,,,746,755
INDUSTOWER,PUT OI,4693,4736,,,,,,,,,4652,4712
INDUSTOWER,CALL SPRD,,,,,,,,,,,2.33,1.84
INDUSTOWER,PUT SPRD,,,,,,,,,,,2.2,2.11
INDUSTOWER,CALL OI FIX,9030,,,,,,,,,,9029,9050
INDUSTOWER,PUT OI FIX,4630,,,,,,,,,,4652,4651
INDUSTOWER,CALL DOI,,,,,,,,,,,7584825,7222413
INDUSTOWER,PUT DOI,,,,,,,,,,,-3024728,-3141305
INDUSTOWER,CALL GEX,,,,,,,,,,,983962,957135
INDUSTOWER,PUT GEX,,,,,,,,,,,412171,419287
INDUSTOWER,GEX STRIKE,,,,,,,,,,,380.0,380.0
INDUSTOWER,EXPIRY,,,,,,,,,,,2026-10-27,2026-10-27
INDUSTOWER,ATM IV,,,,,,,,,,,25.54,25.56
INFY,PRICE,992.0,1013.85,,,,1002.0,999.55,994.52,1025.9,1007.7,1009.15,1008.8
INFY,VWAP,,,,,,,,,,,1006.76,1006.81
INFY,CASH VOL,7493993,8252213,2049302,50.09,52.35,,,,,,4544845,4633843
INFY,F&O VOL,107594,101093,,,,,,,,,53692,54976
INFY,F&O OI,318302,304906,,,,,,,,,317627,317526
INFY,CALL VOL,51144,37041,,,,,,,,,26545,27138
INFY,CALL OI,51933,46873,,,,,,,,,49959,49874
INFY,PUT VOL,27498,26346,,,,,,,,,12839,13130
INFY,PUT OI,43550,41970,,,,,,,,,44306,44283
INFY,CALL SPRD,,,,,,,,,,,0.49,0.37
INFY,PUT SPRD,,,,,,,,,,,0.73,0.37
INFY,CALL OI FIX,51933,,,,,,,,,,49959,49874
INFY,PUT OI FIX,43550,,,,,,,,,,44306,44283
INFY,CALL DOI,,,,,,,,,,,8363754,8314172
INFY,PUT DOI,,,,,,,,,,,-6846839,-6869842
INFY,CALL GEX,,,,,,,,,,,827561,825372
INFY,PUT GEX,,,,,,,,,,,674237,674752
INFY,GEX STRIKE,,,,,,,,,,,1000.0,1000.0
INFY,EXPIRY,,,,,,,,,,,2026-10-27,2026-10-27
INFY,ATM IV,,,,,,,,,,,37.06,37.06
INOXWIND,PRICE,67.1,68.7,,,,67.1,67.56,67.25,70.97,69.49,65.39,65.04
INOXWIND,VWAP,,,,,,,,,,,65.4,65.39
INOXWIND,CASH VOL,10148423,10428766,2647116,36.84,36.22,,,,,,6573994,6751346
INOXWIND,F&O VOL,4344,7246,,,,,,,,,4015,4161
INOXWIND,F&O OI,26706,26255,,,,,,,,,27416,27448
INOXWIND,CALL VOL,1167,2556,,,,,,,,,720,735
INOXWIND,CALL OI,357,2217,,,,,,,,,591,602
INOXWIND,PUT VOL,430,1305,,,,,,,,,636,645
INOXWIND,PUT OI,528,1420,,,,,,,,,619,619
INOXWIND,CALL SPRD,,,,,,,,,,,1.4,1.48
INOXWIND,PUT SPRD,,,,,,,,,,,1.34,1.65
INOXWIND,CALL OI FIX,1740,,,,,,,,,,2125,2147
INOXWIND,PUT OI FIX,1195,,,,,,,,,,1275,1275
INOXWIND,CALL DOI,,,,,,,,,,,1796976,1753524
INOXWIND,PUT DOI,,,,,,,,,,,-1859777,-1939297
INOXWIND,CALL GEX,,,,,,,,,,,151355,153485
INOXWIND,PUT GEX,,,,,,,,,,,146495,146912
INOXWIND,GEX STRIKE,,,,,,,,,,,65.0,65.0
INOXWIND,EXPIRY,,,,,,,,,,,2026-10-27,2026-10-27
INOXWIND,ATM IV,,,,,,,,,,,43.62,43.62
IOC,PRICE,130.0,131.6,,,,130.3,130.44,130.15,133.5,132.06,129.1,128.86
IOC,VWAP,,,,,,,,,,,129.38,129.33
IOC,CASH VOL,7269916,6515655,1891581,51.36,43.42,,,,,,1887504,2121064
IOC,F&O VOL,6625,10536,,,,,,,,,1825,1989
IOC,F&O OI,41705,41597,,,,,,,,,41945,41951
IOC,CALL VOL,1453,2592,,,,,,,,,368,406
IOC,CALL OI,1520,1492,,,,,,,,,1600,1602
IOC,PUT VOL,1346,1605,,,,,,,,,475,509
IOC,PUT OI,2347,2277,,,,,,,,,2407,2422
IOC,CALL SPRD,,,,,,,,,,,146.74,56.42
IOC,PUT SPRD,,,,,,,,,,,2.17,2.44
IOC,CALL OI FIX,1564,,,,,,,,,,1644,1647
IOC,PUT OI FIX,1970,,,,,,,,,,2015,2017
IOC,CALL DOI,,,,,,,,,,,3448776,3349845
IOC,PUT DOI,,,,,,,,,,,-5497655,-5651822
IOC,CALL GEX,,,,,,,,,,,554759,552455
IOC,PUT GEX,,,,,,,,,,,710798,715524
IOC,GEX STRIKE,,,,,,,,,,,130.0,130.0
IOC,EXPIRY,,,,,,,,,,,2026-10-27,2026-10-27
IOC,ATM IV,,,,,,,,,,,27.55,27.55
IREDA,PRICE,107.33,109.0,,,,107.5,108.27,107.64,112.96,111.65,107.12,106.78
IREDA,VWAP,,,,,,,,,,,107.19,107.17
IREDA,CASH VOL,4512835,3014460,957117,37.81,36.45,,,,,,1209762,1255185
IREDA,F&O VOL,6283,5162,,,,,,,,,1491,1571
IREDA,F&O OI,33399,32440,,,,,,,,,33568,33567
IREDA,CALL VOL,1541,1358,,,,,,,,,453,470
IREDA,CALL OI,1937,1791,,,,,,,,,1978,1968
IREDA,PUT VOL,314,444,,,,,,,,,85,94
IREDA,PUT OI,2251,2272,,,,,,,,,2277,2276
IREDA,CALL SPRD,,,,,,,,,,,46.25,45.25
IREDA,PUT SPRD,,,,,,,,,,,1.9,1.62
IREDA,CALL OI FIX,1975,,,,,,,,,,2016,2006
IREDA,PUT OI FIX,2176,,,,,,,,,,2202,2201
IREDA,CALL DOI,,,,,,,,,,,3805147,3626572
IREDA,PUT DOI,,,,,,,,,,,-5155127,-5283582
IREDA,CALL GEX,,,,,,,,,,,516285,508907
IREDA,PUT GEX,,,,,,,,,,,409548,409364
IREDA,GEX STRIKE,,,,,,,,,,,110.0,110.0
IREDA,EXPIRY,,,,,,,,,,,2026-10-27,2026-10-27
IREDA,ATM IV,,,,,,,,,,,40.92,40.92
IRFC,PRICE,76.15,77.1,,,,76.24,76.62,76.31,79.0,77.71,75.86,75.72
IRFC,VWAP,,,,,,,,,,,75.84,75.84
IRFC,CASH VOL,5212579,6659066,1075085,36.94,34.88,,,,,,2756204,2893484
IRFC,F&O VOL,7922,7820,,,,,,,,,2996,3176
IRFC,F&O OI,37749,36974,,,,,,,,,38192,38279
IRFC,CALL VOL,2744,3499,,,,,,,,,1441,1488
IRFC,CALL OI,4571,4355,,,,,,,,,4941,4942
IRFC,PUT VOL,1198,1204,,,,,,,,,386,404
IRFC,PUT OI,4453,4729,,,,,,,,,4501,4505
IRFC,CALL SPRD,,,,,,,,,,,1.65,1.14
IRFC,PUT SPRD,,,,,,,,,,,1.52,1.47
IRFC,CALL OI FIX,4571,,,,,,,,,,4941,4942
IRFC,PUT OI FIX,4453,,,,,,,,,,4501,4505
IRFC,CALL DOI,,,,,,,,,,,8670847,8400154
IRFC,PUT DOI,,,,,,,,,,,-11941947,-12119826
IRFC,CALL GEX,,,,,,,,,,,1446381,1436622
IRFC,PUT GEX,,,,,,,,,,,927891,928751
IRFC,GEX STRIKE,,,,,,,,,,,80.0,80.0
IRFC,EXPIRY,,,,,,,,,,,2026-10-27,2026-10-27
IRFC,ATM IV,,,,,,,,,,,32.31,32.16
ITC,PRICE,265.7,266.7,,,,264.0,265.4,264.8,261.98,257.92,259.55,258.85
ITC,VWAP,,,,,,,,,,,259.4,259.39
ITC,CASH VOL,50025295,22132738,3349150,59.57,57.07,,,,,,21029365,21495371
ITC,F&O VOL,150543,93421,,,,,,,,,141109,142912
ITC,F&O OI,180145,164479,,,,,,,,,209111,209185
ITC,CALL VOL,53984,31772,,,,,,,,,54895,55812
ITC,CALL OI,22603,19766,,,,,,,,,32157,32314
ITC,PUT VOL,39677,23735,,,,,,,,,36404,36929
ITC,PUT OI,17705,19022,,,,,,,,,20343,20346
ITC,CALL SPRD,,,,,,,,,,,1.07,2.15
ITC,PUT SPRD,,,,,,,,,,,1.05,2.11
ITC,CALL OI FIX,26204,,,,,,,,,,36380,36553
ITC,PUT OI FIX,16212,,,,,,,,,,17651,17645
ITC,CALL DOI,,,,,,,,,,,20168658,19064829
ITC,PUT DOI,,,,,,,,,,,-16631509,-17263164
ITC,CALL GEX,,,,,,,,,,,4480410,4406162
ITC,PUT GEX,,,,,,,,,,,2441425,2442673
ITC,GEX STRIKE,,,,,,,,,,,265.0,265.0
ITC,EXPIRY,,,,,,,,,,,2026-10-27,2026-10-27
ITC,ATM IV,,,,,,,,,,,19.68,19.68
JINDALSTEL,PRICE,1061.0,1085.9,,,,1061.0,1069.1,1063.7,1119.5,1106.83,1033.7,1030.2
JINDALSTEL,VWAP,,,,,,,,,,,1039.35,1039.05
JINDALSTEL,CASH VOL,904316,4442649,188793,37.3,46.38,,,,,,274148,289768
JINDALSTEL,F&O VOL,19262,56957,,,,,,,,,10751,11153
JINDALSTEL,F&O OI,39907,38980,,,,,,,,,41578,41609
JINDALSTEL,CALL VOL,5764,17034,,,,,,,,,2989,3175
JINDALSTEL,CALL OI,4087,3486,,,,,,,,,4328,4332
JINDALSTEL,PUT VOL,8414,25205,,,,,,,,,2976,3149
JINDALSTEL,PUT OI,6197,6595,,,,,,,,,5873,5880
JINDALSTEL,CALL SPRD,,,,,,,,,,,1.25,2.16
JINDALSTEL,PUT SPRD,,,,,,,,,,,1.01,2.16
JINDALSTEL,CALL OI FIX,4765,,,,,,,,,,4962,4968
JINDALSTEL,PUT OI FIX,6400,,,,,,,,,,6060,6066
JINDALSTEL,CALL DOI,,,,,,,,,,,630882,597755
JINDALSTEL,PUT DOI,,,,,,,,,,,-2378088,-2428201
JINDALSTEL,CALL GEX,,,,,,,,,,,110062,106759
JINDALSTEL,PUT GEX,,,,,,,,,,,146558,143738
JINDALSTEL,GEX STRIKE,,,,,,,,,,,1080.0,1080.0
JINDALSTEL,EXPIRY,,,,,,,,,,,2026-10-27,2026-10-27
JINDALSTEL,ATM IV,,,,,,,,,,,30.32,30.32
JIOFIN,PRICE,216.44,217.9,,,,215.8,217.17,216.68,217.75,214.25,214.22,213.71
JIOFIN,VWAP,,,,,,,,,,,214.37,214.35
JIOFIN,CASH VOL,10207060,16691895,1871930,40.71,38.12,,,,,,2176290,2274880
JIOFIN,F&O VOL,28766,62680,,,,,,,,,8799,9072
JIOFIN,F&O OI,165926,164650,,,,,,,,,166571,166564
JIOFIN,CALL VOL,8818,22559,,,,,,,,,3017,2903
JIOFIN,CALL OI,12076,11508,,,,,,,,,12196,12308
JIOFIN,PUT VOL,6873,12738,,,,,,,,,1941,2693
JIOFIN,PUT OI,15883,16195,,,,,,,,,14967,16427
JIOFIN,CALL SPRD,,,,,,,,,,,0.85,0.87
JIOFIN,PUT SPRD,,,,,,,,,,,0.5,0.78
JIOFIN,CALL OI FIX,18331,,,,,,,,,,18555,18587
JIOFIN,PUT OI FIX,17413,,,,,,,,,,17697,17698
JIOFIN,CALL DOI,,,,,,,,,,,11724050,12178557
JIOFIN,PUT DOI,,,,,,,,,,,-17922096,-18501777
JIOFIN,CALL GEX,,,,,,,,,,,1560736,1548739
JIOFIN,PUT GEX,,,,,,,,,,,1771051,1872555
JIOFIN,GEX STRIKE,,,,,,,,,,,220.0,220.0
JIOFIN,EXPIRY,,,,,,,,,,,2026-10-27,2026-10-27
JIOFIN,ATM IV,,,,,,,,,,,30.79,30.82
JSWENERGY,PRICE,485.45,494.9,,,,484.05,488.17,486.36,490.75,486.92,473.75,471.75
JSWENERGY,VWAP,,,,,,,,,,,476.33,476.13
JSWENERGY,CASH VOL,2337109,3951551,546203,58.17,61.75,,,,,,259076,272670
JSWENERGY,F&O VOL,7328,7985,,,,,,,,,2757,2915
JSWENERGY,F&O OI,33890,33243,,,,,,,,,34568,34581
JSWENERGY,CALL VOL,2555,3475,,,,,,,,,1315,1399
JSWENERGY,CALL OI,2077,1865,,,,,,,,,2446,2460
JSWENERGY,PUT VOL,1201,1152,,,,,,,,,488,527
JSWENERGY,PUT OI,1893,1855,,,,,,,,,1959,1965
JSWENERGY,CALL SPRD,,,,,,,,,,,1.78,1.55
JSWENERGY,PUT SPRD,,,,,,,,,,,1.72,2.4
JSWENERGY,CALL OI FIX,2860,,,,,,,,,,3317,3332
JSWENERGY,PUT OI FIX,1886,,,,,,,,,,1952,1958
JSWENERGY,CALL DOI,,,,,,,,,,,695658,658014
JSWENERGY,PUT DOI,,,,,,,,,,,-1155581,-1196290
JSWENERGY,CALL GEX,,,,,,,,,,,107741,104906
JSWENERGY,PUT GEX,,,,,,,,,,,89129,88629
JSWENERGY,GEX STRIKE,,,,,,,,,,,500.0,500.0
JSWENERGY,EXPIRY,,,,,,,,,,,2026-10-27,2026-10-27
JSWENERGY,ATM IV,,,,,,,,,,,32.69,32.69
JSWSTEEL,PRICE,1230.0,1259.6,,,,1225.1,1239.45,1233.15,1246.6,1237.53,1209.6,1208.0
JSWSTEEL,VWAP,,,,,,,,,,,1217.4,1215.66
JSWSTEEL,CASH VOL,1830488,1326118,582717,67.48,53.5,,,,,,336822,400513
JSWSTEEL,F&O VOL,14264,13946,,,,,,,,,4193,4923
JSWSTEEL,F&O OI,74253,74586,,,,,,,,,74747,74844
JSWSTEEL,CALL VOL,2149,2433,,,,,,,,,1141,1315
JSWSTEEL,CALL OI,1599,1179,,,,,,,,,1848,1881
JSWSTEEL,PUT VOL,4196,3019,,,,,,,,,1301,1657
JSWSTEEL,PUT OI,4049,3989,,,,,,,,,4077,4153
JSWSTEEL,CALL SPRD,,,,,,,,,,,1.21,1.47
JSWSTEEL,PUT SPRD,,,,,,,,,,,1.37,1.44
JSWSTEEL,CALL OI FIX,2620,,,,,,,,,,2861,2893
JSWSTEEL,PUT OI FIX,4212,,,,,,,,,,4253,4326
JSWSTEEL,CALL DOI,,,,,,,,,,,476253,475534
JSWSTEEL,PUT DOI,,,,,,,,,,,-1572153,-1618816
JSWSTEEL,CALL GEX,,,,,,,,,,,78360,79246
JSWSTEEL,PUT GEX,,,,,,,,,,,175522,177060
JSWSTEEL,GEX STRIKE,,,,,,,,,,,1260.0,1260.0
JSWSTEEL,EXPIRY,,,,,,,,,,,2026-10-27,2026-10-27
JSWSTEEL,ATM IV,,,,,,,,,,,26.33,26.33
JUBLFOOD,PRICE,460.6,449.75,,,,456.5,461.27,460.83,461.77,449.52,442.3,441.1
JUBLFOOD,VWAP,,,,,,,,,,,442.79,442.76
JUBLFOOD,CASH VOL,2597754,1587592,280104,6.73,42.13,,,,,,1310705,1345239
JUBLFOOD,F&O VOL,32589,27885,,,,,,,,,36271,36826
JUBLFOOD,F&O OI,26921,25783,,,,,,,,,30125,30205
JUBLFOOD,CALL VOL,8036,4720,,,,,,,,,7658,7826
JUBLFOOD,CALL OI,1594,1525,,,,,,,,,2531,2553
JUBLFOOD,PUT VOL,9151,9796,,,,,,,,,16276,16482
JUBLFOOD,PUT OI,2930,2281,,,,,,,,,5144,5117
JUBLFOOD,CALL SPRD,,,,,,,,,,,1.04,1.11
JUBLFOOD,PUT SPRD,,,,,,,,,,,1.73,1.64
JUBLFOOD,CALL OI FIX,3004,,,,,,,,,,4088,4138
JUBLFOOD,PUT OI FIX,2507,,,,,,,,,,2518,2519
JUBLFOOD,CALL DOI,,,,,,,,,,,1321207,1280197
JUBLFOOD,PUT DOI,,,,,,,,,,,-2184874,-2250717
JUBLFOOD,CALL GEX,,,,,,,,,,,165349,173310
JUBLFOOD,PUT GEX,,,,,,,,,,,274130,268455
JUBLFOOD,GEX STRIKE,,,,,,,,,,,430.0,430.0
JUBLFOOD,EXPIRY,,,,,,,,,,,2026-10-27,2026-10-27
JUBLFOOD,ATM IV,,,,,,,,,,,32.55,31.54
KALYANKJIL,PRICE,569.0,548.15,,,,571.8,566.62,561.88,551.25,536.08,570.3,565.6
KALYANKJIL,VWAP,,,,,,,,,,,566.73,566.86
KALYANKJIL,CASH VOL,18559247,14873008,2437800,19.21,25.37,,,,,,2327912,2519889
KALYANKJIL,F&O VOL,116608,80124,,,,,,,,,16260,18590
KALYANKJIL,F&O OI,42511,40355,,,,,,,,,43066,43101
KALYANKJIL,CALL VOL,62192,42376,,,,,,,,,8267,9294
KALYANKJIL,CALL OI,10305,10331,,,,,,,,,10758,10672
KALYANKJIL,PUT VOL,26960,16880,,,,,,,,,4225,4711
KALYANKJIL,PUT OI,8130,6599,,,,,,,,,7955,8023
KALYANKJIL,CALL SPRD,,,,,,,,,,,0.7,0.99
KALYANKJIL,PUT SPRD,,,,,,,,,,,1.03,0.97
KALYANKJIL,CALL OI FIX,10305,,,,,,,,,,10758,10672
KALYANKJIL,PUT OI FIX,8130,,,,,,,,,,7955,8023
KALYANKJIL,CALL DOI,,,,,,,,,,,6743850,6230569
KALYANKJIL,PUT DOI,,,,,,,,,,,-4224901,-4579743
KALYANKJIL,CALL GEX,,,,,,,,,,,570674,563176
KALYANKJIL,PUT GEX,,,,,,,,,,,394588,402649
KALYANKJIL,GEX STRIKE,,,,,,,,,,,600.0,600.0
KALYANKJIL,EXPIRY,,,,,,,,,,,2026-10-27,2026-10-27
KALYANKJIL,ATM IV,,,,,,,,,,,39.67,39.97
KAYNES,PRICE,3365.0,3405.0,,,,3371.0,3395.0,3375.0,3522.2,3440.07,3320.8,3313.7
KAYNES,VWAP,,,,,,,,,,,3311.49,3311.84
KAYNES,CASH VOL,692436,908631,132310,21.46,21.02,,,,,,362614,377360
KAYNES,F&O VOL,10383,16601,,,,,,,,,5726,5895
KAYNES,F&O OI,42671,41506,,,,,,,,,43861,43884
KAYNES,CALL VOL,3446,4653,,,,,,,,,1813,1856
KAYNES,CALL OI,2617,2331,,,,,,,,,3032,3046
KAYNES,PUT VOL,1640,4156,,,,,,,,,1361,1396
KAYNES,PUT OI,3648,3677,,,,,,,,,3729,3728
KAYNES,CALL SPRD,,,,,,,,,,,1.37,1.56
KAYNES,PUT SPRD,,,,,,,,,,,1.59,1.61
KAYNES,CALL OI FIX,4696,,,,,,,,,,5262,5276
KAYNES,PUT OI FIX,4989,,,,,,,,,,5070,5069
KAYNES,CALL DOI,,,,,,,,,,,172723,170051
KAYNES,PUT DOI,,,,,,,,,,,-247343,-250736
KAYNES,CALL GEX,,,,,,,,,,,20449,20357
KAYNES,PUT GEX,,,,,,,,,,,16313,16308
KAYNES,GEX STRIKE,,,,,,,,,,,3400.0,3400.0
KAYNES,EXPIRY,,,,,,,,,,,2026-10-27,2026-10-27
KAYNES,ATM IV,,,,,,,,,,,44.28,44.27
KEI,PRICE,4677.7,4557.4,,,,4668.0,4649.12,4591.95,4546.35,4516.78,4717.0,4715.2
KEI,VWAP,,,,,,,,,,,4697.72,4698.6
KEI,CASH VOL,220874,413199,71523,33.32,59.14,,,,,,62781,65719
KEI,F&O VOL,21407,10116,,,,,,,,,5148,5430
KEI,F&O OI,21206,21658,,,,,,,,,21133,21162
KEI,CALL VOL,12719,3797,,,,,,,,,3151,3270
KEI,CALL OI,3058,4028,,,,,,,,,3057,3058
KEI,PUT VOL,5436,3638,,,,,,,,,1395,1451
KEI,PUT OI,4362,4087,,,,,,,,,4358,4366
KEI,CALL SPRD,,,,,,,,,,,0.89,0.47
KEI,PUT SPRD,,,,,,,,,,,0.89,1.12
KEI,CALL OI FIX,3058,,,,,,,,,,3057,3058
KEI,PUT OI FIX,4362,,,,,,,,,,4358,4366
KEI,CALL DOI,,,,,,,,,,,270999,270713
KEI,PUT DOI,,,,,,,,,,,-202476,-204983
KEI,CALL GEX,,,,,,,,,,,25296,25950
KEI,PUT GEX,,,,,,,,,,,27885,27738
KEI,GEX STRIKE,,,,,,,,,,,4600.0,4600.0
KEI,EXPIRY,,,,,,,,,,,2026-10-27,2026-10-27
KEI,ATM IV,,,,,,,,,,,33.37,32.97
KFINTECH,PRICE,858.0,863.8,,,,863.95,864.85,860.28,852.85,838.95,855.2,853.0
KFINTECH,VWAP,,,,,,,,,,,856.79,856.69
KFINTECH,CASH VOL,388798,518303,112023,39.7,34.0,,,,,,65949,68017
KFINTECH,F&O VOL,3469,6335,,,,,,,,,1146,1173
KFINTECH,F&O OI,14991,14799,,,,,,,,,15118,15124
KFINTECH,CALL VOL,1518,3895,,,,,,,,,386,394
KFINTECH,CALL OI,2089,2090,,,,,,,,,2136,2135
KFINTECH,PUT VOL,800,1123,,,,,,,,,353,360
KFINTECH,PUT OI,1925,1915,,,,,,,,,1930,1929
KFINTECH,CALL SPRD,,,,,,,,,,,2.21,2.07
KFINTECH,PUT SPRD,,,,,,,,,,,1.77,1.25
KFINTECH,CALL OI FIX,2089,,,,,,,,,,2136,2135
KFINTECH,PUT OI FIX,1925,,,,,,,,,,1930,1929
KFINTECH,CALL DOI,,,,,,,,,,,436827,420411
KFINTECH,PUT DOI,,,,,,,,,,,-400537,-410092
KFINTECH,CALL GEX,,,,,,,,,,,58447,58364
KFINTECH,PUT GEX,,,,,,,,,,,37228,37380
KFINTECH,GEX STRIKE,,,,,,,,,,,900.0,900.0
KFINTECH,EXPIRY,,,,,,,,,,,2026-10-27,2026-10-27
KFINTECH,ATM IV,,,,,,,,,,,34.99,34.98
KOTAKBANK,PRICE,440.0,431.9,,,,440.0,438.42,435.25,417.28,415.15,437.0,436.5
KOTAKBANK,VWAP,,,,,,,,,,,438.51,438.42
KOTAKBANK,CASH VOL,37972097,40021922,7433224,70.73,63.72,,,,,,2102432,2202213
KOTAKBANK,F&O VOL,121435,146725,,,,,,,,,14875,15756
KOTAKBANK,F&O OI,153246,140313,,,,,,,,,153412,153369
KOTAKBANK,CALL VOL,59041,77088,,,,,,,,,6274,6672
KOTAKBANK,CALL OI,33088,29332,,,,,,,,,33472,33564
KOTAKBANK,PUT VOL,33421,35631,,,,,,,,,6182,6503
KOTAKBANK,PUT OI,16752,12094,,,,,,,,,16364,16299
KOTAKBANK,CALL SPRD,,,,,,,,,,,0.48,0.5
KOTAKBANK,PUT SPRD,,,,,,,,,,,0.65,1.25
KOTAKBANK,CALL OI FIX,27617,,,,,,,,,,27971,28061
KOTAKBANK,PUT OI FIX,14975,,,,,,,,,,14574,14524
KOTAKBANK,CALL DOI,,,,,,,,,,,41895798,41454403
KOTAKBANK,PUT DOI,,,,,,,,,,,-11140397,-11293533
KOTAKBANK,CALL GEX,,,,,,,,,,,4681143,4728005
KOTAKBANK,PUT GEX,,,,,,,,,,,1838401,1844817
KOTAKBANK,GEX STRIKE,,,,,,,,,,,430.0,430.0
KOTAKBANK,EXPIRY,,,,,,,,,,,2026-10-27,2026-10-27
KOTAKBANK,ATM IV,,,,,,,,,,,22.31,22.31
KPITTECH,PRICE,484.25,492.7,,,,484.25,490.17,486.23,502.1,495.37,489.9,489.4
KPITTECH,VWAP,,,,,,,,,,,487.77,487.83
KPITTECH,CASH VOL,1032082,965926,274269,35.24,39.81,,,,,,488746,502094
KPITTECH,F&O VOL,7352,6504,,,,,,,,,4065,4175
KPITTECH,F&O OI,26970,25856,,,,,,,,,27136,27145
KPITTECH,CALL VOL,2999,2944,,,,,,,,,2360,2401
KPITTECH,CALL OI,4446,3996,,,,,,,,,4719,4733
KPITTECH,PUT VOL,1987,1429,,,,,,,,,664,706
KPITTECH,PUT OI,3168,2813,,,,,,,,,3188,3190
KPITTECH,CALL SPRD,,,,,,,,,,,0.86,1.45
KPITTECH,PUT SPRD,,,,,,,,,,,1.56,0.62
KPITTECH,CALL OI FIX,3965,,,,,,,,,,4243,4257
KPITTECH,PUT OI FIX,3013,,,,,,,,,,3033,3035
KPITTECH,CALL DOI,,,,,,,,,,,1259313,1250114
KPITTECH,PUT DOI,,,,,,,,,,,-1195898,-1206032
KPITTECH,CALL GEX,,,,,,,,,,,148857,148726
KPITTECH,PUT GEX,,,,,,,,,,,87571,87699
KPITTECH,GEX STRIKE,,,,,,,,,,,520.0,520.0
KPITTECH,EXPIRY,,,,,,,,,,,2026-10-27,2026-10-27
KPITTECH,ATM IV,,,,,,,,,,,37.64,37.64
LAURUSLABS,PRICE,2052.8,2050.0,,,,2055.0,2052.0,2050.4,1988.5,1985.5,2032.8,2029.0
LAURUSLABS,VWAP,,,,,,,,,,,2038.26,2037.92
LAURUSLABS,CASH VOL,1499990,2197316,237396,44.53,57.83,,,,,,254539,261107
LAURUSLABS,F&O VOL,24191,38425,,,,,,,,,7432,7599
LAURUSLABS,F&O OI,44395,42959,,,,,,,,,45164,45183
LAURUSLABS,CALL VOL,9477,15328,,,,,,,,,2835,2749
LAURUSLABS,CALL OI,6710,6350,,,,,,,,,7203,7197
LAURUSLABS,PUT VOL,5185,6263,,,,,,,,,1555,1711
LAURUSLABS,PUT OI,3378,3162,,,,,,,,,3328,3495
LAURUSLABS,CALL SPRD,,,,,,,,,,,1.05,0.99
LAURUSLABS,PUT SPRD,,,,,,,,,,,1.25,1.26
LAURUSLABS,CALL OI FIX,6797,,,,,,,,,,7271,7282
LAURUSLABS,PUT OI FIX,3012,,,,,,,,,,3095,3097
LAURUSLABS,CALL DOI,,,,,,,,,,,3137597,3154258
LAURUSLABS,PUT DOI,,,,,,,,,,,-1173072,-1229285
LAURUSLABS,CALL GEX,,,,,,,,,,,311147,306504
LAURUSLABS,PUT GEX,,,,,,,,,,,135504,142630
LAURUSLABS,GEX STRIKE,,,,,,,,,,,2000.0,2000.0
LAURUSLABS,EXPIRY,,,,,,,,,,,2026-10-27,2026-10-27
LAURUSLABS,ATM IV,,,,,,,,,,,32.97,33.05
LICHSGFIN,PRICE,515.4,502.0,,,,519.9,512.66,507.17,536.98,518.32,545.6,544.0
LICHSGFIN,VWAP,,,,,,,,,,,539.84,539.98
LICHSGFIN,CASH VOL,2958457,1198970,1600523,42.85,42.52,,,,,,7521582,7687721
LICHSGFIN,F&O VOL,29439,10800,,,,,,,,,6741,6816
LICHSGFIN,F&O OI,57249,54178,,,,,,,,,56905,56906
LICHSGFIN,CALL VOL,11589,2493,,,,,,,,,1710,1743
LICHSGFIN,CALL OI,6743,6891,,,,,,,,,6280,6276
LICHSGFIN,PUT VOL,3633,2248,,,,,,,,,413,419
LICHSGFIN,PUT OI,1597,1612,,,,,,,,,1652,1651
LICHSGFIN,CALL SPRD,,,,,,,,,,,15.69,15.16
LICHSGFIN,PUT SPRD,,,,,,,,,,,89.86,80.78
LICHSGFIN,CALL OI FIX,4144,,,,,,,,,,3684,3682
LICHSGFIN,PUT OI FIX,3214,,,,,,,,,,3294,3293
LICHSGFIN,CALL DOI,,,,,,,,,,,3432424,3298505
LICHSGFIN,PUT DOI,,,,,,,,,,,-589649,-621191
LICHSGFIN,CALL GEX,,,,,,,,,,,445441,445973
LICHSGFIN,PUT GEX,,,,,,,,,,,106973,108858
LICHSGFIN,GEX STRIKE,,,,,,,,,,,560.0,560.0
LICHSGFIN,EXPIRY,,,,,,,,,,,2026-10-27,2026-10-27
LICHSGFIN,ATM IV,,,,,,,,,,,21.23,21.23
LICI,PRICE,386.3,390.0,,,,386.3,387.93,386.84,397.0,393.57,385.1,384.5
LICI,VWAP,,,,,,,,,,,385.81,385.76
LICI,CASH VOL,4216811,3373619,1153744,52.46,57.31,,,,,,612187,635783
LICI,F&O VOL,18839,8212,,,,,,,,,3630,3847
LICI,F&O OI,52252,51867,,,,,,,,,52081,52017
LICI,CALL VOL,9758,4336,,,,,,,,,1599,1644
LICI,CALL OI,7093,6459,,,,,,,,,7103,7105
LICI,PUT VOL,3711,1231,,,,,,,,,1002,1103
LICI,PUT OI,5894,5785,,,,,,,,,5604,5567
LICI,CALL SPRD,,,,,,,,,,,1.83,1.92
LICI,PUT SPRD,,,,,,,,,,,2.15,2.09
LICI,CALL OI FIX,7093,,,,,,,,,,7103,7105
LICI,PUT OI FIX,5894,,,,,,,,,,5604,5567
LICI,CALL DOI,,,,,,,,,,,2714449,2598253
LICI,PUT DOI,,,,,,,,,,,-4085277,-4118922
LICI,CALL GEX,,,,,,,,,,,631496,622806
LICI,PUT GEX,,,,,,,,,,,478782,469689
LICI,GEX STRIKE,,,,,,,,,,,400.0,400.0
LICI,EXPIRY,,,,,,,,,,,2026-10-27,2026-10-27
LICI,ATM IV,,,,,,,,,,,21.32,21.49
LODHA,PRICE,1109.4,1135.6,,,,1109.1,1125.2,1114.67,1124.15,1111.78,1091.6,1087.9
LODHA,VWAP,,,,,,,,,,,1093.47,1093.13
LODHA,CASH VOL,1923289,1572481,472731,61.4,58.11,,,,,,504061,542990
LODHA,F&O VOL,13243,12137,,,,,,,,,6493,7448
LODHA,F&O OI,18683,18524,,,,,,,,,18905,18950
LODHA,CALL VOL,2779,2489,,,,,,,,,2675,2307
LODHA,CALL OI,1757,1700,,,,,,,,,2302,1845
LODHA,PUT VOL,5224,5435,,,,,,,,,2704,2947
LODHA,PUT OI,3545,3645,,,,,,,,,3701,3626
LODHA,CALL SPRD,,,,,,,,,,,1.47,1.32
LODHA,PUT SPRD,,,,,,,,,,,0.5,1.21
LODHA,CALL OI FIX,2186,,,,,,,,,,2302,2280
LODHA,PUT OI FIX,3578,,,,,,,,,,3701,3655
LODHA,CALL DOI,,,,,,,,,,,501533,437984
LODHA,PUT DOI,,,,,,,,,,,-1111533,-1090907
LODHA,CALL GEX,,,,,,,,,,,59805,51000
LODHA,PUT GEX,,,,,,,,,,,95412,93633
LODHA,GEX STRIKE,,,,,,,,,,,1100.0,1100.0
LODHA,EXPIRY,,,,,,,,,,,2026-10-27,2026-10-27
LODHA,ATM IV,,,,,,,,,,,37.34,35.95
LT,PRICE,3701.5,3770.0,,,,3698.0,3721.35,3708.12,3757.05,3714.62,3665.3,3659.5
LT,VWAP,,,,,,,,,,,3669.37,3668.84
LT,CASH VOL,1609969,1994276,422113,59.55,61.92,,,,,,188579,199744
LT,F&O VOL,49184,45219,,,,,,,,,11681,12134
LT,F&O OI,132036,125501,,,,,,,,,133617,133684
LT,CALL VOL,18916,18280,,,,,,,,,4726,5013
LT,CALL OI,16837,14212,,,,,,,,,17833,17896
LT,PUT VOL,13726,11602,,,,,,,,,3593,3737
LT,PUT OI,17279,16947,,,,,,,,,17339,17357
LT,CALL SPRD,,,,,,,,,,,0.97,0.75
LT,PUT SPRD,,,,,,,,,,,0.9,1.05
LT,CALL OI FIX,17483,,,,,,,,,,18497,18558
LT,PUT OI FIX,15992,,,,,,,,,,16005,16023
LT,CALL DOI,,,,,,,,,,,918570,889100
LT,PUT DOI,,,,,,,,,,,-1615056,-1643033
LT,CALL GEX,,,,,,,,,,,204421,201572
LT,PUT GEX,,,,,,,,,,,173688,173184
LT,GEX STRIKE,,,,,,,,,,,3800.0,3800.0
LT,EXPIRY,,,,,,,,,,,2026-10-27,2026-10-27
LT,ATM IV,,,,,,,,,,,22.03,22.03
LTF,PRICE,260.25,264.4,,,,258.0,262.8,261.1,272.6,267.1,256.7,256.2
LTF,VWAP,,,,,,,,,,,256.4,256.41
LTF,CASH VOL,7005951,3148329,1572352,46.12,47.91,,,,,,956297,1041637
LTF,F&O VOL,32218,11732,,,,,,,,,6930,7698
LTF,F&O OI,51718,50397,,,,,,,,,52832,52934
LTF,CALL VOL,8944,3841,,,,,,,,,2067,2373
LTF,CALL OI,6177,4861,,,,,,,,,6471,6451
LTF,PUT VOL,8160,2886,,,,,,,,,2874,3094
LTF,PUT OI,9469,8793,,,,,,,,,10274,10257
LTF,CALL SPRD,,,,,,,,,,,1.59,1.57
LTF,PUT SPRD,,,,,,,,,,,1.27,1.28
LTF,CALL OI FIX,7066,,,,,,,,,,7344,7324
LTF,PUT OI FIX,9591,,,,,,,,,,9600,9583
LTF,CALL DOI,,,,,,,,,,,4422332,4347308
LTF,PUT DOI,,,,,,,,,,,-11349154,-11571583
LTF,CALL GEX,,,,,,,,,,,579183,563060
LTF,PUT GEX,,,,,,,,,,,794607,808155
LTF,GEX STRIKE,,,,,,,,,,,280.0,280.0
LTF,EXPIRY,,,,,,,,,,,2026-10-27,2026-10-27
LTF,ATM IV,,,,,,,,,,,36.81,36.94
LTM,PRICE,3930.0,3971.1,,,,3929.7,3956.8,3938.93,4059.8,4024.6,3999.3,3992.4
LTM,VWAP,,,,,,,,,,,3976.91,3977.75
LTM,CASH VOL,255181,176859,59994,26.99,28.57,,,,,,97882,101753
LTM,F&O VOL,16434,9076,,,,,,,,,5696,5942
LTM,F&O OI,47860,43811,,,,,,,,,46968,46907
LTM,CALL VOL,7319,3822,,,,,,,,,3464,3609
LTM,CALL OI,6129,4266,,,,,,,,,5300,5253
LTM,PUT VOL,1508,1426,,,,,,,,,679,715
LTM,PUT OI,3438,3556,,,,,,,,,3463,3467
LTM,CALL SPRD,,,,,,,,,,,0.59,0.48
LTM,PUT SPRD,,,,,,,,,,,0.91,0.81
LTM,CALL OI FIX,6092,,,,,,,,,,5257,5209
LTM,PUT OI FIX,3610,,,,,,,,,,3639,3643
LTM,CALL DOI,,,,,,,,,,,391365,381479
LTM,PUT DOI,,,,,,,,,,,-225682,-229336
LTM,CALL GEX,,,,,,,,,,,37183,36847
LTM,PUT GEX,,,,,,,,,,,19708,19786
LTM,GEX STRIKE,,,,,,,,,,,4000.0,4000.0
LTM,EXPIRY,,,,,,,,,,,2026-10-27,2026-10-27
LTM,ATM IV,,,,,,,,,,,39.02,39.02
LUPIN,PRICE,2012.9,2029.3,,,,2012.9,2016.15,2013.98,2051.4,2037.93,2014.0,2012.2
LUPIN,VWAP,,,,,,,,,,,2015.08,2014.84
LUPIN,CASH VOL,787301,1066347,272204,60.45,69.19,,,,,,60005,63667
LUPIN,F&O VOL,8360,9959,,,,,,,,,2392,2615
LUPIN,F&O OI,30741,30061,,,,,,,,,30744,30718
LUPIN,CALL VOL,3833,4368,,,,,,,,,1337,1420
LUPIN,CALL OI,3652,3276,,,,,,,,,3581,3576
LUPIN,PUT VOL,1949,2067,,,,,,,,,485,534
LUPIN,PUT OI,4034,4019,,,,,,,,,4092,4078
LUPIN,CALL SPRD,,,,,,,,,,,1.1,1.65
LUPIN,PUT SPRD,,,,,,,,,,,1.43,1.75
LUPIN,CALL OI FIX,3652,,,,,,,,,,3581,3576
LUPIN,PUT OI FIX,4034,,,,,,,,,,4092,4078
LUPIN,CALL DOI,,,,,,,,,,,520324,509705
LUPIN,PUT DOI,,,,,,,,,,,-967000,-974634
LUPIN,CALL GEX,,,,,,,,,,,107954,107005
LUPIN,PUT GEX,,,,,,,,,,,112761,112079
LUPIN,GEX STRIKE,,,,,,,,,,,2100.0,2100.0
LUPIN,EXPIRY,,,,,,,,,,,2026-10-27,2026-10-27
LUPIN,ATM IV,,,,,,,,,,,21.46,21.46
M&M,PRICE,2800.0,2855.0,,,,2800.0,2818.95,2806.32,2915.95,2878.65,2797.5,2800.0
M&M,VWAP,,,,,,,,,,,2789.47,2790.82
M&M,CASH VOL,3361287,2611087,1066801,63.84,67.1,,,,,,508924,581272
M&M,F&O VOL,61969,46744,,,,,,,,,15134,16176
M&M,F&O OI,127915,122652,,,,,,,,,129813,129826
M&M,CALL VOL,32202,22938,,,,,,,,,7610,8211
M&M,CALL OI,21710,18424,,,,,,,,,22769,22766
M&M,PUT VOL,17394,11959,,,,,,,,,4765,5031
M&M,PUT OI,14316,13801,,,,,,,,,14623,14608
M&M,CALL SPRD,,,,,,,,,,,0.46,0.78
M&M,PUT SPRD,,,,,,,,,,,0.98,0.9
M&M,CALL OI FIX,21710,,,,,,,,,,22769,22766
M&M,PUT OI FIX,14316,,,,,,,,,,14623,14608
M&M,CALL DOI,,,,,,,,,,,1227943,1253394
M&M,PUT DOI,,,,,,,,,,,-1641243,-1626579
M&M,CALL GEX,,,,,,,,,,,239414,241680
M&M,PUT GEX,,,,,,,,,,,151462,151601
M&M,GEX STRIKE,,,,,,,,,,,2900.0,2900.0
M&M,EXPIRY,,,,,,,,,,,2026-10-27,2026-10-27
M&M,ATM IV,,,,,,,,,,,23.66,23.66
MANAPPURAM,PRICE,308.9,310.2,,,,308.1,311.95,309.92,317.0,311.6,307.1,306.1
MANAPPURAM,VWAP,,,,,,,,,,,307.6,307.56
MANAPPURAM,CASH VOL,4398209,3956853,957963,39.44,48.08,,,,,,290716,302380
MANAPPURAM,F&O VOL,9477,4900,,,,,,,,,938,992
MANAPPURAM,F&O OI,28809,27959,,,,,,,,,28883,28886
MANAPPURAM,CALL VOL,4452,2240,,,,,,,,,497,523
MANAPPURAM,CALL OI,2931,2695,,,,,,,,,2982,2980
MANAPPURAM,PUT VOL,2078,964,,,,,,,,,157,163
MANAPPURAM,PUT OI,1823,1679,,,,,,,,,1812,1812
MANAPPURAM,CALL SPRD,,,,,,,,,,,8.15,12.62
MANAPPURAM,PUT SPRD,,,,,,,,,,,10.79,12.5
MANAPPURAM,CALL OI FIX,2994,,,,,,,,,,3045,3043
MANAPPURAM,PUT OI FIX,1750,,,,,,,,,,1740,1740
MANAPPURAM,CALL DOI,,,,,,,,,,,3277381,3132767
MANAPPURAM,PUT DOI,,,,,,,,,,,-2602776,-2680795
MANAPPURAM,CALL GEX,,,,,,,,,,,444809,437719
MANAPPURAM,PUT GEX,,,,,,,,,,,239379,238743
MANAPPURAM,GEX STRIKE,,,,,,,,,,,310.0,310.0
MANAPPURAM,EXPIRY,,,,,,,,,,,2026-10-27,2026-10-27
MANAPPURAM,ATM IV,,,,,,,,,,,32.56,32.56
MANKIND,PRICE,2500.0,2500.0,,,,2501.1,2505.05,2501.68,2521.55,2494.65,2463.8,2465.0
MANKIND,VWAP,,,,,,,,,,,2469.45,2469.13
MANKIND,CASH VOL,242210,297524,69065,42.52,54.29,,,,,,41643,45153
MANKIND,F&O VOL,6174,5910,,,,,,,,,1696,1804
MANKIND,F&O OI,18711,18479,,,,,,,,,18907,18917
MANKIND,CALL VOL,2868,2362,,,,,,,,,715,754
MANKIND,CALL OI,1638,1545,,,,,,,,,1726,1726
MANKIND,PUT VOL,920,816,,,,,,,,,212,254
MANKIND,PUT OI,1683,1685,,,,,,,,,1638,1645
MANKIND,CALL SPRD,,,,,,,,,,,1.43,1.04
MANKIND,PUT SPRD,,,,,,,,,,,1.89,1.75
MANKIND,CALL OI FIX,2233,,,,,,,,,,2380,2381
MANKIND,PUT OI FIX,1599,,,,,,,,,,1554,1561
MANKIND,CALL DOI,,,,,,,,,,,203528,204886
MANKIND,PUT DOI,,,,,,,,,,,-180042,-179566
MANKIND,CALL GEX,,,,,,,,,,,29951,29959
MANKIND,PUT GEX,,,,,,,,,,,21990,22056
MANKIND,GEX STRIKE,,,,,,,,,,,2500.0,2500.0
MANKIND,EXPIRY,,,,,,,,,,,2026-10-27,2026-10-27
MANKIND,ATM IV,,,,,,,,,,,27.18,27.18
MARICO,PRICE,787.25,794.15,,,,788.2,789.6,788.03,790.62,784.44,789.9,788.7
MARICO,VWAP,,,,,,,,,,,789.13,789.14
MARICO,CASH VOL,1064427,1467158,264231,60.72,56.97,,,,,,100136,102967
MARICO,F&O VOL,5659,7951,,,,,,,,,1593,1623
MARICO,F&O OI,21828,21713,,,,,,,,,21788,21780
MARICO,CALL VOL,2814,4294,,,,,,,,,843,861
MARICO,CALL OI,2964,2745,,,,,,,,,2909,2909
MARICO,PUT VOL,1460,1830,,,,,,,,,494,502
MARICO,PUT OI,2322,2303,,,,,,,,,2370,2363
MARICO,CALL SPRD,,,,,,,,,,,2.25,1.32
MARICO,PUT SPRD,,,,,,,,,,,2.21,1.8
MARICO,CALL OI FIX,2964,,,,,,,,,,2909,2909
MARICO,PUT OI FIX,2322,,,,,,,,,,2370,2363
MARICO,CALL DOI,,,,,,,,,,,1344941,1303271
MARICO,PUT DOI,,,,,,,,,,,-1196901,-1224256
MARICO,CALL GEX,,,,,,,,,,,264803,262607
MARICO,PUT GEX,,,,,,,,,,,190309,190872
MARICO,GEX STRIKE,,,,,,,,,,,800.0,800.0
MARICO,EXPIRY,,,,,,,,,,,2026-10-27,2026-10-27
MARICO,ATM IV,,,,,,,,,,,19.95,19.95
MARUTI,PRICE,11450.0,11625.0,,,,11433.0,11490.0,11463.33,11710.5,11494.17,11400.0,11390.0
MARUTI,VWAP,,,,,,,,,,,11401.66,11401.35
MARUTI,CASH VOL,628155,263958,119849,60.13,48.14,,,,,,49510,51338
MARUTI,F&O VOL,112074,69334,,,,,,,,,16598,17237
MARUTI,F&O OI,136842,129931,,,,,,,,,137403,137317
MARUTI,CALL VOL,31956,18367,,,,,,,,,5001,5188
MARUTI,CALL OI,11538,8891,,,,,,,,,12143,12118
MARUTI,PUT VOL,26823,14668,,,,,,,,,4088,4253
MARUTI,PUT OI,12593,11936,,,,,,,,,12629,12597
MARUTI,CALL SPRD,,,,,,,,,,,0.54,0.75
MARUTI,PUT SPRD,,,,,,,,,,,0.76,0.47
MARUTI,CALL OI FIX,11538,,,,,,,,,,12143,12118
MARUTI,PUT OI FIX,12593,,,,,,,,,,12629,12597
MARUTI,CALL DOI,,,,,,,,,,,257168,252748
MARUTI,PUT DOI,,,,,,,,,,,-275072,-278093
MARUTI,CALL GEX,,,,,,,,,,,46347,46095
MARUTI,PUT GEX,,,,,,,,,,,39371,39365
MARUTI,GEX STRIKE,,,,,,,,,,,11500.0,11500.0
MARUTI,EXPIRY,,,,,,,,,,,2026-10-27,2026-10-27
MARUTI,ATM IV,,,,,,,,,,,22.99,22.99
MAXHEALTH,PRICE,908.0,902.5,,,,900.5,905.81,901.42,958.92,946.94,892.5,890.0
MAXHEALTH,VWAP,,,,,,,,,,,893.11,893.0
MAXHEALTH,CASH VOL,2002385,2407174,644927,51.75,49.73,,,,,,432954,452095
MAXHEALTH,F&O VOL,23051,29513,,,,,,,,,5263,5481
MAXHEALTH,F&O OI,41311,41284,,,,,,,,,42243,42250
MAXHEALTH,CALL VOL,6394,6820,,,,,,,,,1422,1499
MAXHEALTH,CALL OI,2885,2836,,,,,,,,,3209,3222
MAXHEALTH,PUT VOL,6926,10036,,,,,,,,,1799,1856
MAXHEALTH,PUT OI,3551,3653,,,,,,,,,3883,3890
MAXHEALTH,CALL SPRD,,,,,,,,,,,0.85,1.41
MAXHEALTH,PUT SPRD,,,,,,,,,,,1.1,1.28
MAXHEALTH,CALL OI FIX,3775,,,,,,,,,,4179,4193
MAXHEALTH,PUT OI FIX,3833,,,,,,,,,,4148,4155
MAXHEALTH,CALL DOI,,,,,,,,,,,721943,702759
MAXHEALTH,PUT DOI,,,,,,,,,,,-1003891,-1033818
MAXHEALTH,CALL GEX,,,,,,,,,,,85704,84437
MAXHEALTH,PUT GEX,,,,,,,,,,,101878,103016
MAXHEALTH,GEX STRIKE,,,,,,,,,,,900.0,900.0
MAXHEALTH,EXPIRY,,,,,,,,,,,2026-10-27,2026-10-27
MAXHEALTH,ATM IV,,,,,,,,,,,32.11,32.15
MAZDOCK,PRICE,2064.4,2101.0,,,,2055.0,2077.45,2068.75,2115.3,2081.1,2044.7,2038.0
MAZDOCK,VWAP,,,,,,,,,,,2041.16,2041.19
MAZDOCK,CASH VOL,437816,403608,108191,39.39,29.33,,,,,,110468,114538
MAZDOCK,F&O VOL,11282,13495,,,,,,,,,3904,4034
MAZDOCK,F&O OI,47333,45130,,,,,,,,,46604,46406
MAZDOCK,CALL VOL,3042,5201,,,,,,,,,663,685
MAZDOCK,CALL OI,2640,2052,,,,,,,,,2795,2797
MAZDOCK,PUT VOL,1404,1111,,,,,,,,,220,243
MAZDOCK,PUT OI,3739,3510,,,,,,,,,3710,3709
MAZDOCK,CALL SPRD,,,,,,,,,,,1.92,1.74
MAZDOCK,PUT SPRD,,,,,,,,,,,1.53,1.5
MAZDOCK,CALL OI FIX,4395,,,,,,,,,,4231,4041
MAZDOCK,PUT OI FIX,4245,,,,,,,,,,4222,4221
MAZDOCK,CALL DOI,,,,,,,,,,,269189,259588
MAZDOCK,PUT DOI,,,,,,,,,,,-387911,-399654
MAZDOCK,CALL GEX,,,,,,,,,,,31880,31358
MAZDOCK,PUT GEX,,,,,,,,,,,36416,36892
MAZDOCK,GEX STRIKE,,,,,,,,,,,2100.0,2100.0
MAZDOCK,EXPIRY,,,,,,,,,,,2026-10-27,2026-10-27
MAZDOCK,ATM IV,,,,,,,,,,,34.95,34.98
MCX,PRICE,3362.6,3310.0,,,,3360.0,3348.8,3321.2,3269.3,3225.77,3308.3,3306.0
MCX,VWAP,,,,,,,,,,,3317.01,3316.54
MCX,CASH VOL,2369566,1520917,366935,46.04,40.8,,,,,,435451,450439
MCX,F&O VOL,65691,68079,,,,,,,,,19340,20204
MCX,F&O OI,66133,65826,,,,,,,,,66515,66483
MCX,CALL VOL,29190,30816,,,,,,,,,7422,7702
MCX,CALL OI,13280,13676,,,,,,,,,13622,13651
MCX,PUT VOL,17117,15888,,,,,,,,,6938,7175
MCX,PUT OI,9780,9334,,,,,,,,,9406,9360
MCX,CALL SPRD,,,,,,,,,,,0.45,0.71
MCX,PUT SPRD,,,,,,,,,,,0.53,0.89
MCX,CALL OI FIX,14785,,,,,,,,,,15210,15247
MCX,PUT OI FIX,9630,,,,,,,,,,9247,9203
MCX,CALL DOI,,,,,,,,,,,1396813,1389340
MCX,PUT DOI,,,,,,,,,,,-841729,-844313
MCX,CALL GEX,,,,,,,,,,,134355,134517
MCX,PUT GEX,,,,,,,,,,,82905,82674
MCX,GEX STRIKE,,,,,,,,,,,3300.0,3300.0
MCX,EXPIRY,,,,,,,,,,,2026-10-27,2026-10-27
MCX,ATM IV,,,,,,,,,,,37.83,37.83
MFSL,PRICE,1345.1,1361.0,,,,1350.0,1344.95,1344.65,1402.6,1395.53,1360.7,1353.3
MFSL,VWAP,,,,,,,,,,,1352.9,1353.43
MFSL,CASH VOL,795124,2855802,239136,52.87,66.54,,,,,,58868,69818
MFSL,F&O VOL,7897,16672,,,,,,,,,1659,1861
MFSL,F&O OI,23940,23711,,,,,,,,,23954,23947
MFSL,CALL VOL,3750,6402,,,,,,,,,888,989
MFSL,CALL OI,2234,2141,,,,,,,,,2250,2243
MFSL,PUT VOL,1666,2966,,,,,,,,,235,285
MFSL,PUT OI,2059,2204,,,,,,,,,2068,2067
MFSL,CALL SPRD,,,,,,,,,,,1.26,1.25
MFSL,PUT SPRD,,,,,,,,,,,1.6,1.75
MFSL,CALL OI FIX,1971,,,,,,,,,,1993,1983
MFSL,PUT OI FIX,2012,,,,,,,,,,2020,2019
MFSL,CALL DOI,,,,,,,,,,,330750,304118
MFSL,PUT DOI,,,,,,,,,,,-389806,-411764
MFSL,CALL GEX,,,,,,,,,,,46536,45059
MFSL,PUT GEX,,,,,,,,,,,40568,40560
MFSL,GEX STRIKE,,,,,,,,,,,1400.0,1400.0
MFSL,EXPIRY,,,,,,,,,,,2026-10-27,2026-10-27
MFSL,ATM IV,,,,,,,,,,,30.26,30.26
MOTHERSON,PRICE,159.2,160.0,,,,158.57,158.96,158.49,159.65,157.9,158.2,158.2
MOTHERSON,VWAP,,,,,,,,,,,157.66,157.71
MOTHERSON,CASH VOL,11181774,7313345,2166452,46.72,50.74,,,,,,1082065,1130833
MOTHERSON,F&O VOL,10952,9157,,,,,,,,,1484,1547
MOTHERSON,F&O OI,32349,31071,,,,,,,,,32508,32516
MOTHERSON,CALL VOL,4443,4692,,,,,,,,,678,700
MOTHERSON,CALL OI,3668,3064,,,,,,,,,3760,3756
MOTHERSON,PUT VOL,3376,1933,,,,,,,,,454,469
MOTHERSON,PUT OI,3090,2875,,,,,,,,,3077,3078
MOTHERSON,CALL SPRD,,,,,,,,,,,2.05,2.27
MOTHERSON,PUT SPRD,,,,,,,,,,,2.09,2.38
MOTHERSON,CALL OI FIX,3773,,,,,,,,,,3863,3859
MOTHERSON,PUT OI FIX,2927,,,,,,,,,,2917,2918
MOTHERSON,CALL DOI,,,,,,,,,,,7768438,7764915
MOTHERSON,PUT DOI,,,,,,,,,,,-7528626,-7536821
MOTHERSON,CALL GEX,,,,,,,,,,,1172123,1171200
MOTHERSON,PUT GEX,,,,,,,,,,,939411,940281
MOTHERSON,GEX STRIKE,,,,,,,,,,,160.0,160.0
MOTHERSON,EXPIRY,,,,,,,,,,,2026-10-27,2026-10-27
MOTHERSON,ATM IV,,,,,,,,,,,28.51,28.51
MOTILALOFS,PRICE,1067.9,1081.15,,,,1066.9,1074.97,1070.26,999.23,993.01,1045.05,1041.8
MOTILALOFS,VWAP,,,,,,,,,,,1047.66,1047.51
MOTILALOFS,CASH VOL,1232877,2179004,253109,33.05,34.57,,,,,,249442,255392
MOTILALOFS,F&O VOL,15755,27605,,,,,,,,,4289,4423
MOTILALOFS,F&O OI,12320,12222,,,,,,,,,12388,12393
MOTILALOFS,CALL VOL,7395,14715,,,,,,,,,1398,1426
MOTILALOFS,CALL OI,2122,2233,,,,,,,,,2218,2227
MOTILALOFS,PUT VOL,3168,4689,,,,,,,,,1266,1319
MOTILALOFS,PUT OI,1693,1670,,,,,,,,,1616,1613
MOTILALOFS,CALL SPRD,,,,,,,,,,,1.47,1.92
MOTILALOFS,PUT SPRD,,,,,,,,,,,1.97,2.02
MOTILALOFS,CALL OI FIX,2332,,,,,,,,,,2459,2468
MOTILALOFS,PUT OI FIX,1552,,,,,,,,,,1487,1483
MOTILALOFS,CALL DOI,,,,,,,,,,,717997,699199
MOTILALOFS,PUT DOI,,,,,,,,,,,-400122,-413473
MOTILALOFS,CALL GEX,,,,,,,,,,,69104,68838
MOTILALOFS,PUT GEX,,,,,,,,,,,46295,46841
MOTILALOFS,GEX STRIKE,,,,,,,,,,,1100.0,1100.0
MOTILALOFS,EXPIRY,,,,,,,,,,,2026-10-27,2026-10-27
MOTILALOFS,ATM IV,,,,,,,,,,,37.06,37.06
MPHASIS,PRICE,2289.0,2298.0,,,,2299.0,2296.15,2291.38,2235.1,2204.9,2345.3,2344.0
MPHASIS,VWAP,,,,,,,,,,,2328.5,2329.49
MPHASIS,CASH VOL,277155,286928,97898,45.06,55.54,,,,,,137113,144627
MPHASIS,F&O VOL,6151,6231,,,,,,,,,6201,6775
MPHASIS,F&O OI,27219,26926,,,,,,,,,27739,27841
MPHASIS,CALL VOL,3241,2793,,,,,,,,,4554,5072
MPHASIS,CALL OI,3416,3064,,,,,,,,,3647,3722
MPHASIS,PUT VOL,1547,1604,,,,,,,,,911,1011
MPHASIS,PUT OI,1696,1747,,,,,,,,,1868,1916
MPHASIS,CALL SPRD,,,,,,,,,,,0.95,0.67
MPHASIS,PUT SPRD,,,,,,,,,,,2.25,0.69
MPHASIS,CALL OI FIX,3290,,,,,,,,,,3486,3542
MPHASIS,PUT OI FIX,1983,,,,,,,,,,2188,2236
MPHASIS,CALL DOI,,,,,,,,,,,480938,484928
MPHASIS,PUT DOI,,,,,,,,,,,-129156,-134139
MPHASIS,CALL GEX,,,,,,,,,,,45559,46421
MPHASIS,PUT GEX,,,,,,,,,,,17027,17605
MPHASIS,GEX STRIKE,,,,,,,,,,,2300.0,2300.0
MPHASIS,EXPIRY,,,,,,,,,,,2026-10-27,2026-10-27
MPHASIS,ATM IV,,,,,,,,,,,34.62,34.62
MUTHOOTFIN,PRICE,2654.4,2686.0,,,,2650.0,2667.25,2658.68,2743.45,2712.55,2611.8,2601.0
MUTHOOTFIN,VWAP,,,,,,,,,,,2619.79,2618.21
MUTHOOTFIN,CASH VOL,629510,369508,209970,52.51,49.94,,,,,,169845,190565
MUTHOOTFIN,F&O VOL,15872,14240,,,,,,,,,5645,6339
MUTHOOTFIN,F&O OI,41411,39629,,,,,,,,,42071,42024
MUTHOOTFIN,CALL VOL,7751,6016,,,,,,,,,2405,2825
MUTHOOTFIN,CALL OI,5792,4517,,,,,,,,,6143,6199
MUTHOOTFIN,PUT VOL,3710,3605,,,,,,,,,1634,1758
MUTHOOTFIN,PUT OI,4660,4230,,,,,,,,,4745,4772
MUTHOOTFIN,CALL SPRD,,,,,,,,,,,1.19,0.87
MUTHOOTFIN,PUT SPRD,,,,,,,,,,,1.44,1.22
MUTHOOTFIN,CALL OI FIX,7485,,,,,,,,,,7779,7837
MUTHOOTFIN,PUT OI FIX,4976,,,,,,,,,,5065,5092
MUTHOOTFIN,CALL DOI,,,,,,,,,,,474275,453052
MUTHOOTFIN,PUT DOI,,,,,,,,,,,-673144,-700729
MUTHOOTFIN,CALL GEX,,,,,,,,,,,76642,75174
MUTHOOTFIN,PUT GEX,,,,,,,,,,,59345,59477
MUTHOOTFIN,GEX STRIKE,,,,,,,,,,,2700.0,2700.0
MUTHOOTFIN,EXPIRY,,,,,,,,,,,2026-10-27,2026-10-27
MUTHOOTFIN,ATM IV,,,,,,,,,,,31.49,31.49
NAM-INDIA,PRICE,1047.2,1073.5,,,,1055.0,1057.6,1050.67,1090.7,1060.9,1057.9,1055.6
NAM-INDIA,VWAP,,,,,,,,,,,1050.15,1050.48
NAM-INDIA,CASH VOL,929248,456986,473198,62.84,53.5,,,,,,93001,96551
NAM-INDIA,F&O VOL,3263,1522,,,,,,,,,1772,1844
NAM-INDIA,F&O OI,9783,9005,,,,,,,,,9968,9954
NAM-INDIA,CALL VOL,1019,582,,,,,,,,,1060,1109
NAM-INDIA,CALL OI,969,654,,,,,,,,,1086,1067
NAM-INDIA,PUT VOL,769,230,,,,,,,,,190,197
NAM-INDIA,PUT OI,1178,1126,,,,,,,,,1198,1202
NAM-INDIA,CALL SPRD,,,,,,,,,,,1.95,2.22
NAM-INDIA,PUT SPRD,,,,,,,,,,,2.07,2.44
NAM-INDIA,CALL OI FIX,691,,,,,,,,,,718,718
NAM-INDIA,PUT OI FIX,1201,,,,,,,,,,1221,1225
NAM-INDIA,CALL DOI,,,,,,,,,,,195779,187921
NAM-INDIA,PUT DOI,,,,,,,,,,,-303485,-310940
NAM-INDIA,CALL GEX,,,,,,,,,,,28412,27659
NAM-INDIA,PUT GEX,,,,,,,,,,,30652,30907
NAM-INDIA,GEX STRIKE,,,,,,,,,,,1100.0,1100.0
NAM-INDIA,EXPIRY,,,,,,,,,,,2026-10-27,2026-10-27
NAM-INDIA,ATM IV,,,,,,,,,,,32.58,32.58
NATIONALUM,PRICE,321.3,337.25,,,,321.4,329.15,323.92,342.12,337.31,315.35,314.45
NATIONALUM,VWAP,,,,,,,,,,,317.37,317.15
NATIONALUM,CASH VOL,9475375,6701284,2183207,43.49,45.54,,,,,,1550024,1678716
NATIONALUM,F&O VOL,37432,19624,,,,,,,,,8672,9288
NATIONALUM,F&O OI,43081,38103,,,,,,,,,44057,44152
NATIONALUM,CALL VOL,7729,2465,,,,,,,,,2727,2881
NATIONALUM,CALL OI,2810,1247,,,,,,,,,3451,3498
NATIONALUM,PUT VOL,15717,3736,,,,,,,,,3125,3379
NATIONALUM,PUT OI,5565,4101,,,,,,,,,5782,5814
NATIONALUM,CALL SPRD,,,,,,,,,,,1.27,1.34
NATIONALUM,PUT SPRD,,,,,,,,,,,1.52,0.96
NATIONALUM,CALL OI FIX,3132,,,,,,,,,,3738,3790
NATIONALUM,PUT OI FIX,5396,,,,,,,,,,5587,5618
NATIONALUM,CALL DOI,,,,,,,,,,,2122326,2082275
NATIONALUM,PUT DOI,,,,,,,,,,,-5909517,-6055337
NATIONALUM,CALL GEX,,,,,,,,,,,263557,262880
NATIONALUM,PUT GEX,,,,,,,,,,,443251,443114
NATIONALUM,GEX STRIKE,,,,,,,,,,,330.0,330.0
NATIONALUM,EXPIRY,,,,,,,,,,,2026-10-27,2026-10-27
NATIONALUM,ATM IV,,,,,,,,,,,37.85,37.93
NAUKRI,PRICE,1225.3,1241.0,,,,1221.0,1230.35,1226.98,1221.65,1207.22,1209.1,1203.3
NAUKRI,VWAP,,,,,,,,,,,1206.22,1206.23
NAUKRI,CASH VOL,1008055,1622862,283164,53.79,60.11,,,,,,942828,991484
NAUKRI,F&O VOL,10115,9954,,,,,,,,,31877,32220
NAUKRI,F&O OI,32764,32146,,,,,,,,,33859,33828
NAUKRI,CALL VOL,4073,4440,,,,,,,,,14387,14578
NAUKRI,CALL OI,2755,2476,,,,,,,,,3015,3005
NAUKRI,PUT VOL,3186,2676,,,,,,,,,9897,10025
NAUKRI,PUT OI,2232,2193,,,,,,,,,2364,2328
NAUKRI,CALL SPRD,,,,,,,,,,,1.08,1.35
NAUKRI,PUT SPRD,,,,,,,,,,,1.01,1.53
NAUKRI,CALL OI FIX,2846,,,,,,,,,,3095,3074
NAUKRI,PUT OI FIX,2192,,,,,,,,,,2295,2260
NAUKRI,CALL DOI,,,,,,,,,,,620758,583792
NAUKRI,PUT DOI,,,,,,,,,,,-568338,-586660
NAUKRI,CALL GEX,,,,,,,,,,,78774,76956
NAUKRI,PUT GEX,,,,,,,,,,,58509,57877
NAUKRI,GEX STRIKE,,,,,,,,,,,1240.0,1240.0
NAUKRI,EXPIRY,,,,,,,,,,,2026-10-27,2026-10-27
NAUKRI,ATM IV,,,,,,,,,,,33.06,33.06
NBCC,PRICE,76.74,77.05,,,,76.74,76.84,76.78,79.28,78.03,76.29,76.15
NBCC,VWAP,,,,,,,,,,,76.22,76.22
NBCC,CASH VOL,3629902,5142985,902768,32.77,42.39,,,,,,963664,1018573
NBCC,F&O VOL,2200,3242,,,,,,,,,987,1025
NBCC,F&O OI,20357,20136,,,,,,,,,20438,20439
NBCC,CALL VOL,691,884,,,,,,,,,406,418
NBCC,CALL OI,1507,1435,,,,,,,,,1560,1561
NBCC,PUT VOL,408,425,,,,,,,,,175,193
NBCC,PUT OI,974,888,,,,,,,,,1005,1009
NBCC,CALL SPRD,,,,,,,,,,,0.87,3.09
NBCC,PUT SPRD,,,,,,,,,,,2.19,2.7
NBCC,CALL OI FIX,1542,,,,,,,,,,1597,1598
NBCC,PUT OI FIX,935,,,,,,,,,,937,945
NBCC,CALL DOI,,,,,,,,,,,3427346,3333018
NBCC,PUT DOI,,,,,,,,,,,-3191865,-3269857
NBCC,CALL GEX,,,,,,,,,,,529167,523739
NBCC,PUT GEX,,,,,,,,,,,318407,320488
NBCC,GEX STRIKE,,,,,,,,,,,80.0,80.0
NBCC,EXPIRY,,,,,,,,,,,2026-10-27,2026-10-27
NBCC,ATM IV,,,,,,,,,,,29.45,29.45
NESTLEIND,PRICE,1324.0,1341.4,,,,1319.6,1324.85,1324.28,1325.9,1313.77,1338.0,1335.4
NESTLEIND,VWAP,,,,,,,,,,,1332.97,1333.13
NESTLEIND,CASH VOL,1409917,1650856,307219,52.39,51.49,,,,,,241957,250838
NESTLEIND,F&O VOL,15722,21272,,,,,,,,,4448,4596
NESTLEIND,F&O OI,32321,31437,,,,,,,,,33050,33049
NESTLEIND,CALL VOL,5826,7203,,,,,,,,,1741,1799
NESTLEIND,CALL OI,3074,1980,,,,,,,,,3238,3224
NESTLEIND,PUT VOL,3397,3774,,,,,,,,,805,837
NESTLEIND,PUT OI,2263,2196,,,,,,,,,2428,2439
NESTLEIND,CALL SPRD,,,,,,,,,,,1.21,1.4
NESTLEIND,PUT SPRD,,,,,,,,,,,1.42,1.55
NESTLEIND,CALL OI FIX,2847,,,,,,,,,,3000,2985
NESTLEIND,PUT OI FIX,2441,,,,,,,,,,2610,2623
NESTLEIND,CALL DOI,,,,,,,,,,,905267,879826
NESTLEIND,PUT DOI,,,,,,,,,,,-486205,-501502
NESTLEIND,CALL GEX,,,,,,,,,,,111646,111707
NESTLEIND,PUT GEX,,,,,,,,,,,66992,67755
NESTLEIND,GEX STRIKE,,,,,,,,,,,1330.0,1330.0
NESTLEIND,EXPIRY,,,,,,,,,,,2026-10-27,2026-10-27
NESTLEIND,ATM IV,,,,,,,,,,,26.67,26.67
NHPC,PRICE,72.5,73.11,,,,72.5,72.63,72.54,73.08,72.19,72.38,72.27
NHPC,VWAP,,,,,,,,,,,72.46,72.46
NHPC,CASH VOL,4518389,5480099,1430465,50.9,49.65,,,,,,1678145,1767804
NHPC,F&O VOL,5459,4659,,,,,,,,,962,991
NHPC,F&O OI,24623,24053,,,,,,,,,24725,24725
NHPC,CALL VOL,1249,1549,,,,,,,,,393,405
NHPC,CALL OI,1764,1565,,,,,,,,,1840,1844
NHPC,PUT VOL,1347,864,,,,,,,,,291,297
NHPC,PUT OI,1964,2143,,,,,,,,,1978,1975
NHPC,CALL SPRD,,,,,,,,,,,1.65,1.7
NHPC,PUT SPRD,,,,,,,,,,,2.43,3.15
NHPC,CALL OI FIX,1764,,,,,,,,,,1840,1844
NHPC,PUT OI FIX,1964,,,,,,,,,,1978,1975
NHPC,CALL DOI,,,,,,,,,,,4662597,4519259
NHPC,PUT DOI,,,,,,,,,,,-5461671,-5584286
NHPC,CALL GEX,,,,,,,,,,,846048,852195
NHPC,PUT GEX,,,,,,,,,,,776606,774310
NHPC,GEX STRIKE,,,,,,,,,,,75.0,75.0
NHPC,EXPIRY,,,,,,,,,,,2026-10-27,2026-10-27
NHPC,ATM IV,,,,,,,,,,,23.57,23.48
NMDC,PRICE,72.8,74.38,,,,72.75,73.12,72.91,77.31,75.53,71.98,71.73
NMDC,VWAP,,,,,,,,,,,72.01,72.0
NMDC,CASH VOL,15148455,10800931,3772065,50.39,60.54,,,,,,7034172,7394005
NMDC,F&O VOL,11626,4205,,,,,,,,,2746,2846
NMDC,F&O OI,71253,70371,,,,,,,,,71545,71563
NMDC,CALL VOL,3615,1386,,,,,,,,,991,1038
NMDC,CALL OI,2641,1863,,,,,,,,,2879,2890
NMDC,PUT VOL,3043,525,,,,,,,,,609,638
NMDC,PUT OI,2434,2173,,,,,,,,,2470,2472
NMDC,CALL SPRD,,,,,,,,,,,0.5,1.06
NMDC,PUT SPRD,,,,,,,,,,,1.61,2.03
NMDC,CALL OI FIX,3316,,,,,,,,,,3551,3562
NMDC,PUT OI FIX,3246,,,,,,,,,,3280,3282
NMDC,CALL DOI,,,,,,,,,,,6136171,5836661
NMDC,PUT DOI,,,,,,,,,,,-8393998,-8684520
NMDC,CALL GEX,,,,,,,,,,,982799,963159
NMDC,PUT GEX,,,,,,,,,,,814134,814534
NMDC,GEX STRIKE,,,,,,,,,,,75.0,75.0
NMDC,EXPIRY,,,,,,,,,,,2026-10-27,2026-10-27
NMDC,ATM IV,,,,,,,,,,,29.49,29.49
NTPC,PRICE,316.75,321.45,,,,316.0,318.8,317.43,319.83,316.68,312.45,311.9
NTPC,VWAP,,,,,,,,,,,313.4,313.35
NTPC,CASH VOL,6330699,7317350,2335567,60.69,61.09,,,,,,897453,927045
NTPC,F&O VOL,17871,16893,,,,,,,,,4694,4867
NTPC,F&O OI,82346,82315,,,,,,,,,83134,83136
NTPC,CALL VOL,5798,4258,,,,,,,,,1658,1758
NTPC,CALL OI,8411,7504,,,,,,,,,8845,8869
NTPC,PUT VOL,4217,3594,,,,,,,,,1021,1056
NTPC,PUT OI,5179,5003,,,,,,,,,5192,5193
NTPC,CALL SPRD,,,,,,,,,,,1.68,2.6
NTPC,PUT SPRD,,,,,,,,,,,1.9,1.85
NTPC,CALL OI FIX,10157,,,,,,,,,,10680,10697
NTPC,PUT OI FIX,4743,,,,,,,,,,4766,4762
NTPC,CALL DOI,,,,,,,,,,,3628734,3476116
NTPC,PUT DOI,,,,,,,,,,,-3884184,-3976097
NTPC,CALL GEX,,,,,,,,,,,973578,952998
NTPC,PUT GEX,,,,,,,,,,,539486,539070
NTPC,GEX STRIKE,,,,,,,,,,,325.0,325.0
NTPC,EXPIRY,,,,,,,,,,,2026-10-27,2026-10-27
NTPC,ATM IV,,,,,,,,,,,19.66,19.66
NYKAA,PRICE,341.25,338.2,,,,340.85,341.73,341.41,324.79,324.48,341.25,340.35
NYKAA,VWAP,,,,,,,,,,,341.45,341.36
NYKAA,CASH VOL,6078112,3554565,1193566,51.7,45.2,,,,,,781145,872109
NYKAA,F&O VOL,10367,9830,,,,,,,,,1740,1848
NYKAA,F&O OI,18383,18161,,,,,,,,,18314,18304
NYKAA,CALL VOL,4799,4518,,,,,,,,,723,769
NYKAA,CALL OI,3057,2947,,,,,,,,,3011,3012
NYKAA,PUT VOL,2466,2555,,,,,,,,,531,565
NYKAA,PUT OI,2250,2087,,,,,,,,,2205,2216
NYKAA,CALL SPRD,,,,,,,,,,,2.93,1.79
NYKAA,PUT SPRD,,,,,,,,,,,1.86,1.2
NYKAA,CALL OI FIX,3057,,,,,,,,,,3011,3012
NYKAA,PUT OI FIX,2250,,,,,,,,,,2205,2216
NYKAA,CALL DOI,,,,,,,,,,,4538091,4379619
NYKAA,PUT DOI,,,,,,,,,,,-2069910,-2166863
NYKAA,CALL GEX,,,,,,,,,,,594596,594393
NYKAA,PUT GEX,,,,,,,,,,,313098,320501
NYKAA,GEX STRIKE,,,,,,,,,,,340.0,340.0
NYKAA,EXPIRY,,,,,,,,,,,2026-10-27,2026-10-27
NYKAA,ATM IV,,,,,,,,,,,26.36,26.36
OBEROIRLTY,PRICE,1736.0,1751.8,,,,1730.0,1740.1,1737.37,1790.8,1766.67,1712.7,1709.6
OBEROIRLTY,VWAP,,,,,,,,,,,1709.35,1709.39
OBEROIRLTY,CASH VOL,299046,226302,58416,63.87,55.47,,,,,,46956,48453
OBEROIRLTY,F&O VOL,3803,3910,,,,,,,,,928,962
OBEROIRLTY,F&O OI,15595,15266,,,,,,,,,15810,15808
OBEROIRLTY,CALL VOL,964,668,,,,,,,,,153,126
OBEROIRLTY,CALL OI,1014,773,,,,,,,,,1099,1021
OBEROIRLTY,PUT VOL,1265,1724,,,,,,,,,207,246
OBEROIRLTY,PUT OI,1750,1751,,,,,,,,,1381,1778
OBEROIRLTY,CALL SPRD,,,,,,,,,,,3.0,2.1
OBEROIRLTY,PUT SPRD,,,,,,,,,,,2.45,2.03
OBEROIRLTY,CALL OI FIX,1189,,,,,,,,,,1179,1173
OBEROIRLTY,PUT OI FIX,1339,,,,,,,,,,1363,1364
OBEROIRLTY,CALL DOI,,,,,,,,,,,137742,128239
OBEROIRLTY,PUT DOI,,,,,,,,,,,-240858,-266490
OBEROIRLTY,CALL GEX,,,,,,,,,,,18579,17283
OBEROIRLTY,PUT GEX,,,,,,,,,,,22674,27146
OBEROIRLTY,GEX STRIKE,,,,,,,,,,,1800.0,1800.0
OBEROIRLTY,EXPIRY,,,,,,,,,,,2026-10-27,2026-10-27
OBEROIRLTY,ATM IV,,,,,,,,,,,35.08,32.53
OFSS,PRICE,10576.0,10482.0,,,,10586.0,10573.83,10569.5,10586.5,10475.5,10713.0,10689.0
OFSS,VWAP,,,,,,,,,,,10732.33,10731.7
OFSS,CASH VOL,201807,165190,50395,34.5,49.32,,,,,,75854,77224
OFSS,F&O VOL,10934,9856,,,,,,,,,5811,5909
OFSS,F&O OI,23310,23255,,,,,,,,,23294,23316
OFSS,CALL VOL,4433,2898,,,,,,,,,2728,2746
OFSS,CALL OI,2955,2811,,,,,,,,,3021,3015
OFSS,PUT VOL,1407,1231,,,,,,,,,553,560
OFSS,PUT OI,2626,2673,,,,,,,,,2666,2668
OFSS,CALL SPRD,,,,,,,,,,,1.08,0.7
OFSS,PUT SPRD,,,,,,,,,,,1.62,3.8
OFSS,CALL OI FIX,2872,,,,,,,,,,2937,2931
OFSS,PUT OI FIX,2725,,,,,,,,,,2768,2770
OFSS,CALL DOI,,,,,,,,,,,158649,155181
OFSS,PUT DOI,,,,,,,,,,,-119748,-122137
OFSS,CALL GEX,,,,,,,,,,,14027,14018
OFSS,PUT GEX,,,,,,,,,,,10256,10291
OFSS,GEX STRIKE,,,,,,,,,,,11000.0,11000.0
OFSS,EXPIRY,,,,,,,,,,,2026-10-27,2026-10-27
OFSS,ATM IV,,,,,,,,,,,39.32,39.32
OIL,PRICE,453.75,447.85,,,,452.0,452.69,450.57,455.55,447.85,449.45,449.15
OIL,VWAP,,,,,,,,,,,450.67,450.55
OIL,CASH VOL,1445019,2084230,330357,57.23,72.61,,,,,,139841,148560
OIL,F&O VOL,3526,2209,,,,,,,,,355,429
OIL,F&O OI,13271,13283,,,,,,,,,13293,13313
OIL,CALL VOL,1247,824,,,,,,,,,110,147
OIL,CALL OI,866,940,,,,,,,,,897,917
OIL,PUT VOL,520,446,,,,,,,,,79,91
OIL,PUT OI,903,870,,,,,,,,,916,917
OIL,CALL SPRD,,,,,,,,,,,1.75,2.33
OIL,PUT SPRD,,,,,,,,,,,2.04,1.45
OIL,CALL OI FIX,1023,,,,,,,,,,1054,1073
OIL,PUT OI FIX,1062,,,,,,,,,,1075,1076
OIL,CALL DOI,,,,,,,,,,,560986,568311
OIL,PUT DOI,,,,,,,,,,,-507661,-512777
OIL,CALL GEX,,,,,,,,,,,78689,80550
OIL,PUT GEX,,,,,,,,,,,69686,69958
OIL,GEX STRIKE,,,,,,,,,,,450.0,450.0
OIL,EXPIRY,,,,,,,,,,,2026-10-27,2026-10-27
OIL,ATM IV,,,,,,,,,,,26.64,26.64
ONGC,PRICE,221.88,224.2,,,,222.5,222.77,222.18,228.22,224.32,220.91,220.35
ONGC,VWAP,,,,,,,,,,,221.25,221.19
ONGC,CASH VOL,14223609,19173994,2972395,61.72,66.39,,,,,,1072736,1141249
ONGC,F&O VOL,23979,26671,,,,,,,,,4929,5409
ONGC,F&O OI,56961,55372,,,,,,,,,57649,57679
ONGC,CALL VOL,9731,9272,,,,,,,,,2257,2568
ONGC,CALL OI,6204,5400,,,,,,,,,6721,6730
ONGC,PUT VOL,5872,6967,,,,,,,,,1264,1356
ONGC,PUT OI,6169,6142,,,,,,,,,6274,6286
ONGC,CALL SPRD,,,,,,,,,,,0.8,0.64
ONGC,PUT SPRD,,,,,,,,,,,0.85,1.06
ONGC,CALL OI FIX,8183,,,,,,,,,,8705,8722
ONGC,PUT OI FIX,7082,,,,,,,,,,7175,7188
ONGC,CALL DOI,,,,,,,,,,,5556014,5279388
ONGC,PUT DOI,,,,,,,,,,,-6486107,-6736405
ONGC,CALL GEX,,,,,,,,,,,1112282,1093480
ONGC,PUT GEX,,,,,,,,,,,941650,947864
ONGC,GEX STRIKE,,,,,,,,,,,220.0,220.0
ONGC,EXPIRY,,,,,,,,,,,2026-10-27,2026-10-27
ONGC,ATM IV,,,,,,,,,,,20.9,20.9
PAGEIND,PRICE,37570.0,37970.0,,,,37565.0,37635.0,37591.67,36867.5,36729.17,37295.0,37275.0
PAGEIND,VWAP,,,,,,,,,,,37216.33,37235.74
PAGEIND,CASH VOL,10168,31600,2335,31.26,33.06,,,,,,3953,4732
PAGEIND,F&O VOL,4787,14727,,,,,,,,,792,1078
PAGEIND,F&O OI,15745,15768,,,,,,,,,15786,15838
PAGEIND,CALL VOL,1690,6401,,,,,,,,,361,499
PAGEIND,CALL OI,1870,1808,,,,,,,,,1915,1934
PAGEIND,PUT VOL,1054,2935,,,,,,,,,159,248
PAGEIND,PUT OI,1100,1179,,,,,,,,,1091,1105
PAGEIND,CALL SPRD,,,,,,,,,,,4.29,3.67
PAGEIND,PUT SPRD,,,,,,,,,,,5.09,3.56
PAGEIND,CALL OI FIX,1870,,,,,,,,,,1915,1934
PAGEIND,PUT OI FIX,1100,,,,,,,,,,1091,1105
PAGEIND,CALL DOI,,,,,,,,,,,12820,12887
PAGEIND,PUT DOI,,,,,,,,,,,-8110,-8262
PAGEIND,CALL GEX,,,,,,,,,,,2136,2155
PAGEIND,PUT GEX,,,,,,,,,,,1221,1241
PAGEIND,GEX STRIKE,,,,,,,,,,,38000.0,38000.0
PAGEIND,EXPIRY,,,,,,,,,,,2026-10-27,2026-10-27
PAGEIND,ATM IV,,,,,,,,,,,25.47,25.47
PATANJALI,PRICE,360.95,363.0,,,,360.25,360.13,358.5,375.8,362.03,355.85,355.7
PATANJALI,VWAP,,,,,,,,,,,355.58,355.6
PATANJALI,CASH VOL,3163358,6485464,1864901,37.54,30.5,,,,,,405230,422481
PATANJALI,F&O VOL,12017,34794,,,,,,,,,1734,1897
PATANJALI,F&O OI,54546,53676,,,,,,,,,54836,54928
PATANJALI,CALL VOL,3526,11814,,,,,,,,,581,665
PATANJALI,CALL OI,4850,4397,,,,,,,,,4936,5003
PATANJALI,PUT VOL,2045,6319,,,,,,,,,356,364
PATANJALI,PUT OI,2978,2732,,,,,,,,,3033,3034
PATANJALI,CALL SPRD,,,,,,,,,,,1.9,1.89
PATANJALI,PUT SPRD,,,,,,,,,,,1.41,1.87
PATANJALI,CALL OI FIX,5061,,,,,,,,,,5152,5219
PATANJALI,PUT OI FIX,2837,,,,,,,,,,2889,2887
PATANJALI,CALL DOI,,,,,,,,,,,2182628,2207025
PATANJALI,PUT DOI,,,,,,,,,,,-1468686,-1474179
PATANJALI,CALL GEX,,,,,,,,,,,230170,233419
PATANJALI,PUT GEX,,,,,,,,,,,133990,134082
PATANJALI,GEX STRIKE,,,,,,,,,,,360.0,360.0
PATANJALI,EXPIRY,,,,,,,,,,,2026-10-27,2026-10-27
PATANJALI,ATM IV,,,,,,,,,,,37.22,37.22
PAYTM,PRICE,1732.0,1694.0,,,,1671.0,1730.35,1727.05,1666.2,1659.4,1647.9,1633.5
PAYTM,VWAP,,,,,,,,,,,1607.97,1610.14
PAYTM,CASH VOL,5016093,2061099,802987,33.89,42.82,,,,,,9333743,9923514
PAYTM,F&O VOL,82294,20709,,,,,,,,,157605,167812
PAYTM,F&O OI,41241,40732,,,,,,,,,55949,56310
PAYTM,CALL VOL,17446,6875,,,,,,,,,51985,55334
PAYTM,CALL OI,3589,5394,,,,,,,,,8434,8392
PAYTM,PUT VOL,16732,5043,,,,,,,,,35863,38715
PAYTM,PUT OI,5432,4838,,,,,,,,,8643,8678
PAYTM,CALL SPRD,,,,,,,,,,,0.61,0.82
PAYTM,PUT SPRD,,,,,,,,,,,1.02,1.08
PAYTM,CALL OI FIX,7228,,,,,,,,,,10441,10610
PAYTM,PUT OI FIX,4493,,,,,,,,,,4439,4345
PAYTM,CALL DOI,,,,,,,,,,,3036126,2801294
PAYTM,PUT DOI,,,,,,,,,,,-2552970,-2773395
PAYTM,CALL GEX,,,,,,,,,,,241259,238520
PAYTM,PUT GEX,,,,,,,,,,,255354,260121
PAYTM,GEX STRIKE,,,,,,,,,,,1600.0,1600.0
PAYTM,EXPIRY,,,,,,,,,,,2026-10-27,2026-10-27
PAYTM,ATM IV,,,,,,,,,,,40.49,40.49
PERSISTENT,PRICE,5507.0,5521.0,,,,5504.5,5500.75,5488.25,5337.83,5279.5,5597.5,5597.0
PERSISTENT,VWAP,,,,,,,,,,,5587.88,5588.09
PERSISTENT,CASH VOL,298344,266663,84622,46.87,43.02,,,,,,116924,118802
PERSISTENT,F&O VOL,14516,14064,,,,,,,,,12807,13107
PERSISTENT,F&O OI,36957,36805,,,,,,,,,37744,37764
PERSISTENT,CALL VOL,6843,6097,,,,,,,,,7895,8076
PERSISTENT,CALL OI,5919,5883,,,,,,,,,6265,6296
PERSISTENT,PUT VOL,4060,3497,,,,,,,,,2306,2407
PERSISTENT,PUT OI,3431,3607,,,,,,,,,3651,3666
PERSISTENT,CALL SPRD,,,,,,,,,,,0.64,0.72
PERSISTENT,PUT SPRD,,,,,,,,,,,0.43,0.23
PERSISTENT,CALL OI FIX,5668,,,,,,,,,,6129,6159
PERSISTENT,PUT OI FIX,4121,,,,,,,,,,4303,4320
PERSISTENT,CALL DOI,,,,,,,,,,,414820,415533
PERSISTENT,PUT DOI,,,,,,,,,,,-141281,-141781
PERSISTENT,CALL GEX,,,,,,,,,,,32062,31835
PERSISTENT,PUT GEX,,,,,,,,,,,15738,15869
PERSISTENT,GEX STRIKE,,,,,,,,,,,5300.0,5300.0
PERSISTENT,EXPIRY,,,,,,,,,,,2026-10-27,2026-10-27
PERSISTENT,ATM IV,,,,,,,,,,,39.27,39.53
PETRONET,PRICE,297.0,297.5,,,,295.95,296.97,296.93,287.4,286.13,291.6,291.0
PETRONET,VWAP,,,,,,,,,,,291.24,291.24
PETRONET,CASH VOL,3121238,5098731,871711,61.6,63.06,,,,,,961582,982118
PETRONET,F&O VOL,8632,11677,,,,,,,,,2150,2188
PETRONET,F&O OI,21900,21217,,,,,,,,,21751,21739
PETRONET,CALL VOL,3627,4532,,,,,,,,,789,767
PETRONET,CALL OI,2151,2372,,,,,,,,,2247,2091
PETRONET,PUT VOL,1927,2160,,,,,,,,,703,723
PETRONET,PUT OI,1528,1271,,,,,,,,,1453,1466
PETRONET,CALL SPRD,,,,,,,,,,,2.58,2.17
PETRONET,PUT SPRD,,,,,,,,,,,2.41,2.9
PETRONET,CALL OI FIX,2882,,,,,,,,,,2823,2823
PETRONET,PUT OI FIX,894,,,,,,,,,,894,894
PETRONET,CALL DOI,,,,,,,,,,,2050883,1924186
PETRONET,PUT DOI,,,,,,,,,,,-991161,-1030091
PETRONET,CALL GEX,,,,,,,,,,,323203,305525
PETRONET,PUT GEX,,,,,,,,,,,166037,169042
PETRONET,GEX STRIKE,,,,,,,,,,,290.0,290.0
PETRONET,EXPIRY,,,,,,,,,,,2026-10-27,2026-10-27
PETRONET,ATM IV,,,,,,,,,,,22.26,23.07
PFC,PRICE,325.55,322.6,,,,326.0,327.1,326.07,325.95,320.65,328.9,328.5
PFC,VWAP,,,,,,,,,,,326.5,326.73
PFC,CASH VOL,15838626,7472995,5905932,52.38,61.85,,,,,,960091,1058473
PFC,F&O VOL,51992,21117,,,,,,,,,5310,6064
PFC,F&O OI,115217,114794,,,,,,,,,115156,115099
PFC,CALL VOL,28024,11110,,,,,,,,,2847,3274
PFC,CALL OI,13400,13101,,,,,,,,,13289,13225
PFC,PUT VOL,10794,4581,,,,,,,,,772,945
PFC,PUT OI,9511,9543,,,,,,,,,9635,9650
PFC,CALL SPRD,,,,,,,,,,,1.32,1.31
PFC,PUT SPRD,,,,,,,,,,,1.85,1.88
PFC,CALL OI FIX,12140,,,,,,,,,,12031,11969
PFC,PUT OI FIX,10332,,,,,,,,,,10437,10451
PFC,CALL DOI,,,,,,,,,,,6598187,6461782
PFC,PUT DOI,,,,,,,,,,,-5562758,-5650686
PFC,CALL GEX,,,,,,,,,,,952202,943210
PFC,PUT GEX,,,,,,,,,,,642313,645407
PFC,GEX STRIKE,,,,,,,,,,,330.0,330.0
PFC,EXPIRY,,,,,,,,,,,2026-10-27,2026-10-27
PFC,ATM IV,,,,,,,,,,,26.27,26.27
PGEL,PRICE,522.0,527.65,,,,520.2,525.1,523.03,498.55,486.92,531.0,528.85
PGEL,VWAP,,,,,,,,,,,521.71,522.7
PGEL,CASH VOL,987708,5927905,173804,17.36,16.83,,,,,,572306,636517
PGEL,F&O VOL,9659,41905,,,,,,,,,4559,5266
PGEL,F&O OI,20860,21138,,,,,,,,,20790,20789
PGEL,CALL VOL,4100,24233,,,,,,,,,1888,2320
PGEL,CALL OI,3119,3443,,,,,,,,,3152,3130
PGEL,PUT VOL,3358,8810,,,,,,,,,1524,1731
PGEL,PUT OI,2635,2788,,,,,,,,,2470,2486
PGEL,CALL SPRD,,,,,,,,,,,1.48,1.42
PGEL,PUT SPRD,,,,,,,,,,,2.63,2.1
PGEL,CALL OI FIX,3001,,,,,,,,,,3046,3024
PGEL,PUT OI FIX,2889,,,,,,,,,,2721,2738
PGEL,CALL DOI,,,,,,,,,,,1598180,1534222
PGEL,PUT DOI,,,,,,,,,,,-598458,-635947
PGEL,CALL GEX,,,,,,,,,,,132752,132281
PGEL,PUT GEX,,,,,,,,,,,81512,84377
PGEL,GEX STRIKE,,,,,,,,,,,520.0,520.0
PGEL,EXPIRY,,,,,,,,,,,2026-10-27,2026-10-27
PGEL,ATM IV,,,,,,,,,,,35.72,35.72
PHOENIXLTD,PRICE,1845.5,1883.5,,,,1850.9,1865.65,1852.22,1942.45,1934.15,1817.5,1812.5
PHOENIXLTD,VWAP,,,,,,,,,,,1810.68,1811.05
PHOENIXLTD,CASH VOL,277954,617915,110757,56.2,45.14,,,,,,112168,125890
PHOENIXLTD,F&O VOL,5449,9736,,,,,,,,,1509,1620
PHOENIXLTD,F&O OI,14392,13835,,,,,,,,,14520,14523
PHOENIXLTD,CALL VOL,1057,1045,,,,,,,,,246,270
PHOENIXLTD,CALL OI,527,357,,,,,,,,,612,605
PHOENIXLTD,PUT VOL,1873,4511,,,,,,,,,714,751
PHOENIXLTD,PUT OI,1125,1118,,,,,,,,,1211,1220
PHOENIXLTD,CALL SPRD,,,,,,,,,,,11.55,11.09
PHOENIXLTD,PUT SPRD,,,,,,,,,,,2.07,1.85
PHOENIXLTD,CALL OI FIX,650,,,,,,,,,,706,700
PHOENIXLTD,PUT OI FIX,1221,,,,,,,,,,1305,1315
PHOENIXLTD,CALL DOI,,,,,,,,,,,76899,73351
PHOENIXLTD,PUT DOI,,,,,,,,,,,-222417,-229881
PHOENIXLTD,CALL GEX,,,,,,,,,,,10276,10003
PHOENIXLTD,PUT GEX,,,,,,,,,,,22411,22573
PHOENIXLTD,GEX STRIKE,,,,,,,,,,,1900.0,1900.0
PHOENIXLTD,EXPIRY,,,,,,,,,,,2026-10-27,2026-10-27
PHOENIXLTD,ATM IV,,,,,,,,,,,30.2,30.2
PIDILITIND,PRICE,1488.5,1520.5,,,,1485.0,1499.05,1492.02,1482.4,1470.13,1493.5,1487.7
PIDILITIND,VWAP,,,,,,,,,,,1490.9,1490.94
PIDILITIND,CASH VOL,537272,608466,190564,52.62,58.56,,,,,,81515,95143
PIDILITIND,F&O VOL,7340,6597,,,,,,,,,837,892
PIDILITIND,F&O OI,14609,13081,,,,,,,,,14704,14713
PIDILITIND,CALL VOL,2800,3613,,,,,,,,,410,415
PIDILITIND,CALL OI,1310,1002,,,,,,,,,1736,1398
PIDILITIND,PUT VOL,2893,1281,,,,,,,,,260,279
PIDILITIND,PUT OI,2247,1227,,,,,,,,,2267,2256
PIDILITIND,CALL SPRD,,,,,,,,,,,1.55,1.88
PIDILITIND,PUT SPRD,,,,,,,,,,,1.93,1.9
PIDILITIND,CALL OI FIX,1310,,,,,,,,,,1381,1398
PIDILITIND,PUT OI FIX,2247,,,,,,,,,,2254,2256
PIDILITIND,CALL DOI,,,,,,,,,,,322257,284706
PIDILITIND,PUT DOI,,,,,,,,,,,-384668,-392470
PIDILITIND,CALL GEX,,,,,,,,,,,60179,53993
PIDILITIND,PUT GEX,,,,,,,,,,,67132,67869
PIDILITIND,GEX STRIKE,,,,,,,,,,,1500.0,1500.0
PIDILITIND,EXPIRY,,,,,,,,,,,2026-10-27,2026-10-27
PIDILITIND,ATM IV,,,,,,,,,,,22.21,22.35
PIIND,PRICE,2210.0,2250.0,,,,2212.7,2228.4,2216.13,2309.2,2260.4,2174.6,2170.0
PIIND,VWAP,,,,,,,,,,,2181.78,2181.25
PIIND,CASH VOL,167302,617515,49354,45.47,64.88,,,,,,34509,35989
PIIND,F&O VOL,7603,11101,,,,,,,,,2412,2499
PIIND,F&O OI,32904,31858,,,,,,,,,33564,33581
PIIND,CALL VOL,1302,2050,,,,,,,,,446,441
PIIND,CALL OI,875,684,,,,,,,,,1023,983
PIIND,PUT VOL,1366,2002,,,,,,,,,515,521
PIIND,PUT OI,1593,1624,,,,,,,,,1703,1674
PIIND,CALL SPRD,,,,,,,,,,,4.7,33.61
PIIND,PUT SPRD,,,,,,,,,,,2.21,2.48
PIIND,CALL OI FIX,901,,,,,,,,,,1009,1016
PIIND,PUT OI FIX,1419,,,,,,,,,,1472,1478
PIIND,CALL DOI,,,,,,,,,,,80333,76873
PIIND,PUT DOI,,,,,,,,,,,-145449,-143988
PIIND,CALL GEX,,,,,,,,,,,11532,10657
PIIND,PUT GEX,,,,,,,,,,,15559,15908
PIIND,GEX STRIKE,,,,,,,,,,,2200.0,2200.0
PIIND,EXPIRY,,,,,,,,,,,2026-10-27,2026-10-27
PIIND,ATM IV,,,,,,,,,,,28.37,29.69
PNB,PRICE,114.59,111.92,,,,114.73,114.0,112.82,112.96,110.7,117.18,116.89
PNB,VWAP,,,,,,,,,,,115.8,115.97
PNB,CASH VOL,18275898,8421589,3924276,31.68,53.97,,,,,,6696457,7325652
PNB,F&O VOL,35577,9362,,,,,,,,,10030,11069
PNB,F&O OI,44328,43439,,,,,,,,,44537,44599
PNB,CALL VOL,14625,4327,,,,,,,,,4626,5130
PNB,CALL OI,4109,4592,,,,,,,,,3718,3679
PNB,PUT VOL,5456,1077,,,,,,,,,2030,2256
PNB,PUT OI,2685,2623,,,,,,,,,3212,3237
PNB,CALL SPRD,,,,,,,,,,,1.19,1.47
PNB,PUT SPRD,,,,,,,,,,,1.34,1.7
PNB,CALL OI FIX,4214,,,,,,,,,,3807,3766
PNB,PUT OI FIX,3500,,,,,,,,,,4163,4185
PNB,CALL DOI,,,,,,,,,,,16186676,15648656
PNB,PUT DOI,,,,,,,,,,,-9396862,-9798309
PNB,CALL GEX,,,,,,,,,,,1578238,1566560
PNB,PUT GEX,,,,,,,,,,,1359843,1385463
PNB,GEX STRIKE,,,,,,,,,,,120.0,120.0
PNB,EXPIRY,,,,,,,,,,,2026-10-27,2026-10-27
PNB,ATM IV,,,,,,,,,,,29.63,29.63
PNBHOUSING,PRICE,1131.0,1102.1,,,,1143.0,1128.13,1122.4,1098.95,1094.32,1163.9,1158.2
PNBHOUSING,VWAP,,,,,,,,,,,1155.49,1155.83
PNBHOUSING,CASH VOL,1125058,514325,436043,50.21,53.5,,,,,,646756,672404
PNBHOUSING,F&O VOL,14015,5023,,,,,,,,,11876,12609
PNBHOUSING,F&O OI,20893,20581,,,,,,,,,22093,22201
PNBHOUSING,CALL VOL,6998,2068,,,,,,,,,8021,8530
PNBHOUSING,CALL OI,2544,2041,,,,,,,,,3111,3245
PNBHOUSING,PUT VOL,2141,1001,,,,,,,,,1918,2017
PNBHOUSING,PUT OI,920,743,,,,,,,,,1175,1196
PNBHOUSING,CALL SPRD,,,,,,,,,,,1.42,1.27
PNBHOUSING,PUT SPRD,,,,,,,,,,,1.74,2.03
PNBHOUSING,CALL OI FIX,2478,,,,,,,,,,3002,3134
PNBHOUSING,PUT OI FIX,1040,,,,,,,,,,1291,1312
PNBHOUSING,CALL DOI,,,,,,,,,,,1171490,1155769
PNBHOUSING,PUT DOI,,,,,,,,,,,-195956,-214522
PNBHOUSING,CALL GEX,,,,,,,,,,,95786,96883
PNBHOUSING,PUT GEX,,,,,,,,,,,28259,30767
PNBHOUSING,GEX STRIKE,,,,,,,,,,,1140.0,1140.0
PNBHOUSING,EXPIRY,,,,,,,,,,,2026-10-27,2026-10-27
PNBHOUSING,ATM IV,,,,,,,,,,,32.92,33.0
POLICYBZR,PRICE,1040.0,1034.9,,,,1041.0,1035.53,1026.6,1088.7,1016.23,1030.3,1025.1
POLICYBZR,VWAP,,,,,,,,,,,1035.36,1035.03
POLICYBZR,CASH VOL,3508117,8051949,1214049,34.72,26.01,,,,,,740720,768951
POLICYBZR,F&O VOL,87720,209682,,,,,,,,,22777,23199
POLICYBZR,F&O OI,171024,171177,,,,,,,,,171673,171698
POLICYBZR,CALL VOL,31798,88028,,,,,,,,,8487,8164
POLICYBZR,CALL OI,20986,21424,,,,,,,,,23058,21497
POLICYBZR,PUT VOL,24057,41817,,,,,,,,,6879,7399
POLICYBZR,PUT OI,16313,16178,,,,,,,,,15742,16540
POLICYBZR,CALL SPRD,,,,,,,,,,,0.85,0.81
POLICYBZR,PUT SPRD,,,,,,,,,,,1.21,1.22
POLICYBZR,CALL OI FIX,22462,,,,,,,,,,23058,23077
POLICYBZR,PUT OI FIX,15491,,,,,,,,,,15742,15710
POLICYBZR,CALL DOI,,,,,,,,,,,3433447,3226391
POLICYBZR,PUT DOI,,,,,,,,,,,-2440365,-2428921
POLICYBZR,CALL GEX,,,,,,,,,,,265978,255530
POLICYBZR,PUT GEX,,,,,,,,,,,177416,178334
POLICYBZR,GEX STRIKE,,,,,,,,,,,1100.0,1100.0
POLICYBZR,EXPIRY,,,,,,,,,,,2026-10-27,2026-10-27
POLICYBZR,ATM IV,,,,,,,,,,,45.93,45.44
POLYCAB,PRICE,8310.0,8147.0,,,,8255.0,8268.92,8186.75,8141.5,8040.5,8326.5,8318.5
POLYCAB,VWAP,,,,,,,,,,,8323.85,8323.67
POLYCAB,CASH VOL,531310,301660,141638,55.95,67.92,,,,,,123939,127971
POLYCAB,F&O VOL,36069,13017,,,,,,,,,10125,10286
POLYCAB,F&O OI,34410,31993,,,,,,,,,34552,34566
POLYCAB,CALL VOL,15731,6161,,,,,,,,,3891,3935
POLYCAB,CALL OI,5830,5543,,,,,,,,,5850,5855
POLYCAB,PUT VOL,9292,3203,,,,,,,,,3802,3873
POLYCAB,PUT OI,7355,6225,,,,,,,,,7456,7460
POLYCAB,CALL SPRD,,,,,,,,,,,1.23,1.2
POLYCAB,PUT SPRD,,,,,,,,,,,2.01,1.27
POLYCAB,CALL OI FIX,5830,,,,,,,,,,5850,5855
POLYCAB,PUT OI FIX,7355,,,,,,,,,,7456,7460
POLYCAB,CALL DOI,,,,,,,,,,,365120,361542
POLYCAB,PUT DOI,,,,,,,,,,,-290646,-294864
POLYCAB,CALL GEX,,,,,,,,,,,40113,40149
POLYCAB,PUT GEX,,,,,,,,,,,41661,41930
POLYCAB,GEX STRIKE,,,,,,,,,,,8200.0,8200.0
POLYCAB,EXPIRY,,,,,,,,,,,2026-10-27,2026-10-27
POLYCAB,ATM IV,,,,,,,,,,,30.37,30.37
POWERGRID,PRICE,253.05,257.2,,,,253.95,254.75,253.62,261.12,256.74,248.35,247.3
POWERGRID,VWAP,,,,,,,,,,,250.18,250.03
POWERGRID,CASH VOL,4339989,4808578,1714759,56.28,62.57,,,,,,5183156,5519165
POWERGRID,F&O VOL,15016,13323,,,,,,,,,9363,10182
POWERGRID,F&O OI,56996,54962,,,,,,,,,58708,58755
POWERGRID,CALL VOL,4222,3074,,,,,,,,,3127,3560
POWERGRID,CALL OI,4047,3097,,,,,,,,,4901,5003
POWERGRID,PUT VOL,3629,2602,,,,,,,,,2524,2815
POWERGRID,PUT OI,3275,3046,,,,,,,,,3407,3372
POWERGRID,CALL SPRD,,,,,,,,,,,1.71,1.79
POWERGRID,PUT SPRD,,,,,,,,,,,2.38,2.27
POWERGRID,CALL OI FIX,5903,,,,,,,,,,6753,6866
POWERGRID,PUT OI FIX,3921,,,,,,,,,,3938,3898
POWERGRID,CALL DOI,,,,,,,,,,,3001269,2801669
POWERGRID,PUT DOI,,,,,,,,,,,-3281855,-3419625
POWERGRID,CALL GEX,,,,,,,,,,,632008,620532
POWERGRID,PUT GEX,,,,,,,,,,,408205,401373
POWERGRID,GEX STRIKE,,,,,,,,,,,260.0,260.0
POWERGRID,EXPIRY,,,,,,,,,,,2026-10-27,2026-10-27
POWERGRID,ATM IV,,,,,,,,,,,22.02,22.02
POWERINDIA,PRICE,31610.0,31640.0,,,,31610.0,31594.17,31562.5,31106.67,30740.0,31520.0,31460.0
POWERINDIA,VWAP,,,,,,,,,,,31429.69,31432.68
POWERINDIA,CASH VOL,47440,73665,6553,28.98,54.24,,,,,,10959,11283
POWERINDIA,F&O VOL,12735,13179,,,,,,,,,2165,2214
POWERINDIA,F&O OI,31925,31410,,,,,,,,,32200,32201
POWERINDIA,CALL VOL,4176,5821,,,,,,,,,795,820
POWERINDIA,CALL OI,5399,4988,,,,,,,,,5497,5490
POWERINDIA,PUT VOL,3940,3948,,,,,,,,,900,916
POWERINDIA,PUT OI,6063,6038,,,,,,,,,6164,6162
POWERINDIA,CALL SPRD,,,,,,,,,,,2.04,2.19
POWERINDIA,PUT SPRD,,,,,,,,,,,1.71,1.85
POWERINDIA,CALL OI FIX,5399,,,,,,,,,,5497,5490
POWERINDIA,PUT OI FIX,6063,,,,,,,,,,6164,6162
POWERINDIA,CALL DOI,,,,,,,,,,,65897,64564
POWERINDIA,PUT DOI,,,,,,,,,,,-54683,-55895
POWERINDIA,CALL GEX,,,,,,,,,,,6500,6483
POWERINDIA,PUT GEX,,,,,,,,,,,6364,6410
POWERINDIA,GEX STRIKE,,,,,,,,,,,31000.0,31000.0
POWERINDIA,EXPIRY,,,,,,,,,,,2026-10-27,2026-10-27
POWERINDIA,ATM IV,,,,,,,,,,,34.36,34.36
PREMIERENE,PRICE,910.0,907.0,,,,912.8,908.67,906.03,885.6,880.57,913.35,912.0
PREMIERENE,VWAP,,,,,,,,,,,915.85,915.77
PREMIERENE,CASH VOL,918753,867775,432150,49.6,39.96,,,,,,268930,276695
PREMIERENE,F&O VOL,9513,13474,,,,,,,,,2716,2823
PREMIERENE,F&O OI,33730,33432,,,,,,,,,33740,33749
PREMIERENE,CALL VOL,4128,7058,,,,,,,,,1593,1636
PREMIERENE,CALL OI,8025,7840,,,,,,,,,8014,8030
PREMIERENE,PUT VOL,2052,2699,,,,,,,,,321,335
PREMIERENE,PUT OI,4246,4229,,,,,,,,,4223,4209
PREMIERENE,CALL SPRD,,,,,,,,,,,1.5,1.72
PREMIERENE,PUT SPRD,,,,,,,,,,,1.36,1.64
PREMIERENE,CALL OI FIX,7981,,,,,,,,,,7966,7982
PREMIERENE,PUT OI FIX,4703,,,,,,,,,,4678,4665
PREMIERENE,CALL DOI,,,,,,,,,,,2462567,2428227
PREMIERENE,PUT DOI,,,,,,,,,,,-879829,-893471
PREMIERENE,CALL GEX,,,,,,,,,,,243552,243989
PREMIERENE,PUT GEX,,,,,,,,,,,99327,99790
PREMIERENE,GEX STRIKE,,,,,,,,,,,900.0,900.0
PREMIERENE,EXPIRY,,,,,,,,,,,2026-10-27,2026-10-27
PREMIERENE,ATM IV,,,,,,,,,,,36.64,36.64
PRESTIGE,PRICE,1429.3,1467.7,,,,1429.3,1446.5,1435.03,1477.13,1459.2,1413.3,1410.6
PRESTIGE,VWAP,,,,,,,,,,,1411.39,1411.41
PRESTIGE,CASH VOL,589957,610916,67044,72.66,70.18,,,,,,78147,80962
PRESTIGE,F&O VOL,4186,5141,,,,,,,,,2492,2596
PRESTIGE,F&O OI,19075,18855,,,,,,,,,19313,19334
PRESTIGE,CALL VOL,1141,1275,,,,,,,,,510,539
PRESTIGE,CALL OI,1681,1759,,,,,,,,,1731,1729
PRESTIGE,PUT VOL,1083,1067,,,,,,,,,817,849
PRESTIGE,PUT OI,2394,2372,,,,,,,,,2429,2447
PRESTIGE,CALL SPRD,,,,,,,,,,,1.88,2.94
PRESTIGE,PUT SPRD,,,,,,,,,,,1.78,2.24
PRESTIGE,CALL OI FIX,1681,,,,,,,,,,1731,1729
PRESTIGE,PUT OI FIX,2394,,,,,,,,,,2429,2447
PRESTIGE,CALL DOI,,,,,,,,,,,236362,229738
PRESTIGE,PUT DOI,,,,,,,,,,,-575338,-587985
PRESTIGE,CALL GEX,,,,,,,,,,,34286,33821
PRESTIGE,PUT GEX,,,,,,,,,,,51119,51375
PRESTIGE,GEX STRIKE,,,,,,,,,,,1500.0,1500.0
PRESTIGE,EXPIRY,,,,,,,,,,,2026-10-27,2026-10-27
PRESTIGE,ATM IV,,,,,,,,,,,34.25,34.25
RADICO,PRICE,4495.0,4460.1,,,,4517.4,4489.42,4478.25,4392.75,4288.92,4518.0,4501.0
RADICO,VWAP,,,,,,,,,,,4513.61,4513.39
RADICO,CASH VOL,460029,632144,102525,59.66,55.66,,,,,,47579,51540
RADICO,F&O VOL,8629,14779,,,,,,,,,1411,1457
RADICO,F&O OI,13853,13884,,,,,,,,,14014,14018
RADICO,CALL VOL,2955,7188,,,,,,,,,593,610
RADICO,CALL OI,2217,2220,,,,,,,,,2274,2272
RADICO,PUT VOL,1172,1297,,,,,,,,,194,196
RADICO,PUT OI,929,824,,,,,,,,,964,963
RADICO,CALL SPRD,,,,,,,,,,,1.6,1.39
RADICO,PUT SPRD,,,,,,,,,,,1.53,2.46
RADICO,CALL OI FIX,2217,,,,,,,,,,2274,2272
RADICO,PUT OI FIX,929,,,,,,,,,,964,963
RADICO,CALL DOI,,,,,,,,,,,201380,194016
RADICO,PUT DOI,,,,,,,,,,,-52666,-55261
RADICO,CALL GEX,,,,,,,,,,,19052,19381
RADICO,PUT GEX,,,,,,,,,,,6964,7067
RADICO,GEX STRIKE,,,,,,,,,,,4500.0,4500.0
RADICO,EXPIRY,,,,,,,,,,,2026-10-27,2026-10-27
RADICO,ATM IV,,,,,,,,,,,29.92,29.92
RBLBANK,PRICE,412.0,414.5,,,,413.9,413.55,412.52,410.81,409.62,408.3,407.05
RBLBANK,VWAP,,,,,,,,,,,409.13,408.88
RBLBANK,CASH VOL,1657559,2559971,301650,33.22,50.89,,,,,,316195,371640
RBLBANK,F&O VOL,7730,9138,,,,,,,,,3447,3640
RBLBANK,F&O OI,24775,24636,,,,,,,,,25113,25000
RBLBANK,CALL VOL,2776,3620,,,,,,,,,1951,1797
RBLBANK,CALL OI,4483,4386,,,,,,,,,4948,4662
RBLBANK,PUT VOL,1823,2136,,,,,,,,,509,606
RBLBANK,PUT OI,3804,3706,,,,,,,,,3554,3761
RBLBANK,CALL SPRD,,,,,,,,,,,2.54,2.5
RBLBANK,PUT SPRD,,,,,,,,,,,1.9,1.78
RBLBANK,CALL OI FIX,4644,,,,,,,,,,4948,4892
RBLBANK,PUT OI FIX,3581,,,,,,,,,,3554,3534
RBLBANK,CALL DOI,,,,,,,,,,,6734686,6267513
RBLBANK,PUT DOI,,,,,,,,,,,-4781100,-4951840
RBLBANK,CALL GEX,,,,,,,,,,,787220,742781
RBLBANK,PUT GEX,,,,,,,,,,,508606,529882
RBLBANK,GEX STRIKE,,,,,,,,,,,400.0,400.0
RBLBANK,EXPIRY,,,,,,,,,,,2026-10-27,2026-10-27
RBLBANK,ATM IV,,,,,,,,,,,33.33,33.53
RECLTD,PRICE,298.9,300.0,,,,300.1,302.15,299.98,298.9,291.47,298.6,297.95
RECLTD,VWAP,,,,,,,,,,,298.04,298.09
RECLTD,CASH VOL,6950416,5488691,1246565,51.69,58.11,,,,,,657323,710895
RECLTD,F&O VOL,28260,14909,,,,,,,,,3576,4132
RECLTD,F&O OI,51847,52825,,,,,,,,,52044,51980
RECLTD,CALL VOL,13477,6267,,,,,,,,,1640,1764
RECLTD,CALL OI,7293,7323,,,,,,,,,7327,7342
RECLTD,PUT VOL,7796,3383,,,,,,,,,865,979
RECLTD,PUT OI,6363,6614,,,,,,,,,6392,6393
RECLTD,CALL SPRD,,,,,,,,,,,1.44,1.45
RECLTD,PUT SPRD,,,,,,,,,,,1.9,1.27
RECLTD,CALL OI FIX,7293,,,,,,,,,,7327,7342
RECLTD,PUT OI FIX,6363,,,,,,,,,,6392,6393
RECLTD,CALL DOI,,,,,,,,,,,4422358,4288259
RECLTD,PUT DOI,,,,,,,,,,,-4668333,-4778725
RECLTD,CALL GEX,,,,,,,,,,,639248,634417
RECLTD,PUT GEX,,,,,,,,,,,485352,487099
RECLTD,GEX STRIKE,,,,,,,,,,,300.0,300.0
RECLTD,EXPIRY,,,,,,,,,,,2026-10-27,2026-10-27
RECLTD,ATM IV,,,,,,,,,,,27.34,27.34
RELIANCE,PRICE,1207.7,1218.0,,,,1207.7,1212.15,1209.18,1190.25,1175.22,1193.6,1189.3
RELIANCE,VWAP,,,,,,,,,,,1200.95,1200.22
RELIANCE,CASH VOL,11880731,18003127,2407644,53.29,54.72,,,,,,3251648,3491467
RELIANCE,F&O VOL,273636,323807,,,,,,,,,59353,65177
RELIANCE,F&O OI,602555,564060,,,,,,,,,605392,605970
RELIANCE,CALL VOL,61182,87418,,,,,,,,,14423,15538
RELIANCE,CALL OI,49951,44388,,,,,,,,,50924,51198
RELIANCE,PUT VOL,86468,72855,,,,,,,,,17466,19434
RELIANCE,PUT OI,65441,48213,,,,,,,,,66426,66402
RELIANCE,CALL SPRD,,,,,,,,,,,0.53,0.38
RELIANCE,PUT SPRD,,,,,,,,,,,0.73,0.45
RELIANCE,CALL OI FIX,78964,,,,,,,,,,78069,78554
RELIANCE,PUT OI FIX,63804,,,,,,,,,,65121,65136
RELIANCE,CALL DOI,,,,,,,,,,,11599223,10978834
RELIANCE,PUT DOI,,,,,,,,,,,-13410999,-14162931
RELIANCE,CALL GEX,,,,,,,,,,,1904572,1883529
RELIANCE,PUT GEX,,,,,,,,,,,2098795,2145073
RELIANCE,GEX STRIKE,,,,,,,,,,,1200.0,1200.0
RELIANCE,EXPIRY,,,,,,,,,,,2026-10-27,2026-10-27
RELIANCE,ATM IV,,,,,,,,,,,22.25,22.27
RVNL,PRICE,195.87,198.78,,,,195.0,196.45,196.06,201.85,198.62,193.06,192.44
RVNL,VWAP,,,,,,,,,,,193.1,193.09
RVNL,CASH VOL,2797757,3145856,628016,30.98,29.08,,,,,,1191545,1231739
RVNL,F&O VOL,5829,8261,,,,,,,,,3055,3133
RVNL,F&O OI,35737,34757,,,,,,,,,36271,36276
RVNL,CALL VOL,1706,2097,,,,,,,,,1071,1103
RVNL,CALL OI,2243,1783,,,,,,,,,2663,2665
RVNL,PUT VOL,776,1880,,,,,,,,,380,387
RVNL,PUT OI,3171,3198,,,,,,,,,3223,3225
RVNL,CALL SPRD,,,,,,,,,,,31.07,28.57
RVNL,PUT SPRD,,,,,,,,,,,1.86,2.85
RVNL,CALL OI FIX,2535,,,,,,,,,,2954,2959
RVNL,PUT OI FIX,3404,,,,,,,,,,3453,3455
RVNL,CALL DOI,,,,,,,,,,,1935427,1856066
RVNL,PUT DOI,,,,,,,,,,,-3021383,-3094088
RVNL,CALL GEX,,,,,,,,,,,232381,231638
RVNL,PUT GEX,,,,,,,,,,,236849,235038
RVNL,GEX STRIKE,,,,,,,,,,,200.0,200.0
RVNL,EXPIRY,,,,,,,,,,,2026-10-27,2026-10-27
RVNL,ATM IV,,,,,,,,,,,40.82,41.23
SAIL,PRICE,174.31,178.1,,,,175.65,175.49,174.7,179.44,176.15,171.9,171.15
SAIL,VWAP,,,,,,,,,,,173.04,172.82
SAIL,CASH VOL,8859876,19432905,2748020,47.07,37.85,,,,,,1653117,1908745
SAIL,F&O VOL,224,119,,,,,,,,,27,27
SAIL,F&O OI,37302,37502,,,,,,,,,37302,37302
SAIL,CALL VOL,,,,,,,,,,,0,0
SAIL,CALL OI,17,17,,,,,,,,,17,17
SAIL,PUT VOL,,,,,,,,,,,0,0
SAIL,PUT OI,13,13,,,,,,,,,13,13
SAIL,CALL SPRD,,,,,,,,,,,,172.83
SAIL,PUT SPRD,,,,,,,,,,,198.44,198.37
SAIL,CALL OI FIX,17,,,,,,,,,,17,17
SAIL,PUT OI FIX,12,,,,,,,,,,12,12
SAIL,CALL DOI,,,,,,,,,,,24466,22853
SAIL,PUT DOI,,,,,,,,,,,-35482,-36531
SAIL,CALL GEX,,,,,,,,,,,3741,3626
SAIL,PUT GEX,,,,,,,,,,,2409,2382
SAIL,GEX STRIKE,,,,,,,,,,,180.0,180.0
SAIL,EXPIRY,,,,,,,,,,,2026-10-27,2026-10-27
SAIL,ATM IV,,,,,,,,,,,,40.0
SBICARD,PRICE,557.4,569.4,,,,555.0,562.8,559.2,585.08,570.49,555.4,553.6
SBICARD,VWAP,,,,,,,,,,,552.16,552.33
SBICARD,CASH VOL,1197820,622300,205493,43.57,50.63,,,,,,193001,205720
SBICARD,F&O VOL,16591,5601,,,,,,,,,2508,2678
SBICARD,F&O OI,40975,37820,,,,,,,,,40956,40991
SBICARD,CALL VOL,5796,2147,,,,,,,,,1032,1054
SBICARD,CALL OI,4220,3334,,,,,,,,,4650,4202
SBICARD,PUT VOL,3802,1028,,,,,,,,,550,652
SBICARD,PUT OI,5039,4656,,,,,,,,,4930,5054
SBICARD,CALL SPRD,,,,,,,,,,,0.97,1.99
SBICARD,PUT SPRD,,,,,,,,,,,0.84,1.49
SBICARD,CALL OI FIX,4677,,,,,,,,,,4650,4669
SBICARD,PUT OI FIX,4915,,,,,,,,,,4930,4928
SBICARD,CALL DOI,,,,,,,,,,,1056397,964201
SBICARD,PUT DOI,,,,,,,,,,,-2177257,-2090533
SBICARD,CALL GEX,,,,,,,,,,,154044,141148
SBICARD,PUT GEX,,,,,,,,,,,163637,163295
SBICARD,GEX STRIKE,,,,,,,,,,,600.0,600.0
SBICARD,EXPIRY,,,,,,,,,,,2026-10-27,2026-10-27
SBICARD,ATM IV,,,,,,,,,,,33.05,32.73
SBILIFE,PRICE,1726.1,1750.0,,,,1724.0,1726.15,1726.12,1719.0,1713.8,1684.4,1678.3
SBILIFE,VWAP,,,,,,,,,,,1686.52,1686.19
SBILIFE,CASH VOL,1030112,941906,237814,55.89,65.93,,,,,,194044,202965
SBILIFE,F&O VOL,12288,14119,,,,,,,,,6346,6610
SBILIFE,F&O OI,25676,24460,,,,,,,,,26346,26356
SBILIFE,CALL VOL,3673,5035,,,,,,,,,1850,1949
SBILIFE,CALL OI,1935,1729,,,,,,,,,2251,2262
SBILIFE,PUT VOL,3888,3512,,,,,,,,,2803,2902
SBILIFE,PUT OI,1979,1850,,,,,,,,,1976,1966
SBILIFE,CALL SPRD,,,,,,,,,,,1.32,1.04
SBILIFE,PUT SPRD,,,,,,,,,,,0.54,1.38
SBILIFE,CALL OI FIX,2728,,,,,,,,,,3037,3061
SBILIFE,PUT OI FIX,1949,,,,,,,,,,1903,1893
SBILIFE,CALL DOI,,,,,,,,,,,266064,248821
SBILIFE,PUT DOI,,,,,,,,,,,-375381,-386984
SBILIFE,CALL GEX,,,,,,,,,,,48085,47112
SBILIFE,PUT GEX,,,,,,,,,,,39702,39067
SBILIFE,GEX STRIKE,,,,,,,,,,,1760.0,1760.0
SBILIFE,EXPIRY,,,,,,,,,,,2026-10-27,2026-10-27
SBILIFE,ATM IV,,,,,,,,,,,27.27,27.25
SBIN,PRICE,954.0,958.75,,,,953.9,955.8,954.6,964.15,957.45,949.25,948.8
SBIN,VWAP,,,,,,,,,,,948.78,948.83
SBIN,CASH VOL,12523009,8204620,3563175,51.91,49.61,,,,,,1247894,1329405
SBIN,F&O VOL,199552,84121,,,,,,,,,24008,25426
SBIN,F&O OI,253351,248118,,,,,,,,,256207,256304
SBIN,CALL VOL,88524,38080,,,,,,,,,12955,13546
SBIN,CALL OI,33807,30103,,,,,,,,,35594,35637
SBIN,PUT VOL,61981,24442,,,,,,,,,6430,6775
SBIN,PUT OI,29149,28349,,,,,,,,,29532,29520
SBIN,CALL SPRD,,,,,,,,,,,0.79,0.53
SBIN,PUT SPRD,,,,,,,,,,,0.9,0.9
SBIN,CALL OI FIX,33807,,,,,,,,,,35594,35637
SBIN,PUT OI FIX,29149,,,,,,,,,,29532,29520
SBIN,CALL DOI,,,,,,,,,,,9033534,8954161
SBIN,PUT DOI,,,,,,,,,,,-11433861,-11468788
SBIN,CALL GEX,,,,,,,,,,,1935886,1936329
SBIN,PUT GEX,,,,,,,,,,,1439328,1438741
SBIN,GEX STRIKE,,,,,,,,,,,1000.0,960.0
SBIN,EXPIRY,,,,,,,,,,,2026-10-27,2026-10-27
SBIN,ATM IV,,,,,,,,,,,20.78,20.7
SHREECEM,PRICE,21780.0,22210.0,,,,21700.0,21925.0,21828.33,21892.5,21877.5,21740.0,21765.0
SHREECEM,VWAP,,,,,,,,,,,21712.53,21717.95
SHREECEM,CASH VOL,43001,22436,14020,62.19,61.47,,,,,,3709,4149
SHREECEM,F&O VOL,4916,3842,,,,,,,,,617,684
SHREECEM,F&O OI,20223,19761,,,,,,,,,20192,20195
SHREECEM,CALL VOL,1508,909,,,,,,,,,218,232
SHREECEM,CALL OI,2121,1841,,,,,,,,,2157,2157
SHREECEM,PUT VOL,662,695,,,,,,,,,51,59
SHREECEM,PUT OI,1376,1239,,,,,,,,,1375,1375
SHREECEM,CALL SPRD,,,,,,,,,,,5.66,7.06
SHREECEM,PUT SPRD,,,,,,,,,,,12.35,13.31
SHREECEM,CALL OI FIX,2121,,,,,,,,,,2157,2157
SHREECEM,PUT OI FIX,1376,,,,,,,,,,1375,1375
SHREECEM,CALL DOI,,,,,,,,,,,19601,19843
SHREECEM,PUT DOI,,,,,,,,,,,-16293,-16064
SHREECEM,CALL GEX,,,,,,,,,,,3045,3110
SHREECEM,PUT GEX,,,,,,,,,,,1840,1815
SHREECEM,GEX STRIKE,,,,,,,,,,,22000.0,22000.0
SHREECEM,EXPIRY,,,,,,,,,,,2026-10-27,2026-10-27
SHREECEM,ATM IV,,,,,,,,,,,25.71,25.66
SHRIRAMFIN,PRICE,948.0,965.05,,,,950.0,947.0,945.0,963.65,951.22,939.25,935.8
SHRIRAMFIN,VWAP,,,,,,,,,,,937.64,937.58
SHRIRAMFIN,CASH VOL,6096545,4433773,2475903,56.72,72.73,,,,,,641221,696216
SHRIRAMFIN,F&O VOL,33659,11222,,,,,,,,,6492,7401
SHRIRAMFIN,F&O OI,50799,47480,,,,,,,,,51348,51105
SHRIRAMFIN,CALL VOL,15826,4586,,,,,,,,,3246,4049
SHRIRAMFIN,CALL OI,9577,7938,,,,,,,,,9916,9703
SHRIRAMFIN,PUT VOL,9182,2928,,,,,,,,,1751,1828
SHRIRAMFIN,PUT OI,7062,6617,,,,,,,,,7195,7188
SHRIRAMFIN,CALL SPRD,,,,,,,,,,,2.07,1.68
SHRIRAMFIN,PUT SPRD,,,,,,,,,,,1.89,2.3
SHRIRAMFIN,CALL OI FIX,9577,,,,,,,,,,9916,9703
SHRIRAMFIN,PUT OI FIX,7062,,,,,,,,,,7195,7188
SHRIRAMFIN,CALL DOI,,,,,,,,,,,2359293,2207549
SHRIRAMFIN,PUT DOI,,,,,,,,,,,-3100372,-3206504
SHRIRAMFIN,CALL GEX,,,,,,,,,,,350366,331301
SHRIRAMFIN,PUT GEX,,,,,,,,,,,272025,273821
SHRIRAMFIN,GEX STRIKE,,,,,,,,,,,980.0,980.0
SHRIRAMFIN,EXPIRY,,,,,,,,,,,2026-10-27,2026-10-27
SHRIRAMFIN,ATM IV,,,,,,,,,,,31.43,31.32
SIEMENS,PRICE,3793.0,3854.0,,,,3796.1,3810.0,3798.67,3798.03,3786.1,3742.7,3736.8
SIEMENS,VWAP,,,,,,,,,,,3742.25,3742.08
SIEMENS,CASH VOL,247482,219732,65848,33.01,35.71,,,,,,35240,36924
SIEMENS,F&O VOL,11535,12162,,,,,,,,,3581,3709
SIEMENS,F&O OI,27343,26130,,,,,,,,,27648,27656
SIEMENS,CALL VOL,4833,5894,,,,,,,,,1993,2057
SIEMENS,CALL OI,2810,2277,,,,,,,,,3070,3084
SIEMENS,PUT VOL,2929,2918,,,,,,,,,810,837
SIEMENS,PUT OI,3680,3695,,,,,,,,,3653,3651
SIEMENS,CALL SPRD,,,,,,,,,,,1.84,2.4
SIEMENS,PUT SPRD,,,,,,,,,,,2.07,2.1
SIEMENS,CALL OI FIX,2798,,,,,,,,,,3058,3072
SIEMENS,PUT OI FIX,3410,,,,,,,,,,3414,3415
SIEMENS,CALL DOI,,,,,,,,,,,189278,185501
SIEMENS,PUT DOI,,,,,,,,,,,-276121,-281080
SIEMENS,CALL GEX,,,,,,,,,,,30831,30860
SIEMENS,PUT GEX,,,,,,,,,,,31230,31146
SIEMENS,GEX STRIKE,,,,,,,,,,,3800.0,3800.0
SIEMENS,EXPIRY,,,,,,,,,,,2026-10-27,2026-10-27
SIEMENS,ATM IV,,,,,,,,,,,29.61,29.6
SOLARINDS,PRICE,20050.0,20071.0,,,,20010.0,20020.0,19960.0,19345.0,19235.0,19928.0,19921.0
SOLARINDS,VWAP,,,,,,,,,,,19968.07,19967.13
SOLARINDS,CASH VOL,158117,177180,39206,42.35,36.25,,,,,,20004,20713
SOLARINDS,F&O VOL,18625,32816,,,,,,,,,3473,3693
SOLARINDS,F&O OI,36175,35516,,,,,,,,,36440,36451
SOLARINDS,CALL VOL,6135,14143,,,,,,,,,1027,1092
SOLARINDS,CALL OI,5441,5062,,,,,,,,,5501,5515
SOLARINDS,PUT VOL,3385,3917,,,,,,,,,548,564
SOLARINDS,PUT OI,3913,3950,,,,,,,,,3974,3976
SOLARINDS,CALL SPRD,,,,,,,,,,,1.38,1.69
SOLARINDS,PUT SPRD,,,,,,,,,,,1.78,1.93
SOLARINDS,CALL OI FIX,5441,,,,,,,,,,5501,5515
SOLARINDS,PUT OI FIX,3913,,,,,,,,,,3974,3976
SOLARINDS,CALL DOI,,,,,,,,,,,139454,139609
SOLARINDS,PUT DOI,,,,,,,,,,,-77249,-77703
SOLARINDS,CALL GEX,,,,,,,,,,,13399,13593
SOLARINDS,PUT GEX,,,,,,,,,,,8961,8946
SOLARINDS,GEX STRIKE,,,,,,,,,,,20000.0,20000.0
SOLARINDS,EXPIRY,,,,,,,,,,,2026-10-27,2026-10-27
SOLARINDS,ATM IV,,,,,,,,,,,33.09,33.07
SONACOMS,PRICE,810.5,820.0,,,,811.0,817.58,812.86,810.33,806.78,808.7,807.45
SONACOMS,VWAP,,,,,,,,,,,807.64,807.66
SONACOMS,CASH VOL,1762964,1679743,334161,50.75,45.25,,,,,,361782,374498
SONACOMS,F&O VOL,7732,9627,,,,,,,,,2217,2297
SONACOMS,F&O OI,20677,20032,,,,,,,,,20888,20895
SONACOMS,CALL VOL,3692,4577,,,,,,,,,797,828
SONACOMS,CALL OI,3260,3149,,,,,,,,,3286,3280
SONACOMS,PUT VOL,1362,1366,,,,,,,,,564,584
SONACOMS,PUT OI,2450,2347,,,,,,,,,2432,2434
SONACOMS,CALL SPRD,,,,,,,,,,,1.5,1.09
SONACOMS,PUT SPRD,,,,,,,,,,,1.12,1.29
SONACOMS,CALL OI FIX,3260,,,,,,,,,,3286,3280
SONACOMS,PUT OI FIX,2450,,,,,,,,,,2432,2434
SONACOMS,CALL DOI,,,,,,,,,,,1674407,1638358
SONACOMS,PUT DOI,,,,,,,,,,,-1316072,-1336076
SONACOMS,CALL GEX,,,,,,,,,,,216266,214936
SONACOMS,PUT GEX,,,,,,,,,,,121636,122025
SONACOMS,GEX STRIKE,,,,,,,,,,,800.0,800.0
SONACOMS,EXPIRY,,,,,,,,,,,2026-10-27,2026-10-27
SONACOMS,ATM IV,,,,,,,,,,,34.23,34.23
SRF,PRICE,2460.0,2470.0,,,,2454.5,2458.32,2454.95,2481.67,2472.6,2476.9,2474.0
SRF,VWAP,,,,,,,,,,,2456.85,2465.79
SRF,CASH VOL,200571,150635,29018,65.49,35.34,,,,,,24694,40135
SRF,F&O VOL,3802,3490,,,,,,,,,1170,1633
SRF,F&O OI,27354,26940,,,,,,,,,27328,27341
SRF,CALL VOL,1502,1191,,,,,,,,,448,652
SRF,CALL OI,1898,1756,,,,,,,,,1857,1854
SRF,PUT VOL,227,326,,,,,,,,,65,131
SRF,PUT OI,1793,1787,,,,,,,,,1805,1834
SRF,CALL SPRD,,,,,,,,,,,4.38,5.15
SRF,PUT SPRD,,,,,,,,,,,15.38,16.2
SRF,CALL OI FIX,1890,,,,,,,,,,1849,1846
SRF,PUT OI FIX,1793,,,,,,,,,,1805,1834
SRF,CALL DOI,,,,,,,,,,,186242,183287
SRF,PUT DOI,,,,,,,,,,,-162854,-166957
SRF,CALL GEX,,,,,,,,,,,23938,22667
SRF,PUT GEX,,,,,,,,,,,20391,21078
SRF,GEX STRIKE,,,,,,,,,,,2500.0,2500.0
SRF,EXPIRY,,,,,,,,,,,2026-10-27,2026-10-27
SRF,ATM IV,,,,,,,,,,,26.08,26.79
SUNPHARMA,PRICE,1781.0,1804.1,,,,1788.1,1788.15,1783.38,1828.8,1810.27,1781.7,1779.0
SUNPHARMA,VWAP,,,,,,,,,,,1785.49,1785.29
SUNPHARMA,CASH VOL,1150689,1478310,458310,73.28,59.93,,,,,,275273,283568
SUNPHARMA,F&O VOL,21016,21722,,,,,,,,,8008,8195
SUNPHARMA,F&O OI,72966,71136,,,,,,,,,73552,73570
SUNPHARMA,CALL VOL,9789,10034,,,,,,,,,4769,4879
SUNPHARMA,CALL OI,6684,5752,,,,,,,,,6811,6806
SUNPHARMA,PUT VOL,6093,6106,,,,,,,,,1938,1985
SUNPHARMA,PUT OI,8353,8093,,,,,,,,,8623,8634
SUNPHARMA,CALL SPRD,,,,,,,,,,,1.24,0.97
SUNPHARMA,PUT SPRD,,,,,,,,,,,1.69,1.08
SUNPHARMA,CALL OI FIX,6684,,,,,,,,,,6811,6806
SUNPHARMA,PUT OI FIX,8353,,,,,,,,,,8623,8634
SUNPHARMA,CALL DOI,,,,,,,,,,,803863,773077
SUNPHARMA,PUT DOI,,,,,,,,,,,-1320659,-1354153
SUNPHARMA,CALL GEX,,,,,,,,,,,199903,196868
SUNPHARMA,PUT GEX,,,,,,,,,,,213025,214225
SUNPHARMA,GEX STRIKE,,,,,,,,,,,1800.0,1800.0
SUNPHARMA,EXPIRY,,,,,,,,,,,2026-10-27,2026-10-27
SUNPHARMA,ATM IV,,,,,,,,,,,18.09,18.09
SUPREMEIND,PRICE,3550.0,3497.9,,,,3567.7,3553.65,3551.22,3423.8,3394.6,3535.3,3536.2
SUPREMEIND,VWAP,,,,,,,,,,,3565.76,3564.46
SUPREMEIND,CASH VOL,381975,221343,72878,35.37,57.76,,,,,,23694,24777
SUPREMEIND,F&O VOL,29243,7161,,,,,,,,,2358,2449
SUPREMEIND,F&O OI,17776,15993,,,,,,,,,17771,17793
SUPREMEIND,CALL VOL,17604,3062,,,,,,,,,1304,1334
SUPREMEIND,CALL OI,2872,1674,,,,,,,,,2881,2898
SUPREMEIND,PUT VOL,5024,881,,,,,,,,,603,625
SUPREMEIND,PUT OI,1175,941,,,,,,,,,1143,1145
SUPREMEIND,CALL SPRD,,,,,,,,,,,1.71,1.73
SUPREMEIND,PUT SPRD,,,,,,,,,,,2.06,1.89
SUPREMEIND,CALL OI FIX,2872,,,,,,,,,,2881,2898
SUPREMEIND,PUT OI FIX,1175,,,,,,,,,,1143,1145
SUPREMEIND,CALL DOI,,,,,,,,,,,240739,242585
SUPREMEIND,PUT DOI,,,,,,,,,,,-76782,-76642
SUPREMEIND,CALL GEX,,,,,,,,,,,27316,27493
SUPREMEIND,PUT GEX,,,,,,,,,,,9482,9493
SUPREMEIND,GEX STRIKE,,,,,,,,,,,3600.0,3600.0
SUPREMEIND,EXPIRY,,,,,,,,,,,2026-10-27,2026-10-27
SUPREMEIND,ATM IV,,,,,,,,,,,30.31,30.31
SUZLON,PRICE,38.34,39.16,,,,38.43,38.7,38.46,39.66,39.16,37.84,37.76
SUZLON,VWAP,,,,,,,,,,,37.88,37.88
SUZLON,CASH VOL,73531474,42495197,22272579,48.57,42.38,,,,,,19100189,19466981
SUZLON,F&O VOL,18195,10564,,,,,,,,,6536,6832
SUZLON,F&O OI,60886,57509,,,,,,,,,61594,61577
SUZLON,CALL VOL,6585,3594,,,,,,,,,2796,2911
SUZLON,CALL OI,7164,6084,,,,,,,,,7655,7658
SUZLON,PUT VOL,4761,1697,,,,,,,,,1632,1691
SUZLON,PUT OI,6600,4985,,,,,,,,,6673,6678
SUZLON,CALL SPRD,,,,,,,,,,,1.47,1.48
SUZLON,PUT SPRD,,,,,,,,,,,2.23,1.46
SUZLON,CALL OI FIX,7164,,,,,,,,,,7655,7658
SUZLON,PUT OI FIX,6600,,,,,,,,,,6673,6678
SUZLON,CALL DOI,,,,,,,,,,,26838517,26153830
SUZLON,PUT DOI,,,,,,,,,,,-44369061,-44975048
SUZLON,CALL GEX,,,,,,,,,,,3178493,3139178
SUZLON,PUT GEX,,,,,,,,,,,2956538,2951329
SUZLON,GEX STRIKE,,,,,,,,,,,40.0,40.0
SUZLON,EXPIRY,,,,,,,,,,,2026-10-27,2026-10-27
SUZLON,ATM IV,,,,,,,,,,,39.26,39.26
SWIGGY,PRICE,246.0,244.2,,,,246.0,248.1,246.7,250.78,242.26,244.15,243.2
SWIGGY,VWAP,,,,,,,,,,,244.23,244.21
SWIGGY,CASH VOL,16172713,9738654,2093155,31.42,38.43,,,,,,2163071,2232217
SWIGGY,F&O VOL,47407,21582,,,,,,,,,10383,10589
SWIGGY,F&O OI,70243,69529,,,,,,,,,71193,71161
SWIGGY,CALL VOL,22451,10837,,,,,,,,,5351,5451
SWIGGY,CALL OI,10137,10126,,,,,,,,,10703,10676
SWIGGY,PUT VOL,8581,2472,,,,,,,,,3256,3298
SWIGGY,PUT OI,8137,7089,,,,,,,,,8297,8290
SWIGGY,CALL SPRD,,,,,,,,,,,1.15,1.23
SWIGGY,PUT SPRD,,,,,,,,,,,1.79,1.69
SWIGGY,CALL OI FIX,10137,,,,,,,,,,10703,10676
SWIGGY,PUT OI FIX,8137,,,,,,,,,,8297,8290
SWIGGY,CALL DOI,,,,,,,,,,,6500562,6059173
SWIGGY,PUT DOI,,,,,,,,,,,-7211221,-7349908
SWIGGY,CALL GEX,,,,,,,,,,,731156,747789
SWIGGY,PUT GEX,,,,,,,,,,,580927,551002
SWIGGY,GEX STRIKE,,,,,,,,,,,240.0,250.0
SWIGGY,EXPIRY,,,,,,,,,,,2026-10-27,2026-10-27
SWIGGY,ATM IV,,,,,,,,,,,38.34,38.3
TATACONSUM,PRICE,968.5,976.0,,,,966.4,968.19,967.58,964.3,959.43,967.7,965.15
TATACONSUM,VWAP,,,,,,,,,,,966.69,966.66
TATACONSUM,CASH VOL,532061,904358,161467,61.93,60.02,,,,,,118919,124232
TATACONSUM,F&O VOL,7514,14896,,,,,,,,,1951,2011
TATACONSUM,F&O OI,41915,42295,,,,,,,,,42087,42098
TATACONSUM,CALL VOL,3543,8125,,,,,,,,,1020,1047
TATACONSUM,CALL OI,3246,3355,,,,,,,,,3225,3234
TATACONSUM,PUT VOL,1505,2571,,,,,,,,,508,532
TATACONSUM,PUT OI,2943,3016,,,,,,,,,3052,3057
TATACONSUM,CALL SPRD,,,,,,,,,,,1.45,1.02
TATACONSUM,PUT SPRD,,,,,,,,,,,1.35,1.03
TATACONSUM,CALL OI FIX,3246,,,,,,,,,,3225,3234
TATACONSUM,PUT OI FIX,2943,,,,,,,,,,3052,3057
TATACONSUM,CALL DOI,,,,,,,,,,,701260,670393
TATACONSUM,PUT DOI,,,,,,,,,,,-794785,-824929
TATACONSUM,CALL GEX,,,,,,,,,,,126078,124609
TATACONSUM,PUT GEX,,,,,,,,,,,107237,107761
TATACONSUM,GEX STRIKE,,,,,,,,,,,1000.0,1000.0
TATACONSUM,EXPIRY,,,,,,,,,,,2026-10-27,2026-10-27
TATACONSUM,ATM IV,,,,,,,,,,,21.7,21.7
TATAELXSI,PRICE,3082.5,3093.0,,,,3090.0,3105.65,3090.22,3129.4,3105.0,3096.0,3082.7
TATAELXSI,VWAP,,,,,,,,,,,3109.7,3107.58
TATAELXSI,CASH VOL,178378,196732,41197,42.24,47.47,,,,,,59630,66081
TATAELXSI,F&O VOL,10970,8819,,,,,,,,,4659,4835
TATAELXSI,F&O OI,38487,37800,,,,,,,,,38492,38554
TATAELXSI,CALL VOL,4819,4426,,,,,,,,,2651,2853
TATAELXSI,CALL OI,5536,5282,,,,,,,,,5593,5648
TATAELXSI,PUT VOL,2563,1584,,,,,,,,,808,905
TATAELXSI,PUT OI,5565,5227,,,,,,,,,5606,5622
TATAELXSI,CALL SPRD,,,,,,,,,,,0.89,0.99
TATAELXSI,PUT SPRD,,,,,,,,,,,0.91,0.67
TATAELXSI,CALL OI FIX,5536,,,,,,,,,,5593,5648
TATAELXSI,PUT OI FIX,5565,,,,,,,,,,5606,5622
TATAELXSI,CALL DOI,,,,,,,,,,,275157,264987
TATAELXSI,PUT DOI,,,,,,,,,,,-313400,-326201
TATAELXSI,CALL GEX,,,,,,,,,,,29628,29387
TATAELXSI,PUT GEX,,,,,,,,,,,27888,27948
TATAELXSI,GEX STRIKE,,,,,,,,,,,3200.0,3200.0
TATAELXSI,EXPIRY,,,,,,,,,,,2026-10-27,2026-10-27
TATAELXSI,ATM IV,,,,,,,,,,,38.17,38.42
TATAPOWER,PRICE,345.15,351.65,,,,347.0,345.95,345.42,356.57,352.29,340.4,339.3
TATAPOWER,VWAP,,,,,,,,,,,341.82,341.73
TATAPOWER,CASH VOL,5227497,5741438,1047227,41.88,71.77,,,,,,1191335,1239834
TATAPOWER,F&O VOL,45501,18897,,,,,,,,,10912,11436
TATAPOWER,F&O OI,74986,68710,,,,,,,,,76013,76050
TATAPOWER,CALL VOL,18175,6536,,,,,,,,,5545,5856
TATAPOWER,CALL OI,7331,5236,,,,,,,,,8119,8001
TATAPOWER,PUT VOL,15139,4591,,,,,,,,,3310,3410
TATAPOWER,PUT OI,7915,5614,,,,,,,,,7887,7902
TATAPOWER,CALL SPRD,,,,,,,,,,,1.28,1.34
TATAPOWER,PUT SPRD,,,,,,,,,,,1.53,1.44
TATAPOWER,CALL OI FIX,9302,,,,,,,,,,10137,10018
TATAPOWER,PUT OI FIX,9210,,,,,,,,,,9180,9195
TATAPOWER,CALL DOI,,,,,,,,,,,3310594,3052877
TATAPOWER,PUT DOI,,,,,,,,,,,-6410599,-6625656
TATAPOWER,CALL GEX,,,,,,,,,,,708767,675446
TATAPOWER,PUT GEX,,,,,,,,,,,640317,637046
TATAPOWER,GEX STRIKE,,,,,,,,,,,360.0,350.0
TATAPOWER,EXPIRY,,,,,,,,,,,2026-10-27,2026-10-27
TATAPOWER,ATM IV,,,,,,,,,,,23.31,23.31
TATASTEEL,PRICE,175.64,178.69,,,,176.3,176.43,175.9,182.65,179.55,173.2,172.8
TATASTEEL,VWAP,,,,,,,,,,,174.09,173.99
TATASTEEL,CASH VOL,18846203,17244259,4325729,49.58,43.98,,,,,,7832625,8514922
TATASTEEL,F&O VOL,68494,49955,,,,,,,,,22063,25954
TATASTEEL,F&O OI,194669,188197,,,,,,,,,197748,198314
TATASTEEL,CALL VOL,21137,14296,,,,,,,,,8179,9841
TATASTEEL,CALL OI,14256,10705,,,,,,,,,15894,16189
TATASTEEL,PUT VOL,19283,12047,,,,,,,,,5472,6406
TATASTEEL,PUT OI,17436,16842,,,,,,,,,17811,17870
TATASTEEL,CALL SPRD,,,,,,,,,,,0.38,0.81
TATASTEEL,PUT SPRD,,,,,,,,,,,1.0,0.72
TATASTEEL,CALL OI FIX,16104,,,,,,,,,,17778,18068
TATASTEEL,PUT OI FIX,17461,,,,,,,,,,17836,17899
TATASTEEL,CALL DOI,,,,,,,,,,,14763367,14568602
TATASTEEL,PUT DOI,,,,,,,,,,,-25536190,-26116783
TATASTEEL,CALL GEX,,,,,,,,,,,2291138,2303888
TATASTEEL,PUT GEX,,,,,,,,,,,2336390,2343025
TATASTEEL,GEX STRIKE,,,,,,,,,,,180.0,180.0
TATASTEEL,EXPIRY,,,,,,,,,,,2026-10-27,2026-10-27
TATASTEEL,ATM IV,,,,,,,,,,,28.73,28.73
TCS,PRICE,2080.3,2100.0,,,,2104.0,2090.5,2083.7,2072.23,2066.7,2129.0,2127.6
TCS,VWAP,,,,,,,,,,,2126.87,2126.93
TCS,CASH VOL,1349758,2382510,331620,38.51,50.88,,,,,,1491758,1521829
TCS,F&O VOL,98751,89469,,,,,,,,,103372,105768
TCS,F&O OI,237008,226932,,,,,,,,,241486,241933
TCS,CALL VOL,40400,31053,,,,,,,,,46150,47227
TCS,CALL OI,40684,36866,,,,,,,,,40666,40876
TCS,PUT VOL,14886,17257,,,,,,,,,19024,19494
TCS,PUT OI,21153,20619,,,,,,,,,24477,24540
TCS,CALL SPRD,,,,,,,,,,,0.49,0.57
TCS,PUT SPRD,,,,,,,,,,,0.4,0.57
TCS,CALL OI FIX,34654,,,,,,,,,,34921,34919
TCS,PUT OI FIX,23893,,,,,,,,,,27730,27828
TCS,CALL DOI,,,,,,,,,,,5188072,5159387
TCS,PUT DOI,,,,,,,,,,,-2185621,-2206460
TCS,CALL GEX,,,,,,,,,,,548834,547555
TCS,PUT GEX,,,,,,,,,,,243453,245640
TCS,GEX STRIKE,,,,,,,,,,,2100.0,2100.0
TCS,EXPIRY,,,,,,,,,,,2026-10-27,2026-10-27
TCS,ATM IV,,,,,,,,,,,31.81,31.81
TECHM,PRICE,1491.1,1504.5,,,,1495.0,1499.6,1493.93,1535.0,1533.67,1514.2,1513.5
TECHM,VWAP,,,,,,,,,,,1515.15,1515.11
TECHM,CASH VOL,1254257,2389084,259075,49.87,56.11,,,,,,309408,317388
TECHM,F&O VOL,15328,19702,,,,,,,,,9348,9478
TECHM,F&O OI,47035,46338,,,,,,,,,46605,46609
TECHM,CALL VOL,6779,7878,,,,,,,,,5024,5099
TECHM,CALL OI,7922,7370,,,,,,,,,7590,7594
TECHM,PUT VOL,3529,5299,,,,,,,,,1740,1772
TECHM,PUT OI,4256,3881,,,,,,,,,4391,4394
TECHM,CALL SPRD,,,,,,,,,,,1.02,1.15
TECHM,PUT SPRD,,,,,,,,,,,0.94,0.95
TECHM,CALL OI FIX,7791,,,,,,,,,,7476,7480
TECHM,PUT OI FIX,4586,,,,,,,,,,4694,4698
TECHM,CALL DOI,,,,,,,,,,,1930558,1919797
TECHM,PUT DOI,,,,,,,,,,,-1150806,-1156197
TECHM,CALL GEX,,,,,,,,,,,259042,258928
TECHM,PUT GEX,,,,,,,,,,,108490,108668
TECHM,GEX STRIKE,,,,,,,,,,,1540.0,1540.0
TECHM,EXPIRY,,,,,,,,,,,2026-10-27,2026-10-27
TECHM,ATM IV,,,,,,,,,,,33.55,33.55
TIINDIA,PRICE,2388.0,2472.7,,,,2388.0,2413.75,2396.58,2415.25,2365.08,2360.0,2352.9
TIINDIA,VWAP,,,,,,,,,,,2362.36,2362.13
TIINDIA,CASH VOL,556889,780130,151070,30.91,45.81,,,,,,143269,145798
TIINDIA,F&O VOL,20553,25970,,,,,,,,,1891,2081
TIINDIA,F&O OI,20212,19215,,,,,,,,,20263,20238
TIINDIA,CALL VOL,5492,13901,,,,,,,,,709,793
TIINDIA,CALL OI,1812,1499,,,,,,,,,1847,1872
TIINDIA,PUT VOL,12004,5030,,,,,,,,,774,851
TIINDIA,PUT OI,1919,1851,,,,,,,,,1937,1891
TIINDIA,CALL SPRD,,,,,,,,,,,2.94,1.93
TIINDIA,PUT SPRD,,,,,,,,,,,3.38,2.71
TIINDIA,CALL OI FIX,2016,,,,,,,,,,2047,2072
TIINDIA,PUT OI FIX,1760,,,,,,,,,,1772,1727
TIINDIA,CALL DOI,,,,,,,,,,,114407,111096
TIINDIA,PUT DOI,,,,,,,,,,,-158603,-158587
TIINDIA,CALL GEX,,,,,,,,,,,15669,15615
TIINDIA,PUT GEX,,,,,,,,,,,14744,14396
TIINDIA,GEX STRIKE,,,,,,,,,,,2400.0,2400.0
TIINDIA,EXPIRY,,,,,,,,,,,2026-10-27,2026-10-27
TIINDIA,ATM IV,,,,,,,,,,,34.53,34.53
TITAN,PRICE,4377.0,4550.0,,,,4380.0,4387.8,4380.6,4686.0,4572.47,4427.1,4425.7
TITAN,VWAP,,,,,,,,,,,4398.33,4403.01
TITAN,CASH VOL,2951280,800113,517830,44.96,63.28,,,,,,291304,333847
TITAN,F&O VOL,269577,38063,,,,,,,,,44099,51432
TITAN,F&O OI,89414,64117,,,,,,,,,87512,86591
TITAN,CALL VOL,100337,11869,,,,,,,,,24754,29269
TITAN,CALL OI,19587,6551,,,,,,,,,17933,17386
TITAN,PUT VOL,100164,10704,,,,,,,,,10173,11836
TITAN,PUT OI,11948,8307,,,,,,,,,12417,12460
TITAN,CALL SPRD,,,,,,,,,,,0.74,0.81
TITAN,PUT SPRD,,,,,,,,,,,1.1,0.92
TITAN,CALL OI FIX,16841,,,,,,,,,,15224,14725
TITAN,PUT OI FIX,11970,,,,,,,,,,12449,12491
TITAN,CALL DOI,,,,,,,,,,,1203717,1153324
TITAN,PUT DOI,,,,,,,,,,,-818980,-830662
TITAN,CALL GEX,,,,,,,,,,,231753,223887
TITAN,PUT GEX,,,,,,,,,,,147469,148659
TITAN,GEX STRIKE,,,,,,,,,,,4400.0,4400.0
TITAN,EXPIRY,,,,,,,,,,,2026-10-27,2026-10-27
TITAN,ATM IV,,,,,,,,,,,19.68,19.68
TMPV,PRICE,283.0,285.8,,,,283.45,283.73,283.24,281.7,280.17,281.2,281.05
TMPV,VWAP,,,,,,,,,,,281.05,281.05
TMPV,CASH VOL,9266278,7578840,2241780,39.53,50.87,,,,,,1446139,1816228
TMPV,F&O VOL,59520,37794,,,,,,,,,9370,9765
TMPV,F&O OI,119426,115462,,,,,,,,,120455,120470
TMPV,CALL VOL,26808,12015,,,,,,,,,4083,4284
TMPV,CALL OI,19245,15678,,,,,,,,,19785,19782
TMPV,PUT VOL,14141,10817,,,,,,,,,2176,2261
TMPV,PUT OI,14572,14700,,,,,,,,,14632,14656
TMPV,CALL SPRD,,,,,,,,,,,1.14,1.15
TMPV,PUT SPRD,,,,,,,,,,,1.64,1.63
TMPV,CALL OI FIX,21657,,,,,,,,,,22035,22023
TMPV,PUT OI FIX,14853,,,,,,,,,,14907,14932
TMPV,CALL DOI,,,,,,,,,,,11654691,11551061
TMPV,PUT DOI,,,,,,,,,,,-10429195,-10498277
TMPV,CALL GEX,,,,,,,,,,,1562067,1568891
TMPV,PUT GEX,,,,,,,,,,,1064979,1066687
TMPV,GEX STRIKE,,,,,,,,,,,300.0,300.0
TMPV,EXPIRY,,,,,,,,,,,2026-10-27,2026-10-27
TMPV,ATM IV,,,,,,,,,,,29.16,29.02
TORNTPHARM,PRICE,4716.2,4772.0,,,,4713.0,4735.15,4722.52,4856.9,4797.17,4697.1,4685.2
TORNTPHARM,VWAP,,,,,,,,,,,4706.26,4704.22
TORNTPHARM,CASH VOL,241200,302606,78889,60.22,55.08,,,,,,45817,50734
TORNTPHARM,F&O VOL,9873,8051,,,,,,,,,1854,1923
TORNTPHARM,F&O OI,35515,34205,,,,,,,,,35648,35656
TORNTPHARM,CALL VOL,2906,2289,,,,,,,,,754,780
TORNTPHARM,CALL OI,2106,1639,,,,,,,,,2153,2161
TORNTPHARM,PUT VOL,2865,2106,,,,,,,,,348,406
TORNTPHARM,PUT OI,2154,2015,,,,,,,,,2194,2201
TORNTPHARM,CALL SPRD,,,,,,,,,,,1.78,1.6
TORNTPHARM,PUT SPRD,,,,,,,,,,,1.75,1.57
TORNTPHARM,CALL OI FIX,2106,,,,,,,,,,2153,2161
TORNTPHARM,PUT OI FIX,2154,,,,,,,,,,2194,2201
TORNTPHARM,CALL DOI,,,,,,,,,,,91692,87233
TORNTPHARM,PUT DOI,,,,,,,,,,,-129328,-133605
TORNTPHARM,CALL GEX,,,,,,,,,,,17090,17020
TORNTPHARM,PUT GEX,,,,,,,,,,,17228,17195
TORNTPHARM,GEX STRIKE,,,,,,,,,,,4800.0,4800.0
TORNTPHARM,EXPIRY,,,,,,,,,,,2026-10-27,2026-10-27
TORNTPHARM,ATM IV,,,,,,,,,,,24.5,24.23
TRENT,PRICE,2890.3,2906.0,,,,2873.6,2892.9,2891.17,2607.85,2589.28,2916.0,2910.7
TRENT,VWAP,,,,,,,,,,,2912.66,2912.66
TRENT,CASH VOL,1317846,6695372,261173,32.53,13.94,,,,,,384578,398868
TRENT,F&O VOL,88203,369259,,,,,,,,,29330,30841
TRENT,F&O OI,84178,88760,,,,,,,,,85154,85043
TRENT,CALL VOL,35330,167824,,,,,,,,,16002,16554
TRENT,CALL OI,18244,19079,,,,,,,,,18904,18887
TRENT,PUT VOL,33317,93897,,,,,,,,,8300,8876
TRENT,PUT OI,15038,17211,,,,,,,,,15528,15513
TRENT,CALL SPRD,,,,,,,,,,,0.5,0.63
TRENT,PUT SPRD,,,,,,,,,,,0.59,0.68
TRENT,CALL OI FIX,18244,,,,,,,,,,18904,18887
TRENT,PUT OI FIX,15038,,,,,,,,,,15528,15513
TRENT,CALL DOI,,,,,,,,,,,2313845,2268510
TRENT,PUT DOI,,,,,,,,,,,-1013243,-1043392
TRENT,CALL GEX,,,,,,,,,,,245753,246300
TRENT,PUT GEX,,,,,,,,,,,163207,165078
TRENT,GEX STRIKE,,,,,,,,,,,2900.0,2900.0
TRENT,EXPIRY,,,,,,,,,,,2026-10-27,2026-10-27
TRENT,ATM IV,,,,,,,,,,,26.12,26.09
TVSMOTOR,PRICE,3926.0,3981.0,,,,3921.4,3932.9,3928.3,4052.4,4031.47,3961.5,3958.8
TVSMOTOR,VWAP,,,,,,,,,,,3922.98,3925.52
TVSMOTOR,CASH VOL,673718,791080,96710,53.47,64.29,,,,,,158264,168789
TVSMOTOR,F&O VOL,23170,17978,,,,,,,,,7889,8610
TVSMOTOR,F&O OI,60192,58688,,,,,,,,,60487,60546
TVSMOTOR,CALL VOL,9243,6290,,,,,,,,,3943,4308
TVSMOTOR,CALL OI,5163,4613,,,,,,,,,5397,5422
TVSMOTOR,PUT VOL,6985,6459,,,,,,,,,2188,2307
TVSMOTOR,PUT OI,6400,6075,,,,,,,,,6402,6390
TVSMOTOR,CALL SPRD,,,,,,,,,,,0.68,0.6
TVSMOTOR,PUT SPRD,,,,,,,,,,,0.68,0.79
TVSMOTOR,CALL OI FIX,5163,,,,,,,,,,5397,5422
TVSMOTOR,PUT OI FIX,6400,,,,,,,,,,6402,6390
TVSMOTOR,CALL DOI,,,,,,,,,,,368564,365798
TVSMOTOR,PUT DOI,,,,,,,,,,,-546256,-549430
TVSMOTOR,CALL GEX,,,,,,,,,,,51168,52598
TVSMOTOR,PUT GEX,,,,,,,,,,,60058,58842
TVSMOTOR,GEX STRIKE,,,,,,,,,,,4000.0,4000.0
TVSMOTOR,EXPIRY,,,,,,,,,,,2026-10-27,2026-10-27
TVSMOTOR,ATM IV,,,,,,,,,,,28.45,28.16
ULTRACEMCO,PRICE,10658.0,10750.0,,,,10660.0,10703.5,10673.17,10883.5,10767.83,10605.0,10586.0
ULTRACEMCO,VWAP,,,,,,,,,,,10601.04,10600.73
ULTRACEMCO,CASH VOL,287808,270277,78883,54.71,63.78,,,,,,11368,11991
ULTRACEMCO,F&O VOL,25955,14600,,,,,,,,,3451,3560
ULTRACEMCO,F&O OI,61590,58300,,,,,,,,,61825,61815
ULTRACEMCO,CALL VOL,6688,3310,,,,,,,,,914,922
ULTRACEMCO,CALL OI,4905,3891,,,,,,,,,4978,4978
ULTRACEMCO,PUT VOL,5919,2934,,,,,,,,,941,971
ULTRACEMCO,PUT OI,3917,3648,,,,,,,,,4059,4069
ULTRACEMCO,CALL SPRD,,,,,,,,,,,1.13,2.98
ULTRACEMCO,PUT SPRD,,,,,,,,,,,2.51,2.14
ULTRACEMCO,CALL OI FIX,5363,,,,,,,,,,5425,5422
ULTRACEMCO,PUT OI FIX,4179,,,,,,,,,,4321,4331
ULTRACEMCO,CALL DOI,,,,,,,,,,,86860,83773
ULTRACEMCO,PUT DOI,,,,,,,,,,,-105030,-107448
ULTRACEMCO,CALL GEX,,,,,,,,,,,16593,16418
ULTRACEMCO,PUT GEX,,,,,,,,,,,12807,12812
ULTRACEMCO,GEX STRIKE,,,,,,,,,,,11000.0,11000.0
ULTRACEMCO,EXPIRY,,,,,,,,,,,2026-10-27,2026-10-27
ULTRACEMCO,ATM IV,,,,,,,,,,,23.86,23.85
UNIONBANK,PRICE,173.15,168.44,,,,172.05,172.16,170.17,171.9,169.03,174.13,173.5
UNIONBANK,VWAP,,,,,,,,,,,173.14,173.22
UNIONBANK,CASH VOL,13484976,10378539,3620060,26.25,56.74,,,,,,1584823,1684537
UNIONBANK,F&O VOL,24286,9748,,,,,,,,,3990,4354
UNIONBANK,F&O OI,33964,34051,,,,,,,,,34148,34109
UNIONBANK,CALL VOL,10907,3765,,,,,,,,,1917,2090
UNIONBANK,CALL OI,4223,4049,,,,,,,,,4374,4276
UNIONBANK,PUT VOL,5585,3146,,,,,,,,,1008,1270
UNIONBANK,PUT OI,4262,3933,,,,,,,,,4069,4372
UNIONBANK,CALL SPRD,,,,,,,,,,,1.36,1.29
UNIONBANK,PUT SPRD,,,,,,,,,,,1.54,1.65
UNIONBANK,CALL OI FIX,4223,,,,,,,,,,4287,4276
UNIONBANK,PUT OI FIX,4262,,,,,,,,,,4339,4372
UNIONBANK,CALL DOI,,,,,,,,,,,9436864,9098962
UNIONBANK,PUT DOI,,,,,,,,,,,-6815117,-7319525
UNIONBANK,CALL GEX,,,,,,,,,,,954119,934567
UNIONBANK,PUT GEX,,,,,,,,,,,803119,851734
UNIONBANK,GEX STRIKE,,,,,,,,,,,170.0,170.0
UNIONBANK,EXPIRY,,,,,,,,,,,2026-10-27,2026-10-27
UNIONBANK,ATM IV,,,,,,,,,,,32.73,33.35
UNITDSPR,PRICE,1344.0,1358.0,,,,1344.9,1346.7,1344.9,1368.3,1346.17,1341.3,1335.5
UNITDSPR,VWAP,,,,,,,,,,,1340.29,1340.23
UNITDSPR,CASH VOL,998614,925853,220180,62.94,66.43,,,,,,136252,142484
UNITDSPR,F&O VOL,8849,7193,,,,,,,,,1507,1583
UNITDSPR,F&O OI,28004,25947,,,,,,,,,28123,28131
UNITDSPR,CALL VOL,2313,2214,,,,,,,,,517,530
UNITDSPR,CALL OI,3008,2884,,,,,,,,,3111,3111
UNITDSPR,PUT VOL,3261,2088,,,,,,,,,405,423
UNITDSPR,PUT OI,4087,2876,,,,,,,,,4047,4049
UNITDSPR,CALL SPRD,,,,,,,,,,,1.87,2.0
UNITDSPR,PUT SPRD,,,,,,,,,,,1.72,1.92
UNITDSPR,CALL OI FIX,3008,,,,,,,,,,3111,3111
UNITDSPR,PUT OI FIX,4087,,,,,,,,,,4047,4049
UNITDSPR,CALL DOI,,,,,,,,,,,437724,405309
UNITDSPR,PUT DOI,,,,,,,,,,,-683959,-719630
UNITDSPR,CALL GEX,,,,,,,,,,,67627,66320
UNITDSPR,PUT GEX,,,,,,,,,,,84279,83721
UNITDSPR,GEX STRIKE,,,,,,,,,,,1400.0,1400.0
UNITDSPR,EXPIRY,,,,,,,,,,,2026-10-27,2026-10-27
UNITDSPR,ATM IV,,,,,,,,,,,27.43,27.38
UNOMINDA,PRICE,1104.8,1120.0,,,,1100.0,1111.95,1107.18,1156.65,1126.22,1102.6,1100.1
UNOMINDA,VWAP,,,,,,,,,,,1097.74,1097.94
UNOMINDA,CASH VOL,277168,1038825,59850,39.16,54.39,,,,,,80585,84045
UNOMINDA,F&O VOL,3340,5809,,,,,,,,,567,601
UNOMINDA,F&O OI,15854,15601,,,,,,,,,15887,15886
UNOMINDA,CALL VOL,1512,1910,,,,,,,,,249,256
UNOMINDA,CALL OI,1070,885,,,,,,,,,1080,1076
UNOMINDA,PUT VOL,651,988,,,,,,,,,202,206
UNOMINDA,PUT OI,2387,2266,,,,,,,,,2415,2416
UNOMINDA,CALL SPRD,,,,,,,,,,,2.02,2.41
UNOMINDA,PUT SPRD,,,,,,,,,,,1.7,2.38
UNOMINDA,CALL OI FIX,1070,,,,,,,,,,1080,1076
UNOMINDA,PUT OI FIX,2387,,,,,,,,,,2415,2416
UNOMINDA,CALL DOI,,,,,,,,,,,195514,188137
UNOMINDA,PUT DOI,,,,,,,,,,,-535141,-549653
UNOMINDA,CALL GEX,,,,,,,,,,,28944,28437
UNOMINDA,PUT GEX,,,,,,,,,,,63065,63531
UNOMINDA,GEX STRIKE,,,,,,,,,,,1100.0,1100.0
UNOMINDA,EXPIRY,,,,,,,,,,,2026-10-27,2026-10-27
UNOMINDA,ATM IV,,,,,,,,,,,29.52,29.52
UPL,PRICE,495.0,509.55,,,,497.75,502.3,497.43,531.42,521.67,493.4,491.2
UPL,VWAP,,,,,,,,,,,492.87,492.82
UPL,CASH VOL,2175673,1194229,828560,57.62,52.57,,,,,,338377,367275
UPL,F&O VOL,10671,9140,,,,,,,,,2734,2871
UPL,F&O OI,35485,34423,,,,,,,,,35749,35750
UPL,CALL VOL,2472,2082,,,,,,,,,1235,979
UPL,CALL OI,1217,778,,,,,,,,,1938,1399
UPL,PUT VOL,2675,2053,,,,,,,,,636,663
UPL,PUT OI,1356,1104,,,,,,,,,1571,1359
UPL,CALL SPRD,,,,,,,,,,,1.93,1.37
UPL,PUT SPRD,,,,,,,,,,,1.88,1.26
UPL,CALL OI FIX,1691,,,,,,,,,,1938,1944
UPL,PUT OI FIX,1558,,,,,,,,,,1571,1561
UPL,CALL DOI,,,,,,,,,,,963127,727731
UPL,PUT DOI,,,,,,,,,,,-1111803,-949651
UPL,CALL GEX,,,,,,,,,,,146260,111047
UPL,PUT GEX,,,,,,,,,,,108355,94482
UPL,GEX STRIKE,,,,,,,,,,,500.0,500.0
UPL,EXPIRY,,,,,,,,,,,2026-10-27,2026-10-27
UPL,ATM IV,,,,,,,,,,,29.45,29.65
VBL,PRICE,440.75,439.3,,,,442.0,440.34,439.52,425.88,425.49,436.25,435.4
VBL,VWAP,,,,,,,,,,,437.57,437.47
VBL,CASH VOL,3591044,4266861,856863,58.07,61.75,,,,,,670997,702397
VBL,F&O VOL,13949,18502,,,,,,,,,5005,5426
VBL,F&O OI,68709,68121,,,,,,,,,69689,69757
VBL,CALL VOL,4767,7256,,,,,,,,,1781,1930
VBL,CALL OI,5815,5682,,,,,,,,,6098,6109
VBL,PUT VOL,3723,3659,,,,,,,,,1558,1645
VBL,PUT OI,3528,3455,,,,,,,,,3854,3869
VBL,CALL SPRD,,,,,,,,,,,2.04,2.13
VBL,PUT SPRD,,,,,,,,,,,2.52,1.94
VBL,CALL OI FIX,5452,,,,,,,,,,5735,5746
VBL,PUT OI FIX,3180,,,,,,,,,,3504,3519
VBL,CALL DOI,,,,,,,,,,,3936506,3855839
VBL,PUT DOI,,,,,,,,,,,-1955253,-2021356
VBL,CALL GEX,,,,,,,,,,,439033,445892
VBL,PUT GEX,,,,,,,,,,,258278,257988
VBL,GEX STRIKE,,,,,,,,,,,440.0,440.0
VBL,EXPIRY,,,,,,,,,,,2026-10-27,2026-10-27
VBL,ATM IV,,,,,,,,,,,28.06,28.06
VEDL,PRICE,261.4,265.6,,,,262.0,262.0,261.6,255.82,253.31,258.6,257.65
VEDL,VWAP,,,,,,,,,,,258.95,258.9
VEDL,CASH VOL,10190251,14899808,3038722,51.73,43.67,,,,,,2489104,2660628
VEDL,F&O VOL,43584,63864,,,,,,,,,7417,7793
VEDL,F&O OI,75203,73449,,,,,,,,,76189,76290
VEDL,CALL VOL,20721,36274,,,,,,,,,3850,4056
VEDL,CALL OI,13336,12497,,,,,,,,,13703,13753
VEDL,PUT VOL,14646,14141,,,,,,,,,1926,2007
VEDL,PUT OI,11286,10191,,,,,,,,,11357,11364
VEDL,CALL SPRD,,,,,,,,,,,1.55,1.6
VEDL,PUT SPRD,,,,,,,,,,,1.75,1.13
VEDL,CALL OI FIX,13336,,,,,,,,,,13703,13753
VEDL,PUT OI FIX,11286,,,,,,,,,,11357,11364
VEDL,CALL DOI,,,,,,,,,,,6181102,5887713
VEDL,PUT DOI,,,,,,,,,,,-5557935,-5751882
VEDL,CALL GEX,,,,,,,,,,,815715,818294
VEDL,PUT GEX,,,,,,,,,,,542941,544468
VEDL,GEX STRIKE,,,,,,,,,,,260.0,260.0
VEDL,EXPIRY,,,,,,,,,,,2026-10-27,2026-10-27
VEDL,ATM IV,,,,,,,,,,,31.98,31.97
VMM,PRICE,100.5,100.95,,,,100.1,100.69,100.56,101.15,100.05,98.07,97.98
VMM,VWAP,,,,,,,,,,,98.4,98.38
VMM,CASH VOL,11200804,15107047,2586088,59.73,60.97,,,,,,3193314,3422389
VMM,F&O VOL,2811,5373,,,,,,,,,1509,1563
VMM,F&O OI,18580,18121,,,,,,,,,19035,19056
VMM,CALL VOL,488,1339,,,,,,,,,320,328
VMM,CALL OI,973,910,,,,,,,,,1078,1085
VMM,PUT VOL,341,1050,,,,,,,,,237,250
VMM,PUT OI,1598,1547,,,,,,,,,1624,1631
VMM,CALL SPRD,,,,,,,,,,,2.61,2.62
VMM,PUT SPRD,,,,,,,,,,,2.06,2.39
VMM,CALL OI FIX,1049,,,,,,,,,,1151,1158
VMM,PUT OI FIX,1167,,,,,,,,,,1202,1207
VMM,CALL DOI,,,,,,,,,,,2142126,2139117
VMM,PUT DOI,,,,,,,,,,,-3820492,-3874176
VMM,CALL GEX,,,,,,,,,,,278163,276101
VMM,PUT GEX,,,,,,,,,,,354501,361005
VMM,GEX STRIKE,,,,,,,,,,,100.0,100.0
VMM,EXPIRY,,,,,,,,,,,2026-10-27,2026-10-27
VMM,ATM IV,,,,,,,,,,,33.89,33.13
VOLTAS,PRICE,1056.8,1067.9,,,,1053.0,1062.5,1058.7,1092.55,1066.32,1052.2,1051.0
VOLTAS,VWAP,,,,,,,,,,,1049.56,1050.37
VOLTAS,CASH VOL,316203,2705541,69222,22.72,70.56,,,,,,73145,100990
VOLTAS,F&O VOL,13655,23985,,,,,,,,,3208,3517
VOLTAS,F&O OI,49093,48009,,,,,,,,,49555,49550
VOLTAS,CALL VOL,7571,11131,,,,,,,,,1865,2002
VOLTAS,CALL OI,7269,6531,,,,,,,,,7650,7646
VOLTAS,PUT VOL,2317,4560,,,,,,,,,642,705
VOLTAS,PUT OI,6258,6019,,,,,,,,,6304,6293
VOLTAS,CALL SPRD,,,,,,,,,,,1.02,1.22
VOLTAS,PUT SPRD,,,,,,,,,,,1.87,1.48
VOLTAS,CALL OI FIX,7269,,,,,,,,,,7650,7646
VOLTAS,PUT OI FIX,6258,,,,,,,,,,6304,6293
VOLTAS,CALL DOI,,,,,,,,,,,860966,841291
VOLTAS,PUT DOI,,,,,,,,,,,-1269521,-1277109
VOLTAS,CALL GEX,,,,,,,,,,,127372,126972
VOLTAS,PUT GEX,,,,,,,,,,,99970,98415
VOLTAS,GEX STRIKE,,,,,,,,,,,1100.0,1100.0
VOLTAS,EXPIRY,,,,,,,,,,,2026-10-27,2026-10-27
VOLTAS,ATM IV,,,,,,,,,,,30.59,31.1
WAAREEENER,PRICE,2401.0,2398.0,,,,2401.0,2398.72,2394.15,2405.15,2361.72,2369.6,2365.4
WAAREEENER,VWAP,,,,,,,,,,,2374.43,2374.08
WAAREEENER,CASH VOL,429460,394147,98164,37.4,45.24,,,,,,88412,92596
WAAREEENER,F&O VOL,13973,9570,,,,,,,,,2536,2695
WAAREEENER,F&O OI,52830,52365,,,,,,,,,53062,53080
WAAREEENER,CALL VOL,5696,3204,,,,,,,,,874,942
WAAREEENER,CALL OI,3929,3545,,,,,,,,,4047,4053
WAAREEENER,PUT VOL,1119,1173,,,,,,,,,299,311
WAAREEENER,PUT OI,2230,2288,,,,,,,,,2230,2235
WAAREEENER,CALL SPRD,,,,,,,,,,,0.98,1.59
WAAREEENER,PUT SPRD,,,,,,,,,,,1.09,1.38
WAAREEENER,CALL OI FIX,3226,,,,,,,,,,3347,3354
WAAREEENER,PUT OI FIX,1387,,,,,,,,,,1406,1408
WAAREEENER,CALL DOI,,,,,,,,,,,349861,343731
WAAREEENER,PUT DOI,,,,,,,,,,,-171048,-174485
WAAREEENER,CALL GEX,,,,,,,,,,,38462,38020
WAAREEENER,PUT GEX,,,,,,,,,,,18362,18706
WAAREEENER,GEX STRIKE,,,,,,,,,,,2400.0,2400.0
WAAREEENER,EXPIRY,,,,,,,,,,,2026-10-27,2026-10-27
WAAREEENER,ATM IV,,,,,,,,,,,32.7,32.74
WIPRO,PRICE,159.6,161.84,,,,159.55,160.45,159.88,160.62,159.77,161.67,161.73
WIPRO,VWAP,,,,,,,,,,,161.35,161.39
WIPRO,CASH VOL,12404246,16386869,2783861,61.19,69.06,,,,,,4888508,5441674
WIPRO,F&O VOL,26032,25747,,,,,,,,,9387,10533
WIPRO,F&O OI,107509,105082,,,,,,,,,107643,107634
WIPRO,CALL VOL,8124,8508,,,,,,,,,4171,4751
WIPRO,CALL OI,13392,12705,,,,,,,,,13299,13281
WIPRO,PUT VOL,4924,5820,,,,,,,,,2227,2402
WIPRO,PUT OI,11136,11101,,,,,,,,,11271,11263
WIPRO,CALL SPRD,,,,,,,,,,,0.81,0.78
WIPRO,PUT SPRD,,,,,,,,,,,0.8,0.63
WIPRO,CALL OI FIX,12035,,,,,,,,,,11942,11918
WIPRO,PUT OI FIX,10984,,,,,,,,,,11121,11110
WIPRO,CALL DOI,,,,,,,,,,,17259702,17371871
WIPRO,PUT DOI,,,,,,,,,,,-14848921,-14796975
WIPRO,CALL GEX,,,,,,,,,,,1830850,1833789
WIPRO,PUT GEX,,,,,,,,,,,1500324,1493411
WIPRO,GEX STRIKE,,,,,,,,,,,165.0,160.0
WIPRO,EXPIRY,,,,,,,,,,,2026-10-27,2026-10-27
WIPRO,ATM IV,,,,,,,,,,,33.76,33.76
YESBANK,PRICE,20.79,20.86,,,,20.76,20.79,20.78,21.45,20.98,20.64,20.59
YESBANK,VWAP,,,,,,,,,,,20.65,20.64
YESBANK,CASH VOL,73908969,48861066,15844273,45.31,56.14,,,,,,15463661,16124081
YESBANK,F&O VOL,15690,9536,,,,,,,,,2714,2885
YESBANK,F&O OI,60696,59505,,,,,,,,,60963,60992
YESBANK,CALL VOL,9158,4511,,,,,,,,,1559,1662
YESBANK,CALL OI,10920,10297,,,,,,,,,10878,10888
YESBANK,PUT VOL,2235,1483,,,,,,,,,519,559
YESBANK,PUT OI,7728,7378,,,,,,,,,7797,7784
YESBANK,CALL SPRD,,,,,,,,,,,4.08,4.26
YESBANK,PUT SPRD,,,,,,,,,,,1.24,3.68
YESBANK,CALL OI FIX,10920,,,,,,,,,,10878,10888
YESBANK,PUT OI FIX,7728,,,,,,,,,,7797,7784
YESBANK,CALL DOI,,,,,,,,,,,68351062,66643987
YESBANK,PUT DOI,,,,,,,,,,,-146600915,-149324761
YESBANK,CALL GEX,,,,,,,,,,,9571535,9368445
YESBANK,PUT GEX,,,,,,,,,,,8258405,8278810
YESBANK,GEX STRIKE,,,,,,,,,,,22.0,22.0
YESBANK,EXPIRY,,,,,,,,,,,2026-10-27,2026-10-27
YESBANK,ATM IV,,,,,,,,,,,33.88,33.81
ZYDUSLIFE,PRICE,1153.0,1159.5,,,,1165.0,1157.5,1154.5,1177.9,1156.43,1135.8,1130.5
ZYDUSLIFE,VWAP,,,,,,,,,,,1142.6,1142.07
ZYDUSLIFE,CASH VOL,1143059,1575419,241023,55.74,53.4,,,,,,367669,385591
ZYDUSLIFE,F&O VOL,7395,10889,,,,,,,,,4126,4379
ZYDUSLIFE,F&O OI,18438,17779,,,,,,,,,19259,19319
ZYDUSLIFE,CALL VOL,1891,3200,,,,,,,,,1655,1643
ZYDUSLIFE,CALL OI,962,753,,,,,,,,,1498,1389
ZYDUSLIFE,PUT VOL,1261,1919,,,,,,,,,602,687
ZYDUSLIFE,PUT OI,1566,1511,,,,,,,,,1731,1655
ZYDUSLIFE,CALL SPRD,,,,,,,,,,,1.48,1.98
ZYDUSLIFE,PUT SPRD,,,,,,,,,,,2.07,1.72
ZYDUSLIFE,CALL OI FIX,2021,,,,,,,,,,2535,2570
ZYDUSLIFE,PUT OI FIX,1989,,,,,,,,,,2053,2065
ZYDUSLIFE,CALL DOI,,,,,,,,,,,566745,512714
ZYDUSLIFE,PUT DOI,,,,,,,,,,,-755265,-715978
ZYDUSLIFE,CALL GEX,,,,,,,,,,,77282,71620
ZYDUSLIFE,PUT GEX,,,,,,,,,,,85486,82995
ZYDUSLIFE,GEX STRIKE,,,,,,,,,,,1150.0,1150.0
ZYDUSLIFE,EXPIRY,,,,,,,,,,,2026-10-27,2026-10-27
ZYDUSLIFE,ATM IV,,,,,,,,,,,28.29,28.6
