Symbol,Metric,PrevDay,PrevDay2,PrevLastHr,DelivPct,DelivPctPrev,Open,dTC,dBC,wTC,wBC,09:20,09:30
360ONE,PRICE,1030.0,1029.2,,,,1027.9,1038.0,1032.67,1092.15,1079.38,1027.0,1027.0
360ONE,VWAP,,,,,,,,,,,1032.03,1032.42
360ONE,CASH VOL,1348986,2488489,582379,60.46,51.88,,,,,,34922,48030
360ONE,F&O VOL,4984,16904,,,,,,,,,118,179
360ONE,F&O OI,13658,19274,,,,,,,,,13678,13672
360ONE,CALL VOL,1923,1250,,,,,,,,,50,91
360ONE,CALL OI,2103,1758,,,,,,,,,2114,2113
360ONE,PUT VOL,960,763,,,,,,,,,26,44
360ONE,PUT OI,1860,1774,,,,,,,,,1863,1864
360ONE,CALL SPRD,,,,,,,,,,,,
360ONE,PUT SPRD,,,,,,,,,,,,
ABB,PRICE,6776.0,6660.5,,,,6780.0,6849.25,6800.42,7215.25,7106.75,6780.0,6780.0
ABB,VWAP,,,,,,,,,,,6791.17,6809.01
ABB,CASH VOL,229223,213768,67180,38.21,48.9,,,,,,8034,16331
ABB,F&O VOL,28237,30618,,,,,,,,,260,735
ABB,F&O OI,22442,29696,,,,,,,,,22490,22502
ABB,CALL VOL,12805,2720,,,,,,,,,78,310
ABB,CALL OI,3605,2184,,,,,,,,,3626,3655
ABB,PUT VOL,7356,2431,,,,,,,,,46,94
ABB,PUT OI,3658,3283,,,,,,,,,3661,3675
ABB,CALL SPRD,,,,,,,,,,,,
ABB,PUT SPRD,,,,,,,,,,,,
ABCAPITAL,PRICE,380.6,378.0,,,,378.6,382.75,381.32,395.12,391.71,378.0,378.0
ABCAPITAL,VWAP,,,,,,,,,,,378.83,378.51
ABCAPITAL,CASH VOL,3567531,4503197,964187,51.66,61.41,,,,,,97952,135173
ABCAPITAL,F&O VOL,3839,12604,,,,,,,,,145,309
ABCAPITAL,F&O OI,18748,23237,,,,,,,,,18760,18815
ABCAPITAL,CALL VOL,1335,1653,,,,,,,,,53,121
ABCAPITAL,CALL OI,1601,1426,,,,,,,,,1616,1651
ABCAPITAL,PUT VOL,819,1668,,,,,,,,,21,49
ABCAPITAL,PUT OI,2279,2200,,,,,,,,,2271,2277
ABCAPITAL,CALL SPRD,,,,,,,,,,,,
ABCAPITAL,PUT SPRD,,,,,,,,,,,,
ADANIENSOL,PRICE,1314.6,1305.8,,,,1318.1,1324.85,1318.02,1373.7,1350.23,1318.0,1318.0
ADANIENSOL,VWAP,,,,,,,,,,,1328.03,1341.54
ADANIENSOL,CASH VOL,1154073,2592098,315496,47.76,53.56,,,,,,150227,432631
ADANIENSOL,F&O VOL,6029,25719,,,,,,,,,396,1716
ADANIENSOL,F&O OI,39717,50290,,,,,,,,,39725,39892
ADANIENSOL,CALL VOL,2623,4121,,,,,,,,,259,1191
ADANIENSOL,CALL OI,2587,2344,,,,,,,,,2487,2657
ADANIENSOL,PUT VOL,1070,868,,,,,,,,,10,154
ADANIENSOL,PUT OI,1015,744,,,,,,,,,1067,1077
ADANIENSOL,CALL SPRD,,,,,,,,,,,,
ADANIENSOL,PUT SPRD,,,,,,,,,,,,
ADANIENT,PRICE,2903.4,2972.9,,,,2900.0,2918.8,2908.53,2962.15,2931.72,2900.0,2900.0
ADANIENT,VWAP,,,,,,,,,,,2878.03,2877.75
ADANIENT,CASH VOL,1663023,4062231,556452,43.02,67.72,,,,,,94072,130067
ADANIENT,F&O VOL,48948,116698,,,,,,,,,1031,2977
ADANIENT,F&O OI,80266,97486,,,,,,,,,80293,80468
ADANIENT,CALL VOL,22700,31621,,,,,,,,,656,1378
ADANIENT,CALL OI,13188,11564,,,,,,,,,13261,13345
ADANIENT,PUT VOL,14368,16413,,,,,,,,,265,1104
ADANIENT,PUT OI,8064,7321,,,,,,,,,8054,8087
ADANIENT,CALL SPRD,,,,,,,,,,,,
ADANIENT,PUT SPRD,,,,,,,,,,,,
ADANIGREEN,PRICE,1278.0,1260.0,,,,1274.1,1274.53,1267.6,1301.1,1298.1,1274.0,1274.0
ADANIGREEN,VWAP,,,,,,,,,,,1270.73,1271.9
ADANIGREEN,CASH VOL,1452231,1615165,591500,56.21,41.28,,,,,,37844,73987
ADANIGREEN,F&O VOL,11460,37312,,,,,,,,,273,876
ADANIGREEN,F&O OI,49756,58147,,,,,,,,,49746,49857
ADANIGREEN,CALL VOL,5550,4949,,,,,,,,,111,463
ADANIGREEN,CALL OI,3428,2496,,,,,,,,,3429,3478
ADANIGREEN,PUT VOL,1971,2420,,,,,,,,,61,152
ADANIGREEN,PUT OI,2372,2161,,,,,,,,,2367,2384
ADANIGREEN,CALL SPRD,,,,,,,,,,,,
ADANIGREEN,PUT SPRD,,,,,,,,,,,,
ADANIPORTS,PRICE,1798.3,1822.0,,,,1786.0,1795.3,1789.3,1789.7,1788.57,1786.0,1786.0
ADANIPORTS,VWAP,,,,,,,,,,,1771.6,1769.38
ADANIPORTS,CASH VOL,3199507,4214197,1067372,63.4,70.77,,,,,,136733,282642
ADANIPORTS,F&O VOL,31025,63117,,,,,,,,,758,1890
ADANIPORTS,F&O OI,49599,69920,,,,,,,,,49563,49611
ADANIPORTS,CALL VOL,11000,12573,,,,,,,,,348,755
ADANIPORTS,CALL OI,5454,4965,,,,,,,,,5445,5488
ADANIPORTS,PUT VOL,8561,6591,,,,,,,,,171,535
ADANIPORTS,PUT OI,6026,5412,,,,,,,,,5986,5941
ADANIPORTS,CALL SPRD,,,,,,,,,,,,
ADANIPORTS,PUT SPRD,,,,,,,,,,,,
ADANIPOWER,PRICE,204.0,196.3,,,,202.9,203.19,201.57,203.32,202.94,202.0,202.0
ADANIPOWER,VWAP,,,,,,,,,,,201.63,201.28
ADANIPOWER,CASH VOL,21070859,33801685,4970443,40.06,49.11,,,,,,1038858,1777349
ADANIPOWER,F&O VOL,30105,66501,,,,,,,,,375,1227
ADANIPOWER,F&O OI,75565,90008,,,,,,,,,75574,75666
ADANIPOWER,CALL VOL,13761,,,,,,,,,,180,525
ADANIPOWER,CALL OI,4996,,,,,,,,,,4518,5138
ADANIPOWER,PUT VOL,6073,,,,,,,,,,96,286
ADANIPOWER,PUT OI,4532,,,,,,,,,,4341,4502
ADANIPOWER,CALL SPRD,,,,,,,,,,,,
ADANIPOWER,PUT SPRD,,,,,,,,,,,,
ALKEM,PRICE,5163.5,5250.0,,,,5150.0,5205.75,5177.58,5342.0,5296.67,5150.0,5150.0
ALKEM,VWAP,,,,,,,,,,,5127.0,5127.21
ALKEM,CASH VOL,146577,244410,63674,63.35,51.82,,,,,,2124,4531
ALKEM,F&O VOL,6530,10944,,,,,,,,,84,272
ALKEM,F&O OI,17311,20419,,,,,,,,,17306,17280
ALKEM,CALL VOL,2861,1198,,,,,,,,,12,135
ALKEM,CALL OI,777,295,,,,,,,,,398,745
ALKEM,PUT VOL,1165,642,,,,,,,,,9,49
ALKEM,PUT OI,772,450,,,,,,,,,763,774
ALKEM,CALL SPRD,,,,,,,,,,,,
ALKEM,PUT SPRD,,,,,,,,,,,,
AMBER,PRICE,6672.5,6606.5,,,,6658.0,6701.5,6682.17,7045.25,6988.42,6658.0,6658.0
AMBER,VWAP,,,,,,,,,,,6673.67,6673.04
AMBER,CASH VOL,224400,286219,58171,46.48,44.08,,,,,,6764,10335
AMBER,F&O VOL,12342,33506,,,,,,,,,511,979
AMBER,F&O OI,19282,27216,,,,,,,,,19332,19342
AMBER,CALL VOL,5538,4064,,,,,,,,,278,522
AMBER,CALL OI,3126,2374,,,,,,,,,3193,3237
AMBER,PUT VOL,2875,4043,,,,,,,,,81,147
AMBER,PUT OI,1984,1694,,,,,,,,,1976,1981
AMBER,CALL SPRD,,,,,,,,,,,,
AMBER,PUT SPRD,,,,,,,,,,,,
AMBUJACEM,PRICE,374.0,365.75,,,,371.5,373.55,372.65,388.82,385.48,374.0,374.0
AMBUJACEM,VWAP,,,,,,,,,,,367.93,366.78
AMBUJACEM,CASH VOL,3219926,1769537,1114777,54.33,46.81,,,,,,154061,381989
AMBUJACEM,F&O VOL,16263,43250,,,,,,,,,818,2175
AMBUJACEM,F&O OI,94512,107283,,,,,,,,,94675,94982
AMBUJACEM,CALL VOL,5063,3313,,,,,,,,,308,737
AMBUJACEM,CALL OI,3160,2674,,,,,,,,,3260,3312
AMBUJACEM,PUT VOL,3384,2375,,,,,,,,,146,323
AMBUJACEM,PUT OI,2611,2285,,,,,,,,,2609,2632
AMBUJACEM,CALL SPRD,,,,,,,,,,,,
AMBUJACEM,PUT SPRD,,,,,,,,,,,,
ANGELONE,PRICE,274.0,273.5,,,,274.0,275.73,274.58,294.25,290.08,274.0,274.0
ANGELONE,VWAP,,,,,,,,,,,273.88,273.8
ANGELONE,CASH VOL,2439788,4376351,476595,28.3,41.56,,,,,,269056,476002
ANGELONE,F&O VOL,7700,21560,,,,,,,,,142,505
ANGELONE,F&O OI,21578,27987,,,,,,,,,21620,21645
ANGELONE,CALL VOL,2916,2904,,,,,,,,,63,200
ANGELONE,CALL OI,3068,2425,,,,,,,,,3089,3095
ANGELONE,PUT VOL,2156,1874,,,,,,,,,44,128
ANGELONE,PUT OI,2889,2352,,,,,,,,,2896,2887
ANGELONE,CALL SPRD,,,,,,,,,,,,
ANGELONE,PUT SPRD,,,,,,,,,,,,
APLAPOLLO,PRICE,2190.1,2188.6,,,,2187.2,2203.05,2194.42,2207.67,2193.6,2187.0,2187.0
APLAPOLLO,VWAP,,,,,,,,,,,2190.0,2184.33
APLAPOLLO,CASH VOL,587352,639577,289761,58.1,63.43,,,,,,21559,35053
APLAPOLLO,F&O VOL,13348,30106,,,,,,,,,287,771
APLAPOLLO,F&O OI,50101,55055,,,,,,,,,50221,50346
APLAPOLLO,CALL VOL,4513,2196,,,,,,,,,100,218
APLAPOLLO,CALL OI,2554,1776,,,,,,,,,2917,2582
APLAPOLLO,PUT VOL,3189,1653,,,,,,,,,39,113
APLAPOLLO,PUT OI,2673,1687,,,,,,,,,2651,2684
APLAPOLLO,CALL SPRD,,,,,,,,,,,,
APLAPOLLO,PUT SPRD,,,,,,,,,,,,
APOLLOHOSP,PRICE,8165.5,8659.0,,,,8090.0,8356.0,8229.0,8946.0,8908.0,8090.0,8090.0
APOLLOHOSP,VWAP,,,,,,,,,,,7987.83,7961.53
APOLLOHOSP,CASH VOL,2108531,609210,361034,58.81,66.29,,,,,,92519,167803
APOLLOHOSP,F&O VOL,188734,38980,,,,,,,,,9577,22821
APOLLOHOSP,F&O OI,47927,36274,,,,,,,,,48697,49921
APOLLOHOSP,CALL VOL,31618,9810,,,,,,,,,1964,5962
APOLLOHOSP,CALL OI,6645,3277,,,,,,,,,4991,7695
APOLLOHOSP,PUT VOL,79344,6975,,,,,,,,,5165,9766
APOLLOHOSP,PUT OI,7452,2575,,,,,,,,,8107,7660
APOLLOHOSP,CALL SPRD,,,,,,,,,,,,
APOLLOHOSP,PUT SPRD,,,,,,,,,,,,
ASHOKLEY,PRICE,154.19,153.44,,,,154.45,154.77,154.38,160.15,159.44,154.0,154.0
ASHOKLEY,VWAP,,,,,,,,,,,151.94,150.82
ASHOKLEY,CASH VOL,17703276,14351744,3523811,54.42,52.26,,,,,,1014611,2292739
ASHOKLEY,F&O VOL,17334,47663,,,,,,,,,1104,4825
ASHOKLEY,F&O OI,44519,59340,,,,,,,,,44663,45425
ASHOKLEY,CALL VOL,5105,4522,,,,,,,,,528,1614
ASHOKLEY,CALL OI,4205,3744,,,,,,,,,4282,4467
ASHOKLEY,PUT VOL,3731,6831,,,,,,,,,444,1417
ASHOKLEY,PUT OI,6261,6120,,,,,,,,,6176,6382
ASHOKLEY,CALL SPRD,,,,,,,,,,,,
ASHOKLEY,PUT SPRD,,,,,,,,,,,,
ASIANPAINT,PRICE,2402.6,2415.0,,,,2391.0,2410.25,2405.15,2440.35,2433.05,2391.0,2391.0
ASIANPAINT,VWAP,,,,,,,,,,,2388.37,2385.55
ASIANPAINT,CASH VOL,553695,909789,253806,68.65,68.42,,,,,,9315,18171
ASIANPAINT,F&O VOL,20045,39183,,,,,,,,,354,888
ASIANPAINT,F&O OI,43476,60643,,,,,,,,,43490,43502
ASIANPAINT,CALL VOL,5288,2993,,,,,,,,,101,295
ASIANPAINT,CALL OI,2775,1494,,,,,,,,,2785,2816
ASIANPAINT,PUT VOL,4476,6329,,,,,,,,,118,194
ASIANPAINT,PUT OI,3658,3411,,,,,,,,,3638,3638
ASIANPAINT,CALL SPRD,,,,,,,,,,,,
ASIANPAINT,PUT SPRD,,,,,,,,,,,,
ASTRAL,PRICE,1370.4,1375.0,,,,1368.1,1375.05,1371.95,1403.85,1400.62,1368.0,1368.0
ASTRAL,VWAP,,,,,,,,,,,1359.1,1355.19
ASTRAL,CASH VOL,258131,933913,89519,60.09,58.72,,,,,,10887,17446
ASTRAL,F&O VOL,6344,18175,,,,,,,,,222,528
ASTRAL,F&O OI,16042,26336,,,,,,,,,16084,16096
ASTRAL,CALL VOL,2376,2890,,,,,,,,,179,269
ASTRAL,CALL OI,1097,897,,,,,,,,,1127,1133
ASTRAL,PUT VOL,2212,1611,,,,,,,,,30,166
ASTRAL,PUT OI,1469,1104,,,,,,,,,1469,1466
ASTRAL,CALL SPRD,,,,,,,,,,,,
ASTRAL,PUT SPRD,,,,,,,,,,,,
AUBANK,PRICE,1010.3,1005.2,,,,1009.0,1008.58,1005.15,1026.4,1020.8,1009.0,1009.0
AUBANK,VWAP,,,,,,,,,,,1005.1,1003.12
AUBANK,CASH VOL,1358165,1870471,503946,57.41,60.06,,,,,,59541,108728
AUBANK,F&O VOL,9336,22035,,,,,,,,,125,505
AUBANK,F&O OI,31833,40198,,,,,,,,,31831,31941
AUBANK,CALL VOL,2375,,,,,,,,,,131,187
AUBANK,CALL OI,2089,,,,,,,,,,2453,2173
AUBANK,PUT VOL,2655,,,,,,,,,,50,116
AUBANK,PUT OI,2399,,,,,,,,,,2536,2431
AUBANK,CALL SPRD,,,,,,,,,,,,
AUBANK,PUT SPRD,,,,,,,,,,,,
AUROPHARMA,PRICE,1672.0,1697.7,,,,1677.9,1678.25,1674.08,1714.65,1712.88,1677.0,1677.0
AUROPHARMA,VWAP,,,,,,,,,,,1672.13,1675.53
AUROPHARMA,CASH VOL,1138610,1159038,352702,51.09,64.81,,,,,,23086,49773
AUROPHARMA,F&O VOL,16663,28755,,,,,,,,,487,1368
AUROPHARMA,F&O OI,33096,40062,,,,,,,,,33211,33447
AUROPHARMA,CALL VOL,5061,3290,,,,,,,,,326,677
AUROPHARMA,CALL OI,4018,2893,,,,,,,,,3996,4166
AUROPHARMA,PUT VOL,5867,2216,,,,,,,,,145,500
AUROPHARMA,PUT OI,3299,2162,,,,,,,,,3404,3448
AUROPHARMA,CALL SPRD,,,,,,,,,,,,
AUROPHARMA,PUT SPRD,,,,,,,,,,,,
AXISBANK,PRICE,1226.0,1212.1,,,,1219.1,1223.7,1219.1,1220.03,1215.3,1219.0,1219.0
AXISBANK,VWAP,,,,,,,,,,,1229.97,1232.48
AXISBANK,CASH VOL,6178741,7260302,2600897,64.84,64.63,,,,,,262315,784162
AXISBANK,F&O VOL,68780,125354,,,,,,,,,2328,5393
AXISBANK,F&O OI,190742,222560,,,,,,,,,190971,191298
AXISBANK,CALL VOL,27616,,,,,,,,,,800,2178
AXISBANK,CALL OI,16364,,,,,,,,,,16767,16687
AXISBANK,PUT VOL,14276,,,,,,,,,,597,951
AXISBANK,PUT OI,9064,,,,,,,,,,10640,9245
AXISBANK,CALL SPRD,,,,,,,,,,,,
AXISBANK,PUT SPRD,,,,,,,,,,,,
BAJAJ-AUTO,PRICE,10874.0,10811.0,,,,10701.0,10871.33,10866.0,11367.0,11309.67,10701.0,10701.0
BAJAJ-AUTO,VWAP,,,,,,,,,,,10495.0,10369.15
BAJAJ-AUTO,CASH VOL,313712,527929,97073,62.08,60.92,,,,,,51550,114429
BAJAJ-AUTO,F&O VOL,36206,78124,,,,,,,,,11824,35546
BAJAJ-AUTO,F&O OI,46386,66527,,,,,,,,,48478,51911
BAJAJ-AUTO,CALL VOL,12139,8322,,,,,,,,,2495,4766
BAJAJ-AUTO,CALL OI,793,3899,,,,,,,,,3809,2351
BAJAJ-AUTO,PUT VOL,10302,11069,,,,,,,,,4762,17934
BAJAJ-AUTO,PUT OI,3120,6594,,,,,,,,,6664,5004
BAJAJ-AUTO,CALL SPRD,,,,,,,,,,,,
BAJAJ-AUTO,PUT SPRD,,,,,,,,,,,,
BAJAJFINSV,PRICE,1731.0,1742.4,,,,1723.0,1729.02,1725.05,1809.9,1783.97,1723.0,1723.0
BAJAJFINSV,VWAP,,,,,,,,,,,1718.9,1717.07
BAJAJFINSV,CASH VOL,1086211,858895,592224,62.11,65.41,,,,,,14909,31585
BAJAJFINSV,F&O VOL,24627,31546,,,,,,,,,308,855
BAJAJFINSV,F&O OI,43274,67201,,,,,,,,,43292,43319
BAJAJFINSV,CALL VOL,7509,5699,,,,,,,,,116,367
BAJAJFINSV,CALL OI,3175,2456,,,,,,,,,3172,3204
BAJAJFINSV,PUT VOL,5438,4794,,,,,,,,,79,181
BAJAJFINSV,PUT OI,4597,3920,,,,,,,,,4598,4624
BAJAJFINSV,CALL SPRD,,,,,,,,,,,,
BAJAJFINSV,PUT SPRD,,,,,,,,,,,,
BAJAJHLDNG,PRICE,10788.0,10600.0,,,,10775.0,10768.67,10730.0,11093.5,10991.17,10775.0,10775.0
BAJAJHLDNG,VWAP,,,,,,,,,,,10735.67,10682.64
BAJAJHLDNG,CASH VOL,40117,65092,16481,63.23,66.15,,,,,,140,1648
BAJAJHLDNG,F&O VOL,644,4943,,,,,,,,,1,6
BAJAJHLDNG,F&O OI,3374,4748,,,,,,,,,3374,3373
BAJAJHLDNG,CALL VOL,182,74,,,,,,,,,4,5
BAJAJHLDNG,CALL OI,120,60,,,,,,,,,120,119
BAJAJHLDNG,PUT VOL,96,21,,,,,,,,,0,1
BAJAJHLDNG,PUT OI,100,31,,,,,,,,,100,100
BAJAJHLDNG,CALL SPRD,,,,,,,,,,,,
BAJAJHLDNG,PUT SPRD,,,,,,,,,,,,
BAJFINANCE,PRICE,959.4,973.8,,,,953.9,968.65,962.48,1008.6,1000.8,953.0,953.0
BAJFINANCE,VWAP,,,,,,,,,,,953.53,950.95
BAJFINANCE,CASH VOL,6625616,8612123,2577626,65.87,67.76,,,,,,220308,448273
BAJFINANCE,F&O VOL,38048,78571,,,,,,,,,774,2658
BAJFINANCE,F&O OI,122544,159722,,,,,,,,,122713,122971
BAJFINANCE,CALL VOL,10575,9478,,,,,,,,,288,1115
BAJFINANCE,CALL OI,8814,7023,,,,,,,,,8897,9101
BAJFINANCE,PUT VOL,10315,12911,,,,,,,,,194,546
BAJFINANCE,PUT OI,10208,8810,,,,,,,,,10224,10243
BAJFINANCE,CALL SPRD,,,,,,,,,,,,
BAJFINANCE,PUT SPRD,,,,,,,,,,,,
BANDHANBNK,PRICE,178.23,185.31,,,,178.25,180.81,179.09,186.57,184.31,178.0,178.0
BANDHANBNK,VWAP,,,,,,,,,,,179.1,179.13
BANDHANBNK,CASH VOL,13031625,9533177,6063954,45.51,43.64,,,,,,461162,771111
BANDHANBNK,F&O VOL,27582,31297,,,,,,,,,67,119
BANDHANBNK,F&O OI,56684,61748,,,,,,,,,56662,56634
BANDHANBNK,CALL VOL,7220,,,,,,,,,,22,40
BANDHANBNK,CALL OI,6072,,,,,,,,,,6059,6052
BANDHANBNK,PUT VOL,5227,,,,,,,,,,15,25
BANDHANBNK,PUT OI,5013,,,,,,,,,,5007,5001
BANDHANBNK,CALL SPRD,,,,,,,,,,,,
BANDHANBNK,PUT SPRD,,,,,,,,,,,,
BANKBARODA,PRICE,230.55,227.68,,,,230.0,233.0,231.36,235.21,235.11,230.0,230.0
BANKBARODA,VWAP,,,,,,,,,,,230.29,230.19
BANKBARODA,CASH VOL,10920670,7198395,3750124,51.29,39.78,,,,,,162849,309183
BANKBARODA,F&O VOL,37005,57183,,,,,,,,,413,1254
BANKBARODA,F&O OI,73041,83828,,,,,,,,,73055,73082
BANKBARODA,CALL VOL,14022,,,,,,,,,,151,456
BANKBARODA,CALL OI,5961,,,,,,,,,,5976,6015
BANKBARODA,PUT VOL,9560,,,,,,,,,,145,277
BANKBARODA,PUT OI,7700,,,,,,,,,,7671,7651
BANKBARODA,CALL SPRD,,,,,,,,,,,,
BANKBARODA,PUT SPRD,,,,,,,,,,,,
BANKINDIA,PRICE,130.24,130.11,,,,130.0,131.49,130.66,138.38,138.08,130.0,130.0
BANKINDIA,VWAP,,,,,,,,,,,129.98,129.86
BANKINDIA,CASH VOL,5018149,9187360,1888425,47.27,45.83,,,,,,170581,331335
BANKINDIA,F&O VOL,9116,19364,,,,,,,,,101,280
BANKINDIA,F&O OI,25620,30474,,,,,,,,,25643,25689
BANKINDIA,CALL VOL,3451,1793,,,,,,,,,15,93
BANKINDIA,CALL OI,3824,3051,,,,,,,,,3824,3854
BANKINDIA,PUT VOL,2515,2271,,,,,,,,,17,62
BANKINDIA,PUT OI,4747,4209,,,,,,,,,4746,4753
BANKINDIA,CALL SPRD,,,,,,,,,,,,
BANKINDIA,PUT SPRD,,,,,,,,,,,,
BDL,PRICE,1110.1,1085.1,,,,1103.0,1109.83,1109.3,1165.45,1148.48,1103.0,1103.0
BDL,VWAP,,,,,,,,,,,1109.37,1108.06
BDL,CASH VOL,1193043,1081355,304756,38.38,45.37,,,,,,56760,91116
BDL,F&O VOL,13073,48131,,,,,,,,,215,667
BDL,F&O OI,35131,53697,,,,,,,,,35159,35165
BDL,CALL VOL,6710,4778,,,,,,,,,161,377
BDL,CALL OI,5746,5234,,,,,,,,,6537,5783
BDL,PUT VOL,2067,3182,,,,,,,,,50,144
BDL,PUT OI,5443,5276,,,,,,,,,5045,5435
BDL,CALL SPRD,,,,,,,,,,,,
BDL,PUT SPRD,,,,,,,,,,,,
BEL,PRICE,388.3,387.75,,,,385.2,388.2,388.0,394.62,393.91,388.0,388.0
BEL,VWAP,,,,,,,,,,,384.03,383.66
BEL,CASH VOL,9671143,13517154,2619229,61.95,70.83,,,,,,429488,781458
BEL,F&O VOL,30618,71949,,,,,,,,,717,2297
BEL,F&O OI,97259,136370,,,,,,,,,97398,97778
BEL,CALL VOL,14510,11831,,,,,,,,,395,1226
BEL,CALL OI,11289,9847,,,,,,,,,11347,11567
BEL,PUT VOL,6003,9156,,,,,,,,,253,552
BEL,PUT OI,10586,10049,,,,,,,,,10629,10656
BEL,CALL SPRD,,,,,,,,,,,,
BEL,PUT SPRD,,,,,,,,,,,,
BHARATFORG,PRICE,1926.0,1942.0,,,,1910.0,1923.42,1918.25,1999.57,1982.7,1910.0,1910.0
BHARATFORG,VWAP,,,,,,,,,,,1901.23,1888.55
BHARATFORG,CASH VOL,1059256,1101271,252552,59.22,59.78,,,,,,13794,34307
BHARATFORG,F&O VOL,10429,23303,,,,,,,,,206,988
BHARATFORG,F&O OI,24198,33104,,,,,,,,,24185,24269
BHARATFORG,CALL VOL,3202,2386,,,,,,,,,54,365
BHARATFORG,CALL OI,2578,2264,,,,,,,,,2588,2644
BHARATFORG,PUT VOL,3445,2596,,,,,,,,,62,312
BHARATFORG,PUT OI,2840,2372,,,,,,,,,2834,2834
BHARATFORG,CALL SPRD,,,,,,,,,,,,
BHARATFORG,PUT SPRD,,,,,,,,,,,,
BHARTIARTL,PRICE,1757.0,1771.2,,,,1745.0,1766.6,1760.2,1819.9,1796.9,1745.0,1745.0
BHARTIARTL,VWAP,,,,,,,,,,,1741.23,1744.35
BHARTIARTL,CASH VOL,8080358,9811381,3734051,75.21,72.52,,,,,,375166,526328
BHARTIARTL,F&O VOL,85456,116199,,,,,,,,,3438,7767
BHARTIARTL,F&O OI,176257,223864,,,,,,,,,176644,176899
BHARTIARTL,CALL VOL,37683,27636,,,,,,,,,1797,4446
BHARTIARTL,CALL OI,19255,14575,,,,,,,,,17813,19656
BHARTIARTL,PUT VOL,27412,21767,,,,,,,,,766,1740
BHARTIARTL,PUT OI,19586,19181,,,,,,,,,19265,19563
BHARTIARTL,CALL SPRD,,,,,,,,,,,,
BHARTIARTL,PUT SPRD,,,,,,,,,,,,
BHEL,PRICE,415.5,413.35,,,,413.75,416.75,415.92,425.75,421.22,413.0,413.0
BHEL,VWAP,,,,,,,,,,,413.77,413.04
BHEL,CASH VOL,8153812,6607415,3904013,52.92,45.04,,,,,,235311,415529
BHEL,F&O VOL,21367,47919,,,,,,,,,539,1312
BHEL,F&O OI,45111,58905,,,,,,,,,45186,45285
BHEL,CALL VOL,10126,10829,,,,,,,,,378,667
BHEL,CALL OI,5590,4871,,,,,,,,,5644,5683
BHEL,PUT VOL,4648,5221,,,,,,,,,104,305
BHEL,PUT OI,3841,3748,,,,,,,,,3850,3860
BHEL,CALL SPRD,,,,,,,,,,,,
BHEL,PUT SPRD,,,,,,,,,,,,
BIOCON,PRICE,370.3,377.0,,,,370.55,375.75,372.12,388.85,384.38,370.0,370.0
BIOCON,VWAP,,,,,,,,,,,370.63,368.91
BIOCON,CASH VOL,1849491,2779766,496359,54.53,45.05,,,,,,90745,356490
BIOCON,F&O VOL,10455,22893,,,,,,,,,211,1298
BIOCON,F&O OI,31744,41931,,,,,,,,,31739,31852
BIOCON,CALL VOL,3117,3096,,,,,,,,,63,451
BIOCON,CALL OI,2626,1874,,,,,,,,,2634,2673
BIOCON,PUT VOL,2962,1807,,,,,,,,,98,435
BIOCON,PUT OI,3631,2857,,,,,,,,,3681,3700
BIOCON,CALL SPRD,,,,,,,,,,,,
BIOCON,PUT SPRD,,,,,,,,,,,,
BLUESTARCO,PRICE,1518.0,1529.5,,,,1513.0,1521.6,1519.2,1557.17,1541.5,1513.0,1513.0
BLUESTARCO,VWAP,,,,,,,,,,,1510.47,1506.04
BLUESTARCO,CASH VOL,615606,1003421,260326,45.57,53.36,,,,,,24556,36800
BLUESTARCO,F&O VOL,11785,24363,,,,,,,,,212,458
BLUESTARCO,F&O OI,26784,33126,,,,,,,,,26843,26847
BLUESTARCO,CALL VOL,4294,2918,,,,,,,,,96,244
BLUESTARCO,CALL OI,3162,2327,,,,,,,,,3301,3214
BLUESTARCO,PUT VOL,2560,1854,,,,,,,,,13,95
BLUESTARCO,PUT OI,1825,1504,,,,,,,,,1457,1820
BLUESTARCO,CALL SPRD,,,,,,,,,,,,
BLUESTARCO,PUT SPRD,,,,,,,,,,,,
BOSCHLTD,PRICE,47100.0,45700.0,,,,46810.0,46984.17,46752.5,48098.33,47795.0,46810.0,46810.0
BOSCHLTD,VWAP,,,,,,,,,,,46505.0,46284.8
BOSCHLTD,CASH VOL,30394,14828,9133,43.75,44.05,,,,,,1281,3736
BOSCHLTD,F&O VOL,19286,25205,,,,,,,,,657,2264
BOSCHLTD,F&O OI,11460,15887,,,,,,,,,11458,11627
BOSCHLTD,CALL VOL,4145,813,,,,,,,,,213,507
BOSCHLTD,CALL OI,644,493,,,,,,,,,801,706
BOSCHLTD,PUT VOL,4155,1421,,,,,,,,,326,706
BOSCHLTD,PUT OI,1609,976,,,,,,,,,1547,1529
BOSCHLTD,CALL SPRD,,,,,,,,,,,,
BOSCHLTD,PUT SPRD,,,,,,,,,,,,
BPCL,PRICE,303.2,299.35,,,,302.0,304.68,303.69,312.0,309.67,302.0,302.0
BPCL,VWAP,,,,,,,,,,,300.3,299.51
BPCL,CASH VOL,5525502,4538466,1545149,60.4,62.03,,,,,,201239,597175
BPCL,F&O VOL,10700,17430,,,,,,,,,345,874
BPCL,F&O OI,23972,30196,,,,,,,,,24041,24132
BPCL,CALL VOL,5125,3227,,,,,,,,,159,354
BPCL,CALL OI,2351,2034,,,,,,,,,2393,2410
BPCL,PUT VOL,2639,2020,,,,,,,,,91,246
BPCL,PUT OI,2258,1761,,,,,,,,,2261,2279
BPCL,CALL SPRD,,,,,,,,,,,,
BPCL,PUT SPRD,,,,,,,,,,,,
BRITANNIA,PRICE,4830.0,4835.0,,,,4798.0,4818.08,4794.25,4956.75,4943.92,4798.0,4798.0
BRITANNIA,VWAP,,,,,,,,,,,4787.67,4786.59
BRITANNIA,CASH VOL,485651,524981,169075,60.77,59.41,,,,,,7462,10252
BRITANNIA,F&O VOL,15831,37438,,,,,,,,,192,535
BRITANNIA,F&O OI,27464,38114,,,,,,,,,27468,27522
BRITANNIA,CALL VOL,4969,3672,,,,,,,,,59,184
BRITANNIA,CALL OI,2034,1475,,,,,,,,,2037,2055
BRITANNIA,PUT VOL,4036,4589,,,,,,,,,52,163
BRITANNIA,PUT OI,2219,2171,,,,,,,,,2223,2242
BRITANNIA,CALL SPRD,,,,,,,,,,,,
BRITANNIA,PUT SPRD,,,,,,,,,,,,
BSE,PRICE,3092.0,3200.0,,,,3089.9,3112.0,3098.67,3196.55,3193.18,3089.0,3089.0
BSE,VWAP,,,,,,,,,,,3099.2,3098.53
BSE,CASH VOL,6411793,30101047,1032204,30.85,75.21,,,,,,196163,322077
BSE,F&O VOL,218008,355751,,,,,,,,,3043,6605
BSE,F&O OI,124201,161767,,,,,,,,,124504,125134
BSE,CALL VOL,81509,,,,,,,,,,1378,2843
BSE,CALL OI,20266,,,,,,,,,,20220,20349
BSE,PUT VOL,58922,,,,,,,,,,560,1534
BSE,PUT OI,16463,,,,,,,,,,16585,16811
BSE,CALL SPRD,,,,,,,,,,,,
BSE,PUT SPRD,,,,,,,,,,,,
CAMS,PRICE,671.0,666.0,,,,671.0,672.98,671.66,714.15,709.62,671.0,671.0
CAMS,VWAP,,,,,,,,,,,670.62,669.04
CAMS,CASH VOL,1798467,2128456,648102,59.0,40.81,,,,,,34990,126527
CAMS,F&O VOL,6457,22771,,,,,,,,,88,264
CAMS,F&O OI,17388,26397,,,,,,,,,17400,17439
CAMS,CALL VOL,2503,2039,,,,,,,,,52,134
CAMS,CALL OI,1285,950,,,,,,,,,1286,1306
CAMS,PUT VOL,1618,3753,,,,,,,,,33,72
CAMS,PUT OI,1725,1364,,,,,,,,,1736,1733
CAMS,CALL SPRD,,,,,,,,,,,,
CAMS,PUT SPRD,,,,,,,,,,,,
CANBK,PRICE,119.44,119.51,,,,119.45,120.46,119.78,124.91,124.75,119.0,119.0
CANBK,VWAP,,,,,,,,,,,119.48,119.37
CANBK,CASH VOL,12579795,20596639,4301524,56.7,48.9,,,,,,485841,1105090
CANBK,F&O VOL,12308,42306,,,,,,,,,231,730
CANBK,F&O OI,69140,76917,,,,,,,,,69208,69314
CANBK,CALL VOL,2660,,,,,,,,,,86,242
CANBK,CALL OI,2174,,,,,,,,,,2145,2244
CANBK,PUT VOL,2357,,,,,,,,,,26,65
CANBK,PUT OI,3011,,,,,,,,,,2313,3022
CANBK,CALL SPRD,,,,,,,,,,,,
CANBK,PUT SPRD,,,,,,,,,,,,
CDSL,PRICE,1264.0,1261.9,,,,1264.0,1274.5,1267.5,1353.7,1329.9,1264.0,1264.0
CDSL,VWAP,,,,,,,,,,,1268.33,1264.47
CDSL,CASH VOL,871860,1412255,275304,42.28,44.99,,,,,,55408,119347
CDSL,F&O VOL,13030,55997,,,,,,,,,278,1538
CDSL,F&O OI,43969,56230,,,,,,,,,43998,44045
CDSL,CALL VOL,5381,6367,,,,,,,,,127,604
CDSL,CALL OI,4771,4185,,,,,,,,,5106,4798
CDSL,PUT VOL,3047,9386,,,,,,,,,89,418
CDSL,PUT OI,7246,6916,,,,,,,,,7004,7261
CDSL,CALL SPRD,,,,,,,,,,,,
CDSL,PUT SPRD,,,,,,,,,,,,
CGPOWER,PRICE,854.2,858.05,,,,861.0,865.5,857.97,901.6,891.2,861.0,861.0
CGPOWER,VWAP,,,,,,,,,,,866.32,869.72
CGPOWER,CASH VOL,2404620,2197467,800642,56.61,52.34,,,,,,145703,345177
CGPOWER,F&O VOL,7325,21403,,,,,,,,,1038,2617
CGPOWER,F&O OI,25660,32048,,,,,,,,,25846,25975
CGPOWER,CALL VOL,3165,,,,,,,,,,541,1740
CGPOWER,CALL OI,2020,,,,,,,,,,2037,2046
CGPOWER,PUT VOL,1172,,,,,,,,,,169,352
CGPOWER,PUT OI,1166,,,,,,,,,,1312,1260
CGPOWER,CALL SPRD,,,,,,,,,,,,
CGPOWER,PUT SPRD,,,,,,,,,,,,
CHOLAFIN,PRICE,1620.0,1627.3,,,,1619.7,1621.1,1620.37,1717.95,1681.12,1619.0,1619.0
CHOLAFIN,VWAP,,,,,,,,,,,1608.23,1601.09
CHOLAFIN,CASH VOL,1860436,1489025,900493,55.92,57.0,,,,,,32228,84776
CHOLAFIN,F&O VOL,17011,18862,,,,,,,,,173,1079
CHOLAFIN,F&O OI,32066,36680,,,,,,,,,32071,32284
CHOLAFIN,CALL VOL,4197,2199,,,,,,,,,71,298
CHOLAFIN,CALL OI,2190,1301,,,,,,,,,2186,2166
CHOLAFIN,PUT VOL,6432,2262,,,,,,,,,60,528
CHOLAFIN,PUT OI,3172,2385,,,,,,,,,3162,3356
CHOLAFIN,CALL SPRD,,,,,,,,,,,,
CHOLAFIN,PUT SPRD,,,,,,,,,,,,
CIPLA,PRICE,1346.0,1379.3,,,,1349.1,1365.0,1352.33,1397.38,1392.75,1349.0,1349.0
CIPLA,VWAP,,,,,,,,,,,1343.53,1341.45
CIPLA,CASH VOL,1063964,1479526,376731,52.76,62.46,,,,,,20878,36461
CIPLA,F&O VOL,25710,34621,,,,,,,,,348,983
CIPLA,F&O OI,34227,54572,,,,,,,,,34252,34370
CIPLA,CALL VOL,3602,7910,,,,,,,,,89,217
CIPLA,CALL OI,1172,2969,,,,,,,,,1182,1236
CIPLA,PUT VOL,8361,4712,,,,,,,,,203,438
CIPLA,PUT OI,2569,2878,,,,,,,,,2562,2606
CIPLA,CALL SPRD,,,,,,,,,,,,
CIPLA,PUT SPRD,,,,,,,,,,,,
COALINDIA,PRICE,425.0,425.0,,,,421.2,428.42,426.14,424.04,419.92,421.0,421.0
COALINDIA,VWAP,,,,,,,,,,,421.88,421.26
COALINDIA,CASH VOL,7436925,7457218,2335705,56.55,64.85,,,,,,143060,308433
COALINDIA,F&O VOL,44900,82499,,,,,,,,,1473,3254
COALINDIA,F&O OI,88994,129997,,,,,,,,,89358,89382
COALINDIA,CALL VOL,18993,12022,,,,,,,,,842,1502
COALINDIA,CALL OI,8866,7672,,,,,,,,,9155,9306
COALINDIA,PUT VOL,11985,9200,,,,,,,,,331,905
COALINDIA,PUT OI,5844,5258,,,,,,,,,5891,5854
COALINDIA,CALL SPRD,,,,,,,,,,,,
COALINDIA,PUT SPRD,,,,,,,,,,,,
COCHINSHIP,PRICE,1315.0,1359.3,,,,1315.0,1327.15,1319.05,1384.55,1379.52,1315.0,1315.0
COCHINSHIP,VWAP,,,,,,,,,,,1306.4,1304.88
COCHINSHIP,CASH VOL,985418,1450465,299186,39.99,39.93,,,,,,32418,56796
COCHINSHIP,F&O VOL,7949,26717,,,,,,,,,115,293
COCHINSHIP,F&O OI,24999,36014,,,,,,,,,25021,25048
COCHINSHIP,CALL VOL,2800,2733,,,,,,,,,50,125
COCHINSHIP,CALL OI,2373,2109,,,,,,,,,2383,2395
COCHINSHIP,PUT VOL,1909,2368,,,,,,,,,34,102
COCHINSHIP,PUT OI,2234,1932,,,,,,,,,2239,2244
COCHINSHIP,CALL SPRD,,,,,,,,,,,,
COCHINSHIP,PUT SPRD,,,,,,,,,,,,
COFORGE,PRICE,1749.1,1722.0,,,,1764.8,1786.75,1761.65,1788.75,1785.58,1764.0,1764.0
COFORGE,VWAP,,,,,,,,,,,1780.9,1780.44
COFORGE,CASH VOL,3113656,1932111,583183,32.46,47.58,,,,,,134994,207463
COFORGE,F&O VOL,60221,59957,,,,,,,,,2524,5006
COFORGE,F&O OI,50927,64841,,,,,,,,,50896,51269
COFORGE,CALL VOL,24015,7676,,,,,,,,,1630,2608
COFORGE,CALL OI,7025,3878,,,,,,,,,6988,7124
COFORGE,PUT VOL,13468,6666,,,,,,,,,418,821
COFORGE,PUT OI,4794,4037,,,,,,,,,4859,4985
COFORGE,CALL SPRD,,,,,,,,,,,,
COFORGE,PUT SPRD,,,,,,,,,,,,
COLPAL,PRICE,1763.3,1785.1,,,,1763.3,1785.95,1770.85,1869.2,1860.27,1763.0,1763.0
COLPAL,VWAP,,,,,,,,,,,1766.27,1763.24
COLPAL,CASH VOL,276534,262461,123477,55.64,61.74,,,,,,4274,13734
COLPAL,F&O VOL,6606,25001,,,,,,,,,175,596
COLPAL,F&O OI,31153,40912,,,,,,,,,31183,31192
COLPAL,CALL VOL,1593,1263,,,,,,,,,10,44
COLPAL,CALL OI,1627,1181,,,,,,,,,1627,1633
COLPAL,PUT VOL,1908,1731,,,,,,,,,105,210
COLPAL,PUT OI,2337,2159,,,,,,,,,2360,2383
COLPAL,CALL SPRD,,,,,,,,,,,,
COLPAL,PUT SPRD,,,,,,,,,,,,
CONCOR,PRICE,447.5,443.5,,,,448.0,449.95,448.32,479.75,467.58,448.0,448.0
CONCOR,VWAP,,,,,,,,,,,447.28,446.55
CONCOR,CASH VOL,1094966,1737443,272781,41.5,47.58,,,,,,26346,43563
CONCOR,F&O VOL,5702,22793,,,,,,,,,123,294
CONCOR,F&O OI,27509,39176,,,,,,,,,27525,27534
CONCOR,CALL VOL,1789,2095,,,,,,,,,57,123
CONCOR,CALL OI,1833,1673,,,,,,,,,1855,1867
CONCOR,PUT VOL,1179,1771,,,,,,,,,10,31
CONCOR,PUT OI,2224,2175,,,,,,,,,2224,2227
CONCOR,CALL SPRD,,,,,,,,,,,,
CONCOR,PUT SPRD,,,,,,,,,,,,
CROMPTON,PRICE,208.67,211.37,,,,208.71,211.62,209.65,222.13,219.78,208.0,208.0
CROMPTON,VWAP,,,,,,,,,,,209.42,209.17
CROMPTON,CASH VOL,1957515,5902708,595502,52.18,53.34,,,,,,111103,188552
CROMPTON,F&O VOL,9037,31327,,,,,,,,,163,558
CROMPTON,F&O OI,45507,52487,,,,,,,,,45529,45639
CROMPTON,CALL VOL,2125,,,,,,,,,,62,199
CROMPTON,CALL OI,1563,,,,,,,,,,1565,1632
CROMPTON,PUT VOL,2261,,,,,,,,,,53,86
CROMPTON,PUT OI,2240,,,,,,,,,,2262,2263
CROMPTON,CALL SPRD,,,,,,,,,,,,
CROMPTON,PUT SPRD,,,,,,,,,,,,
CUMMINSIND,PRICE,4760.0,4800.0,,,,4789.9,4790.0,4770.0,5028.75,4972.92,4789.0,4789.0
CUMMINSIND,VWAP,,,,,,,,,,,4787.93,4801.83
CUMMINSIND,CASH VOL,573791,796818,149054,67.4,65.58,,,,,,20444,44309
CUMMINSIND,F&O VOL,6272,21804,,,,,,,,,366,1256
CUMMINSIND,F&O OI,36914,43200,,,,,,,,,36893,37172
CUMMINSIND,CALL VOL,1590,,,,,,,,,,106,366
CUMMINSIND,CALL OI,1362,,,,,,,,,,1372,1379
CUMMINSIND,PUT VOL,1429,,,,,,,,,,33,151
CUMMINSIND,PUT OI,1862,,,,,,,,,,1862,1881
CUMMINSIND,CALL SPRD,,,,,,,,,,,,
CUMMINSIND,PUT SPRD,,,,,,,,,,,,
DABUR,PRICE,380.1,380.4,,,,379.7,381.9,380.7,388.5,386.57,379.0,379.0
DABUR,VWAP,,,,,,,,,,,380.17,381.39
DABUR,CASH VOL,1957070,6185956,791200,58.17,65.92,,,,,,28841,117408
DABUR,F&O VOL,10772,22573,,,,,,,,,181,475
DABUR,F&O OI,32941,44260,,,,,,,,,32966,32949
DABUR,CALL VOL,3957,2953,,,,,,,,,72,174
DABUR,CALL OI,3762,2855,,,,,,,,,3762,3765
DABUR,PUT VOL,3145,2953,,,,,,,,,47,137
DABUR,PUT OI,3190,2793,,,,,,,,,3196,3209
DABUR,CALL SPRD,,,,,,,,,,,,
DABUR,PUT SPRD,,,,,,,,,,,,
DALBHARAT,PRICE,1683.7,1637.4,,,,1672.0,1678.17,1667.1,1747.55,1715.98,,
DALBHARAT,VWAP,,,,,,,,,,,1655.3,1647.51
DALBHARAT,CASH VOL,111663,51490,59076,46.88,58.39,,,,,,994,2227
DALBHARAT,F&O VOL,,,,,,,,,,,,
DALBHARAT,F&O OI,,,,,,,,,,,,
DALBHARAT,CALL VOL,,,,,,,,,,,,
DALBHARAT,CALL OI,,,,,,,,,,,,
DALBHARAT,PUT VOL,,,,,,,,,,,,
DALBHARAT,PUT OI,,,,,,,,,,,,
DALBHARAT,CALL SPRD,,,,,,,,,,,,
DALBHARAT,PUT SPRD,,,,,,,,,,,,
DELHIVERY,PRICE,409.7,417.4,,,,408.0,409.58,409.35,427.98,424.46,408.0,408.0
DELHIVERY,VWAP,,,,,,,,,,,406.45,404.98
DELHIVERY,CASH VOL,5573038,5622866,1157066,53.92,37.4,,,,,,78276,153381
DELHIVERY,F&O VOL,14694,21860,,,,,,,,,60,246
DELHIVERY,F&O OI,20739,25677,,,,,,,,,20745,20746
DELHIVERY,CALL VOL,4713,3836,,,,,,,,,19,64
DELHIVERY,CALL OI,3063,2124,,,,,,,,,3064,3069
DELHIVERY,PUT VOL,5057,1132,,,,,,,,,29,115
DELHIVERY,PUT OI,2396,2063,,,,,,,,,2400,2414
DELHIVERY,CALL SPRD,,,,,,,,,,,,
DELHIVERY,PUT SPRD,,,,,,,,,,,,
DIVISLAB,PRICE,9291.5,9431.0,,,,9277.0,9390.0,9324.33,9588.42,9526.25,9277.0,9277.0
DIVISLAB,VWAP,,,,,,,,,,,9246.33,9211.99
DIVISLAB,CASH VOL,541269,652089,107328,63.41,73.21,,,,,,17266,40940
DIVISLAB,F&O VOL,37145,71304,,,,,,,,,1020,4886
DIVISLAB,F&O OI,66300,80439,,,,,,,,,66410,67066
DIVISLAB,CALL VOL,8886,4857,,,,,,,,,353,1396
DIVISLAB,CALL OI,7177,5666,,,,,,,,,7177,7337
DIVISLAB,PUT VOL,11348,5931,,,,,,,,,425,2089
DIVISLAB,PUT OI,5550,5349,,,,,,,,,5631,5945
DIVISLAB,CALL SPRD,,,,,,,,,,,,
DIVISLAB,PUT SPRD,,,,,,,,,,,,
DIXON,PRICE,13100.0,13250.0,,,,13151.0,13262.5,13154.17,13345.0,13255.0,13151.0,13151.0
DIXON,VWAP,,,,,,,,,,,13213.33,13203.46
DIXON,CASH VOL,273569,305508,83754,46.22,32.8,,,,,,10089,17597
DIXON,F&O VOL,44226,232751,,,,,,,,,1517,3192
DIXON,F&O OI,84756,111849,,,,,,,,,84775,84862
DIXON,CALL VOL,18906,26047,,,,,,,,,908,1667
DIXON,CALL OI,14389,13033,,,,,,,,,14352,14383
DIXON,PUT VOL,14274,15580,,,,,,,,,507,980
DIXON,PUT OI,12162,10579,,,,,,,,,12250,12317
DIXON,CALL SPRD,,,,,,,,,,,,
DIXON,PUT SPRD,,,,,,,,,,,,
DLF,PRICE,674.0,653.0,,,,664.5,670.5,663.5,676.6,663.8,664.0,664.0
DLF,VWAP,,,,,,,,,,,663.08,661.27
DLF,CASH VOL,5830044,4736174,1011901,62.38,59.71,,,,,,153025,297722
DLF,F&O VOL,27073,40842,,,,,,,,,860,2159
DLF,F&O OI,47969,67389,,,,,,,,,48014,48200
DLF,CALL VOL,11288,8478,,,,,,,,,394,892
DLF,CALL OI,4121,3712,,,,,,,,,4112,4224
DLF,PUT VOL,7852,6721,,,,,,,,,336,846
DLF,PUT OI,2984,2625,,,,,,,,,3014,2976
DLF,CALL SPRD,,,,,,,,,,,,
DLF,PUT SPRD,,,,,,,,,,,,
DMART,PRICE,3801.4,3750.0,,,,3809.8,3817.25,3806.68,3822.82,3800.05,3809.0,3809.0
DMART,VWAP,,,,,,,,,,,3814.87,3813.97
DMART,CASH VOL,620771,656759,195017,59.46,59.08,,,,,,6442,13227
DMART,F&O VOL,26059,41428,,,,,,,,,82,408
DMART,F&O OI,41682,50845,,,,,,,,,41695,41745
DMART,CALL VOL,9736,4205,,,,,,,,,33,151
DMART,CALL OI,4754,3266,,,,,,,,,4751,4740
DMART,PUT VOL,5026,1944,,,,,,,,,8,38
DMART,PUT OI,4976,3280,,,,,,,,,4976,4994
DMART,CALL SPRD,,,,,,,,,,,,
DMART,PUT SPRD,,,,,,,,,,,,
DRREDDY,PRICE,1233.0,1251.9,,,,1233.0,1231.8,1229.4,1203.5,1201.83,1233.0,1233.0
DRREDDY,VWAP,,,,,,,,,,,1215.67,1215.06
DRREDDY,CASH VOL,4026022,5347128,1284530,60.08,45.84,,,,,,122237,222012
DRREDDY,F&O VOL,28493,105518,,,,,,,,,1207,3294
DRREDDY,F&O OI,45727,67786,,,,,,,,,45904,46009
DRREDDY,CALL VOL,8948,21402,,,,,,,,,460,1042
DRREDDY,CALL OI,5124,5352,,,,,,,,,5288,5161
DRREDDY,PUT VOL,7614,8854,,,,,,,,,458,1436
DRREDDY,PUT OI,3961,3952,,,,,,,,,3998,4190
DRREDDY,CALL SPRD,,,,,,,,,,,,
DRREDDY,PUT SPRD,,,,,,,,,,,,
EICHERMOT,PRICE,7150.0,7179.0,,,,7120.0,7182.5,7160.83,7437.25,7385.75,7120.0,7120.0
EICHERMOT,VWAP,,,,,,,,,,,7046.0,7001.71
EICHERMOT,CASH VOL,418141,596560,193533,66.64,68.04,,,,,,17508,36455
EICHERMOT,F&O VOL,27135,66246,,,,,,,,,1605,8449
EICHERMOT,F&O OI,51190,67977,,,,,,,,,51355,52292
EICHERMOT,CALL VOL,10080,8559,,,,,,,,,857,3562
EICHERMOT,CALL OI,4965,4067,,,,,,,,,5041,5503
EICHERMOT,PUT VOL,8636,13032,,,,,,,,,577,3811
EICHERMOT,PUT OI,8186,7910,,,,,,,,,8194,8591
EICHERMOT,CALL SPRD,,,,,,,,,,,,
EICHERMOT,PUT SPRD,,,,,,,,,,,,
ETERNAL,PRICE,320.0,327.85,,,,316.6,323.05,321.02,335.62,335.21,316.0,316.0
ETERNAL,VWAP,,,,,,,,,,,316.52,315.48
ETERNAL,CASH VOL,28850208,30822496,7983438,65.57,68.94,,,,,,1250755,1949844
ETERNAL,F&O VOL,36869,66458,,,,,,,,,1113,3038
ETERNAL,F&O OI,80956,108242,,,,,,,,,81152,81433
ETERNAL,CALL VOL,11582,8258,,,,,,,,,569,1383
ETERNAL,CALL OI,7345,5136,,,,,,,,,7420,7626
ETERNAL,PUT VOL,10977,9811,,,,,,,,,369,912
ETERNAL,PUT OI,7725,7095,,,,,,,,,7744,7766
ETERNAL,CALL SPRD,,,,,,,,,,,,
ETERNAL,PUT SPRD,,,,,,,,,,,,
FEDERALBNK,PRICE,317.4,320.2,,,,316.1,320.82,318.54,327.43,323.81,316.0,316.0
FEDERALBNK,VWAP,,,,,,,,,,,316.68,315.47
FEDERALBNK,CASH VOL,5485971,9570469,2089342,66.03,62.15,,,,,,180372,422937
FEDERALBNK,F&O VOL,11706,36901,,,,,,,,,275,1518
FEDERALBNK,F&O OI,47158,62425,,,,,,,,,47182,47375
FEDERALBNK,CALL VOL,3916,4197,,,,,,,,,98,682
FEDERALBNK,CALL OI,3078,2642,,,,,,,,,3115,3224
FEDERALBNK,PUT VOL,3424,3858,,,,,,,,,91,378
FEDERALBNK,PUT OI,3741,3465,,,,,,,,,3738,3789
FEDERALBNK,CALL SPRD,,,,,,,,,,,,
FEDERALBNK,PUT SPRD,,,,,,,,,,,,
FORCEMOT,PRICE,17054.0,16905.0,,,,17300.0,17217.5,17108.5,17391.5,17389.17,17300.0,17300.0
FORCEMOT,VWAP,,,,,,,,,,,17188.67,17061.39
FORCEMOT,CASH VOL,56785,82027,9837,30.91,30.69,,,,,,16000,29895
FORCEMOT,F&O VOL,7088,25179,,,,,,,,,1198,3994
FORCEMOT,F&O OI,15444,19308,,,,,,,,,15719,16491
FORCEMOT,CALL VOL,3341,,,,,,,,,,590,1578
FORCEMOT,CALL OI,1816,,,,,,,,,,1908,2116
FORCEMOT,PUT VOL,1621,,,,,,,,,,366,1172
FORCEMOT,PUT OI,1779,,,,,,,,,,1743,1910
FORCEMOT,CALL SPRD,,,,,,,,,,,,
FORCEMOT,PUT SPRD,,,,,,,,,,,,
FORTIS,PRICE,770.0,822.0,,,,763.0,789.23,776.41,870.4,848.7,763.0,763.0
FORTIS,VWAP,,,,,,,,,,,753.62,754.5
FORTIS,CASH VOL,5818918,2532368,2159030,50.75,62.86,,,,,,147624,739988
FORTIS,F&O VOL,51628,15702,,,,,,,,,1354,4091
FORTIS,F&O OI,25703,23859,,,,,,,,,25975,26204
FORTIS,CALL VOL,7238,1773,,,,,,,,,406,1208
FORTIS,CALL OI,1888,264,,,,,,,,,1902,2008
FORTIS,PUT VOL,26368,1260,,,,,,,,,872,2467
FORTIS,PUT OI,2803,394,,,,,,,,,2977,3121
FORTIS,CALL SPRD,,,,,,,,,,,,
FORTIS,PUT SPRD,,,,,,,,,,,,
GAIL,PRICE,170.55,170.04,,,,170.6,171.6,170.9,172.87,172.76,170.0,170.0
GAIL,VWAP,,,,,,,,,,,170.43,170.37
GAIL,CASH VOL,12187561,12119087,6152474,71.54,64.81,,,,,,312205,530869
GAIL,F&O VOL,8427,19828,,,,,,,,,140,352
GAIL,F&O OI,29038,34098,,,,,,,,,29047,29121
GAIL,CALL VOL,3095,2934,,,,,,,,,63,189
GAIL,CALL OI,2517,2347,,,,,,,,,2517,2564
GAIL,PUT VOL,2423,2184,,,,,,,,,39,73
GAIL,PUT OI,2352,2204,,,,,,,,,2373,2375
GAIL,CALL SPRD,,,,,,,,,,,,
GAIL,PUT SPRD,,,,,,,,,,,,
GLENMARK,PRICE,2334.7,2441.5,,,,2339.0,2372.35,2347.25,2424.15,2394.72,2339.0,2339.0
GLENMARK,VWAP,,,,,,,,,,,2335.07,2334.11
GLENMARK,CASH VOL,1261905,1277155,318874,56.43,65.75,,,,,,12051,30680
GLENMARK,F&O VOL,11711,24787,,,,,,,,,111,374
GLENMARK,F&O OI,32822,36980,,,,,,,,,32831,32857
GLENMARK,CALL VOL,2795,3709,,,,,,,,,53,112
GLENMARK,CALL OI,1576,1443,,,,,,,,,1583,1593
GLENMARK,PUT VOL,3614,997,,,,,,,,,28,80
GLENMARK,PUT OI,1062,720,,,,,,,,,1049,1065
GLENMARK,CALL SPRD,,,,,,,,,,,,
GLENMARK,PUT SPRD,,,,,,,,,,,,
GMRAIRPORT,PRICE,95.15,93.75,,,,94.49,94.87,94.31,98.96,98.29,94.0,94.0
GMRAIRPORT,VWAP,,,,,,,,,,,94.23,94.09
GMRAIRPORT,CASH VOL,16281025,10060323,4875039,54.51,58.95,,,,,,924199,1534654
GMRAIRPORT,F&O VOL,10259,19789,,,,,,,,,115,264
GMRAIRPORT,F&O OI,30840,37226,,,,,,,,,30845,30899
GMRAIRPORT,CALL VOL,3462,1706,,,,,,,,,42,77
GMRAIRPORT,CALL OI,2652,2125,,,,,,,,,2653,2662
GMRAIRPORT,PUT VOL,2203,2202,,,,,,,,,8,28
GMRAIRPORT,PUT OI,4114,3578,,,,,,,,,4116,4123
GMRAIRPORT,CALL SPRD,,,,,,,,,,,,
GMRAIRPORT,PUT SPRD,,,,,,,,,,,,
GODFRYPHLP,PRICE,1891.8,1862.0,,,,1891.8,1907.05,1896.88,1992.05,1977.62,1891.0,1891.0
GODFRYPHLP,VWAP,,,,,,,,,,,1893.87,1891.66
GODFRYPHLP,CASH VOL,240882,297806,55308,23.9,38.53,,,,,,8256,16717
GODFRYPHLP,F&O VOL,3317,10654,,,,,,,,,19,108
GODFRYPHLP,F&O OI,6817,10598,,,,,,,,,6818,6829
GODFRYPHLP,CALL VOL,490,,,,,,,,,,2,11
GODFRYPHLP,CALL OI,195,,,,,,,,,,192,196
GODFRYPHLP,PUT VOL,469,,,,,,,,,,15,36
GODFRYPHLP,PUT OI,326,,,,,,,,,,253,321
GODFRYPHLP,CALL SPRD,,,,,,,,,,,,
GODFRYPHLP,PUT SPRD,,,,,,,,,,,,
GODREJCP,PRICE,850.0,855.0,,,,852.0,852.98,850.99,879.2,877.6,852.0,852.0
GODREJCP,VWAP,,,,,,,,,,,845.58,845.14
GODREJCP,CASH VOL,1632650,1360604,942515,73.27,53.57,,,,,,14096,34332
GODREJCP,F&O VOL,9163,20921,,,,,,,,,82,276
GODREJCP,F&O OI,30662,43900,,,,,,,,,30680,30690
GODREJCP,CALL VOL,3442,2677,,,,,,,,,19,95
GODREJCP,CALL OI,3086,2428,,,,,,,,,3077,3108
GODREJCP,PUT VOL,2500,2524,,,,,,,,,48,104
GODREJCP,PUT OI,3434,2717,,,,,,,,,3444,3432
GODREJCP,CALL SPRD,,,,,,,,,,,,
GODREJCP,PUT SPRD,,,,,,,,,,,,
GODREJPROP,PRICE,1628.5,1634.4,,,,1623.3,1641.5,1632.83,1699.68,1698.85,1623.0,1623.0
GODREJPROP,VWAP,,,,,,,,,,,1626.87,1621.44
GODREJPROP,CASH VOL,832521,410924,225927,54.1,50.86,,,,,,16107,32532
GODREJPROP,F&O VOL,18125,31138,,,,,,,,,207,663
GODREJPROP,F&O OI,42040,54362,,,,,,,,,42051,42087
GODREJPROP,CALL VOL,4840,2009,,,,,,,,,105,297
GODREJPROP,CALL OI,2549,1668,,,,,,,,,2550,2572
GODREJPROP,PUT VOL,3914,1881,,,,,,,,,37,101
GODREJPROP,PUT OI,3775,3176,,,,,,,,,3781,3782
GODREJPROP,CALL SPRD,,,,,,,,,,,,
GODREJPROP,PUT SPRD,,,,,,,,,,,,
GRASIM,PRICE,3061.9,3100.0,,,,3038.0,3079.35,3067.72,3184.38,3171.15,3038.0,3038.0
GRASIM,VWAP,,,,,,,,,,,3015.73,2993.76
GRASIM,CASH VOL,448156,1153762,277125,64.45,65.0,,,,,,11483,34600
GRASIM,F&O VOL,9096,25066,,,,,,,,,518,1232
GRASIM,F&O OI,34082,48480,,,,,,,,,34193,34236
GRASIM,CALL VOL,1034,1932,,,,,,,,,28,126
GRASIM,CALL OI,469,1701,,,,,,,,,480,489
GRASIM,PUT VOL,2546,1868,,,,,,,,,143,518
GRASIM,PUT OI,987,1400,,,,,,,,,953,960
GRASIM,CALL SPRD,,,,,,,,,,,,
GRASIM,PUT SPRD,,,,,,,,,,,,
GVT&D,PRICE,4201.0,4130.3,,,,4239.9,4198.22,4192.65,4381.75,4313.92,4239.0,4239.0
GVT&D,VWAP,,,,,,,,,,,4237.23,4276.15
GVT&D,CASH VOL,624058,903170,262187,57.47,55.46,,,,,,29004,110091
GVT&D,F&O VOL,17503,46489,,,,,,,,,627,1922
GVT&D,F&O OI,37973,53506,,,,,,,,,38157,38155
GVT&D,CALL VOL,9650,7647,,,,,,,,,330,1658
GVT&D,CALL OI,6059,4940,,,,,,,,,5898,5962
GVT&D,PUT VOL,4055,6451,,,,,,,,,73,358
GVT&D,PUT OI,4935,4077,,,,,,,,,4943,4961
GVT&D,CALL SPRD,,,,,,,,,,,,
GVT&D,PUT SPRD,,,,,,,,,,,,
HAL,PRICE,4668.0,4549.3,,,,4666.0,4664.62,4657.85,4824.5,4808.17,4666.0,4666.0
HAL,VWAP,,,,,,,,,,,4671.17,4662.84
HAL,CASH VOL,1233758,1096291,284809,53.43,70.29,,,,,,29909,56712
HAL,F&O VOL,58201,67847,,,,,,,,,599,1834
HAL,F&O OI,60492,84098,,,,,,,,,60549,60605
HAL,CALL VOL,25981,10481,,,,,,,,,319,852
HAL,CALL OI,7170,5735,,,,,,,,,7189,7272
HAL,PUT VOL,16642,8969,,,,,,,,,124,551
HAL,PUT OI,8084,7180,,,,,,,,,7597,8047
HAL,CALL SPRD,,,,,,,,,,,,
HAL,PUT SPRD,,,,,,,,,,,,
HAVELLS,PRICE,1016.0,1043.3,,,,1020.0,1034.75,1022.25,1099.3,1097.43,1020.0,1020.0
HAVELLS,VWAP,,,,,,,,,,,1027.47,1030.04
HAVELLS,CASH VOL,1394518,1014330,712392,66.9,52.34,,,,,,63415,134376
HAVELLS,F&O VOL,13683,26053,,,,,,,,,929,2498
HAVELLS,F&O OI,33143,39749,,,,,,,,,33123,33131
HAVELLS,CALL VOL,3179,,,,,,,,,,243,857
HAVELLS,CALL OI,2188,,,,,,,,,,2186,2300
HAVELLS,PUT VOL,3485,,,,,,,,,,234,426
HAVELLS,PUT OI,2439,,,,,,,,,,2451,2404
HAVELLS,CALL SPRD,,,,,,,,,,,,
HAVELLS,PUT SPRD,,,,,,,,,,,,
HCLTECH,PRICE,1230.0,1222.0,,,,1230.0,1240.6,1233.53,1260.35,1258.78,1230.0,1230.0
HCLTECH,VWAP,,,,,,,,,,,1242.87,1245.34
HCLTECH,CASH VOL,4242658,5604932,2492594,65.42,69.92,,,,,,180219,360042
HCLTECH,F&O VOL,47229,71261,,,,,,,,,3088,6227
HCLTECH,F&O OI,84375,111108,,,,,,,,,84461,84834
HCLTECH,CALL VOL,18427,10699,,,,,,,,,1252,2815
HCLTECH,CALL OI,8483,4784,,,,,,,,,7794,8389
HCLTECH,PUT VOL,7204,7712,,,,,,,,,909,1647
HCLTECH,PUT OI,5961,4928,,,,,,,,,5629,6175
HCLTECH,CALL SPRD,,,,,,,,,,,,
HCLTECH,PUT SPRD,,,,,,,,,,,,
HDFCAMC,PRICE,2280.7,2223.3,,,,2282.0,2283.3,2281.57,2411.35,2389.12,2282.0,2282.0
HDFCAMC,VWAP,,,,,,,,,,,2283.63,2278.3
HDFCAMC,CASH VOL,908968,1311015,337132,57.33,68.3,,,,,,22039,44159
HDFCAMC,F&O VOL,9830,27285,,,,,,,,,187,446
HDFCAMC,F&O OI,33231,39784,,,,,,,,,33213,33222
HDFCAMC,CALL VOL,2569,,,,,,,,,,35,64
HDFCAMC,CALL OI,1315,,,,,,,,,,1316,1311
HDFCAMC,PUT VOL,1643,,,,,,,,,,16,108
HDFCAMC,PUT OI,1809,,,,,,,,,,1809,1803
HDFCAMC,CALL SPRD,,,,,,,,,,,,
HDFCAMC,PUT SPRD,,,,,,,,,,,,
HDFCBANK,PRICE,708.7,722.7,,,,708.4,714.5,710.63,736.0,735.73,708.0,708.0
HDFCBANK,VWAP,,,,,,,,,,,714.48,714.77
HDFCBANK,CASH VOL,39365496,42755901,13309636,66.62,64.07,,,,,,1993061,2873331
HDFCBANK,F&O VOL,287863,694173,,,,,,,,,15382,32584
HDFCBANK,F&O OI,854929,1063221,,,,,,,,,855645,858216
HDFCBANK,CALL VOL,112176,120514,,,,,,,,,9507,14745
HDFCBANK,CALL OI,102221,92662,,,,,,,,,108098,103473
HDFCBANK,PUT VOL,67352,74602,,,,,,,,,3819,9020
HDFCBANK,PUT OI,79631,74942,,,,,,,,,78835,82324
HDFCBANK,CALL SPRD,,,,,,,,,,,,
HDFCBANK,PUT SPRD,,,,,,,,,,,,
HDFCLIFE,PRICE,521.2,523.55,,,,518.0,519.9,517.3,540.7,534.23,518.0,518.0
HDFCLIFE,VWAP,,,,,,,,,,,524.32,525.2
HDFCLIFE,CASH VOL,5062593,7693601,2064129,56.4,65.61,,,,,,149418,284370
HDFCLIFE,F&O VOL,27629,51925,,,,,,,,,1636,3775
HDFCLIFE,F&O OI,60847,76758,,,,,,,,,60661,60707
HDFCLIFE,CALL VOL,11915,8619,,,,,,,,,866,1994
HDFCLIFE,CALL OI,5883,3732,,,,,,,,,5719,5709
HDFCLIFE,PUT VOL,7516,6248,,,,,,,,,340,808
HDFCLIFE,PUT OI,5064,4588,,,,,,,,,5148,5225
HDFCLIFE,CALL SPRD,,,,,,,,,,,,
HDFCLIFE,PUT SPRD,,,,,,,,,,,,
HEROMOTOCO,PRICE,5241.0,5208.0,,,,5235.0,5288.75,5256.92,5371.25,5363.75,5235.0,5235.0
HEROMOTOCO,VWAP,,,,,,,,,,,5148.0,5102.25
HEROMOTOCO,CASH VOL,567810,681672,264944,62.94,63.92,,,,,,36941,85972
HEROMOTOCO,F&O VOL,32678,57518,,,,,,,,,2443,11042
HEROMOTOCO,F&O OI,36209,49340,,,,,,,,,36562,37907
HEROMOTOCO,CALL VOL,5335,,,,,,,,,,697,2543
HEROMOTOCO,CALL OI,2074,,,,,,,,,,2233,2812
HEROMOTOCO,PUT VOL,6716,,,,,,,,,,746,3495
HEROMOTOCO,PUT OI,2514,,,,,,,,,,2566,2863
HEROMOTOCO,CALL SPRD,,,,,,,,,,,,
HEROMOTOCO,PUT SPRD,,,,,,,,,,,,
HINDALCO,PRICE,941.8,955.2,,,,935.0,948.95,944.18,985.45,979.82,935.0,935.0
HINDALCO,VWAP,,,,,,,,,,,932.4,932.14
HINDALCO,CASH VOL,4420021,5092531,1813464,69.42,64.41,,,,,,210417,345188
HINDALCO,F&O VOL,40073,57090,,,,,,,,,1844,3811
HINDALCO,F&O OI,95100,114641,,,,,,,,,95333,95625
HINDALCO,CALL VOL,7643,,,,,,,,,,482,1043
HINDALCO,CALL OI,4397,,,,,,,,,,4444,4586
HINDALCO,PUT VOL,13499,,,,,,,,,,773,1271
HINDALCO,PUT OI,8586,,,,,,,,,,8670,8614
HINDALCO,CALL SPRD,,,,,,,,,,,,
HINDALCO,PUT SPRD,,,,,,,,,,,,
HINDPETRO,PRICE,350.35,349.2,,,,351.15,353.88,351.52,356.92,352.98,351.0,351.0
HINDPETRO,VWAP,,,,,,,,,,,348.7,348.46
HINDPETRO,CASH VOL,2520543,4074720,682203,47.46,49.62,,,,,,177223,255427
HINDPETRO,F&O VOL,7851,18729,,,,,,,,,189,384
HINDPETRO,F&O OI,26969,33488,,,,,,,,,27013,27080
HINDPETRO,CALL VOL,2606,,,,,,,,,,60,180
HINDPETRO,CALL OI,1747,,,,,,,,,,1761,1816
HINDPETRO,PUT VOL,1779,,,,,,,,,,68,88
HINDPETRO,PUT OI,1810,,,,,,,,,,1816,1824
HINDPETRO,CALL SPRD,,,,,,,,,,,,
HINDPETRO,PUT SPRD,,,,,,,,,,,,
HINDUNILVR,PRICE,1879.1,1863.8,,,,1870.1,1878.53,1877.4,1942.2,1940.8,1870.0,1870.0
HINDUNILVR,VWAP,,,,,,,,,,,1862.83,1861.31
HINDUNILVR,CASH VOL,1430335,2057852,683533,63.36,66.13,,,,,,40568,68041
HINDUNILVR,F&O VOL,31489,80868,,,,,,,,,904,2224
HINDUNILVR,F&O OI,92319,125199,,,,,,,,,92371,92354
HINDUNILVR,CALL VOL,10946,10941,,,,,,,,,284,710
HINDUNILVR,CALL OI,10482,8484,,,,,,,,,10526,10561
HINDUNILVR,PUT VOL,6600,10998,,,,,,,,,267,621
HINDUNILVR,PUT OI,10323,9735,,,,,,,,,10276,10320
HINDUNILVR,CALL SPRD,,,,,,,,,,,,
HINDUNILVR,PUT SPRD,,,,,,,,,,,,
HINDZINC,PRICE,566.0,563.3,,,,564.4,568.83,566.94,591.9,589.93,564.0,564.0
HINDZINC,VWAP,,,,,,,,,,,563.37,561.58
HINDZINC,CASH VOL,2880602,4801573,811356,52.48,58.48,,,,,,123662,273761
HINDZINC,F&O VOL,18370,38745,,,,,,,,,400,1521
HINDZINC,F&O OI,38463,55727,,,,,,,,,38490,38599
HINDZINC,CALL VOL,7714,3654,,,,,,,,,108,642
HINDZINC,CALL OI,6183,4113,,,,,,,,,6194,6198
HINDZINC,PUT VOL,4972,4053,,,,,,,,,157,436
HINDZINC,PUT OI,5715,4462,,,,,,,,,5714,5723
HINDZINC,CALL SPRD,,,,,,,,,,,,
HINDZINC,PUT SPRD,,,,,,,,,,,,
HYUNDAI,PRICE,2031.0,2100.0,,,,2031.0,2055.65,2039.22,2115.25,2115.08,2031.0,2031.0
HYUNDAI,VWAP,,,,,,,,,,,2019.8,2011.01
HYUNDAI,CASH VOL,644391,763311,153040,50.4,49.42,,,,,,20562,46908
HYUNDAI,F&O VOL,7923,22024,,,,,,,,,88,948
HYUNDAI,F&O OI,18521,26060,,,,,,,,,18529,18657
HYUNDAI,CALL VOL,2012,1500,,,,,,,,,72,327
HYUNDAI,CALL OI,1343,823,,,,,,,,,1349,1429
HYUNDAI,PUT VOL,1446,651,,,,,,,,,19,349
HYUNDAI,PUT OI,1393,991,,,,,,,,,1397,1400
HYUNDAI,CALL SPRD,,,,,,,,,,,,
HYUNDAI,PUT SPRD,,,,,,,,,,,,
ICICIBANK,PRICE,1321.7,1292.2,,,,1316.0,1319.85,1316.15,1332.0,1328.53,1316.0,1316.0
ICICIBANK,VWAP,,,,,,,,,,,1320.87,1322.79
ICICIBANK,CASH VOL,14095232,14811396,4974975,68.37,70.57,,,,,,478351,1337032
ICICIBANK,F&O VOL,108794,159702,,,,,,,,,3081,6839
ICICIBANK,F&O OI,239618,334253,,,,,,,,,239916,240175
ICICIBANK,CALL VOL,39863,27578,,,,,,,,,1023,2635
ICICIBANK,CALL OI,18262,18870,,,,,,,,,17938,18441
ICICIBANK,PUT VOL,27635,17260,,,,,,,,,881,1978
ICICIBANK,PUT OI,14797,13831,,,,,,,,,15040,14979
ICICIBANK,CALL SPRD,,,,,,,,,,,,
ICICIBANK,PUT SPRD,,,,,,,,,,,,
ICICIGI,PRICE,1590.0,1515.0,,,,1579.0,1576.93,1550.8,1543.47,1523.0,1579.0,1579.0
ICICIGI,VWAP,,,,,,,,,,,1583.17,1583.88
ICICIGI,CASH VOL,1952166,756660,735286,67.69,56.83,,,,,,26367,48585
ICICIGI,F&O VOL,21068,27207,,,,,,,,,947,1876
ICICIGI,F&O OI,23067,28571,,,,,,,,,23139,23161
ICICIGI,CALL VOL,9825,1477,,,,,,,,,632,1152
ICICIGI,CALL OI,2477,1561,,,,,,,,,2452,2471
ICICIGI,PUT VOL,3560,1095,,,,,,,,,207,315
ICICIGI,PUT OI,1605,1001,,,,,,,,,1641,1668
ICICIGI,CALL SPRD,,,,,,,,,,,,
ICICIGI,PUT SPRD,,,,,,,,,,,,
ICICIPRULI,PRICE,443.8,444.55,,,,443.8,446.2,444.6,472.68,466.22,443.0,443.0
ICICIPRULI,VWAP,,,,,,,,,,,446.68,446.42
ICICIPRULI,CASH VOL,839768,2919254,294504,58.19,44.54,,,,,,59942,105547
ICICIPRULI,F&O VOL,5995,24567,,,,,,,,,283,596
ICICIPRULI,F&O OI,29064,36425,,,,,,,,,29035,29077
ICICIPRULI,CALL VOL,1659,1817,,,,,,,,,92,299
ICICIPRULI,CALL OI,2105,1550,,,,,,,,,2107,2108
ICICIPRULI,PUT VOL,1400,2237,,,,,,,,,32,71
ICICIPRULI,PUT OI,2531,2117,,,,,,,,,2529,2535
ICICIPRULI,CALL SPRD,,,,,,,,,,,,
ICICIPRULI,PUT SPRD,,,,,,,,,,,,
IDEA,PRICE,12.95,13.56,,,,12.95,13.22,13.04,14.22,14.13,12.0,12.0
IDEA,VWAP,,,,,,,,,,,12.92,12.88
IDEA,CASH VOL,640485531,1150179404,262040079,37.81,57.68,,,,,,25525028,42540633
IDEA,F&O VOL,39171,84946,,,,,,,,,830,1815
IDEA,F&O OI,129604,153076,,,,,,,,,129715,129836
IDEA,CALL VOL,21079,15839,,,,,,,,,606,1197
IDEA,CALL OI,20975,17982,,,,,,,,,21070,21156
IDEA,PUT VOL,8116,6418,,,,,,,,,181,353
IDEA,PUT OI,12864,10689,,,,,,,,,12878,12894
IDEA,CALL SPRD,,,,,,,,,,,,
IDEA,PUT SPRD,,,,,,,,,,,,
IDFCFIRSTB,PRICE,81.44,79.46,,,,80.95,81.22,80.77,86.44,84.68,80.0,80.0
IDFCFIRSTB,VWAP,,,,,,,,,,,80.71,80.66
IDFCFIRSTB,CASH VOL,23332019,36206575,8206171,48.61,58.15,,,,,,813723,1363616
IDFCFIRSTB,F&O VOL,30863,46506,,,,,,,,,478,1171
IDFCFIRSTB,F&O OI,68341,82736,,,,,,,,,68420,68584
IDFCFIRSTB,CALL VOL,8831,7195,,,,,,,,,228,520
IDFCFIRSTB,CALL OI,6854,5819,,,,,,,,,6924,7058
IDFCFIRSTB,PUT VOL,8504,4529,,,,,,,,,107,190
IDFCFIRSTB,PUT OI,7199,6569,,,,,,,,,7178,7183
IDFCFIRSTB,CALL SPRD,,,,,,,,,,,,
IDFCFIRSTB,PUT SPRD,,,,,,,,,,,,
IEX,PRICE,107.0,106.39,,,,107.01,107.66,107.22,113.22,112.88,107.0,107.0
IEX,VWAP,,,,,,,,,,,106.87,106.81
IEX,CASH VOL,3890920,7359823,1193491,44.5,51.03,,,,,,136998,235105
IEX,F&O VOL,6760,23215,,,,,,,,,56,351
IEX,F&O OI,26736,31878,,,,,,,,,26737,26709
IEX,CALL VOL,1613,,,,,,,,,,22,149
IEX,CALL OI,1161,,,,,,,,,,1163,1125
IEX,PUT VOL,1223,,,,,,,,,,28,37
IEX,PUT OI,1591,,,,,,,,,,1587,1588
IEX,CALL SPRD,,,,,,,,,,,,
IEX,PUT SPRD,,,,,,,,,,,,
INDHOTEL,PRICE,728.65,714.35,,,,728.0,727.42,724.95,738.48,730.69,728.0,728.0
INDHOTEL,VWAP,,,,,,,,,,,729.78,728.28
INDHOTEL,CASH VOL,3733640,26142773,1385421,63.44,77.25,,,,,,81857,209372
INDHOTEL,F&O VOL,13636,31024,,,,,,,,,329,1075
INDHOTEL,F&O OI,36960,44471,,,,,,,,,37000,37088
INDHOTEL,CALL VOL,6960,6214,,,,,,,,,260,656
INDHOTEL,CALL OI,3029,2871,,,,,,,,,3067,3123
INDHOTEL,PUT VOL,2875,4495,,,,,,,,,52,241
INDHOTEL,PUT OI,2325,2268,,,,,,,,,2317,2282
INDHOTEL,CALL SPRD,,,,,,,,,,,,
INDHOTEL,PUT SPRD,,,,,,,,,,,,
INDIANB,PRICE,805.9,795.25,,,,805.9,806.92,806.24,837.9,833.97,805.0,805.0
INDIANB,VWAP,,,,,,,,,,,803.68,802.7
INDIANB,CASH VOL,1068705,1349036,334034,56.08,53.03,,,,,,14601,41177
INDIANB,F&O VOL,5791,14189,,,,,,,,,52,254
INDIANB,F&O OI,15429,22889,,,,,,,,,15433,15462
INDIANB,CALL VOL,1951,1359,,,,,,,,,35,168
INDIANB,CALL OI,1731,1400,,,,,,,,,1733,1744
INDIANB,PUT VOL,1396,1626,,,,,,,,,5,44
INDIANB,PUT OI,2092,1605,,,,,,,,,2092,2089
INDIANB,CALL SPRD,,,,,,,,,,,,
INDIANB,PUT SPRD,,,,,,,,,,,,
INDIGO,PRICE,4984.0,4872.0,,,,4936.0,4975.17,4957.5,4969.25,4949.75,4936.0,4936.0
INDIGO,VWAP,,,,,,,,,,,4928.73,4927.36
INDIGO,CASH VOL,624800,409270,233348,46.93,56.59,,,,,,24327,57152
INDIGO,F&O VOL,42752,61552,,,,,,,,,1201,2662
INDIGO,F&O OI,57147,81774,,,,,,,,,57161,57260
INDIGO,CALL VOL,20072,,,,,,,,,,481,1093
INDIGO,CALL OI,6385,,,,,,,,,,5567,6514
INDIGO,PUT VOL,9768,,,,,,,,,,225,585
INDIGO,PUT OI,4437,,,,,,,,,,4128,4371
INDIGO,CALL SPRD,,,,,,,,,,,,
INDIGO,PUT SPRD,,,,,,,,,,,,
INDUSINDBK,PRICE,901.4,878.0,,,,896.1,898.78,893.55,938.85,921.08,896.0,896.0
INDUSINDBK,VWAP,,,,,,,,,,,894.68,893.92
INDUSINDBK,CASH VOL,2428835,3205911,729443,55.47,64.41,,,,,,74806,140491
INDUSINDBK,F&O VOL,16351,43519,,,,,,,,,244,618
INDUSINDBK,F&O OI,75942,90101,,,,,,,,,75955,76029
INDUSINDBK,CALL VOL,6686,4827,,,,,,,,,102,223
INDUSINDBK,CALL OI,3981,3121,,,,,,,,,4008,4011
INDUSINDBK,PUT VOL,3706,4623,,,,,,,,,94,154
INDUSINDBK,PUT OI,4877,4301,,,,,,,,,4884,4886
INDUSINDBK,CALL SPRD,,,,,,,,,,,,
INDUSINDBK,PUT SPRD,,,,,,,,,,,,
INDUSTOWER,PRICE,373.2,367.55,,,,371.1,372.91,372.33,380.88,376.73,371.0,371.0
INDUSTOWER,VWAP,,,,,,,,,,,372.82,375.09
INDUSTOWER,CASH VOL,6712752,8836110,3324078,60.42,49.17,,,,,,134388,291855
INDUSTOWER,F&O VOL,14500,46209,,,,,,,,,135,1222
INDUSTOWER,F&O OI,67138,76675,,,,,,,,,67161,67275
INDUSTOWER,CALL VOL,7741,9824,,,,,,,,,94,712
INDUSTOWER,CALL OI,7019,6122,,,,,,,,,7049,7001
INDUSTOWER,PUT VOL,2225,3256,,,,,,,,,32,170
INDUSTOWER,PUT OI,2118,1819,,,,,,,,,2125,2151
INDUSTOWER,CALL SPRD,,,,,,,,,,,,
INDUSTOWER,PUT SPRD,,,,,,,,,,,,
INFY,PRICE,994.1,1015.4,,,,1010.0,1008.1,998.77,1018.05,1006.15,1010.0,1010.0
INFY,VWAP,,,,,,,,,,,1013.52,1013.14
INFY,CASH VOL,13508984,12992711,5564447,55.54,64.13,,,,,,1218295,1935504
INFY,F&O VOL,172473,275583,,,,,,,,,15666,31905
INFY,F&O OI,290680,385559,,,,,,,,,290436,290980
INFY,CALL VOL,80663,55070,,,,,,,,,9191,16802
INFY,CALL OI,40475,38124,,,,,,,,,40154,40143
INFY,PUT VOL,43657,27771,,,,,,,,,2927,6451
INFY,PUT OI,35238,29727,,,,,,,,,35156,35447
INFY,CALL SPRD,,,,,,,,,,,,
INFY,PUT SPRD,,,,,,,,,,,,
INOXWIND,PRICE,69.51,71.5,,,,69.4,71.22,70.08,75.85,75.12,69.0,69.0
INOXWIND,VWAP,,,,,,,,,,,69.75,69.82
INOXWIND,CASH VOL,9235114,8301480,2670088,43.26,33.94,,,,,,509466,1005489
INOXWIND,F&O VOL,6122,19267,,,,,,,,,71,303
INOXWIND,F&O OI,24182,27621,,,,,,,,,24184,24217
INOXWIND,CALL VOL,1249,,,,,,,,,,43,96
INOXWIND,CALL OI,986,,,,,,,,,,991,1014
INOXWIND,PUT VOL,489,,,,,,,,,,0,14
INOXWIND,PUT OI,706,,,,,,,,,,706,710
INOXWIND,CALL SPRD,,,,,,,,,,,,
INOXWIND,PUT SPRD,,,,,,,,,,,,
IOC,PRICE,134.93,131.33,,,,134.0,134.81,134.56,137.31,136.24,134.0,134.0
IOC,VWAP,,,,,,,,,,,132.92,132.68
IOC,CASH VOL,9545086,10116269,2776385,52.63,54.73,,,,,,512201,830859
IOC,F&O VOL,13221,27880,,,,,,,,,274,701
IOC,F&O OI,38931,49084,,,,,,,,,38959,38938
IOC,CALL VOL,2299,,,,,,,,,,82,249
IOC,CALL OI,1471,,,,,,,,,,1495,1476
IOC,PUT VOL,3011,,,,,,,,,,63,193
IOC,PUT OI,1926,,,,,,,,,,1903,1895
IOC,CALL SPRD,,,,,,,,,,,,
IOC,PUT SPRD,,,,,,,,,,,,
IREDA,PRICE,111.68,111.0,,,,111.5,112.61,111.99,112.74,111.8,111.0,111.0
IREDA,VWAP,,,,,,,,,,,111.47,111.26
IREDA,CASH VOL,3872732,8686276,817532,33.56,21.18,,,,,,176749,453057
IREDA,F&O VOL,10847,27300,,,,,,,,,166,595
IREDA,F&O OI,30801,36329,,,,,,,,,30816,30841
IREDA,CALL VOL,4169,,,,,,,,,,77,274
IREDA,CALL OI,3373,,,,,,,,,,3353,3337
IREDA,PUT VOL,859,,,,,,,,,,8,46
IREDA,PUT OI,2028,,,,,,,,,,2030,2017
IREDA,CALL SPRD,,,,,,,,,,,,
IREDA,PUT SPRD,,,,,,,,,,,,
IRFC,PRICE,79.28,80.26,,,,78.7,79.95,79.51,80.45,80.12,78.0,78.0
IRFC,VWAP,,,,,,,,,,,78.69,78.61
IRFC,CASH VOL,38110222,15747317,6080743,21.71,33.26,,,,,,786620,1396194
IRFC,F&O VOL,41470,24162,,,,,,,,,415,1055
IRFC,F&O OI,35226,42267,,,,,,,,,35313,35419
IRFC,CALL VOL,17789,4087,,,,,,,,,205,552
IRFC,CALL OI,4965,2756,,,,,,,,,5000,5114
IRFC,PUT VOL,6148,1940,,,,,,,,,81,201
IRFC,PUT OI,4297,2993,,,,,,,,,4307,4286
IRFC,CALL SPRD,,,,,,,,,,,,
IRFC,PUT SPRD,,,,,,,,,,,,
ITC,PRICE,262.75,265.1,,,,262.7,264.15,263.22,268.43,267.3,262.0,262.0
ITC,VWAP,,,,,,,,,,,261.68,261.14
ITC,CASH VOL,14079098,14419948,4544761,64.42,69.59,,,,,,457180,892120
ITC,F&O VOL,65526,116312,,,,,,,,,1072,4364
ITC,F&O OI,141585,194907,,,,,,,,,141701,142072
ITC,CALL VOL,20381,15734,,,,,,,,,586,1926
ITC,CALL OI,13256,10538,,,,,,,,,17017,13532
ITC,PUT VOL,18166,15244,,,,,,,,,354,976
ITC,PUT OI,14720,13288,,,,,,,,,15505,14738
ITC,CALL SPRD,,,,,,,,,,,,
ITC,PUT SPRD,,,,,,,,,,,,
JINDALSTEL,PRICE,1134.9,1130.0,,,,1130.5,1134.75,1134.45,1162.28,1157.25,1130.0,1130.0
JINDALSTEL,VWAP,,,,,,,,,,,1129.07,1122.2
JINDALSTEL,CASH VOL,1535849,760609,436555,56.06,54.6,,,,,,9737,32480
JINDALSTEL,F&O VOL,10379,31406,,,,,,,,,97,368
JINDALSTEL,F&O OI,33115,41200,,,,,,,,,33132,33113
JINDALSTEL,CALL VOL,4090,4988,,,,,,,,,55,173
JINDALSTEL,CALL OI,3984,3584,,,,,,,,,3999,3986
JINDALSTEL,PUT VOL,3035,4386,,,,,,,,,32,103
JINDALSTEL,PUT OI,4084,3670,,,,,,,,,4087,4084
JINDALSTEL,CALL SPRD,,,,,,,,,,,,
JINDALSTEL,PUT SPRD,,,,,,,,,,,,
JIOFIN,PRICE,216.88,217.56,,,,216.0,218.01,217.26,229.72,227.91,216.0,216.0
JIOFIN,VWAP,,,,,,,,,,,215.34,215.26
JIOFIN,CASH VOL,14305215,17125032,3545236,47.51,46.92,,,,,,957089,1482958
JIOFIN,F&O VOL,52978,123478,,,,,,,,,1525,3541
JIOFIN,F&O OI,157428,182449,,,,,,,,,157962,158159
JIOFIN,CALL VOL,12333,9673,,,,,,,,,261,795
JIOFIN,CALL OI,9072,6224,,,,,,,,,9099,9143
JIOFIN,PUT VOL,12311,10952,,,,,,,,,418,866
JIOFIN,PUT OI,13437,10885,,,,,,,,,13491,13381
JIOFIN,CALL SPRD,,,,,,,,,,,,
JIOFIN,PUT SPRD,,,,,,,,,,,,
JSWENERGY,PRICE,494.7,501.15,,,,493.0,494.98,494.79,514.5,509.2,493.0,493.0
JSWENERGY,VWAP,,,,,,,,,,,488.93,488.65
JSWENERGY,CASH VOL,1797485,1639218,566275,54.71,61.87,,,,,,56947,78160
JSWENERGY,F&O VOL,5488,16984,,,,,,,,,106,229
JSWENERGY,F&O OI,31638,36923,,,,,,,,,31644,31670
JSWENERGY,CALL VOL,2039,1285,,,,,,,,,34,99
JSWENERGY,CALL OI,1556,1147,,,,,,,,,1560,1583
JSWENERGY,PUT VOL,1175,1119,,,,,,,,,33,52
JSWENERGY,PUT OI,1702,1472,,,,,,,,,1704,1711
JSWENERGY,CALL SPRD,,,,,,,,,,,,
JSWENERGY,PUT SPRD,,,,,,,,,,,,
JSWSTEEL,PRICE,1253.4,1272.4,,,,1253.0,1264.65,1257.15,1284.2,1279.4,1253.0,1253.0
JSWSTEEL,VWAP,,,,,,,,,,,1251.57,1246.4
JSWSTEEL,CASH VOL,1329600,2499215,654672,64.39,68.11,,,,,,49208,95373
JSWSTEEL,F&O VOL,9128,28611,,,,,,,,,169,720
JSWSTEEL,F&O OI,71345,82429,,,,,,,,,71380,71454
JSWSTEEL,CALL VOL,2045,,,,,,,,,,65,276
JSWSTEEL,CALL OI,1351,,,,,,,,,,2293,1431
JSWSTEEL,PUT VOL,1805,,,,,,,,,,11,167
JSWSTEEL,PUT OI,2640,,,,,,,,,,4267,2638
JSWSTEEL,CALL SPRD,,,,,,,,,,,,
JSWSTEEL,PUT SPRD,,,,,,,,,,,,
JUBLFOOD,PRICE,456.7,463.0,,,,453.0,458.68,457.36,488.85,485.98,453.0,453.0
JUBLFOOD,VWAP,,,,,,,,,,,450.28,449.35
JUBLFOOD,CASH VOL,797358,2376051,262346,43.16,35.31,,,,,,74062,137055
JUBLFOOD,F&O VOL,6808,26154,,,,,,,,,158,492
JUBLFOOD,F&O OI,22614,29357,,,,,,,,,22623,22645
JUBLFOOD,CALL VOL,1486,818,,,,,,,,,18,87
JUBLFOOD,CALL OI,797,348,,,,,,,,,799,833
JUBLFOOD,PUT VOL,1219,1916,,,,,,,,,44,130
JUBLFOOD,PUT OI,945,752,,,,,,,,,948,940
JUBLFOOD,CALL SPRD,,,,,,,,,,,,
JUBLFOOD,PUT SPRD,,,,,,,,,,,,
KALYANKJIL,PRICE,553.15,568.85,,,,553.15,562.27,556.19,578.67,574.89,553.0,553.0
KALYANKJIL,VWAP,,,,,,,,,,,551.93,550.41
KALYANKJIL,CASH VOL,5559899,9165283,2029449,41.1,19.05,,,,,,273800,563724
KALYANKJIL,F&O VOL,25407,68628,,,,,,,,,1031,3180
KALYANKJIL,F&O OI,32694,44497,,,,,,,,,32885,33160
KALYANKJIL,CALL VOL,7687,9750,,,,,,,,,311,965
KALYANKJIL,CALL OI,4450,3072,,,,,,,,,4473,4470
KALYANKJIL,PUT VOL,9067,6217,,,,,,,,,660,1600
KALYANKJIL,PUT OI,5526,4465,,,,,,,,,5684,5893
KALYANKJIL,CALL SPRD,,,,,,,,,,,,
KALYANKJIL,PUT SPRD,,,,,,,,,,,,
KAYNES,PRICE,3501.0,3511.5,,,,3510.0,3556.0,3519.33,3614.88,3544.65,3510.0,3510.0
KAYNES,VWAP,,,,,,,,,,,3526.73,3520.42
KAYNES,CASH VOL,720015,1474271,196295,25.29,23.13,,,,,,25878,49848
KAYNES,F&O VOL,17408,83573,,,,,,,,,248,756
KAYNES,F&O OI,36263,46088,,,,,,,,,36257,36341
KAYNES,CALL VOL,8848,7712,,,,,,,,,202,439
KAYNES,CALL OI,4359,2961,,,,,,,,,3900,4409
KAYNES,PUT VOL,2577,4610,,,,,,,,,25,76
KAYNES,PUT OI,3444,2748,,,,,,,,,3384,3457
KAYNES,CALL SPRD,,,,,,,,,,,,
KAYNES,PUT SPRD,,,,,,,,,,,,
KEI,PRICE,4455.0,4461.0,,,,4455.0,4493.25,4467.75,4667.0,4654.0,4455.0,4455.0
KEI,VWAP,,,,,,,,,,,4469.83,4471.6
KEI,CASH VOL,182773,622806,64387,47.5,59.34,,,,,,16213,29770
KEI,F&O VOL,7580,34542,,,,,,,,,270,505
KEI,F&O OI,20622,34304,,,,,,,,,20626,20606
KEI,CALL VOL,3799,4606,,,,,,,,,176,330
KEI,CALL OI,3573,3200,,,,,,,,,3579,3566
KEI,PUT VOL,2251,4171,,,,,,,,,67,99
KEI,PUT OI,3545,3322,,,,,,,,,3539,3543
KEI,CALL SPRD,,,,,,,,,,,,
KEI,PUT SPRD,,,,,,,,,,,,
KFINTECH,PRICE,840.0,838.2,,,,841.75,845.6,841.87,902.9,893.5,841.0,841.0
KFINTECH,VWAP,,,,,,,,,,,845.35,843.2
KFINTECH,CASH VOL,489013,1459780,152375,36.78,43.59,,,,,,23608,51661
KFINTECH,F&O VOL,3974,14785,,,,,,,,,48,143
KFINTECH,F&O OI,12832,18745,,,,,,,,,12824,12828
KFINTECH,CALL VOL,1434,1954,,,,,,,,,30,63
KFINTECH,CALL OI,1355,1104,,,,,,,,,1342,1340
KFINTECH,PUT VOL,1113,2019,,,,,,,,,11,36
KFINTECH,PUT OI,1612,1503,,,,,,,,,1616,1611
KFINTECH,CALL SPRD,,,,,,,,,,,,
KFINTECH,PUT SPRD,,,,,,,,,,,,
KOTAKBANK,PRICE,417.0,406.0,,,,426.0,415.52,412.55,409.95,405.98,426.0,426.0
KOTAKBANK,VWAP,,,,,,,,,,,426.58,426.83
KOTAKBANK,CASH VOL,32537029,32613940,13655449,76.63,75.87,,,,,,17378667,24930455
KOTAKBANK,F&O VOL,71287,67662,,,,,,,,,23849,44832
KOTAKBANK,F&O OI,113158,152360,,,,,,,,,120211,123489
KOTAKBANK,CALL VOL,35039,8705,,,,,,,,,13348,24031
KOTAKBANK,CALL OI,15153,4602,,,,,,,,,17558,17830
KOTAKBANK,PUT VOL,9674,1894,,,,,,,,,5904,9381
KOTAKBANK,PUT OI,4116,1743,,,,,,,,,7054,6113
KOTAKBANK,CALL SPRD,,,,,,,,,,,,
KOTAKBANK,PUT SPRD,,,,,,,,,,,,
KPITTECH,PRICE,499.1,519.7,,,,502.9,508.55,502.25,523.85,520.88,502.0,502.0
KPITTECH,VWAP,,,,,,,,,,,506.48,506.05
KPITTECH,CASH VOL,1625467,3351279,562301,32.2,56.51,,,,,,136433,256650
KPITTECH,F&O VOL,12152,25410,,,,,,,,,786,1701
KPITTECH,F&O OI,24210,32209,,,,,,,,,24267,24212
KPITTECH,CALL VOL,5383,3000,,,,,,,,,462,1072
KPITTECH,CALL OI,3275,2295,,,,,,,,,3434,3258
KPITTECH,PUT VOL,2553,2658,,,,,,,,,73,262
KPITTECH,PUT OI,2761,2237,,,,,,,,,2652,2761
KPITTECH,CALL SPRD,,,,,,,,,,,,
KPITTECH,PUT SPRD,,,,,,,,,,,,
LAURUSLABS,PRICE,1980.0,1979.0,,,,1973.6,1979.45,1978.35,2009.55,2007.85,1973.0,1973.0
LAURUSLABS,VWAP,,,,,,,,,,,1975.4,1973.94
LAURUSLABS,CASH VOL,1397926,2431575,419925,53.35,61.64,,,,,,61280,132453
LAURUSLABS,F&O VOL,26003,41173,,,,,,,,,349,1687
LAURUSLABS,F&O OI,37542,50086,,,,,,,,,37627,37888
LAURUSLABS,CALL VOL,7569,5200,,,,,,,,,112,653
LAURUSLABS,CALL OI,5069,3985,,,,,,,,,5080,5293
LAURUSLABS,PUT VOL,7452,3854,,,,,,,,,264,533
LAURUSLABS,PUT OI,3460,2987,,,,,,,,,3553,3564
LAURUSLABS,CALL SPRD,,,,,,,,,,,,
LAURUSLABS,PUT SPRD,,,,,,,,,,,,
LICHSGFIN,PRICE,530.2,548.5,,,,530.4,547.6,536.0,564.06,560.17,530.0,530.0
LICHSGFIN,VWAP,,,,,,,,,,,526.87,526.34
LICHSGFIN,CASH VOL,5474497,2870480,1443838,45.34,49.84,,,,,,131066,288030
LICHSGFIN,F&O VOL,34454,22014,,,,,,,,,324,1017
LICHSGFIN,F&O OI,45813,51927,,,,,,,,,45872,46052
LICHSGFIN,CALL VOL,3368,,,,,,,,,,111,289
LICHSGFIN,CALL OI,991,,,,,,,,,,1006,1096
LICHSGFIN,PUT VOL,7783,,,,,,,,,,85,257
LICHSGFIN,PUT OI,1758,,,,,,,,,,1762,1799
LICHSGFIN,CALL SPRD,,,,,,,,,,,,
LICHSGFIN,PUT SPRD,,,,,,,,,,,,
LICI,PRICE,395.2,390.0,,,,394.0,395.42,395.27,408.34,406.93,394.0,394.0
LICI,VWAP,,,,,,,,,,,395.42,394.97
LICI,CASH VOL,6311852,9662972,2144629,62.44,71.04,,,,,,261972,421239
LICI,F&O VOL,13364,35351,,,,,,,,,503,987
LICI,F&O OI,47707,62863,,,,,,,,,47807,47920
LICI,CALL VOL,5633,5763,,,,,,,,,444,742
LICI,CALL OI,6664,5828,,,,,,,,,6758,6837
LICI,PUT VOL,2836,3445,,,,,,,,,60,116
LICI,PUT OI,4835,4436,,,,,,,,,4838,4834
LICI,CALL SPRD,,,,,,,,,,,,
LICI,PUT SPRD,,,,,,,,,,,,
LODHA,PRICE,1135.0,1106.6,,,,1116.0,1127.8,1113.4,1160.75,1152.25,1116.0,1116.0
LODHA,VWAP,,,,,,,,,,,1118.83,1109.92
LODHA,CASH VOL,1779057,7960815,561290,45.3,78.5,,,,,,88886,230668
LODHA,F&O VOL,12639,38025,,,,,,,,,408,1126
LODHA,F&O OI,15089,28204,,,,,,,,,15200,15223
LODHA,CALL VOL,4044,1968,,,,,,,,,148,330
LODHA,CALL OI,1450,1176,,,,,,,,,1521,1508
LODHA,PUT VOL,3438,2651,,,,,,,,,320,677
LODHA,PUT OI,1695,1235,,,,,,,,,1577,1752
LODHA,CALL SPRD,,,,,,,,,,,,
LODHA,PUT SPRD,,,,,,,,,,,,
LT,PRICE,3760.0,3749.1,,,,3726.0,3759.42,3758.25,3893.7,3882.03,3726.0,3726.0
LT,VWAP,,,,,,,,,,,3715.03,3710.52
LT,CASH VOL,2396040,2546475,988706,70.23,64.87,,,,,,168376,247437
LT,F&O VOL,53226,105956,,,,,,,,,2167,5633
LT,F&O OI,114568,148372,,,,,,,,,114882,115297
LT,CALL VOL,21514,18681,,,,,,,,,959,2430
LT,CALL OI,12007,9260,,,,,,,,,12175,12353
LT,PUT VOL,13696,19255,,,,,,,,,755,1596
LT,PUT OI,13751,12209,,,,,,,,,13745,13778
LT,CALL SPRD,,,,,,,,,,,,
LT,PUT SPRD,,,,,,,,,,,,
LTF,PRICE,265.0,271.05,,,,264.05,269.07,266.36,295.85,287.95,264.0,264.0
LTF,VWAP,,,,,,,,,,,263.77,263.27
LTF,CASH VOL,6415013,13974932,1728833,42.48,51.39,,,,,,183704,358775
LTF,F&O VOL,19378,62474,,,,,,,,,263,1125
LTF,F&O OI,46774,59569,,,,,,,,,46848,47073
LTF,CALL VOL,5684,6112,,,,,,,,,136,430
LTF,CALL OI,5879,4605,,,,,,,,,5925,5964
LTF,PUT VOL,5902,9317,,,,,,,,,100,394
LTF,PUT OI,8544,7312,,,,,,,,,8570,8754
LTF,CALL SPRD,,,,,,,,,,,,
LTF,PUT SPRD,,,,,,,,,,,,
LTM,PRICE,4045.0,3936.0,,,,4001.7,4058.95,4049.65,4156.5,4107.5,4001.0,4001.0
LTM,VWAP,,,,,,,,,,,4037.57,4032.01
LTM,CASH VOL,463734,1014142,111144,22.98,51.15,,,,,,30791,52421
LTM,F&O VOL,29219,54122,,,,,,,,,614,1516
LTM,F&O OI,42635,53281,,,,,,,,,42634,42729
LTM,CALL VOL,13165,8363,,,,,,,,,390,633
LTM,CALL OI,3485,2927,,,,,,,,,3760,3463
LTM,PUT VOL,4521,2260,,,,,,,,,164,239
LTM,PUT OI,2906,2750,,,,,,,,,2863,2969
LTM,CALL SPRD,,,,,,,,,,,,
LTM,PUT SPRD,,,,,,,,,,,,
LUPIN,PRICE,2030.2,2052.1,,,,2030.3,2049.35,2036.58,2106.25,2096.75,2030.0,2030.0
LUPIN,VWAP,,,,,,,,,,,2026.57,2023.96
LUPIN,CASH VOL,1085192,942745,487385,63.89,51.4,,,,,,19300,30099
LUPIN,F&O VOL,19202,38410,,,,,,,,,226,598
LUPIN,F&O OI,28298,36691,,,,,,,,,28331,28327
LUPIN,CALL VOL,6241,6865,,,,,,,,,112,225
LUPIN,CALL OI,2837,2537,,,,,,,,,2845,2869
LUPIN,PUT VOL,7097,4760,,,,,,,,,117,212
LUPIN,PUT OI,3650,2908,,,,,,,,,3661,3645
LUPIN,CALL SPRD,,,,,,,,,,,,
LUPIN,PUT SPRD,,,,,,,,,,,,
M&M,PRICE,2950.0,2947.8,,,,2926.0,2955.5,2951.83,3033.12,3029.35,2926.0,2926.0
M&M,VWAP,,,,,,,,,,,2886.43,2865.88
M&M,CASH VOL,2332540,3270487,842155,61.01,63.22,,,,,,278813,675041
M&M,F&O VOL,57079,86390,,,,,,,,,5902,21076
M&M,F&O OI,106520,136592,,,,,,,,,107637,110228
M&M,CALL VOL,23385,15575,,,,,,,,,2828,8883
M&M,CALL OI,12641,8714,,,,,,,,,14694,14262
M&M,PUT VOL,14424,12371,,,,,,,,,1389,8097
M&M,PUT OI,11901,10330,,,,,,,,,11961,12550
M&M,CALL SPRD,,,,,,,,,,,,
M&M,PUT SPRD,,,,,,,,,,,,
MANAPPURAM,PRICE,315.85,316.45,,,,315.85,317.8,316.5,330.57,323.7,315.0,315.0
MANAPPURAM,VWAP,,,,,,,,,,,315.05,313.91
MANAPPURAM,CASH VOL,3430831,9763639,612887,31.88,33.62,,,,,,90774,256602
MANAPPURAM,F&O VOL,8104,54058,,,,,,,,,88,347
MANAPPURAM,F&O OI,25846,32757,,,,,,,,,25842,25855
MANAPPURAM,CALL VOL,3294,2794,,,,,,,,,18,94
MANAPPURAM,CALL OI,1655,1129,,,,,,,,,1660,1645
MANAPPURAM,PUT VOL,1502,2676,,,,,,,,,18,52
MANAPPURAM,PUT OI,1336,1125,,,,,,,,,1336,1343
MANAPPURAM,CALL SPRD,,,,,,,,,,,,
MANAPPURAM,PUT SPRD,,,,,,,,,,,,
MANKIND,PRICE,2503.8,2545.0,,,,2500.0,2503.7,2503.5,2451.2,2403.8,2500.0,2500.0
MANKIND,VWAP,,,,,,,,,,,2486.73,2483.65
MANKIND,CASH VOL,1311278,1973968,635578,59.04,35.35,,,,,,11717,24649
MANKIND,F&O VOL,25335,88395,,,,,,,,,166,562
MANKIND,F&O OI,17405,21472,,,,,,,,,17427,17422
MANKIND,CALL VOL,6650,13643,,,,,,,,,72,145
MANKIND,CALL OI,1828,1625,,,,,,,,,1829,1830
MANKIND,PUT VOL,6551,3550,,,,,,,,,26,125
MANKIND,PUT OI,1650,1445,,,,,,,,,1654,1642
MANKIND,CALL SPRD,,,,,,,,,,,,
MANKIND,PUT SPRD,,,,,,,,,,,,
MARICO,PRICE,786.0,787.15,,,,786.0,792.62,788.21,818.91,818.73,786.0,786.0
MARICO,VWAP,,,,,,,,,,,784.6,784.0
MARICO,CASH VOL,2455494,1626109,974812,63.87,55.81,,,,,,97771,278529
MARICO,F&O VOL,6979,22723,,,,,,,,,283,635
MARICO,F&O OI,19212,23990,,,,,,,,,19235,19321
MARICO,CALL VOL,2734,2315,,,,,,,,,94,249
MARICO,CALL OI,1474,1002,,,,,,,,,1269,1519
MARICO,PUT VOL,2147,2284,,,,,,,,,178,263
MARICO,PUT OI,1761,1162,,,,,,,,,1724,1751
MARICO,CALL SPRD,,,,,,,,,,,,
MARICO,PUT SPRD,,,,,,,,,,,,
MARUTI,PRICE,11967.0,11877.0,,,,11900.0,11972.0,11968.67,12125.0,12085.0,11900.0,11900.0
MARUTI,VWAP,,,,,,,,,,,11789.0,11745.86
MARUTI,CASH VOL,430286,519770,117974,55.68,50.08,,,,,,41242,63797
MARUTI,F&O VOL,90312,222057,,,,,,,,,4250,15108
MARUTI,F&O OI,103290,163324,,,,,,,,,103919,105716
MARUTI,CALL VOL,23607,24041,,,,,,,,,1850,4761
MARUTI,CALL OI,8799,7613,,,,,,,,,10353,9643
MARUTI,PUT VOL,20382,23289,,,,,,,,,889,3305
MARUTI,PUT OI,11180,11144,,,,,,,,,11266,11372
MARUTI,CALL SPRD,,,,,,,,,,,,
MARUTI,PUT SPRD,,,,,,,,,,,,
MAXHEALTH,PRICE,929.8,982.1,,,,919.85,942.0,933.87,1040.3,1022.77,919.0,919.0
MAXHEALTH,VWAP,,,,,,,,,,,908.77,911.31
MAXHEALTH,CASH VOL,13817675,2611378,3717293,55.89,66.82,,,,,,257400,743612
MAXHEALTH,F&O VOL,135553,15869,,,,,,,,,2692,8118
MAXHEALTH,F&O OI,42236,30933,,,,,,,,,42698,43346
MAXHEALTH,CALL VOL,26341,1913,,,,,,,,,754,2452
MAXHEALTH,CALL OI,4497,1635,,,,,,,,,3900,4784
MAXHEALTH,PUT VOL,54177,1218,,,,,,,,,1766,4060
MAXHEALTH,PUT OI,4803,1112,,,,,,,,,5125,5268
MAXHEALTH,CALL SPRD,,,,,,,,,,,,
MAXHEALTH,PUT SPRD,,,,,,,,,,,,
MAZDOCK,PRICE,2113.0,2087.1,,,,2110.0,2112.18,2110.55,2231.8,2210.33,2110.0,2110.0
MAZDOCK,VWAP,,,,,,,,,,,2105.9,2101.0
MAZDOCK,CASH VOL,510455,738710,117316,30.65,41.28,,,,,,25332,47274
MAZDOCK,F&O VOL,19399,36927,,,,,,,,,163,503
MAZDOCK,F&O OI,42122,56728,,,,,,,,,42126,42128
MAZDOCK,CALL VOL,2423,,,,,,,,,,32,80
MAZDOCK,CALL OI,1897,,,,,,,,,,1895,1901
MAZDOCK,PUT VOL,3441,,,,,,,,,,29,50
MAZDOCK,PUT OI,2778,,,,,,,,,,2783,2791
MAZDOCK,CALL SPRD,,,,,,,,,,,,
MAZDOCK,PUT SPRD,,,,,,,,,,,,
MCX,PRICE,3300.4,3232.0,,,,3300.0,3300.27,3300.0,3322.75,3318.45,3300.0,3300.0
MCX,VWAP,,,,,,,,,,,3314.97,3307.74
MCX,CASH VOL,2066935,2094968,778932,46.58,47.58,,,,,,74275,150167
MCX,F&O VOL,55959,122535,,,,,,,,,1427,3541
MCX,F&O OI,61252,82556,,,,,,,,,61593,61699
MCX,CALL VOL,22275,23835,,,,,,,,,531,1247
MCX,CALL OI,11628,11505,,,,,,,,,11685,11768
MCX,PUT VOL,15630,15652,,,,,,,,,473,1039
MCX,PUT OI,7933,7665,,,,,,,,,8033,8039
MCX,CALL SPRD,,,,,,,,,,,,
MCX,PUT SPRD,,,,,,,,,,,,
MFSL,PRICE,1373.4,1392.4,,,,1367.9,1372.17,1369.7,1475.95,1463.98,1367.0,1367.0
MFSL,VWAP,,,,,,,,,,,1378.33,1378.0
MFSL,CASH VOL,931017,955322,353184,50.03,44.93,,,,,,23117,43559
MFSL,F&O VOL,13713,30318,,,,,,,,,185,666
MFSL,F&O OI,19821,27521,,,,,,,,,19814,19911
MFSL,CALL VOL,3042,2527,,,,,,,,,95,235
MFSL,CALL OI,1517,1170,,,,,,,,,1520,1518
MFSL,PUT VOL,4882,4611,,,,,,,,,102,224
MFSL,PUT OI,1938,1481,,,,,,,,,1937,1951
MFSL,CALL SPRD,,,,,,,,,,,,
MFSL,PUT SPRD,,,,,,,,,,,,
MOTHERSON,PRICE,163.26,158.56,,,,161.35,162.91,162.22,164.93,163.36,161.0,161.0
MOTHERSON,VWAP,,,,,,,,,,,160.67,159.78
MOTHERSON,CASH VOL,15307995,14156331,4048197,47.61,57.11,,,,,,638956,1257987
MOTHERSON,F&O VOL,10672,28332,,,,,,,,,458,1657
MOTHERSON,F&O OI,28192,37503,,,,,,,,,28271,28508
MOTHERSON,CALL VOL,4561,4282,,,,,,,,,258,835
MOTHERSON,CALL OI,2159,2173,,,,,,,,,2224,2448
MOTHERSON,PUT VOL,2332,1763,,,,,,,,,102,370
MOTHERSON,PUT OI,2044,1813,,,,,,,,,2053,2085
MOTHERSON,CALL SPRD,,,,,,,,,,,,
MOTHERSON,PUT SPRD,,,,,,,,,,,,
MOTILALOFS,PRICE,994.0,996.2,,,,994.0,1005.25,997.75,1027.87,1025.6,994.0,994.0
MOTILALOFS,VWAP,,,,,,,,,,,992.27,989.35
MOTILALOFS,CASH VOL,766759,873780,218173,50.49,53.21,,,,,,50104,107404
MOTILALOFS,F&O VOL,4155,10429,,,,,,,,,91,276
MOTILALOFS,F&O OI,9314,13718,,,,,,,,,9320,9331
MOTILALOFS,CALL VOL,1284,689,,,,,,,,,32,72
MOTILALOFS,CALL OI,892,745,,,,,,,,,1261,914
MOTILALOFS,PUT VOL,965,677,,,,,,,,,7,46
MOTILALOFS,PUT OI,983,827,,,,,,,,,975,977
MOTILALOFS,CALL SPRD,,,,,,,,,,,,
MOTILALOFS,PUT SPRD,,,,,,,,,,,,
MPHASIS,PRICE,2154.4,2154.4,,,,2160.1,2198.7,2169.17,2258.65,2242.22,2160.0,2160.0
MPHASIS,VWAP,,,,,,,,,,,2209.2,2215.05
MPHASIS,CASH VOL,701536,420858,247472,50.06,64.85,,,,,,44534,140007
MPHASIS,F&O VOL,15645,13088,,,,,,,,,1467,4988
MPHASIS,F&O OI,25733,30478,,,,,,,,,25807,26341
MPHASIS,CALL VOL,8310,1507,,,,,,,,,1276,3346
MPHASIS,CALL OI,1892,1071,,,,,,,,,1965,2123
MPHASIS,PUT VOL,3408,1448,,,,,,,,,279,582
MPHASIS,PUT OI,1638,1013,,,,,,,,,1692,1717
MPHASIS,CALL SPRD,,,,,,,,,,,,
MPHASIS,PUT SPRD,,,,,,,,,,,,
MUTHOOTFIN,PRICE,2737.1,2736.8,,,,2729.9,2760.5,2744.9,2841.1,2837.03,2729.0,2729.0
MUTHOOTFIN,VWAP,,,,,,,,,,,2733.43,2729.73
MUTHOOTFIN,CASH VOL,459482,1190791,135093,54.62,62.98,,,,,,14226,32691
MUTHOOTFIN,F&O VOL,11696,44418,,,,,,,,,501,1400
MUTHOOTFIN,F&O OI,36854,57026,,,,,,,,,36995,37278
MUTHOOTFIN,CALL VOL,6459,7786,,,,,,,,,179,777
MUTHOOTFIN,CALL OI,5464,4497,,,,,,,,,5514,5781
MUTHOOTFIN,PUT VOL,2706,5558,,,,,,,,,180,402
MUTHOOTFIN,PUT OI,4183,3931,,,,,,,,,4236,4214
MUTHOOTFIN,CALL SPRD,,,,,,,,,,,,
MUTHOOTFIN,PUT SPRD,,,,,,,,,,,,
NAM-INDIA,PRICE,1070.0,1068.0,,,,1063.9,1075.0,1071.67,1155.63,1152.9,1063.0,1063.0
NAM-INDIA,VWAP,,,,,,,,,,,1064.73,1063.78
NAM-INDIA,CASH VOL,728404,983587,328123,60.36,52.72,,,,,,14188,36013
NAM-INDIA,F&O VOL,2171,10017,,,,,,,,,44,59
NAM-INDIA,F&O OI,8316,20252,,,,,,,,,8325,8325
NAM-INDIA,CALL VOL,432,385,,,,,,,,,15,18
NAM-INDIA,CALL OI,408,296,,,,,,,,,414,414
NAM-INDIA,PUT VOL,331,526,,,,,,,,,23,25
NAM-INDIA,PUT OI,920,782,,,,,,,,,920,919
NAM-INDIA,CALL SPRD,,,,,,,,,,,,
NAM-INDIA,PUT SPRD,,,,,,,,,,,,
NATIONALUM,PRICE,340.95,346.65,,,,335.0,344.95,342.28,357.81,356.02,335.0,335.0
NATIONALUM,VWAP,,,,,,,,,,,336.42,335.6
NATIONALUM,CASH VOL,5109676,7334608,2208852,53.48,54.12,,,,,,412073,676079
NATIONALUM,F&O VOL,13146,37309,,,,,,,,,1040,2140
NATIONALUM,F&O OI,37039,50384,,,,,,,,,37320,37613
NATIONALUM,CALL VOL,3742,,,,,,,,,,291,798
NATIONALUM,CALL OI,4616,,,,,,,,,,4706,4836
NATIONALUM,PUT VOL,3502,,,,,,,,,,465,707
NATIONALUM,PUT OI,5740,,,,,,,,,,5853,5863
NATIONALUM,CALL SPRD,,,,,,,,,,,,
NATIONALUM,PUT SPRD,,,,,,,,,,,,
NAUKRI,PRICE,1219.5,1245.0,,,,1215.1,1225.25,1221.42,1262.5,1257.37,1215.0,1215.0
NAUKRI,VWAP,,,,,,,,,,,1203.7,1198.6
NAUKRI,CASH VOL,1589054,1242585,450889,55.74,54.51,,,,,,68103,192461
NAUKRI,F&O VOL,9811,15822,,,,,,,,,164,735
NAUKRI,F&O OI,29083,37408,,,,,,,,,29085,29194
NAUKRI,CALL VOL,3593,1702,,,,,,,,,63,233
NAUKRI,CALL OI,1359,933,,,,,,,,,1367,1423
NAUKRI,PUT VOL,2437,1446,,,,,,,,,102,272
NAUKRI,PUT OI,1074,888,,,,,,,,,1059,1072
NAUKRI,CALL SPRD,,,,,,,,,,,,
NAUKRI,PUT SPRD,,,,,,,,,,,,
NBCC,PRICE,78.5,78.01,,,,78.3,79.25,78.75,82.89,82.87,78.0,78.0
NBCC,VWAP,,,,,,,,,,,78.48,78.46
NBCC,CASH VOL,6032283,8592936,1521882,38.1,39.16,,,,,,174054,414521
NBCC,F&O VOL,5954,17443,,,,,,,,,39,225
NBCC,F&O OI,19077,22283,,,,,,,,,19082,19121
NBCC,CALL VOL,1606,,,,,,,,,,21,79
NBCC,CALL OI,978,,,,,,,,,,980,1009
NBCC,PUT VOL,909,,,,,,,,,,11,25
NBCC,PUT OI,706,,,,,,,,,,725,708
NBCC,CALL SPRD,,,,,,,,,,,,
NBCC,PUT SPRD,,,,,,,,,,,,
NESTLEIND,PRICE,1310.0,1345.7,,,,1301.9,1327.75,1315.92,1370.6,1365.27,1301.0,1301.0
NESTLEIND,VWAP,,,,,,,,,,,1311.53,1310.04
NESTLEIND,CASH VOL,1278279,1748621,785012,72.86,71.19,,,,,,60375,117584
NESTLEIND,F&O VOL,8953,15765,,,,,,,,,229,574
NESTLEIND,F&O OI,25739,31523,,,,,,,,,25787,25831
NESTLEIND,CALL VOL,1359,750,,,,,,,,,45,162
NESTLEIND,CALL OI,737,377,,,,,,,,,744,759
NESTLEIND,PUT VOL,1885,1259,,,,,,,,,63,150
NESTLEIND,PUT OI,1305,1050,,,,,,,,,1309,1319
NESTLEIND,CALL SPRD,,,,,,,,,,,,
NESTLEIND,PUT SPRD,,,,,,,,,,,,
NHPC,PRICE,72.81,73.32,,,,72.75,73.39,73.01,76.13,76.04,72.0,72.0
NHPC,VWAP,,,,,,,,,,,72.78,72.75
NHPC,CASH VOL,7849564,11242484,1992693,57.63,52.65,,,,,,368221,539639
NHPC,F&O VOL,5276,15583,,,,,,,,,52,156
NHPC,F&O OI,22279,28814,,,,,,,,,22297,22319
NHPC,CALL VOL,1510,1227,,,,,,,,,23,101
NHPC,CALL OI,1375,901,,,,,,,,,1377,1414
NHPC,PUT VOL,1561,1320,,,,,,,,,9,21
NHPC,PUT OI,1888,1690,,,,,,,,,1891,1886
NHPC,CALL SPRD,,,,,,,,,,,,
NHPC,PUT SPRD,,,,,,,,,,,,
NMDC,PRICE,76.54,77.0,,,,76.45,77.17,76.75,80.83,80.21,76.0,76.0
NMDC,VWAP,,,,,,,,,,,76.69,76.39
NMDC,CASH VOL,15817494,19014554,6366848,63.73,60.73,,,,,,445905,904754
NMDC,F&O VOL,11313,29931,,,,,,,,,136,471
NMDC,F&O OI,68585,78347,,,,,,,,,68597,68656
NMDC,CALL VOL,4689,5478,,,,,,,,,110,247
NMDC,CALL OI,4085,2823,,,,,,,,,4682,4131
NMDC,PUT VOL,1958,1715,,,,,,,,,27,109
NMDC,PUT OI,3615,3240,,,,,,,,,3784,3631
NMDC,CALL SPRD,,,,,,,,,,,,
NMDC,PUT SPRD,,,,,,,,,,,,
NTPC,PRICE,322.75,323.5,,,,320.8,322.31,321.42,326.55,326.45,320.0,320.0
NTPC,VWAP,,,,,,,,,,,319.3,318.98
NTPC,CASH VOL,6908628,11956206,2821824,69.43,66.62,,,,,,222039,368992
NTPC,F&O VOL,16484,42375,,,,,,,,,380,885
NTPC,F&O OI,77774,110071,,,,,,,,,77816,77918
NTPC,CALL VOL,7066,,,,,,,,,,208,393
NTPC,CALL OI,4541,,,,,,,,,,4594,4658
NTPC,PUT VOL,2897,,,,,,,,,,55,125
NTPC,PUT OI,2919,,,,,,,,,,2924,2929
NTPC,CALL SPRD,,,,,,,,,,,,
NTPC,PUT SPRD,,,,,,,,,,,,
NYKAA,PRICE,320.0,327.35,,,,317.0,325.27,321.76,333.92,333.77,317.0,317.0
NYKAA,VWAP,,,,,,,,,,,320.6,320.48
NYKAA,CASH VOL,3980003,4395026,1656014,65.82,59.79,,,,,,289823,452803
NYKAA,F&O VOL,5099,10528,,,,,,,,,365,694
NYKAA,F&O OI,14489,17167,,,,,,,,,14570,14642
NYKAA,CALL VOL,1453,1004,,,,,,,,,85,155
NYKAA,CALL OI,842,585,,,,,,,,,871,882
NYKAA,PUT VOL,1473,1198,,,,,,,,,120,206
NYKAA,PUT OI,1186,963,,,,,,,,,1191,1213
NYKAA,CALL SPRD,,,,,,,,,,,,
NYKAA,PUT SPRD,,,,,,,,,,,,
OBEROIRLTY,PRICE,1765.7,1762.9,,,,1765.8,1773.9,1768.43,1845.2,1818.6,1765.0,1765.0
OBEROIRLTY,VWAP,,,,,,,,,,,1761.2,1759.29
OBEROIRLTY,CASH VOL,573434,395959,207750,60.15,57.3,,,,,,8703,15365
OBEROIRLTY,F&O VOL,5597,14047,,,,,,,,,84,157
OBEROIRLTY,F&O OI,14075,23391,,,,,,,,,14085,14087
OBEROIRLTY,CALL VOL,1342,862,,,,,,,,,27,69
OBEROIRLTY,CALL OI,748,401,,,,,,,,,747,753
OBEROIRLTY,PUT VOL,988,1432,,,,,,,,,27,43
OBEROIRLTY,PUT OI,804,764,,,,,,,,,804,804
OBEROIRLTY,CALL SPRD,,,,,,,,,,,,
OBEROIRLTY,PUT SPRD,,,,,,,,,,,,
OFSS,PRICE,10630.0,10406.0,,,,10575.0,10684.5,10648.17,11059.5,10866.5,10575.0,10575.0
OFSS,VWAP,,,,,,,,,,,10595.67,10570.92
OFSS,CASH VOL,272759,181154,84248,41.84,43.05,,,,,,10084,22360
OFSS,F&O VOL,18600,50451,,,,,,,,,367,1267
OFSS,F&O OI,22891,35687,,,,,,,,,22844,22940
OFSS,CALL VOL,5995,2945,,,,,,,,,171,520
OFSS,CALL OI,2083,1687,,,,,,,,,2060,2091
OFSS,PUT VOL,2623,3450,,,,,,,,,28,109
OFSS,PUT OI,2478,2194,,,,,,,,,2480,2478
OFSS,CALL SPRD,,,,,,,,,,,,
OFSS,PUT SPRD,,,,,,,,,,,,
OIL,PRICE,448.65,459.45,,,,446.0,454.25,450.52,474.36,472.77,446.0,446.0
OIL,VWAP,,,,,,,,,,,445.65,444.2
OIL,CASH VOL,3069066,2140454,868669,56.85,51.24,,,,,,63770,103744
OIL,F&O VOL,4745,8101,,,,,,,,,45,287
OIL,F&O OI,12973,19780,,,,,,,,,12990,12967
OIL,CALL VOL,859,229,,,,,,,,,22,66
OIL,CALL OI,467,199,,,,,,,,,650,472
OIL,PUT VOL,1132,399,,,,,,,,,17,72
OIL,PUT OI,748,550,,,,,,,,,764,755
OIL,CALL SPRD,,,,,,,,,,,,
OIL,PUT SPRD,,,,,,,,,,,,
ONGC,PRICE,225.8,230.0,,,,224.75,227.58,226.4,235.79,235.66,224.0,224.0
ONGC,VWAP,,,,,,,,,,,224.16,224.3
ONGC,CASH VOL,11131417,13380638,4981051,63.17,66.99,,,,,,605061,1109541
ONGC,F&O VOL,26485,45931,,,,,,,,,644,1890
ONGC,F&O OI,48320,66844,,,,,,,,,48372,48488
ONGC,CALL VOL,8258,6522,,,,,,,,,329,735
ONGC,CALL OI,5469,3170,,,,,,,,,5537,5546
ONGC,PUT VOL,7351,5433,,,,,,,,,236,371
ONGC,PUT OI,5625,4889,,,,,,,,,5647,5664
ONGC,CALL SPRD,,,,,,,,,,,,
ONGC,PUT SPRD,,,,,,,,,,,,
PAGEIND,PRICE,36385.0,36580.0,,,,36485.0,36680.0,36483.33,37353.33,36670.0,36485.0,36485.0
PAGEIND,VWAP,,,,,,,,,,,36721.67,36697.41
PAGEIND,CASH VOL,83553,25120,18363,55.48,45.53,,,,,,602,1063
PAGEIND,F&O VOL,9556,14447,,,,,,,,,82,285
PAGEIND,F&O OI,14143,17293,,,,,,,,,14146,14186
PAGEIND,CALL VOL,2348,339,,,,,,,,,34,122
PAGEIND,CALL OI,749,342,,,,,,,,,846,775
PAGEIND,PUT VOL,2365,441,,,,,,,,,1,29
PAGEIND,PUT OI,1066,574,,,,,,,,,955,1065
PAGEIND,CALL SPRD,,,,,,,,,,,,
PAGEIND,PUT SPRD,,,,,,,,,,,,
PATANJALI,PRICE,363.0,371.4,,,,363.5,367.62,364.54,398.99,389.07,363.0,363.0
PATANJALI,VWAP,,,,,,,,,,,364.7,363.23
PATANJALI,CASH VOL,1344954,3725050,300121,29.79,24.01,,,,,,113805,423425
PATANJALI,F&O VOL,18745,61623,,,,,,,,,385,1361
PATANJALI,F&O OI,50004,60640,,,,,,,,,50034,50198
PATANJALI,CALL VOL,4435,2878,,,,,,,,,225,609
PATANJALI,CALL OI,2961,1512,,,,,,,,,2915,2993
PATANJALI,PUT VOL,4587,7342,,,,,,,,,84,197
PATANJALI,PUT OI,2520,1932,,,,,,,,,2523,2541
PATANJALI,CALL SPRD,,,,,,,,,,,,
PATANJALI,PUT SPRD,,,,,,,,,,,,
PAYTM,PRICE,1678.0,1683.0,,,,1671.9,1687.55,1681.18,1744.05,1697.35,1671.0,1671.0
PAYTM,VWAP,,,,,,,,,,,1673.97,1671.17
PAYTM,CASH VOL,2424277,3925804,756401,45.21,41.68,,,,,,51112,106711
PAYTM,F&O VOL,27926,85536,,,,,,,,,503,1151
PAYTM,F&O OI,37435,54017,,,,,,,,,37399,37439
PAYTM,CALL VOL,9682,14677,,,,,,,,,177,318
PAYTM,CALL OI,4535,4300,,,,,,,,,4550,4558
PAYTM,PUT VOL,6518,7036,,,,,,,,,102,243
PAYTM,PUT OI,4354,4071,,,,,,,,,4353,4369
PAYTM,CALL SPRD,,,,,,,,,,,,
PAYTM,PUT SPRD,,,,,,,,,,,,
PERSISTENT,PRICE,5279.0,5162.0,,,,5276.0,5298.5,5285.5,5356.5,5325.5,5276.0,5276.0
PERSISTENT,VWAP,,,,,,,,,,,5323.83,5314.55
PERSISTENT,CASH VOL,611251,294063,159332,40.25,46.99,,,,,,33350,47854
PERSISTENT,F&O VOL,34542,36028,,,,,,,,,2238,4108
PERSISTENT,F&O OI,34615,48047,,,,,,,,,34226,34083
PERSISTENT,CALL VOL,16825,5911,,,,,,,,,1684,2617
PERSISTENT,CALL OI,4439,2631,,,,,,,,,4068,3941
PERSISTENT,PUT VOL,7656,3096,,,,,,,,,455,752
PERSISTENT,PUT OI,3286,2424,,,,,,,,,3308,3311
PERSISTENT,CALL SPRD,,,,,,,,,,,,
PERSISTENT,PUT SPRD,,,,,,,,,,,,
PETRONET,PRICE,284.5,282.95,,,,284.5,286.45,285.15,285.99,284.98,284.0,284.0
PETRONET,VWAP,,,,,,,,,,,284.03,284.1
PETRONET,CASH VOL,2419296,2819999,1109921,72.9,56.79,,,,,,34689,77328
PETRONET,F&O VOL,4006,14988,,,,,,,,,43,175
PETRONET,F&O OI,18399,22913,,,,,,,,,18404,18397
PETRONET,CALL VOL,1358,,,,,,,,,,32,71
PETRONET,CALL OI,1316,,,,,,,,,,1318,1337
PETRONET,PUT VOL,848,,,,,,,,,,2,19
PETRONET,PUT OI,878,,,,,,,,,,878,872
PETRONET,CALL SPRD,,,,,,,,,,,,
PETRONET,PUT SPRD,,,,,,,,,,,,
PFC,PRICE,325.5,324.1,,,,325.85,328.75,326.58,343.12,339.71,325.0,325.0
PFC,VWAP,,,,,,,,,,,325.08,324.29
PFC,CASH VOL,9986223,13111275,3371340,68.73,62.15,,,,,,316055,538034
PFC,F&O VOL,24590,93131,,,,,,,,,489,1460
PFC,F&O OI,108806,128569,,,,,,,,,108871,108995
PFC,CALL VOL,9693,14127,,,,,,,,,258,713
PFC,CALL OI,10130,8795,,,,,,,,,10178,10293
PFC,PUT VOL,6096,13332,,,,,,,,,138,404
PFC,PUT OI,9596,9227,,,,,,,,,9578,9572
PFC,CALL SPRD,,,,,,,,,,,,
PFC,PUT SPRD,,,,,,,,,,,,
PGEL,PRICE,493.45,493.15,,,,494.95,499.73,495.54,526.73,521.24,494.0,494.0
PGEL,VWAP,,,,,,,,,,,495.45,494.26
PGEL,CASH VOL,825728,1964023,211178,38.23,44.52,,,,,,24066,59366
PGEL,F&O VOL,5505,16396,,,,,,,,,43,223
PGEL,F&O OI,16769,22682,,,,,,,,,16783,16813
PGEL,CALL VOL,2239,1076,,,,,,,,,21,136
PGEL,CALL OI,1496,996,,,,,,,,,1497,1521
PGEL,PUT VOL,1401,1440,,,,,,,,,2,9
PGEL,PUT OI,1845,1605,,,,,,,,,1845,1842
PGEL,CALL SPRD,,,,,,,,,,,,
PGEL,PUT SPRD,,,,,,,,,,,,
PHOENIXLTD,PRICE,1935.0,1929.0,,,,1935.0,1939.8,1936.6,1974.85,1967.75,1935.0,1935.0
PHOENIXLTD,VWAP,,,,,,,,,,,1934.03,1932.65
PHOENIXLTD,CASH VOL,421345,381228,210132,63.39,60.59,,,,,,8889,17789
PHOENIXLTD,F&O VOL,2195,9235,,,,,,,,,20,86
PHOENIXLTD,F&O OI,11655,15258,,,,,,,,,11666,11668
PHOENIXLTD,CALL VOL,707,167,,,,,,,,,0,23
PHOENIXLTD,CALL OI,486,385,,,,,,,,,486,486
PHOENIXLTD,PUT VOL,336,303,,,,,,,,,0,0
PHOENIXLTD,PUT OI,365,226,,,,,,,,,365,365
PHOENIXLTD,CALL SPRD,,,,,,,,,,,,
PHOENIXLTD,PUT SPRD,,,,,,,,,,,,
PIDILITIND,PRICE,1465.1,1461.0,,,,1468.1,1481.0,1470.4,1546.85,1527.08,1468.0,1468.0
PIDILITIND,VWAP,,,,,,,,,,,1465.4,1464.66
PIDILITIND,CASH VOL,940925,1073488,535551,68.12,63.73,,,,,,18708,25059
PIDILITIND,F&O VOL,5487,13470,,,,,,,,,56,186
PIDILITIND,F&O OI,12975,17428,,,,,,,,,12985,13016
PIDILITIND,CALL VOL,1862,1006,,,,,,,,,18,99
PIDILITIND,CALL OI,712,484,,,,,,,,,712,729
PIDILITIND,PUT VOL,1654,1806,,,,,,,,,28,49
PIDILITIND,PUT OI,938,963,,,,,,,,,943,949
PIDILITIND,CALL SPRD,,,,,,,,,,,,
PIDILITIND,PUT SPRD,,,,,,,,,,,,
PIIND,PRICE,2310.0,2288.8,,,,2302.4,2305.47,2296.4,2390.73,2372.2,2302.0,2302.0
PIIND,VWAP,,,,,,,,,,,2285.57,2283.11
PIIND,CASH VOL,174009,186578,98142,53.08,48.68,,,,,,4270,6981
PIIND,F&O VOL,6498,31148,,,,,,,,,106,369
PIIND,F&O OI,29303,41649,,,,,,,,,29333,29348
PIIND,CALL VOL,1329,,,,,,,,,,33,75
PIIND,CALL OI,1011,,,,,,,,,,1015,1012
PIIND,PUT VOL,1124,,,,,,,,,,1,53
PIIND,PUT OI,1792,,,,,,,,,,1792,1809
PIIND,CALL SPRD,,,,,,,,,,,,
PIIND,PUT SPRD,,,,,,,,,,,,
PNB,PRICE,113.06,111.75,,,,113.06,113.35,113.16,117.56,116.92,113.0,113.0
PNB,VWAP,,,,,,,,,,,113.02,112.93
PNB,CASH VOL,15255055,25885049,4617878,47.19,57.45,,,,,,299818,548229
PNB,F&O VOL,11629,30971,,,,,,,,,251,597
PNB,F&O OI,41447,50355,,,,,,,,,41492,41512
PNB,CALL VOL,3541,3737,,,,,,,,,77,151
PNB,CALL OI,1893,1715,,,,,,,,,1920,1927
PNB,PUT VOL,2566,3543,,,,,,,,,101,205
PNB,PUT OI,2780,2487,,,,,,,,,2783,2758
PNB,CALL SPRD,,,,,,,,,,,,
PNB,PUT SPRD,,,,,,,,,,,,
PNBHOUSING,PRICE,1120.0,1098.2,,,,1116.1,1118.07,1114.2,1115.9,1101.9,1116.0,1116.0
PNBHOUSING,VWAP,,,,,,,,,,,1114.33,1111.49
PNBHOUSING,CASH VOL,1164222,907413,608824,65.76,41.84,,,,,,8358,24743
PNBHOUSING,F&O VOL,8249,27536,,,,,,,,,73,229
PNBHOUSING,F&O OI,19609,24794,,,,,,,,,19621,19635
PNBHOUSING,CALL VOL,3502,3748,,,,,,,,,32,114
PNBHOUSING,CALL OI,1268,1060,,,,,,,,,1271,1276
PNBHOUSING,PUT VOL,1579,1172,,,,,,,,,21,63
PNBHOUSING,PUT OI,835,715,,,,,,,,,836,838
PNBHOUSING,CALL SPRD,,,,,,,,,,,,
PNBHOUSING,PUT SPRD,,,,,,,,,,,,
POLICYBZR,PRICE,1063.9,1081.0,,,,1050.0,1064.7,1064.17,1509.95,1280.65,1050.0,1050.0
POLICYBZR,VWAP,,,,,,,,,,,1051.27,1046.92
POLICYBZR,CASH VOL,8915211,19346053,2055867,37.84,55.3,,,,,,298002,565846
POLICYBZR,F&O VOL,181765,490619,,,,,,,,,4382,12387
POLICYBZR,F&O OI,144353,185046,,,,,,,,,145270,146054
POLICYBZR,CALL VOL,41420,23297,,,,,,,,,1688,4236
POLICYBZR,CALL OI,11208,6364,,,,,,,,,13652,11960
POLICYBZR,PUT VOL,48027,49599,,,,,,,,,898,2826
POLICYBZR,PUT OI,12853,10618,,,,,,,,,13781,13204
POLICYBZR,CALL SPRD,,,,,,,,,,,,
POLICYBZR,PUT SPRD,,,,,,,,,,,,
POLYCAB,PRICE,8026.0,8102.5,,,,8030.0,8101.5,8051.17,8403.5,8393.5,8030.0,8030.0
POLYCAB,VWAP,,,,,,,,,,,8050.17,8047.75
POLYCAB,CASH VOL,494724,1645809,127856,57.12,72.64,,,,,,11478,23605
POLYCAB,F&O VOL,18045,64184,,,,,,,,,260,715
POLYCAB,F&O OI,28872,44657,,,,,,,,,28940,29043
POLYCAB,CALL VOL,6334,5684,,,,,,,,,97,343
POLYCAB,CALL OI,4164,3104,,,,,,,,,3880,4253
POLYCAB,PUT VOL,6064,7455,,,,,,,,,89,164
POLYCAB,PUT OI,5542,4736,,,,,,,,,5723,5554
POLYCAB,CALL SPRD,,,,,,,,,,,,
POLYCAB,PUT SPRD,,,,,,,,,,,,
POWERGRID,PRICE,260.5,261.5,,,,258.2,260.35,260.05,269.11,268.32,258.0,258.0
POWERGRID,VWAP,,,,,,,,,,,257.82,257.74
POWERGRID,CASH VOL,9769840,25174350,3307737,68.73,66.78,,,,,,724455,1086541
POWERGRID,F&O VOL,20926,46212,,,,,,,,,669,1424
POWERGRID,F&O OI,49162,70057,,,,,,,,,49225,49302
POWERGRID,CALL VOL,7531,8731,,,,,,,,,408,669
POWERGRID,CALL OI,4466,3670,,,,,,,,,4565,4562
POWERGRID,PUT VOL,6416,10135,,,,,,,,,304,472
POWERGRID,PUT OI,3984,4118,,,,,,,,,3965,3994
POWERGRID,CALL SPRD,,,,,,,,,,,,
POWERGRID,PUT SPRD,,,,,,,,,,,,
POWERINDIA,PRICE,30630.0,30735.0,,,,30690.0,30628.33,30625.0,31610.0,31226.67,30690.0,30690.0
POWERINDIA,VWAP,,,,,,,,,,,30725.0,30780.25
POWERINDIA,CASH VOL,88522,387016,26102,45.94,69.88,,,,,,7814,23273
POWERINDIA,F&O VOL,17037,81530,,,,,,,,,966,2730
POWERINDIA,F&O OI,30979,51061,,,,,,,,,31014,31058
POWERINDIA,CALL VOL,7785,6774,,,,,,,,,558,1577
POWERINDIA,CALL OI,4790,3924,,,,,,,,,4799,4714
POWERINDIA,PUT VOL,2676,4021,,,,,,,,,96,526
POWERINDIA,PUT OI,5271,5170,,,,,,,,,5522,5384
POWERINDIA,CALL SPRD,,,,,,,,,,,,
POWERINDIA,PUT SPRD,,,,,,,,,,,,
PREMIERENE,PRICE,870.1,870.0,,,,871.0,874.1,871.43,902.3,898.37,871.0,871.0
PREMIERENE,VWAP,,,,,,,,,,,870.77,869.78
PREMIERENE,CASH VOL,1144007,3053623,434501,38.08,36.78,,,,,,21955,53649
PREMIERENE,F&O VOL,16386,63402,,,,,,,,,136,616
PREMIERENE,F&O OI,31017,41199,,,,,,,,,31053,31149
PREMIERENE,CALL VOL,6315,13548,,,,,,,,,75,216
PREMIERENE,CALL OI,6311,5732,,,,,,,,,6096,6363
PREMIERENE,PUT VOL,3662,9530,,,,,,,,,17,113
PREMIERENE,PUT OI,4339,4012,,,,,,,,,4340,4338
PREMIERENE,CALL SPRD,,,,,,,,,,,,
PREMIERENE,PUT SPRD,,,,,,,,,,,,
PRESTIGE,PRICE,1481.9,1417.5,,,,1475.6,1473.52,1456.75,1476.8,1474.8,1475.0,1475.0
PRESTIGE,VWAP,,,,,,,,,,,1473.0,1468.09
PRESTIGE,CASH VOL,1284002,746201,583482,46.86,59.87,,,,,,6453,16536
PRESTIGE,F&O VOL,16671,15850,,,,,,,,,118,505
PRESTIGE,F&O OI,17133,23765,,,,,,,,,17128,17076
PRESTIGE,CALL VOL,5977,847,,,,,,,,,41,168
PRESTIGE,CALL OI,1743,1396,,,,,,,,,1806,1727
PRESTIGE,PUT VOL,5552,1806,,,,,,,,,91,250
PRESTIGE,PUT OI,2329,1812,,,,,,,,,2317,2271
PRESTIGE,CALL SPRD,,,,,,,,,,,,
PRESTIGE,PUT SPRD,,,,,,,,,,,,
RADICO,PRICE,4366.0,4364.0,,,,4366.5,4440.55,4390.85,4536.43,4495.1,4366.0,4366.0
RADICO,VWAP,,,,,,,,,,,4342.97,4332.58
RADICO,CASH VOL,387850,238687,164331,55.03,50.47,,,,,,11586,22093
RADICO,F&O VOL,9986,24877,,,,,,,,,249,641
RADICO,F&O OI,12063,17387,,,,,,,,,12111,12123
RADICO,CALL VOL,3531,1247,,,,,,,,,78,207
RADICO,CALL OI,1264,979,,,,,,,,,1275,1295
RADICO,PUT VOL,1502,1486,,,,,,,,,39,118
RADICO,PUT OI,920,707,,,,,,,,,920,931
RADICO,CALL SPRD,,,,,,,,,,,,
RADICO,PUT SPRD,,,,,,,,,,,,
RBLBANK,PRICE,403.35,402.0,,,,405.05,407.85,404.85,415.35,415.15,405.0,405.0
RBLBANK,VWAP,,,,,,,,,,,408.17,407.76
RBLBANK,CASH VOL,3855694,4214429,1029472,39.08,51.48,,,,,,131087,306342
RBLBANK,F&O VOL,9316,19836,,,,,,,,,274,877
RBLBANK,F&O OI,21810,29399,,,,,,,,,21856,21899
RBLBANK,CALL VOL,3876,2454,,,,,,,,,127,277
RBLBANK,CALL OI,3066,2591,,,,,,,,,3088,3108
RBLBANK,PUT VOL,1873,923,,,,,,,,,70,173
RBLBANK,PUT OI,1705,1260,,,,,,,,,1724,1745
RBLBANK,CALL SPRD,,,,,,,,,,,,
RBLBANK,PUT SPRD,,,,,,,,,,,,
RECLTD,PRICE,299.0,292.45,,,,298.05,298.46,297.38,312.06,310.27,298.0,298.0
RECLTD,VWAP,,,,,,,,,,,296.92,296.33
RECLTD,CASH VOL,6842344,39781303,2366498,50.87,75.59,,,,,,151098,301468
RECLTD,F&O VOL,20443,55815,,,,,,,,,222,706
RECLTD,F&O OI,52777,66952,,,,,,,,,52788,52831
RECLTD,CALL VOL,9277,13000,,,,,,,,,118,297
RECLTD,CALL OI,5714,5748,,,,,,,,,5733,5743
RECLTD,PUT VOL,5343,8599,,,,,,,,,75,222
RECLTD,PUT OI,6702,5868,,,,,,,,,6698,6732
RECLTD,CALL SPRD,,,,,,,,,,,,
RECLTD,PUT SPRD,,,,,,,,,,,,
RELIANCE,PRICE,1187.0,1182.0,,,,1180.1,1189.1,1187.7,1231.65,1227.88,1180.0,1180.0
RELIANCE,VWAP,,,,,,,,,,,1180.13,1179.82
RELIANCE,CASH VOL,16376789,24191416,7060119,69.68,72.35,,,,,,943747,1482529
RELIANCE,F&O VOL,217712,457447,,,,,,,,,4550,15773
RELIANCE,F&O OI,544764,690747,,,,,,,,,545585,547391
RELIANCE,CALL VOL,53935,56973,,,,,,,,,2141,4691
RELIANCE,CALL OI,38045,32995,,,,,,,,,38426,38887
RELIANCE,PUT VOL,39608,53008,,,,,,,,,1288,3048
RELIANCE,PUT OI,42530,42087,,,,,,,,,42680,42628
RELIANCE,CALL SPRD,,,,,,,,,,,,
RELIANCE,PUT SPRD,,,,,,,,,,,,
RVNL,PRICE,201.76,197.9,,,,201.5,203.95,202.49,209.1,207.7,201.0,201.0
RVNL,VWAP,,,,,,,,,,,201.44,201.29
RVNL,CASH VOL,17689293,7345733,2558420,13.84,21.44,,,,,,374950,674164
RVNL,F&O VOL,57374,44158,,,,,,,,,608,1563
RVNL,F&O OI,34367,40612,,,,,,,,,34412,34487
RVNL,CALL VOL,28175,,,,,,,,,,463,755
RVNL,CALL OI,4819,,,,,,,,,,4800,4833
RVNL,PUT VOL,9083,,,,,,,,,,148,342
RVNL,PUT OI,3766,,,,,,,,,,3816,3928
RVNL,CALL SPRD,,,,,,,,,,,,
RVNL,PUT SPRD,,,,,,,,,,,,
SAIL,PRICE,181.49,181.82,,,,180.5,183.13,182.04,184.23,182.68,180.0,180.0
SAIL,VWAP,,,,,,,,,,,181.14,180.35
SAIL,CASH VOL,15646382,21241634,5600673,48.15,43.97,,,,,,876534,2037948
SAIL,F&O VOL,563,22864,,,,,,,,,2,2
SAIL,F&O OI,37763,45302,,,,,,,,,37763,37763
SAIL,CALL VOL,,15,,,,,,,,,0,0
SAIL,CALL OI,27,27,,,,,,,,,27,27
SAIL,PUT VOL,1,6,,,,,,,,,0,0
SAIL,PUT OI,13,13,,,,,,,,,13,13
SAIL,CALL SPRD,,,,,,,,,,,,
SAIL,PUT SPRD,,,,,,,,,,,,
SBICARD,PRICE,578.05,581.0,,,,579.05,584.65,580.25,625.17,615.86,579.0,579.0
SBICARD,VWAP,,,,,,,,,,,577.8,577.38
SBICARD,CASH VOL,582328,1392600,156203,46.37,54.9,,,,,,65463,118551
SBICARD,F&O VOL,10421,22262,,,,,,,,,267,730
SBICARD,F&O OI,34346,47629,,,,,,,,,34388,34390
SBICARD,CALL VOL,2759,2700,,,,,,,,,80,251
SBICARD,CALL OI,3248,2654,,,,,,,,,3282,3300
SBICARD,PUT VOL,2080,2694,,,,,,,,,49,140
SBICARD,PUT OI,4138,3591,,,,,,,,,4148,4124
SBICARD,CALL SPRD,,,,,,,,,,,,
SBICARD,PUT SPRD,,,,,,,,,,,,
SBILIFE,PRICE,1696.4,1735.0,,,,1676.3,1705.25,1699.35,1745.65,1743.22,1676.0,1676.0
SBILIFE,VWAP,,,,,,,,,,,1689.9,1689.01
SBILIFE,CASH VOL,1813203,1598671,653432,64.08,73.3,,,,,,74730,131391
SBILIFE,F&O VOL,11611,19008,,,,,,,,,601,1059
SBILIFE,F&O OI,23882,36476,,,,,,,,,23939,24008
SBILIFE,CALL VOL,2822,1160,,,,,,,,,189,258
SBILIFE,CALL OI,1405,1023,,,,,,,,,1989,1394
SBILIFE,PUT VOL,4254,2132,,,,,,,,,377,525
SBILIFE,PUT OI,1611,1401,,,,,,,,,1781,1692
SBILIFE,CALL SPRD,,,,,,,,,,,,
SBILIFE,PUT SPRD,,,,,,,,,,,,
SBIN,PRICE,959.5,964.7,,,,953.1,966.15,961.72,987.95,984.65,953.0,953.0
SBIN,VWAP,,,,,,,,,,,957.73,957.83
SBIN,CASH VOL,8010571,26781498,2618110,57.46,70.08,,,,,,420862,663073
SBIN,F&O VOL,110048,219994,,,,,,,,,2512,6626
SBIN,F&O OI,233003,316628,,,,,,,,,233496,234028
SBIN,CALL VOL,39385,35218,,,,,,,,,1559,3364
SBIN,CALL OI,23684,20951,,,,,,,,,24006,24075
SBIN,PUT VOL,28175,29090,,,,,,,,,794,1821
SBIN,PUT OI,26003,24523,,,,,,,,,26089,26276
SBIN,CALL SPRD,,,,,,,,,,,,
SBIN,PUT SPRD,,,,,,,,,,,,
SHREECEM,PRICE,22345.0,21900.0,,,,22250.0,22280.0,22150.0,22495.0,22445.0,22250.0,22250.0
SHREECEM,VWAP,,,,,,,,,,,22188.33,22178.52
SHREECEM,CASH VOL,20963,450209,8001,55.93,74.0,,,,,,1692,2802
SHREECEM,F&O VOL,5122,22742,,,,,,,,,285,865
SHREECEM,F&O OI,19391,25561,,,,,,,,,19441,19467
SHREECEM,CALL VOL,2295,2016,,,,,,,,,198,363
SHREECEM,CALL OI,1369,1068,,,,,,,,,1358,1314
SHREECEM,PUT VOL,1117,949,,,,,,,,,46,124
SHREECEM,PUT OI,1067,755,,,,,,,,,1065,1080
SHREECEM,CALL SPRD,,,,,,,,,,,,
SHREECEM,PUT SPRD,,,,,,,,,,,,
SHRIRAMFIN,PRICE,982.7,971.5,,,,973.5,980.48,976.05,1001.2,996.47,973.0,973.0
SHRIRAMFIN,VWAP,,,,,,,,,,,969.2,966.69
SHRIRAMFIN,CASH VOL,5552495,6176420,2523037,70.33,73.61,,,,,,279986,525737
SHRIRAMFIN,F&O VOL,21981,31735,,,,,,,,,531,1624
SHRIRAMFIN,F&O OI,43975,60698,,,,,,,,,44124,44267
SHRIRAMFIN,CALL VOL,9365,5492,,,,,,,,,304,718
SHRIRAMFIN,CALL OI,6548,5794,,,,,,,,,6589,6640
SHRIRAMFIN,PUT VOL,5835,4078,,,,,,,,,143,504
SHRIRAMFIN,PUT OI,5444,5073,,,,,,,,,5468,5452
SHRIRAMFIN,CALL SPRD,,,,,,,,,,,,
SHRIRAMFIN,PUT SPRD,,,,,,,,,,,,
SIEMENS,PRICE,3725.6,3710.0,,,,3725.7,3754.55,3735.25,3889.65,3881.22,3725.0,3725.0
SIEMENS,VWAP,,,,,,,,,,,3735.43,3739.35
SIEMENS,CASH VOL,183302,344496,46592,45.86,50.84,,,,,,4447,10926
SIEMENS,F&O VOL,5991,27548,,,,,,,,,134,396
SIEMENS,F&O OI,27041,35746,,,,,,,,,27062,27102
SIEMENS,CALL VOL,3325,3849,,,,,,,,,94,289
SIEMENS,CALL OI,2671,2502,,,,,,,,,2693,2724
SIEMENS,PUT VOL,814,1787,,,,,,,,,1,72
SIEMENS,PUT OI,2901,2805,,,,,,,,,2901,2931
SIEMENS,CALL SPRD,,,,,,,,,,,,
SIEMENS,PUT SPRD,,,,,,,,,,,,
SOLARINDS,PRICE,19700.0,18650.0,,,,19588.0,19608.33,19425.0,19680.0,19550.0,19588.0,19588.0
SOLARINDS,VWAP,,,,,,,,,,,19535.0,19523.57
SOLARINDS,CASH VOL,302167,226436,60487,37.93,52.18,,,,,,10176,16686
SOLARINDS,F&O VOL,59681,84220,,,,,,,,,936,2210
SOLARINDS,F&O OI,37187,55989,,,,,,,,,37249,37290
SOLARINDS,CALL VOL,23260,4580,,,,,,,,,526,888
SOLARINDS,CALL OI,5135,4015,,,,,,,,,5198,5207
SOLARINDS,PUT VOL,8019,2320,,,,,,,,,143,366
SOLARINDS,PUT OI,4218,3476,,,,,,,,,4221,4232
SOLARINDS,CALL SPRD,,,,,,,,,,,,
SOLARINDS,PUT SPRD,,,,,,,,,,,,
SONACOMS,PRICE,830.0,815.65,,,,828.0,828.9,826.7,821.37,815.1,828.0,828.0
SONACOMS,VWAP,,,,,,,,,,,820.52,816.63
SONACOMS,CASH VOL,2734579,4300310,792846,47.28,57.58,,,,,,98126,186544
SONACOMS,F&O VOL,13602,17856,,,,,,,,,556,1674
SONACOMS,F&O OI,17856,20446,,,,,,,,,17932,18141
SONACOMS,CALL VOL,7246,3981,,,,,,,,,350,772
SONACOMS,CALL OI,2569,2166,,,,,,,,,2598,2611
SONACOMS,PUT VOL,1796,1420,,,,,,,,,114,288
SONACOMS,PUT OI,1650,1511,,,,,,,,,1657,1711
SONACOMS,CALL SPRD,,,,,,,,,,,,
SONACOMS,PUT SPRD,,,,,,,,,,,,
SRF,PRICE,2472.5,2420.1,,,,2472.5,2476.2,2473.73,2536.35,2529.05,2472.0,2472.0
SRF,VWAP,,,,,,,,,,,2465.07,2463.42
SRF,CASH VOL,292029,290746,155805,54.71,50.37,,,,,,4713,7398
SRF,F&O VOL,10821,30198,,,,,,,,,105,320
SRF,F&O OI,27353,33967,,,,,,,,,27335,27344
SRF,CALL VOL,4909,,,,,,,,,,16,71
SRF,CALL OI,1961,,,,,,,,,,1962,1958
SRF,PUT VOL,2257,,,,,,,,,,3,50
SRF,PUT OI,1841,,,,,,,,,,1841,1839
SRF,CALL SPRD,,,,,,,,,,,,
SRF,PUT SPRD,,,,,,,,,,,,
SUNPHARMA,PRICE,1816.6,1865.0,,,,1815.0,1838.9,1824.03,1861.85,1855.42,1815.0,1815.0
SUNPHARMA,VWAP,,,,,,,,,,,1814.1,1812.08
SUNPHARMA,CASH VOL,2401495,3083083,800518,63.77,63.86,,,,,,73411,103828
SUNPHARMA,F&O VOL,46030,82510,,,,,,,,,1126,2520
SUNPHARMA,F&O OI,62484,84830,,,,,,,,,62645,62860
SUNPHARMA,CALL VOL,19616,25623,,,,,,,,,659,1327
SUNPHARMA,CALL OI,6251,4620,,,,,,,,,4921,6460
SUNPHARMA,PUT VOL,13313,9143,,,,,,,,,509,964
SUNPHARMA,PUT OI,5241,4545,,,,,,,,,5657,5313
SUNPHARMA,CALL SPRD,,,,,,,,,,,,
SUNPHARMA,PUT SPRD,,,,,,,,,,,,
SUPREMEIND,PRICE,3451.0,3445.8,,,,3437.0,3495.55,3465.85,3531.58,3494.75,3437.0,3437.0
SUPREMEIND,VWAP,,,,,,,,,,,3418.43,3420.8
SUPREMEIND,CASH VOL,139486,129446,52973,47.4,50.9,,,,,,2608,9600
SUPREMEIND,F&O VOL,4731,11354,,,,,,,,,70,432
SUPREMEIND,F&O OI,13701,19115,,,,,,,,,13715,13773
SUPREMEIND,CALL VOL,2671,482,,,,,,,,,41,240
SUPREMEIND,CALL OI,672,380,,,,,,,,,714,693
SUPREMEIND,PUT VOL,675,428,,,,,,,,,2,30
SUPREMEIND,PUT OI,605,513,,,,,,,,,606,610
SUPREMEIND,CALL SPRD,,,,,,,,,,,,
SUPREMEIND,PUT SPRD,,,,,,,,,,,,
SUZLON,PRICE,39.49,39.5,,,,39.49,39.59,39.53,42.16,41.26,39.0,39.0
SUZLON,VWAP,,,,,,,,,,,39.3,39.29
SUZLON,CASH VOL,47026942,61795397,14023717,48.72,41.48,,,,,,2427476,4424170
SUZLON,F&O VOL,13117,37710,,,,,,,,,229,635
SUZLON,F&O OI,53499,70853,,,,,,,,,53536,53585
SUZLON,CALL VOL,5026,4497,,,,,,,,,95,269
SUZLON,CALL OI,5507,4073,,,,,,,,,5520,5534
SUZLON,PUT VOL,2706,2941,,,,,,,,,57,113
SUZLON,PUT OI,4384,3660,,,,,,,,,4393,4411
SUZLON,CALL SPRD,,,,,,,,,,,,
SUZLON,PUT SPRD,,,,,,,,,,,,
SWIGGY,PRICE,250.1,253.7,,,,248.45,253.5,251.23,275.52,268.41,248.0,248.0
SWIGGY,VWAP,,,,,,,,,,,248.3,247.89
SWIGGY,CASH VOL,9125415,13619762,2730299,43.36,49.83,,,,,,454266,695249
SWIGGY,F&O VOL,18936,49979,,,,,,,,,574,1592
SWIGGY,F&O OI,58762,90396,,,,,,,,,58838,59046
SWIGGY,CALL VOL,7009,4478,,,,,,,,,303,678
SWIGGY,CALL OI,6023,4023,,,,,,,,,6109,6215
SWIGGY,PUT VOL,4211,3926,,,,,,,,,120,465
SWIGGY,PUT OI,5987,4218,,,,,,,,,5988,6041
SWIGGY,CALL SPRD,,,,,,,,,,,,
SWIGGY,PUT SPRD,,,,,,,,,,,,
TATACONSUM,PRICE,949.5,967.7,,,,952.0,958.8,952.6,997.35,987.92,952.0,952.0
TATACONSUM,VWAP,,,,,,,,,,,956.67,956.2
TATACONSUM,CASH VOL,1708408,2410899,524082,68.61,66.93,,,,,,59966,89968
TATACONSUM,F&O VOL,10059,38223,,,,,,,,,246,473
TATACONSUM,F&O OI,39825,51349,,,,,,,,,39842,39863
TATACONSUM,CALL VOL,3355,4608,,,,,,,,,154,240
TATACONSUM,CALL OI,2318,2003,,,,,,,,,2329,2334
TATACONSUM,PUT VOL,2307,3891,,,,,,,,,43,84
TATACONSUM,PUT OI,2975,2810,,,,,,,,,2977,2983
TATACONSUM,CALL SPRD,,,,,,,,,,,,
TATACONSUM,PUT SPRD,,,,,,,,,,,,
TATAELXSI,PRICE,3088.9,3211.7,,,,3099.9,3144.0,3107.27,3231.0,3201.6,3099.0,3099.0
TATAELXSI,VWAP,,,,,,,,,,,3141.07,3140.01
TATAELXSI,CASH VOL,356864,522063,117644,36.42,63.91,,,,,,39602,69071
TATAELXSI,F&O VOL,25568,35280,,,,,,,,,2458,5417
TATAELXSI,F&O OI,32728,42107,,,,,,,,,32202,32322
TATAELXSI,CALL VOL,11378,3005,,,,,,,,,2021,3065
TATAELXSI,CALL OI,5001,2924,,,,,,,,,4544,4522
TATAELXSI,PUT VOL,7388,1943,,,,,,,,,386,708
TATAELXSI,PUT OI,4466,3506,,,,,,,,,4442,4486
TATAELXSI,CALL SPRD,,,,,,,,,,,,
TATAELXSI,PUT SPRD,,,,,,,,,,,,
TATAPOWER,PRICE,359.0,359.0,,,,352.95,359.3,359.1,367.11,366.32,352.0,352.0
TATAPOWER,VWAP,,,,,,,,,,,355.73,355.54
TATAPOWER,CASH VOL,5401745,10743181,1234243,53.91,64.36,,,,,,151420,219225
TATAPOWER,F&O VOL,15078,67134,,,,,,,,,710,1340
TATAPOWER,F&O OI,63024,86032,,,,,,,,,63187,63290
TATAPOWER,CALL VOL,7347,12255,,,,,,,,,424,765
TATAPOWER,CALL OI,5897,5770,,,,,,,,,6004,6075
TATAPOWER,PUT VOL,4557,9250,,,,,,,,,267,457
TATAPOWER,PUT OI,6156,5966,,,,,,,,,6239,6244
TATAPOWER,CALL SPRD,,,,,,,,,,,,
TATAPOWER,PUT SPRD,,,,,,,,,,,,
TATASTEEL,PRICE,184.3,188.0,,,,184.37,186.93,185.18,187.8,187.45,184.0,184.0
TATASTEEL,VWAP,,,,,,,,,,,185.44,184.78
TATASTEEL,CASH VOL,32381754,28159048,12660440,58.07,50.77,,,,,,2505372,4632009
TATASTEEL,F&O VOL,68367,116461,,,,,,,,,1711,5440
TATASTEEL,F&O OI,164985,196740,,,,,,,,,165105,165404
TATASTEEL,CALL VOL,22393,20333,,,,,,,,,945,2315
TATASTEEL,CALL OI,14606,12229,,,,,,,,,14593,14707
TATASTEEL,PUT VOL,19009,16678,,,,,,,,,434,1277
TATASTEEL,PUT OI,13996,13441,,,,,,,,,14024,14036
TATASTEEL,CALL SPRD,,,,,,,,,,,,
TATASTEEL,PUT SPRD,,,,,,,,,,,,
TCS,PRICE,2050.6,2032.4,,,,2052.6,2075.8,2059.0,2091.55,2085.18,2052.0,2052.0
TCS,VWAP,,,,,,,,,,,2076.5,2076.86
TCS,CASH VOL,3656425,4437783,1093135,50.49,66.36,,,,,,211600,351805
TCS,F&O VOL,120138,175712,,,,,,,,,7170,12596
TCS,F&O OI,210102,274862,,,,,,,,,210436,210442
TCS,CALL VOL,42703,26265,,,,,,,,,3166,5325
TCS,CALL OI,20480,18314,,,,,,,,,20701,20612
TCS,PUT VOL,27308,19029,,,,,,,,,1572,2399
TCS,PUT OI,20137,18776,,,,,,,,,20398,20566
TCS,CALL SPRD,,,,,,,,,,,,
TCS,PUT SPRD,,,,,,,,,,,,
TECHM,PRICE,1524.0,1510.5,,,,1540.0,1538.75,1528.92,1550.65,1548.88,1540.0,1540.0
TECHM,VWAP,,,,,,,,,,,1540.5,1537.56
TECHM,CASH VOL,2794174,3218354,1124627,57.39,65.32,,,,,,286573,379148
TECHM,F&O VOL,30469,40291,,,,,,,,,4122,6505
TECHM,F&O OI,40542,58103,,,,,,,,,40863,41116
TECHM,CALL VOL,14737,4992,,,,,,,,,2082,3194
TECHM,CALL OI,6442,2716,,,,,,,,,6644,6768
TECHM,PUT VOL,7108,3247,,,,,,,,,725,1047
TECHM,PUT OI,2859,2157,,,,,,,,,2869,2840
TECHM,CALL SPRD,,,,,,,,,,,,
TECHM,PUT SPRD,,,,,,,,,,,,
TIINDIA,PRICE,2375.0,2413.0,,,,2386.8,2411.4,2387.13,2561.75,2527.98,2386.0,2386.0
TIINDIA,VWAP,,,,,,,,,,,2361.97,2354.62
TIINDIA,CASH VOL,690294,392266,217638,62.23,52.77,,,,,,19510,40464
TIINDIA,F&O VOL,5528,9107,,,,,,,,,361,1116
TIINDIA,F&O OI,15215,20420,,,,,,,,,15408,15641
TIINDIA,CALL VOL,1913,372,,,,,,,,,43,229
TIINDIA,CALL OI,884,373,,,,,,,,,900,949
TIINDIA,PUT VOL,1373,333,,,,,,,,,23,79
TIINDIA,PUT OI,740,403,,,,,,,,,746,748
TIINDIA,CALL SPRD,,,,,,,,,,,,
TIINDIA,PUT SPRD,,,,,,,,,,,,
TITAN,PRICE,4587.0,4675.0,,,,4574.9,4642.5,4605.5,4883.0,4881.0,4574.0,4574.0
TITAN,VWAP,,,,,,,,,,,4577.0,4573.69
TITAN,CASH VOL,927060,1188414,406901,64.46,62.18,,,,,,19885,43690
TITAN,F&O VOL,46483,94386,,,,,,,,,859,2394
TITAN,F&O OI,51567,69003,,,,,,,,,51711,51910
TITAN,CALL VOL,14249,9032,,,,,,,,,575,1109
TITAN,CALL OI,5109,3179,,,,,,,,,5282,5379
TITAN,PUT VOL,15786,19310,,,,,,,,,234,579
TITAN,PUT OI,6542,6087,,,,,,,,,6548,6586
TITAN,CALL SPRD,,,,,,,,,,,,
TITAN,PUT SPRD,,,,,,,,,,,,
TMPV,PRICE,283.5,280.95,,,,280.0,283.58,283.52,295.9,292.27,280.0,280.0
TMPV,VWAP,,,,,,,,,,,280.3,279.58
TMPV,CASH VOL,11539983,18903507,3235173,53.21,40.11,,,,,,391677,821707
TMPV,F&O VOL,60323,156171,,,,,,,,,1286,4985
TMPV,F&O OI,108860,155803,,,,,,,,,108880,109509
TMPV,CALL VOL,24896,32652,,,,,,,,,861,2446
TMPV,CALL OI,14566,13235,,,,,,,,,14533,14760
TMPV,PUT VOL,13590,22607,,,,,,,,,246,992
TMPV,PUT OI,12738,12232,,,,,,,,,12745,12793
TMPV,CALL SPRD,,,,,,,,,,,,
TMPV,PUT SPRD,,,,,,,,,,,,
TORNTPHARM,PRICE,4800.0,4894.0,,,,4800.0,4860.5,4820.17,4968.75,4929.25,4800.0,4800.0
TORNTPHARM,VWAP,,,,,,,,,,,4744.53,4746.24
TORNTPHARM,CASH VOL,397999,725626,174652,56.45,61.63,,,,,,8307,15852
TORNTPHARM,F&O VOL,9148,19079,,,,,,,,,198,915
TORNTPHARM,F&O OI,32210,35538,,,,,,,,,32226,32297
TORNTPHARM,CALL VOL,2386,2038,,,,,,,,,130,356
TORNTPHARM,CALL OI,1467,1031,,,,,,,,,1510,1510
TORNTPHARM,PUT VOL,2811,989,,,,,,,,,179,410
TORNTPHARM,PUT OI,1254,817,,,,,,,,,1267,1277
TORNTPHARM,CALL SPRD,,,,,,,,,,,,
TORNTPHARM,PUT SPRD,,,,,,,,,,,,
TRENT,PRICE,2621.6,2635.0,,,,2615.0,2643.95,2629.05,2746.95,2695.18,2615.0,2615.0
TRENT,VWAP,,,,,,,,,,,2616.6,2608.93
TRENT,CASH VOL,785465,1548590,328880,61.59,62.13,,,,,,18606,46731
TRENT,F&O VOL,18930,44330,,,,,,,,,519,1360
TRENT,F&O OI,61609,73813,,,,,,,,,61785,61952
TRENT,CALL VOL,6653,6472,,,,,,,,,231,478
TRENT,CALL OI,5647,4730,,,,,,,,,5717,5757
TRENT,PUT VOL,4360,5100,,,,,,,,,132,383
TRENT,PUT OI,5774,4802,,,,,,,,,5799,5890
TRENT,CALL SPRD,,,,,,,,,,,,
TRENT,PUT SPRD,,,,,,,,,,,,
TVSMOTOR,PRICE,4106.0,4091.1,,,,4090.0,4129.4,4113.8,4149.05,4132.55,4090.0,4090.0
TVSMOTOR,VWAP,,,,,,,,,,,4048.87,4018.18
TVSMOTOR,CASH VOL,605529,765737,253670,60.91,60.04,,,,,,35948,77257
TVSMOTOR,F&O VOL,25434,43212,,,,,,,,,1830,6398
TVSMOTOR,F&O OI,53228,64292,,,,,,,,,53188,53250
TVSMOTOR,CALL VOL,10020,6175,,,,,,,,,1394,2638
TVSMOTOR,CALL OI,2900,1876,,,,,,,,,3569,2856
TVSMOTOR,PUT VOL,6535,5572,,,,,,,,,669,1863
TVSMOTOR,PUT OI,3406,2776,,,,,,,,,3568,3528
TVSMOTOR,CALL SPRD,,,,,,,,,,,,
TVSMOTOR,PUT SPRD,,,,,,,,,,,,
ULTRACEMCO,PRICE,10956.0,10829.0,,,,10810.0,10932.5,10885.5,11133.5,11090.5,10810.0,10810.0
ULTRACEMCO,VWAP,,,,,,,,,,,10822.67,10795.35
ULTRACEMCO,CASH VOL,257558,514924,110976,59.15,58.61,,,,,,13371,22770
ULTRACEMCO,F&O VOL,13747,36863,,,,,,,,,269,1302
ULTRACEMCO,F&O OI,48641,65664,,,,,,,,,48731,48925
ULTRACEMCO,CALL VOL,3941,2603,,,,,,,,,209,448
ULTRACEMCO,CALL OI,3274,2242,,,,,,,,,3313,3381
ULTRACEMCO,PUT VOL,2612,2307,,,,,,,,,60,323
ULTRACEMCO,PUT OI,2866,2647,,,,,,,,,2882,2902
ULTRACEMCO,CALL SPRD,,,,,,,,,,,,
ULTRACEMCO,PUT SPRD,,,,,,,,,,,,
UNIONBANK,PRICE,171.0,166.0,,,,169.69,171.27,171.09,179.56,178.29,169.0,169.0
UNIONBANK,VWAP,,,,,,,,,,,169.99,169.85
UNIONBANK,CASH VOL,16921657,19452924,5315400,50.59,59.6,,,,,,275778,512495
UNIONBANK,F&O VOL,15495,34285,,,,,,,,,195,557
UNIONBANK,F&O OI,31157,42087,,,,,,,,,31169,31240
UNIONBANK,CALL VOL,5758,3397,,,,,,,,,55,150
UNIONBANK,CALL OI,2675,2216,,,,,,,,,2680,2699
UNIONBANK,PUT VOL,3682,2908,,,,,,,,,105,180
UNIONBANK,PUT OI,2706,2139,,,,,,,,,2719,2728
UNIONBANK,CALL SPRD,,,,,,,,,,,,
UNIONBANK,PUT SPRD,,,,,,,,,,,,
UNITDSPR,PRICE,1354.0,1363.0,,,,1340.1,1357.05,1355.02,1419.45,1410.75,1340.0,1340.0
UNITDSPR,VWAP,,,,,,,,,,,1343.9,1341.88
UNITDSPR,CASH VOL,976345,8761343,347466,57.81,79.25,,,,,,11297,26023
UNITDSPR,F&O VOL,10479,50237,,,,,,,,,187,431
UNITDSPR,F&O OI,24668,31981,,,,,,,,,24720,24785
UNITDSPR,CALL VOL,3146,6552,,,,,,,,,66,129
UNITDSPR,CALL OI,2322,2008,,,,,,,,,2337,2339
UNITDSPR,PUT VOL,3957,13065,,,,,,,,,123,170
UNITDSPR,PUT OI,2692,2549,,,,,,,,,2744,2750
UNITDSPR,CALL SPRD,,,,,,,,,,,,
UNITDSPR,PUT SPRD,,,,,,,,,,,,
UNOMINDA,PRICE,1170.0,1162.0,,,,1170.0,1171.6,1170.53,1236.1,1224.03,1170.0,1170.0
UNOMINDA,VWAP,,,,,,,,,,,1157.6,1143.97
UNOMINDA,CASH VOL,527106,546120,325880,58.52,57.21,,,,,,10173,46774
UNOMINDA,F&O VOL,4200,7377,,,,,,,,,24,301
UNOMINDA,F&O OI,11380,15419,,,,,,,,,11393,11496
UNOMINDA,CALL VOL,1977,458,,,,,,,,,16,108
UNOMINDA,CALL OI,574,332,,,,,,,,,576,598
UNOMINDA,PUT VOL,872,500,,,,,,,,,0,68
UNOMINDA,PUT OI,760,453,,,,,,,,,760,771
UNOMINDA,CALL SPRD,,,,,,,,,,,,
UNOMINDA,PUT SPRD,,,,,,,,,,,,
UPL,PRICE,539.75,538.0,,,,535.7,540.08,539.86,556.4,552.17,535.0,535.0
UPL,VWAP,,,,,,,,,,,535.08,533.94
UPL,CASH VOL,3114983,3270756,1236547,65.92,52.71,,,,,,34041,69938
UPL,F&O VOL,7529,21212,,,,,,,,,113,436
UPL,F&O OI,29733,38401,,,,,,,,,29748,29845
UPL,CALL VOL,2597,,,,,,,,,,75,266
UPL,CALL OI,1879,,,,,,,,,,1888,1948
UPL,PUT VOL,1826,,,,,,,,,,9,71
UPL,PUT OI,1826,,,,,,,,,,1829,1847
UPL,CALL SPRD,,,,,,,,,,,,
UPL,PUT SPRD,,,,,,,,,,,,
VBL,PRICE,432.0,430.0,,,,428.0,431.98,431.95,433.3,430.3,428.0,428.0
VBL,VWAP,,,,,,,,,,,429.47,429.44
VBL,CASH VOL,8815664,8308533,4207889,67.87,60.7,,,,,,127813,262367
VBL,F&O VOL,17743,36689,,,,,,,,,351,734
VBL,F&O OI,69522,83044,,,,,,,,,69505,69431
VBL,CALL VOL,5168,,,,,,,,,,265,447
VBL,CALL OI,4660,,,,,,,,,,4647,4585
VBL,PUT VOL,3646,,,,,,,,,,49,83
VBL,PUT OI,3396,,,,,,,,,,3403,3398
VBL,CALL SPRD,,,,,,,,,,,,
VBL,PUT SPRD,,,,,,,,,,,,
VEDL,PRICE,259.0,260.0,,,,256.35,258.61,257.82,265.96,265.18,256.0,256.0
VEDL,VWAP,,,,,,,,,,,256.05,254.95
VEDL,CASH VOL,8639213,9517563,3359560,60.72,57.17,,,,,,334993,955401
VEDL,F&O VOL,28080,84459,,,,,,,,,339,2014
VEDL,F&O OI,71609,114644,,,,,,,,,71624,71945
VEDL,CALL VOL,14944,14341,,,,,,,,,273,1218
VEDL,CALL OI,10258,9027,,,,,,,,,10276,10439
VEDL,PUT VOL,7175,10703,,,,,,,,,131,600
VEDL,PUT OI,9164,8207,,,,,,,,,9174,9233
VEDL,CALL SPRD,,,,,,,,,,,,
VEDL,PUT SPRD,,,,,,,,,,,,
VMM,PRICE,101.0,104.3,,,,100.01,101.26,101.09,104.39,103.8,100.0,100.0
VMM,VWAP,,,,,,,,,,,100.18,100.09
VMM,CASH VOL,16476797,15659999,6043190,43.34,48.65,,,,,,519094,999126
VMM,F&O VOL,6725,12526,,,,,,,,,197,370
VMM,F&O OI,16315,22773,,,,,,,,,16324,16349
VMM,CALL VOL,892,,,,,,,,,,26,54
VMM,CALL OI,551,,,,,,,,,,556,564
VMM,PUT VOL,1245,,,,,,,,,,43,73
VMM,PUT OI,731,,,,,,,,,,737,745
VMM,CALL SPRD,,,,,,,,,,,,
VMM,PUT SPRD,,,,,,,,,,,,
VOLTAS,PRICE,1070.0,1090.0,,,,1070.0,1081.9,1073.97,1124.8,1120.4,1070.0,1070.0
VOLTAS,VWAP,,,,,,,,,,,1073.3,1070.99
VOLTAS,CASH VOL,1028057,1279969,193847,44.89,59.54,,,,,,14228,27478
VOLTAS,F&O VOL,26925,47942,,,,,,,,,593,1438
VOLTAS,F&O OI,45307,60227,,,,,,,,,45420,45487
VOLTAS,CALL VOL,9404,6723,,,,,,,,,408,872
VOLTAS,CALL OI,5503,4017,,,,,,,,,5604,5643
VOLTAS,PUT VOL,9079,5855,,,,,,,,,173,348
VOLTAS,PUT OI,5709,5115,,,,,,,,,5701,5695
VOLTAS,CALL SPRD,,,,,,,,,,,,
VOLTAS,PUT SPRD,,,,,,,,,,,,
WAAREEENER,PRICE,2374.4,2380.0,,,,2374.0,2383.15,2377.32,2511.8,2500.6,2374.0,2374.0
WAAREEENER,VWAP,,,,,,,,,,,2374.77,2366.67
WAAREEENER,CASH VOL,402951,724573,126932,41.84,41.42,,,,,,26751,71452
WAAREEENER,F&O VOL,10358,46915,,,,,,,,,171,699
WAAREEENER,F&O OI,51609,62442,,,,,,,,,51628,51654
WAAREEENER,CALL VOL,2380,,,,,,,,,,115,243
WAAREEENER,CALL OI,2046,,,,,,,,,,2073,2115
WAAREEENER,PUT VOL,1939,,,,,,,,,,32,62
WAAREEENER,PUT OI,1827,,,,,,,,,,1817,1815
WAAREEENER,CALL SPRD,,,,,,,,,,,,
WAAREEENER,PUT SPRD,,,,,,,,,,,,
WIPRO,PRICE,158.5,156.79,,,,158.61,159.37,158.79,163.96,163.83,158.0,158.0
WIPRO,VWAP,,,,,,,,,,,160.18,160.11
WIPRO,CASH VOL,15966068,164453787,3848706,46.44,87.58,,,,,,1141657,2170702
WIPRO,F&O VOL,36875,100222,,,,,,,,,3002,5342
WIPRO,F&O OI,103821,137780,,,,,,,,,104034,104006
WIPRO,CALL VOL,13455,16446,,,,,,,,,1688,2464
WIPRO,CALL OI,10879,10795,,,,,,,,,11065,11049
WIPRO,PUT VOL,9263,11236,,,,,,,,,894,1244
WIPRO,PUT OI,10722,10713,,,,,,,,,10837,10841
WIPRO,CALL SPRD,,,,,,,,,,,,
WIPRO,PUT SPRD,,,,,,,,,,,,
YESBANK,PRICE,20.95,20.71,,,,20.95,21.12,21.01,22.87,22.62,20.0,20.0
YESBANK,VWAP,,,,,,,,,,,20.98,20.96
YESBANK,CASH VOL,94081938,137347987,28191815,43.93,56.04,,,,,,3933273,7966701
YESBANK,F&O VOL,14376,39036,,,,,,,,,291,1011
YESBANK,F&O OI,56636,72210,,,,,,,,,56707,56754
YESBANK,CALL VOL,7644,6845,,,,,,,,,135,555
YESBANK,CALL OI,8806,7977,,,,,,,,,8819,8828
YESBANK,PUT VOL,2666,4083,,,,,,,,,66,204
YESBANK,PUT OI,6538,6247,,,,,,,,,6539,6576
YESBANK,CALL SPRD,,,,,,,,,,,,
YESBANK,PUT SPRD,,,,,,,,,,,,
ZYDUSLIFE,PRICE,1162.0,1200.5,,,,1151.0,1179.8,1167.93,1196.05,1180.35,1151.0,1151.0
ZYDUSLIFE,VWAP,,,,,,,,,,,1148.67,1146.69
ZYDUSLIFE,CASH VOL,1614233,2372609,671299,51.35,51.62,,,,,,47733,85454
ZYDUSLIFE,F&O VOL,20876,25678,,,,,,,,,367,1326
ZYDUSLIFE,F&O OI,17460,26790,,,,,,,,,17499,17725
ZYDUSLIFE,CALL VOL,3242,5159,,,,,,,,,50,331
ZYDUSLIFE,CALL OI,1286,814,,,,,,,,,541,1344
ZYDUSLIFE,PUT VOL,7347,2851,,,,,,,,,99,467
ZYDUSLIFE,PUT OI,1826,1886,,,,,,,,,1504,1990
ZYDUSLIFE,CALL SPRD,,,,,,,,,,,,
ZYDUSLIFE,PUT SPRD,,,,,,,,,,,,
