Symbol,Metric,PrevDay,PrevDay2,PrevLastHr,DelivPct,DelivPctPrev,Open,dTC,dBC,wTC,wBC,09:20,09:40,10:00,10:10,10:20
360ONE,PRICE,1080.8,1108.0,,,,1080.0,1084.95,1082.18,1070.4,1065.0,1074.0,1075.0,1077.0,1082.0,1082.0
360ONE,VWAP,,,,,,,,,,,1075.1,1074.65,1076.51,1078.59,1078.73
360ONE,CASH VOL,1356395,3642452,789019,53.31,55.77,,,,,,51696,73509,127167,168019,176103
360ONE,F&O VOL,32763,88130,,,,,,,,,1323,2265,3268,4402,4726
360ONE,F&O OI,22134,22194,,,,,,,,,22098,22064,22119,22069,22128
360ONE,CALL VOL,11954,55086,,,,,,,,,690,996,1382,1908,2000
360ONE,CALL OI,4373,4288,,,,,,,,,4239,4240,4261,4164,4173
360ONE,PUT VOL,9719,18729,,,,,,,,,231,450,697,906,950
360ONE,PUT OI,3740,4279,,,,,,,,,3718,3696,3677,3628,3627
ABB,PRICE,7129.0,7120.0,,,,7111.0,7120.5,7103.5,7215.75,7106.25,7146.0,7140.0,7139.0,7132.0,7138.0
ABB,VWAP,,,,,,,,,,,7147.55,7150.75,7148.35,7145.6,7143.04
ABB,CASH VOL,141360,91561,31159,45.37,43.2,,,,,,10521,15104,17648,21331,23686
ABB,F&O VOL,25783,29352,,,,,,,,,2954,4623,5878,6983,8124
ABB,F&O OI,32606,33722,,,,,,,,,33069,32918,33318,33587,33658
ABB,CALL VOL,7426,16851,,,,,,,,,1368,2028,2369,2690,2978
ABB,CALL OI,7292,8036,,,,,,,,,7946,7304,7334,7315,7252
ABB,PUT VOL,6708,7391,,,,,,,,,722,1125,1257,1391,1620
ABB,PUT OI,5456,5801,,,,,,,,,5573,5393,5392,5383,5359
ABCAPITAL,PRICE,390.1,402.45,,,,390.9,395.1,391.77,404.71,394.02,389.0,389.0,387.0,389.0,389.0
ABCAPITAL,VWAP,,,,,,,,,,,390.47,390.28,389.74,389.75,389.72
ABCAPITAL,CASH VOL,4053381,1960710,2163634,56.5,57.96,,,,,,163128,224066,288850,334045,353602
ABCAPITAL,F&O VOL,22373,7181,,,,,,,,,1196,2003,3472,4233,4697
ABCAPITAL,F&O OI,23151,21849,,,,,,,,,23436,23477,23632,23684,23869
ABCAPITAL,CALL VOL,4778,2640,,,,,,,,,412,653,885,1037,1111
ABCAPITAL,CALL OI,3011,2621,,,,,,,,,3127,3079,3031,3005,3024
ABCAPITAL,PUT VOL,5434,1895,,,,,,,,,253,433,1030,1271,1320
ABCAPITAL,PUT OI,3531,3646,,,,,,,,,3477,3474,3497,3455,3452
ADANIENSOL,PRICE,1340.5,1380.0,,,,1341.4,1353.25,1344.75,1419.57,1386.5,1334.0,1336.0,1321.0,1332.0,1334.0
ADANIENSOL,VWAP,,,,,,,,,,,1334.55,1331.63,1326.59,1326.84,1327.23
ADANIENSOL,CASH VOL,1837547,933961,508407,52.87,52.41,,,,,,121115,268176,436907,597380,627632
ADANIENSOL,F&O VOL,32160,14701,,,,,,,,,1637,4971,7410,9688,10515
ADANIENSOL,F&O OI,53655,54659,,,,,,,,,53907,54832,54994,55652,55737
ADANIENSOL,CALL VOL,6471,3544,,,,,,,,,590,1184,1979,2553,2737
ADANIENSOL,CALL OI,4034,3846,,,,,,,,,4029,3400,3432,4121,4095
ADANIENSOL,PUT VOL,3387,1737,,,,,,,,,237,692,1447,1985,2149
ADANIENSOL,PUT OI,2712,2901,,,,,,,,,2700,2497,2576,2849,2807
ADANIENT,PRICE,2900.0,2993.2,,,,2920.0,2938.1,2912.7,3011.78,2995.35,2922.0,2924.0,2916.0,2931.0,2933.0
ADANIENT,VWAP,,,,,,,,,,,2920.94,2921.49,2918.24,2919.73,2920.55
ADANIENT,CASH VOL,1082462,855435,379321,43.12,39.63,,,,,,86146,119981,158547,212196,229703
ADANIENT,F&O VOL,88409,76313,,,,,,,,,9699,14836,21482,27854,31162
ADANIENT,F&O OI,102703,101042,,,,,,,,,103554,103834,104807,105412,105437
ADANIENT,CALL VOL,33859,34239,,,,,,,,,5322,8043,10470,13475,14942
ADANIENT,CALL OI,20367,20674,,,,,,,,,17641,17629,17809,20622,20550
ADANIENT,PUT VOL,22415,17832,,,,,,,,,1926,2805,4172,5525,6170
ADANIENT,PUT OI,10709,11781,,,,,,,,,9868,9922,9955,10999,11079
ADANIGREEN,PRICE,1280.1,1300.9,,,,1279.9,1293.8,1284.67,1320.25,1291.75,1277.0,1276.0,1276.0,1293.0,1293.0
ADANIGREEN,VWAP,,,,,,,,,,,1276.37,1275.18,1275.21,1279.1,1280.85
ADANIGREEN,CASH VOL,2379526,639643,743416,57.08,30.97,,,,,,86941,138405,174842,250887,288937
ADANIGREEN,F&O VOL,43062,35241,,,,,,,,,1818,3409,6417,12053,13835
ADANIGREEN,F&O OI,58888,59078,,,,,,,,,59063,59326,59448,60885,61048
ADANIGREEN,CALL VOL,15468,14449,,,,,,,,,829,1426,2267,3986,4739
ADANIGREEN,CALL OI,7621,8251,,,,,,,,,6304,6345,6178,7373,7269
ADANIGREEN,PUT VOL,8367,6475,,,,,,,,,417,702,972,1555,1801
ADANIGREEN,PUT OI,4022,4202,,,,,,,,,3647,3640,3622,4045,3998
ADANIPORTS,PRICE,1785.3,1807.3,,,,1791.8,1788.7,1786.43,1804.5,1765.5,1783.0,1778.0,1781.0,1790.0,1790.0
ADANIPORTS,VWAP,,,,,,,,,,,1784.43,1782.69,1781.95,1784.15,1784.88
ADANIPORTS,CASH VOL,1589739,1185484,469707,64.69,64.68,,,,,,102072,139632,180974,258737,296866
ADANIPORTS,F&O VOL,57951,49961,,,,,,,,,4127,7278,9788,15018,16961
ADANIPORTS,F&O OI,72561,73171,,,,,,,,,73107,73404,73680,74549,74705
ADANIPORTS,CALL VOL,20746,23001,,,,,,,,,1792,3045,4009,6316,7212
ADANIPORTS,CALL OI,13649,14170,,,,,,,,,13889,14001,14040,14085,14032
ADANIPORTS,PUT VOL,17414,15844,,,,,,,,,1378,2395,2978,4370,4777
ADANIPORTS,PUT OI,11010,11408,,,,,,,,,11074,10987,10980,11225,11265
ADANIPOWER,PRICE,199.48,204.8,,,,200.0,201.3,200.09,206.47,206.2,197.0,198.0,197.0,200.0,200.0
ADANIPOWER,VWAP,,,,,,,,,,,197.78,197.83,197.53,198.09,198.61
ADANIPOWER,CASH VOL,20283670,20269523,4206053,49.08,53.7,,,,,,2128968,3010928,3990413,5694815,6790609
ADANIPOWER,F&O VOL,67610,38618,,,,,,,,,5681,9822,19147,32425,42080
ADANIPOWER,F&O OI,89973,87663,,,,,,,,,90691,91070,94103,98679,100794
ADANIPOWER,CALL VOL,23207,17032,,,,,,,,,3213,4474,5730,9682,12973
ADANIPOWER,CALL OI,13087,12418,,,,,,,,,13281,13049,12390,12905,12667
ADANIPOWER,PUT VOL,9964,7343,,,,,,,,,1030,1791,3245,4560,5766
ADANIPOWER,PUT OI,7313,7914,,,,,,,,,7421,7272,7229,7391,7422
ALKEM,PRICE,5326.0,5417.5,,,,5322.5,5354.25,5335.42,5412.17,5303.5,5285.0,5284.0,5285.0,5270.0,5281.0
ALKEM,VWAP,,,,,,,,,,,5292.01,5290.59,5287.65,5286.32,5285.59
ALKEM,CASH VOL,165474,140012,24104,31.4,48.82,,,,,,2433,3897,5301,5876,6378
ALKEM,F&O VOL,42100,22719,,,,,,,,,645,1352,2776,4019,4543
ALKEM,F&O OI,21049,19974,,,,,,,,,21120,21239,21434,21902,22078
ALKEM,CALL VOL,9679,6848,,,,,,,,,267,406,1414,1762,1967
ALKEM,CALL OI,1898,1614,,,,,,,,,2088,2004,2241,2339,2387
ALKEM,PUT VOL,20515,6265,,,,,,,,,161,341,438,615,660
ALKEM,PUT OI,2059,2100,,,,,,,,,1733,2006,1728,2003,2013
AMBER,PRICE,6911.0,7064.5,,,,6916.0,6980.5,6934.17,7102.83,7058.5,6932.0,6942.0,6925.0,6959.0,6965.0
AMBER,VWAP,,,,,,,,,,,6946.98,6951.57,6941.84,6943.06,6943.74
AMBER,CASH VOL,86469,63504,26747,39.98,34.27,,,,,,7657,11238,15521,17547,18303
AMBER,F&O VOL,21481,12801,,,,,,,,,1017,2203,3613,4766,5188
AMBER,F&O OI,28877,29301,,,,,,,,,29016,29123,28986,29080,29025
AMBER,CALL VOL,4759,4654,,,,,,,,,579,933,1536,1999,1912
AMBER,CALL OI,4156,4198,,,,,,,,,5178,4252,4152,5060,4119
AMBER,PUT VOL,4650,2935,,,,,,,,,163,347,522,800,831
AMBER,PUT OI,3400,3634,,,,,,,,,3803,3350,3353,3791,3365
AMBUJACEM,PRICE,384.1,392.75,,,,382.2,386.77,384.99,388.12,387.77,383.0,383.0,384.0,385.0,384.0
AMBUJACEM,VWAP,,,,,,,,,,,383.84,383.71,383.76,384.51,384.56
AMBUJACEM,CASH VOL,912389,697717,318178,42.54,41.61,,,,,,83496,137980,176010,344473,426174
AMBUJACEM,F&O VOL,32194,17513,,,,,,,,,1197,3574,20901,33005,41585
AMBUJACEM,F&O OI,107775,108085,,,,,,,,,108000,108159,115795,120792,124675
AMBUJACEM,CALL VOL,4440,3867,,,,,,,,,281,486,619,1020,1114
AMBUJACEM,CALL OI,7688,7951,,,,,,,,,7695,7712,7704,7690,7690
AMBUJACEM,PUT VOL,3049,1362,,,,,,,,,162,290,367,973,1077
AMBUJACEM,PUT OI,4795,4881,,,,,,,,,4792,4732,4739,4731,4695
ANGELONE,PRICE,290.7,300.0,,,,290.7,293.77,291.73,300.8,299.67,289.0,288.0,287.0,288.0,287.0
ANGELONE,VWAP,,,,,,,,,,,289.86,288.97,288.47,288.33,288.24
ANGELONE,CASH VOL,3663688,2026293,765470,39.53,41.7,,,,,,269977,484525,705967,837666,919452
ANGELONE,F&O VOL,24580,16340,,,,,,,,,1871,3721,6025,7225,7792
ANGELONE,F&O OI,29836,28816,,,,,,,,,30043,30417,30633,30813,30956
ANGELONE,CALL VOL,8541,7318,,,,,,,,,687,1296,1930,2235,2355
ANGELONE,CALL OI,6261,5981,,,,,,,,,6928,6510,6535,6566,6588
ANGELONE,PUT VOL,5517,2885,,,,,,,,,474,805,1545,1740,1796
ANGELONE,PUT OI,3614,3996,,,,,,,,,3342,3492,3476,3473,3467
APLAPOLLO,PRICE,2184.8,2195.0,,,,2179.1,2183.72,2181.55,2231.97,2155.7,2194.0,2191.0,2188.0,2197.0,2196.0
APLAPOLLO,VWAP,,,,,,,,,,,2190.78,2194.26,2193.25,2192.37,2192.43
APLAPOLLO,CASH VOL,469774,357496,148170,54.29,50.62,,,,,,7743,20700,24103,130315,132536
APLAPOLLO,F&O VOL,26442,21163,,,,,,,,,643,1882,3266,4213,4674
APLAPOLLO,F&O OI,54918,55515,,,,,,,,,54994,55080,55545,55647,55654
APLAPOLLO,CALL VOL,7626,5755,,,,,,,,,324,698,848,1063,1127
APLAPOLLO,CALL OI,5941,6535,,,,,,,,,5920,4430,4441,5931,5934
APLAPOLLO,PUT VOL,3149,2976,,,,,,,,,83,342,375,436,457
APLAPOLLO,PUT OI,3232,3548,,,,,,,,,3237,3145,3143,3212,3206
APOLLOHOSP,PRICE,8888.5,9069.0,,,,8891.0,8978.75,8918.58,8900.17,8811.5,8893.0,8907.0,8892.0,8862.0,8871.0
APOLLOHOSP,VWAP,,,,,,,,,,,8901.11,8903.88,8894.06,8890.34,8888.75
APOLLOHOSP,CASH VOL,383106,419571,85676,63.33,63.23,,,,,,18806,38484,61328,74265,80489
APOLLOHOSP,F&O VOL,60139,85981,,,,,,,,,3072,5756,10703,14979,16570
APOLLOHOSP,F&O OI,39993,42184,,,,,,,,,40451,40802,41675,41986,42165
APOLLOHOSP,CALL VOL,23655,53043,,,,,,,,,1716,2873,4699,6143,6748
APOLLOHOSP,CALL OI,7457,7198,,,,,,,,,7715,7751,7737,7771,7816
APOLLOHOSP,PUT VOL,16905,21805,,,,,,,,,624,964,2024,3774,4290
APOLLOHOSP,PUT OI,4228,6523,,,,,,,,,4231,4276,4379,4370,4377
ASHOKLEY,PRICE,157.3,162.89,,,,157.52,158.8,157.8,162.02,160.06,157.0,157.0,157.0,158.0,158.0
ASHOKLEY,VWAP,,,,,,,,,,,157.23,157.41,157.47,157.6,157.63
ASHOKLEY,CASH VOL,8138134,4011012,2329158,47.84,47.42,,,,,,805865,1154322,1543286,1844899,2086820
ASHOKLEY,F&O VOL,43636,20579,,,,,,,,,2526,4721,7138,8915,10512
ASHOKLEY,F&O OI,62079,61815,,,,,,,,,62393,62428,62832,63145,64045
ASHOKLEY,CALL VOL,13562,8176,,,,,,,,,838,1646,2158,2597,2859
ASHOKLEY,CALL OI,6804,6319,,,,,,,,,6850,6811,6767,6745,6750
ASHOKLEY,PUT VOL,7713,4125,,,,,,,,,519,954,1441,1647,1728
ASHOKLEY,PUT OI,7114,7763,,,,,,,,,7149,7107,7117,7081,7077
ASIANPAINT,PRICE,2392.7,2455.0,,,,2401.9,2414.4,2399.93,2446.1,2435.7,2405.0,2408.0,2420.0,2425.0,2428.0
ASIANPAINT,VWAP,,,,,,,,,,,2405.5,2412.15,2414.37,2418.15,2418.72
ASIANPAINT,CASH VOL,259577,398823,98083,52.56,59.7,,,,,,27970,58369,78877,104710,112735
ASIANPAINT,F&O VOL,45651,40238,,,,,,,,,3379,8468,12934,19662,22947
ASIANPAINT,F&O OI,63248,64808,,,,,,,,,63738,64328,64834,65442,66292
ASIANPAINT,CALL VOL,14618,18264,,,,,,,,,1386,3490,5181,8949,9728
ASIANPAINT,CALL OI,5343,6139,,,,,,,,,4982,5442,5654,5845,5914
ASIANPAINT,PUT VOL,10249,6889,,,,,,,,,764,2273,3746,4986,5506
ASIANPAINT,PUT OI,6529,6990,,,,,,,,,6510,6844,6855,6971,7058
ASTRAL,PRICE,1392.0,1394.8,,,,1389.8,1393.15,1392.38,1415.58,1391.35,1390.0,1390.0,1390.0,1392.0,1393.0
ASTRAL,VWAP,,,,,,,,,,,1390.05,1391.11,1391.1,1391.4,1391.72
ASTRAL,CASH VOL,539189,271088,109796,62.08,58.9,,,,,,21913,39476,53007,73442,90194
ASTRAL,F&O VOL,13012,11294,,,,,,,,,612,1226,1957,2620,3154
ASTRAL,F&O OI,29824,30785,,,,,,,,,29921,30011,30088,30203,30407
ASTRAL,CALL VOL,3739,3902,,,,,,,,,140,284,442,535,596
ASTRAL,CALL OI,3800,4088,,,,,,,,,3787,3778,3758,3741,3740
ASTRAL,PUT VOL,2222,2288,,,,,,,,,101,171,241,305,349
ASTRAL,PUT OI,2543,2809,,,,,,,,,2542,2522,2490,2484,2473
AUBANK,PRICE,1000.1,1053.0,,,,1001.0,1016.65,1005.62,1052.53,1040.4,1003.0,1006.0,1008.0,1010.0,1010.0
AUBANK,VWAP,,,,,,,,,,,1003.19,1007.28,1007.52,1007.69,1007.79
AUBANK,CASH VOL,3448868,1565213,1080411,50.39,58.49,,,,,,98328,376866,503861,560658,589903
AUBANK,F&O VOL,60501,21481,,,,,,,,,2099,4744,7635,9149,9786
AUBANK,F&O OI,44067,39968,,,,,,,,,44339,44449,44922,45207,45287
AUBANK,CALL VOL,22499,10445,,,,,,,,,896,2172,3292,3794,3986
AUBANK,CALL OI,6811,5514,,,,,,,,,6852,6829,6891,6872,6852
AUBANK,PUT VOL,15593,5842,,,,,,,,,305,798,1343,1616,1721
AUBANK,PUT OI,5515,5505,,,,,,,,,5509,5470,5453,5452,5468
AUROPHARMA,PRICE,1716.0,1721.5,,,,1716.0,1725.0,1719.0,1715.5,1678.5,1716.0,1722.0,1720.0,1720.0,1719.0
AUROPHARMA,VWAP,,,,,,,,,,,1715.05,1717.88,1718.42,1718.79,1719.04
AUROPHARMA,CASH VOL,819753,951081,192218,45.25,61.14,,,,,,42899,55289,62902,70422,76679
AUROPHARMA,F&O VOL,38767,21285,,,,,,,,,1750,3899,5260,6725,7664
AUROPHARMA,F&O OI,40904,40283,,,,,,,,,41033,41354,41593,42009,42094
AUROPHARMA,CALL VOL,16354,8391,,,,,,,,,827,1920,2389,2761,3002
AUROPHARMA,CALL OI,7872,8471,,,,,,,,,7870,7846,7804,7815,7801
AUROPHARMA,PUT VOL,7235,3819,,,,,,,,,234,659,914,1147,1299
AUROPHARMA,PUT OI,2990,3273,,,,,,,,,2975,2999,3027,3035,3062
AXISBANK,PRICE,1186.5,1243.2,,,,1191.5,1200.1,1191.03,1250.92,1238.75,1196.0,1196.0,1195.0,1206.0,1203.0
AXISBANK,VWAP,,,,,,,,,,,1195.01,1196.21,1196.4,1198.93,1199.53
AXISBANK,CASH VOL,10890660,2287837,3142712,53.83,54.88,,,,,,320864,631777,1016409,1356879,1567659
AXISBANK,F&O VOL,324424,63321,,,,,,,,,18572,45276,71144,99281,110283
AXISBANK,F&O OI,229813,200812,,,,,,,,,230800,236009,246675,252630,255642
AXISBANK,CALL VOL,105208,27150,,,,,,,,,7900,15618,21999,29677,32139
AXISBANK,CALL OI,28168,22406,,,,,,,,,27810,27316,26861,26690,26735
AXISBANK,PUT VOL,69870,16863,,,,,,,,,5666,10659,15138,19895,21869
AXISBANK,PUT OI,15238,15914,,,,,,,,,16152,16585,16849,17088,16720
BAJAJ-AUTO,PRICE,11208.0,11400.0,,,,11245.0,11292.0,11236.0,11544.0,11457.33,11297.0,11300.0,11260.0,11295.0,11298.0
BAJAJ-AUTO,VWAP,,,,,,,,,,,11287.44,11288.14,11279.15,11280.14,11281.07
BAJAJ-AUTO,CASH VOL,106766,158704,34274,39.36,68.27,,,,,,12398,18245,23489,27277,31586
BAJAJ-AUTO,F&O VOL,64047,56728,,,,,,,,,8017,16192,22974,27959,29263
BAJAJ-AUTO,F&O OI,65849,65898,,,,,,,,,66454,67042,67541,68252,68492
BAJAJ-AUTO,CALL VOL,18783,18956,,,,,,,,,4023,7414,10016,11734,12179
BAJAJ-AUTO,CALL OI,7509,6737,,,,,,,,,7700,7999,8222,8180,8178
BAJAJ-AUTO,PUT VOL,21502,18539,,,,,,,,,2281,4994,7187,8317,8613
BAJAJ-AUTO,PUT OI,11255,11953,,,,,,,,,11402,11316,11336,11171,11192
BAJAJFINSV,PRICE,1762.3,1846.5,,,,1774.0,1789.45,1771.35,1881.35,1862.12,1774.0,1774.0,1760.0,1760.0,1760.0
BAJAJFINSV,VWAP,,,,,,,,,,,1774.03,1769.93,1767.91,1766.4,1765.18
BAJAJFINSV,CASH VOL,1520045,746622,460013,53.8,42.66,,,,,,44907,91179,110433,136772,166008
BAJAJFINSV,F&O VOL,93580,51959,,,,,,,,,4424,8592,11545,13395,14807
BAJAJFINSV,F&O OI,69441,64510,,,,,,,,,69391,69861,70111,70484,70629
BAJAJFINSV,CALL VOL,29893,13214,,,,,,,,,1835,3389,4620,5082,5430
BAJAJFINSV,CALL OI,6036,2321,,,,,,,,,6773,6404,6376,6396,6373
BAJAJFINSV,PUT VOL,29103,15454,,,,,,,,,1373,2620,3245,3751,4179
BAJAJFINSV,PUT OI,7245,5352,,,,,,,,,7616,7122,7158,7149,7109
BAJAJHLDNG,PRICE,10917.0,11449.0,,,,10925.0,11144.0,10992.67,11229.17,11123.5,10875.0,10864.0,10799.0,10842.0,10833.0
BAJAJHLDNG,VWAP,,,,,,,,,,,10895.88,10870.78,10859.92,10852.06,10849.23
BAJAJHLDNG,CASH VOL,43678,23489,13222,60.7,48.6,,,,,,6129,10567,11611,15932,18660
BAJAJHLDNG,F&O VOL,7156,3715,,,,,,,,,1030,1594,2007,3259,5222
BAJAJHLDNG,F&O OI,5545,5276,,,,,,,,,5543,5535,5609,5745,5725
BAJAJHLDNG,CALL VOL,172,379,,,,,,,,,106,157,203,265,285
BAJAJHLDNG,CALL OI,383,304,,,,,,,,,436,404,407,421,416
BAJAJHLDNG,PUT VOL,1859,133,,,,,,,,,138,234,274,352,381
BAJAJHLDNG,PUT OI,592,547,,,,,,,,,629,565,563,554,536
BAJFINANCE,PRICE,982.0,1043.2,,,,982.0,994.5,986.17,1034.5,1022.9,988.0,988.0,987.0,986.0,986.0
BAJFINANCE,VWAP,,,,,,,,,,,986.91,987.56,987.23,987.16,987.08
BAJFINANCE,CASH VOL,13385656,8618523,3102634,52.36,53.22,,,,,,553507,794851,1119843,1246108,1342241
BAJFINANCE,F&O VOL,276568,185434,,,,,,,,,15640,28239,37657,43851,48525
BAJFINANCE,F&O OI,171372,154406,,,,,,,,,172127,173089,173448,175322,176966
BAJFINANCE,CALL VOL,78171,56176,,,,,,,,,6771,11811,15345,16429,17447
BAJFINANCE,CALL OI,14280,5564,,,,,,,,,14351,14373,14355,14352,14313
BAJFINANCE,PUT VOL,67570,48087,,,,,,,,,4097,7374,9309,10282,11031
BAJFINANCE,PUT OI,12529,12533,,,,,,,,,12484,12222,12095,12021,12024
BANDHANBNK,PRICE,182.9,191.38,,,,182.91,185.95,183.92,174.74,174.22,183.0,184.0,183.0,184.0,184.0
BANDHANBNK,VWAP,,,,,,,,,,,184.07,184.0,184.28,184.26,184.24
BANDHANBNK,CASH VOL,19300035,41844761,2926341,39.29,36.37,,,,,,832162,1507405,2479702,3026188,3165525
BANDHANBNK,F&O VOL,71183,149187,,,,,,,,,2725,5736,10425,12823,13726
BANDHANBNK,F&O OI,59130,55597,,,,,,,,,59493,59963,59775,60245,60324
BANDHANBNK,CALL VOL,24552,69452,,,,,,,,,1048,2178,4524,5292,5620
BANDHANBNK,CALL OI,7651,8064,,,,,,,,,7759,7791,7590,7645,7715
BANDHANBNK,PUT VOL,16888,30515,,,,,,,,,430,1007,1826,2146,2253
BANDHANBNK,PUT OI,4780,5297,,,,,,,,,4788,4849,4883,4837,4836
BANKBARODA,PRICE,234.3,236.87,,,,234.55,235.0,234.53,235.21,235.03,235.0,235.0,235.0,235.0,235.0
BANKBARODA,VWAP,,,,,,,,,,,235.31,235.29,235.24,235.27,235.28
BANKBARODA,CASH VOL,3751372,5657358,841716,43.24,56.94,,,,,,198139,435811,521023,634890,671662
BANKBARODA,F&O VOL,56486,34797,,,,,,,,,1584,4183,6290,8315,9233
BANKBARODA,F&O OI,84423,84484,,,,,,,,,84733,85158,85570,85816,85937
BANKBARODA,CALL VOL,14824,15011,,,,,,,,,378,1205,1770,2287,2494
BANKBARODA,CALL OI,11433,12611,,,,,,,,,11438,11400,11361,11297,11260
BANKBARODA,PUT VOL,8260,7456,,,,,,,,,253,700,1092,1374,1488
BANKBARODA,PUT OI,9556,10717,,,,,,,,,9521,9568,9497,9395,9375
BANKINDIA,PRICE,137.76,139.65,,,,137.6,137.93,137.82,139.66,138.98,137.0,137.0,137.0,138.0,138.0
BANKINDIA,VWAP,,,,,,,,,,,137.56,137.62,137.65,137.72,137.72
BANKINDIA,CASH VOL,3672188,3463585,872352,46.28,54.74,,,,,,211264,404509,503985,595992,611195
BANKINDIA,F&O VOL,10218,8441,,,,,,,,,457,1555,2123,2611,2958
BANKINDIA,F&O OI,28657,28636,,,,,,,,,28710,28787,28810,28926,29042
BANKINDIA,CALL VOL,1888,2670,,,,,,,,,68,283,406,456,498
BANKINDIA,CALL OI,4941,5281,,,,,,,,,4948,4885,4862,4856,4852
BANKINDIA,PUT VOL,1181,1373,,,,,,,,,76,214,263,297,304
BANKINDIA,PUT OI,4695,4907,,,,,,,,,4685,4669,4648,4644,4643
BDL,PRICE,1155.0,1161.0,,,,1155.0,1167.55,1159.18,1179.67,1145.8,1158.0,1158.0,1159.0,1160.0,1160.0
BDL,VWAP,,,,,,,,,,,1157.67,1159.96,1159.77,1159.68,1159.56
BDL,CASH VOL,2015425,648782,365174,19.89,41.12,,,,,,82971,121190,152854,202582,237799
BDL,F&O VOL,64439,28007,,,,,,,,,2941,5936,8347,10813,12217
BDL,F&O OI,62376,61912,,,,,,,,,62469,62359,62343,62290,62181
BDL,CALL VOL,30466,8559,,,,,,,,,1769,3007,3639,4052,4443
BDL,CALL OI,10614,9598,,,,,,,,,10611,10574,10538,10578,10546
BDL,PUT VOL,9831,7234,,,,,,,,,247,595,896,1305,1523
BDL,PUT OI,7645,8143,,,,,,,,,7649,7641,7663,7656,7625
BEL,PRICE,392.0,396.05,,,,392.0,395.02,393.01,393.16,392.88,392.0,392.0,392.0,392.0,392.0
BEL,VWAP,,,,,,,,,,,392.86,393.24,392.83,392.87,392.84
BEL,CASH VOL,5841116,6731863,1541094,50.22,61.07,,,,,,321888,481606,730024,864707,962573
BEL,F&O VOL,75455,55494,,,,,,,,,4186,10379,17108,21463,23486
BEL,F&O OI,139806,141879,,,,,,,,,140348,141995,143089,144068,144512
BEL,CALL VOL,26291,24403,,,,,,,,,1536,3433,5897,7789,7919
BEL,CALL OI,21467,22929,,,,,,,,,24348,24229,21580,24102,21422
BEL,PUT VOL,16155,11875,,,,,,,,,807,1705,2883,3534,3957
BEL,PUT OI,14406,15723,,,,,,,,,15463,15498,14272,15369,14432
BHARATFORG,PRICE,1998.9,2004.0,,,,1991.2,1997.3,1994.1,1948.95,1922.65,1997.0,1996.0,1995.0,1991.0,1997.0
BHARATFORG,VWAP,,,,,,,,,,,1998.3,2000.29,1996.82,1995.23,1995.06
BHARATFORG,CASH VOL,1248669,759299,289899,58.42,53.24,,,,,,13741,27660,42032,54136,66526
BHARATFORG,F&O VOL,30074,21034,,,,,,,,,963,2422,4154,5275,5988
BHARATFORG,F&O OI,34804,34742,,,,,,,,,35000,35292,35541,35763,35899
BHARATFORG,CALL VOL,9205,9692,,,,,,,,,424,1069,1656,1938,2164
BHARATFORG,CALL OI,5431,5719,,,,,,,,,5440,5522,5047,5478,5476
BHARATFORG,PUT VOL,6443,5043,,,,,,,,,188,558,1021,1170,1279
BHARATFORG,PUT OI,4477,4919,,,,,,,,,4478,4496,4590,4524,4515
BHARTIARTL,PRICE,1795.8,1833.2,,,,1794.0,1812.85,1801.48,1880.85,1855.95,1796.0,1796.0,1798.0,1798.0,1798.0
BHARTIARTL,VWAP,,,,,,,,,,,1795.41,1796.9,1797.18,1797.56,1797.71
BHARTIARTL,CASH VOL,4567379,3698253,2004191,70.63,73.69,,,,,,436361,718707,872390,1121283,1204204
BHARTIARTL,F&O VOL,185889,124063,,,,,,,,,15508,24869,39320,48905,53165
BHARTIARTL,F&O OI,217652,222050,,,,,,,,,218484,219425,224888,228210,228240
BHARTIARTL,CALL VOL,73863,59482,,,,,,,,,8251,11809,17062,19256,21198
BHARTIARTL,CALL OI,30022,32474,,,,,,,,,30734,30531,30267,29997,29792
BHARTIARTL,PUT VOL,44061,26789,,,,,,,,,3582,5461,6483,7712,8312
BHARTIARTL,PUT OI,17696,20198,,,,,,,,,17445,17396,17388,17341,17327
BHEL,PRICE,415.35,423.1,,,,417.75,419.0,416.57,434.25,422.95,419.0,417.0,415.0,415.0,415.0
BHEL,VWAP,,,,,,,,,,,419.63,419.26,417.93,417.6,417.45
BHEL,CASH VOL,5474876,5244031,1900070,44.26,51.85,,,,,,797250,978611,1375352,1578925,1684392
BHEL,F&O VOL,47257,51084,,,,,,,,,5615,8291,12895,15714,17840
BHEL,F&O OI,56305,55771,,,,,,,,,57017,57385,57592,57902,58187
BHEL,CALL VOL,17680,19060,,,,,,,,,2526,3631,5443,6671,7500
BHEL,CALL OI,7683,7821,,,,,,,,,8217,8033,7999,7986,7951
BHEL,PUT VOL,11923,13714,,,,,,,,,1356,2023,3354,3980,4468
BHEL,PUT OI,5704,6328,,,,,,,,,5431,5733,5638,5642,5654
BIOCON,PRICE,387.0,395.0,,,,387.5,389.85,387.95,383.76,381.27,386.0,386.0,384.0,384.0,385.0
BIOCON,VWAP,,,,,,,,,,,387.16,386.69,386.23,386.02,385.84
BIOCON,CASH VOL,1708424,2665586,517604,51.88,54.37,,,,,,129782,201862,246820,281486,341844
BIOCON,F&O VOL,23623,19337,,,,,,,,,1129,3350,4449,5719,6392
BIOCON,F&O OI,41243,42599,,,,,,,,,41369,42202,42343,42632,42756
BIOCON,CALL VOL,6977,7729,,,,,,,,,447,790,1167,1464,1604
BIOCON,CALL OI,6119,6204,,,,,,,,,6074,6118,6107,6082,6060
BIOCON,PUT VOL,3302,4697,,,,,,,,,175,314,463,603,638
BIOCON,PUT OI,4533,5095,,,,,,,,,4517,4494,4499,4473,4468
BLUESTARCO,PRICE,1525.0,1532.6,,,,1523.8,1529.85,1526.62,1528.45,1521.75,1512.0,1510.0,1508.0,1521.0,1522.0
BLUESTARCO,VWAP,,,,,,,,,,,1512.36,1512.88,1512.28,1514.11,1515.14
BLUESTARCO,CASH VOL,204703,110416,49426,29.8,22.68,,,,,,21251,52462,63430,83314,91729
BLUESTARCO,F&O VOL,20695,9433,,,,,,,,,1660,3831,5076,6608,7516
BLUESTARCO,F&O OI,35511,37853,,,,,,,,,35590,35582,35480,35269,35210
BLUESTARCO,CALL VOL,3448,4066,,,,,,,,,509,1188,1422,1689,1847
BLUESTARCO,CALL OI,4510,4824,,,,,,,,,4477,4384,4376,4293,4278
BLUESTARCO,PUT VOL,2625,2247,,,,,,,,,249,614,685,874,998
BLUESTARCO,PUT OI,3130,3326,,,,,,,,,3109,3060,3056,3035,3019
BOSCHLTD,PRICE,47750.0,47955.0,,,,47700.0,47704.17,47612.5,47787.5,47262.5,48030.0,47940.0,47975.0,48065.0,48080.0
BOSCHLTD,VWAP,,,,,,,,,,,47998.37,48003.51,47995.51,47999.39,48012.38
BOSCHLTD,CASH VOL,14604,11137,4226,34.96,39.25,,,,,,1436,1885,2227,2911,3479
BOSCHLTD,F&O VOL,27954,22358,,,,,,,,,1945,3518,4890,6786,7556
BOSCHLTD,F&O OI,20207,22177,,,,,,,,,20452,20611,20700,20954,20976
BOSCHLTD,CALL VOL,8233,7799,,,,,,,,,826,1185,1529,2107,2406
BOSCHLTD,CALL OI,3509,4079,,,,,,,,,3634,3713,3709,3653,3632
BOSCHLTD,PUT VOL,6970,6097,,,,,,,,,506,1054,1459,1880,2119
BOSCHLTD,PUT OI,3057,3034,,,,,,,,,3075,3062,3062,3057,3054
BPCL,PRICE,307.1,315.75,,,,308.1,310.32,308.18,311.38,306.15,307.0,307.0,307.0,308.0,308.0
BPCL,VWAP,,,,,,,,,,,308.14,308.22,308.12,308.21,308.21
BPCL,CASH VOL,3225066,2065484,1596800,53.26,56.82,,,,,,252017,342503,402300,477888,530258
BPCL,F&O VOL,23238,14544,,,,,,,,,1087,1876,2620,3670,4684
BPCL,F&O OI,30437,30928,,,,,,,,,30508,30538,30681,30899,31437
BPCL,CALL VOL,6515,5868,,,,,,,,,332,561,672,953,1100
BPCL,CALL OI,5034,5364,,,,,,,,,5047,5013,4866,4965,4924
BPCL,PUT VOL,5646,4429,,,,,,,,,359,544,635,792,886
BPCL,PUT OI,4307,4926,,,,,,,,,4247,4218,4417,4195,4190
BRITANNIA,PRICE,4895.0,4929.0,,,,4900.5,4922.25,4904.08,4994.17,4986.5,4894.0,4908.0,4893.0,4908.0,4912.0
BRITANNIA,VWAP,,,,,,,,,,,4895.81,4896.91,4895.5,4897.03,4898.39
BRITANNIA,CASH VOL,184523,207441,36445,58.1,60.11,,,,,,8664,12121,14898,18381,19977
BRITANNIA,F&O VOL,38460,27245,,,,,,,,,2891,4748,6651,9559,10641
BRITANNIA,F&O OI,41286,41775,,,,,,,,,42019,42194,42536,43592,43780
BRITANNIA,CALL VOL,14403,11961,,,,,,,,,1247,1895,2459,2990,3307
BRITANNIA,CALL OI,3703,3553,,,,,,,,,3871,3867,3912,3866,3833
BRITANNIA,PUT VOL,6753,7082,,,,,,,,,502,987,1371,1788,1934
BRITANNIA,PUT OI,4261,4584,,,,,,,,,4299,4338,4319,4289,4299
BSE,PRICE,3183.8,3270.7,,,,3206.1,3241.5,3203.03,3338.85,3290.55,3196.0,3197.0,3167.0,3175.0,3172.0
BSE,VWAP,,,,,,,,,,,3194.43,3188.63,3182.55,3181.82,3180.66
BSE,CASH VOL,5659943,2796681,858040,37.76,41.82,,,,,,401570,744915,1023739,1240121,1353899
BSE,F&O VOL,427415,222709,,,,,,,,,25892,47934,71001,84191,92138
BSE,F&O OI,196259,188344,,,,,,,,,198642,200085,200825,202069,203173
BSE,CALL VOL,197354,108262,,,,,,,,,12909,22985,33975,39501,42939
BSE,CALL OI,55817,48917,,,,,,,,,56433,56672,56518,56588,56950
BSE,PUT VOL,140765,69613,,,,,,,,,6651,13603,20097,23203,25302
BSE,PUT OI,29273,34254,,,,,,,,,29719,29908,30259,30356,30302
CAMS,PRICE,710.6,723.9,,,,710.6,715.0,712.07,716.38,710.83,710.0,709.0,709.0,708.0,707.0
CAMS,VWAP,,,,,,,,,,,710.56,711.09,710.53,710.03,709.87
CAMS,CASH VOL,989945,1333519,185640,49.85,53.28,,,,,,58985,128864,175583,227116,241713
CAMS,F&O VOL,16396,16703,,,,,,,,,578,1305,1895,2989,3401
CAMS,F&O OI,25476,25349,,,,,,,,,25425,25368,25431,25395,25393
CAMS,CALL VOL,5516,9053,,,,,,,,,176,339,397,740,842
CAMS,CALL OI,3888,3604,,,,,,,,,3862,3824,3824,3734,3710
CAMS,PUT VOL,2414,3207,,,,,,,,,122,232,267,322,331
CAMS,PUT OI,3198,3519,,,,,,,,,3152,3125,3111,3105,3107
CANBK,PRICE,125.9,126.0,,,,125.79,125.73,125.38,123.68,123.47,125.0,125.0,125.0,125.0,125.0
CANBK,VWAP,,,,,,,,,,,125.73,125.56,125.47,125.46,125.45
CANBK,CASH VOL,9112129,15597011,2983377,37.14,50.04,,,,,,1166393,1913456,2440668,2845969,3071394
CANBK,F&O VOL,38757,42306,,,,,,,,,1551,3653,5910,8548,9306
CANBK,F&O OI,78949,79533,,,,,,,,,79030,79349,79894,81345,81573
CANBK,CALL VOL,7054,14911,,,,,,,,,419,1075,1460,1684,1762
CANBK,CALL OI,7342,8250,,,,,,,,,7342,7340,7277,7267,7246
CANBK,PUT VOL,4821,8948,,,,,,,,,249,693,957,1115,1162
CANBK,PUT OI,6190,7019,,,,,,,,,6189,6141,6042,5994,5975
CDSL,PRICE,1320.0,1351.1,,,,1320.0,1332.7,1324.23,1372.33,1337.0,1331.0,1328.0,1321.0,1322.0,1322.0
CDSL,VWAP,,,,,,,,,,,1327.41,1326.95,1324.99,1324.34,1324.08
CDSL,CASH VOL,1232299,400345,234717,46.12,38.16,,,,,,143088,185866,246206,336670,363113
CDSL,F&O VOL,42268,25928,,,,,,,,,5189,7969,10804,13521,15479
CDSL,F&O OI,60279,62618,,,,,,,,,60992,61301,61452,61003,61166
CDSL,CALL VOL,15105,10477,,,,,,,,,2025,3042,3841,4374,4634
CDSL,CALL OI,8921,9416,,,,,,,,,9142,9364,9479,9353,9371
CDSL,PUT VOL,8769,5185,,,,,,,,,1013,1555,2212,2521,2660
CDSL,PUT OI,7331,7691,,,,,,,,,7350,7296,7333,7243,7227
CGPOWER,PRICE,886.7,895.0,,,,889.5,886.75,886.72,886.31,874.92,888.0,889.0,887.0,885.0,886.0
CGPOWER,VWAP,,,,,,,,,,,890.23,890.11,889.06,888.46,888.24
CGPOWER,CASH VOL,1340393,1329293,277044,48.49,49.93,,,,,,93089,138029,188377,240426,262977
CGPOWER,F&O VOL,38011,21545,,,,,,,,,2400,4539,6346,9348,10463
CGPOWER,F&O OI,35759,36480,,,,,,,,,35994,36150,36492,37025,37312
CGPOWER,CALL VOL,14293,10728,,,,,,,,,1301,2086,2707,3535,3652
CGPOWER,CALL OI,7364,7793,,,,,,,,,7301,7241,7205,7218,7196
CGPOWER,PUT VOL,8876,6182,,,,,,,,,304,709,978,1362,1476
CGPOWER,PUT OI,4438,5044,,,,,,,,,4430,4428,4480,4486,4509
CHOLAFIN,PRICE,1681.7,1774.0,,,,1678.1,1678.12,1670.95,1798.27,1794.8,1673.0,1675.0,1668.0,1659.0,1656.0
CHOLAFIN,VWAP,,,,,,,,,,,1674.71,1671.4,1667.74,1665.76,1664.93
CHOLAFIN,CASH VOL,4152387,1227152,469496,45.59,65.83,,,,,,100202,165475,292349,382902,422156
CHOLAFIN,F&O VOL,82832,18197,,,,,,,,,2041,4225,7193,9646,10716
CHOLAFIN,F&O OI,38746,34780,,,,,,,,,39069,39405,39786,40432,40524
CHOLAFIN,CALL VOL,20501,8342,,,,,,,,,707,1293,2114,2728,2969
CHOLAFIN,CALL OI,2666,4285,,,,,,,,,3215,2794,2860,2947,2948
CHOLAFIN,PUT VOL,24638,3883,,,,,,,,,411,839,1419,1946,2236
CHOLAFIN,PUT OI,3287,3406,,,,,,,,,3412,3301,3236,3352,3381
CIPLA,PRICE,1399.0,1383.0,,,,1402.9,1396.6,1391.8,1386.13,1369.4,1400.0,1403.0,1416.0,1411.0,1415.0
CIPLA,VWAP,,,,,,,,,,,1401.09,1410.67,1412.18,1412.14,1412.3
CIPLA,CASH VOL,1580784,651221,251930,31.58,55.57,,,,,,93540,229616,311357,352847,376082
CIPLA,F&O VOL,112870,17948,,,,,,,,,5886,19979,28054,33926,36970
CIPLA,F&O OI,51301,48673,,,,,,,,,51778,52348,53399,53823,54393
CIPLA,CALL VOL,56592,7982,,,,,,,,,3342,12726,17245,20053,21492
CIPLA,CALL OI,6566,6422,,,,,,,,,6389,6608,7032,7581,7698
CIPLA,PUT VOL,23440,4162,,,,,,,,,1311,3441,5166,6986,7587
CIPLA,PUT OI,3706,3714,,,,,,,,,4018,3133,3274,3846,3843
COALINDIA,PRICE,422.0,424.55,,,,424.0,421.77,421.33,418.32,412.71,423.0,423.0,425.0,425.0,425.0
COALINDIA,VWAP,,,,,,,,,,,423.26,423.53,423.92,424.35,424.42
COALINDIA,CASH VOL,3565762,7956161,1821553,61.61,64.31,,,,,,348243,471288,711347,942530,1022959
COALINDIA,F&O VOL,83859,98180,,,,,,,,,6134,13732,19598,25606,31754
COALINDIA,F&O OI,133286,133089,,,,,,,,,133609,134767,135252,136602,137812
COALINDIA,CALL VOL,24408,46386,,,,,,,,,3067,6139,8765,11710,13828
COALINDIA,CALL OI,26575,27910,,,,,,,,,26494,26436,26250,26191,26378
COALINDIA,PUT VOL,18479,28936,,,,,,,,,1326,3614,5007,6455,7167
COALINDIA,PUT OI,14965,15832,,,,,,,,,14916,15090,15035,15240,15308
COCHINSHIP,PRICE,1370.0,1370.0,,,,1370.0,1371.55,1370.52,1380.15,1344.45,1368.0,1370.0,1368.0,1371.0,1371.0
COCHINSHIP,VWAP,,,,,,,,,,,1370.05,1371.85,1370.99,1370.75,1370.62
COCHINSHIP,CASH VOL,557426,402906,148173,27.33,40.52,,,,,,40375,73920,92319,111973,125895
COCHINSHIP,F&O VOL,28642,16737,,,,,,,,,1557,3206,4716,5851,6534
COCHINSHIP,F&O OI,41660,43590,,,,,,,,,41823,41816,41768,42004,42001
COCHINSHIP,CALL VOL,8237,7440,,,,,,,,,672,1187,1605,1851,2023
COCHINSHIP,CALL OI,6576,7311,,,,,,,,,6939,6909,6585,6603,6572
COCHINSHIP,PUT VOL,3669,3019,,,,,,,,,320,666,1024,1139,1240
COCHINSHIP,PUT OI,4484,4721,,,,,,,,,4529,4512,4451,4445,4440
COFORGE,PRICE,1785.9,1782.4,,,,1786.9,1784.18,1780.75,1829.1,1805.3,1775.0,1776.0,1774.0,1780.0,1779.0
COFORGE,VWAP,,,,,,,,,,,1774.94,1777.73,1776.18,1776.89,1777.22
COFORGE,CASH VOL,1123720,1473720,238642,41.34,56.76,,,,,,84015,130183,173156,215713,238459
COFORGE,F&O VOL,61368,43997,,,,,,,,,5309,8804,11898,15317,17042
COFORGE,F&O OI,72690,74972,,,,,,,,,73088,73053,73051,73873,74092
COFORGE,CALL VOL,20922,17325,,,,,,,,,2052,3302,4202,4968,5385
COFORGE,CALL OI,9180,10393,,,,,,,,,9248,9141,9192,9204,9166
COFORGE,PUT VOL,16072,11271,,,,,,,,,1737,2808,3519,4027,4340
COFORGE,PUT OI,9476,10457,,,,,,,,,9409,9438,9413,9417,9443
COLPAL,PRICE,1854.8,1886.7,,,,1854.8,1868.95,1859.52,1896.3,1853.3,1852.0,1853.0,1849.0,1846.0,1847.0
COLPAL,VWAP,,,,,,,,,,,1854.48,1853.41,1851.92,1850.38,1850.26
COLPAL,CASH VOL,374034,271591,126397,64.03,54.82,,,,,,8837,14365,17676,23349,24611
COLPAL,F&O VOL,22849,12700,,,,,,,,,1085,2597,3586,5007,5626
COLPAL,F&O OI,40374,41414,,,,,,,,,40635,40941,41077,41322,41397
COLPAL,CALL VOL,3749,5333,,,,,,,,,283,613,945,1224,1313
COLPAL,CALL OI,5928,6079,,,,,,,,,6207,6008,5863,5870,5845
COLPAL,PUT VOL,3090,2957,,,,,,,,,163,272,359,615,681
COLPAL,PUT OI,3963,4640,,,,,,,,,3815,3921,3923,3892,3884
CONCOR,PRICE,466.3,464.65,,,,467.8,465.94,465.23,500.57,492.62,464.0,464.0,464.0,466.0,466.0
CONCOR,VWAP,,,,,,,,,,,465.51,465.33,464.96,465.26,465.22
CONCOR,CASH VOL,2952951,1369351,466494,46.97,54.37,,,,,,65684,82183,110645,129044,147041
CONCOR,F&O VOL,26927,18846,,,,,,,,,900,1759,2878,4529,4884
CONCOR,F&O OI,37878,38767,,,,,,,,,37949,38024,38254,38695,38744
CONCOR,CALL VOL,9498,6588,,,,,,,,,334,703,896,1137,1266
CONCOR,CALL OI,2531,2967,,,,,,,,,2560,2560,2582,2542,2566
CONCOR,PUT VOL,4689,3356,,,,,,,,,120,243,346,492,516
CONCOR,PUT OI,1983,1641,,,,,,,,,1970,1922,1908,1870,1866
CROMPTON,PRICE,219.8,223.43,,,,219.8,220.98,220.19,227.06,226.95,220.0,220.0,219.0,219.0,219.0
CROMPTON,VWAP,,,,,,,,,,,220.27,220.57,220.15,220.08,220.06
CROMPTON,CASH VOL,1694754,2224190,497638,37.66,43.53,,,,,,104955,198264,277302,353198,414452
CROMPTON,F&O VOL,26799,18026,,,,,,,,,978,2460,3739,6517,7602
CROMPTON,F&O OI,54663,53809,,,,,,,,,54872,54898,55042,56196,56108
CROMPTON,CALL VOL,5293,6783,,,,,,,,,225,546,828,1081,1145
CROMPTON,CALL OI,5229,5238,,,,,,,,,5221,5147,5139,5169,5173
CROMPTON,PUT VOL,2423,2968,,,,,,,,,51,139,191,278,293
CROMPTON,PUT OI,3965,4315,,,,,,,,,3948,3914,3895,3879,3873
CUMMINSIND,PRICE,4973.0,5010.0,,,,4972.0,4984.75,4976.92,5060.58,4982.75,4958.0,4965.0,4955.0,4952.0,4955.0
CUMMINSIND,VWAP,,,,,,,,,,,4964.92,4969.45,4967.44,4966.54,4965.0
CUMMINSIND,CASH VOL,164357,235682,59440,57.26,56.21,,,,,,28440,46734,55587,65570,74271
CUMMINSIND,F&O VOL,26423,16996,,,,,,,,,827,1789,2818,3646,4272
CUMMINSIND,F&O OI,41909,41736,,,,,,,,,42065,42351,42681,43006,43218
CUMMINSIND,CALL VOL,4844,8089,,,,,,,,,270,597,855,982,1114
CUMMINSIND,CALL OI,5222,4814,,,,,,,,,5237,5227,5300,5284,5300
CUMMINSIND,PUT VOL,4837,4715,,,,,,,,,255,387,509,568,618
CUMMINSIND,PUT OI,3783,3957,,,,,,,,,3774,3779,3774,3774,3773
DABUR,PRICE,385.7,387.4,,,,384.8,386.17,385.86,392.17,386.0,382.0,383.0,383.0,383.0,383.0
DABUR,VWAP,,,,,,,,,,,383.1,383.23,383.18,383.22,383.29
DABUR,CASH VOL,836163,1480659,238544,58.96,49.23,,,,,,103756,145514,175569,199702,219186
DABUR,F&O VOL,31841,27621,,,,,,,,,1620,3700,4914,6503,7463
DABUR,F&O OI,47398,48359,,,,,,,,,47786,48191,48105,48426,48475
DABUR,CALL VOL,9672,12653,,,,,,,,,519,960,1314,1512,1665
DABUR,CALL OI,6976,7744,,,,,,,,,6960,6851,6781,6733,6665
DABUR,PUT VOL,4095,6869,,,,,,,,,310,506,608,702,805
DABUR,PUT OI,5618,6257,,,,,,,,,5633,5613,5612,5590,5581
DALBHARAT,PRICE,1721.2,1744.0,,,,1746.2,1730.6,1724.33,1754.5,1740.7,,,,,
DALBHARAT,VWAP,,,,,,,,,,,1715.39,1714.11,1712.04,1711.33,1710.8
DALBHARAT,CASH VOL,18355,28368,6866,53.65,62.66,,,,,,6104,8601,11920,14324,15162
DALBHARAT,F&O VOL,,,,,,,,,,,,,,,
DALBHARAT,F&O OI,,,,,,,,,,,,,,,
DALBHARAT,CALL VOL,,,,,,,,,,,,,,,
DALBHARAT,CALL OI,,,,,,,,,,,,,,,
DALBHARAT,PUT VOL,,,,,,,,,,,,,,,
DALBHARAT,PUT OI,,,,,,,,,,,,,,,
DELHIVERY,PRICE,426.3,435.0,,,,426.3,428.15,426.92,428.23,428.08,424.0,422.0,422.0,421.0,421.0
DELHIVERY,VWAP,,,,,,,,,,,424.01,423.77,423.13,422.71,422.57
DELHIVERY,CASH VOL,4190544,3087778,869983,61.05,67.02,,,,,,129053,232515,365236,570631,650221
DELHIVERY,F&O VOL,18349,7848,,,,,,,,,624,1192,2253,3383,3882
DELHIVERY,F&O OI,25022,24793,,,,,,,,,25137,25127,25660,25650,25736
DELHIVERY,CALL VOL,4836,2766,,,,,,,,,180,303,422,544,629
DELHIVERY,CALL OI,2387,2119,,,,,,,,,3161,3157,3157,2383,2400
DELHIVERY,PUT VOL,3859,1352,,,,,,,,,90,187,277,441,560
DELHIVERY,PUT OI,2934,3028,,,,,,,,,3074,3048,3058,2899,2937
DIVISLAB,PRICE,9602.0,9624.0,,,,9602.0,9640.0,9614.67,9311.33,9184.0,9632.0,9628.0,9602.0,9572.0,9572.0
DIVISLAB,VWAP,,,,,,,,,,,9643.96,9638.5,9626.43,9620.0,9611.49
DIVISLAB,CASH VOL,666667,489382,129382,58.87,61.11,,,,,,28939,38042,48414,54561,62307
DIVISLAB,F&O VOL,175540,135924,,,,,,,,,9021,13358,19211,25023,29616
DIVISLAB,F&O OI,85222,82235,,,,,,,,,86477,86832,87202,87734,88868
DIVISLAB,CALL VOL,79148,71083,,,,,,,,,4170,6553,8633,10184,11524
DIVISLAB,CALL OI,10889,11901,,,,,,,,,11202,11262,11223,11092,11046
DIVISLAB,PUT VOL,41284,31951,,,,,,,,,1864,2763,4312,5704,6970
DIVISLAB,PUT OI,7112,7322,,,,,,,,,7312,7307,7292,7268,7350
DIXON,PRICE,13299.0,13200.0,,,,13280.0,13267.0,13203.0,13212.5,13074.17,13234.0,13288.0,13344.0,13418.0,13433.0
DIXON,VWAP,,,,,,,,,,,13267.75,13371.78,13362.2,13369.52,13372.52
DIXON,CASH VOL,185172,191704,55397,36.22,30.16,,,,,,20528,48662,63237,76733,82338
DIXON,F&O VOL,157891,139729,,,,,,,,,15320,49407,66046,81315,87674
DIXON,F&O OI,151703,161808,,,,,,,,,155256,155104,157431,157990,157815
DIXON,CALL VOL,61929,65733,,,,,,,,,5409,22964,29084,37586,40709
DIXON,CALL OI,31796,34701,,,,,,,,,32498,27287,27843,32085,31935
DIXON,PUT VOL,34379,35361,,,,,,,,,3130,11966,15850,18198,19838
DIXON,PUT OI,19457,20376,,,,,,,,,20077,21805,21267,20462,20417
DLF,PRICE,670.4,675.0,,,,671.2,673.77,671.52,640.43,632.6,676.0,675.0,672.0,677.0,677.0
DLF,VWAP,,,,,,,,,,,675.93,674.94,674.4,675.29,675.49
DLF,CASH VOL,5074007,2425745,1061153,55.63,51.31,,,,,,187661,301292,456221,592049,645254
DLF,F&O VOL,81918,58551,,,,,,,,,5248,8964,13450,19250,21360
DLF,F&O OI,67754,68679,,,,,,,,,68444,68758,69075,69491,69579
DLF,CALL VOL,28199,26321,,,,,,,,,2147,3495,4672,7423,8279
DLF,CALL OI,9128,9378,,,,,,,,,9283,9344,9351,9273,9248
DLF,PUT VOL,22806,19604,,,,,,,,,1641,2642,4235,5552,5943
DLF,PUT OI,5866,6305,,,,,,,,,5979,6415,6538,6450,6436
DMART,PRICE,3787.5,3834.8,,,,3789.8,3806.1,3793.7,3738.1,3714.5,3802.0,3790.0,3792.0,3808.0,3811.0
DMART,VWAP,,,,,,,,,,,3793.66,3789.95,3789.12,3791.92,3794.09
DMART,CASH VOL,429727,426919,146546,64.1,56.08,,,,,,27290,49166,76056,89215,98216
DMART,F&O VOL,39723,52942,,,,,,,,,2318,4368,7058,9227,10971
DMART,F&O OI,57254,58567,,,,,,,,,57575,58060,58335,58733,58678
DMART,CALL VOL,10608,26856,,,,,,,,,900,1647,2780,3428,3991
DMART,CALL OI,9632,9719,,,,,,,,,9630,9763,9678,9575,9410
DMART,PUT VOL,7574,12094,,,,,,,,,505,869,1218,1572,1800
DMART,PUT OI,6201,6316,,,,,,,,,6162,6146,6137,6119,6105
DRREDDY,PRICE,1200.4,1211.2,,,,1204.5,1205.45,1202.08,1180.23,1170.7,1199.0,1200.0,1202.0,1199.0,1202.0
DRREDDY,VWAP,,,,,,,,,,,1201.37,1201.98,1201.58,1201.27,1201.56
DRREDDY,CASH VOL,1667696,987420,513829,65.03,62.24,,,,,,41802,87872,121422,148260,180243
DRREDDY,F&O VOL,48944,40283,,,,,,,,,2374,4515,6280,7837,9027
DRREDDY,F&O OI,66137,69057,,,,,,,,,66375,66636,66909,67117,67103
DRREDDY,CALL VOL,12522,17549,,,,,,,,,974,1930,2505,2942,3284
DRREDDY,CALL OI,9806,10728,,,,,,,,,9898,9931,9926,9897,9909
DRREDDY,PUT VOL,6626,6890,,,,,,,,,531,827,1068,1241,1348
DRREDDY,PUT OI,5155,5905,,,,,,,,,5102,5069,5080,5018,5009
EICHERMOT,PRICE,7338.5,7470.0,,,,7340.5,7396.5,7357.83,7506.75,7488.25,7363.0,7352.0,7330.0,7344.0,7351.0
EICHERMOT,VWAP,,,,,,,,,,,7354.26,7349.58,7344.39,7343.93,7344.85
EICHERMOT,CASH VOL,258170,215015,98398,58.23,61.98,,,,,,11350,21670,29514,39341,44045
EICHERMOT,F&O VOL,61899,38770,,,,,,,,,3386,5678,8473,11335,13125
EICHERMOT,F&O OI,64001,64716,,,,,,,,,64198,64528,64964,65190,65486
EICHERMOT,CALL VOL,18342,14209,,,,,,,,,1421,2079,2789,3496,3949
EICHERMOT,CALL OI,5899,6519,,,,,,,,,6621,6066,6085,5987,6017
EICHERMOT,PUT VOL,19555,13139,,,,,,,,,1174,2079,3172,4205,4700
EICHERMOT,PUT OI,11181,11285,,,,,,,,,11457,11156,11179,11085,11057
ETERNAL,PRICE,335.5,342.65,,,,335.6,338.58,336.52,324.66,320.27,336.0,335.0,335.0,336.0,336.0
ETERNAL,VWAP,,,,,,,,,,,336.74,336.23,335.99,335.99,336.0
ETERNAL,CASH VOL,14989187,18360484,5359017,59.15,66.89,,,,,,2554843,3578921,4510952,5320742,5772865
ETERNAL,F&O VOL,127349,77284,,,,,,,,,10178,15971,20465,26636,29851
ETERNAL,F&O OI,116377,120105,,,,,,,,,117619,117999,118496,119760,120684
ETERNAL,CALL VOL,38051,35534,,,,,,,,,4207,6243,7220,8881,9469
ETERNAL,CALL OI,22128,22577,,,,,,,,,22291,22330,22319,22134,22179
ETERNAL,PUT VOL,37517,25376,,,,,,,,,2430,4202,5114,6428,6915
ETERNAL,PUT OI,16842,19468,,,,,,,,,16665,16701,16654,16639,16631
FEDERALBNK,PRICE,329.5,331.3,,,,327.5,329.44,329.32,335.7,333.73,330.0,330.0,330.0,332.0,331.0
FEDERALBNK,VWAP,,,,,,,,,,,329.97,330.14,330.18,330.73,330.88
FEDERALBNK,CASH VOL,6031916,5137220,1918090,53.78,65.77,,,,,,219493,331658,378653,556827,625627
FEDERALBNK,F&O VOL,45303,26571,,,,,,,,,2034,4643,6464,8819,9810
FEDERALBNK,F&O OI,63162,62970,,,,,,,,,63637,64064,64357,64500,64394
FEDERALBNK,CALL VOL,11520,12031,,,,,,,,,578,1208,1470,2174,2359
FEDERALBNK,CALL OI,7927,8936,,,,,,,,,7876,7863,7815,7738,7703
FEDERALBNK,PUT VOL,9011,5950,,,,,,,,,443,995,1433,1951,2308
FEDERALBNK,PUT OI,7110,8057,,,,,,,,,7171,7112,7182,7090,7022
FORCEMOT,PRICE,17142.0,17352.0,,,,17188.0,17284.0,17189.33,17534.5,17503.5,17199.0,17167.0,17214.0,17190.0,17200.0
FORCEMOT,VWAP,,,,,,,,,,,17195.71,17198.47,17198.11,17199.3,17195.11
FORCEMOT,CASH VOL,56971,31775,13478,40.82,41.7,,,,,,8666,10268,11725,16742,18407
FORCEMOT,F&O VOL,34800,15320,,,,,,,,,2286,3587,5712,9362,10823
FORCEMOT,F&O OI,21853,22637,,,,,,,,,22098,22111,22443,22613,22558
FORCEMOT,CALL VOL,15853,7108,,,,,,,,,722,1279,2583,4258,5064
FORCEMOT,CALL OI,5305,5310,,,,,,,,,5375,5354,5480,5544,5533
FORCEMOT,PUT VOL,6589,4278,,,,,,,,,918,1253,1287,1892,2054
FORCEMOT,PUT OI,3054,3531,,,,,,,,,3083,3127,3125,2951,2931
FORTIS,PRICE,877.35,894.0,,,,878.15,887.25,880.65,884.18,880.55,875.0,875.0,866.0,851.0,853.0
FORTIS,VWAP,,,,,,,,,,,876.72,874.96,867.31,863.17,862.46
FORTIS,CASH VOL,906861,989288,246358,55.45,61.93,,,,,,116135,174689,334516,471897,517636
FORTIS,F&O VOL,15855,6641,,,,,,,,,638,2106,5236,12486,14143
FORTIS,F&O OI,21021,21005,,,,,,,,,21115,21274,21915,24786,24935
FORTIS,CALL VOL,1907,1861,,,,,,,,,173,362,775,1368,1653
FORTIS,CALL OI,904,755,,,,,,,,,1534,1544,1074,1033,1082
FORTIS,PUT VOL,1447,1256,,,,,,,,,168,491,2088,5927,6823
FORTIS,PUT OI,1356,1363,,,,,,,,,1438,1435,1509,2267,2378
GAIL,PRICE,173.85,172.95,,,,173.9,173.51,172.84,173.16,171.69,172.0,172.0,171.0,172.0,172.0
GAIL,VWAP,,,,,,,,,,,172.55,172.48,172.32,172.36,172.36
GAIL,CASH VOL,6183667,3320082,1920907,61.78,61.81,,,,,,491856,635640,806808,1048724,1093510
GAIL,F&O VOL,20538,13978,,,,,,,,,1500,2857,4299,5913,6595
GAIL,F&O OI,34740,34598,,,,,,,,,35140,35309,35744,36176,36370
GAIL,CALL VOL,3840,4240,,,,,,,,,403,728,988,1180,1245
GAIL,CALL OI,4279,4774,,,,,,,,,4280,4275,4271,4261,4254
GAIL,PUT VOL,1915,1846,,,,,,,,,229,422,647,808,828
GAIL,PUT OI,2324,2559,,,,,,,,,2312,2270,2269,2264,2268
GLENMARK,PRICE,2430.4,2475.0,,,,2425.0,2446.0,2435.6,2423.88,2376.85,2396.0,2401.0,2395.0,2384.0,2380.0
GLENMARK,VWAP,,,,,,,,,,,2408.58,2407.07,2403.66,2400.2,2397.83
GLENMARK,CASH VOL,453221,597118,76039,53.98,67.19,,,,,,61490,110350,153966,190264,211224
GLENMARK,F&O VOL,28785,13342,,,,,,,,,2898,5336,8150,10999,13023
GLENMARK,F&O OI,38542,39401,,,,,,,,,39053,39317,39955,40440,40750
GLENMARK,CALL VOL,3056,4615,,,,,,,,,654,1038,1459,1581,1856
GLENMARK,CALL OI,2420,2309,,,,,,,,,3708,3730,3792,2417,2464
GLENMARK,PUT VOL,2551,1943,,,,,,,,,1004,1577,2104,3052,3839
GLENMARK,PUT OI,1663,1709,,,,,,,,,1809,1878,1788,1704,1753
GMRAIRPORT,PRICE,97.35,99.14,,,,96.64,98.35,97.68,98.08,95.64,97.0,97.0,97.0,97.0,97.0
GMRAIRPORT,VWAP,,,,,,,,,,,97.58,97.59,97.59,97.64,97.64
GMRAIRPORT,CASH VOL,10723487,12088650,2264872,57.87,67.95,,,,,,598121,899360,1119817,1416555,1542842
GMRAIRPORT,F&O VOL,19785,10500,,,,,,,,,1079,2452,3255,4408,4849
GMRAIRPORT,F&O OI,37380,38925,,,,,,,,,37706,37857,37809,38141,38304
GMRAIRPORT,CALL VOL,3799,3736,,,,,,,,,234,430,584,722,764
GMRAIRPORT,CALL OI,5153,5664,,,,,,,,,5142,5142,5052,5038,5036
GMRAIRPORT,PUT VOL,2229,2067,,,,,,,,,89,332,368,425,428
GMRAIRPORT,PUT OI,4917,5446,,,,,,,,,4913,4806,4801,4816,4819
GODFRYPHLP,PRICE,1974.0,2003.0,,,,1974.0,1982.7,1976.9,1997.5,1956.5,1972.0,1970.0,1969.0,1973.0,1975.0
GODFRYPHLP,VWAP,,,,,,,,,,,1969.3,1970.24,1970.28,1971.24,1971.33
GODFRYPHLP,CASH VOL,91758,144961,19970,36.68,32.22,,,,,,7026,14346,19442,24345,24897
GODFRYPHLP,F&O VOL,5746,7265,,,,,,,,,176,418,691,1017,1109
GODFRYPHLP,F&O OI,11485,12107,,,,,,,,,11478,11452,11364,11334,11309
GODFRYPHLP,CALL VOL,1587,4179,,,,,,,,,104,201,251,341,355
GODFRYPHLP,CALL OI,2918,3074,,,,,,,,,2912,2882,2864,2849,2841
GODFRYPHLP,PUT VOL,1156,1120,,,,,,,,,22,28,34,52,55
GODFRYPHLP,PUT OI,1638,1729,,,,,,,,,1635,1635,1631,1621,1614
GODREJCP,PRICE,875.0,879.75,,,,873.35,877.95,875.98,877.0,871.0,873.0,875.0,872.0,878.0,878.0
GODREJCP,VWAP,,,,,,,,,,,874.75,874.77,874.59,875.17,875.43
GODREJCP,CASH VOL,692739,515092,277288,51.43,55.33,,,,,,13882,24411,46250,53268,57732
GODREJCP,F&O VOL,25620,14164,,,,,,,,,1130,2839,4030,5965,6699
GODREJCP,F&O OI,47581,49306,,,,,,,,,47670,47644,47695,47891,47891
GODREJCP,CALL VOL,6539,4829,,,,,,,,,263,629,945,1259,1363
GODREJCP,CALL OI,7496,8339,,,,,,,,,7445,5335,7351,7270,7234
GODREJCP,PUT VOL,3648,3492,,,,,,,,,199,379,489,660,710
GODREJCP,PUT OI,5732,6212,,,,,,,,,5675,4924,5604,5577,5564
GODREJPROP,PRICE,1671.2,1707.6,,,,1666.0,1686.8,1676.4,1703.65,1695.28,1686.0,1681.0,1676.0,1687.0,1687.0
GODREJPROP,VWAP,,,,,,,,,,,1682.77,1681.67,1681.03,1682.93,1683.0
GODREJPROP,CASH VOL,481036,307495,156761,48.76,42.89,,,,,,43856,58155,67188,90853,94128
GODREJPROP,F&O VOL,32636,22859,,,,,,,,,2406,4173,5687,7497,8187
GODREJPROP,F&O OI,59348,61138,,,,,,,,,59351,59358,59657,59769,59916
GODREJPROP,CALL VOL,9296,8478,,,,,,,,,799,1289,1643,2056,2179
GODREJPROP,CALL OI,5270,5776,,,,,,,,,5194,5176,5215,5110,5069
GODREJPROP,PUT VOL,6147,4640,,,,,,,,,551,869,1171,1527,1590
GODREJPROP,PUT OI,3751,4217,,,,,,,,,3793,3729,3787,3748,3748
GRASIM,PRICE,3166.5,3188.5,,,,3175.0,3177.15,3170.05,3215.5,3211.3,3179.0,3179.0,3176.0,3191.0,3191.0
GRASIM,VWAP,,,,,,,,,,,3175.23,3174.71,3175.82,3177.92,3183.09
GRASIM,CASH VOL,471338,411551,134995,53.39,52.16,,,,,,12168,32340,41131,48571,77499
GRASIM,F&O VOL,38975,18331,,,,,,,,,1400,3151,5116,7341,8736
GRASIM,F&O OI,46719,47165,,,,,,,,,47058,47307,47734,48264,48448
GRASIM,CALL VOL,6962,6412,,,,,,,,,369,840,1250,1599,2028
GRASIM,CALL OI,2684,2792,,,,,,,,,2708,2706,2702,2692,2709
GRASIM,PUT VOL,6432,3138,,,,,,,,,153,376,742,917,1189
GRASIM,PUT OI,2331,2449,,,,,,,,,2328,2303,2313,2307,2338
GVT&D,PRICE,4286.3,4417.0,,,,4292.0,4345.65,4306.08,4368.28,4334.85,4315.0,4320.0,4283.0,4285.0,4281.0
GVT&D,VWAP,,,,,,,,,,,4304.16,4305.66,4299.1,4296.03,4294.42
GVT&D,CASH VOL,337791,566900,81100,50.63,67.85,,,,,,30572,43536,59187,74379,82439
GVT&D,F&O VOL,41657,30703,,,,,,,,,2119,4151,6327,7783,8444
GVT&D,F&O OI,56814,56093,,,,,,,,,56875,56956,57021,57111,57207
GVT&D,CALL VOL,14844,15590,,,,,,,,,1048,2052,3419,4059,4389
GVT&D,CALL OI,12450,12042,,,,,,,,,12417,12345,12233,12121,12167
GVT&D,PUT VOL,9005,8250,,,,,,,,,487,1089,1452,1633,1725
GVT&D,PUT OI,10250,10730,,,,,,,,,10207,10217,10274,10249,10241
HAL,PRICE,4774.2,4836.0,,,,4774.2,4808.35,4785.58,4792.83,4777.9,4785.0,4788.0,4773.0,4791.0,4793.0
HAL,VWAP,,,,,,,,,,,4789.57,4790.04,4784.99,4784.97,4785.09
HAL,CASH VOL,357585,432866,90873,42.64,50.58,,,,,,35033,62872,82896,98730,101528
HAL,F&O VOL,83843,71476,,,,,,,,,8199,15449,22802,27772,29624
HAL,F&O OI,87377,90341,,,,,,,,,88366,89149,89988,90479,90535
HAL,CALL VOL,35924,33057,,,,,,,,,4672,7984,10441,12743,13491
HAL,CALL OI,14170,15487,,,,,,,,,14436,14611,13757,14789,14756
HAL,PUT VOL,21468,17402,,,,,,,,,1561,2947,4512,5430,5815
HAL,PUT OI,10241,11937,,,,,,,,,10461,10534,10394,10512,10481
HAVELLS,PRICE,1090.0,1096.5,,,,1085.2,1094.95,1091.65,1123.85,1106.75,1089.0,1091.0,1089.0,1092.0,1093.0
HAVELLS,VWAP,,,,,,,,,,,1089.8,1091.32,1090.8,1090.97,1091.25
HAVELLS,CASH VOL,374085,492115,78683,39.72,54.75,,,,,,23497,40198,51590,61743,70473
HAVELLS,F&O VOL,32264,16903,,,,,,,,,1956,3982,5528,6908,7907
HAVELLS,F&O OI,43155,45141,,,,,,,,,43582,43798,44017,44234,44319
HAVELLS,CALL VOL,6252,7604,,,,,,,,,490,1267,1729,2106,2447
HAVELLS,CALL OI,5434,6156,,,,,,,,,5447,4595,4640,5353,5320
HAVELLS,PUT VOL,2344,2202,,,,,,,,,211,405,502,567,702
HAVELLS,PUT OI,3365,3640,,,,,,,,,3335,2763,2737,3268,3287
HCLTECH,PRICE,1243.6,1256.7,,,,1241.0,1253.05,1246.75,1262.65,1253.75,1242.0,1250.0,1251.0,1251.0,1254.0
HCLTECH,VWAP,,,,,,,,,,,1243.16,1247.85,1248.32,1248.75,1249.67
HCLTECH,CASH VOL,822109,2724431,296834,42.59,58.35,,,,,,157569,252498,314923,376525,444867
HCLTECH,F&O VOL,85151,109892,,,,,,,,,9522,22083,31803,40091,46797
HCLTECH,F&O OI,114561,116043,,,,,,,,,115903,116601,116807,117867,118311
HCLTECH,CALL VOL,24195,38007,,,,,,,,,2941,6711,9186,11489,14054
HCLTECH,CALL OI,11489,12019,,,,,,,,,10938,10574,10519,10547,10950
HCLTECH,PUT VOL,16728,39546,,,,,,,,,2777,6596,9176,11258,12527
HCLTECH,PUT OI,9042,9898,,,,,,,,,9937,10272,10032,9986,9194
HDFCAMC,PRICE,2380.3,2448.3,,,,2390.0,2406.15,2388.92,2416.5,2399.5,2382.0,2380.0,2373.0,2378.0,2375.0
HDFCAMC,VWAP,,,,,,,,,,,2382.17,2381.87,2380.06,2379.89,2379.78
HDFCAMC,CASH VOL,680651,266881,211058,63.28,65.33,,,,,,61023,71092,85067,94817,97127
HDFCAMC,F&O VOL,28757,11063,,,,,,,,,1669,2952,4697,6254,6760
HDFCAMC,F&O OI,37409,37575,,,,,,,,,37451,37748,37814,38331,38539
HDFCAMC,CALL VOL,7017,3618,,,,,,,,,551,859,1407,1794,1890
HDFCAMC,CALL OI,4366,4619,,,,,,,,,4612,4305,4193,4491,4171
HDFCAMC,PUT VOL,8375,3098,,,,,,,,,541,932,1223,1448,1488
HDFCAMC,PUT OI,3913,3948,,,,,,,,,3885,3834,3804,3855,3816
HDFCBANK,PRICE,728.9,737.25,,,,723.0,728.86,728.78,728.11,722.33,729.0,730.0,728.0,731.0,733.0
HDFCBANK,VWAP,,,,,,,,,,,729.49,729.3,729.01,729.35,729.65
HDFCBANK,CASH VOL,29575194,23197231,5527887,56.29,67.88,,,,,,2019977,2881412,3915025,4676153,5140046
HDFCBANK,F&O VOL,874647,585240,,,,,,,,,55431,83038,118314,148953,171995
HDFCBANK,F&O OI,1059034,1050765,,,,,,,,,1062367,1063333,1069348,1074399,1076761
HDFCBANK,CALL VOL,362824,220343,,,,,,,,,31363,42191,56008,66139,73716
HDFCBANK,CALL OI,154240,153086,,,,,,,,,153909,153526,154529,154368,154502
HDFCBANK,PUT VOL,213022,123854,,,,,,,,,12354,19816,25415,31386,37089
HDFCBANK,PUT OI,94872,101846,,,,,,,,,95521,94983,95154,95382,95322
HDFCLIFE,PRICE,526.9,561.5,,,,526.9,526.16,524.67,547.48,540.53,527.0,527.0,518.0,524.0,525.0
HDFCLIFE,VWAP,,,,,,,,,,,526.66,525.52,522.66,522.75,523.0
HDFCLIFE,CASH VOL,17905953,2018805,2300137,37.14,60.56,,,,,,347025,545180,892437,1084208,1179329
HDFCLIFE,F&O VOL,221422,29013,,,,,,,,,7763,14545,25857,31977,35826
HDFCLIFE,F&O OI,84235,83055,,,,,,,,,84908,85864,86831,87322,87532
HDFCLIFE,CALL VOL,60096,11270,,,,,,,,,1897,3300,6242,8482,9370
HDFCLIFE,CALL OI,7913,7875,,,,,,,,,8299,7157,7416,8616,8621
HDFCLIFE,PUT VOL,72411,7768,,,,,,,,,2466,4732,8759,10818,11846
HDFCLIFE,PUT OI,9250,11066,,,,,,,,,9131,8922,8809,9178,9199
HEROMOTOCO,PRICE,5296.0,5394.0,,,,5340.0,5331.0,5307.67,5278.42,5264.25,5323.0,5341.0,5319.0,5327.0,5341.0
HEROMOTOCO,VWAP,,,,,,,,,,,5329.45,5334.8,5329.65,5328.78,5330.61
HEROMOTOCO,CASH VOL,360294,304703,80313,48.87,53.83,,,,,,20527,36841,47733,60951,72958
HEROMOTOCO,F&O VOL,69358,57042,,,,,,,,,6220,13341,18297,21448,23484
HEROMOTOCO,F&O OI,54929,56259,,,,,,,,,55908,57605,58532,59376,59692
HEROMOTOCO,CALL VOL,25578,31081,,,,,,,,,3372,6326,9202,10623,11452
HEROMOTOCO,CALL OI,11836,12737,,,,,,,,,12265,12336,13159,13529,13571
HEROMOTOCO,PUT VOL,17443,13585,,,,,,,,,1300,2828,3602,4049,4501
HEROMOTOCO,PUT OI,8283,8665,,,,,,,,,8270,8540,8550,8470,8475
HINDALCO,PRICE,982.0,1003.8,,,,979.2,984.2,982.73,983.62,977.85,981.0,981.0,978.0,981.0,981.0
HINDALCO,VWAP,,,,,,,,,,,980.9,981.35,980.8,980.97,980.96
HINDALCO,CASH VOL,4331000,5158521,1061397,59.17,56.39,,,,,,156344,244875,370641,437521,467257
HINDALCO,F&O VOL,101333,130697,,,,,,,,,5060,8445,12698,23866,24986
HINDALCO,F&O OI,112903,113642,,,,,,,,,113933,114378,114958,119711,119834
HINDALCO,CALL VOL,35307,67824,,,,,,,,,2027,3392,5230,6222,6660
HINDALCO,CALL OI,15382,15281,,,,,,,,,15446,15278,15271,15246,15250
HINDALCO,PUT VOL,27287,25449,,,,,,,,,971,1465,2231,2612,2753
HINDALCO,PUT OI,11238,13192,,,,,,,,,11315,11271,11221,11190,11152
HINDPETRO,PRICE,350.4,360.0,,,,352.55,353.65,351.48,356.34,351.02,350.0,350.0,350.0,350.0,350.0
HINDPETRO,VWAP,,,,,,,,,,,350.7,351.01,350.68,350.56,350.51
HINDPETRO,CASH VOL,3088358,1968247,969673,55.89,45.06,,,,,,182878,312075,404107,587773,629733
HINDPETRO,F&O VOL,22214,12045,,,,,,,,,793,2820,3946,5020,5635
HINDPETRO,F&O OI,35832,34863,,,,,,,,,36011,36140,36485,36556,36668
HINDPETRO,CALL VOL,3467,4186,,,,,,,,,237,605,715,899,925
HINDPETRO,CALL OI,3402,3245,,,,,,,,,5160,5130,3398,3362,3373
HINDPETRO,PUT VOL,3473,3201,,,,,,,,,139,263,388,473,619
HINDPETRO,PUT OI,3749,4030,,,,,,,,,3908,3879,3711,3681,3645
HINDUNILVR,PRICE,1933.5,1950.0,,,,1933.5,1939.25,1935.42,1954.5,1939.5,1926.0,1927.0,1923.0,1924.0,1926.0
HINDUNILVR,VWAP,,,,,,,,,,,1926.92,1925.95,1923.44,1923.51,1924.03
HINDUNILVR,CASH VOL,1257687,870342,302388,49.28,64.19,,,,,,49693,100936,171110,216559,251324
HINDUNILVR,F&O VOL,91127,51806,,,,,,,,,4659,12113,19986,28393,30730
HINDUNILVR,F&O OI,111951,112742,,,,,,,,,112456,114112,114568,117741,117481
HINDUNILVR,CALL VOL,36551,26612,,,,,,,,,2413,4507,7651,8704,9670
HINDUNILVR,CALL OI,18278,19194,,,,,,,,,18376,18269,18155,17932,17636
HINDUNILVR,PUT VOL,22864,9579,,,,,,,,,958,2317,5120,5861,6237
HINDUNILVR,PUT OI,8366,11428,,,,,,,,,8370,8440,8327,8321,8286
HINDZINC,PRICE,587.15,595.45,,,,591.1,587.95,587.42,590.15,578.45,593.0,593.0,591.0,592.0,592.0
HINDZINC,VWAP,,,,,,,,,,,593.09,593.68,593.33,593.18,593.15
HINDZINC,CASH VOL,3299611,4064936,807650,47.97,48.19,,,,,,320255,518574,656337,729070,783836
HINDZINC,F&O VOL,43838,48127,,,,,,,,,3743,7605,9976,12023,13004
HINDZINC,F&O OI,63541,65298,,,,,,,,,63787,64240,64576,65200,65410
HINDZINC,CALL VOL,16610,24365,,,,,,,,,1939,3957,4755,5296,5622
HINDZINC,CALL OI,13639,14441,,,,,,,,,13627,13681,13722,13818,13813
HINDZINC,PUT VOL,12516,10376,,,,,,,,,853,1658,2101,2371,2525
HINDZINC,PUT OI,8918,10202,,,,,,,,,8925,8994,8931,8912,8932
HYUNDAI,PRICE,2060.6,2095.0,,,,2060.1,2084.75,2068.65,2199.63,2181.3,2103.0,2103.0,2100.0,2123.0,2124.0
HYUNDAI,VWAP,,,,,,,,,,,2092.47,2097.12,2100.97,2110.18,2111.73
HYUNDAI,CASH VOL,388850,358724,68482,41.71,45.59,,,,,,75418,140003,256344,471154,525488
HYUNDAI,F&O VOL,25036,16628,,,,,,,,,4888,10176,17291,31481,35789
HYUNDAI,F&O OI,26735,30815,,,,,,,,,27566,28355,28917,30040,30565
HYUNDAI,CALL VOL,5106,6911,,,,,,,,,3198,7319,12360,22390,25393
HYUNDAI,CALL OI,3022,3299,,,,,,,,,3360,3779,4249,4690,4887
HYUNDAI,PUT VOL,5651,4289,,,,,,,,,544,1167,1850,3557,3919
HYUNDAI,PUT OI,3143,4411,,,,,,,,,3407,3462,3349,3713,3807
ICICIBANK,PRICE,1334.5,1340.0,,,,1332.9,1338.95,1335.98,1364.45,1347.42,1337.0,1337.0,1329.0,1329.0,1329.0
ICICIBANK,VWAP,,,,,,,,,,,1337.28,1335.51,1333.97,1333.41,1332.86
ICICIBANK,CASH VOL,8653920,4758314,2062356,56.17,59.12,,,,,,930063,1411928,1830363,2114547,2312012
ICICIBANK,F&O VOL,280873,120167,,,,,,,,,16123,30694,46560,63905,70855
ICICIBANK,F&O OI,286116,285440,,,,,,,,,288268,289355,293720,300039,301773
ICICIBANK,CALL VOL,95036,48988,,,,,,,,,6913,12133,15582,19435,21552
ICICIBANK,CALL OI,17359,18236,,,,,,,,,19034,17859,18213,17987,18189
ICICIBANK,PUT VOL,67856,30041,,,,,,,,,3983,7482,9962,12211,13596
ICICIBANK,PUT OI,13833,15098,,,,,,,,,15588,13986,13878,13628,13585
ICICIGI,PRICE,1577.0,1500.6,,,,1577.0,1559.58,1524.75,1460.6,1458.93,1583.0,1578.0,1569.0,1580.0,1577.0
ICICIGI,VWAP,,,,,,,,,,,1574.29,1573.61,1573.15,1573.89,1574.23
ICICIGI,CASH VOL,2743847,708998,394766,32.25,80.86,,,,,,96578,126359,152324,177289,189093
ICICIGI,F&O VOL,160937,9518,,,,,,,,,8184,12558,15130,16978,18175
ICICIGI,F&O OI,38244,32408,,,,,,,,,37526,37572,37849,37789,37837
ICICIGI,CALL VOL,85114,4971,,,,,,,,,3985,6268,7452,8332,8718
ICICIGI,CALL OI,4977,4560,,,,,,,,,4663,5111,5039,4950,4940
ICICIGI,PUT VOL,38984,1464,,,,,,,,,2614,3766,4204,4870,5202
ICICIGI,PUT OI,5636,2569,,,,,,,,,5236,5433,5182,5168,5178
ICICIPRULI,PRICE,464.5,484.5,,,,464.55,462.7,459.1,487.73,479.2,465.0,467.0,460.0,465.0,465.0
ICICIPRULI,VWAP,,,,,,,,,,,465.63,465.13,463.71,463.72,463.83
ICICIPRULI,CASH VOL,7763087,750732,896315,48.95,55.88,,,,,,165259,222177,327267,367737,395291
ICICIPRULI,F&O VOL,75731,13006,,,,,,,,,2246,4782,7429,9050,9928
ICICIPRULI,F&O OI,36126,31577,,,,,,,,,36587,36822,37112,37285,37411
ICICIPRULI,CALL VOL,18708,1270,,,,,,,,,318,625,926,1169,1242
ICICIPRULI,CALL OI,2567,1588,,,,,,,,,2584,2316,2325,2614,2613
ICICIPRULI,PUT VOL,21096,2425,,,,,,,,,646,1005,1843,2052,2142
ICICIPRULI,PUT OI,4591,2738,,,,,,,,,4493,4299,4095,4313,4320
IDEA,PRICE,14.12,14.52,,,,14.15,14.27,14.17,14.5,14.11,14.0,14.0,14.0,14.0,14.0
IDEA,VWAP,,,,,,,,,,,14.23,14.22,14.2,14.19,14.19
IDEA,CASH VOL,364050771,272140999,77789041,29.08,29.23,,,,,,51381870,66126037,88810885,112776734,120053625
IDEA,F&O VOL,58739,53569,,,,,,,,,5971,8591,11138,14495,16375
IDEA,F&O OI,147200,146228,,,,,,,,,147281,147414,147641,148080,148285
IDEA,CALL VOL,10285,16415,,,,,,,,,1381,1995,2845,3367,3784
IDEA,CALL OI,24472,25193,,,,,,,,,24301,24245,24281,24183,24128
IDEA,PUT VOL,4377,5510,,,,,,,,,2056,2209,2378,2792,3056
IDEA,PUT OI,11441,11868,,,,,,,,,11204,11083,11072,10997,11009
IDFCFIRSTB,PRICE,83.76,87.9,,,,83.48,84.39,83.97,85.9,85.85,83.0,83.0,83.0,83.0,83.0
IDFCFIRSTB,VWAP,,,,,,,,,,,83.69,83.76,83.7,83.65,83.64
IDFCFIRSTB,CASH VOL,40583451,64518343,8540608,54.83,47.27,,,,,,1441621,2282915,2719549,3460749,3746270
IDFCFIRSTB,F&O VOL,95934,100572,,,,,,,,,3794,7832,10908,13697,14574
IDFCFIRSTB,F&O OI,79912,74616,,,,,,,,,80605,81205,81535,82095,82473
IDFCFIRSTB,CALL VOL,23162,28590,,,,,,,,,1121,2228,2938,3836,4133
IDFCFIRSTB,CALL OI,8172,6711,,,,,,,,,8347,8360,7639,7631,8251
IDFCFIRSTB,PUT VOL,21394,24958,,,,,,,,,677,1492,1839,2233,2317
IDFCFIRSTB,PUT OI,8487,8962,,,,,,,,,8388,8279,8163,8140,8154
IEX,PRICE,111.2,113.16,,,,111.38,111.77,111.39,114.61,112.91,111.0,111.0,111.0,111.0,111.0
IEX,VWAP,,,,,,,,,,,111.22,111.29,111.29,111.38,111.42
IEX,CASH VOL,2660046,1437722,787824,55.89,44.25,,,,,,193375,323282,375703,449336,489316
IEX,F&O VOL,13464,7951,,,,,,,,,480,1041,1390,2575,2910
IEX,F&O OI,32093,32687,,,,,,,,,32116,32172,32215,32259,32275
IEX,CALL VOL,2964,3048,,,,,,,,,208,322,392,760,864
IEX,CALL OI,4861,5275,,,,,,,,,3784,4842,4828,4784,4763
IEX,PUT VOL,1172,767,,,,,,,,,37,87,93,219,231
IEX,PUT OI,2974,3285,,,,,,,,,2633,2965,2955,2939,2933
INDHOTEL,PRICE,728.8,743.7,,,,726.1,733.75,730.45,730.12,724.88,726.0,727.0,725.0,728.0,727.0
INDHOTEL,VWAP,,,,,,,,,,,726.86,727.24,726.58,726.66,726.73
INDHOTEL,CASH VOL,1140542,1295095,298884,57.23,61.28,,,,,,82946,122726,183656,194794,262882
INDHOTEL,F&O VOL,25206,12256,,,,,,,,,1385,2435,4344,6380,7221
INDHOTEL,F&O OI,43231,44148,,,,,,,,,43557,43934,44018,45163,45386
INDHOTEL,CALL VOL,6090,6211,,,,,,,,,539,743,1206,1428,1592
INDHOTEL,CALL OI,5482,5857,,,,,,,,,5450,5445,5428,5358,5338
INDHOTEL,PUT VOL,2755,2802,,,,,,,,,209,285,986,1085,1281
INDHOTEL,PUT OI,3061,3515,,,,,,,,,3080,3072,3024,2988,2988
INDIANB,PRICE,830.0,842.0,,,,829.85,832.15,830.72,846.65,842.08,829.0,828.0,832.0,832.0,829.0
INDIANB,VWAP,,,,,,,,,,,830.07,830.29,830.77,830.91,830.8
INDIANB,CASH VOL,693067,975762,203707,40.5,59.26,,,,,,47185,120140,168048,194212,208438
INDIANB,F&O VOL,23991,9463,,,,,,,,,1383,3366,4910,5987,6670
INDIANB,F&O OI,24508,24052,,,,,,,,,24585,24764,24917,25036,25136
INDIANB,CALL VOL,6066,4144,,,,,,,,,414,1052,,1636,1756
INDIANB,CALL OI,3048,3125,,,,,,,,,3035,3022,,3030,3050
INDIANB,PUT VOL,8852,1473,,,,,,,,,620,1287,,1931,2015
INDIANB,PUT OI,4189,4033,,,,,,,,,4186,4212,,4129,4104
INDIGO,PRICE,4890.0,5028.5,,,,4890.0,4924.75,4901.58,4891.92,4835.75,4905.0,4916.0,4909.0,4909.0,4913.0
INDIGO,VWAP,,,,,,,,,,,4909.35,4912.85,4911.34,4910.79,4910.65
INDIGO,CASH VOL,570454,581998,205456,62.07,69.63,,,,,,32719,64024,81568,98679,104501
INDIGO,F&O VOL,105147,78189,,,,,,,,,8128,17623,21244,27004,28963
INDIGO,F&O OI,90822,92813,,,,,,,,,91450,93018,93314,94584,94598
INDIGO,CALL VOL,33407,36638,,,,,,,,,3093,6836,7906,9204,9535
INDIGO,CALL OI,22365,22677,,,,,,,,,22671,22464,22398,22391,22371
INDIGO,PUT VOL,37112,22318,,,,,,,,,3232,6859,8175,10128,10662
INDIGO,PUT OI,15268,16927,,,,,,,,,15222,15836,15880,16128,16197
INDUSINDBK,PRICE,919.5,959.3,,,,919.5,919.37,919.1,965.7,964.5,920.0,920.0,914.0,915.0,915.0
INDUSINDBK,VWAP,,,,,,,,,,,920.6,919.82,918.23,917.69,917.45
INDUSINDBK,CASH VOL,5861520,2626452,1323640,48.94,69.21,,,,,,130835,202597,245851,287620,311339
INDUSINDBK,F&O VOL,101402,35643,,,,,,,,,3243,6609,10414,13859,15455
INDUSINDBK,F&O OI,89691,80769,,,,,,,,,90474,90845,91272,91935,92385
INDUSINDBK,CALL VOL,26686,12338,,,,,,,,,909,1837,,3625,3900
INDUSINDBK,CALL OI,2878,1655,,,,,,,,,3763,3142,,3175,3203
INDUSINDBK,PUT VOL,25358,8386,,,,,,,,,663,1418,,2738,2913
INDUSINDBK,PUT OI,4023,3363,,,,,,,,,4433,4025,,4045,4032
INDUSTOWER,PRICE,379.85,384.8,,,,378.0,380.7,380.13,383.0,378.27,376.0,376.0,376.0,377.0,377.0
INDUSTOWER,VWAP,,,,,,,,,,,377.12,376.83,376.49,376.84,376.94
INDUSTOWER,CASH VOL,3016883,4979379,1025691,60.77,69.53,,,,,,169362,263293,435246,621761,704897
INDUSTOWER,F&O VOL,41812,27801,,,,,,,,,925,2018,3295,6260,7024
INDUSTOWER,F&O OI,75537,75606,,,,,,,,,75713,76010,76350,77709,77960
INDUSTOWER,CALL VOL,5245,8577,,,,,,,,,281,555,,1024,1065
INDUSTOWER,CALL OI,5031,4945,,,,,,,,,4998,4968,,4880,4870
INDUSTOWER,PUT VOL,3051,5637,,,,,,,,,121,243,,509,529
INDUSTOWER,PUT OI,3726,4235,,,,,,,,,3706,3690,,3663,3665
INFY,PRICE,1014.5,1020.5,,,,999.5,1014.33,1014.0,1067.85,1056.88,994.0,996.0,997.0,1001.0,1000.0
INFY,VWAP,,,,,,,,,,,995.48,997.44,997.55,997.87,998.01
INFY,CASH VOL,6891893,5108734,1958921,56.78,59.58,,,,,,1530756,2288270,2659958,2995702,3180777
INFY,F&O VOL,255233,232974,,,,,,,,,52331,89062,110315,130120,138815
INFY,F&O OI,379643,384543,,,,,,,,,388612,387874,389531,390957,391620
INFY,CALL VOL,88124,91806,,,,,,,,,18736,33862,40289,47351,49445
INFY,CALL OI,51757,53730,,,,,,,,,54880,52794,53075,52724,52736
INFY,PUT VOL,55142,52232,,,,,,,,,17675,30921,37894,43716,45616
INFY,PUT OI,28319,30707,,,,,,,,,29305,30828,30640,30475,30562
INOXWIND,PRICE,73.09,75.02,,,,73.1,73.94,73.37,76.14,74.81,73.0,73.0,73.0,73.0,73.0
INOXWIND,VWAP,,,,,,,,,,,73.18,73.28,73.24,73.3,73.31
INOXWIND,CASH VOL,9666599,17183824,2150688,42.12,42.03,,,,,,548544,938631,1216053,1473224,1594485
INOXWIND,F&O VOL,14864,33264,,,,,,,,,679,1189,1877,3159,3562
INOXWIND,F&O OI,28330,29523,,,,,,,,,28370,28305,28296,28430,28461
INOXWIND,CALL VOL,4593,10268,,,,,,,,,250,457,,995,1114
INOXWIND,CALL OI,4926,6217,,,,,,,,,4924,4886,,4809,4802
INOXWIND,PUT VOL,1753,6148,,,,,,,,,79,152,,327,355
INOXWIND,PUT OI,2469,2608,,,,,,,,,2435,2420,,2331,2334
IOC,PRICE,136.27,138.15,,,,136.5,136.5,136.35,136.12,134.35,135.0,135.0,135.0,135.0,135.0
IOC,VWAP,,,,,,,,,,,135.75,136.39,136.31,136.28,136.27
IOC,CASH VOL,7245913,6601919,2286695,64.07,65.28,,,,,,390874,2693369,2981121,3178624,3284923
IOC,F&O VOL,27377,17935,,,,,,,,,823,3014,4639,6774,7416
IOC,F&O OI,50057,49855,,,,,,,,,50143,50402,50717,52106,52427
IOC,CALL VOL,4865,5735,,,,,,,,,203,938,,1346,1420
IOC,CALL OI,6014,6078,,,,,,,,,5988,5908,,6005,6021
IOC,PUT VOL,4079,3881,,,,,,,,,175,493,,853,910
IOC,PUT OI,5150,5839,,,,,,,,,5103,5048,,4936,4919
IREDA,PRICE,110.11,111.0,,,,109.75,110.02,109.83,113.17,110.86,109.0,109.0,111.0,111.0,111.0
IREDA,VWAP,,,,,,,,,,,109.68,110.01,110.6,110.94,110.96
IREDA,CASH VOL,2509085,2079281,713689,33.47,41.76,,,,,,225293,574139,1119759,1583606,1757282
IREDA,F&O VOL,18473,9642,,,,,,,,,836,1973,4500,7453,8612
IREDA,F&O OI,41154,44649,,,,,,,,,41112,40975,40625,40272,40278
IREDA,CALL VOL,3227,4142,,,,,,,,,249,527,,2688,2968
IREDA,CALL OI,7832,8572,,,,,,,,,6915,6883,,7548,7502
IREDA,PUT VOL,1247,1268,,,,,,,,,93,160,,920,1274
IREDA,PUT OI,3319,3671,,,,,,,,,3212,3216,,3216,3294
IRFC,PRICE,79.86,81.0,,,,79.68,79.95,79.89,81.01,80.02,79.0,79.0,79.0,79.0,79.0
IRFC,VWAP,,,,,,,,,,,79.43,79.42,79.41,79.44,79.44
IRFC,CASH VOL,5332621,5999917,1235146,42.58,38.39,,,,,,571815,857549,1088436,1351829,1438977
IRFC,F&O VOL,24788,12938,,,,,,,,,1228,2323,3478,5168,5664
IRFC,F&O OI,43611,44909,,,,,,,,,43732,43728,43570,43817,43900
IRFC,CALL VOL,4527,4153,,,,,,,,,366,682,,1473,1520
IRFC,CALL OI,3390,3175,,,,,,,,,3392,3378,,4276,3129
IRFC,PUT VOL,2289,2226,,,,,,,,,168,268,,541,534
IRFC,PUT OI,2345,2848,,,,,,,,,2374,2386,,3119,2387
ITC,PRICE,268.0,270.15,,,,268.1,268.5,268.17,263.25,262.62,267.0,267.0,266.0,267.0,267.0
ITC,VWAP,,,,,,,,,,,267.37,267.38,267.19,267.21,267.22
ITC,CASH VOL,7398276,13142058,2341509,54.43,59.34,,,,,,594330,821816,1060839,1341144,1452774
ITC,F&O VOL,116676,179845,,,,,,,,,6576,11491,16893,21947,23730
ITC,F&O OI,196530,201235,,,,,,,,,196459,196395,197180,197527,197985
ITC,CALL VOL,40289,96838,,,,,,,,,3450,6469,,9681,10231
ITC,CALL OI,34217,36561,,,,,,,,,34012,33562,,33411,33485
ITC,PUT VOL,22312,41019,,,,,,,,,1410,2003,,3549,3809
ITC,PUT OI,20643,22573,,,,,,,,,20466,20509,,20388,20357
JINDALSTEL,PRICE,1157.8,1175.3,,,,1154.4,1163.5,1159.7,1117.27,1112.8,1154.0,1156.0,1154.0,1166.0,1162.0
JINDALSTEL,VWAP,,,,,,,,,,,1154.97,1157.87,1156.46,1159.13,1159.3
JINDALSTEL,CASH VOL,598786,994851,117524,38.42,21.56,,,,,,28118,53098,88799,126500,135418
JINDALSTEL,F&O VOL,27153,67095,,,,,,,,,1025,2614,4572,8250,8926
JINDALSTEL,F&O OI,40657,40946,,,,,,,,,40892,41003,41220,42005,42133
JINDALSTEL,CALL VOL,10252,39834,,,,,,,,,334,1025,,2757,2975
JINDALSTEL,CALL OI,6268,6519,,,,,,,,,6273,6264,,6168,6185
JINDALSTEL,PUT VOL,6381,18159,,,,,,,,,106,397,,1192,1304
JINDALSTEL,PUT OI,5963,6361,,,,,,,,,5962,5992,,6006,5998
JIOFIN,PRICE,227.2,232.15,,,,227.2,228.65,227.68,229.4,228.42,227.0,227.0,226.0,227.0,226.0
JIOFIN,VWAP,,,,,,,,,,,227.06,227.11,226.93,226.93,226.92
JIOFIN,CASH VOL,11460271,6949246,3537409,59.91,56.0,,,,,,1057463,2050871,2602976,2940840,3091119
JIOFIN,F&O VOL,99498,57217,,,,,,,,,6169,11725,18284,22534,25064
JIOFIN,F&O OI,175284,175533,,,,,,,,,176404,176936,177565,178500,178647
JIOFIN,CALL VOL,28234,21451,,,,,,,,,1630,2927,,5698,6148
JIOFIN,CALL OI,14147,15143,,,,,,,,,13861,8576,,13795,13816
JIOFIN,PUT VOL,12424,10036,,,,,,,,,564,1491,,2722,3098
JIOFIN,PUT OI,14535,15174,,,,,,,,,14513,11831,,14420,14412
JSWENERGY,PRICE,510.0,521.0,,,,510.0,514.05,511.35,522.25,514.75,508.0,508.0,507.0,512.0,511.0
JSWENERGY,VWAP,,,,,,,,,,,508.32,508.5,508.23,508.99,509.21
JSWENERGY,CASH VOL,1303485,1923195,369719,48.7,58.06,,,,,,83201,110956,133867,189813,210199
JSWENERGY,F&O VOL,16793,9354,,,,,,,,,640,1454,2245,4572,6523
JSWENERGY,F&O OI,37500,37602,,,,,,,,,37723,37916,38013,38626,39565
JSWENERGY,CALL VOL,3674,4324,,,,,,,,,162,362,,767,854
JSWENERGY,CALL OI,4400,4460,,,,,,,,,4396,4369,,4306,4287
JSWENERGY,PUT VOL,1479,1516,,,,,,,,,39,82,,275,321
JSWENERGY,PUT OI,2718,2848,,,,,,,,,2722,2734,,2729,2735
JSWSTEEL,PRICE,1273.2,1297.8,,,,1279.0,1285.3,1277.23,1268.02,1252.85,1280.0,1280.0,1281.0,1286.0,1284.0
JSWSTEEL,VWAP,,,,,,,,,,,1280.42,1282.81,1282.73,1283.43,1283.39
JSWSTEEL,CASH VOL,836579,1356042,243291,51.51,43.56,,,,,,29974,68450,87174,108285,115818
JSWSTEEL,F&O VOL,48632,65503,,,,,,,,,1644,3797,5496,7379,14739
JSWSTEEL,F&O OI,80721,82119,,,,,,,,,80990,81169,81338,81760,85160
JSWSTEEL,CALL VOL,9588,28033,,,,,,,,,548,1500,,2789,3019
JSWSTEEL,CALL OI,7174,7613,,,,,,,,,7164,7204,,7213,7240
JSWSTEEL,PUT VOL,8306,13932,,,,,,,,,341,817,,1320,1396
JSWSTEEL,PUT OI,7121,8233,,,,,,,,,7083,7069,,7174,7175
JUBLFOOD,PRICE,478.9,483.3,,,,478.5,480.4,479.4,493.93,481.8,476.0,475.0,479.0,482.0,482.0
JUBLFOOD,VWAP,,,,,,,,,,,475.73,476.35,477.79,478.55,479.23
JUBLFOOD,CASH VOL,339592,625258,89766,31.53,47.13,,,,,,32881,60593,104910,126247,154768
JUBLFOOD,F&O VOL,19472,8313,,,,,,,,,990,1949,3868,5522,6160
JUBLFOOD,F&O OI,29728,30171,,,,,,,,,29945,30016,30232,30524,30646
JUBLFOOD,CALL VOL,4650,3405,,,,,,,,,291,499,,1511,1608
JUBLFOOD,CALL OI,3159,3305,,,,,,,,,2362,2493,,3133,3147
JUBLFOOD,PUT VOL,2295,1395,,,,,,,,,133,245,,789,882
JUBLFOOD,PUT OI,2443,2583,,,,,,,,,2495,2383,,2398,2408
KALYANKJIL,PRICE,573.6,584.25,,,,574.6,579.48,575.56,595.2,586.3,575.0,574.0,572.0,573.0,574.0
KALYANKJIL,VWAP,,,,,,,,,,,574.97,575.16,574.34,574.23,574.24
KALYANKJIL,CASH VOL,3630749,2741044,1062369,30.95,21.95,,,,,,311784,424532,564020,678232,712048
KALYANKJIL,F&O VOL,51384,42171,,,,,,,,,2930,4861,7911,9684,10438
KALYANKJIL,F&O OI,51768,53654,,,,,,,,,51816,52055,51805,52017,52176
KALYANKJIL,CALL VOL,17556,14854,,,,,,,,,1320,2284,,3917,4073
KALYANKJIL,CALL OI,6597,6769,,,,,,,,,6424,6488,,6256,6254
KALYANKJIL,PUT VOL,11144,10585,,,,,,,,,530,784,,1503,1674
KALYANKJIL,PUT OI,5355,6112,,,,,,,,,5347,5352,,5329,5340
KAYNES,PRICE,3509.5,3458.0,,,,3530.0,3504.88,3495.65,3493.15,3449.45,3554.0,3564.0,3579.0,3611.0,3628.0
KAYNES,VWAP,,,,,,,,,,,3548.33,3577.32,3577.94,3586.31,3593.2
KAYNES,CASH VOL,1525539,804616,272048,29.28,20.83,,,,,,105670,245932,303468,417341,518012
KAYNES,F&O VOL,19257,8682,,,,,,,,,286,1820,2792,4343,5166
KAYNES,F&O OI,68415,75441,,,,,,,,,68437,68060,67940,67449,67282
KAYNES,CALL VOL,3015,3953,,,,,,,,,15,457,,964,1133
KAYNES,CALL OI,10842,12544,,,,,,,,,10841,10629,,10442,10407
KAYNES,PUT VOL,752,571,,,,,,,,,33,144,,398,474
KAYNES,PUT OI,5137,5256,,,,,,,,,5149,5157,,5149,5186
KEI,PRICE,4636.5,4722.5,,,,4636.5,4666.75,4646.58,4616.5,4549.5,4638.0,4662.0,4654.0,4651.0,4661.0
KEI,VWAP,,,,,,,,,,,4651.19,4668.03,4665.52,4664.92,4664.79
KEI,CASH VOL,224864,808984,42362,42.36,54.99,,,,,,24108,42966,53373,58264,60000
KEI,F&O VOL,29232,80130,,,,,,,,,1855,5413,7469,9054,9788
KEI,F&O OI,41855,43566,,,,,,,,,41945,42065,42225,42199,42295
KEI,CALL VOL,12352,49235,,,,,,,,,843,2524,,3841,4162
KEI,CALL OI,9729,11011,,,,,,,,,9686,9741,,9760,9819
KEI,PUT VOL,7237,19887,,,,,,,,,490,1398,,2391,2525
KEI,PUT OI,7041,7447,,,,,,,,,7041,7042,,6937,6915
KFINTECH,PRICE,897.95,911.95,,,,897.95,902.02,899.31,920.42,901.25,899.0,899.0,896.0,897.0,897.0
KFINTECH,VWAP,,,,,,,,,,,901.29,900.04,898.3,898.09,897.9
KFINTECH,CASH VOL,432496,467472,120114,43.7,45.12,,,,,,28115,58590,88000,108131,121580
KFINTECH,F&O VOL,10383,9465,,,,,,,,,849,1484,2237,2914,3260
KFINTECH,F&O OI,21423,22226,,,,,,,,,21441,21412,21457,21417,21513
KFINTECH,CALL VOL,2504,5356,,,,,,,,,287,462,,754,808
KFINTECH,CALL OI,5732,6012,,,,,,,,,5721,5663,,5640,5631
KFINTECH,PUT VOL,899,1280,,,,,,,,,121,203,,365,390
KFINTECH,PUT OI,2467,2607,,,,,,,,,2454,2441,,2390,2382
KOTAKBANK,PRICE,405.0,413.25,,,,406.9,407.15,405.72,414.93,413.31,405.0,406.0,404.0,405.0,405.0
KOTAKBANK,VWAP,,,,,,,,,,,405.49,405.69,405.48,405.46,405.46
KOTAKBANK,CASH VOL,12799846,8628172,3073638,65.2,65.14,,,,,,1146718,2013385,2569517,3445266,3584011
KOTAKBANK,F&O VOL,82872,45027,,,,,,,,,2030,5263,7892,10948,12431
KOTAKBANK,F&O OI,144562,142147,,,,,,,,,145112,145743,146290,147405,147891
KOTAKBANK,CALL VOL,15776,20100,,,,,,,,,387,1113,,2589,2797
KOTAKBANK,CALL OI,25317,25441,,,,,,,,,25303,25316,,25223,25249
KOTAKBANK,PUT VOL,13508,13184,,,,,,,,,493,1251,,2299,2460
KOTAKBANK,PUT OI,14727,15714,,,,,,,,,14668,14635,,14453,14483
KPITTECH,PRICE,516.85,527.0,,,,517.95,520.9,518.2,556.48,540.16,509.0,511.0,511.0,514.0,514.0
KPITTECH,VWAP,,,,,,,,,,,510.63,511.91,511.96,512.26,512.31
KPITTECH,CASH VOL,1561197,1154889,290809,37.97,42.57,,,,,,212370,328641,390761,441583,455251
KPITTECH,F&O VOL,32590,16128,,,,,,,,,4620,8046,9933,11534,12440
KPITTECH,F&O OI,37293,38976,,,,,,,,,37997,37995,37870,37994,38046
KPITTECH,CALL VOL,12792,5912,,,,,,,,,1634,3086,,3942,4113
KPITTECH,CALL OI,4906,5246,,,,,,,,,5236,5234,,5102,5110
KPITTECH,PUT VOL,7968,3946,,,,,,,,,2058,3183,,4014,4202
KPITTECH,PUT OI,3123,3612,,,,,,,,,3334,3417,,3428,3417
LAURUSLABS,PRICE,2026.2,2034.0,,,,2026.0,2037.65,2030.02,1943.58,1922.75,2024.0,2024.0,1999.0,1999.0,2002.0
LAURUSLABS,VWAP,,,,,,,,,,,2028.54,2025.69,2013.47,2010.66,2010.1
LAURUSLABS,CASH VOL,1388039,1363988,354909,50.87,59.38,,,,,,105269,163618,297985,362303,385053
LAURUSLABS,F&O VOL,59900,47284,,,,,,,,,4313,7521,19765,26709,28886
LAURUSLABS,F&O OI,53336,54427,,,,,,,,,53877,53864,53318,53321,53758
LAURUSLABS,CALL VOL,23422,18960,,,,,,,,,1787,3084,,8732,9230
LAURUSLABS,CALL OI,6731,7057,,,,,,,,,6788,6859,,7020,7009
LAURUSLABS,PUT VOL,14428,12153,,,,,,,,,1069,1828,,8075,8407
LAURUSLABS,PUT OI,6640,6572,,,,,,,,,5733,5657,,5742,5700
LICHSGFIN,PRICE,564.25,572.5,,,,564.75,567.85,565.45,547.91,547.42,563.0,563.0,563.0,564.0,564.0
LICHSGFIN,VWAP,,,,,,,,,,,563.55,563.31,563.23,563.21,563.38
LICHSGFIN,CASH VOL,1297709,3008551,293753,42.84,53.28,,,,,,66099,111752,149297,185544,212303
LICHSGFIN,F&O VOL,8233,2943,,,,,,,,,215,500,1054,2423,2671
LICHSGFIN,F&O OI,60250,64017,,,,,,,,,60220,60063,59999,60370,60238
LICHSGFIN,CALL VOL,302,809,,,,,,,,,5,12,,57,58
LICHSGFIN,CALL OI,7724,7865,,,,,,,,,7724,7720,,7706,7706
LICHSGFIN,PUT VOL,215,576,,,,,,,,,11,18,,44,56
LICHSGFIN,PUT OI,5222,5324,,,,,,,,,5221,5218,,5207,5206
LICI,PRICE,406.0,407.5,,,,404.0,408.15,406.72,404.17,397.1,405.0,403.0,404.0,406.0,407.0
LICI,VWAP,,,,,,,,,,,404.65,404.82,404.68,404.93,405.17
LICI,CASH VOL,14741490,3944345,2662181,48.74,58.21,,,,,,418954,1213861,1575965,2202943,2645517
LICI,F&O VOL,102234,17863,,,,,,,,,2681,5782,8277,11831,13710
LICI,F&O OI,69102,67116,,,,,,,,,69739,70104,70243,71498,71846
LICI,CALL VOL,46397,7490,,,,,,,,,1004,2590,,4019,4463
LICI,CALL OI,10844,11217,,,,,,,,,10931,10817,,10795,10763
LICI,PUT VOL,20306,2810,,,,,,,,,461,992,,1721,2066
LICI,PUT OI,7284,7356,,,,,,,,,7317,7362,,7294,7296
LODHA,PRICE,1158.0,1162.5,,,,1150.0,1162.95,1159.65,1129.18,1098.15,1156.0,1155.0,1152.0,1159.0,1161.0
LODHA,VWAP,,,,,,,,,,,1156.92,1154.45,1154.14,1154.97,1155.28
LODHA,CASH VOL,1243527,1327880,300909,45.38,51.12,,,,,,73809,124745,156338,180125,190892
LODHA,F&O VOL,43453,34614,,,,,,,,,2346,4970,6638,8686,9449
LODHA,F&O OI,35505,36994,,,,,,,,,35922,35999,36071,36461,36613
LODHA,CALL VOL,18090,17450,,,,,,,,,825,1988,,3225,3369
LODHA,CALL OI,5456,5484,,,,,,,,,5475,5507,,5499,5481
LODHA,PUT VOL,9991,9759,,,,,,,,,851,1677,,2458,2627
LODHA,PUT OI,6180,6262,,,,,,,,,6355,6357,,6357,6356
LT,PRICE,3858.4,3929.9,,,,3865.0,3878.0,3864.93,3883.15,3879.45,3881.0,3880.0,3864.0,3867.0,3865.0
LT,VWAP,,,,,,,,,,,3876.3,3874.07,3863.71,3862.87,3862.82
LT,CASH VOL,1649308,945462,663839,61.51,59.47,,,,,,40371,85667,206055,292898,308601
LT,F&O VOL,100668,92217,,,,,,,,,6242,11318,14767,17904,19017
LT,F&O OI,132368,131719,,,,,,,,,132514,132366,132436,133057,133240
LT,CALL VOL,35823,44843,,,,,,,,,2891,4938,,6815,7146
LT,CALL OI,21568,21858,,,,,,,,,24828,21448,,21270,21213
LT,PUT VOL,23336,22151,,,,,,,,,1534,2635,,4100,4291
LT,PUT OI,15629,16322,,,,,,,,,15447,15447,,15461,15482
LTF,PRICE,282.0,310.0,,,,284.95,284.8,282.93,309.83,303.9,283.0,283.0,282.0,283.0,282.0
LTF,VWAP,,,,,,,,,,,283.62,283.24,283.06,283.05,282.96
LTF,CASH VOL,36077849,5926308,8449682,38.42,36.68,,,,,,1013256,1317922,1534045,1682586,2003591
LTF,F&O VOL,152113,42593,,,,,,,,,7261,11658,15789,17723,19444
LTF,F&O OI,59627,43955,,,,,,,,,60394,60961,60762,60952,60883
LTF,CALL VOL,33446,22910,,,,,,,,,2852,4327,,7365,6712
LTF,CALL OI,6848,8844,,,,,,,,,8340,7105,,8141,6858
LTF,PUT VOL,40474,8957,,,,,,,,,1508,2204,,3153,3446
LTF,PUT OI,7633,6685,,,,,,,,,8190,7672,,8111,7494
LTM,PRICE,4038.0,4085.0,,,,4038.0,4050.0,4042.0,4361.95,4304.05,4010.0,4007.0,4031.0,4044.0,4048.0
LTM,VWAP,,,,,,,,,,,4010.61,4023.11,4024.79,4028.59,4029.41
LTM,CASH VOL,350005,305311,111107,44.13,40.38,,,,,,29241,52234,63328,74867,78371
LTM,F&O VOL,48928,40596,,,,,,,,,4317,8472,10639,13125,14164
LTM,F&O OI,60907,63254,,,,,,,,,61387,61430,61420,61514,61681
LTM,CALL VOL,9319,12479,,,,,,,,,1638,3683,,5000,5305
LTM,CALL OI,4407,4983,,,,,,,,,3587,4512,,4467,4513
LTM,PUT VOL,6982,10479,,,,,,,,,982,1615,,2175,2295
LTM,PUT OI,3895,4184,,,,,,,,,3654,3876,,3781,3734
LUPIN,PRICE,2100.7,2102.8,,,,2091.3,2100.35,2099.65,2080.03,2074.1,2086.0,2087.0,2087.0,2083.0,2085.0
LUPIN,VWAP,,,,,,,,,,,2086.08,2088.25,2088.09,2087.86,2087.64
LUPIN,CASH VOL,533164,648814,102814,66.62,66.92,,,,,,36895,58519,72036,84750,121168
LUPIN,F&O VOL,20934,23030,,,,,,,,,1144,2511,3548,4984,5991
LUPIN,F&O OI,36329,37095,,,,,,,,,36610,36724,36854,37164,37317
LUPIN,CALL VOL,6161,9529,,,,,,,,,566,1027,,1615,1981
LUPIN,CALL OI,3286,3946,,,,,,,,,3456,3538,,3576,3678
LUPIN,PUT VOL,2931,7325,,,,,,,,,188,332,,574,759
LUPIN,PUT OI,3986,4193,,,,,,,,,3973,3970,,3943,3944
M&M,PRICE,2982.7,3035.0,,,,2965.0,3010.85,2992.08,3078.65,3060.88,2992.0,2989.0,2993.0,2993.0,2993.0
M&M,VWAP,,,,,,,,,,,2986.73,2988.56,2989.26,2990.16,2990.46
M&M,CASH VOL,1903721,2600352,688688,61.51,70.36,,,,,,192864,270962,345523,464536,498825
M&M,F&O VOL,103257,80725,,,,,,,,,9066,20411,24741,29060,30808
M&M,F&O OI,132163,133140,,,,,,,,,133565,137862,138121,138712,138998
M&M,CALL VOL,34558,38233,,,,,,,,,3779,6758,,10188,10515
M&M,CALL OI,14144,15146,,,,,,,,,14664,14797,,14645,14625
M&M,PUT VOL,22806,18437,,,,,,,,,2383,4575,,6479,6803
M&M,PUT OI,10423,11243,,,,,,,,,10491,10513,,10502,10496
MANAPPURAM,PRICE,324.95,320.4,,,,324.95,323.32,320.07,320.23,319.51,326.0,326.0,327.0,330.0,330.0
MANAPPURAM,VWAP,,,,,,,,,,,326.08,327.16,327.24,328.07,328.25
MANAPPURAM,CASH VOL,4674648,3801599,1746548,39.31,55.14,,,,,,258172,541430,676195,1081402,1181067
MANAPPURAM,F&O VOL,1639,696,,,,,,,,,65,169,272,853,1153
MANAPPURAM,F&O OI,33488,33945,,,,,,,,,33483,33438,33414,33541,33493
MANAPPURAM,CALL VOL,235,127,,,,,,,,,7,25,,83,124
MANAPPURAM,CALL OI,3544,3619,,,,,,,,,2911,3535,,3516,3478
MANAPPURAM,PUT VOL,39,11,,,,,,,,,1,10,,58,64
MANAPPURAM,PUT OI,2900,2914,,,,,,,,,2779,2895,,2882,2881
MANKIND,PRICE,2500.0,2465.0,,,,2488.3,2491.15,2473.45,2295.73,2285.8,2493.0,2493.0,2491.0,2487.0,2487.0
MANKIND,VWAP,,,,,,,,,,,2493.99,2495.16,2493.73,2493.4,2493.68
MANKIND,CASH VOL,447288,352575,100472,52.6,55.39,,,,,,22614,32622,41104,43648,62950
MANKIND,F&O VOL,33926,20989,,,,,,,,,2570,4428,6132,7875,8980
MANKIND,F&O OI,24471,24916,,,,,,,,,24707,24759,24854,25228,25374
MANKIND,CALL VOL,17174,9626,,,,,,,,,1476,2370,,3114,3600
MANKIND,CALL OI,3727,4460,,,,,,,,,3756,3753,,3245,3704
MANKIND,PUT VOL,4970,4565,,,,,,,,,381,716,,1086,1209
MANKIND,PUT OI,2161,2221,,,,,,,,,2207,2220,,2887,2230
MARICO,PRICE,824.55,832.3,,,,822.0,825.85,824.98,808.77,805.52,820.0,820.0,817.0,813.0,814.0
MARICO,VWAP,,,,,,,,,,,820.94,820.57,817.56,817.14,817.03
MARICO,CASH VOL,919851,836702,270123,63.37,61.83,,,,,,35024,45081,86341,98220,101372
MARICO,F&O VOL,18854,9112,,,,,,,,,984,1819,3145,4098,4575
MARICO,F&O OI,24589,25741,,,,,,,,,24694,24831,24895,25008,25099
MARICO,CALL VOL,5350,4200,,,,,,,,,262,468,,1073,1122
MARICO,CALL OI,3150,3351,,,,,,,,,3375,3365,,3099,3089
MARICO,PUT VOL,5199,2885,,,,,,,,,302,489,,952,1028
MARICO,PUT OI,3205,4033,,,,,,,,,3013,2979,,3007,2980
MARUTI,PRICE,11990.0,12230.0,,,,11997.0,12079.5,12019.83,12286.5,12164.17,12038.0,12063.0,12032.0,12047.0,12060.0
MARUTI,VWAP,,,,,,,,,,,12034.44,12043.31,12040.5,12041.33,12042.51
MARUTI,CASH VOL,393665,220483,136461,48.22,48.11,,,,,,11959,22837,29771,34416,36707
MARUTI,F&O VOL,207459,156749,,,,,,,,,15066,26718,34825,41246,44903
MARUTI,F&O OI,177099,176769,,,,,,,,,176919,176918,177452,177745,177916
MARUTI,CALL VOL,71648,50131,,,,,,,,,6748,12407,,18591,19263
MARUTI,CALL OI,17609,14801,,,,,,,,,19526,17383,,19586,17749
MARUTI,PUT VOL,47893,43633,,,,,,,,,3342,6049,,8534,9718
MARUTI,PUT OI,13715,14756,,,,,,,,,13551,13495,,13777,13580
MAXHEALTH,PRICE,1046.0,1059.9,,,,1050.0,1044.8,1042.4,1046.37,1040.5,1043.0,1044.0,1038.0,1026.0,1025.0
MAXHEALTH,VWAP,,,,,,,,,,,1045.52,1044.88,1040.87,1037.2,1034.29
MAXHEALTH,CASH VOL,2505137,1122755,336366,49.64,61.7,,,,,,74604,90646,129845,181386,225606
MAXHEALTH,F&O VOL,37632,14179,,,,,,,,,1063,2175,5246,8644,10669
MAXHEALTH,F&O OI,31111,32430,,,,,,,,,31285,31420,31671,32134,32313
MAXHEALTH,CALL VOL,9038,5968,,,,,,,,,308,589,,1788,2314
MAXHEALTH,CALL OI,3252,3495,,,,,,,,,3290,3260,,3102,3170
MAXHEALTH,PUT VOL,9025,4054,,,,,,,,,245,454,,3253,4070
MAXHEALTH,PUT OI,3172,3397,,,,,,,,,2972,2964,,3271,3265
MAZDOCK,PRICE,2202.0,2211.5,,,,2202.0,2205.5,2203.17,2273.82,2261.45,2201.0,2203.0,2196.0,2203.0,2202.0
MAZDOCK,VWAP,,,,,,,,,,,2204.97,2205.29,2202.72,2202.26,2201.87
MAZDOCK,CASH VOL,463672,373859,92143,32.0,38.82,,,,,,43729,69749,98578,128486,139845
MAZDOCK,F&O VOL,47380,24168,,,,,,,,,2182,5021,7560,10027,11514
MAZDOCK,F&O OI,61361,66668,,,,,,,,,61411,61716,61930,62035,62130
MAZDOCK,CALL VOL,18748,10250,,,,,,,,,971,2197,,3898,4236
MAZDOCK,CALL OI,9303,9999,,,,,,,,,9231,9486,,9390,9395
MAZDOCK,PUT VOL,4378,5343,,,,,,,,,235,431,,772,953
MAZDOCK,PUT OI,5749,5971,,,,,,,,,5785,5765,,5742,5667
MCX,PRICE,3427.7,3374.0,,,,3463.6,3423.15,3414.05,3235.25,3185.75,3459.0,3447.0,3396.0,3401.0,3396.0
MCX,VWAP,,,,,,,,,,,3454.63,3444.96,3431.33,3428.08,3423.84
MCX,CASH VOL,4133428,2249890,557786,32.03,41.58,,,,,,337525,521967,722475,801844,882265
MCX,F&O VOL,332182,202785,,,,,,,,,26052,45870,70682,81019,91379
MCX,F&O OI,94966,91890,,,,,,,,,98163,100520,100866,101932,101836
MCX,CALL VOL,157045,113307,,,,,,,,,13957,22214,,34374,38325
MCX,CALL OI,18397,19818,,,,,,,,,20484,20989,,21666,21598
MCX,PUT VOL,90107,44093,,,,,,,,,5915,10900,,23238,26563
MCX,PUT OI,14460,12697,,,,,,,,,13780,14866,,13999,13761
MFSL,PRICE,1410.0,1562.9,,,,1390.0,1404.98,1394.95,1538.87,1498.6,1441.0,1447.0,1418.0,1434.0,1435.0
MFSL,VWAP,,,,,,,,,,,1432.97,1439.47,1434.63,1434.21,1434.35
MFSL,CASH VOL,11421840,324133,3096709,50.37,69.42,,,,,,370992,790267,1131576,1220946,1295794
MFSL,F&O VOL,195243,5310,,,,,,,,,18121,41078,53283,59492,63109
MFSL,F&O OI,35585,23496,,,,,,,,,36268,39433,39504,39683,40008
MFSL,CALL VOL,60148,2096,,,,,,,,,7165,17318,,24238,25934
MFSL,CALL OI,4302,3649,,,,,,,,,4499,5464,,5928,6079
MFSL,PUT VOL,58128,1228,,,,,,,,,3884,10193,,15996,16860
MFSL,PUT OI,4210,2832,,,,,,,,,4331,5139,,5062,5145
MOTHERSON,PRICE,162.5,164.4,,,,162.6,163.65,162.88,162.02,160.91,163.0,163.0,162.0,162.0,162.0
MOTHERSON,VWAP,,,,,,,,,,,163.17,163.26,162.97,162.92,162.86
MOTHERSON,CASH VOL,22050862,7287266,6430089,68.35,48.84,,,,,,399296,586348,912351,1078166,1545986
MOTHERSON,F&O VOL,23333,16506,,,,,,,,,871,2350,4072,4844,5221
MOTHERSON,F&O OI,34494,35736,,,,,,,,,34780,35004,35236,35504,35596
MOTHERSON,CALL VOL,5586,6201,,,,,,,,,245,557,,1046,1110
MOTHERSON,CALL OI,3769,3988,,,,,,,,,3809,3815,,3776,3766
MOTHERSON,PUT VOL,4076,2874,,,,,,,,,118,245,,460,495
MOTHERSON,PUT OI,4213,4474,,,,,,,,,4221,4237,,4223,4218
MOTILALOFS,PRICE,1022.0,1042.5,,,,1020.0,1029.45,1024.48,1005.63,996.9,1035.0,1042.0,1033.0,1038.0,1038.0
MOTILALOFS,VWAP,,,,,,,,,,,1034.56,1039.24,1038.34,1038.67,1038.42
MOTILALOFS,CASH VOL,869276,2096581,145344,42.2,23.63,,,,,,88551,205816,251615,312561,342610
MOTILALOFS,F&O VOL,25250,69188,,,,,,,,,2508,7869,10585,12239,13463
MOTILALOFS,F&O OI,15537,16362,,,,,,,,,15566,16224,16431,16484,16790
MOTILALOFS,CALL VOL,10989,47502,,,,,,,,,1373,5623,,8105,8764
MOTILALOFS,CALL OI,4479,4744,,,,,,,,,4405,4899,,4903,5024
MOTILALOFS,PUT VOL,5896,14361,,,,,,,,,319,997,,1868,2005
MOTILALOFS,PUT OI,2205,2486,,,,,,,,,2179,2201,,2255,2225
MPHASIS,PRICE,2248.2,2259.0,,,,2235.0,2253.5,2249.97,2368.05,2322.95,2223.0,2217.0,2223.0,2232.0,2230.0
MPHASIS,VWAP,,,,,,,,,,,2224.49,2226.58,2226.1,2226.77,2226.86
MPHASIS,CASH VOL,151071,219169,59890,41.8,41.67,,,,,,25172,33690,42451,47241,48997
MPHASIS,F&O VOL,17764,13460,,,,,,,,,1962,3696,5303,6788,7610
MPHASIS,F&O OI,32423,32974,,,,,,,,,32756,33064,33500,33877,34097
MPHASIS,CALL VOL,4353,4734,,,,,,,,,574,957,,1416,1571
MPHASIS,CALL OI,3328,3808,,,,,,,,,3367,3335,,3306,3323
MPHASIS,PUT VOL,2740,3653,,,,,,,,,478,870,,1340,1398
MPHASIS,PUT OI,2750,2793,,,,,,,,,2684,2649,,2681,2665
MUTHOOTFIN,PRICE,2825.3,2856.5,,,,2830.0,2831.55,2827.38,2823.12,2787.15,2833.0,2829.0,2815.0,2820.0,2816.0
MUTHOOTFIN,VWAP,,,,,,,,,,,2833.73,2827.61,2823.9,2822.96,2822.32
MUTHOOTFIN,CASH VOL,460320,711064,74651,51.41,59.37,,,,,,16193,31038,42708,53224,59831
MUTHOOTFIN,F&O VOL,48264,26630,,,,,,,,,3281,5417,7088,9699,11150
MUTHOOTFIN,F&O OI,62530,64316,,,,,,,,,62728,63023,63004,63003,63163
MUTHOOTFIN,CALL VOL,12805,11836,,,,,,,,,2150,3200,,4256,4878
MUTHOOTFIN,CALL OI,10396,10880,,,,,,,,,13022,10496,,10294,10263
MUTHOOTFIN,PUT VOL,9896,6824,,,,,,,,,529,860,,1388,1594
MUTHOOTFIN,PUT OI,7319,7776,,,,,,,,,8220,7365,,7357,7347
NAM-INDIA,PRICE,1144.9,1165.0,,,,1144.0,1150.75,1146.85,1153.4,1150.2,1143.0,1142.0,1144.0,1145.0,1145.0
NAM-INDIA,VWAP,,,,,,,,,,,1142.14,1143.7,1143.98,1144.39,1144.22
NAM-INDIA,CASH VOL,985413,494842,669250,65.73,57.8,,,,,,28068,44276,52119,59047,65053
NAM-INDIA,F&O VOL,12067,7147,,,,,,,,,450,1470,1934,2412,2818
NAM-INDIA,F&O OI,20389,19673,,,,,,,,,20425,20711,20692,20762,20795
NAM-INDIA,CALL VOL,3160,3968,,,,,,,,,137,309,,615,765
NAM-INDIA,CALL OI,2002,1873,,,,,,,,,2013,2029,,2038,2026
NAM-INDIA,PUT VOL,2665,1673,,,,,,,,,130,222,,314,366
NAM-INDIA,PUT OI,1775,1704,,,,,,,,,1733,1690,,1696,1699
NATIONALUM,PRICE,358.4,363.45,,,,360.6,358.27,358.02,356.65,352.55,358.0,359.0,360.0,361.0,360.0
NATIONALUM,VWAP,,,,,,,,,,,358.35,359.55,360.07,360.23,360.23
NATIONALUM,CASH VOL,3247810,6249209,565973,43.0,57.51,,,,,,229188,398200,594959,678130,712696
NATIONALUM,F&O VOL,40339,48866,,,,,,,,,1815,4263,8688,10443,11360
NATIONALUM,F&O OI,52001,53428,,,,,,,,,52200,52571,53037,53142,53389
NATIONALUM,CALL VOL,16370,29520,,,,,,,,,910,2038,,4640,5069
NATIONALUM,CALL OI,12968,13889,,,,,,,,,12921,12872,,12748,12871
NATIONALUM,PUT VOL,9955,9390,,,,,,,,,231,655,,1621,1702
NATIONALUM,PUT OI,9110,9617,,,,,,,,,9113,9168,,9158,9152
NAUKRI,PRICE,1224.0,1297.0,,,,1216.4,1229.95,1225.98,1276.4,1259.6,1232.0,1227.0,1239.0,1239.0,1242.0
NAUKRI,VWAP,,,,,,,,,,,1228.48,1231.93,1233.04,1233.8,1234.16
NAUKRI,CASH VOL,3155710,1549637,1033852,50.89,56.94,,,,,,177677,295084,335102,368576,385206
NAUKRI,F&O VOL,84344,21731,,,,,,,,,3843,7934,10187,11926,12978
NAUKRI,F&O OI,40772,35848,,,,,,,,,40975,41301,41498,41718,41896
NAUKRI,CALL VOL,29253,9665,,,,,,,,,1600,3508,,5145,5497
NAUKRI,CALL OI,4551,3063,,,,,,,,,4486,4589,,4504,4527
NAUKRI,PUT VOL,22530,5806,,,,,,,,,1069,2197,,3122,3332
NAUKRI,PUT OI,3513,2608,,,,,,,,,3446,3454,,3492,3488
NBCC,PRICE,82.34,83.99,,,,82.23,82.75,82.48,82.27,82.0,81.0,81.0,81.0,82.0,82.0
NBCC,VWAP,,,,,,,,,,,81.98,82.01,81.95,82.01,82.01
NBCC,CASH VOL,4925562,5625306,1404366,43.51,43.89,,,,,,277306,502798,736759,997108,1050069
NBCC,F&O VOL,11284,9333,,,,,,,,,291,775,1877,2390,2581
NBCC,F&O OI,23350,23614,,,,,,,,,23366,23432,24200,24289,24288
NBCC,CALL VOL,3537,3994,,,,,,,,,162,276,,463,487
NBCC,CALL OI,3851,3915,,,,,,,,,3846,3838,,3824,3815
NBCC,PUT VOL,938,1281,,,,,,,,,18,37,,96,100
NBCC,PUT OI,1835,2051,,,,,,,,,1825,1820,,1820,1817
NESTLEIND,PRICE,1351.0,1387.2,,,,1357.0,1368.1,1356.7,1369.9,1364.9,1357.0,1358.0,1355.0,1354.0,1354.0
NESTLEIND,VWAP,,,,,,,,,,,1356.72,1356.34,1355.87,1355.57,1355.55
NESTLEIND,CASH VOL,800885,685984,336000,66.6,62.14,,,,,,47315,67174,77567,92968,97310
NESTLEIND,F&O VOL,24019,21842,,,,,,,,,1499,3007,4059,4948,5610
NESTLEIND,F&O OI,35533,36265,,,,,,,,,35715,35629,35783,35973,36081
NESTLEIND,CALL VOL,5401,6163,,,,,,,,,566,1073,,1516,1649
NESTLEIND,CALL OI,2914,2742,,,,,,,,,3118,2727,,2984,2696
NESTLEIND,PUT VOL,5367,5890,,,,,,,,,359,724,,1100,1248
NESTLEIND,PUT OI,3870,4740,,,,,,,,,3469,3881,,3462,3859
NHPC,PRICE,76.25,76.74,,,,76.17,76.27,76.26,76.64,76.03,76.0,76.0,75.0,75.0,75.0
NHPC,VWAP,,,,,,,,,,,76.1,76.05,76.0,75.99,75.99
NHPC,CASH VOL,8150246,6985170,2217932,53.63,54.72,,,,,,761417,995929,1142369,1312307,1395488
NHPC,F&O VOL,16531,8288,,,,,,,,,1387,2531,3560,4515,4932
NHPC,F&O OI,31230,31412,,,,,,,,,31510,31680,31902,32087,32249
NHPC,CALL VOL,2218,4045,,,,,,,,,592,755,,924,942
NHPC,CALL OI,2733,3039,,,,,,,,,2747,2745,,2730,2728
NHPC,PUT VOL,1409,1055,,,,,,,,,46,181,,278,288
NHPC,PUT OI,2247,2201,,,,,,,,,2242,2268,,2263,2261
NMDC,PRICE,80.82,82.0,,,,80.76,81.44,81.03,81.02,79.77,80.0,80.0,80.0,80.0,80.0
NMDC,VWAP,,,,,,,,,,,80.73,80.76,80.73,80.76,80.75
NMDC,CASH VOL,5166455,11699092,1515088,50.62,46.35,,,,,,510261,772827,894944,1770630,1867067
NMDC,F&O VOL,17592,25769,,,,,,,,,1216,2411,3727,4970,5559
NMDC,F&O OI,76257,77477,,,,,,,,,76403,76724,76826,77098,77263
NMDC,CALL VOL,2826,9331,,,,,,,,,213,446,,903,968
NMDC,CALL OI,4269,4423,,,,,,,,,4268,4267,,4277,4279
NMDC,PUT VOL,1743,3910,,,,,,,,,103,191,,443,462
NMDC,PUT OI,3241,3619,,,,,,,,,3224,3191,,3170,3173
NTPC,PRICE,326.6,326.0,,,,327.3,326.42,326.05,328.48,325.26,326.0,325.0,325.0,325.0,325.0
NTPC,VWAP,,,,,,,,,,,326.07,325.69,325.53,325.55,325.56
NTPC,CASH VOL,7662580,10525477,2592387,62.88,61.9,,,,,,249737,433319,629790,764088,793089
NTPC,F&O VOL,46663,27622,,,,,,,,,2070,4979,7268,10030,11289
NTPC,F&O OI,110335,111712,,,,,,,,,110541,111398,111887,113084,113583
NTPC,CALL VOL,10643,11332,,,,,,,,,793,1740,,3099,3153
NTPC,CALL OI,18549,18718,,,,,,,,,18292,18413,,18470,18463
NTPC,PUT VOL,4566,5206,,,,,,,,,463,755,,1476,1541
NTPC,PUT OI,7520,7759,,,,,,,,,7583,7593,,7643,7648
NYKAA,PRICE,335.3,340.85,,,,335.5,338.48,336.36,334.42,332.91,334.0,333.0,332.0,333.0,332.0
NYKAA,VWAP,,,,,,,,,,,334.66,334.56,333.88,333.65,333.63
NYKAA,CASH VOL,3775285,2246914,865851,52.35,65.66,,,,,,199816,265459,358127,430317,441860
NYKAA,F&O VOL,17979,8263,,,,,,,,,1044,1759,2515,3240,3531
NYKAA,F&O OI,17254,17172,,,,,,,,,17525,17676,17773,17968,18094
NYKAA,CALL VOL,6934,3991,,,,,,,,,341,641,,1054,1109
NYKAA,CALL OI,2299,2370,,,,,,,,,2405,2441,,2451,2468
NYKAA,PUT VOL,3145,2153,,,,,,,,,192,289,,582,603
NYKAA,PUT OI,1831,1983,,,,,,,,,1838,1828,,1743,1746
OBEROIRLTY,PRICE,1837.5,1850.0,,,,1837.5,1844.85,1839.95,1764.17,1722.5,1855.0,1852.0,1853.0,1861.0,1863.0
OBEROIRLTY,VWAP,,,,,,,,,,,1854.55,1851.65,1851.76,1853.53,1853.89
OBEROIRLTY,CASH VOL,468799,389012,125345,51.57,49.72,,,,,,43824,61277,88952,103320,107314
OBEROIRLTY,F&O VOL,24073,16236,,,,,,,,,2666,3877,5118,6561,7132
OBEROIRLTY,F&O OI,25495,26764,,,,,,,,,25839,25561,25538,25465,25497
OBEROIRLTY,CALL VOL,7883,6832,,,,,,,,,1374,1934,,2951,3113
OBEROIRLTY,CALL OI,3570,3961,,,,,,,,,3727,3651,,3561,3553
OBEROIRLTY,PUT VOL,4246,3545,,,,,,,,,617,845,,1512,1573
OBEROIRLTY,PUT OI,2185,2315,,,,,,,,,2141,2085,,1978,1977
OFSS,PRICE,10925.0,10849.0,,,,10782.0,10882.5,10797.5,11839.83,11727.5,10639.0,10564.0,10486.0,10391.0,10369.0
OFSS,VWAP,,,,,,,,,,,10655.11,10602.64,10541.24,10513.06,10506.09
OFSS,CASH VOL,142508,174209,36582,33.98,40.72,,,,,,51779,107798,164840,206411,217081
OFSS,F&O VOL,45673,55103,,,,,,,,,21745,46894,77441,94238,99243
OFSS,F&O OI,42772,46440,,,,,,,,,46196,47928,49799,50210,50661
OFSS,CALL VOL,14489,14894,,,,,,,,,3055,7367,,12653,13621
OFSS,CALL OI,912,4815,,,,,,,,,3300,3160,,2439,2659
OFSS,PUT VOL,9638,12582,,,,,,,,,10617,27047,,47207,48943
OFSS,PUT OI,2696,4257,,,,,,,,,4982,5642,,5060,5184
OIL,PRICE,479.0,470.0,,,,476.0,477.36,474.07,483.2,478.2,472.0,473.0,475.0,474.0,474.0
OIL,VWAP,,,,,,,,,,,473.63,473.7,474.25,474.27,474.3
OIL,CASH VOL,1490649,711993,497445,27.64,52.31,,,,,,92134,152626,253417,273147,281202
OIL,F&O VOL,18207,8044,,,,,,,,,1070,1995,3226,3889,4139
OIL,F&O OI,22134,21835,,,,,,,,,22273,22356,22561,22711,22719
OIL,CALL VOL,7449,3172,,,,,,,,,504,884,,1341,1384
OIL,CALL OI,3485,3599,,,,,,,,,3494,3464,,3452,3425
OIL,PUT VOL,2391,2318,,,,,,,,,195,306,,464,481
OIL,PUT OI,2304,2530,,,,,,,,,2355,2360,,2338,2334
ONGC,PRICE,239.0,236.9,,,,238.0,238.37,237.12,234.03,233.21,235.0,236.0,236.0,236.0,236.0
ONGC,VWAP,,,,,,,,,,,236.34,236.37,236.41,236.43,236.43
ONGC,CASH VOL,8493746,8913385,3635339,62.42,71.59,,,,,,832425,1127858,1329873,1497201,1573462
ONGC,F&O VOL,55687,34567,,,,,,,,,7627,12029,15119,17312,18505
ONGC,F&O OI,68100,67485,,,,,,,,,68735,68415,68875,69006,69189
ONGC,CALL VOL,28391,18418,,,,,,,,,4075,6377,,8490,9088
ONGC,CALL OI,22595,22620,,,,,,,,,20100,22620,,22735,22859
ONGC,PUT VOL,10483,8583,,,,,,,,,1904,2774,,3802,3908
ONGC,PUT OI,6856,7515,,,,,,,,,6882,6817,,6744,6740
PAGEIND,PRICE,37500.0,37340.0,,,,37350.0,37452.5,37357.5,36000.0,35200.0,37565.0,37515.0,37470.0,37680.0,37730.0
PAGEIND,VWAP,,,,,,,,,,,37580.98,37516.6,37497.85,37536.35,37544.11
PAGEIND,CASH VOL,16407,17565,4370,31.21,20.56,,,,,,1201,2308,3675,4754,5083
PAGEIND,F&O VOL,34372,35018,,,,,,,,,1746,3195,4902,8208,8879
PAGEIND,F&O OI,21169,22341,,,,,,,,,21335,21412,21688,21534,21576
PAGEIND,CALL VOL,9054,15900,,,,,,,,,534,935,,2344,2528
PAGEIND,CALL OI,3772,4407,,,,,,,,,3818,3929,,3792,3771
PAGEIND,PUT VOL,6701,7338,,,,,,,,,290,579,,1349,1478
PAGEIND,PUT OI,1986,2175,,,,,,,,,1920,1844,,1939,1905
PATANJALI,PRICE,404.85,409.45,,,,404.85,406.25,405.32,361.86,351.57,407.0,407.0,404.0,405.0,405.0
PATANJALI,VWAP,,,,,,,,,,,406.35,406.45,405.56,405.61,405.57
PATANJALI,CASH VOL,3161150,4117507,533561,27.42,20.11,,,,,,151451,286946,458851,577411,616782
PATANJALI,F&O VOL,63165,84341,,,,,,,,,2341,4558,7381,9826,10414
PATANJALI,F&O OI,68904,75163,,,,,,,,,69211,69132,69057,69258,69163
PATANJALI,CALL VOL,18054,39451,,,,,,,,,993,1915,,4073,4350
PATANJALI,CALL OI,8795,11325,,,,,,,,,8930,8865,,8704,8604
PATANJALI,PUT VOL,15593,24145,,,,,,,,,455,1062,,1817,1916
PATANJALI,PUT OI,6149,8911,,,,,,,,,6111,6135,,6090,6086
PAYTM,PRICE,1735.5,1775.0,,,,1732.5,1757.5,1742.83,1830.85,1792.75,1734.0,1717.0,1676.0,1691.0,1686.0
PAYTM,VWAP,,,,,,,,,,,1727.41,1711.39,1699.45,1697.33,1696.73
PAYTM,CASH VOL,3538274,2410487,625376,54.24,44.73,,,,,,185948,631343,944247,1118321,1180902
PAYTM,F&O VOL,118549,86184,,,,,,,,,7378,31924,58638,70304,74042
PAYTM,F&O OI,64756,65940,,,,,,,,,65064,66756,68444,69563,69928
PAYTM,CALL VOL,17472,10182,,,,,,,,,2838,6716,,16242,17059
PAYTM,CALL OI,7061,6990,,,,,,,,,11613,8037,,8720,8714
PAYTM,PUT VOL,43809,25029,,,,,,,,,2005,14642,,29996,31383
PAYTM,PUT OI,10386,11105,,,,,,,,,10473,10698,,11008,11065
PERSISTENT,PRICE,5277.0,5240.0,,,,5277.0,5273.5,5266.5,5574.0,5468.67,5240.0,5260.0,5282.0,5294.0,5300.0
PERSISTENT,VWAP,,,,,,,,,,,5250.05,5289.55,5287.35,5287.09,5287.64
PERSISTENT,CASH VOL,411640,388889,99049,33.71,34.75,,,,,,23400,83881,98688,107022,112180
PERSISTENT,F&O VOL,92053,87981,,,,,,,,,5421,11689,15236,18504,19827
PERSISTENT,F&O OI,59902,62976,,,,,,,,,60210,60514,61247,61989,62352
PERSISTENT,CALL VOL,41041,40862,,,,,,,,,2382,5212,,7323,7814
PERSISTENT,CALL OI,13521,15526,,,,,,,,,13678,13488,,13770,13852
PERSISTENT,PUT VOL,23071,31003,,,,,,,,,1824,3496,,5179,5413
PERSISTENT,PUT OI,8890,9325,,,,,,,,,8733,8922,,8812,8828
PETRONET,PRICE,286.6,285.85,,,,285.35,286.3,285.7,290.21,285.43,283.0,283.0,283.0,285.0,285.0
PETRONET,VWAP,,,,,,,,,,,284.48,284.36,284.24,284.36,284.44
PETRONET,CASH VOL,1049770,1300396,295152,49.98,62.49,,,,,,151119,219712,270326,332098,362302
PETRONET,F&O VOL,11141,8580,,,,,,,,,729,1220,1814,2682,3005
PETRONET,F&O OI,24173,24650,,,,,,,,,24334,24288,24358,24636,24694
PETRONET,CALL VOL,1867,2681,,,,,,,,,210,282,,476,543
PETRONET,CALL OI,4018,4318,,,,,,,,,3990,3983,,3967,3958
PETRONET,PUT VOL,754,823,,,,,,,,,41,95,,493,535
PETRONET,PUT OI,2163,2204,,,,,,,,,2160,2159,,2322,2330
PFC,PRICE,339.35,346.0,,,,340.0,341.55,340.08,347.93,344.34,338.0,338.0,337.0,338.0,338.0
PFC,VWAP,,,,,,,,,,,338.22,337.97,337.73,337.78,337.8
PFC,CASH VOL,7953489,11150266,1605890,64.08,67.05,,,,,,437637,778953,989774,1355318,1455311
PFC,F&O VOL,54116,69818,,,,,,,,,2769,5569,7680,11296,12320
PFC,F&O OI,123034,124222,,,,,,,,,123522,123798,124184,124245,124251
PFC,CALL VOL,14175,17579,,,,,,,,,834,1687,,3035,3228
PFC,CALL OI,8306,9487,,,,,,,,,8405,7495,,8338,8322
PFC,PUT VOL,8351,10088,,,,,,,,,504,964,,1713,1824
PFC,PUT OI,7419,9077,,,,,,,,,7424,6774,,7300,7262
PGEL,PRICE,514.45,521.15,,,,513.6,518.38,515.76,529.1,529.0,515.0,514.0,513.0,516.0,516.0
PGEL,VWAP,,,,,,,,,,,515.5,515.52,514.66,514.77,514.88
PGEL,CASH VOL,732431,546381,179965,25.09,37.93,,,,,,44778,84417,124146,147909,158697
PGEL,F&O VOL,13186,7319,,,,,,,,,604,1170,2036,2992,3637
PGEL,F&O OI,24785,24964,,,,,,,,,24948,24911,24992,25124,25203
PGEL,CALL VOL,3443,2880,,,,,,,,,155,258,,494,663
PGEL,CALL OI,3678,3789,,,,,,,,,3692,3257,,3703,3695
PGEL,PUT VOL,2541,1536,,,,,,,,,104,189,,777,876
PGEL,PUT OI,2764,2751,,,,,,,,,2769,2659,,2719,2691
PHOENIXLTD,PRICE,1955.0,1993.2,,,,1944.2,1991.8,1967.27,1875.83,1871.7,1965.0,1961.0,1960.0,1967.0,1966.0
PHOENIXLTD,VWAP,,,,,,,,,,,1953.42,1955.79,1956.42,1958.37,1958.77
PHOENIXLTD,CASH VOL,558988,639296,142979,48.24,55.73,,,,,,20732,31230,36420,42499,44322
PHOENIXLTD,F&O VOL,32702,24790,,,,,,,,,889,1516,2236,3425,3919
PHOENIXLTD,F&O OI,16780,16424,,,,,,,,,16933,16999,17067,17334,17369
PHOENIXLTD,CALL VOL,13208,14026,,,,,,,,,356,539,,968,1115
PHOENIXLTD,CALL OI,2067,1707,,,,,,,,,2137,2157,,2199,2173
PHOENIXLTD,PUT VOL,7669,6398,,,,,,,,,272,405,,771,894
PHOENIXLTD,PUT OI,1980,1854,,,,,,,,,1953,1925,,2007,1985
PIDILITIND,PRICE,1522.0,1588.1,,,,1525.0,1548.25,1530.75,1568.07,1560.0,1512.0,1512.0,1504.0,1500.0,1504.0
PIDILITIND,VWAP,,,,,,,,,,,1513.56,1511.77,1507.46,1505.05,1504.81
PIDILITIND,CASH VOL,1259222,536262,530551,56.83,58.88,,,,,,33750,58327,91959,133381,149791
PIDILITIND,F&O VOL,26531,5573,,,,,,,,,2395,5692,7792,11858,12891
PIDILITIND,F&O OI,17482,16437,,,,,,,,,17997,18416,18888,20195,20344
PIDILITIND,CALL VOL,6058,1360,,,,,,,,,378,1211,,2224,2380
PIDILITIND,CALL OI,1718,978,,,,,,,,,1858,1860,,1927,1956
PIDILITIND,PUT VOL,8523,1221,,,,,,,,,1522,3338,,5576,6034
PIDILITIND,PUT OI,2343,1751,,,,,,,,,2755,2707,,2930,2849
PIIND,PRICE,2393.5,2386.0,,,,2388.6,2391.55,2387.65,2343.53,2297.0,2369.0,2377.0,2367.0,2396.0,2398.0
PIIND,VWAP,,,,,,,,,,,2370.59,2371.46,2370.02,2381.1,2385.54
PIIND,CASH VOL,115568,102874,39819,40.36,37.68,,,,,,6977,10979,15013,30592,41519
PIIND,F&O VOL,40560,28738,,,,,,,,,3191,4977,7237,10906,11904
PIIND,F&O OI,48596,53369,,,,,,,,,49718,49493,49924,50158,50388
PIIND,CALL VOL,13339,17051,,,,,,,,,757,1230,,3262,3598
PIIND,CALL OI,9270,10357,,,,,,,,,9276,8905,,8832,8852
PIIND,PUT VOL,5193,6036,,,,,,,,,529,743,,1761,1989
PIIND,PUT OI,5605,5957,,,,,,,,,5632,5740,,5577,5592
PNB,PRICE,117.12,118.3,,,,117.12,117.87,117.37,117.19,117.02,117.0,117.0,116.0,116.0,116.0
PNB,VWAP,,,,,,,,,,,117.44,117.1,116.97,116.94,116.93
PNB,CASH VOL,10755825,12840968,2478972,41.56,53.46,,,,,,1071615,1940360,2376941,3003977,3242131
PNB,F&O VOL,31366,22625,,,,,,,,,1664,4667,6717,9100,9858
PNB,F&O OI,50326,50299,,,,,,,,,50676,50949,51112,51536,51737
PNB,CALL VOL,7696,8823,,,,,,,,,465,1544,,2932,3046
PNB,CALL OI,5269,5375,,,,,,,,,5282,5383,,5328,5318
PNB,PUT VOL,7381,5666,,,,,,,,,315,1151,,2067,2193
PNB,PUT OI,4119,4858,,,,,,,,,4120,4065,,3923,3911
PNBHOUSING,PRICE,1094.5,1138.5,,,,1090.0,1110.4,1099.8,1138.65,1134.95,1101.0,1097.0,1086.0,1089.0,1089.0
PNBHOUSING,VWAP,,,,,,,,,,,1098.62,1095.46,1090.0,1089.7,1089.62
PNBHOUSING,CASH VOL,598730,896182,137631,37.98,60.27,,,,,,17719,31845,58298,65636,69174
PNBHOUSING,F&O VOL,24745,10311,,,,,,,,,995,1665,3704,4412,4676
PNBHOUSING,F&O OI,25105,25312,,,,,,,,,25245,25347,25838,25835,25852
PNBHOUSING,CALL VOL,5901,3257,,,,,,,,,522,756,,1373,1433
PNBHOUSING,CALL OI,2309,2144,,,,,,,,,3416,2399,,2501,2490
PNBHOUSING,PUT VOL,7903,2257,,,,,,,,,172,308,,1185,1223
PNBHOUSING,PUT OI,2309,2281,,,,,,,,,2480,2285,,2339,2326
POLICYBZR,PRICE,1207.2,1886.3,,,,1160.0,1452.45,1288.95,1778.55,1754.85,1247.0,1245.0,1178.0,1156.0,1147.0
POLICYBZR,VWAP,,,,,,,,,,,1231.01,1219.65,1212.48,1201.69,1197.56
POLICYBZR,CASH VOL,27348784,2477939,23943064,59.32,54.17,,,,,,10924446,15100136,17517852,20681408,22601304
POLICYBZR,F&O VOL,610719,126748,,,,,,,,,183722,342398,437605,537857,578835
POLICYBZR,F&O OI,132387,48099,,,,,,,,,162280,178336,184956,195075,198080
POLICYBZR,CALL VOL,13140,,,,,,,,,,40922,43294,,69929,77138
POLICYBZR,CALL OI,3010,,,,,,,,,,11035,8960,,11788,12288
POLICYBZR,PUT VOL,109181,,,,,,,,,,26615,89375,,152892,164143
POLICYBZR,PUT OI,14099,,,,,,,,,,11927,15839,,16492,17160
POLYCAB,PRICE,8366.5,8417.0,,,,8394.0,8372.0,8368.33,8345.33,8236.0,8358.0,8401.0,8395.0,8394.0,8401.0
POLYCAB,VWAP,,,,,,,,,,,8393.76,8414.11,8411.39,8410.49,8409.69
POLYCAB,CASH VOL,237772,226275,71289,48.02,62.43,,,,,,34427,57209,67028,74279,80201
POLYCAB,F&O VOL,34321,34058,,,,,,,,,3203,9732,12664,14639,16202
POLYCAB,F&O OI,50741,53618,,,,,,,,,51042,50931,51141,51351,51529
POLYCAB,CALL VOL,10610,15113,,,,,,,,,1474,4535,,6394,6839
POLYCAB,CALL OI,8000,8823,,,,,,,,,8080,8164,,8316,8359
POLYCAB,PUT VOL,7895,9474,,,,,,,,,611,2069,,2920,3335
POLYCAB,PUT OI,7479,8282,,,,,,,,,7497,7636,,7582,7521
POWERGRID,PRICE,266.4,270.2,,,,268.7,268.32,267.04,269.05,266.55,268.0,269.0,268.0,268.0,268.0
POWERGRID,VWAP,,,,,,,,,,,268.48,268.67,268.59,268.61,268.64
POWERGRID,CASH VOL,8968993,6114433,3693133,63.66,67.19,,,,,,660288,870941,1027158,1150957,1284631
POWERGRID,F&O VOL,46162,24552,,,,,,,,,5188,8735,12372,14917,16057
POWERGRID,F&O OI,64203,64692,,,,,,,,,64837,65297,66632,67373,67828
POWERGRID,CALL VOL,15592,11989,,,,,,,,,2733,4529,,6026,6230
POWERGRID,CALL OI,10038,9879,,,,,,,,,9948,9755,,9840,10056
POWERGRID,PUT VOL,5224,5555,,,,,,,,,564,1070,,2020,2048
POWERGRID,PUT OI,4514,5171,,,,,,,,,4495,4878,,4908,4475
POWERINDIA,PRICE,30715.0,31150.0,,,,30995.0,30935.0,30788.33,32190.83,31172.5,31310.0,31325.0,31265.0,31245.0,31265.0
POWERINDIA,VWAP,,,,,,,,,,,31189.45,31246.13,31256.41,31252.33,31252.19
POWERINDIA,CASH VOL,65076,67887,16691,50.41,49.29,,,,,,14210,20443,27046,37152,38183
POWERINDIA,F&O VOL,49165,43510,,,,,,,,,18210,27823,36069,44208,45701
POWERINDIA,F&O OI,63879,62244,,,,,,,,,65088,65520,65797,65607,65814
POWERINDIA,CALL VOL,19690,21208,,,,,,,,,12623,19792,,29269,30129
POWERINDIA,CALL OI,14146,14505,,,,,,,,,14726,15013,,14921,15039
POWERINDIA,PUT VOL,12360,10953,,,,,,,,,2759,3754,,7083,7560
POWERINDIA,PUT OI,8247,8263,,,,,,,,,8586,8620,,8650,8702
PREMIERENE,PRICE,898.0,915.0,,,,894.0,897.83,897.5,925.55,909.85,894.0,894.0,887.0,892.0,891.0
PREMIERENE,VWAP,,,,,,,,,,,893.69,893.71,890.92,891.17,891.15
PREMIERENE,CASH VOL,1038026,930143,587906,44.48,47.9,,,,,,33718,49704,96377,111497,121427
PREMIERENE,F&O VOL,20108,16691,,,,,,,,,818,1897,2979,3526,3790
PREMIERENE,F&O OI,36717,35915,,,,,,,,,36749,36762,36773,36661,36607
PREMIERENE,CALL VOL,6015,6751,,,,,,,,,346,572,,974,1011
PREMIERENE,CALL OI,7792,7517,,,,,,,,,7803,6144,,7734,7734
PREMIERENE,PUT VOL,3000,2890,,,,,,,,,145,374,,597,617
PREMIERENE,PUT OI,5382,5434,,,,,,,,,5360,4681,,5314,5309
PRESTIGE,PRICE,1475.0,1490.0,,,,1470.0,1479.45,1476.48,1462.0,1444.07,1482.0,1480.0,1470.0,1472.0,1475.0
PRESTIGE,VWAP,,,,,,,,,,,1480.17,1476.34,1475.67,1475.52,1475.42
PRESTIGE,CASH VOL,286757,141420,203114,63.69,38.17,,,,,,12627,32100,35428,38014,40615
PRESTIGE,F&O VOL,13612,9797,,,,,,,,,769,1668,2790,3693,4230
PRESTIGE,F&O OI,24189,24381,,,,,,,,,24344,24506,24464,24620,24735
PRESTIGE,CALL VOL,3534,5121,,,,,,,,,215,435,,935,1023
PRESTIGE,CALL OI,3032,3166,,,,,,,,,3004,3060,,3002,3004
PRESTIGE,PUT VOL,1656,1719,,,,,,,,,134,302,,610,652
PRESTIGE,PUT OI,3314,3289,,,,,,,,,3319,3301,,3278,3273
RADICO,PRICE,4481.3,4601.9,,,,4494.9,4536.55,4499.72,4495.97,4417.1,4559.0,4564.0,4554.0,4556.0,4554.0
RADICO,VWAP,,,,,,,,,,,4546.36,4566.41,4563.0,4562.83,4562.44
RADICO,CASH VOL,227909,528324,66832,57.55,38.12,,,,,,31658,59672,89153,95817,99120
RADICO,F&O VOL,23631,81278,,,,,,,,,4720,13159,18696,21243,22216
RADICO,F&O OI,17873,18996,,,,,,,,,18192,18580,19091,19425,19585
RADICO,CALL VOL,10357,54099,,,,,,,,,3414,9856,,14707,15178
RADICO,CALL OI,5622,6048,,,,,,,,,5169,5906,,6302,6392
RADICO,PUT VOL,6057,16569,,,,,,,,,490,1689,,3202,3527
RADICO,PUT OI,2738,3363,,,,,,,,,2375,2849,,2922,2942
RBLBANK,PRICE,412.75,428.0,,,,412.6,416.15,413.88,412.58,405.92,414.0,411.0,409.0,411.0,412.0
RBLBANK,VWAP,,,,,,,,,,,413.39,412.43,411.78,411.76,411.8
RBLBANK,CASH VOL,7315903,3651779,1100369,36.19,34.04,,,,,,231557,347449,447919,605960,641731
RBLBANK,F&O VOL,53551,35055,,,,,,,,,1485,2901,4295,5415,5948
RBLBANK,F&O OI,30805,31932,,,,,,,,,30903,30990,31020,31056,31145
RBLBANK,CALL VOL,17128,13825,,,,,,,,,538,993,,1665,1778
RBLBANK,CALL OI,5126,5304,,,,,,,,,5110,5092,,5099,5133
RBLBANK,PUT VOL,17425,9469,,,,,,,,,301,618,,1121,1175
RBLBANK,PUT OI,4094,5536,,,,,,,,,4093,4062,,4043,4038
RECLTD,PRICE,308.25,311.5,,,,309.2,309.02,308.51,312.0,312.0,308.0,308.0,308.0,310.0,310.0
RECLTD,VWAP,,,,,,,,,,,308.22,308.31,308.37,309.0,309.04
RECLTD,CASH VOL,5871620,5448840,1345149,53.79,53.05,,,,,,299155,395530,473730,760786,786278
RECLTD,F&O VOL,42955,29315,,,,,,,,,1885,3906,5583,8835,9771
RECLTD,F&O OI,62908,61326,,,,,,,,,63290,63691,63897,64023,64242
RECLTD,CALL VOL,8950,10299,,,,,,,,,442,944,,2222,2325
RECLTD,CALL OI,6863,7191,,,,,,,,,6829,6821,,6625,6633
RECLTD,PUT VOL,5892,5916,,,,,,,,,185,337,,1114,1240
RECLTD,PUT OI,5230,5612,,,,,,,,,5249,5255,,5202,5249
RELIANCE,PRICE,1219.2,1248.0,,,,1210.5,1230.4,1222.93,1242.9,1231.9,1219.0,1223.0,1220.0,1220.0,1220.0
RELIANCE,VWAP,,,,,,,,,,,1219.93,1221.18,1220.69,1220.53,1220.54
RELIANCE,CASH VOL,13923795,8352048,4058416,61.28,66.75,,,,,,1811856,2351169,3171672,4164021,4471100
RELIANCE,F&O VOL,554821,319985,,,,,,,,,39520,73220,102098,140903,163460
RELIANCE,F&O OI,655832,640214,,,,,,,,,659582,661434,664609,677708,688539
RELIANCE,CALL VOL,170963,90822,,,,,,,,,13448,25872,,45077,50030
RELIANCE,CALL OI,38980,30720,,,,,,,,,39075,39287,,39178,39121
RELIANCE,PUT VOL,106260,63567,,,,,,,,,8914,16606,,28208,30744
RELIANCE,PUT OI,31131,33636,,,,,,,,,30609,30497,,30146,30202
RVNL,PRICE,206.0,211.77,,,,206.0,207.68,206.56,211.1,204.72,204.0,204.0,205.0,206.0,206.0
RVNL,VWAP,,,,,,,,,,,204.67,204.76,204.85,205.2,205.31
RVNL,CASH VOL,2862163,2894169,716512,34.83,32.65,,,,,,270076,455894,581795,762718,825666
RVNL,F&O VOL,27456,21013,,,,,,,,,1818,3684,5391,7288,8403
RVNL,F&O OI,47500,49589,,,,,,,,,47562,47362,47209,47023,47141
RVNL,CALL VOL,7886,10314,,,,,,,,,649,1306,,2386,2705
RVNL,CALL OI,10807,10976,,,,,,,,,10889,10693,,10491,10549
RVNL,PUT VOL,5791,3795,,,,,,,,,418,723,,1113,1222
RVNL,PUT OI,6366,7004,,,,,,,,,6324,6359,,6365,6405
SAIL,PRICE,184.0,185.44,,,,184.64,186.75,184.92,176.64,175.25,184.0,183.0,183.0,185.0,184.0
SAIL,VWAP,,,,,,,,,,,184.17,184.08,184.18,184.35,184.35
SAIL,CASH VOL,24815644,41615771,3157144,30.2,43.7,,,,,,1562092,2058747,3058153,3717984,3894192
SAIL,F&O VOL,2063,2419,,,,,,,,,35,90,721,1189,1264
SAIL,F&O OI,47467,48357,,,,,,,,,47464,47454,47451,47302,47280
SAIL,CALL VOL,92,21,,,,,,,,,0,0,,34,34
SAIL,CALL OI,1684,1707,,,,,,,,,1684,1719,,1684,1684
SAIL,PUT VOL,47,126,,,,,,,,,1,1,,35,35
SAIL,PUT OI,2287,2292,,,,,,,,,2287,2795,,2295,2295
SBICARD,PRICE,618.4,635.0,,,,617.0,629.25,622.02,645.49,634.17,615.0,614.0,612.0,617.0,616.0
SBICARD,VWAP,,,,,,,,,,,616.02,614.59,614.31,614.69,614.82
SBICARD,CASH VOL,1184379,461549,334428,44.32,55.35,,,,,,113487,211625,267507,307328,326243
SBICARD,F&O VOL,40920,12206,,,,,,,,,2458,5454,7441,9547,10447
SBICARD,F&O OI,49694,49181,,,,,,,,,49967,50169,50459,50757,50923
SBICARD,CALL VOL,11215,3395,,,,,,,,,586,1198,,2047,2196
SBICARD,CALL OI,5662,5759,,,,,,,,,4834,4917,,5617,5617
SBICARD,PUT VOL,8288,2306,,,,,,,,,635,1606,,2240,2343
SBICARD,PUT OI,5555,5629,,,,,,,,,5496,5504,,5648,5649
SBILIFE,PRICE,1755.0,1760.0,,,,1755.0,1751.88,1745.65,1724.67,1712.0,1749.0,1749.0,1736.0,1747.0,1749.0
SBILIFE,VWAP,,,,,,,,,,,1749.63,1747.94,1744.58,1745.08,1746.17
SBILIFE,CASH VOL,3449627,513341,371576,51.66,66.76,,,,,,86707,124990,176061,220629,266557
SBILIFE,F&O VOL,128056,14677,,,,,,,,,4569,8231,12628,14807,16289
SBILIFE,F&O OI,41862,38288,,,,,,,,,42389,42619,42639,42969,43319
SBILIFE,CALL VOL,56868,7609,,,,,,,,,1742,2927,,4871,5313
SBILIFE,CALL OI,8948,7921,,,,,,,,,9394,9194,,8877,8843
SBILIFE,PUT VOL,44087,4064,,,,,,,,,1712,3363,,6198,6726
SBILIFE,PUT OI,6584,5802,,,,,,,,,5681,6413,,6399,6479
SBIN,PRICE,978.5,994.1,,,,980.8,983.9,980.3,992.28,984.45,984.0,984.0,981.0,982.0,982.0
SBIN,VWAP,,,,,,,,,,,983.77,983.2,982.27,982.26,982.16
SBIN,CASH VOL,13724672,4522248,1469192,72.41,58.47,,,,,,347252,568482,856349,1038989,1120460
SBIN,F&O VOL,263549,155574,,,,,,,,,12849,30881,53915,64763,72489
SBIN,F&O OI,303819,300129,,,,,,,,,304770,304697,312212,312960,316362
SBIN,CALL VOL,85871,59336,,,,,,,,,4580,12140,,23192,24988
SBIN,CALL OI,29844,30554,,,,,,,,,29738,29936,,29635,29650
SBIN,PUT VOL,71547,39876,,,,,,,,,3544,8069,,15366,16483
SBIN,PUT OI,26722,29888,,,,,,,,,27273,26962,,26681,26645
SHREECEM,PRICE,22350.0,22500.0,,,,22350.0,22447.5,22382.5,22510.83,22332.5,22335.0,22350.0,22335.0,22475.0,22425.0
SHREECEM,VWAP,,,,,,,,,,,22362.11,22342.51,22334.72,22364.26,22368.18
SHREECEM,CASH VOL,17131,10207,3135,33.69,49.12,,,,,,728,1098,1443,2093,2309
SHREECEM,F&O VOL,40300,11987,,,,,,,,,967,1865,2751,4002,5525
SHREECEM,F&O OI,28357,28767,,,,,,,,,28736,28901,29137,29600,30389
SHREECEM,CALL VOL,10924,5018,,,,,,,,,151,305,,636,674
SHREECEM,CALL OI,2258,2892,,,,,,,,,2295,2299,,2442,2315
SHREECEM,PUT VOL,5578,2313,,,,,,,,,75,158,,378,570
SHREECEM,PUT OI,1698,1910,,,,,,,,,1707,1694,,1524,1718
SHRIRAMFIN,PRICE,990.0,1010.8,,,,990.0,996.0,992.0,1009.58,1008.75,997.0,998.0,996.0,999.0,997.0
SHRIRAMFIN,VWAP,,,,,,,,,,,997.44,997.93,997.23,997.44,997.39
SHRIRAMFIN,CASH VOL,4096126,2916356,1116183,65.53,65.26,,,,,,302997,488235,701433,830375,883865
SHRIRAMFIN,F&O VOL,56816,27555,,,,,,,,,4325,8054,11595,13700,14885
SHRIRAMFIN,F&O OI,67565,69262,,,,,,,,,67906,68269,68744,68917,69188
SHRIRAMFIN,CALL VOL,17343,13060,,,,,,,,,1967,3298,,5010,5286
SHRIRAMFIN,CALL OI,12166,13356,,,,,,,,,12320,12370,,12388,12407
SHRIRAMFIN,PUT VOL,13308,6739,,,,,,,,,1198,1904,,3403,3621
SHRIRAMFIN,PUT OI,9214,10121,,,,,,,,,9208,9281,,9186,9166
SIEMENS,PRICE,3841.8,3886.0,,,,3841.1,3851.65,3845.08,3883.67,3823.2,3854.0,3853.0,3840.0,3836.0,3838.0
SIEMENS,VWAP,,,,,,,,,,,3855.02,3855.54,3851.59,3849.63,3847.31
SIEMENS,CASH VOL,199507,133100,98051,47.89,40.32,,,,,,7024,10395,12812,15600,18387
SIEMENS,F&O VOL,24494,27644,,,,,,,,,1443,2985,4282,5645,6408
SIEMENS,F&O OI,38857,41628,,,,,,,,,38896,39109,39247,39244,39316
SIEMENS,CALL VOL,9412,16790,,,,,,,,,609,1288,,2115,2263
SIEMENS,CALL OI,6824,7691,,,,,,,,,6746,6714,,6651,6623
SIEMENS,PUT VOL,3335,4805,,,,,,,,,365,675,,951,993
SIEMENS,PUT OI,5262,5558,,,,,,,,,5307,5339,,5363,5355
SOLARINDS,PRICE,19480.0,19730.0,,,,19570.0,19655.0,19538.33,20590.0,19233.33,19645.0,19680.0,19760.0,19755.0,19780.0
SOLARINDS,VWAP,,,,,,,,,,,19662.48,19736.13,19738.8,19740.87,19741.58
SOLARINDS,CASH VOL,120513,316329,26192,26.94,43.34,,,,,,15333,32443,37515,45920,48149
SOLARINDS,F&O VOL,102184,232518,,,,,,,,,8435,23762,29462,35326,38324
SOLARINDS,F&O OI,83211,90080,,,,,,,,,84495,84932,85300,85629,85537
SOLARINDS,CALL VOL,42173,95675,,,,,,,,,4571,13748,,18411,19914
SOLARINDS,CALL OI,15379,17441,,,,,,,,,16173,16118,,16379,16423
SOLARINDS,PUT VOL,22369,61481,,,,,,,,,1677,4228,,5585,6034
SOLARINDS,PUT OI,10528,11997,,,,,,,,,10626,10795,,10716,10677
SONACOMS,PRICE,816.3,833.0,,,,818.0,825.85,819.48,800.51,785.52,822.0,822.0,825.0,825.0,828.0
SONACOMS,VWAP,,,,,,,,,,,821.4,823.79,824.74,824.85,825.46
SONACOMS,CASH VOL,2572412,3183807,429840,49.86,43.93,,,,,,115512,249413,648433,716702,843872
SONACOMS,F&O VOL,29067,46218,,,,,,,,,1544,3329,4630,5507,8155
SONACOMS,F&O OI,21673,23026,,,,,,,,,21902,21956,22053,22079,22081
SONACOMS,CALL VOL,12703,23358,,,,,,,,,825,1904,,2740,4349
SONACOMS,CALL OI,3580,3602,,,,,,,,,3443,3440,,3758,3616
SONACOMS,PUT VOL,4925,8568,,,,,,,,,221,439,,624,1021
SONACOMS,PUT OI,1684,1988,,,,,,,,,1761,1778,,1679,1736
SRF,PRICE,2533.8,2550.0,,,,2535.0,2537.0,2534.87,2510.4,2507.2,2522.0,2522.0,2510.0,2505.0,2506.0
SRF,VWAP,,,,,,,,,,,2521.94,2520.8,2515.84,2514.89,2514.2
SRF,CASH VOL,110060,73197,36773,39.85,52.22,,,,,,5085,11637,18564,20889,22815
SRF,F&O VOL,24271,10259,,,,,,,,,1359,2701,4259,6034,6961
SRF,F&O OI,35316,36010,,,,,,,,,35562,35883,35968,36494,36707
SRF,CALL VOL,8003,4474,,,,,,,,,550,1002,,1741,1859
SRF,CALL OI,5603,6219,,,,,,,,,5527,5580,,5501,5523
SRF,PUT VOL,4019,2703,,,,,,,,,158,334,,1075,1194
SRF,PUT OI,3876,4472,,,,,,,,,3867,3876,,3880,3903
SUNPHARMA,PRICE,1849.9,1865.0,,,,1858.7,1864.2,1854.67,1852.6,1842.4,1849.0,1851.0,1849.0,1847.0,1849.0
SUNPHARMA,VWAP,,,,,,,,,,,1848.16,1850.2,1850.04,1849.57,1849.45
SUNPHARMA,CASH VOL,1742885,902514,586816,62.58,72.6,,,,,,41919,60116,78190,92341,98191
SUNPHARMA,F&O VOL,80102,41278,,,,,,,,,3760,6772,9334,12524,13571
SUNPHARMA,F&O OI,86566,85520,,,,,,,,,86838,87062,87209,87503,87742
SUNPHARMA,CALL VOL,35448,21421,,,,,,,,,2210,3415,,5930,6242
SUNPHARMA,CALL OI,16316,15648,,,,,,,,,20505,20389,,16062,16053
SUNPHARMA,PUT VOL,15643,9539,,,,,,,,,882,1394,,2300,2435
SUNPHARMA,PUT OI,9863,10244,,,,,,,,,10098,10179,,9927,9904
SUPREMEIND,PRICE,3434.0,3497.1,,,,3430.0,3462.15,3443.38,3528.58,3425.15,3432.0,3439.0,3466.0,3478.0,3482.0
SUPREMEIND,VWAP,,,,,,,,,,,3436.54,3450.19,3455.93,3460.84,3467.87
SUPREMEIND,CASH VOL,64745,78063,14602,36.8,54.79,,,,,,3446,8020,12268,15607,20732
SUPREMEIND,F&O VOL,16094,8172,,,,,,,,,823,1998,2759,4071,5717
SUPREMEIND,F&O OI,21828,22547,,,,,,,,,21971,21966,21966,21941,21905
SUPREMEIND,CALL VOL,4640,3531,,,,,,,,,305,838,,1697,2761
SUPREMEIND,CALL OI,4231,4339,,,,,,,,,4038,4047,,4256,4228
SUPREMEIND,PUT VOL,3636,1478,,,,,,,,,150,400,,715,1078
SUPREMEIND,PUT OI,2626,2957,,,,,,,,,2663,2677,,2554,2504
SUZLON,PRICE,40.74,42.39,,,,40.74,41.39,40.96,43.36,43.22,40.0,40.0,40.0,40.0,40.0
SUZLON,VWAP,,,,,,,,,,,40.65,40.63,40.59,40.57,40.56
SUZLON,CASH VOL,131241030,99322778,19359920,46.53,46.54,,,,,,8200722,11551700,14950613,18292273,19672184
SUZLON,F&O VOL,55646,39015,,,,,,,,,3402,6118,8792,12258,13727
SUZLON,F&O OI,71557,69978,,,,,,,,,71996,72137,72695,73315,73539
SUZLON,CALL VOL,13050,11426,,,,,,,,,999,1601,,3394,3338
SUZLON,CALL OI,6264,4670,,,,,,,,,7751,6446,,7869,6307
SUZLON,PUT VOL,7667,6550,,,,,,,,,551,803,,1492,1569
SUZLON,PUT OI,2697,2864,,,,,,,,,3080,2680,,3011,2626
SWIGGY,PRICE,267.45,278.5,,,,268.9,271.1,268.67,275.73,273.94,265.0,265.0,264.0,266.0,265.0
SWIGGY,VWAP,,,,,,,,,,,265.91,265.82,265.01,265.08,265.13
SWIGGY,CASH VOL,15664085,18748823,3395389,46.44,46.58,,,,,,1017146,1699920,2553724,3041833,3199577
SWIGGY,F&O VOL,84033,69888,,,,,,,,,4813,8259,13994,18975,20619
SWIGGY,F&O OI,97004,99081,,,,,,,,,98071,98520,99176,99879,100142
SWIGGY,CALL VOL,29375,28212,,,,,,,,,1854,3152,,6826,7433
SWIGGY,CALL OI,13502,13559,,,,,,,,,13559,13546,,13433,13473
SWIGGY,PUT VOL,20961,15772,,,,,,,,,871,1358,,2947,3229
SWIGGY,PUT OI,11417,14220,,,,,,,,,11517,11533,,11494,11529
TATACONSUM,PRICE,986.3,994.3,,,,988.0,987.5,986.7,1003.15,998.38,985.0,985.0,986.0,986.0,986.0
TATACONSUM,VWAP,,,,,,,,,,,985.71,985.66,985.41,985.62,985.69
TATACONSUM,CASH VOL,1002889,850774,447861,68.28,68.1,,,,,,30796,45707,61258,76947,102668
TATACONSUM,F&O VOL,26714,16118,,,,,,,,,1494,2916,4634,6493,7185
TATACONSUM,F&O OI,50938,51236,,,,,,,,,51190,51635,51945,52361,52426
TATACONSUM,CALL VOL,5769,6172,,,,,,,,,441,817,,1621,1742
TATACONSUM,CALL OI,2958,2730,,,,,,,,,3593,3563,,3480,2807
TATACONSUM,PUT VOL,3449,3421,,,,,,,,,262,374,,859,990
TATACONSUM,PUT OI,5197,5511,,,,,,,,,5417,5407,,5371,5124
TATAELXSI,PRICE,3183.8,3212.0,,,,3190.0,3202.0,3189.87,3399.4,3310.93,3154.0,3163.0,3170.0,3182.0,3182.0
TATAELXSI,VWAP,,,,,,,,,,,3158.41,3168.04,3168.6,3170.2,3170.64
TATAELXSI,CASH VOL,220867,159930,66531,34.54,38.15,,,,,,32217,52159,63004,70226,73933
TATAELXSI,F&O VOL,36277,26354,,,,,,,,,3187,6455,7998,10306,11202
TATAELXSI,F&O OI,51003,51867,,,,,,,,,51380,51101,51034,51001,50997
TATAELXSI,CALL VOL,12071,10026,,,,,,,,,1277,2652,,3561,3718
TATAELXSI,CALL OI,6692,6967,,,,,,,,,6869,6135,,6581,6561
TATAELXSI,PUT VOL,8154,7362,,,,,,,,,843,1771,,2334,2481
TATAELXSI,PUT OI,4515,5006,,,,,,,,,4587,4390,,4556,4524
TATAPOWER,PRICE,363.45,369.0,,,,363.0,365.23,364.04,372.84,368.92,363.0,364.0,363.0,366.0,365.0
TATAPOWER,VWAP,,,,,,,,,,,363.79,363.94,363.77,364.14,364.41
TATAPOWER,CASH VOL,2708315,1418458,836325,45.03,48.65,,,,,,134241,216145,289887,372398,440903
TATAPOWER,F&O VOL,47892,30886,,,,,,,,,1853,3813,5525,9647,11204
TATAPOWER,F&O OI,89216,88781,,,,,,,,,89450,89568,89845,89836,89939
TATAPOWER,CALL VOL,13490,10453,,,,,,,,,544,1132,,2824,3248
TATAPOWER,CALL OI,12775,13198,,,,,,,,,12831,12871,,12555,12556
TATAPOWER,PUT VOL,8020,8797,,,,,,,,,309,672,,1214,1512
TATAPOWER,PUT OI,12040,12870,,,,,,,,,12023,11958,,11907,11954
TATASTEEL,PRICE,188.02,190.82,,,,188.57,189.76,188.6,185.32,184.88,188.0,188.0,189.0,189.0,189.0
TATASTEEL,VWAP,,,,,,,,,,,188.47,189.08,189.12,189.24,189.24
TATASTEEL,CASH VOL,15701549,39798327,3631696,42.79,46.57,,,,,,1087897,2819519,3569862,4407226,4698220
TATASTEEL,F&O VOL,166202,275454,,,,,,,,,7794,24535,38046,50400,54943
TATASTEEL,F&O OI,201439,204340,,,,,,,,,202561,204152,207451,209537,210520
TATASTEEL,CALL VOL,56071,116365,,,,,,,,,3604,10705,,18958,20775
TATASTEEL,CALL OI,24513,25816,,,,,,,,,24855,24261,,23826,24037
TATASTEEL,PUT VOL,48714,74408,,,,,,,,,1686,5387,,9700,10285
TATASTEEL,PUT OI,17097,23502,,,,,,,,,18494,17620,,17647,17597
TCS,PRICE,2087.0,2089.6,,,,2054.0,2085.33,2082.0,2212.1,2140.7,2046.0,2055.0,2066.0,2076.0,2077.0
TCS,VWAP,,,,,,,,,,,2051.15,2057.31,2058.8,2061.04,2061.95
TCS,CASH VOL,1760662,2228402,496840,43.76,54.42,,,,,,556290,824154,927779,1046520,1103990
TCS,F&O VOL,263786,221721,,,,,,,,,58405,93746,112936,131681,144577
TCS,F&O OI,298194,315172,,,,,,,,,304828,304309,304720,305202,305760
TCS,CALL VOL,79555,72566,,,,,,,,,19574,32081,,44470,49610
TCS,CALL OI,20218,22517,,,,,,,,,19727,18741,,20731,20565
TCS,PUT VOL,55470,55132,,,,,,,,,21255,36931,,45656,49108
TCS,PUT OI,14368,16768,,,,,,,,,17564,18473,,17722,17719
TECHM,PRICE,1543.0,1557.0,,,,1540.0,1559.6,1548.53,1578.15,1550.78,1532.0,1536.0,1534.0,1543.0,1543.0
TECHM,VWAP,,,,,,,,,,,1532.62,1535.66,1535.82,1537.12,1537.54
TECHM,CASH VOL,1707105,851068,410804,54.3,54.82,,,,,,70680,136229,190722,237300,256189
TECHM,F&O VOL,60975,24519,,,,,,,,,5083,9360,12957,16515,17477
TECHM,F&O OI,61585,61428,,,,,,,,,61909,61867,62262,62338,62517
TECHM,CALL VOL,26709,9050,,,,,,,,,2165,3590,,5953,6126
TECHM,CALL OI,9893,9985,,,,,,,,,9800,9668,,9485,9493
TECHM,PUT VOL,15854,7170,,,,,,,,,1458,2438,,4036,4137
TECHM,PUT OI,5821,6482,,,,,,,,,5750,5779,,5726,5719
TIINDIA,PRICE,2540.5,2578.6,,,,2530.0,2563.0,2548.0,2586.63,2559.9,2535.0,2532.0,2539.0,2543.0,2541.0
TIINDIA,VWAP,,,,,,,,,,,2534.71,2537.64,2537.47,2538.24,2538.3
TIINDIA,CASH VOL,70640,135053,23844,45.92,59.35,,,,,,6478,9981,14156,16414,17302
TIINDIA,F&O VOL,7304,4255,,,,,,,,,454,1230,1865,2451,2678
TIINDIA,F&O OI,21211,21392,,,,,,,,,21306,21462,21686,21850,21880
TIINDIA,CALL VOL,1690,1861,,,,,,,,,139,411,,613,710
TIINDIA,CALL OI,3039,3157,,,,,,,,,3047,3066,,3117,3120
TIINDIA,PUT VOL,932,922,,,,,,,,,105,296,,423,429
TIINDIA,PUT OI,1976,2089,,,,,,,,,1975,1956,,1932,1932
TITAN,PRICE,4832.5,4880.0,,,,4855.0,4871.0,4845.33,4887.5,4828.17,4838.0,4833.0,4828.0,4829.0,4839.0
TITAN,VWAP,,,,,,,,,,,4834.31,4838.12,4832.66,4831.64,4831.59
TITAN,CASH VOL,504126,769737,174773,53.87,65.86,,,,,,21614,48323,91521,153911,158054
TITAN,F&O VOL,71563,78503,,,,,,,,,4400,7903,13314,17041,19340
TITAN,F&O OI,66498,64703,,,,,,,,,66860,67225,67749,67909,68305
TITAN,CALL VOL,29504,33426,,,,,,,,,1857,3011,,6132,6682
TITAN,CALL OI,13249,12921,,,,,,,,,13279,13299,,13074,13071
TITAN,PUT VOL,21499,31015,,,,,,,,,1768,2764,,6139,6623
TITAN,PUT OI,9671,10314,,,,,,,,,9790,9664,,9729,9732
TMPV,PRICE,295.0,300.5,,,,297.0,297.98,295.99,309.73,305.77,296.0,295.0,292.0,294.0,294.0
TMPV,VWAP,,,,,,,,,,,296.01,295.24,295.06,294.97,294.96
TMPV,CASH VOL,9126313,4683895,1958437,56.56,42.85,,,,,,1889901,3976981,4379761,4800038,4946491
TMPV,F&O VOL,101279,65561,,,,,,,,,11855,20367,28854,35757,38091
TMPV,F&O OI,141607,140423,,,,,,,,,143914,143867,144589,145386,145707
TMPV,CALL VOL,36984,28845,,,,,,,,,4902,8312,,13140,14122
TMPV,CALL OI,21968,22522,,,,,,,,,22157,22493,,22770,22899
TMPV,PUT VOL,19844,12005,,,,,,,,,2144,3996,,7262,7607
TMPV,PUT OI,15729,17112,,,,,,,,,15645,15515,,15411,15351
TORNTPHARM,PRICE,4928.5,4985.0,,,,4911.5,4956.0,4937.67,4857.5,4845.83,4931.0,4937.0,4944.0,4945.0,4947.0
TORNTPHARM,VWAP,,,,,,,,,,,4932.25,4939.85,4941.47,4942.69,4942.85
TORNTPHARM,CASH VOL,255716,309574,100725,54.86,67.03,,,,,,13888,29487,38481,45804,47934
TORNTPHARM,F&O VOL,30636,16689,,,,,,,,,848,2141,3146,4325,4776
TORNTPHARM,F&O OI,36482,36834,,,,,,,,,36748,36932,37287,37800,37968
TORNTPHARM,CALL VOL,9721,9806,,,,,,,,,522,944,,1496,1565
TORNTPHARM,CALL OI,4109,3923,,,,,,,,,4220,4236,,4219,4213
TORNTPHARM,PUT VOL,2798,3969,,,,,,,,,134,341,,587,609
TORNTPHARM,PUT OI,2278,2580,,,,,,,,,2291,2301,,2300,2299
TRENT,PRICE,2700.0,2774.0,,,,2720.0,2733.7,2711.23,2807.32,2773.95,2702.0,2703.0,2683.0,2687.0,2685.0
TRENT,VWAP,,,,,,,,,,,2702.01,2701.21,2688.97,2683.21,2683.26
TRENT,CASH VOL,556839,839769,214127,51.4,62.3,,,,,,28076,44643,108166,234643,248617
TRENT,F&O VOL,66236,34063,,,,,,,,,3851,7657,15406,22733,24334
TRENT,F&O OI,74148,75776,,,,,,,,,75148,75344,77556,78558,78983
TRENT,CALL VOL,16390,15947,,,,,,,,,1696,3303,,7544,7871
TRENT,CALL OI,9092,9489,,,,,,,,,9369,9152,,9274,9278
TRENT,PUT VOL,8705,6297,,,,,,,,,786,1375,,5476,5687
TRENT,PUT OI,4895,5093,,,,,,,,,4908,4823,,5431,5411
TVSMOTOR,PRICE,4091.0,4135.0,,,,4075.0,4090.67,4090.0,4147.03,4098.5,4109.0,4102.0,4100.0,4118.0,4118.0
TVSMOTOR,VWAP,,,,,,,,,,,4103.67,4107.13,4105.88,4108.1,4110.07
TVSMOTOR,CASH VOL,933899,862827,282957,65.12,67.79,,,,,,24871,42994,64765,103648,125959
TVSMOTOR,F&O VOL,66031,33826,,,,,,,,,2870,5151,7644,9943,11688
TVSMOTOR,F&O OI,68156,68899,,,,,,,,,68756,69116,69583,70060,70556
TVSMOTOR,CALL VOL,16037,13812,,,,,,,,,823,1401,,2669,3178
TVSMOTOR,CALL OI,6596,6856,,,,,,,,,6639,6603,,6692,6703
TVSMOTOR,PUT VOL,13810,9617,,,,,,,,,819,1207,,1984,2179
TVSMOTOR,PUT OI,5246,5827,,,,,,,,,5238,5223,,5124,5119
ULTRACEMCO,PRICE,11056.0,11155.0,,,,11100.0,11124.0,11078.67,10959.17,10849.5,11096.0,11081.0,11078.0,11176.0,11158.0
ULTRACEMCO,VWAP,,,,,,,,,,,11088.19,11079.82,11076.84,11103.53,11109.06
ULTRACEMCO,CASH VOL,304695,218031,97213,53.21,69.47,,,,,,8453,14187,17148,30118,38596
ULTRACEMCO,F&O VOL,45340,37675,,,,,,,,,1968,4571,6651,11868,13339
ULTRACEMCO,F&O OI,65643,67146,,,,,,,,,66058,66519,66811,67493,67695
ULTRACEMCO,CALL VOL,9196,14125,,,,,,,,,622,1326,,3105,3172
ULTRACEMCO,CALL OI,4269,4616,,,,,,,,,4305,4447,,5049,4165
ULTRACEMCO,PUT VOL,7259,8934,,,,,,,,,117,494,,1250,1548
ULTRACEMCO,PUT OI,5277,6004,,,,,,,,,5252,5165,,5593,5266
UNIONBANK,PRICE,179.45,180.0,,,,178.78,178.98,178.03,177.68,176.93,178.0,178.0,179.0,179.0,179.0
UNIONBANK,VWAP,,,,,,,,,,,179.0,179.18,179.4,179.48,179.49
UNIONBANK,CASH VOL,4484417,5681838,1330601,40.38,47.69,,,,,,243198,597427,806047,977544,1093504
UNIONBANK,F&O VOL,27101,13642,,,,,,,,,1222,2850,3871,5232,5975
UNIONBANK,F&O OI,43628,44225,,,,,,,,,43738,43889,43985,44170,44421
UNIONBANK,CALL VOL,6592,5486,,,,,,,,,404,990,,1409,1522
UNIONBANK,CALL OI,7136,8016,,,,,,,,,7049,7098,,7092,7094
UNIONBANK,PUT VOL,3318,3546,,,,,,,,,226,565,,822,946
UNIONBANK,PUT OI,7162,7613,,,,,,,,,7121,7118,,7069,7036
UNITDSPR,PRICE,1423.3,1441.0,,,,1423.3,1431.6,1426.07,1386.55,1376.18,1425.0,1423.0,1429.0,1424.0,1424.0
UNITDSPR,VWAP,,,,,,,,,,,1426.55,1426.5,1426.63,1426.38,1426.35
UNITDSPR,CASH VOL,219089,767514,65124,53.09,36.63,,,,,,16091,24129,29761,37330,38955
UNITDSPR,F&O VOL,19231,47619,,,,,,,,,1224,2197,3355,4414,4943
UNITDSPR,F&O OI,31530,33344,,,,,,,,,31662,31838,32083,32432,32637
UNITDSPR,CALL VOL,4749,27285,,,,,,,,,442,669,,1214,1294
UNITDSPR,CALL OI,3231,3982,,,,,,,,,3199,3158,,3076,3094
UNITDSPR,PUT VOL,3806,10713,,,,,,,,,194,292,,499,528
UNITDSPR,PUT OI,2419,3043,,,,,,,,,2395,2373,,2308,2291
UNOMINDA,PRICE,1224.4,1223.1,,,,1224.4,1232.6,1227.13,1263.28,1221.85,1227.0,1225.0,1224.0,1228.0,1227.0
UNOMINDA,VWAP,,,,,,,,,,,1228.62,1227.36,1226.31,1226.62,1226.66
UNOMINDA,CASH VOL,445754,742953,71996,36.02,65.92,,,,,,13795,24561,31632,37419,42587
UNOMINDA,F&O VOL,24428,7462,,,,,,,,,721,1288,1828,2414,2799
UNOMINDA,F&O OI,17010,17085,,,,,,,,,17219,17370,17474,17646,17729
UNOMINDA,CALL VOL,10278,3643,,,,,,,,,239,427,,711,809
UNOMINDA,CALL OI,3561,3882,,,,,,,,,3562,3614,,3604,3618
UNOMINDA,PUT VOL,3768,1556,,,,,,,,,76,167,,276,347
UNOMINDA,PUT OI,2247,2425,,,,,,,,,2242,2246,,2236,2236
UPL,PRICE,549.6,553.15,,,,548.0,550.08,549.76,574.97,564.9,543.0,544.0,544.0,547.0,546.0
UPL,VWAP,,,,,,,,,,,545.69,545.47,545.28,545.8,545.87
UPL,CASH VOL,1278779,3211815,425949,57.54,68.96,,,,,,122509,179303,250559,354730,373743
UPL,F&O VOL,19113,14085,,,,,,,,,1504,2842,4073,5425,5882
UPL,F&O OI,37522,37645,,,,,,,,,37809,37917,37966,38081,38117
UPL,CALL VOL,4642,5889,,,,,,,,,500,843,,1589,1653
UPL,CALL OI,4890,5590,,,,,,,,,4947,4042,,4818,4814
UPL,PUT VOL,2347,3338,,,,,,,,,294,566,,967,1027
UPL,PUT OI,4251,4363,,,,,,,,,4260,3906,,4200,4173
VBL,PRICE,431.25,436.15,,,,428.3,432.58,431.69,420.06,416.27,432.0,431.0,429.0,432.0,431.0
VBL,VWAP,,,,,,,,,,,431.03,430.86,430.51,430.94,431.03
VBL,CASH VOL,5016972,4205329,1250561,59.11,58.11,,,,,,310018,398397,539790,803626,882323
VBL,F&O VOL,50527,58659,,,,,,,,,3312,5750,8736,11331,12276
VBL,F&O OI,92661,93717,,,,,,,,,93242,93651,93955,94367,94582
VBL,CALL VOL,13372,24554,,,,,,,,,1097,1695,,3200,3398
VBL,CALL OI,13640,13954,,,,,,,,,13586,13613,,13481,13490
VBL,PUT VOL,7288,13330,,,,,,,,,674,1039,,1840,1980
VBL,PUT OI,7652,8906,,,,,,,,,7643,7596,,7490,7488
VEDL,PRICE,267.5,271.0,,,,266.25,267.27,266.8,265.08,260.05,265.0,265.0,265.0,266.0,266.0
VEDL,VWAP,,,,,,,,,,,265.45,265.91,265.86,265.98,266.1
VEDL,CASH VOL,5685750,11735115,1835542,55.31,49.57,,,,,,567291,846253,1036520,1288314,1456688
VEDL,F&O VOL,77824,145228,,,,,,,,,4774,8750,12066,17624,20470
VEDL,F&O OI,119166,121618,,,,,,,,,119978,119999,120484,121433,121800
VEDL,CALL VOL,34690,85857,,,,,,,,,2241,4603,,7948,8732
VEDL,CALL OI,24204,24997,,,,,,,,,24568,24207,,24208,24214
VEDL,PUT VOL,13958,30039,,,,,,,,,881,1376,,2481,2990
VEDL,PUT OI,16343,17297,,,,,,,,,16467,16495,,16450,16439
VMM,PRICE,105.46,106.0,,,,105.45,106.53,105.82,102.03,100.78,104.0,104.0,104.0,104.0,104.0
VMM,VWAP,,,,,,,,,,,104.78,104.86,104.85,104.85,104.85
VMM,CASH VOL,17613951,19978362,2469922,46.19,50.14,,,,,,1273250,2109838,2366775,2630062,2734126
VMM,F&O VOL,20938,22341,,,,,,,,,1051,1755,2292,2955,3305
VMM,F&O OI,25148,25947,,,,,,,,,25155,25295,25346,25511,25504
VMM,CALL VOL,8498,12436,,,,,,,,,372,584,,807,922
VMM,CALL OI,5240,5510,,,,,,,,,5165,5150,,5145,5075
VMM,PUT VOL,2520,3958,,,,,,,,,101,154,,259,282
VMM,PUT OI,3230,3446,,,,,,,,,3206,3200,,3165,3159
VOLTAS,PRICE,1113.4,1130.0,,,,1109.9,1116.65,1114.48,1144.95,1122.25,1109.0,1109.0,1113.0,1119.0,1118.0
VOLTAS,VWAP,,,,,,,,,,,1108.43,1111.21,1111.35,1113.39,1114.31
VOLTAS,CASH VOL,530213,791314,226053,41.4,24.29,,,,,,21964,38918,46099,66531,80023
VOLTAS,F&O VOL,48936,65301,,,,,,,,,2369,6850,9426,12187,15076
VOLTAS,F&O OI,64411,68102,,,,,,,,,64900,65126,65119,65107,65234
VOLTAS,CALL VOL,12996,26606,,,,,,,,,938,2414,,3730,5446
VOLTAS,CALL OI,9844,10521,,,,,,,,,9923,9877,,9634,9561
VOLTAS,PUT VOL,11289,22857,,,,,,,,,432,1126,,1981,2372
VOLTAS,PUT OI,7000,8701,,,,,,,,,6956,6867,,6758,6850
WAAREEENER,PRICE,2482.0,2512.0,,,,2494.4,2490.95,2484.98,2556.28,2547.45,2481.0,2487.0,2491.0,2494.0,2498.0
WAAREEENER,VWAP,,,,,,,,,,,2480.68,2491.86,2491.75,2492.14,2492.51
WAAREEENER,CASH VOL,389057,364884,117428,46.97,36.44,,,,,,76036,141489,181449,216101,226706
WAAREEENER,F&O VOL,43222,27804,,,,,,,,,4227,9755,13310,15969,17719
WAAREEENER,F&O OI,74013,81910,,,,,,,,,74255,74014,74097,74526,74678
WAAREEENER,CALL VOL,11004,12050,,,,,,,,,2094,5469,,7268,7704
WAAREEENER,CALL OI,13042,13723,,,,,,,,,13146,12909,,12860,12885
WAAREEENER,PUT VOL,5345,5785,,,,,,,,,580,1411,,2238,2448
WAAREEENER,PUT OI,5378,5494,,,,,,,,,5338,5339,,5357,5342
WIPRO,PRICE,163.64,164.9,,,,163.05,164.51,163.93,168.32,167.33,162.0,162.0,163.0,164.0,163.0
WIPRO,VWAP,,,,,,,,,,,162.23,162.61,162.84,163.21,163.26
WIPRO,CASH VOL,7033397,10856986,1507510,36.91,56.7,,,,,,1168376,1699016,2252862,3019216,3364943
WIPRO,F&O VOL,83887,54535,,,,,,,,,8186,15700,23183,31856,35789
WIPRO,F&O OI,135624,144150,,,,,,,,,137017,138009,138726,139500,139624
WIPRO,CALL VOL,21504,19350,,,,,,,,,2249,4293,,8762,9153
WIPRO,CALL OI,11989,13302,,,,,,,,,11861,11733,,11897,10954
WIPRO,PUT VOL,10792,11163,,,,,,,,,1790,3377,,6053,7393
WIPRO,PUT OI,9595,10586,,,,,,,,,9495,9658,,9626,9561
YESBANK,PRICE,22.44,23.24,,,,22.48,22.73,22.54,23.41,22.95,22.0,22.0,22.0,22.0,22.0
YESBANK,VWAP,,,,,,,,,,,22.49,22.47,22.45,22.44,22.44
YESBANK,CASH VOL,102237435,46135166,17913940,44.92,58.26,,,,,,3330209,5208030,7020626,8704929,9305991
YESBANK,F&O VOL,41901,15398,,,,,,,,,2070,3526,4805,6968,7471
YESBANK,F&O OI,68177,65519,,,,,,,,,68460,68954,69393,69734,69933
YESBANK,CALL VOL,9858,6033,,,,,,,,,878,1276,,1934,2058
YESBANK,CALL OI,12637,12980,,,,,,,,,12870,12640,,12471,12467
YESBANK,PUT VOL,5883,2896,,,,,,,,,253,438,,854,869
YESBANK,PUT OI,6660,7141,,,,,,,,,6673,6647,,6546,6525
ZYDUSLIFE,PRICE,1180.3,1170.1,,,,1185.5,1178.9,1176.1,1148.88,1126.65,1192.0,1192.0,1190.0,1190.0,1192.0
ZYDUSLIFE,VWAP,,,,,,,,,,,1189.86,1191.18,1191.18,1191.21,1191.16
ZYDUSLIFE,CASH VOL,1965875,1088359,957183,53.8,58.16,,,,,,126504,178143,232424,255354,292968
ZYDUSLIFE,F&O VOL,32055,13821,,,,,,,,,4495,7829,10744,12287,13430
ZYDUSLIFE,F&O OI,23403,24224,,,,,,,,,23824,23880,24204,24508,24818
ZYDUSLIFE,CALL VOL,14328,6645,,,,,,,,,2691,4783,,6577,7047
ZYDUSLIFE,CALL OI,3777,4070,,,,,,,,,3870,3803,,3785,3795
ZYDUSLIFE,PUT VOL,4821,1819,,,,,,,,,655,1118,,1773,1893
ZYDUSLIFE,PUT OI,1531,1436,,,,,,,,,1561,1583,,1675,1661
