Symbol,Metric,PrevDay,PrevDay2,PrevLastHr,DelivPct,DelivPctPrev,Open,dTC,dBC,wTC,wBC,09:30
360ONE,PRICE,1041.1,1063.0,,,,1041.3,1053.3,1045.17,1041.4,1040.47,1038.0
360ONE,VWAP,,,,,,,,,,,1037.28
360ONE,CASH VOL,410285,246152,142013,55.68,54.92,,,,,,15900
360ONE,F&O VOL,7662,3437,,,,,,,,,603
360ONE,F&O OI,15575,15185,,,,,,,,,15624
360ONE,CALL VOL,3449,1877,,,,,,,,,243
360ONE,CALL OI,3352,3170,,,,,,,,,3416
360ONE,PUT VOL,2486,555,,,,,,,,,142
360ONE,PUT OI,2498,2337,,,,,,,,,2498
360ONE,CALL SPRD,,,,,,,,,,,1.63
360ONE,PUT SPRD,,,,,,,,,,,1.65
360ONE,CALL OI FIX,3352,,,,,,,,,,3416
360ONE,PUT OI FIX,2498,,,,,,,,,,2498
360ONE,CALL DOI,,,,,,,,,,,525522
360ONE,PUT DOI,,,,,,,,,,,-504928
360ONE,CALL GEX,,,,,,,,,,,80203
360ONE,PUT GEX,,,,,,,,,,,47259
360ONE,GEX STRIKE,,,,,,,,,,,1000.0
360ONE,EXPIRY,,,,,,,,,,,2026-10-27
360ONE,ATM IV,,,,,,,,,,,35.09
ABB,PRICE,6770.0,7005.0,,,,6795.0,6877.75,6805.92,6883.67,6851.0,6673.5
ABB,VWAP,,,,,,,,,,,6642.08
ABB,CASH VOL,155147,133622,46662,48.57,41.27,,,,,,43889
ABB,F&O VOL,11926,12991,,,,,,,,,6230
ABB,F&O OI,24244,23383,,,,,,,,,25692
ABB,CALL VOL,2949,2677,,,,,,,,,1982
ABB,CALL OI,2556,2154,,,,,,,,,3036
ABB,PUT VOL,3439,3709,,,,,,,,,1789
ABB,PUT OI,4371,4339,,,,,,,,,4798
ABB,CALL SPRD,,,,,,,,,,,1.46
ABB,PUT SPRD,,,,,,,,,,,1.38
ABB,CALL OI FIX,2990,,,,,,,,,,3432
ABB,PUT OI FIX,4231,,,,,,,,,,4620
ABB,CALL DOI,,,,,,,,,,,118041
ABB,PUT DOI,,,,,,,,,,,-310426
ABB,CALL GEX,,,,,,,,,,,16233
ABB,PUT GEX,,,,,,,,,,,26310
ABB,GEX STRIKE,,,,,,,,,,,7000.0
ABB,EXPIRY,,,,,,,,,,,2026-10-27
ABB,ATM IV,,,,,,,,,,,35.51
ABCAPITAL,PRICE,368.65,372.1,,,,371.0,371.27,369.52,379.52,376.54,374.05
ABCAPITAL,VWAP,,,,,,,,,,,372.66
ABCAPITAL,CASH VOL,4608495,4394040,822351,62.23,59.8,,,,,,117645
ABCAPITAL,F&O VOL,8388,9531,,,,,,,,,716
ABCAPITAL,F&O OI,19402,19336,,,,,,,,,19445
ABCAPITAL,CALL VOL,3432,4489,,,,,,,,,312
ABCAPITAL,CALL OI,2883,2937,,,,,,,,,2893
ABCAPITAL,PUT VOL,2239,1665,,,,,,,,,172
ABCAPITAL,PUT OI,2932,2851,,,,,,,,,2943
ABCAPITAL,CALL SPRD,,,,,,,,,,,2.11
ABCAPITAL,PUT SPRD,,,,,,,,,,,2.6
ABCAPITAL,CALL OI FIX,1952,,,,,,,,,,1945
ABCAPITAL,PUT OI FIX,2821,,,,,,,,,,2832
ABCAPITAL,CALL DOI,,,,,,,,,,,3124959
ABCAPITAL,PUT DOI,,,,,,,,,,,-4334620
ABCAPITAL,CALL GEX,,,,,,,,,,,459081
ABCAPITAL,PUT GEX,,,,,,,,,,,485764
ABCAPITAL,GEX STRIKE,,,,,,,,,,,380.0
ABCAPITAL,EXPIRY,,,,,,,,,,,2026-10-27
ABCAPITAL,ATM IV,,,,,,,,,,,29.13
ADANIENSOL,PRICE,1251.5,1318.8,,,,1264.9,1285.05,1262.68,1332.4,1328.4,1275.6
ADANIENSOL,VWAP,,,,,,,,,,,1271.45
ADANIENSOL,CASH VOL,2431825,1468657,478993,38.5,34.87,,,,,,193775
ADANIENSOL,F&O VOL,25409,14714,,,,,,,,,2393
ADANIENSOL,F&O OI,45299,43587,,,,,,,,,45406
ADANIENSOL,CALL VOL,6966,3392,,,,,,,,,850
ADANIENSOL,CALL OI,3687,2467,,,,,,,,,3654
ADANIENSOL,PUT VOL,8120,3756,,,,,,,,,598
ADANIENSOL,PUT OI,2376,2028,,,,,,,,,2491
ADANIENSOL,CALL SPRD,,,,,,,,,,,1.37
ADANIENSOL,PUT SPRD,,,,,,,,,,,2.4
ADANIENSOL,CALL OI FIX,3286,,,,,,,,,,3253
ADANIENSOL,PUT OI FIX,2355,,,,,,,,,,2474
ADANIENSOL,CALL DOI,,,,,,,,,,,1058569
ADANIENSOL,PUT DOI,,,,,,,,,,,-739043
ADANIENSOL,CALL GEX,,,,,,,,,,,93890
ADANIENSOL,PUT GEX,,,,,,,,,,,62894
ADANIENSOL,GEX STRIKE,,,,,,,,,,,1300.0
ADANIENSOL,EXPIRY,,,,,,,,,,,2026-10-27
ADANIENSOL,ATM IV,,,,,,,,,,,42.73
ADANIENT,PRICE,2596.0,2743.0,,,,2605.1,2645.0,2612.33,2872.45,2835.35,2604.8
ADANIENT,VWAP,,,,,,,,,,,2600.6
ADANIENT,CASH VOL,4400475,1738033,1132363,28.95,47.95,,,,,,296324
ADANIENT,F&O VOL,205858,58048,,,,,,,,,18693
ADANIENT,F&O OI,113043,97165,,,,,,,,,114666
ADANIENT,CALL VOL,74754,11580,,,,,,,,,9002
ADANIENT,CALL OI,16355,5819,,,,,,,,,16920
ADANIENT,PUT VOL,69564,19233,,,,,,,,,4664
ADANIENT,PUT OI,11831,7821,,,,,,,,,12273
ADANIENT,CALL SPRD,,,,,,,,,,,0.63
ADANIENT,PUT SPRD,,,,,,,,,,,0.93
ADANIENT,CALL OI FIX,16355,,,,,,,,,,16920
ADANIENT,PUT OI FIX,11831,,,,,,,,,,12273
ADANIENT,CALL DOI,,,,,,,,,,,1989949
ADANIENT,PUT DOI,,,,,,,,,,,-1902465
ADANIENT,CALL GEX,,,,,,,,,,,219662
ADANIENT,PUT GEX,,,,,,,,,,,144826
ADANIENT,GEX STRIKE,,,,,,,,,,,2600.0
ADANIENT,EXPIRY,,,,,,,,,,,2026-10-27
ADANIENT,ATM IV,,,,,,,,,,,37.73
ADANIGREEN,PRICE,1235.7,1341.4,,,,1240.0,1276.4,1249.27,1271.0,1260.8,1265.2
ADANIGREEN,VWAP,,,,,,,,,,,1259.11
ADANIGREEN,CASH VOL,7489433,6420423,1962065,33.22,40.35,,,,,,873457
ADANIGREEN,F&O VOL,103550,72614,,,,,,,,,11006
ADANIGREEN,F&O OI,59465,51965,,,,,,,,,59704
ADANIGREEN,CALL VOL,35161,14100,,,,,,,,,5761
ADANIGREEN,CALL OI,7526,3601,,,,,,,,,7382
ADANIGREEN,PUT VOL,32089,20114,,,,,,,,,2379
ADANIGREEN,PUT OI,6132,4287,,,,,,,,,6302
ADANIGREEN,CALL SPRD,,,,,,,,,,,1.14
ADANIGREEN,PUT SPRD,,,,,,,,,,,0.83
ADANIGREEN,CALL OI FIX,6442,,,,,,,,,,6316
ADANIGREEN,PUT OI FIX,6009,,,,,,,,,,6181
ADANIGREEN,CALL DOI,,,,,,,,,,,2015910
ADANIGREEN,PUT DOI,,,,,,,,,,,-1629046
ADANIGREEN,CALL GEX,,,,,,,,,,,180375
ADANIGREEN,PUT GEX,,,,,,,,,,,135841
ADANIGREEN,GEX STRIKE,,,,,,,,,,,1300.0
ADANIGREEN,EXPIRY,,,,,,,,,,,2026-10-27
ADANIGREEN,ATM IV,,,,,,,,,,,41.66
ADANIPORTS,PRICE,1708.0,1750.1,,,,1710.1,1712.05,1709.35,1769.0,1748.2,1735.4
ADANIPORTS,VWAP,,,,,,,,,,,1722.45
ADANIPORTS,CASH VOL,3344747,1187835,833813,49.85,49.25,,,,,,744858
ADANIPORTS,F&O VOL,68587,23656,,,,,,,,,11311
ADANIPORTS,F&O OI,57700,52062,,,,,,,,,57650
ADANIPORTS,CALL VOL,29340,8509,,,,,,,,,5273
ADANIPORTS,CALL OI,10696,7507,,,,,,,,,10155
ADANIPORTS,PUT VOL,17406,8141,,,,,,,,,2171
ADANIPORTS,PUT OI,7601,6959,,,,,,,,,7773
ADANIPORTS,CALL SPRD,,,,,,,,,,,0.64
ADANIPORTS,PUT SPRD,,,,,,,,,,,1.35
ADANIPORTS,CALL OI FIX,8512,,,,,,,,,,7957
ADANIPORTS,PUT OI FIX,8128,,,,,,,,,,8345
ADANIPORTS,CALL DOI,,,,,,,,,,,1974173
ADANIPORTS,PUT DOI,,,,,,,,,,,-1639518
ADANIPORTS,CALL GEX,,,,,,,,,,,286973
ADANIPORTS,PUT GEX,,,,,,,,,,,226467
ADANIPORTS,GEX STRIKE,,,,,,,,,,,1800.0
ADANIPORTS,EXPIRY,,,,,,,,,,,2026-10-27
ADANIPORTS,ATM IV,,,,,,,,,,,25.57
ADANIPOWER,PRICE,188.0,196.94,,,,188.0,190.27,188.76,198.47,196.96,189.86
ADANIPOWER,VWAP,,,,,,,,,,,189.12
ADANIPOWER,CASH VOL,46457240,18844725,6228312,35.5,44.01,,,,,,4747991
ADANIPOWER,F&O VOL,63750,26219,,,,,,,,,8008
ADANIPOWER,F&O OI,92043,83811,,,,,,,,,92364
ADANIPOWER,CALL VOL,16519,3586,,,,,,,,,2961
ADANIPOWER,CALL OI,6641,3393,,,,,,,,,6640
ADANIPOWER,PUT VOL,13682,4538,,,,,,,,,1304
ADANIPOWER,PUT OI,5360,4573,,,,,,,,,5379
ADANIPOWER,CALL SPRD,,,,,,,,,,,1.12
ADANIPOWER,PUT SPRD,,,,,,,,,,,1.55
ADANIPOWER,CALL OI FIX,6236,,,,,,,,,,6218
ADANIPOWER,PUT OI FIX,5502,,,,,,,,,,5400
ADANIPOWER,CALL DOI,,,,,,,,,,,9506367
ADANIPOWER,PUT DOI,,,,,,,,,,,-10040946
ADANIPOWER,CALL GEX,,,,,,,,,,,930352
ADANIPOWER,PUT GEX,,,,,,,,,,,830551
ADANIPOWER,GEX STRIKE,,,,,,,,,,,200.0
ADANIPOWER,EXPIRY,,,,,,,,,,,2026-10-27
ADANIPOWER,ATM IV,,,,,,,,,,,39.11
ALKEM,PRICE,5249.5,5350.5,,,,5252.0,5322.25,5273.75,5216.08,5208.25,5253.5
ALKEM,VWAP,,,,,,,,,,,5260.77
ALKEM,CASH VOL,281234,205152,126042,61.6,59.55,,,,,,3991
ALKEM,F&O VOL,8661,10796,,,,,,,,,422
ALKEM,F&O OI,18001,18764,,,,,,,,,17907
ALKEM,CALL VOL,3106,5223,,,,,,,,,252
ALKEM,CALL OI,1190,1156,,,,,,,,,1125
ALKEM,PUT VOL,1978,2034,,,,,,,,,34
ALKEM,PUT OI,2082,2118,,,,,,,,,2085
ALKEM,CALL SPRD,,,,,,,,,,,12.7
ALKEM,PUT SPRD,,,,,,,,,,,4.03
ALKEM,CALL OI FIX,1190,,,,,,,,,,1125
ALKEM,PUT OI FIX,2082,,,,,,,,,,2085
ALKEM,CALL DOI,,,,,,,,,,,58060
ALKEM,PUT DOI,,,,,,,,,,,-83966
ALKEM,CALL GEX,,,,,,,,,,,9898
ALKEM,PUT GEX,,,,,,,,,,,13756
ALKEM,GEX STRIKE,,,,,,,,,,,5150.0
ALKEM,EXPIRY,,,,,,,,,,,2026-10-27
ALKEM,ATM IV,,,,,,,,,,,25.86
AMBER,PRICE,6555.0,6925.0,,,,6602.5,6694.75,6601.58,6734.75,6578.25,6446.5
AMBER,VWAP,,,,,,,,,,,6448.59
AMBER,CASH VOL,241576,91287,40929,30.22,37.02,,,,,,42075
AMBER,F&O VOL,25295,11770,,,,,,,,,6569
AMBER,F&O OI,20862,20804,,,,,,,,,21988
AMBER,CALL VOL,5351,1865,,,,,,,,,2367
AMBER,CALL OI,2474,2046,,,,,,,,,2927
AMBER,PUT VOL,12300,4240,,,,,,,,,2391
AMBER,PUT OI,2682,3096,,,,,,,,,3038
AMBER,CALL SPRD,,,,,,,,,,,18.13
AMBER,PUT SPRD,,,,,,,,,,,3.69
AMBER,CALL OI FIX,3549,,,,,,,,,,4120
AMBER,PUT OI FIX,2615,,,,,,,,,,2738
AMBER,CALL DOI,,,,,,,,,,,93969
AMBER,PUT DOI,,,,,,,,,,,-134949
AMBER,CALL GEX,,,,,,,,,,,14155
AMBER,PUT GEX,,,,,,,,,,,12937
AMBER,GEX STRIKE,,,,,,,,,,,6700.0
AMBER,EXPIRY,,,,,,,,,,,2026-10-27
AMBER,ATM IV,,,,,,,,,,,34.61
AMBUJACEM,PRICE,341.0,356.9,,,,344.55,349.12,343.71,370.05,364.85,344.5
AMBUJACEM,VWAP,,,,,,,,,,,343.34
AMBUJACEM,CASH VOL,2489181,3466426,1132952,52.38,57.04,,,,,,472894
AMBUJACEM,F&O VOL,1009,577,,,,,,,,,118
AMBUJACEM,F&O OI,94446,95217,,,,,,,,,94368
AMBUJACEM,CALL VOL,61,35,,,,,,,,,0
AMBUJACEM,CALL OI,1538,1577,,,,,,,,,1538
AMBUJACEM,PUT VOL,45,48,,,,,,,,,4
AMBUJACEM,PUT OI,2297,2329,,,,,,,,,2294
AMBUJACEM,CALL SPRD,,,,,,,,,,,138.98
AMBUJACEM,PUT SPRD,,,,,,,,,,,126.73
AMBUJACEM,CALL OI FIX,667,,,,,,,,,,667
AMBUJACEM,PUT OI FIX,1948,,,,,,,,,,1945
AMBUJACEM,CALL DOI,,,,,,,,,,,437629
AMBUJACEM,PUT DOI,,,,,,,,,,,-1610689
AMBUJACEM,CALL GEX,,,,,,,,,,,81005
AMBUJACEM,PUT GEX,,,,,,,,,,,125655
AMBUJACEM,GEX STRIKE,,,,,,,,,,,370.0
AMBUJACEM,EXPIRY,,,,,,,,,,,2026-10-27
AMBUJACEM,ATM IV,,,,,,,,,,,27.73
ANGELONE,PRICE,295.0,302.0,,,,296.5,297.55,295.85,277.1,276.9,290.8
ANGELONE,VWAP,,,,,,,,,,,291.6
ANGELONE,CASH VOL,7127359,13538340,1450715,41.86,34.45,,,,,,630261
ANGELONE,F&O VOL,20852,49910,,,,,,,,,3050
ANGELONE,F&O OI,29821,29220,,,,,,,,,29964
ANGELONE,CALL VOL,7007,18350,,,,,,,,,1044
ANGELONE,CALL OI,6249,5648,,,,,,,,,6370
ANGELONE,PUT VOL,6261,14204,,,,,,,,,870
ANGELONE,PUT OI,4204,4325,,,,,,,,,4098
ANGELONE,CALL SPRD,,,,,,,,,,,2.23
ANGELONE,PUT SPRD,,,,,,,,,,,1.39
ANGELONE,CALL OI FIX,7590,,,,,,,,,,7706
ANGELONE,PUT OI FIX,4093,,,,,,,,,,3988
ANGELONE,CALL DOI,,,,,,,,,,,7401614
ANGELONE,PUT DOI,,,,,,,,,,,-3999807
ANGELONE,CALL GEX,,,,,,,,,,,696489
ANGELONE,PUT GEX,,,,,,,,,,,330290
ANGELONE,GEX STRIKE,,,,,,,,,,,300.0
ANGELONE,EXPIRY,,,,,,,,,,,2026-10-27
ANGELONE,ATM IV,,,,,,,,,,,42.39
APLAPOLLO,PRICE,2040.0,2135.0,,,,2052.2,2082.5,2054.17,2142.0,2124.47,2044.9
APLAPOLLO,VWAP,,,,,,,,,,,2041.75
APLAPOLLO,CASH VOL,253118,613418,82099,43.36,60.8,,,,,,66452
APLAPOLLO,F&O VOL,10605,7858,,,,,,,,,1465
APLAPOLLO,F&O OI,60194,59277,,,,,,,,,60465
APLAPOLLO,CALL VOL,1625,2158,,,,,,,,,312
APLAPOLLO,CALL OI,1836,1415,,,,,,,,,1895
APLAPOLLO,PUT VOL,2587,1870,,,,,,,,,314
APLAPOLLO,PUT OI,2040,2077,,,,,,,,,2035
APLAPOLLO,CALL SPRD,,,,,,,,,,,2.06
APLAPOLLO,PUT SPRD,,,,,,,,,,,1.51
APLAPOLLO,CALL OI FIX,1836,,,,,,,,,,1895
APLAPOLLO,PUT OI FIX,2040,,,,,,,,,,2035
APLAPOLLO,CALL DOI,,,,,,,,,,,275554
APLAPOLLO,PUT DOI,,,,,,,,,,,-368553
APLAPOLLO,CALL GEX,,,,,,,,,,,33707
APLAPOLLO,PUT GEX,,,,,,,,,,,35128
APLAPOLLO,GEX STRIKE,,,,,,,,,,,2100.0
APLAPOLLO,EXPIRY,,,,,,,,,,,2026-10-27
APLAPOLLO,ATM IV,,,,,,,,,,,33.11
APOLLOHOSP,PRICE,7666.0,7917.0,,,,7950.0,7749.75,7693.92,8408.0,8225.0,7827.0
APOLLOHOSP,VWAP,,,,,,,,,,,7849.28
APOLLOHOSP,CASH VOL,928942,545499,233840,63.86,64.07,,,,,,444366
APOLLOHOSP,F&O VOL,59950,33636,,,,,,,,,37779
APOLLOHOSP,F&O OI,60368,57459,,,,,,,,,60870
APOLLOHOSP,CALL VOL,21735,13949,,,,,,,,,18827
APOLLOHOSP,CALL OI,10107,7737,,,,,,,,,10315
APOLLOHOSP,PUT VOL,18860,8744,,,,,,,,,9647
APOLLOHOSP,PUT OI,8137,8541,,,,,,,,,8648
APOLLOHOSP,CALL SPRD,,,,,,,,,,,1.45
APOLLOHOSP,PUT SPRD,,,,,,,,,,,0.77
APOLLOHOSP,CALL OI FIX,8494,,,,,,,,,,8772
APOLLOHOSP,PUT OI FIX,8290,,,,,,,,,,8792
APOLLOHOSP,CALL DOI,,,,,,,,,,,475103
APOLLOHOSP,PUT DOI,,,,,,,,,,,-481091
APOLLOHOSP,CALL GEX,,,,,,,,,,,92469
APOLLOHOSP,PUT GEX,,,,,,,,,,,56555
APOLLOHOSP,GEX STRIKE,,,,,,,,,,,8000.0
APOLLOHOSP,EXPIRY,,,,,,,,,,,2026-10-27
APOLLOHOSP,ATM IV,,,,,,,,,,,24.13
ASHOKLEY,PRICE,145.02,149.2,,,,146.0,147.16,145.73,153.69,151.55,145.03
ASHOKLEY,VWAP,,,,,,,,,,,144.62
ASHOKLEY,CASH VOL,15971379,11928149,4836786,50.1,40.18,,,,,,1322705
ASHOKLEY,F&O VOL,32912,32602,,,,,,,,,3543
ASHOKLEY,F&O OI,52361,52251,,,,,,,,,52823
ASHOKLEY,CALL VOL,12472,8184,,,,,,,,,1668
ASHOKLEY,CALL OI,5633,5884,,,,,,,,,5876
ASHOKLEY,PUT VOL,8999,7626,,,,,,,,,721
ASHOKLEY,PUT OI,6718,6557,,,,,,,,,6766
ASHOKLEY,CALL SPRD,,,,,,,,,,,1.19
ASHOKLEY,PUT SPRD,,,,,,,,,,,1.51
ASHOKLEY,CALL OI FIX,5633,,,,,,,,,,5876
ASHOKLEY,PUT OI FIX,6718,,,,,,,,,,6766
ASHOKLEY,CALL DOI,,,,,,,,,,,9414080
ASHOKLEY,PUT DOI,,,,,,,,,,,-18825122
ASHOKLEY,CALL GEX,,,,,,,,,,,1336815
ASHOKLEY,PUT GEX,,,,,,,,,,,1531931
ASHOKLEY,GEX STRIKE,,,,,,,,,,,150.0
ASHOKLEY,EXPIRY,,,,,,,,,,,2026-10-27
ASHOKLEY,ATM IV,,,,,,,,,,,31.66
ASIANPAINT,PRICE,2311.6,2372.1,,,,2324.0,2339.3,2320.83,2409.3,2407.77,2340.0
ASIANPAINT,VWAP,,,,,,,,,,,2333.05
ASIANPAINT,CASH VOL,652405,522763,245442,57.11,51.78,,,,,,25779
ASIANPAINT,F&O VOL,20366,27819,,,,,,,,,3372
ASIANPAINT,F&O OI,52095,51071,,,,,,,,,52536
ASIANPAINT,CALL VOL,6013,7954,,,,,,,,,1305
ASIANPAINT,CALL OI,4971,4345,,,,,,,,,4935
ASIANPAINT,PUT VOL,6435,10473,,,,,,,,,664
ASIANPAINT,PUT OI,4505,4475,,,,,,,,,4608
ASIANPAINT,CALL SPRD,,,,,,,,,,,0.88
ASIANPAINT,PUT SPRD,,,,,,,,,,,1.4
ASIANPAINT,CALL OI FIX,4446,,,,,,,,,,4394
ASIANPAINT,PUT OI FIX,4331,,,,,,,,,,4448
ASIANPAINT,CALL DOI,,,,,,,,,,,486105
ASIANPAINT,PUT DOI,,,,,,,,,,,-520818
ASIANPAINT,CALL GEX,,,,,,,,,,,88225
ASIANPAINT,PUT GEX,,,,,,,,,,,80734
ASIANPAINT,GEX STRIKE,,,,,,,,,,,2400.0
ASIANPAINT,EXPIRY,,,,,,,,,,,2026-10-27
ASIANPAINT,ATM IV,,,,,,,,,,,22.78
ASTRAL,PRICE,1408.5,1427.7,,,,1408.1,1430.25,1415.75,1354.5,1347.5,1417.5
ASTRAL,VWAP,,,,,,,,,,,1417.0
ASTRAL,CASH VOL,579289,759824,148995,46.67,40.23,,,,,,31549
ASTRAL,F&O VOL,14208,28702,,,,,,,,,1016
ASTRAL,F&O OI,19105,19290,,,,,,,,,19143
ASTRAL,CALL VOL,6504,15140,,,,,,,,,412
ASTRAL,CALL OI,2702,2835,,,,,,,,,2745
ASTRAL,PUT VOL,4162,6542,,,,,,,,,322
ASTRAL,PUT OI,2070,2120,,,,,,,,,2079
ASTRAL,CALL SPRD,,,,,,,,,,,1.99
ASTRAL,PUT SPRD,,,,,,,,,,,2.08
ASTRAL,CALL OI FIX,2454,,,,,,,,,,2495
ASTRAL,PUT OI FIX,2226,,,,,,,,,,2231
ASTRAL,CALL DOI,,,,,,,,,,,495529
ASTRAL,PUT DOI,,,,,,,,,,,-361140
ASTRAL,CALL GEX,,,,,,,,,,,64179
ASTRAL,PUT GEX,,,,,,,,,,,45688
ASTRAL,GEX STRIKE,,,,,,,,,,,1400.0
ASTRAL,EXPIRY,,,,,,,,,,,2026-10-27
ASTRAL,ATM IV,,,,,,,,,,,27.14
AUBANK,PRICE,975.0,993.4,,,,981.8,985.95,978.65,995.35,989.78,984.1
AUBANK,VWAP,,,,,,,,,,,979.4
AUBANK,CASH VOL,973635,1757696,380651,62.95,48.35,,,,,,117841
AUBANK,F&O VOL,11611,19279,,,,,,,,,1331
AUBANK,F&O OI,35443,35435,,,,,,,,,35635
AUBANK,CALL VOL,3028,4013,,,,,,,,,527
AUBANK,CALL OI,2768,2281,,,,,,,,,2851
AUBANK,PUT VOL,2538,5036,,,,,,,,,241
AUBANK,PUT OI,3787,3699,,,,,,,,,3821
AUBANK,CALL SPRD,,,,,,,,,,,1.78
AUBANK,PUT SPRD,,,,,,,,,,,1.94
AUBANK,CALL OI FIX,2495,,,,,,,,,,2561
AUBANK,PUT OI FIX,4004,,,,,,,,,,4038
AUBANK,CALL DOI,,,,,,,,,,,1288367
AUBANK,PUT DOI,,,,,,,,,,,-1739940
AUBANK,CALL GEX,,,,,,,,,,,151354
AUBANK,PUT GEX,,,,,,,,,,,209478
AUBANK,GEX STRIKE,,,,,,,,,,,1000.0
AUBANK,EXPIRY,,,,,,,,,,,2026-10-27
AUBANK,ATM IV,,,,,,,,,,,31.05
AUROPHARMA,PRICE,1645.0,1682.0,,,,1645.9,1661.45,1650.48,1681.5,1678.37,1638.3
AUROPHARMA,VWAP,,,,,,,,,,,1641.65
AUROPHARMA,CASH VOL,439291,438151,197586,58.22,49.35,,,,,,24150
AUROPHARMA,F&O VOL,11975,9265,,,,,,,,,958
AUROPHARMA,F&O OI,36289,36183,,,,,,,,,36313
AUROPHARMA,CALL VOL,3368,2706,,,,,,,,,372
AUROPHARMA,CALL OI,4674,4646,,,,,,,,,4733
AUROPHARMA,PUT VOL,4383,2811,,,,,,,,,318
AUROPHARMA,PUT OI,4700,4614,,,,,,,,,4724
AUROPHARMA,CALL SPRD,,,,,,,,,,,1.92
AUROPHARMA,PUT SPRD,,,,,,,,,,,1.77
AUROPHARMA,CALL OI FIX,4674,,,,,,,,,,4733
AUROPHARMA,PUT OI FIX,4700,,,,,,,,,,4724
AUROPHARMA,CALL DOI,,,,,,,,,,,946962
AUROPHARMA,PUT DOI,,,,,,,,,,,-1305504
AUROPHARMA,CALL GEX,,,,,,,,,,,156290
AUROPHARMA,PUT GEX,,,,,,,,,,,145981
AUROPHARMA,GEX STRIKE,,,,,,,,,,,1700.0
AUROPHARMA,EXPIRY,,,,,,,,,,,2026-10-27
AUROPHARMA,ATM IV,,,,,,,,,,,27.12
AXISBANK,PRICE,1245.0,1242.5,,,,1249.0,1244.93,1244.8,1216.75,1216.05,1256.1
AXISBANK,VWAP,,,,,,,,,,,1247.83
AXISBANK,CASH VOL,7360960,9678421,1818180,56.22,56.22,,,,,,373671
AXISBANK,F&O VOL,91396,99017,,,,,,,,,10559
AXISBANK,F&O OI,216095,210241,,,,,,,,,216289
AXISBANK,CALL VOL,34980,37267,,,,,,,,,5296
AXISBANK,CALL OI,29014,23490,,,,,,,,,28667
AXISBANK,PUT VOL,22855,23059,,,,,,,,,2074
AXISBANK,PUT OI,10790,10389,,,,,,,,,10929
AXISBANK,CALL SPRD,,,,,,,,,,,0.53
AXISBANK,PUT SPRD,,,,,,,,,,,0.94
AXISBANK,CALL OI FIX,29561,,,,,,,,,,29224
AXISBANK,PUT OI FIX,12088,,,,,,,,,,12182
AXISBANK,CALL DOI,,,,,,,,,,,9579621
AXISBANK,PUT DOI,,,,,,,,,,,-2865958
AXISBANK,CALL GEX,,,,,,,,,,,1018167
AXISBANK,PUT GEX,,,,,,,,,,,513358
AXISBANK,GEX STRIKE,,,,,,,,,,,1260.0
AXISBANK,EXPIRY,,,,,,,,,,,2026-10-27
AXISBANK,ATM IV,,,,,,,,,,,24.66
BAJAJ-AUTO,PRICE,9637.0,9884.0,,,,9663.0,9765.5,9679.83,10585.0,10225.0,9690.0
BAJAJ-AUTO,VWAP,,,,,,,,,,,9677.62
BAJAJ-AUTO,CASH VOL,198806,442314,83751,55.16,52.2,,,,,,23848
BAJAJ-AUTO,F&O VOL,55009,104938,,,,,,,,,7254
BAJAJ-AUTO,F&O OI,91152,90825,,,,,,,,,92055
BAJAJ-AUTO,CALL VOL,14570,28420,,,,,,,,,2990
BAJAJ-AUTO,CALL OI,10586,9551,,,,,,,,,11030
BAJAJ-AUTO,PUT VOL,15321,33872,,,,,,,,,1272
BAJAJ-AUTO,PUT OI,8745,9220,,,,,,,,,8816
BAJAJ-AUTO,CALL SPRD,,,,,,,,,,,2.14
BAJAJ-AUTO,PUT SPRD,,,,,,,,,,,2.23
BAJAJ-AUTO,CALL OI FIX,9070,,,,,,,,,,9485
BAJAJ-AUTO,PUT OI FIX,8597,,,,,,,,,,8752
BAJAJ-AUTO,CALL DOI,,,,,,,,,,,272819
BAJAJ-AUTO,PUT DOI,,,,,,,,,,,-338920
BAJAJ-AUTO,CALL GEX,,,,,,,,,,,58436
BAJAJ-AUTO,PUT GEX,,,,,,,,,,,41517
BAJAJ-AUTO,GEX STRIKE,,,,,,,,,,,10000.0
BAJAJ-AUTO,EXPIRY,,,,,,,,,,,2026-10-27
BAJAJ-AUTO,ATM IV,,,,,,,,,,,22.73
BAJAJFINSV,PRICE,1708.0,1743.3,,,,1713.0,1719.3,1711.77,1735.55,1733.58,1723.5
BAJAJFINSV,VWAP,,,,,,,,,,,1719.14
BAJAJFINSV,CASH VOL,1193738,990041,380234,57.69,61.19,,,,,,18386
BAJAJFINSV,F&O VOL,17849,19545,,,,,,,,,2170
BAJAJFINSV,F&O OI,48843,48452,,,,,,,,,48881
BAJAJFINSV,CALL VOL,6191,7343,,,,,,,,,1136
BAJAJFINSV,CALL OI,4524,4392,,,,,,,,,4506
BAJAJFINSV,PUT VOL,5971,5549,,,,,,,,,428
BAJAJFINSV,PUT OI,5413,5433,,,,,,,,,5446
BAJAJFINSV,CALL SPRD,,,,,,,,,,,0.95
BAJAJFINSV,PUT SPRD,,,,,,,,,,,1.3
BAJAJFINSV,CALL OI FIX,4258,,,,,,,,,,4204
BAJAJFINSV,PUT OI FIX,5989,,,,,,,,,,6060
BAJAJFINSV,CALL DOI,,,,,,,,,,,541871
BAJAJFINSV,PUT DOI,,,,,,,,,,,-708370
BAJAJFINSV,CALL GEX,,,,,,,,,,,84940
BAJAJFINSV,PUT GEX,,,,,,,,,,,113419
BAJAJFINSV,GEX STRIKE,,,,,,,,,,,1700.0
BAJAJFINSV,EXPIRY,,,,,,,,,,,2026-10-27
BAJAJFINSV,ATM IV,,,,,,,,,,,23.96
BAJAJHLDNG,PRICE,10600.0,10662.0,,,,10628.0,10730.0,10643.33,10677.5,10669.83,10668.0
BAJAJHLDNG,VWAP,,,,,,,,,,,10646.81
BAJAJHLDNG,CASH VOL,54532,39078,14624,47.93,57.49,,,,,,1768
BAJAJHLDNG,F&O VOL,2886,2335,,,,,,,,,59
BAJAJHLDNG,F&O OI,4087,4123,,,,,,,,,4101
BAJAJHLDNG,CALL VOL,944,375,,,,,,,,,36
BAJAJHLDNG,CALL OI,296,238,,,,,,,,,308
BAJAJHLDNG,PUT VOL,513,51,,,,,,,,,4
BAJAJHLDNG,PUT OI,415,537,,,,,,,,,416
BAJAJHLDNG,CALL SPRD,,,,,,,,,,,7.83
BAJAJHLDNG,PUT SPRD,,,,,,,,,,,7.93
BAJAJHLDNG,CALL OI FIX,296,,,,,,,,,,308
BAJAJHLDNG,PUT OI FIX,415,,,,,,,,,,416
BAJAJHLDNG,CALL DOI,,,,,,,,,,,9990
BAJAJHLDNG,PUT DOI,,,,,,,,,,,-14820
BAJAJHLDNG,CALL GEX,,,,,,,,,,,1428
BAJAJHLDNG,PUT GEX,,,,,,,,,,,1697
BAJAJHLDNG,GEX STRIKE,,,,,,,,,,,10700.0
BAJAJHLDNG,EXPIRY,,,,,,,,,,,2026-10-27
BAJAJHLDNG,ATM IV,,,,,,,,,,,29.52
BAJFINANCE,PRICE,955.95,963.85,,,,951.95,955.48,954.52,964.8,953.8,961.9
BAJFINANCE,VWAP,,,,,,,,,,,957.91
BAJFINANCE,CASH VOL,9368412,11415155,2657095,63.47,55.88,,,,,,816939
BAJFINANCE,F&O VOL,59126,90628,,,,,,,,,6701
BAJFINANCE,F&O OI,134409,131171,,,,,,,,,134872
BAJFINANCE,CALL VOL,18193,35890,,,,,,,,,2985
BAJFINANCE,CALL OI,13039,12514,,,,,,,,,13143
BAJFINANCE,PUT VOL,13907,20473,,,,,,,,,1521
BAJFINANCE,PUT OI,12159,11798,,,,,,,,,12265
BAJFINANCE,CALL SPRD,,,,,,,,,,,0.69
BAJFINANCE,PUT SPRD,,,,,,,,,,,1.32
BAJFINANCE,CALL OI FIX,13039,,,,,,,,,,13143
BAJFINANCE,PUT OI FIX,12159,,,,,,,,,,12265
BAJFINANCE,CALL DOI,,,,,,,,,,,4246961
BAJFINANCE,PUT DOI,,,,,,,,,,,-4262574
BAJFINANCE,CALL GEX,,,,,,,,,,,496922
BAJFINANCE,PUT GEX,,,,,,,,,,,555367
BAJFINANCE,GEX STRIKE,,,,,,,,,,,1000.0
BAJFINANCE,EXPIRY,,,,,,,,,,,2026-10-27
BAJFINANCE,ATM IV,,,,,,,,,,,30.94
BANDHANBNK,PRICE,155.54,162.99,,,,157.0,158.71,156.6,179.93,177.31,156.11
BANDHANBNK,VWAP,,,,,,,,,,,155.6
BANDHANBNK,CASH VOL,14678826,10016167,2852292,40.4,34.87,,,,,,1438413
BANDHANBNK,F&O VOL,1979,532,,,,,,,,,114
BANDHANBNK,F&O OI,51594,52961,,,,,,,,,51579
BANDHANBNK,CALL VOL,7,5,,,,,,,,,0
BANDHANBNK,CALL OI,408,405,,,,,,,,,408
BANDHANBNK,PUT VOL,33,38,,,,,,,,,0
BANDHANBNK,PUT OI,896,905,,,,,,,,,896
BANDHANBNK,CALL SPRD,,,,,,,,,,,160.96
BANDHANBNK,PUT SPRD,,,,,,,,,,,147.78
BANDHANBNK,CALL OI FIX,408,,,,,,,,,,408
BANDHANBNK,PUT OI FIX,896,,,,,,,,,,896
BANDHANBNK,CALL DOI,,,,,,,,,,,669512
BANDHANBNK,PUT DOI,,,,,,,,,,,-1760697
BANDHANBNK,CALL GEX,,,,,,,,,,,35610
BANDHANBNK,PUT GEX,,,,,,,,,,,103038
BANDHANBNK,GEX STRIKE,,,,,,,,,,,160.0
BANDHANBNK,EXPIRY,,,,,,,,,,,2026-10-27
BANDHANBNK,ATM IV,,,,,,,,,,,62.59
BANKBARODA,PRICE,234.0,234.55,,,,234.77,236.24,234.75,230.47,229.76,237.09
BANKBARODA,VWAP,,,,,,,,,,,235.69
BANKBARODA,CASH VOL,14608595,6320157,3971248,51.67,42.43,,,,,,792500
BANKBARODA,F&O VOL,35434,24615,,,,,,,,,4081
BANKBARODA,F&O OI,74660,74110,,,,,,,,,74777
BANKBARODA,CALL VOL,15557,11721,,,,,,,,,2071
BANKBARODA,CALL OI,8995,9127,,,,,,,,,9150
BANKBARODA,PUT VOL,9798,4464,,,,,,,,,1259
BANKBARODA,PUT OI,6464,6179,,,,,,,,,6356
BANKBARODA,CALL SPRD,,,,,,,,,,,0.87
BANKBARODA,PUT SPRD,,,,,,,,,,,1.5
BANKBARODA,CALL OI FIX,7758,,,,,,,,,,7917
BANKBARODA,PUT OI FIX,6162,,,,,,,,,,6070
BANKBARODA,CALL DOI,,,,,,,,,,,12913452
BANKBARODA,PUT DOI,,,,,,,,,,,-7222838
BANKBARODA,CALL GEX,,,,,,,,,,,1503076
BANKBARODA,PUT GEX,,,,,,,,,,,1133628
BANKBARODA,GEX STRIKE,,,,,,,,,,,240.0
BANKBARODA,EXPIRY,,,,,,,,,,,2026-10-27
BANKBARODA,ATM IV,,,,,,,,,,,26.82
BANKINDIA,PRICE,132.35,133.55,,,,133.0,133.69,132.8,132.12,130.36,134.11
BANKINDIA,VWAP,,,,,,,,,,,133.15
BANKINDIA,CASH VOL,5494158,9853574,1212232,38.16,37.55,,,,,,961695
BANKINDIA,F&O VOL,8275,20083,,,,,,,,,594
BANKINDIA,F&O OI,23268,23323,,,,,,,,,23303
BANKINDIA,CALL VOL,4501,10415,,,,,,,,,362
BANKINDIA,CALL OI,5057,4749,,,,,,,,,5078
BANKINDIA,PUT VOL,1477,5214,,,,,,,,,135
BANKINDIA,PUT OI,3309,3383,,,,,,,,,3325
BANKINDIA,CALL SPRD,,,,,,,,,,,1.79
BANKINDIA,PUT SPRD,,,,,,,,,,,2.14
BANKINDIA,CALL OI FIX,4968,,,,,,,,,,4989
BANKINDIA,PUT OI FIX,3625,,,,,,,,,,3641
BANKINDIA,CALL DOI,,,,,,,,,,,10713464
BANKINDIA,PUT DOI,,,,,,,,,,,-7583298
BANKINDIA,CALL GEX,,,,,,,,,,,1085899
BANKINDIA,PUT GEX,,,,,,,,,,,864628
BANKINDIA,GEX STRIKE,,,,,,,,,,,135.0
BANKINDIA,EXPIRY,,,,,,,,,,,2026-10-27
BANKINDIA,ATM IV,,,,,,,,,,,33.17
BDL,PRICE,1050.5,1085.0,,,,1056.0,1067.65,1056.22,1106.05,1093.95,1061.6
BDL,VWAP,,,,,,,,,,,1058.72
BDL,CASH VOL,853117,790105,269413,42.35,31.9,,,,,,104665
BDL,F&O VOL,15554,13491,,,,,,,,,1363
BDL,F&O OI,37366,36439,,,,,,,,,37360
BDL,CALL VOL,5614,4398,,,,,,,,,791
BDL,CALL OI,4306,3724,,,,,,,,,4284
BDL,PUT VOL,3970,2733,,,,,,,,,203
BDL,PUT OI,5737,5608,,,,,,,,,5770
BDL,CALL SPRD,,,,,,,,,,,2.63
BDL,PUT SPRD,,,,,,,,,,,2.23
BDL,CALL OI FIX,4306,,,,,,,,,,4284
BDL,PUT OI FIX,5737,,,,,,,,,,5770
BDL,CALL DOI,,,,,,,,,,,580134
BDL,PUT DOI,,,,,,,,,,,-1282020
BDL,CALL GEX,,,,,,,,,,,75834
BDL,PUT GEX,,,,,,,,,,,98637
BDL,GEX STRIKE,,,,,,,,,,,1100.0
BDL,EXPIRY,,,,,,,,,,,2026-10-27
BDL,ATM IV,,,,,,,,,,,35.73
BEL,PRICE,367.3,378.3,,,,367.3,372.15,368.92,386.05,384.08,362.2
BEL,VWAP,,,,,,,,,,,363.34
BEL,CASH VOL,13373488,13636290,3436011,60.44,62.14,,,,,,2528128
BEL,F&O VOL,58407,45620,,,,,,,,,10329
BEL,F&O OI,118468,114368,,,,,,,,,120495
BEL,CALL VOL,13285,7598,,,,,,,,,3534
BEL,CALL OI,7150,4668,,,,,,,,,8174
BEL,PUT VOL,16002,12509,,,,,,,,,2677
BEL,PUT OI,10055,9288,,,,,,,,,10303
BEL,CALL SPRD,,,,,,,,,,,0.91
BEL,PUT SPRD,,,,,,,,,,,1.42
BEL,CALL OI FIX,10956,,,,,,,,,,12069
BEL,PUT OI FIX,12177,,,,,,,,,,12418
BEL,CALL DOI,,,,,,,,,,,3372539
BEL,PUT DOI,,,,,,,,,,,-7603257
BEL,CALL GEX,,,,,,,,,,,667723
BEL,PUT GEX,,,,,,,,,,,677179
BEL,GEX STRIKE,,,,,,,,,,,380.0
BEL,EXPIRY,,,,,,,,,,,2026-10-27
BEL,ATM IV,,,,,,,,,,,27.19
BHARATFORG,PRICE,1790.6,1841.8,,,,1791.0,1810.0,1797.07,1919.85,1889.95,1780.6
BHARATFORG,VWAP,,,,,,,,,,,1782.84
BHARATFORG,CASH VOL,484831,410629,212858,45.77,43.58,,,,,,33832
BHARATFORG,F&O VOL,11405,11261,,,,,,,,,1185
BHARATFORG,F&O OI,28651,28590,,,,,,,,,28793
BHARATFORG,CALL VOL,2788,1714,,,,,,,,,355
BHARATFORG,CALL OI,1575,1227,,,,,,,,,1598
BHARATFORG,PUT VOL,3571,3797,,,,,,,,,335
BHARATFORG,PUT OI,2909,3073,,,,,,,,,2957
BHARATFORG,CALL SPRD,,,,,,,,,,,3.54
BHARATFORG,PUT SPRD,,,,,,,,,,,2.44
BHARATFORG,CALL OI FIX,2243,,,,,,,,,,2276
BHARATFORG,PUT OI FIX,3619,,,,,,,,,,3667
BHARATFORG,CALL DOI,,,,,,,,,,,255475
BHARATFORG,PUT DOI,,,,,,,,,,,-783834
BHARATFORG,CALL GEX,,,,,,,,,,,50070
BHARATFORG,PUT GEX,,,,,,,,,,,75923
BHARATFORG,GEX STRIKE,,,,,,,,,,,1800.0
BHARATFORG,EXPIRY,,,,,,,,,,,2026-10-27
BHARATFORG,ATM IV,,,,,,,,,,,27.68
BHARTIARTL,PRICE,1804.6,1833.9,,,,1804.6,1818.75,1809.32,1756.9,1746.37,1807.9
BHARTIARTL,VWAP,,,,,,,,,,,1807.49
BHARTIARTL,CASH VOL,6582419,13920833,1683056,66.88,66.95,,,,,,503392
BHARTIARTL,F&O VOL,122259,278690,,,,,,,,,13090
BHARTIARTL,F&O OI,200362,200830,,,,,,,,,200694
BHARTIARTL,CALL VOL,50569,143055,,,,,,,,,7464
BHARTIARTL,CALL OI,42578,40606,,,,,,,,,42568
BHARTIARTL,PUT VOL,42204,84777,,,,,,,,,3839
BHARTIARTL,PUT OI,25581,26703,,,,,,,,,25666
BHARTIARTL,CALL SPRD,,,,,,,,,,,0.65
BHARTIARTL,PUT SPRD,,,,,,,,,,,1.1
BHARTIARTL,CALL OI FIX,42578,,,,,,,,,,42568
BHARTIARTL,PUT OI FIX,25581,,,,,,,,,,25666
BHARTIARTL,CALL DOI,,,,,,,,,,,8056138
BHARTIARTL,PUT DOI,,,,,,,,,,,-4789281
BHARTIARTL,CALL GEX,,,,,,,,,,,2205579
BHARTIARTL,PUT GEX,,,,,,,,,,,1003067
BHARTIARTL,GEX STRIKE,,,,,,,,,,,1840.0
BHARTIARTL,EXPIRY,,,,,,,,,,,2026-10-27
BHARTIARTL,ATM IV,,,,,,,,,,,14.54
BHEL,PRICE,429.6,448.5,,,,433.6,440.45,433.22,419.12,415.38,423.8
BHEL,VWAP,,,,,,,,,,,424.67
BHEL,CASH VOL,12838774,14450998,2062168,42.29,44.37,,,,,,1668649
BHEL,F&O VOL,59562,45394,,,,,,,,,12208
BHEL,F&O OI,56748,56799,,,,,,,,,58007
BHEL,CALL VOL,13387,7927,,,,,,,,,4331
BHEL,CALL OI,8738,7694,,,,,,,,,9532
BHEL,PUT VOL,19216,11386,,,,,,,,,3401
BHEL,PUT OI,7494,7924,,,,,,,,,7572
BHEL,CALL SPRD,,,,,,,,,,,1.31
BHEL,PUT SPRD,,,,,,,,,,,1.41
BHEL,CALL OI FIX,8900,,,,,,,,,,9698
BHEL,PUT OI FIX,6295,,,,,,,,,,6360
BHEL,CALL DOI,,,,,,,,,,,11212387
BHEL,PUT DOI,,,,,,,,,,,-8815345
BHEL,CALL GEX,,,,,,,,,,,1101038
BHEL,PUT GEX,,,,,,,,,,,746309
BHEL,GEX STRIKE,,,,,,,,,,,450.0
BHEL,EXPIRY,,,,,,,,,,,2026-10-27
BHEL,ATM IV,,,,,,,,,,,39.23
BIOCON,PRICE,350.0,360.0,,,,349.55,354.17,351.39,372.4,371.27,345.8
BIOCON,VWAP,,,,,,,,,,,346.32
BIOCON,CASH VOL,2135284,4416752,609461,42.17,51.16,,,,,,214201
BIOCON,F&O VOL,16037,16402,,,,,,,,,1827
BIOCON,F&O OI,38032,37092,,,,,,,,,38265
BIOCON,CALL VOL,4534,3598,,,,,,,,,850
BIOCON,CALL OI,2518,1760,,,,,,,,,2708
BIOCON,PUT VOL,3871,4957,,,,,,,,,459
BIOCON,PUT OI,4498,4059,,,,,,,,,4547
BIOCON,CALL SPRD,,,,,,,,,,,2.02
BIOCON,PUT SPRD,,,,,,,,,,,2.74
BIOCON,CALL OI FIX,2883,,,,,,,,,,3066
BIOCON,PUT OI FIX,4665,,,,,,,,,,4713
BIOCON,CALL DOI,,,,,,,,,,,1926732
BIOCON,PUT DOI,,,,,,,,,,,-6737110
BIOCON,CALL GEX,,,,,,,,,,,364181
BIOCON,PUT GEX,,,,,,,,,,,563606
BIOCON,GEX STRIKE,,,,,,,,,,,360.0
BIOCON,EXPIRY,,,,,,,,,,,2026-10-27
BIOCON,ATM IV,,,,,,,,,,,28.34
BLUESTARCO,PRICE,1519.0,1530.1,,,,1539.9,1529.05,1522.35,1518.75,1479.32,1550.8
BLUESTARCO,VWAP,,,,,,,,,,,1548.42
BLUESTARCO,CASH VOL,232039,436486,54376,38.76,34.72,,,,,,61619
BLUESTARCO,F&O VOL,6679,12420,,,,,,,,,1471
BLUESTARCO,F&O OI,29642,29192,,,,,,,,,29572
BLUESTARCO,CALL VOL,2413,3950,,,,,,,,,1014
BLUESTARCO,CALL OI,3406,3308,,,,,,,,,3394
BLUESTARCO,PUT VOL,1314,2247,,,,,,,,,129
BLUESTARCO,PUT OI,1827,1899,,,,,,,,,1833
BLUESTARCO,CALL SPRD,,,,,,,,,,,1.54
BLUESTARCO,PUT SPRD,,,,,,,,,,,3.08
BLUESTARCO,CALL OI FIX,3186,,,,,,,,,,3177
BLUESTARCO,PUT OI FIX,2511,,,,,,,,,,2514
BLUESTARCO,CALL DOI,,,,,,,,,,,577438
BLUESTARCO,PUT DOI,,,,,,,,,,,-230217
BLUESTARCO,CALL GEX,,,,,,,,,,,57925
BLUESTARCO,PUT GEX,,,,,,,,,,,25083
BLUESTARCO,GEX STRIKE,,,,,,,,,,,1600.0
BLUESTARCO,EXPIRY,,,,,,,,,,,2026-10-27
BLUESTARCO,ATM IV,,,,,,,,,,,34.13
BOSCHLTD,PRICE,43155.0,44410.0,,,,43155.0,43725.0,43345.0,46210.0,45723.33,43125.0
BOSCHLTD,VWAP,,,,,,,,,,,42968.92
BOSCHLTD,CASH VOL,21529,21193,5794,40.16,45.32,,,,,,2576
BOSCHLTD,F&O VOL,19189,11638,,,,,,,,,2692
BOSCHLTD,F&O OI,19106,17714,,,,,,,,,19544
BOSCHLTD,CALL VOL,2540,953,,,,,,,,,745
BOSCHLTD,CALL OI,1297,800,,,,,,,,,1493
BOSCHLTD,PUT VOL,3852,2627,,,,,,,,,271
BOSCHLTD,PUT OI,2772,2626,,,,,,,,,2804
BOSCHLTD,CALL SPRD,,,,,,,,,,,2.49
BOSCHLTD,PUT SPRD,,,,,,,,,,,5.04
BOSCHLTD,CALL OI FIX,1297,,,,,,,,,,1493
BOSCHLTD,PUT OI FIX,2772,,,,,,,,,,2804
BOSCHLTD,CALL DOI,,,,,,,,,,,12340
BOSCHLTD,PUT DOI,,,,,,,,,,,-30410
BOSCHLTD,CALL GEX,,,,,,,,,,,2253
BOSCHLTD,PUT GEX,,,,,,,,,,,4516
BOSCHLTD,GEX STRIKE,,,,,,,,,,,42000.0
BOSCHLTD,EXPIRY,,,,,,,,,,,2026-10-27
BOSCHLTD,ATM IV,,,,,,,,,,,23.98
BPCL,PRICE,286.25,296.35,,,,287.9,289.05,287.18,302.5,301.23,287.85
BPCL,VWAP,,,,,,,,,,,287.43
BPCL,CASH VOL,7116001,6249901,2826663,56.03,61.85,,,,,,285896
BPCL,F&O VOL,19188,10514,,,,,,,,,1160
BPCL,F&O OI,31378,30808,,,,,,,,,31411
BPCL,CALL VOL,7453,3321,,,,,,,,,483
BPCL,CALL OI,4389,3505,,,,,,,,,4411
BPCL,PUT VOL,6912,4026,,,,,,,,,401
BPCL,PUT OI,3399,3875,,,,,,,,,3395
BPCL,CALL SPRD,,,,,,,,,,,1.59
BPCL,PUT SPRD,,,,,,,,,,,1.97
BPCL,CALL OI FIX,3836,,,,,,,,,,3862
BPCL,PUT OI FIX,3360,,,,,,,,,,3348
BPCL,CALL DOI,,,,,,,,,,,2245494
BPCL,PUT DOI,,,,,,,,,,,-3574319
BPCL,CALL GEX,,,,,,,,,,,428904
BPCL,PUT GEX,,,,,,,,,,,310454
BPCL,GEX STRIKE,,,,,,,,,,,300.0
BPCL,EXPIRY,,,,,,,,,,,2026-10-27
BPCL,ATM IV,,,,,,,,,,,27.3
BRITANNIA,PRICE,4745.6,4780.0,,,,4769.8,4795.15,4762.12,4835.0,4797.0,4807.4
BRITANNIA,VWAP,,,,,,,,,,,4796.29
BRITANNIA,CASH VOL,193750,248082,55914,49.58,53.59,,,,,,9339
BRITANNIA,F&O VOL,12731,12948,,,,,,,,,1327
BRITANNIA,F&O OI,31965,32084,,,,,,,,,31948
BRITANNIA,CALL VOL,6332,5912,,,,,,,,,500
BRITANNIA,CALL OI,3453,3594,,,,,,,,,3420
BRITANNIA,PUT VOL,3352,3360,,,,,,,,,328
BRITANNIA,PUT OI,2819,2744,,,,,,,,,2804
BRITANNIA,CALL SPRD,,,,,,,,,,,1.4
BRITANNIA,PUT SPRD,,,,,,,,,,,2.54
BRITANNIA,CALL OI FIX,3242,,,,,,,,,,3194
BRITANNIA,PUT OI FIX,3054,,,,,,,,,,3044
BRITANNIA,CALL DOI,,,,,,,,,,,153844
BRITANNIA,PUT DOI,,,,,,,,,,,-162160
BRITANNIA,CALL GEX,,,,,,,,,,,32975
BRITANNIA,PUT GEX,,,,,,,,,,,24405
BRITANNIA,GEX STRIKE,,,,,,,,,,,5000.0
BRITANNIA,EXPIRY,,,,,,,,,,,2026-10-27
BRITANNIA,ATM IV,,,,,,,,,,,20.75
BSE,PRICE,3334.8,3356.0,,,,3330.0,3350.0,3339.87,3100.0,3064.0,3291.9
BSE,VWAP,,,,,,,,,,,3294.97
BSE,CASH VOL,4342269,6608257,907827,43.1,39.95,,,,,,431447
BSE,F&O VOL,125843,232075,,,,,,,,,20620
BSE,F&O OI,146879,141944,,,,,,,,,147708
BSE,CALL VOL,46015,94235,,,,,,,,,7352
BSE,CALL OI,30843,26872,,,,,,,,,31678
BSE,PUT VOL,38485,58441,,,,,,,,,6934
BSE,PUT OI,18261,18522,,,,,,,,,17918
BSE,CALL SPRD,,,,,,,,,,,0.67
BSE,PUT SPRD,,,,,,,,,,,0.69
BSE,CALL OI FIX,34992,,,,,,,,,,35885
BSE,PUT OI FIX,17721,,,,,,,,,,17357
BSE,CALL DOI,,,,,,,,,,,3161628
BSE,PUT DOI,,,,,,,,,,,-1442527
BSE,CALL GEX,,,,,,,,,,,291371
BSE,PUT GEX,,,,,,,,,,,135487
BSE,GEX STRIKE,,,,,,,,,,,3300.0
BSE,EXPIRY,,,,,,,,,,,2026-10-27
BSE,ATM IV,,,,,,,,,,,37.53
CAMS,PRICE,662.5,694.6,,,,665.05,676.8,667.27,687.17,680.56,664.9
CAMS,VWAP,,,,,,,,,,,664.29
CAMS,CASH VOL,1020764,1014012,238796,48.85,42.0,,,,,,142048
CAMS,F&O VOL,14523,10863,,,,,,,,,1498
CAMS,F&O OI,20791,18980,,,,,,,,,21035
CAMS,CALL VOL,3965,3048,,,,,,,,,439
CAMS,CALL OI,1803,1452,,,,,,,,,1842
CAMS,PUT VOL,6352,2495,,,,,,,,,830
CAMS,PUT OI,3409,2023,,,,,,,,,3597
CAMS,CALL SPRD,,,,,,,,,,,1.82
CAMS,PUT SPRD,,,,,,,,,,,2.15
CAMS,CALL OI FIX,1803,,,,,,,,,,1842
CAMS,PUT OI FIX,3409,,,,,,,,,,3597
CAMS,CALL DOI,,,,,,,,,,,492469
CAMS,PUT DOI,,,,,,,,,,,-1307837
CAMS,CALL GEX,,,,,,,,,,,79741
CAMS,PUT GEX,,,,,,,,,,,147642
CAMS,GEX STRIKE,,,,,,,,,,,660.0
CAMS,EXPIRY,,,,,,,,,,,2026-10-27
CAMS,ATM IV,,,,,,,,,,,29.98
CANBK,PRICE,117.35,119.15,,,,117.99,118.78,117.83,120.59,119.11,118.82
CANBK,VWAP,,,,,,,,,,,118.07
CANBK,CASH VOL,15108675,17756429,3352542,38.6,34.82,,,,,,1420868
CANBK,F&O VOL,15455,19659,,,,,,,,,1621
CANBK,F&O OI,75068,74057,,,,,,,,,75123
CANBK,CALL VOL,5070,5862,,,,,,,,,654
CANBK,CALL OI,4633,4117,,,,,,,,,4704
CANBK,PUT VOL,2494,2878,,,,,,,,,196
CANBK,PUT OI,4119,3914,,,,,,,,,4134
CANBK,CALL SPRD,,,,,,,,,,,2.03
CANBK,PUT SPRD,,,,,,,,,,,2.61
CANBK,CALL OI FIX,3751,,,,,,,,,,3812
CANBK,PUT OI FIX,3556,,,,,,,,,,3571
CANBK,CALL DOI,,,,,,,,,,,15268138
CANBK,PUT DOI,,,,,,,,,,,-13176145
CANBK,CALL GEX,,,,,,,,,,,1654189
CANBK,PUT GEX,,,,,,,,,,,1628207
CANBK,GEX STRIKE,,,,,,,,,,,120.0
CANBK,EXPIRY,,,,,,,,,,,2026-10-27
CANBK,ATM IV,,,,,,,,,,,32.09
CDSL,PRICE,1258.0,1275.0,,,,1255.0,1261.95,1259.32,1270.95,1251.98,1254.6
CDSL,VWAP,,,,,,,,,,,1252.61
CDSL,CASH VOL,695430,1021756,148045,40.17,34.39,,,,,,123131
CDSL,F&O VOL,12694,22568,,,,,,,,,2273
CDSL,F&O OI,46590,46018,,,,,,,,,46699
CDSL,CALL VOL,5443,10844,,,,,,,,,1098
CDSL,CALL OI,6285,5813,,,,,,,,,6320
CDSL,PUT VOL,3559,4365,,,,,,,,,569
CDSL,PUT OI,7452,7266,,,,,,,,,7435
CDSL,CALL SPRD,,,,,,,,,,,1.46
CDSL,PUT SPRD,,,,,,,,,,,1.46
CDSL,CALL OI FIX,6285,,,,,,,,,,6320
CDSL,PUT OI FIX,7452,,,,,,,,,,7435
CDSL,CALL DOI,,,,,,,,,,,993417
CDSL,PUT DOI,,,,,,,,,,,-1794362
CDSL,CALL GEX,,,,,,,,,,,146659
CDSL,PUT GEX,,,,,,,,,,,169883
CDSL,GEX STRIKE,,,,,,,,,,,1300.0
CDSL,EXPIRY,,,,,,,,,,,2026-10-27
CDSL,ATM IV,,,,,,,,,,,31.12
CGPOWER,PRICE,862.05,894.5,,,,862.05,879.15,867.75,876.68,872.05,844.9
CGPOWER,VWAP,,,,,,,,,,,848.62
CGPOWER,CASH VOL,1549328,1854228,520730,46.76,54.16,,,,,,413752
CGPOWER,F&O VOL,13590,14509,,,,,,,,,5242
CGPOWER,F&O OI,29413,29043,,,,,,,,,30469
CGPOWER,CALL VOL,1949,6336,,,,,,,,,1426
CGPOWER,CALL OI,1190,1000,,,,,,,,,1743
CGPOWER,PUT VOL,4174,4109,,,,,,,,,1729
CGPOWER,PUT OI,2689,2604,,,,,,,,,2914
CGPOWER,CALL SPRD,,,,,,,,,,,1.14
CGPOWER,PUT SPRD,,,,,,,,,,,1.09
CGPOWER,CALL OI FIX,2391,,,,,,,,,,3037
CGPOWER,PUT OI FIX,2966,,,,,,,,,,3166
CGPOWER,CALL DOI,,,,,,,,,,,655904
CGPOWER,PUT DOI,,,,,,,,,,,-1240228
CGPOWER,CALL GEX,,,,,,,,,,,84811
CGPOWER,PUT GEX,,,,,,,,,,,100570
CGPOWER,GEX STRIKE,,,,,,,,,,,860.0
CGPOWER,EXPIRY,,,,,,,,,,,2026-10-27
CGPOWER,ATM IV,,,,,,,,,,,34.1
CHOLAFIN,PRICE,1544.0,1564.7,,,,1547.0,1557.35,1548.45,1611.8,1590.6,1569.1
CHOLAFIN,VWAP,,,,,,,,,,,1561.03
CHOLAFIN,CASH VOL,1539977,1859926,380334,60.44,52.7,,,,,,121392
CHOLAFIN,F&O VOL,20648,27276,,,,,,,,,2140
CHOLAFIN,F&O OI,34010,34223,,,,,,,,,34662
CHOLAFIN,CALL VOL,7264,6632,,,,,,,,,843
CHOLAFIN,CALL OI,2026,1982,,,,,,,,,2371
CHOLAFIN,PUT VOL,6901,8162,,,,,,,,,761
CHOLAFIN,PUT OI,3578,3536,,,,,,,,,3845
CHOLAFIN,CALL SPRD,,,,,,,,,,,1.78
CHOLAFIN,PUT SPRD,,,,,,,,,,,2.34
CHOLAFIN,CALL OI FIX,1676,,,,,,,,,,2011
CHOLAFIN,PUT OI FIX,3501,,,,,,,,,,3690
CHOLAFIN,CALL DOI,,,,,,,,,,,635939
CHOLAFIN,PUT DOI,,,,,,,,,,,-1143958
CHOLAFIN,CALL GEX,,,,,,,,,,,73218
CHOLAFIN,PUT GEX,,,,,,,,,,,126898
CHOLAFIN,GEX STRIKE,,,,,,,,,,,1600.0
CHOLAFIN,EXPIRY,,,,,,,,,,,2026-10-27
CHOLAFIN,ATM IV,,,,,,,,,,,32.62
CIPLA,PRICE,1306.8,1327.2,,,,1310.5,1313.1,1308.9,1369.2,1352.4,1300.5
CIPLA,VWAP,,,,,,,,,,,1300.92
CIPLA,CASH VOL,551708,847901,252745,50.13,61.7,,,,,,41488
CIPLA,F&O VOL,17505,14992,,,,,,,,,1833
CIPLA,F&O OI,44065,42902,,,,,,,,,44295
CIPLA,CALL VOL,4275,2971,,,,,,,,,569
CIPLA,CALL OI,2452,1872,,,,,,,,,2562
CIPLA,PUT VOL,5909,3642,,,,,,,,,557
CIPLA,PUT OI,3655,3530,,,,,,,,,3740
CIPLA,CALL SPRD,,,,,,,,,,,1.15
CIPLA,PUT SPRD,,,,,,,,,,,1.12
CIPLA,CALL OI FIX,2844,,,,,,,,,,2952
CIPLA,PUT OI FIX,3532,,,,,,,,,,3604
CIPLA,CALL DOI,,,,,,,,,,,394490
CIPLA,PUT DOI,,,,,,,,,,,-804713
CIPLA,CALL GEX,,,,,,,,,,,75159
CIPLA,PUT GEX,,,,,,,,,,,96834
CIPLA,GEX STRIKE,,,,,,,,,,,1340.0
CIPLA,EXPIRY,,,,,,,,,,,2026-10-27
CIPLA,ATM IV,,,,,,,,,,,24.93
COALINDIA,PRICE,409.35,414.5,,,,408.45,409.29,409.18,424.6,421.8,407.7
COALINDIA,VWAP,,,,,,,,,,,406.59
COALINDIA,CASH VOL,5463875,6400277,1717805,62.74,60.0,,,,,,414774
COALINDIA,F&O VOL,42304,39774,,,,,,,,,4124
COALINDIA,F&O OI,100308,100750,,,,,,,,,100799
COALINDIA,CALL VOL,17135,18835,,,,,,,,,1954
COALINDIA,CALL OI,14467,13990,,,,,,,,,14777
COALINDIA,PUT VOL,14566,9973,,,,,,,,,1597
COALINDIA,PUT OI,8558,8567,,,,,,,,,8728
COALINDIA,CALL SPRD,,,,,,,,,,,0.67
COALINDIA,PUT SPRD,,,,,,,,,,,1.1
COALINDIA,CALL OI FIX,14467,,,,,,,,,,14777
COALINDIA,PUT OI FIX,8558,,,,,,,,,,8728
COALINDIA,CALL DOI,,,,,,,,,,,6401587
COALINDIA,PUT DOI,,,,,,,,,,,-6144389
COALINDIA,CALL GEX,,,,,,,,,,,1250081
COALINDIA,PUT GEX,,,,,,,,,,,721214
COALINDIA,GEX STRIKE,,,,,,,,,,,420.0
COALINDIA,EXPIRY,,,,,,,,,,,2026-10-27
COALINDIA,ATM IV,,,,,,,,,,,22.88
COCHINSHIP,PRICE,1200.0,1255.1,,,,1214.9,1228.0,1209.33,1319.0,1297.67,1223.5
COCHINSHIP,VWAP,,,,,,,,,,,1223.35
COCHINSHIP,CASH VOL,940775,929402,328937,45.32,47.12,,,,,,243297
COCHINSHIP,F&O VOL,8992,5895,,,,,,,,,2561
COCHINSHIP,F&O OI,27254,26320,,,,,,,,,27245
COCHINSHIP,CALL VOL,2782,1085,,,,,,,,,1576
COCHINSHIP,CALL OI,2068,1433,,,,,,,,,2191
COCHINSHIP,PUT VOL,2102,1415,,,,,,,,,323
COCHINSHIP,PUT OI,2054,1865,,,,,,,,,2031
COCHINSHIP,CALL SPRD,,,,,,,,,,,1.11
COCHINSHIP,PUT SPRD,,,,,,,,,,,2.69
COCHINSHIP,CALL OI FIX,1872,,,,,,,,,,2004
COCHINSHIP,PUT OI FIX,2008,,,,,,,,,,1985
COCHINSHIP,CALL DOI,,,,,,,,,,,260000
COCHINSHIP,PUT DOI,,,,,,,,,,,-400609
COCHINSHIP,CALL GEX,,,,,,,,,,,42616
COCHINSHIP,PUT GEX,,,,,,,,,,,35076
COCHINSHIP,GEX STRIKE,,,,,,,,,,,1300.0
COCHINSHIP,EXPIRY,,,,,,,,,,,2026-10-27
COCHINSHIP,ATM IV,,,,,,,,,,,31.23
COFORGE,PRICE,1814.3,1822.2,,,,1839.3,1837.55,1822.05,1809.5,1776.5,1856.0
COFORGE,VWAP,,,,,,,,,,,1865.39
COFORGE,CASH VOL,1849205,1016382,494600,39.0,47.23,,,,,,506551
COFORGE,F&O VOL,43360,10128,,,,,,,,,16212
COFORGE,F&O OI,48784,48733,,,,,,,,,49259
COFORGE,CALL VOL,24352,4402,,,,,,,,,7838
COFORGE,CALL OI,7691,7150,,,,,,,,,7518
COFORGE,PUT VOL,6805,2003,,,,,,,,,3637
COFORGE,PUT OI,4637,4589,,,,,,,,,4844
COFORGE,CALL SPRD,,,,,,,,,,,0.68
COFORGE,PUT SPRD,,,,,,,,,,,0.8
COFORGE,CALL OI FIX,7395,,,,,,,,,,7271
COFORGE,PUT OI FIX,4932,,,,,,,,,,5122
COFORGE,CALL DOI,,,,,,,,,,,2014868
COFORGE,PUT DOI,,,,,,,,,,,-901480
COFORGE,CALL GEX,,,,,,,,,,,188272
COFORGE,PUT GEX,,,,,,,,,,,76926
COFORGE,GEX STRIKE,,,,,,,,,,,1800.0
COFORGE,EXPIRY,,,,,,,,,,,2026-10-27
COFORGE,ATM IV,,,,,,,,,,,40.61
COLPAL,PRICE,1735.7,1757.4,,,,1736.2,1758.85,1743.42,1787.0,1752.33,1826.0
COLPAL,VWAP,,,,,,,,,,,1816.03
COLPAL,CASH VOL,234538,184471,73123,52.04,60.08,,,,,,351153
COLPAL,F&O VOL,5372,6690,,,,,,,,,13832
COLPAL,F&O OI,33780,33548,,,,,,,,,35405
COLPAL,CALL VOL,2340,2599,,,,,,,,,8592
COLPAL,CALL OI,4166,3981,,,,,,,,,4890
COLPAL,PUT VOL,1003,1038,,,,,,,,,2456
COLPAL,PUT OI,3054,3016,,,,,,,,,3477
COLPAL,CALL SPRD,,,,,,,,,,,0.85
COLPAL,PUT SPRD,,,,,,,,,,,0.9
COLPAL,CALL OI FIX,2326,,,,,,,,,,2827
COLPAL,PUT OI FIX,2717,,,,,,,,,,3167
COLPAL,CALL DOI,,,,,,,,,,,649574
COLPAL,PUT DOI,,,,,,,,,,,-406576
COLPAL,CALL GEX,,,,,,,,,,,70521
COLPAL,PUT GEX,,,,,,,,,,,52195
COLPAL,GEX STRIKE,,,,,,,,,,,1900.0
COLPAL,EXPIRY,,,,,,,,,,,2026-10-27
COLPAL,ATM IV,,,,,,,,,,,30.12
CONCOR,PRICE,434.0,439.75,,,,435.05,439.02,435.67,448.9,444.3,437.0
CONCOR,VWAP,,,,,,,,,,,436.18
CONCOR,CASH VOL,1456360,967884,366102,51.22,54.44,,,,,,53362
CONCOR,F&O VOL,6772,3585,,,,,,,,,383
CONCOR,F&O OI,29250,29147,,,,,,,,,29270
CONCOR,CALL VOL,2642,1336,,,,,,,,,170
CONCOR,CALL OI,1792,1659,,,,,,,,,1801
CONCOR,PUT VOL,895,546,,,,,,,,,35
CONCOR,PUT OI,2007,2053,,,,,,,,,2005
CONCOR,CALL SPRD,,,,,,,,,,,4.16
CONCOR,PUT SPRD,,,,,,,,,,,3.13
CONCOR,CALL OI FIX,1792,,,,,,,,,,1801
CONCOR,PUT OI FIX,2007,,,,,,,,,,2005
CONCOR,CALL DOI,,,,,,,,,,,811915
CONCOR,PUT DOI,,,,,,,,,,,-1345150
CONCOR,CALL GEX,,,,,,,,,,,120882
CONCOR,PUT GEX,,,,,,,,,,,117908
CONCOR,GEX STRIKE,,,,,,,,,,,450.0
CONCOR,EXPIRY,,,,,,,,,,,2026-10-27
CONCOR,ATM IV,,,,,,,,,,,28.49
CROMPTON,PRICE,204.34,210.7,,,,205.39,207.81,205.5,211.2,205.53,209.36
CROMPTON,VWAP,,,,,,,,,,,208.44
CROMPTON,CASH VOL,2157911,1159041,684704,49.39,46.52,,,,,,660521
CROMPTON,F&O VOL,8258,7803,,,,,,,,,1699
CROMPTON,F&O OI,47023,46891,,,,,,,,,47028
CROMPTON,CALL VOL,2524,2715,,,,,,,,,590
CROMPTON,CALL OI,2897,2749,,,,,,,,,2833
CROMPTON,PUT VOL,1727,2351,,,,,,,,,265
CROMPTON,PUT OI,2911,3162,,,,,,,,,2900
CROMPTON,CALL SPRD,,,,,,,,,,,1.72
CROMPTON,PUT SPRD,,,,,,,,,,,1.23
CROMPTON,CALL OI FIX,1856,,,,,,,,,,1826
CROMPTON,PUT OI FIX,2563,,,,,,,,,,2558
CROMPTON,CALL DOI,,,,,,,,,,,2655674
CROMPTON,PUT DOI,,,,,,,,,,,-3057274
CROMPTON,CALL GEX,,,,,,,,,,,289023
CROMPTON,PUT GEX,,,,,,,,,,,275194
CROMPTON,GEX STRIKE,,,,,,,,,,,220.0
CROMPTON,EXPIRY,,,,,,,,,,,2026-10-27
CROMPTON,ATM IV,,,,,,,,,,,36.23
CUMMINSIND,PRICE,4740.9,4872.2,,,,4740.9,4798.5,4760.1,4853.5,4840.5,4706.3
CUMMINSIND,VWAP,,,,,,,,,,,4711.31
CUMMINSIND,CASH VOL,224821,631136,86396,61.65,62.62,,,,,,30658
CUMMINSIND,F&O VOL,6602,14043,,,,,,,,,1484
CUMMINSIND,F&O OI,36715,36490,,,,,,,,,36904
CUMMINSIND,CALL VOL,786,878,,,,,,,,,236
CUMMINSIND,CALL OI,1099,964,,,,,,,,,1134
CUMMINSIND,PUT VOL,1086,897,,,,,,,,,471
CUMMINSIND,PUT OI,1941,1961,,,,,,,,,2018
CUMMINSIND,CALL SPRD,,,,,,,,,,,4.3
CUMMINSIND,PUT SPRD,,,,,,,,,,,1.74
CUMMINSIND,CALL OI FIX,1456,,,,,,,,,,1527
CUMMINSIND,PUT OI FIX,2158,,,,,,,,,,2235
CUMMINSIND,CALL DOI,,,,,,,,,,,73272
CUMMINSIND,PUT DOI,,,,,,,,,,,-202211
CUMMINSIND,CALL GEX,,,,,,,,,,,14204
CUMMINSIND,PUT GEX,,,,,,,,,,,21550
CUMMINSIND,GEX STRIKE,,,,,,,,,,,4900.0
CUMMINSIND,EXPIRY,,,,,,,,,,,2026-10-27
CUMMINSIND,ATM IV,,,,,,,,,,,27.56
DABUR,PRICE,376.8,383.55,,,,377.2,381.73,378.44,379.85,376.12,383.35
DABUR,VWAP,,,,,,,,,,,381.73
DABUR,CASH VOL,874845,2429201,313887,49.76,63.11,,,,,,115868
DABUR,F&O VOL,14061,22442,,,,,,,,,2095
DABUR,F&O OI,39600,39034,,,,,,,,,39496
DABUR,CALL VOL,7609,10394,,,,,,,,,1390
DABUR,CALL OI,6695,6297,,,,,,,,,6572
DABUR,PUT VOL,3196,5961,,,,,,,,,321
DABUR,PUT OI,5124,5019,,,,,,,,,5114
DABUR,CALL SPRD,,,,,,,,,,,2.05
DABUR,PUT SPRD,,,,,,,,,,,2.05
DABUR,CALL OI FIX,5629,,,,,,,,,,5489
DABUR,PUT OI FIX,5853,,,,,,,,,,5843
DABUR,CALL DOI,,,,,,,,,,,2911729
DABUR,PUT DOI,,,,,,,,,,,-2524972
DABUR,CALL GEX,,,,,,,,,,,520458
DABUR,PUT GEX,,,,,,,,,,,429245
DABUR,GEX STRIKE,,,,,,,,,,,390.0
DABUR,EXPIRY,,,,,,,,,,,2026-10-27
DABUR,ATM IV,,,,,,,,,,,21.88
DALBHARAT,PRICE,1592.9,1640.1,,,,1600.9,1621.75,1602.52,1676.17,1664.3,
DALBHARAT,VWAP,,,,,,,,,,,1599.66
DALBHARAT,CASH VOL,75425,50180,26752,54.59,51.9,,,,,,2606
DALBHARAT,F&O VOL,,,,,,,,,,,
DALBHARAT,F&O OI,,,,,,,,,,,
DALBHARAT,CALL VOL,,,,,,,,,,,
DALBHARAT,CALL OI,,,,,,,,,,,
DALBHARAT,PUT VOL,,,,,,,,,,,
DALBHARAT,PUT OI,,,,,,,,,,,
DALBHARAT,CALL SPRD,,,,,,,,,,,
DALBHARAT,PUT SPRD,,,,,,,,,,,
DALBHARAT,CALL OI FIX,,,,,,,,,,,
DALBHARAT,PUT OI FIX,,,,,,,,,,,
DALBHARAT,CALL DOI,,,,,,,,,,,
DALBHARAT,PUT DOI,,,,,,,,,,,
DALBHARAT,CALL GEX,,,,,,,,,,,
DALBHARAT,PUT GEX,,,,,,,,,,,
DALBHARAT,GEX STRIKE,,,,,,,,,,,
DALBHARAT,EXPIRY,,,,,,,,,,,
DALBHARAT,ATM IV,,,,,,,,,,,
DELHIVERY,PRICE,397.0,398.15,,,,400.0,399.55,397.85,409.45,403.15,396.3
DELHIVERY,VWAP,,,,,,,,,,,396.0
DELHIVERY,CASH VOL,2102812,1068381,738761,49.11,54.1,,,,,,125860
DELHIVERY,F&O VOL,8249,4158,,,,,,,,,629
DELHIVERY,F&O OI,22136,21550,,,,,,,,,22187
DELHIVERY,CALL VOL,3820,1439,,,,,,,,,355
DELHIVERY,CALL OI,1909,1651,,,,,,,,,1961
DELHIVERY,PUT VOL,1491,923,,,,,,,,,78
DELHIVERY,PUT OI,2481,2461,,,,,,,,,2502
DELHIVERY,CALL SPRD,,,,,,,,,,,2.37
DELHIVERY,PUT SPRD,,,,,,,,,,,2.6
DELHIVERY,CALL OI FIX,1909,,,,,,,,,,1961
DELHIVERY,PUT OI FIX,2481,,,,,,,,,,2502
DELHIVERY,CALL DOI,,,,,,,,,,,1390189
DELHIVERY,PUT DOI,,,,,,,,,,,-2420605
DELHIVERY,CALL GEX,,,,,,,,,,,205129
DELHIVERY,PUT GEX,,,,,,,,,,,251344
DELHIVERY,GEX STRIKE,,,,,,,,,,,400.0
DELHIVERY,EXPIRY,,,,,,,,,,,2026-10-27
DELHIVERY,ATM IV,,,,,,,,,,,31.23
DIVISLAB,PRICE,9361.0,9588.0,,,,9417.0,9506.5,9409.5,9366.5,9288.17,9321.5
DIVISLAB,VWAP,,,,,,,,,,,9343.95
DIVISLAB,CASH VOL,441895,422217,69937,61.66,62.5,,,,,,17014
DIVISLAB,F&O VOL,35815,39639,,,,,,,,,5123
DIVISLAB,F&O OI,76828,76907,,,,,,,,,77249
DIVISLAB,CALL VOL,9155,12758,,,,,,,,,1663
DIVISLAB,CALL OI,9135,8607,,,,,,,,,9243
DIVISLAB,PUT VOL,12083,10714,,,,,,,,,1848
DIVISLAB,PUT OI,6642,7877,,,,,,,,,6895
DIVISLAB,CALL SPRD,,,,,,,,,,,1.7
DIVISLAB,PUT SPRD,,,,,,,,,,,1.67
DIVISLAB,CALL OI FIX,9719,,,,,,,,,,9852
DIVISLAB,PUT OI FIX,6410,,,,,,,,,,6654
DIVISLAB,CALL DOI,,,,,,,,,,,373575
DIVISLAB,PUT DOI,,,,,,,,,,,-312388
DIVISLAB,CALL GEX,,,,,,,,,,,61256
DIVISLAB,PUT GEX,,,,,,,,,,,37566
DIVISLAB,GEX STRIKE,,,,,,,,,,,9500.0
DIVISLAB,EXPIRY,,,,,,,,,,,2026-10-27
DIVISLAB,ATM IV,,,,,,,,,,,26.31
DIXON,PRICE,12650.0,13024.0,,,,12730.0,12851.0,12717.0,13208.5,12869.5,12732.0
DIXON,VWAP,,,,,,,,,,,12714.64
DIXON,CASH VOL,215841,157095,71197,36.47,33.74,,,,,,44761
DIXON,F&O VOL,53839,34605,,,,,,,,,7974
DIXON,F&O OI,94395,92151,,,,,,,,,95047
DIXON,CALL VOL,22895,14094,,,,,,,,,4067
DIXON,CALL OI,16421,15088,,,,,,,,,16615
DIXON,PUT VOL,18075,11864,,,,,,,,,2330
DIXON,PUT OI,15084,15337,,,,,,,,,15310
DIXON,CALL SPRD,,,,,,,,,,,0.6
DIXON,PUT SPRD,,,,,,,,,,,1.03
DIXON,CALL OI FIX,16421,,,,,,,,,,16615
DIXON,PUT OI FIX,15084,,,,,,,,,,15310
DIXON,CALL DOI,,,,,,,,,,,269949
DIXON,PUT DOI,,,,,,,,,,,-327963
DIXON,CALL GEX,,,,,,,,,,,36104
DIXON,PUT GEX,,,,,,,,,,,28254
DIXON,GEX STRIKE,,,,,,,,,,,13000.0
DIXON,EXPIRY,,,,,,,,,,,2026-10-27
DIXON,ATM IV,,,,,,,,,,,35.72
DLF,PRICE,636.95,656.0,,,,638.95,643.97,639.29,665.27,660.69,640.2
DLF,VWAP,,,,,,,,,,,638.33
DLF,CASH VOL,4391406,3028905,603305,54.18,52.55,,,,,,145092
DLF,F&O VOL,34690,24711,,,,,,,,,3413
DLF,F&O OI,56977,54913,,,,,,,,,57022
DLF,CALL VOL,12241,7483,,,,,,,,,1316
DLF,CALL OI,6156,4920,,,,,,,,,6193
DLF,PUT VOL,12999,9629,,,,,,,,,1414
DLF,PUT OI,5756,5465,,,,,,,,,5654
DLF,CALL SPRD,,,,,,,,,,,1.14
DLF,PUT SPRD,,,,,,,,,,,1.41
DLF,CALL OI FIX,6156,,,,,,,,,,6193
DLF,PUT OI FIX,5756,,,,,,,,,,5654
DLF,CALL DOI,,,,,,,,,,,1922675
DLF,PUT DOI,,,,,,,,,,,-2613585
DLF,CALL GEX,,,,,,,,,,,296916
DLF,PUT GEX,,,,,,,,,,,255560
DLF,GEX STRIKE,,,,,,,,,,,660.0
DLF,EXPIRY,,,,,,,,,,,2026-10-27
DLF,ATM IV,,,,,,,,,,,31.0
DMART,PRICE,3585.0,3636.0,,,,3577.9,3599.05,3589.68,3813.1,3813.03,3561.2
DMART,VWAP,,,,,,,,,,,3559.75
DMART,CASH VOL,365999,406908,148551,56.41,44.93,,,,,,32365
DMART,F&O VOL,33667,39412,,,,,,,,,5781
DMART,F&O OI,65420,65653,,,,,,,,,65771
DMART,CALL VOL,12622,17248,,,,,,,,,2202
DMART,CALL OI,10867,10276,,,,,,,,,11033
DMART,PUT VOL,10244,10058,,,,,,,,,1664
DMART,PUT OI,10865,11788,,,,,,,,,10868
DMART,CALL SPRD,,,,,,,,,,,1.36
DMART,PUT SPRD,,,,,,,,,,,1.01
DMART,CALL OI FIX,11600,,,,,,,,,,11766
DMART,PUT OI FIX,10907,,,,,,,,,,10899
DMART,CALL DOI,,,,,,,,,,,562588
DMART,PUT DOI,,,,,,,,,,,-814547
DMART,CALL GEX,,,,,,,,,,,87925
DMART,PUT GEX,,,,,,,,,,,77647
DMART,GEX STRIKE,,,,,,,,,,,3600.0
DMART,EXPIRY,,,,,,,,,,,2026-10-27
DMART,ATM IV,,,,,,,,,,,30.3
DRREDDY,PRICE,1180.0,1203.8,,,,1180.0,1184.2,1181.4,1223.85,1212.08,1179.1
DRREDDY,VWAP,,,,,,,,,,,1176.95
DRREDDY,CASH VOL,2278637,1754646,563366,59.8,50.86,,,,,,58335
DRREDDY,F&O VOL,19903,27486,,,,,,,,,2399
DRREDDY,F&O OI,56672,55485,,,,,,,,,56811
DRREDDY,CALL VOL,5759,9806,,,,,,,,,757
DRREDDY,CALL OI,5302,4921,,,,,,,,,5294
DRREDDY,PUT VOL,4520,4795,,,,,,,,,821
DRREDDY,PUT OI,5008,4741,,,,,,,,,5191
DRREDDY,CALL SPRD,,,,,,,,,,,1.65
DRREDDY,PUT SPRD,,,,,,,,,,,1.5
DRREDDY,CALL OI FIX,5302,,,,,,,,,,5294
DRREDDY,PUT OI FIX,5008,,,,,,,,,,5191
DRREDDY,CALL DOI,,,,,,,,,,,1361146
DRREDDY,PUT DOI,,,,,,,,,,,-1595460
DRREDDY,CALL GEX,,,,,,,,,,,215838
DRREDDY,PUT GEX,,,,,,,,,,,175075
DRREDDY,GEX STRIKE,,,,,,,,,,,1200.0
DRREDDY,EXPIRY,,,,,,,,,,,2026-10-27
DRREDDY,ATM IV,,,,,,,,,,,27.76
EICHERMOT,PRICE,6767.5,6960.0,,,,6815.0,6858.75,6797.92,7081.5,6973.83,6898.0
EICHERMOT,VWAP,,,,,,,,,,,6841.85
EICHERMOT,CASH VOL,361283,272452,134633,63.18,50.94,,,,,,37442
EICHERMOT,F&O VOL,30473,23797,,,,,,,,,8221
EICHERMOT,F&O OI,64058,62589,,,,,,,,,64374
EICHERMOT,CALL VOL,9090,7314,,,,,,,,,4614
EICHERMOT,CALL OI,7012,6622,,,,,,,,,7249
EICHERMOT,PUT VOL,13568,8747,,,,,,,,,1906
EICHERMOT,PUT OI,11787,11303,,,,,,,,,11834
EICHERMOT,CALL SPRD,,,,,,,,,,,1.73
EICHERMOT,PUT SPRD,,,,,,,,,,,3.19
EICHERMOT,CALL OI FIX,5993,,,,,,,,,,6213
EICHERMOT,PUT OI FIX,11750,,,,,,,,,,11788
EICHERMOT,CALL DOI,,,,,,,,,,,243521
EICHERMOT,PUT DOI,,,,,,,,,,,-553973
EICHERMOT,CALL GEX,,,,,,,,,,,41682
EICHERMOT,PUT GEX,,,,,,,,,,,77569
EICHERMOT,GEX STRIKE,,,,,,,,,,,7000.0
EICHERMOT,EXPIRY,,,,,,,,,,,2026-10-27
EICHERMOT,ATM IV,,,,,,,,,,,22.84
ETERNAL,PRICE,319.05,328.0,,,,322.1,322.95,320.35,322.45,316.75,320.85
ETERNAL,VWAP,,,,,,,,,,,319.4
ETERNAL,CASH VOL,18044786,23804457,5085317,56.4,55.86,,,,,,1596833
ETERNAL,F&O VOL,38854,37633,,,,,,,,,4784
ETERNAL,F&O OI,90268,90550,,,,,,,,,90632
ETERNAL,CALL VOL,14133,14253,,,,,,,,,2211
ETERNAL,CALL OI,13324,12566,,,,,,,,,13565
ETERNAL,PUT VOL,13186,9327,,,,,,,,,1291
ETERNAL,PUT OI,9947,10159,,,,,,,,,10022
ETERNAL,CALL SPRD,,,,,,,,,,,1.38
ETERNAL,PUT SPRD,,,,,,,,,,,1.14
ETERNAL,CALL OI FIX,13324,,,,,,,,,,13565
ETERNAL,PUT OI FIX,9947,,,,,,,,,,10022
ETERNAL,CALL DOI,,,,,,,,,,,12907637
ETERNAL,PUT DOI,,,,,,,,,,,-10042668
ETERNAL,CALL GEX,,,,,,,,,,,1491986
ETERNAL,PUT GEX,,,,,,,,,,,1095838
ETERNAL,GEX STRIKE,,,,,,,,,,,330.0
ETERNAL,EXPIRY,,,,,,,,,,,2026-10-27
ETERNAL,ATM IV,,,,,,,,,,,34.64
FEDERALBNK,PRICE,321.0,323.5,,,,321.0,322.93,321.64,320.52,318.98,325.55
FEDERALBNK,VWAP,,,,,,,,,,,323.74
FEDERALBNK,CASH VOL,10087249,8632011,1965378,55.45,65.06,,,,,,292327
FEDERALBNK,F&O VOL,16298,19495,,,,,,,,,1570
FEDERALBNK,F&O OI,48679,48926,,,,,,,,,48857
FEDERALBNK,CALL VOL,6548,8497,,,,,,,,,737
FEDERALBNK,CALL OI,4640,4809,,,,,,,,,4678
FEDERALBNK,PUT VOL,5264,4663,,,,,,,,,505
FEDERALBNK,PUT OI,4112,4328,,,,,,,,,4170
FEDERALBNK,CALL SPRD,,,,,,,,,,,1.01
FEDERALBNK,PUT SPRD,,,,,,,,,,,1.23
FEDERALBNK,CALL OI FIX,3944,,,,,,,,,,3979
FEDERALBNK,PUT OI FIX,3862,,,,,,,,,,3920
FEDERALBNK,CALL DOI,,,,,,,,,,,5299091
FEDERALBNK,PUT DOI,,,,,,,,,,,-4386796
FEDERALBNK,CALL GEX,,,,,,,,,,,536799
FEDERALBNK,PUT GEX,,,,,,,,,,,529502
FEDERALBNK,GEX STRIKE,,,,,,,,,,,320.0
FEDERALBNK,EXPIRY,,,,,,,,,,,2026-10-27
FEDERALBNK,ATM IV,,,,,,,,,,,31.44
FORCEMOT,PRICE,16700.0,16956.0,,,,16800.0,16821.5,16740.5,16983.0,16861.0,16664.0
FORCEMOT,VWAP,,,,,,,,,,,16670.77
FORCEMOT,CASH VOL,49079,54188,9259,39.34,38.39,,,,,,9323
FORCEMOT,F&O VOL,7631,8321,,,,,,,,,1045
FORCEMOT,F&O OI,20764,19765,,,,,,,,,20994
FORCEMOT,CALL VOL,2154,1408,,,,,,,,,352
FORCEMOT,CALL OI,2324,2223,,,,,,,,,2443
FORCEMOT,PUT VOL,1608,2479,,,,,,,,,137
FORCEMOT,PUT OI,2771,2691,,,,,,,,,2778
FORCEMOT,CALL SPRD,,,,,,,,,,,8.58
FORCEMOT,PUT SPRD,,,,,,,,,,,8.89
FORCEMOT,CALL OI FIX,2324,,,,,,,,,,2443
FORCEMOT,PUT OI FIX,2771,,,,,,,,,,2778
FORCEMOT,CALL DOI,,,,,,,,,,,19820
FORCEMOT,PUT DOI,,,,,,,,,,,-29947
FORCEMOT,CALL GEX,,,,,,,,,,,2912
FORCEMOT,PUT GEX,,,,,,,,,,,3001
FORCEMOT,GEX STRIKE,,,,,,,,,,,17000.0
FORCEMOT,EXPIRY,,,,,,,,,,,2026-10-27
FORCEMOT,ATM IV,,,,,,,,,,,34.05
FORTIS,PRICE,763.0,779.1,,,,788.0,770.73,765.57,792.78,787.59,783.5
FORTIS,VWAP,,,,,,,,,,,788.85
FORTIS,CASH VOL,1664438,1858360,297285,59.8,56.48,,,,,,1146212
FORTIS,F&O VOL,9165,11027,,,,,,,,,19708
FORTIS,F&O OI,25965,25765,,,,,,,,,28526
FORTIS,CALL VOL,2983,5097,,,,,,,,,9547
FORTIS,CALL OI,2932,2702,,,,,,,,,4042
FORTIS,PUT VOL,2933,2044,,,,,,,,,4412
FORTIS,PUT OI,2790,2791,,,,,,,,,3452
FORTIS,CALL SPRD,,,,,,,,,,,1.3
FORTIS,PUT SPRD,,,,,,,,,,,1.32
FORTIS,CALL OI FIX,2523,,,,,,,,,,3356
FORTIS,PUT OI FIX,2750,,,,,,,,,,3473
FORTIS,CALL DOI,,,,,,,,,,,1454382
FORTIS,PUT DOI,,,,,,,,,,,-1184972
FORTIS,CALL GEX,,,,,,,,,,,201827
FORTIS,PUT GEX,,,,,,,,,,,113055
FORTIS,GEX STRIKE,,,,,,,,,,,800.0
FORTIS,EXPIRY,,,,,,,,,,,2026-10-27
FORTIS,ATM IV,,,,,,,,,,,31.71
GAIL,PRICE,167.7,170.71,,,,167.07,168.45,167.95,171.57,171.34,167.53
GAIL,VWAP,,,,,,,,,,,167.24
GAIL,CASH VOL,7163700,7094410,2969518,68.52,64.15,,,,,,407775
GAIL,F&O VOL,9728,9107,,,,,,,,,1029
GAIL,F&O OI,32716,32265,,,,,,,,,32609
GAIL,CALL VOL,3722,3467,,,,,,,,,652
GAIL,CALL OI,4238,3779,,,,,,,,,4073
GAIL,PUT VOL,3720,3417,,,,,,,,,195
GAIL,PUT OI,2993,3177,,,,,,,,,3040
GAIL,CALL SPRD,,,,,,,,,,,1.52
GAIL,PUT SPRD,,,,,,,,,,,2.17
GAIL,CALL OI FIX,4238,,,,,,,,,,4073
GAIL,PUT OI FIX,2993,,,,,,,,,,3040
GAIL,CALL DOI,,,,,,,,,,,4101564
GAIL,PUT DOI,,,,,,,,,,,-5133440
GAIL,CALL GEX,,,,,,,,,,,816162
GAIL,PUT GEX,,,,,,,,,,,622323
GAIL,GEX STRIKE,,,,,,,,,,,170.0
GAIL,EXPIRY,,,,,,,,,,,2026-10-27
GAIL,ATM IV,,,,,,,,,,,24.13
GLENMARK,PRICE,2192.2,2282.3,,,,2207.0,2232.6,2205.67,2360.4,2340.8,2233.4
GLENMARK,VWAP,,,,,,,,,,,2218.01
GLENMARK,CASH VOL,816490,500247,453966,60.79,50.72,,,,,,33102
GLENMARK,F&O VOL,12252,5188,,,,,,,,,1168
GLENMARK,F&O OI,35863,35241,,,,,,,,,36033
GLENMARK,CALL VOL,3079,1196,,,,,,,,,445
GLENMARK,CALL OI,1575,974,,,,,,,,,1564
GLENMARK,PUT VOL,1831,1010,,,,,,,,,109
GLENMARK,PUT OI,1269,1368,,,,,,,,,1276
GLENMARK,CALL SPRD,,,,,,,,,,,20.35
GLENMARK,PUT SPRD,,,,,,,,,,,8.28
GLENMARK,CALL OI FIX,1296,,,,,,,,,,1291
GLENMARK,PUT OI FIX,1342,,,,,,,,,,1352
GLENMARK,CALL DOI,,,,,,,,,,,229229
GLENMARK,PUT DOI,,,,,,,,,,,-234314
GLENMARK,CALL GEX,,,,,,,,,,,35132
GLENMARK,PUT GEX,,,,,,,,,,,26979
GLENMARK,GEX STRIKE,,,,,,,,,,,2300.0
GLENMARK,EXPIRY,,,,,,,,,,,2026-10-27
GLENMARK,ATM IV,,,,,,,,,,,32.88
GMRAIRPORT,PRICE,87.77,91.19,,,,88.89,89.34,88.29,94.56,93.63,89.49
GMRAIRPORT,VWAP,,,,,,,,,,,89.4
GMRAIRPORT,CASH VOL,55866346,17042601,6937783,75.69,69.75,,,,,,1613155
GMRAIRPORT,F&O VOL,22979,7890,,,,,,,,,1642
GMRAIRPORT,F&O OI,36122,31651,,,,,,,,,36202
GMRAIRPORT,CALL VOL,6983,1048,,,,,,,,,563
GMRAIRPORT,CALL OI,3449,784,,,,,,,,,3489
GMRAIRPORT,PUT VOL,7089,2474,,,,,,,,,279
GMRAIRPORT,PUT OI,4254,3044,,,,,,,,,4281
GMRAIRPORT,CALL SPRD,,,,,,,,,,,3.65
GMRAIRPORT,PUT SPRD,,,,,,,,,,,3.34
GMRAIRPORT,CALL OI FIX,2326,,,,,,,,,,2363
GMRAIRPORT,PUT OI FIX,4051,,,,,,,,,,4079
GMRAIRPORT,CALL DOI,,,,,,,,,,,9512203
GMRAIRPORT,PUT DOI,,,,,,,,,,,-14641906
GMRAIRPORT,CALL GEX,,,,,,,,,,,1375082
GMRAIRPORT,PUT GEX,,,,,,,,,,,1527384
GMRAIRPORT,GEX STRIKE,,,,,,,,,,,91.0
GMRAIRPORT,EXPIRY,,,,,,,,,,,2026-10-27
GMRAIRPORT,ATM IV,,,,,,,,,,,29.14
GODFRYPHLP,PRICE,1771.0,1862.4,,,,1777.0,1818.0,1786.67,1911.7,1870.37,1804.1
GODFRYPHLP,VWAP,,,,,,,,,,,1802.61
GODFRYPHLP,CASH VOL,284307,120245,89286,45.79,34.82,,,,,,38858
GODFRYPHLP,F&O VOL,3176,1453,,,,,,,,,506
GODFRYPHLP,F&O OI,7913,7596,,,,,,,,,7993
GODFRYPHLP,CALL VOL,436,421,,,,,,,,,91
GODFRYPHLP,CALL OI,249,578,,,,,,,,,246
GODFRYPHLP,PUT VOL,497,138,,,,,,,,,69
GODFRYPHLP,PUT OI,267,403,,,,,,,,,310
GODFRYPHLP,CALL SPRD,,,,,,,,,,,3.97
GODFRYPHLP,PUT SPRD,,,,,,,,,,,4.17
GODFRYPHLP,CALL OI FIX,299,,,,,,,,,,297
GODFRYPHLP,PUT OI FIX,313,,,,,,,,,,358
GODFRYPHLP,CALL DOI,,,,,,,,,,,33072
GODFRYPHLP,PUT DOI,,,,,,,,,,,-41537
GODFRYPHLP,CALL GEX,,,,,,,,,,,3478
GODFRYPHLP,PUT GEX,,,,,,,,,,,3803
GODFRYPHLP,GEX STRIKE,,,,,,,,,,,1800.0
GODFRYPHLP,EXPIRY,,,,,,,,,,,2026-10-27
GODFRYPHLP,ATM IV,,,,,,,,,,,34.53
GODREJCP,PRICE,865.0,865.55,,,,867.0,867.9,865.97,857.38,845.79,870.05
GODREJCP,VWAP,,,,,,,,,,,870.2
GODREJCP,CASH VOL,892378,1332394,261574,64.64,60.94,,,,,,147129
GODREJCP,F&O VOL,8663,18101,,,,,,,,,1371
GODREJCP,F&O OI,30833,31136,,,,,,,,,30788
GODREJCP,CALL VOL,3647,8336,,,,,,,,,713
GODREJCP,CALL OI,4046,4079,,,,,,,,,4052
GODREJCP,PUT VOL,2127,4084,,,,,,,,,358
GODREJCP,PUT OI,3279,3391,,,,,,,,,3295
GODREJCP,CALL SPRD,,,,,,,,,,,1.81
GODREJCP,PUT SPRD,,,,,,,,,,,2.22
GODREJCP,CALL OI FIX,3727,,,,,,,,,,3742
GODREJCP,PUT OI FIX,3300,,,,,,,,,,3316
GODREJCP,CALL DOI,,,,,,,,,,,928231
GODREJCP,PUT DOI,,,,,,,,,,,-666545
GODREJCP,CALL GEX,,,,,,,,,,,150866
GODREJCP,PUT GEX,,,,,,,,,,,105666
GODREJCP,GEX STRIKE,,,,,,,,,,,860.0
GODREJCP,EXPIRY,,,,,,,,,,,2026-10-27
GODREJCP,ATM IV,,,,,,,,,,,22.47
GODREJPROP,PRICE,1534.0,1580.2,,,,1541.6,1555.2,1541.07,1637.3,1609.63,1545.6
GODREJPROP,VWAP,,,,,,,,,,,1541.39
GODREJPROP,CASH VOL,866694,196039,180766,48.39,37.52,,,,,,30397
GODREJPROP,F&O VOL,18600,11641,,,,,,,,,1548
GODREJPROP,F&O OI,48750,49710,,,,,,,,,48847
GODREJPROP,CALL VOL,3557,2242,,,,,,,,,443
GODREJPROP,CALL OI,2760,2159,,,,,,,,,2870
GODREJPROP,PUT VOL,5372,3784,,,,,,,,,398
GODREJPROP,PUT OI,5665,5933,,,,,,,,,5650
GODREJPROP,CALL SPRD,,,,,,,,,,,1.56
GODREJPROP,PUT SPRD,,,,,,,,,,,1.51
GODREJPROP,CALL OI FIX,2760,,,,,,,,,,2870
GODREJPROP,PUT OI FIX,5665,,,,,,,,,,5650
GODREJPROP,CALL DOI,,,,,,,,,,,364436
GODREJPROP,PUT DOI,,,,,,,,,,,-1004970
GODREJPROP,CALL GEX,,,,,,,,,,,41574
GODREJPROP,PUT GEX,,,,,,,,,,,76518
GODREJPROP,GEX STRIKE,,,,,,,,,,,1600.0
GODREJPROP,EXPIRY,,,,,,,,,,,2026-10-27
GODREJPROP,ATM IV,,,,,,,,,,,38.46
GRASIM,PRICE,2856.8,2921.1,,,,2863.8,2886.7,2866.77,3065.2,2996.4,2880.7
GRASIM,VWAP,,,,,,,,,,,2869.72
GRASIM,CASH VOL,493070,235855,161022,53.43,57.63,,,,,,16581
GRASIM,F&O VOL,12265,8495,,,,,,,,,867
GRASIM,F&O OI,40017,39336,,,,,,,,,40091
GRASIM,CALL VOL,3230,1267,,,,,,,,,295
GRASIM,CALL OI,1503,983,,,,,,,,,1579
GRASIM,PUT VOL,1937,2244,,,,,,,,,116
GRASIM,PUT OI,1653,1713,,,,,,,,,1685
GRASIM,CALL SPRD,,,,,,,,,,,1.5
GRASIM,PUT SPRD,,,,,,,,,,,2.22
GRASIM,CALL OI FIX,1126,,,,,,,,,,1203
GRASIM,PUT OI FIX,1410,,,,,,,,,,1441
GRASIM,CALL DOI,,,,,,,,,,,152504
GRASIM,PUT DOI,,,,,,,,,,,-208979
GRASIM,CALL GEX,,,,,,,,,,,30886
GRASIM,PUT GEX,,,,,,,,,,,31820
GRASIM,GEX STRIKE,,,,,,,,,,,2940.0
GRASIM,EXPIRY,,,,,,,,,,,2026-10-27
GRASIM,ATM IV,,,,,,,,,,,21.11
GVT&D,PRICE,4200.0,4316.3,,,,4201.0,4233.45,4211.15,4242.95,4222.45,4159.0
GVT&D,VWAP,,,,,,,,,,,4139.71
GVT&D,CASH VOL,517368,660155,174275,61.29,54.76,,,,,,77262
GVT&D,F&O VOL,11946,20530,,,,,,,,,4446
GVT&D,F&O OI,38801,39460,,,,,,,,,39019
GVT&D,CALL VOL,6320,11880,,,,,,,,,2630
GVT&D,CALL OI,6918,7013,,,,,,,,,7019
GVT&D,PUT VOL,2392,3910,,,,,,,,,1158
GVT&D,PUT OI,5619,5845,,,,,,,,,5608
GVT&D,CALL SPRD,,,,,,,,,,,2.02
GVT&D,PUT SPRD,,,,,,,,,,,1.83
GVT&D,CALL OI FIX,6918,,,,,,,,,,7019
GVT&D,PUT OI FIX,5619,,,,,,,,,,5608
GVT&D,CALL DOI,,,,,,,,,,,251853
GVT&D,PUT DOI,,,,,,,,,,,-279809
GVT&D,CALL GEX,,,,,,,,,,,35254
GVT&D,PUT GEX,,,,,,,,,,,32448
GVT&D,GEX STRIKE,,,,,,,,,,,4000.0
GVT&D,EXPIRY,,,,,,,,,,,2026-10-27
GVT&D,ATM IV,,,,,,,,,,,32.78
HAL,PRICE,4647.4,4746.3,,,,4650.0,4690.15,4661.65,4671.6,4624.53,4621.1
HAL,VWAP,,,,,,,,,,,4639.45
HAL,CASH VOL,521431,515972,134273,49.53,49.51,,,,,,100684
HAL,F&O VOL,31985,38226,,,,,,,,,6336
HAL,F&O OI,60509,58907,,,,,,,,,61133
HAL,CALL VOL,9715,8682,,,,,,,,,2238
HAL,CALL OI,6067,5297,,,,,,,,,6314
HAL,PUT VOL,11292,11705,,,,,,,,,2274
HAL,PUT OI,7375,6944,,,,,,,,,7609
HAL,CALL SPRD,,,,,,,,,,,0.57
HAL,PUT SPRD,,,,,,,,,,,0.57
HAL,CALL OI FIX,7220,,,,,,,,,,7414
HAL,PUT OI FIX,7832,,,,,,,,,,8066
HAL,CALL DOI,,,,,,,,,,,339186
HAL,PUT DOI,,,,,,,,,,,-568543
HAL,CALL GEX,,,,,,,,,,,65397
HAL,PUT GEX,,,,,,,,,,,62877
HAL,GEX STRIKE,,,,,,,,,,,4800.0
HAL,EXPIRY,,,,,,,,,,,2026-10-27
HAL,ATM IV,,,,,,,,,,,24.06
HAVELLS,PRICE,1023.7,1060.5,,,,1019.0,1042.45,1029.95,1057.5,1045.83,1025.6
HAVELLS,VWAP,,,,,,,,,,,1023.44
HAVELLS,CASH VOL,637800,486342,206478,60.57,47.25,,,,,,42344
HAVELLS,F&O VOL,7980,9274,,,,,,,,,1176
HAVELLS,F&O OI,33679,33865,,,,,,,,,33838
HAVELLS,CALL VOL,2106,2586,,,,,,,,,405
HAVELLS,CALL OI,2482,2529,,,,,,,,,2497
HAVELLS,PUT VOL,2073,1965,,,,,,,,,317
HAVELLS,PUT OI,2633,2839,,,,,,,,,2694
HAVELLS,CALL SPRD,,,,,,,,,,,1.72
HAVELLS,PUT SPRD,,,,,,,,,,,1.78
HAVELLS,CALL OI FIX,1798,,,,,,,,,,1812
HAVELLS,PUT OI FIX,2193,,,,,,,,,,2254
HAVELLS,CALL DOI,,,,,,,,,,,457260
HAVELLS,PUT DOI,,,,,,,,,,,-711710
HAVELLS,CALL GEX,,,,,,,,,,,67400
HAVELLS,PUT GEX,,,,,,,,,,,71022
HAVELLS,GEX STRIKE,,,,,,,,,,,1060.0
HAVELLS,EXPIRY,,,,,,,,,,,2026-10-27
HAVELLS,ATM IV,,,,,,,,,,,29.98
HCLTECH,PRICE,1176.9,1185.0,,,,1176.9,1194.35,1182.72,1244.65,1243.62,1198.5
HCLTECH,VWAP,,,,,,,,,,,1201.97
HCLTECH,CASH VOL,2500607,1810295,817749,43.29,54.49,,,,,,568363
HCLTECH,F&O VOL,49409,47969,,,,,,,,,23877
HCLTECH,F&O OI,96708,98266,,,,,,,,,96992
HCLTECH,CALL VOL,19820,15889,,,,,,,,,9518
HCLTECH,CALL OI,9984,10056,,,,,,,,,9262
HCLTECH,PUT VOL,8768,7018,,,,,,,,,4610
HCLTECH,PUT OI,6555,6506,,,,,,,,,7210
HCLTECH,CALL SPRD,,,,,,,,,,,0.72
HCLTECH,PUT SPRD,,,,,,,,,,,1.26
HCLTECH,CALL OI FIX,6908,,,,,,,,,,6481
HCLTECH,PUT OI FIX,5255,,,,,,,,,,5925
HCLTECH,CALL DOI,,,,,,,,,,,1670693
HCLTECH,PUT DOI,,,,,,,,,,,-1395200
HCLTECH,CALL GEX,,,,,,,,,,,242823
HCLTECH,PUT GEX,,,,,,,,,,,98717
HCLTECH,GEX STRIKE,,,,,,,,,,,1200.0
HCLTECH,EXPIRY,,,,,,,,,,,2026-10-27
HCLTECH,ATM IV,,,,,,,,,,,37.31
HDFCAMC,PRICE,2245.0,2314.8,,,,2248.6,2275.4,2255.13,2303.65,2294.75,2259.9
HDFCAMC,VWAP,,,,,,,,,,,2249.82
HDFCAMC,CASH VOL,970349,727092,368996,55.08,61.58,,,,,,45369
HDFCAMC,F&O VOL,9291,6262,,,,,,,,,1801
HDFCAMC,F&O OI,33048,32488,,,,,,,,,33158
HDFCAMC,CALL VOL,1350,637,,,,,,,,,655
HDFCAMC,CALL OI,1377,1248,,,,,,,,,1457
HDFCAMC,PUT VOL,2011,1672,,,,,,,,,159
HDFCAMC,PUT OI,1967,1957,,,,,,,,,1931
HDFCAMC,CALL SPRD,,,,,,,,,,,3.08
HDFCAMC,PUT SPRD,,,,,,,,,,,18.24
HDFCAMC,CALL OI FIX,995,,,,,,,,,,1081
HDFCAMC,PUT OI FIX,1862,,,,,,,,,,1826
HDFCAMC,CALL DOI,,,,,,,,,,,200862
HDFCAMC,PUT DOI,,,,,,,,,,,-275205
HDFCAMC,CALL GEX,,,,,,,,,,,22170
HDFCAMC,PUT GEX,,,,,,,,,,,29320
HDFCAMC,GEX STRIKE,,,,,,,,,,,2300.0
HDFCAMC,EXPIRY,,,,,,,,,,,2026-10-27
HDFCAMC,ATM IV,,,,,,,,,,,35.56
HDFCBANK,PRICE,692.25,702.75,,,,696.6,698.15,694.22,720.67,719.62,701.3
HDFCBANK,VWAP,,,,,,,,,,,699.99
HDFCBANK,CASH VOL,26808765,29944008,6759984,55.52,55.74,,,,,,2648789
HDFCBANK,F&O VOL,397222,343450,,,,,,,,,68164
HDFCBANK,F&O OI,978453,956043,,,,,,,,,970794
HDFCBANK,CALL VOL,179992,152479,,,,,,,,,36481
HDFCBANK,CALL OI,166440,151097,,,,,,,,,159999
HDFCBANK,PUT VOL,85322,81069,,,,,,,,,14606
HDFCBANK,PUT OI,96162,92471,,,,,,,,,96963
HDFCBANK,CALL SPRD,,,,,,,,,,,0.3
HDFCBANK,PUT SPRD,,,,,,,,,,,0.83
HDFCBANK,CALL OI FIX,132424,,,,,,,,,,126282
HDFCBANK,PUT OI FIX,90265,,,,,,,,,,91028
HDFCBANK,CALL DOI,,,,,,,,,,,33594534
HDFCBANK,PUT DOI,,,,,,,,,,,-31620424
HDFCBANK,CALL GEX,,,,,,,,,,,6112279
HDFCBANK,PUT GEX,,,,,,,,,,,3869053
HDFCBANK,GEX STRIKE,,,,,,,,,,,720.0
HDFCBANK,EXPIRY,,,,,,,,,,,2026-10-27
HDFCBANK,ATM IV,,,,,,,,,,,23.04
HDFCLIFE,PRICE,544.5,546.05,,,,548.7,545.72,544.91,531.52,526.15,560.35
HDFCLIFE,VWAP,,,,,,,,,,,554.96
HDFCLIFE,CASH VOL,2480224,2546074,1136893,55.48,50.73,,,,,,410230
HDFCLIFE,F&O VOL,30904,28041,,,,,,,,,8734
HDFCLIFE,F&O OI,64934,63998,,,,,,,,,64944
HDFCLIFE,CALL VOL,15456,14397,,,,,,,,,4654
HDFCLIFE,CALL OI,7780,7306,,,,,,,,,7555
HDFCLIFE,PUT VOL,6472,4621,,,,,,,,,1576
HDFCLIFE,PUT OI,2817,2544,,,,,,,,,2993
HDFCLIFE,CALL SPRD,,,,,,,,,,,0.68
HDFCLIFE,PUT SPRD,,,,,,,,,,,1.73
HDFCLIFE,CALL OI FIX,9282,,,,,,,,,,9071
HDFCLIFE,PUT OI FIX,4708,,,,,,,,,,4853
HDFCLIFE,CALL DOI,,,,,,,,,,,4812398
HDFCLIFE,PUT DOI,,,,,,,,,,,-1051917
HDFCLIFE,CALL GEX,,,,,,,,,,,437614
HDFCLIFE,PUT GEX,,,,,,,,,,,176650
HDFCLIFE,GEX STRIKE,,,,,,,,,,,560.0
HDFCLIFE,EXPIRY,,,,,,,,,,,2026-10-27
HDFCLIFE,ATM IV,,,,,,,,,,,29.27
HEROMOTOCO,PRICE,4856.5,5004.0,,,,4864.0,4916.0,4876.33,5220.75,5185.58,4874.0
HEROMOTOCO,VWAP,,,,,,,,,,,4851.91
HEROMOTOCO,CASH VOL,490628,397370,216540,60.65,44.22,,,,,,33218
HEROMOTOCO,F&O VOL,37737,37475,,,,,,,,,5011
HEROMOTOCO,F&O OI,49804,48600,,,,,,,,,50556
HEROMOTOCO,CALL VOL,8872,7020,,,,,,,,,1702
HEROMOTOCO,CALL OI,3430,2426,,,,,,,,,3565
HEROMOTOCO,PUT VOL,13000,12392,,,,,,,,,1129
HEROMOTOCO,PUT OI,5204,4921,,,,,,,,,5287
HEROMOTOCO,CALL SPRD,,,,,,,,,,,2.93
HEROMOTOCO,PUT SPRD,,,,,,,,,,,2.47
HEROMOTOCO,CALL OI FIX,3430,,,,,,,,,,3565
HEROMOTOCO,PUT OI FIX,5204,,,,,,,,,,5287
HEROMOTOCO,CALL DOI,,,,,,,,,,,186012
HEROMOTOCO,PUT DOI,,,,,,,,,,,-399246
HEROMOTOCO,CALL GEX,,,,,,,,,,,31818
HEROMOTOCO,PUT GEX,,,,,,,,,,,47841
HEROMOTOCO,GEX STRIKE,,,,,,,,,,,5000.0
HEROMOTOCO,EXPIRY,,,,,,,,,,,2026-10-27
HEROMOTOCO,ATM IV,,,,,,,,,,,26.13
HINDALCO,PRICE,890.15,910.85,,,,893.85,898.67,892.99,948.2,943.97,896.0
HINDALCO,VWAP,,,,,,,,,,,890.79
HINDALCO,CASH VOL,3807802,3792281,1173644,56.02,54.42,,,,,,352249
HINDALCO,F&O VOL,63829,37547,,,,,,,,,5967
HINDALCO,F&O OI,107607,102744,,,,,,,,,108512
HINDALCO,CALL VOL,16299,8695,,,,,,,,,2236
HINDALCO,CALL OI,6313,3963,,,,,,,,,6641
HINDALCO,PUT VOL,23518,13055,,,,,,,,,1904
HINDALCO,PUT OI,8897,6528,,,,,,,,,9124
HINDALCO,CALL SPRD,,,,,,,,,,,0.93
HINDALCO,PUT SPRD,,,,,,,,,,,1.35
HINDALCO,CALL OI FIX,5208,,,,,,,,,,5514
HINDALCO,PUT OI FIX,9315,,,,,,,,,,9563
HINDALCO,CALL DOI,,,,,,,,,,,1705816
HINDALCO,PUT DOI,,,,,,,,,,,-2971237
HINDALCO,CALL GEX,,,,,,,,,,,255064
HINDALCO,PUT GEX,,,,,,,,,,,351774
HINDALCO,GEX STRIKE,,,,,,,,,,,920.0
HINDALCO,EXPIRY,,,,,,,,,,,2026-10-27
HINDALCO,ATM IV,,,,,,,,,,,27.51
HINDPETRO,PRICE,326.6,343.15,,,,330.4,334.4,329.2,347.3,345.77,329.75
HINDPETRO,VWAP,,,,,,,,,,,329.12
HINDPETRO,CASH VOL,12074362,4508391,3977242,53.8,52.54,,,,,,370168
HINDPETRO,F&O VOL,17360,7272,,,,,,,,,755
HINDPETRO,F&O OI,32026,30157,,,,,,,,,32104
HINDPETRO,CALL VOL,4453,1499,,,,,,,,,276
HINDPETRO,CALL OI,2104,1199,,,,,,,,,2121
HINDPETRO,PUT VOL,6621,2360,,,,,,,,,164
HINDPETRO,PUT OI,3136,2413,,,,,,,,,3156
HINDPETRO,CALL SPRD,,,,,,,,,,,2.43
HINDPETRO,PUT SPRD,,,,,,,,,,,1.71
HINDPETRO,CALL OI FIX,1965,,,,,,,,,,1981
HINDPETRO,PUT OI FIX,3216,,,,,,,,,,3229
HINDPETRO,CALL DOI,,,,,,,,,,,1437721
HINDPETRO,PUT DOI,,,,,,,,,,,-3188382
HINDPETRO,CALL GEX,,,,,,,,,,,206372
HINDPETRO,PUT GEX,,,,,,,,,,,301537
HINDPETRO,GEX STRIKE,,,,,,,,,,,340.0
HINDPETRO,EXPIRY,,,,,,,,,,,2026-10-27
HINDPETRO,ATM IV,,,,,,,,,,,32.48
HINDUNILVR,PRICE,1844.5,1865.4,,,,1843.5,1854.6,1847.87,1880.05,1850.68,1857.6
HINDUNILVR,VWAP,,,,,,,,,,,1855.1
HINDUNILVR,CASH VOL,2027849,620459,861749,61.66,60.13,,,,,,93921
HINDUNILVR,F&O VOL,63301,23329,,,,,,,,,7056
HINDUNILVR,F&O OI,104796,99069,,,,,,,,,104654
HINDUNILVR,CALL VOL,26286,8272,,,,,,,,,3813
HINDUNILVR,CALL OI,13927,12172,,,,,,,,,13964
HINDUNILVR,PUT VOL,19642,7282,,,,,,,,,1695
HINDUNILVR,PUT OI,11966,11264,,,,,,,,,11993
HINDUNILVR,CALL SPRD,,,,,,,,,,,1.21
HINDUNILVR,PUT SPRD,,,,,,,,,,,1.61
HINDUNILVR,CALL OI FIX,12464,,,,,,,,,,12470
HINDUNILVR,PUT OI FIX,11331,,,,,,,,,,11344
HINDUNILVR,CALL DOI,,,,,,,,,,,1677323
HINDUNILVR,PUT DOI,,,,,,,,,,,-1846658
HINDUNILVR,CALL GEX,,,,,,,,,,,326488
HINDUNILVR,PUT GEX,,,,,,,,,,,274349
HINDUNILVR,GEX STRIKE,,,,,,,,,,,1900.0
HINDUNILVR,EXPIRY,,,,,,,,,,,2026-10-27
HINDUNILVR,ATM IV,,,,,,,,,,,19.09
HINDZINC,PRICE,531.75,551.0,,,,537.0,542.38,535.29,563.75,557.95,536.15
HINDZINC,VWAP,,,,,,,,,,,534.09
HINDZINC,CASH VOL,2064026,1999170,396715,45.63,38.1,,,,,,301197
HINDZINC,F&O VOL,19359,11387,,,,,,,,,3237
HINDZINC,F&O OI,44670,41665,,,,,,,,,45195
HINDZINC,CALL VOL,6637,3082,,,,,,,,,1258
HINDZINC,CALL OI,5162,3884,,,,,,,,,5259
HINDZINC,PUT VOL,5893,3431,,,,,,,,,942
HINDZINC,PUT OI,6092,5982,,,,,,,,,6194
HINDZINC,CALL SPRD,,,,,,,,,,,1.38
HINDZINC,PUT SPRD,,,,,,,,,,,1.75
HINDZINC,CALL OI FIX,3723,,,,,,,,,,3845
HINDZINC,PUT OI FIX,5726,,,,,,,,,,5828
HINDZINC,CALL DOI,,,,,,,,,,,1788547
HINDZINC,PUT DOI,,,,,,,,,,,-4337113
HINDZINC,CALL GEX,,,,,,,,,,,252204
HINDZINC,PUT GEX,,,,,,,,,,,340952
HINDZINC,GEX STRIKE,,,,,,,,,,,550.0
HINDZINC,EXPIRY,,,,,,,,,,,2026-10-27
HINDZINC,ATM IV,,,,,,,,,,,33.25
HYUNDAI,PRICE,1915.0,1945.0,,,,1929.0,1925.85,1918.62,2057.5,2035.17,1915.0
HYUNDAI,VWAP,,,,,,,,,,,1908.12
HYUNDAI,CASH VOL,336709,498987,78649,45.31,38.32,,,,,,53160
HYUNDAI,F&O VOL,6464,8308,,,,,,,,,1433
HYUNDAI,F&O OI,24755,23937,,,,,,,,,25130
HYUNDAI,CALL VOL,1304,1911,,,,,,,,,447
HYUNDAI,CALL OI,1555,1454,,,,,,,,,1593
HYUNDAI,PUT VOL,1319,1439,,,,,,,,,117
HYUNDAI,PUT OI,1811,1745,,,,,,,,,1840
HYUNDAI,CALL SPRD,,,,,,,,,,,2.51
HYUNDAI,PUT SPRD,,,,,,,,,,,2.37
HYUNDAI,CALL OI FIX,1555,,,,,,,,,,1593
HYUNDAI,PUT OI FIX,1811,,,,,,,,,,1840
HYUNDAI,CALL DOI,,,,,,,,,,,144372
HYUNDAI,PUT DOI,,,,,,,,,,,-268063
HYUNDAI,CALL GEX,,,,,,,,,,,25563
HYUNDAI,PUT GEX,,,,,,,,,,,23385
HYUNDAI,GEX STRIKE,,,,,,,,,,,2000.0
HYUNDAI,EXPIRY,,,,,,,,,,,2026-10-27
HYUNDAI,ATM IV,,,,,,,,,,,29.65
ICICIBANK,PRICE,1349.0,1357.5,,,,1355.4,1350.4,1349.47,1314.0,1311.73,1350.6
ICICIBANK,VWAP,,,,,,,,,,,1346.98
ICICIBANK,CASH VOL,11277755,14774121,3213597,51.84,60.4,,,,,,728080
ICICIBANK,F&O VOL,117363,116909,,,,,,,,,9857
ICICIBANK,F&O OI,255735,254813,,,,,,,,,256120
ICICIBANK,CALL VOL,37071,45663,,,,,,,,,4934
ICICIBANK,CALL OI,29719,29431,,,,,,,,,30105
ICICIBANK,PUT VOL,30841,30356,,,,,,,,,2644
ICICIBANK,PUT OI,16603,17203,,,,,,,,,16510
ICICIBANK,CALL SPRD,,,,,,,,,,,0.7
ICICIBANK,PUT SPRD,,,,,,,,,,,0.91
ICICIBANK,CALL OI FIX,29719,,,,,,,,,,30105
ICICIBANK,PUT OI FIX,16603,,,,,,,,,,16510
ICICIBANK,CALL DOI,,,,,,,,,,,10909910
ICICIBANK,PUT DOI,,,,,,,,,,,-4653132
ICICIBANK,CALL GEX,,,,,,,,,,,1458807
ICICIBANK,PUT GEX,,,,,,,,,,,903860
ICICIBANK,GEX STRIKE,,,,,,,,,,,1340.0
ICICIBANK,EXPIRY,,,,,,,,,,,2026-10-27
ICICIBANK,ATM IV,,,,,,,,,,,21.32
ICICIGI,PRICE,1624.0,1590.0,,,,1625.0,1618.98,1608.95,1557.48,1546.45,1658.9
ICICIGI,VWAP,,,,,,,,,,,1648.1
ICICIGI,CASH VOL,896637,875700,234526,50.32,61.83,,,,,,121887
ICICIGI,F&O VOL,19557,8965,,,,,,,,,4465
ICICIGI,F&O OI,25684,23368,,,,,,,,,26143
ICICIGI,CALL VOL,8975,3313,,,,,,,,,2659
ICICIGI,CALL OI,3065,2584,,,,,,,,,3199
ICICIGI,PUT VOL,6261,1287,,,,,,,,,942
ICICIGI,PUT OI,1905,1057,,,,,,,,,2068
ICICIGI,CALL SPRD,,,,,,,,,,,0.82
ICICIGI,PUT SPRD,,,,,,,,,,,1.43
ICICIGI,CALL OI FIX,3136,,,,,,,,,,3169
ICICIGI,PUT OI FIX,2347,,,,,,,,,,2579
ICICIGI,CALL DOI,,,,,,,,,,,622211
ICICIGI,PUT DOI,,,,,,,,,,,-186464
ICICIGI,CALL GEX,,,,,,,,,,,58360
ICICIGI,PUT GEX,,,,,,,,,,,28492
ICICIGI,GEX STRIKE,,,,,,,,,,,1600.0
ICICIGI,EXPIRY,,,,,,,,,,,2026-10-27
ICICIGI,ATM IV,,,,,,,,,,,31.38
ICICIPRULI,PRICE,457.0,457.5,,,,454.1,455.8,453.4,453.0,449.7,462.35
ICICIPRULI,VWAP,,,,,,,,,,,460.24
ICICIPRULI,CASH VOL,1477630,837553,303843,73.95,53.46,,,,,,129219
ICICIPRULI,F&O VOL,7110,6366,,,,,,,,,1429
ICICIPRULI,F&O OI,30647,30417,,,,,,,,,30495
ICICIPRULI,CALL VOL,2453,1856,,,,,,,,,657
ICICIPRULI,CALL OI,3038,2926,,,,,,,,,2951
ICICIPRULI,PUT VOL,1548,937,,,,,,,,,204
ICICIPRULI,PUT OI,2540,2563,,,,,,,,,2548
ICICIPRULI,CALL SPRD,,,,,,,,,,,1.61
ICICIPRULI,PUT SPRD,,,,,,,,,,,2.24
ICICIPRULI,CALL OI FIX,3002,,,,,,,,,,2915
ICICIPRULI,PUT OI FIX,2757,,,,,,,,,,2753
ICICIPRULI,CALL DOI,,,,,,,,,,,1524045
ICICIPRULI,PUT DOI,,,,,,,,,,,-886479
ICICIPRULI,CALL GEX,,,,,,,,,,,145157
ICICIPRULI,PUT GEX,,,,,,,,,,,96700
ICICIPRULI,GEX STRIKE,,,,,,,,,,,450.0
ICICIPRULI,EXPIRY,,,,,,,,,,,2026-10-27
ICICIPRULI,ATM IV,,,,,,,,,,,35.21
IDEA,PRICE,12.8,13.18,,,,12.9,13.04,12.88,13.37,12.88,13.02
IDEA,VWAP,,,,,,,,,,,12.99
IDEA,CASH VOL,296467874,377013597,74439430,33.14,24.32,,,,,,47277334
IDEA,F&O VOL,23720,34456,,,,,,,,,3572
IDEA,F&O OI,131654,131946,,,,,,,,,131907
IDEA,CALL VOL,13843,20023,,,,,,,,,2026
IDEA,CALL OI,23668,23576,,,,,,,,,23930
IDEA,PUT VOL,3884,5607,,,,,,,,,663
IDEA,PUT OI,12471,12509,,,,,,,,,12522
IDEA,CALL SPRD,,,,,,,,,,,1.9
IDEA,PUT SPRD,,,,,,,,,,,3.85
IDEA,CALL OI FIX,23668,,,,,,,,,,23930
IDEA,PUT OI FIX,12471,,,,,,,,,,12522
IDEA,CALL DOI,,,,,,,,,,,413330300
IDEA,PUT DOI,,,,,,,,,,,-505848248
IDEA,CALL GEX,,,,,,,,,,,40390810
IDEA,PUT GEX,,,,,,,,,,,23076159
IDEA,GEX STRIKE,,,,,,,,,,,14.0
IDEA,EXPIRY,,,,,,,,,,,2026-10-27
IDEA,ATM IV,,,,,,,,,,,45.63
IDFCFIRSTB,PRICE,78.46,79.54,,,,78.34,78.75,78.56,81.05,80.61,79.23
IDFCFIRSTB,VWAP,,,,,,,,,,,78.78
IDFCFIRSTB,CASH VOL,17426267,20250870,4562111,57.17,47.97,,,,,,1103620
IDFCFIRSTB,F&O VOL,12828,18558,,,,,,,,,1556
IDFCFIRSTB,F&O OI,71907,70838,,,,,,,,,72079
IDFCFIRSTB,CALL VOL,3548,4522,,,,,,,,,742
IDFCFIRSTB,CALL OI,4703,4194,,,,,,,,,4792
IDFCFIRSTB,PUT VOL,2659,3891,,,,,,,,,244
IDFCFIRSTB,PUT OI,7679,7633,,,,,,,,,7702
IDFCFIRSTB,CALL SPRD,,,,,,,,,,,1.22
IDFCFIRSTB,PUT SPRD,,,,,,,,,,,1.39
IDFCFIRSTB,CALL OI FIX,4243,,,,,,,,,,4326
IDFCFIRSTB,PUT OI FIX,7418,,,,,,,,,,7441
IDFCFIRSTB,CALL DOI,,,,,,,,,,,19411866
IDFCFIRSTB,PUT DOI,,,,,,,,,,,-33452705
IDFCFIRSTB,CALL GEX,,,,,,,,,,,2244381
IDFCFIRSTB,PUT GEX,,,,,,,,,,,3402470
IDFCFIRSTB,GEX STRIKE,,,,,,,,,,,80.0
IDFCFIRSTB,EXPIRY,,,,,,,,,,,2026-10-27
IDFCFIRSTB,ATM IV,,,,,,,,,,,33.41
IEX,PRICE,103.75,105.85,,,,104.0,104.91,104.14,108.53,106.83,104.73
IEX,VWAP,,,,,,,,,,,104.4
IEX,CASH VOL,3581560,7531830,962996,51.72,25.56,,,,,,345108
IEX,F&O VOL,5148,14416,,,,,,,,,493
IEX,F&O OI,27464,27687,,,,,,,,,27497
IEX,CALL VOL,1214,3948,,,,,,,,,208
IEX,CALL OI,1151,893,,,,,,,,,1171
IEX,PUT VOL,532,1095,,,,,,,,,36
IEX,PUT OI,1235,1247,,,,,,,,,1237
IEX,CALL SPRD,,,,,,,,,,,1.9
IEX,PUT SPRD,,,,,,,,,,,2.12
IEX,CALL OI FIX,1134,,,,,,,,,,1154
IEX,PUT OI FIX,1514,,,,,,,,,,1523
IEX,CALL DOI,,,,,,,,,,,2304465
IEX,PUT DOI,,,,,,,,,,,-2667012
IEX,CALL GEX,,,,,,,,,,,267762
IEX,PUT GEX,,,,,,,,,,,250827
IEX,GEX STRIKE,,,,,,,,,,,105.0
IEX,EXPIRY,,,,,,,,,,,2026-10-27
IEX,ATM IV,,,,,,,,,,,34.69
INDHOTEL,PRICE,711.65,731.3,,,,712.5,721.27,714.86,720.75,718.92,717.2
INDHOTEL,VWAP,,,,,,,,,,,712.91
INDHOTEL,CASH VOL,2320806,3190796,924230,57.48,59.96,,,,,,134353
INDHOTEL,F&O VOL,14905,20226,,,,,,,,,1135
INDHOTEL,F&O OI,43348,42713,,,,,,,,,43510
INDHOTEL,CALL VOL,7476,10463,,,,,,,,,619
INDHOTEL,CALL OI,3898,4150,,,,,,,,,3989
INDHOTEL,PUT VOL,3685,4507,,,,,,,,,353
INDHOTEL,PUT OI,2811,2927,,,,,,,,,2832
INDHOTEL,CALL SPRD,,,,,,,,,,,2.2
INDHOTEL,PUT SPRD,,,,,,,,,,,1.26
INDHOTEL,CALL OI FIX,3672,,,,,,,,,,3763
INDHOTEL,PUT OI FIX,2834,,,,,,,,,,2853
INDHOTEL,CALL DOI,,,,,,,,,,,1457506
INDHOTEL,PUT DOI,,,,,,,,,,,-1254687
INDHOTEL,CALL GEX,,,,,,,,,,,234810
INDHOTEL,PUT GEX,,,,,,,,,,,175186
INDHOTEL,GEX STRIKE,,,,,,,,,,,730.0
INDHOTEL,EXPIRY,,,,,,,,,,,2026-10-27
INDHOTEL,ATM IV,,,,,,,,,,,25.54
INDIANB,PRICE,807.8,828.3,,,,816.0,819.9,811.83,809.6,798.63,817.15
INDIANB,VWAP,,,,,,,,,,,813.34
INDIANB,CASH VOL,2115065,1140038,695178,58.97,31.38,,,,,,177478
INDIANB,F&O VOL,9420,11440,,,,,,,,,1548
INDIANB,F&O OI,16946,16653,,,,,,,,,17176
INDIANB,CALL VOL,3836,5424,,,,,,,,,873
INDIANB,CALL OI,2400,2401,,,,,,,,,2653
INDIANB,PUT VOL,2394,2348,,,,,,,,,230
INDIANB,PUT OI,2397,2491,,,,,,,,,2325
INDIANB,CALL SPRD,,,,,,,,,,,1.81
INDIANB,PUT SPRD,,,,,,,,,,,2.33
INDIANB,CALL OI FIX,2282,,,,,,,,,,2509
INDIANB,PUT OI FIX,2456,,,,,,,,,,2433
INDIANB,CALL DOI,,,,,,,,,,,1199893
INDIANB,PUT DOI,,,,,,,,,,,-1042964
INDIANB,CALL GEX,,,,,,,,,,,117167
INDIANB,PUT GEX,,,,,,,,,,,120842
INDIANB,GEX STRIKE,,,,,,,,,,,850.0
INDIANB,EXPIRY,,,,,,,,,,,2026-10-27
INDIANB,ATM IV,,,,,,,,,,,33.97
INDIGO,PRICE,4813.1,4990.0,,,,4821.0,4882.95,4836.38,4933.25,4931.02,4822.5
INDIGO,VWAP,,,,,,,,,,,4812.39
INDIGO,CASH VOL,748671,1618923,225188,50.92,64.19,,,,,,94248
INDIGO,F&O VOL,53117,71473,,,,,,,,,5006
INDIGO,F&O OI,68487,65843,,,,,,,,,69072
INDIGO,CALL VOL,15280,14256,,,,,,,,,1946
INDIGO,CALL OI,8250,6685,,,,,,,,,8537
INDIGO,PUT VOL,17277,17574,,,,,,,,,1567
INDIGO,PUT OI,6306,6280,,,,,,,,,6494
INDIGO,CALL SPRD,,,,,,,,,,,1.05
INDIGO,PUT SPRD,,,,,,,,,,,0.62
INDIGO,CALL OI FIX,8250,,,,,,,,,,8537
INDIGO,PUT OI FIX,6306,,,,,,,,,,6494
INDIGO,CALL DOI,,,,,,,,,,,474359
INDIGO,PUT DOI,,,,,,,,,,,-476841
INDIGO,CALL GEX,,,,,,,,,,,75319
INDIGO,PUT GEX,,,,,,,,,,,50122
INDIGO,GEX STRIKE,,,,,,,,,,,5000.0
INDIGO,EXPIRY,,,,,,,,,,,2026-10-27
INDIGO,ATM IV,,,,,,,,,,,29.43
INDUSINDBK,PRICE,864.0,874.9,,,,868.0,867.48,865.16,895.5,889.73,864.85
INDUSINDBK,VWAP,,,,,,,,,,,862.09
INDUSINDBK,CASH VOL,1682277,2429142,712993,60.4,45.44,,,,,,168030
INDUSINDBK,F&O VOL,18242,36349,,,,,,,,,2358
INDUSINDBK,F&O OI,81319,81052,,,,,,,,,81523
INDUSINDBK,CALL VOL,6007,9747,,,,,,,,,894
INDUSINDBK,CALL OI,4103,3782,,,,,,,,,4156
INDUSINDBK,PUT VOL,6021,10925,,,,,,,,,668
INDUSINDBK,PUT OI,4309,4187,,,,,,,,,4349
INDUSINDBK,CALL SPRD,,,,,,,,,,,0.88
INDUSINDBK,PUT SPRD,,,,,,,,,,,1.28
INDUSINDBK,CALL OI FIX,4103,,,,,,,,,,4156
INDUSINDBK,PUT OI FIX,4309,,,,,,,,,,4349
INDUSINDBK,CALL DOI,,,,,,,,,,,1095576
INDUSINDBK,PUT DOI,,,,,,,,,,,-1635667
INDUSINDBK,CALL GEX,,,,,,,,,,,155737
INDUSINDBK,PUT GEX,,,,,,,,,,,156911
INDUSINDBK,GEX STRIKE,,,,,,,,,,,900.0
INDUSINDBK,EXPIRY,,,,,,,,,,,2026-10-27
INDUSINDBK,ATM IV,,,,,,,,,,,30.68
INDUSTOWER,PRICE,373.0,385.05,,,,378.0,380.5,375.5,374.21,370.12,377.25
INDUSTOWER,VWAP,,,,,,,,,,,378.02
INDUSTOWER,CASH VOL,2309118,2499487,857073,44.57,43.01,,,,,,301104
INDUSTOWER,F&O VOL,14647,16189,,,,,,,,,1721
INDUSTOWER,F&O OI,68527,68853,,,,,,,,,68470
INDUSTOWER,CALL VOL,6987,7842,,,,,,,,,1216
INDUSTOWER,CALL OI,8535,8340,,,,,,,,,8433
INDUSTOWER,PUT VOL,3351,3250,,,,,,,,,300
INDUSTOWER,PUT OI,4901,5143,,,,,,,,,4912
INDUSTOWER,CALL SPRD,,,,,,,,,,,2.8
INDUSTOWER,PUT SPRD,,,,,,,,,,,2.88
INDUSTOWER,CALL OI FIX,8535,,,,,,,,,,8433
INDUSTOWER,PUT OI FIX,4901,,,,,,,,,,4912
INDUSTOWER,CALL DOI,,,,,,,,,,,5996249
INDUSTOWER,PUT DOI,,,,,,,,,,,-3529100
INDUSTOWER,CALL GEX,,,,,,,,,,,910779
INDUSTOWER,PUT GEX,,,,,,,,,,,427997
INDUSTOWER,GEX STRIKE,,,,,,,,,,,380.0
INDUSTOWER,EXPIRY,,,,,,,,,,,2026-10-27
INDUSTOWER,ATM IV,,,,,,,,,,,26.79
INFY,PRICE,997.0,992.0,,,,1007.3,1002.77,998.93,1025.9,1007.7,1017.85
INFY,VWAP,,,,,,,,,,,1019.59
INFY,CASH VOL,14847874,7493993,2900905,60.44,50.09,,,,,,3022509
INFY,F&O VOL,154499,107594,,,,,,,,,71479
INFY,F&O OI,317079,318302,,,,,,,,,318330
INFY,CALL VOL,69644,53226,,,,,,,,,29495
INFY,CALL OI,54012,54640,,,,,,,,,51399
INFY,PUT VOL,37933,24516,,,,,,,,,21549
INFY,PUT OI,39452,40680,,,,,,,,,41804
INFY,CALL SPRD,,,,,,,,,,,0.58
INFY,PUT SPRD,,,,,,,,,,,0.46
INFY,CALL OI FIX,51312,,,,,,,,,,48525
INFY,PUT OI FIX,42096,,,,,,,,,,44725
INFY,CALL DOI,,,,,,,,,,,8695590
INFY,PUT DOI,,,,,,,,,,,-6390793
INFY,CALL GEX,,,,,,,,,,,963576
INFY,PUT GEX,,,,,,,,,,,610119
INFY,GEX STRIKE,,,,,,,,,,,1000.0
INFY,EXPIRY,,,,,,,,,,,2026-10-27
INFY,ATM IV,,,,,,,,,,,36.55
INOXWIND,PRICE,62.43,67.1,,,,63.32,64.92,63.26,70.97,69.49,63.39
INOXWIND,VWAP,,,,,,,,,,,63.31
INOXWIND,CASH VOL,21894766,10148423,5235637,35.94,36.84,,,,,,2064774
INOXWIND,F&O VOL,12335,4344,,,,,,,,,1197
INOXWIND,F&O OI,27633,26706,,,,,,,,,27706
INOXWIND,CALL VOL,2575,1167,,,,,,,,,488
INOXWIND,CALL OI,982,1740,,,,,,,,,1024
INOXWIND,PUT VOL,2716,430,,,,,,,,,225
INOXWIND,PUT OI,800,1195,,,,,,,,,850
INOXWIND,CALL SPRD,,,,,,,,,,,3.14
INOXWIND,PUT SPRD,,,,,,,,,,,2.68
INOXWIND,CALL OI FIX,757,,,,,,,,,,811
INOXWIND,PUT OI FIX,743,,,,,,,,,,792
INOXWIND,CALL DOI,,,,,,,,,,,2701433
INOXWIND,PUT DOI,,,,,,,,,,,-2530009
INOXWIND,CALL GEX,,,,,,,,,,,269650
INOXWIND,PUT GEX,,,,,,,,,,,184938
INOXWIND,GEX STRIKE,,,,,,,,,,,65.0
INOXWIND,EXPIRY,,,,,,,,,,,2026-10-27
INOXWIND,ATM IV,,,,,,,,,,,44.91
IOC,PRICE,126.25,130.0,,,,126.05,127.79,126.76,133.5,132.06,126.74
IOC,VWAP,,,,,,,,,,,126.32
IOC,CASH VOL,12167724,7269916,4060765,54.63,51.36,,,,,,1295495
IOC,F&O VOL,16660,6625,,,,,,,,,1510
IOC,F&O OI,42553,41705,,,,,,,,,42684
IOC,CALL VOL,3408,876,,,,,,,,,464
IOC,CALL OI,1527,830,,,,,,,,,1574
IOC,PUT VOL,3771,1301,,,,,,,,,370
IOC,PUT OI,2032,1984,,,,,,,,,2197
IOC,CALL SPRD,,,,,,,,,,,125.0
IOC,PUT SPRD,,,,,,,,,,,1.95
IOC,CALL OI FIX,1315,,,,,,,,,,1362
IOC,PUT OI FIX,2015,,,,,,,,,,2148
IOC,CALL DOI,,,,,,,,,,,3144884
IOC,PUT DOI,,,,,,,,,,,-5340139
IOC,CALL GEX,,,,,,,,,,,499925
IOC,PUT GEX,,,,,,,,,,,619406
IOC,GEX STRIKE,,,,,,,,,,,130.0
IOC,EXPIRY,,,,,,,,,,,2026-10-27
IOC,ATM IV,,,,,,,,,,,29.63
IREDA,PRICE,103.8,107.33,,,,103.86,105.67,104.42,112.96,111.65,104.22
IREDA,VWAP,,,,,,,,,,,104.09
IREDA,CASH VOL,5964182,4512835,1414458,39.26,37.81,,,,,,843695
IREDA,F&O VOL,9768,6283,,,,,,,,,1005
IREDA,F&O OI,34439,33399,,,,,,,,,34558
IREDA,CALL VOL,1644,1624,,,,,,,,,265
IREDA,CALL OI,804,1975,,,,,,,,,825
IREDA,PUT VOL,836,299,,,,,,,,,136
IREDA,PUT OI,1908,2176,,,,,,,,,1924
IREDA,CALL SPRD,,,,,,,,,,,19.18
IREDA,PUT SPRD,,,,,,,,,,,11.06
IREDA,CALL OI FIX,804,,,,,,,,,,825
IREDA,PUT OI FIX,1908,,,,,,,,,,1924
IREDA,CALL DOI,,,,,,,,,,,1669156
IREDA,PUT DOI,,,,,,,,,,,-3429022
IREDA,CALL GEX,,,,,,,,,,,200291
IREDA,PUT GEX,,,,,,,,,,,350460
IREDA,GEX STRIKE,,,,,,,,,,,105.0
IREDA,EXPIRY,,,,,,,,,,,2026-10-27
IREDA,ATM IV,,,,,,,,,,,47.27
IRFC,PRICE,74.3,76.15,,,,74.3,75.21,74.6,79.0,77.71,74.52
IRFC,VWAP,,,,,,,,,,,74.39
IRFC,CASH VOL,9189122,5212579,2327403,39.88,36.94,,,,,,1628760
IRFC,F&O VOL,13098,7922,,,,,,,,,1324
IRFC,F&O OI,39509,37749,,,,,,,,,39561
IRFC,CALL VOL,4993,2461,,,,,,,,,559
IRFC,CALL OI,4808,3811,,,,,,,,,4835
IRFC,PUT VOL,1958,1333,,,,,,,,,158
IRFC,PUT OI,5014,4862,,,,,,,,,5031
IRFC,CALL SPRD,,,,,,,,,,,1.81
IRFC,PUT SPRD,,,,,,,,,,,2.41
IRFC,CALL OI FIX,2817,,,,,,,,,,2856
IRFC,PUT OI FIX,3943,,,,,,,,,,3961
IRFC,CALL DOI,,,,,,,,,,,7942093
IRFC,PUT DOI,,,,,,,,,,,-13732802
IRFC,CALL GEX,,,,,,,,,,,1290846
IRFC,PUT GEX,,,,,,,,,,,953739
IRFC,GEX STRIKE,,,,,,,,,,,80.0
IRFC,EXPIRY,,,,,,,,,,,2026-10-27
IRFC,ATM IV,,,,,,,,,,,34.13
ITC,PRICE,255.0,265.7,,,,255.45,258.9,256.3,261.98,257.92,259.55
ITC,VWAP,,,,,,,,,,,258.56
ITC,CASH VOL,53680318,50025295,10409653,41.24,59.57,,,,,,2984492
ITC,F&O VOL,303298,150543,,,,,,,,,29109
ITC,F&O OI,224357,180145,,,,,,,,,221996
ITC,CALL VOL,142070,53984,,,,,,,,,17124
ITC,CALL OI,44980,22603,,,,,,,,,42414
ITC,PUT VOL,64888,39677,,,,,,,,,6871
ITC,PUT OI,22200,17705,,,,,,,,,22880
ITC,CALL SPRD,,,,,,,,,,,2.22
ITC,PUT SPRD,,,,,,,,,,,2.27
ITC,CALL OI FIX,32146,,,,,,,,,,30051
ITC,PUT OI FIX,20200,,,,,,,,,,20857
ITC,CALL DOI,,,,,,,,,,,29863902
ITC,PUT DOI,,,,,,,,,,,-17339767
ITC,CALL GEX,,,,,,,,,,,6094501
ITC,PUT GEX,,,,,,,,,,,2803600
ITC,GEX STRIKE,,,,,,,,,,,260.0
ITC,EXPIRY,,,,,,,,,,,2026-10-27
ITC,ATM IV,,,,,,,,,,,19.62
JINDALSTEL,PRICE,1010.0,1061.0,,,,1014.7,1032.95,1017.65,1119.5,1106.83,1025.2
JINDALSTEL,VWAP,,,,,,,,,,,1017.54
JINDALSTEL,CASH VOL,2144341,904316,724521,48.46,37.3,,,,,,194458
JINDALSTEL,F&O VOL,43085,19262,,,,,,,,,5386
JINDALSTEL,F&O OI,44181,39907,,,,,,,,,44464
JINDALSTEL,CALL VOL,14999,4511,,,,,,,,,2545
JINDALSTEL,CALL OI,6232,2988,,,,,,,,,6267
JINDALSTEL,PUT VOL,16241,8365,,,,,,,,,1855
JINDALSTEL,PUT OI,5550,5295,,,,,,,,,5589
JINDALSTEL,CALL SPRD,,,,,,,,,,,1.25
JINDALSTEL,PUT SPRD,,,,,,,,,,,1.77
JINDALSTEL,CALL OI FIX,5557,,,,,,,,,,5572
JINDALSTEL,PUT OI FIX,5176,,,,,,,,,,5229
JINDALSTEL,CALL DOI,,,,,,,,,,,1301682
JINDALSTEL,PUT DOI,,,,,,,,,,,-1751015
JINDALSTEL,CALL GEX,,,,,,,,,,,162011
JINDALSTEL,PUT GEX,,,,,,,,,,,186125
JINDALSTEL,GEX STRIKE,,,,,,,,,,,1040.0
JINDALSTEL,EXPIRY,,,,,,,,,,,2026-10-27
JINDALSTEL,ATM IV,,,,,,,,,,,32.5
JIOFIN,PRICE,211.0,216.44,,,,211.0,213.15,211.72,217.75,214.25,212.21
JIOFIN,VWAP,,,,,,,,,,,212.1
JIOFIN,CASH VOL,10614368,10207060,2501812,48.07,40.71,,,,,,2498641
JIOFIN,F&O VOL,40876,28766,,,,,,,,,8067
JIOFIN,F&O OI,166777,165926,,,,,,,,,167733
JIOFIN,CALL VOL,12791,8818,,,,,,,,,4280
JIOFIN,CALL OI,12858,12076,,,,,,,,,13784
JIOFIN,PUT VOL,10895,6873,,,,,,,,,1412
JIOFIN,PUT OI,15358,15883,,,,,,,,,15490
JIOFIN,CALL SPRD,,,,,,,,,,,0.78
JIOFIN,PUT SPRD,,,,,,,,,,,1.38
JIOFIN,CALL OI FIX,10183,,,,,,,,,,11104
JIOFIN,PUT OI FIX,13454,,,,,,,,,,13590
JIOFIN,CALL DOI,,,,,,,,,,,13024228
JIOFIN,PUT DOI,,,,,,,,,,,-18660881
JIOFIN,CALL GEX,,,,,,,,,,,1621670
JIOFIN,PUT GEX,,,,,,,,,,,1693075
JIOFIN,GEX STRIKE,,,,,,,,,,,220.0
JIOFIN,EXPIRY,,,,,,,,,,,2026-10-27
JIOFIN,ATM IV,,,,,,,,,,,32.89
JSWENERGY,PRICE,466.85,485.45,,,,467.15,474.75,469.48,490.75,486.92,465.2
JSWENERGY,VWAP,,,,,,,,,,,464.59
JSWENERGY,CASH VOL,1639708,2337109,423134,49.87,58.17,,,,,,110907
JSWENERGY,F&O VOL,10640,7328,,,,,,,,,1027
JSWENERGY,F&O OI,34943,33890,,,,,,,,,35053
JSWENERGY,CALL VOL,4523,2555,,,,,,,,,577
JSWENERGY,CALL OI,2879,2077,,,,,,,,,2928
JSWENERGY,PUT VOL,2308,1201,,,,,,,,,269
JSWENERGY,PUT OI,2180,1892,,,,,,,,,2229
JSWENERGY,CALL SPRD,,,,,,,,,,,2.4
JSWENERGY,PUT SPRD,,,,,,,,,,,1.93
JSWENERGY,CALL OI FIX,2879,,,,,,,,,,2928
JSWENERGY,PUT OI FIX,2180,,,,,,,,,,2229
JSWENERGY,CALL DOI,,,,,,,,,,,721586
JSWENERGY,PUT DOI,,,,,,,,,,,-1397655
JSWENERGY,CALL GEX,,,,,,,,,,,117650
JSWENERGY,PUT GEX,,,,,,,,,,,92626
JSWENERGY,GEX STRIKE,,,,,,,,,,,500.0
JSWENERGY,EXPIRY,,,,,,,,,,,2026-10-27
JSWENERGY,ATM IV,,,,,,,,,,,32.65
JSWSTEEL,PRICE,1175.2,1230.0,,,,1185.0,1200.35,1183.58,1246.6,1237.53,1179.2
JSWSTEEL,VWAP,,,,,,,,,,,1173.63
JSWSTEEL,CASH VOL,3829207,1830488,815893,60.48,67.48,,,,,,195831
JSWSTEEL,F&O VOL,40119,14264,,,,,,,,,4683
JSWSTEEL,F&O OI,79807,74253,,,,,,,,,80444
JSWSTEEL,CALL VOL,7085,3932,,,,,,,,,1399
JSWSTEEL,CALL OI,2720,2620,,,,,,,,,2965
JSWSTEEL,PUT VOL,12602,3901,,,,,,,,,1345
JSWSTEEL,PUT OI,4498,4212,,,,,,,,,4686
JSWSTEEL,CALL SPRD,,,,,,,,,,,1.45
JSWSTEEL,PUT SPRD,,,,,,,,,,,1.3
JSWSTEEL,CALL OI FIX,2720,,,,,,,,,,2965
JSWSTEEL,PUT OI FIX,4498,,,,,,,,,,4686
JSWSTEEL,CALL DOI,,,,,,,,,,,820202
JSWSTEEL,PUT DOI,,,,,,,,,,,-1689549
JSWSTEEL,CALL GEX,,,,,,,,,,,110814
JSWSTEEL,PUT GEX,,,,,,,,,,,224827
JSWSTEEL,GEX STRIKE,,,,,,,,,,,1220.0
JSWSTEEL,EXPIRY,,,,,,,,,,,2026-10-27
JSWSTEEL,ATM IV,,,,,,,,,,,27.86
JUBLFOOD,PRICE,427.6,460.6,,,,428.0,441.45,432.22,461.77,449.52,428.1
JUBLFOOD,VWAP,,,,,,,,,,,428.4
JUBLFOOD,CASH VOL,4370870,2597754,1145677,27.25,6.73,,,,,,173079
JUBLFOOD,F&O VOL,69776,32589,,,,,,,,,2741
JUBLFOOD,F&O OI,30761,26921,,,,,,,,,30847
JUBLFOOD,CALL VOL,11719,14063,,,,,,,,,903
JUBLFOOD,CALL OI,2843,797,,,,,,,,,2885
JUBLFOOD,PUT VOL,27338,7531,,,,,,,,,1170
JUBLFOOD,PUT OI,4340,2456,,,,,,,,,4352
JUBLFOOD,CALL SPRD,,,,,,,,,,,1.24
JUBLFOOD,PUT SPRD,,,,,,,,,,,1.56
JUBLFOOD,CALL OI FIX,2843,,,,,,,,,,2885
JUBLFOOD,PUT OI FIX,4340,,,,,,,,,,4352
JUBLFOOD,CALL DOI,,,,,,,,,,,1262863
JUBLFOOD,PUT DOI,,,,,,,,,,,-2093100
JUBLFOOD,CALL GEX,,,,,,,,,,,186672
JUBLFOOD,PUT GEX,,,,,,,,,,,225286
JUBLFOOD,GEX STRIKE,,,,,,,,,,,430.0
JUBLFOOD,EXPIRY,,,,,,,,,,,2026-10-27
JUBLFOOD,ATM IV,,,,,,,,,,,33.05
KALYANKJIL,PRICE,553.5,569.0,,,,556.1,562.85,556.62,551.25,536.08,554.1
KALYANKJIL,VWAP,,,,,,,,,,,553.83
KALYANKJIL,CASH VOL,6140158,18559247,1312011,20.98,19.21,,,,,,1043328
KALYANKJIL,F&O VOL,48489,116608,,,,,,,,,6560
KALYANKJIL,F&O OI,43021,42511,,,,,,,,,43866
KALYANKJIL,CALL VOL,20046,54247,,,,,,,,,3798
KALYANKJIL,CALL OI,9858,9009,,,,,,,,,10514
KALYANKJIL,PUT VOL,16545,31749,,,,,,,,,1566
KALYANKJIL,PUT OI,9003,9552,,,,,,,,,9009
KALYANKJIL,CALL SPRD,,,,,,,,,,,0.88
KALYANKJIL,PUT SPRD,,,,,,,,,,,0.93
KALYANKJIL,CALL OI FIX,9858,,,,,,,,,,10514
KALYANKJIL,PUT OI FIX,9003,,,,,,,,,,9009
KALYANKJIL,CALL DOI,,,,,,,,,,,5506672
KALYANKJIL,PUT DOI,,,,,,,,,,,-5331958
KALYANKJIL,CALL GEX,,,,,,,,,,,548439
KALYANKJIL,PUT GEX,,,,,,,,,,,448685
KALYANKJIL,GEX STRIKE,,,,,,,,,,,600.0
KALYANKJIL,EXPIRY,,,,,,,,,,,2026-10-27
KALYANKJIL,ATM IV,,,,,,,,,,,39.72
KAYNES,PRICE,3233.0,3365.0,,,,3259.9,3297.05,3254.35,3522.2,3440.07,3248.1
KAYNES,VWAP,,,,,,,,,,,3231.76
KAYNES,CASH VOL,1099748,692436,257612,28.45,21.46,,,,,,153817
KAYNES,F&O VOL,17685,10383,,,,,,,,,3888
KAYNES,F&O OI,46003,42671,,,,,,,,,46654
KAYNES,CALL VOL,4976,3324,,,,,,,,,1115
KAYNES,CALL OI,3164,2294,,,,,,,,,3365
KAYNES,PUT VOL,3602,1902,,,,,,,,,1601
KAYNES,PUT OI,4116,4034,,,,,,,,,4427
KAYNES,CALL SPRD,,,,,,,,,,,1.96
KAYNES,PUT SPRD,,,,,,,,,,,2.06
KAYNES,CALL OI FIX,3164,,,,,,,,,,3365
KAYNES,PUT OI FIX,4116,,,,,,,,,,4427
KAYNES,CALL DOI,,,,,,,,,,,173358
KAYNES,PUT DOI,,,,,,,,,,,-303379
KAYNES,CALL GEX,,,,,,,,,,,20327
KAYNES,PUT GEX,,,,,,,,,,,19119
KAYNES,GEX STRIKE,,,,,,,,,,,3400.0
KAYNES,EXPIRY,,,,,,,,,,,2026-10-27
KAYNES,ATM IV,,,,,,,,,,,46.12
KEI,PRICE,4580.0,4677.7,,,,4610.0,4653.0,4604.33,4546.35,4516.78,4570.5
KEI,VWAP,,,,,,,,,,,4564.78
KEI,CASH VOL,176120,220874,31097,30.27,33.32,,,,,,27579
KEI,F&O VOL,16642,21407,,,,,,,,,2094
KEI,F&O OI,20704,21206,,,,,,,,,20859
KEI,CALL VOL,7818,12544,,,,,,,,,1222
KEI,CALL OI,3009,3020,,,,,,,,,3073
KEI,PUT VOL,5412,5514,,,,,,,,,496
KEI,PUT OI,4319,4391,,,,,,,,,4312
KEI,CALL SPRD,,,,,,,,,,,1.54
KEI,PUT SPRD,,,,,,,,,,,1.8
KEI,CALL OI FIX,3009,,,,,,,,,,3073
KEI,PUT OI FIX,4319,,,,,,,,,,4312
KEI,CALL DOI,,,,,,,,,,,196343
KEI,PUT DOI,,,,,,,,,,,-291488
KEI,CALL GEX,,,,,,,,,,,24854
KEI,PUT GEX,,,,,,,,,,,31177
KEI,GEX STRIKE,,,,,,,,,,,4600.0
KEI,EXPIRY,,,,,,,,,,,2026-10-27
KEI,ATM IV,,,,,,,,,,,34.44
KFINTECH,PRICE,838.2,858.0,,,,839.0,851.08,842.49,852.85,838.95,844.1
KFINTECH,VWAP,,,,,,,,,,,842.19
KFINTECH,CASH VOL,350743,388798,136019,46.11,39.7,,,,,,38219
KFINTECH,F&O VOL,4079,3469,,,,,,,,,238
KFINTECH,F&O OI,15259,14991,,,,,,,,,15267
KFINTECH,CALL VOL,1330,1365,,,,,,,,,138
KFINTECH,CALL OI,1997,1911,,,,,,,,,2024
KFINTECH,PUT VOL,1054,807,,,,,,,,,36
KFINTECH,PUT OI,1923,1943,,,,,,,,,1918
KFINTECH,CALL SPRD,,,,,,,,,,,1.8
KFINTECH,PUT SPRD,,,,,,,,,,,1.7
KFINTECH,CALL OI FIX,1997,,,,,,,,,,2024
KFINTECH,PUT OI FIX,1923,,,,,,,,,,1918
KFINTECH,CALL DOI,,,,,,,,,,,384468
KFINTECH,PUT DOI,,,,,,,,,,,-442733
KFINTECH,CALL GEX,,,,,,,,,,,51616
KFINTECH,PUT GEX,,,,,,,,,,,41343
KFINTECH,GEX STRIKE,,,,,,,,,,,900.0
KFINTECH,EXPIRY,,,,,,,,,,,2026-10-27
KFINTECH,ATM IV,,,,,,,,,,,34.65
KOTAKBANK,PRICE,435.0,440.0,,,,438.0,436.48,435.49,417.28,415.15,441.95
KOTAKBANK,VWAP,,,,,,,,,,,441.44
KOTAKBANK,CASH VOL,22068818,37972097,6769609,64.99,70.73,,,,,,2180685
KOTAKBANK,F&O VOL,61044,121435,,,,,,,,,11284
KOTAKBANK,F&O OI,150975,153246,,,,,,,,,152243
KOTAKBANK,CALL VOL,27217,60114,,,,,,,,,6107
KOTAKBANK,CALL OI,28032,27617,,,,,,,,,28282
KOTAKBANK,PUT VOL,20600,31152,,,,,,,,,3025
KOTAKBANK,PUT OI,13927,14975,,,,,,,,,14346
KOTAKBANK,CALL SPRD,,,,,,,,,,,0.48
KOTAKBANK,PUT SPRD,,,,,,,,,,,0.62
KOTAKBANK,CALL OI FIX,33545,,,,,,,,,,33733
KOTAKBANK,PUT OI FIX,15664,,,,,,,,,,16058
KOTAKBANK,CALL DOI,,,,,,,,,,,36206514
KOTAKBANK,PUT DOI,,,,,,,,,,,-8734671
KOTAKBANK,CALL GEX,,,,,,,,,,,3914291
KOTAKBANK,PUT GEX,,,,,,,,,,,1626055
KOTAKBANK,GEX STRIKE,,,,,,,,,,,430.0
KOTAKBANK,EXPIRY,,,,,,,,,,,2026-10-27
KOTAKBANK,ATM IV,,,,,,,,,,,23.41
KPITTECH,PRICE,471.0,484.25,,,,473.6,481.98,474.66,502.1,495.37,484.15
KPITTECH,VWAP,,,,,,,,,,,483.4
KPITTECH,CASH VOL,1408072,1032082,418156,28.85,35.24,,,,,,365975
KPITTECH,F&O VOL,12331,7352,,,,,,,,,4404
KPITTECH,F&O OI,27664,26970,,,,,,,,,27425
KPITTECH,CALL VOL,6064,2825,,,,,,,,,3130
KPITTECH,CALL OI,5014,3965,,,,,,,,,4947
KPITTECH,PUT VOL,2407,1996,,,,,,,,,662
KPITTECH,PUT OI,3131,3013,,,,,,,,,3098
KPITTECH,CALL SPRD,,,,,,,,,,,2.03
KPITTECH,PUT SPRD,,,,,,,,,,,2.22
KPITTECH,CALL OI FIX,4542,,,,,,,,,,4480
KPITTECH,PUT OI FIX,2964,,,,,,,,,,2930
KPITTECH,CALL DOI,,,,,,,,,,,1236699
KPITTECH,PUT DOI,,,,,,,,,,,-1171031
KPITTECH,CALL GEX,,,,,,,,,,,167440
KPITTECH,PUT GEX,,,,,,,,,,,80295
KPITTECH,GEX STRIKE,,,,,,,,,,,500.0
KPITTECH,EXPIRY,,,,,,,,,,,2026-10-27
KPITTECH,ATM IV,,,,,,,,,,,36.42
LAURUSLABS,PRICE,1997.9,2052.8,,,,1997.9,2026.45,2007.42,1988.5,1985.5,2004.0
LAURUSLABS,VWAP,,,,,,,,,,,2002.28
LAURUSLABS,CASH VOL,1394208,1499990,382290,43.31,44.53,,,,,,214549
LAURUSLABS,F&O VOL,26472,24191,,,,,,,,,3812
LAURUSLABS,F&O OI,44887,44395,,,,,,,,,45358
LAURUSLABS,CALL VOL,9200,9146,,,,,,,,,1714
LAURUSLABS,CALL OI,7508,6927,,,,,,,,,7774
LAURUSLABS,PUT VOL,6906,6301,,,,,,,,,891
LAURUSLABS,PUT OI,4429,4563,,,,,,,,,4539
LAURUSLABS,CALL SPRD,,,,,,,,,,,1.43
LAURUSLABS,PUT SPRD,,,,,,,,,,,1.28
LAURUSLABS,CALL OI FIX,7508,,,,,,,,,,7774
LAURUSLABS,PUT OI FIX,4429,,,,,,,,,,4539
LAURUSLABS,CALL DOI,,,,,,,,,,,3131641
LAURUSLABS,PUT DOI,,,,,,,,,,,-1547307
LAURUSLABS,CALL GEX,,,,,,,,,,,345494
LAURUSLABS,PUT GEX,,,,,,,,,,,173009
LAURUSLABS,GEX STRIKE,,,,,,,,,,,2000.0
LAURUSLABS,EXPIRY,,,,,,,,,,,2026-10-27
LAURUSLABS,ATM IV,,,,,,,,,,,33.41
LICHSGFIN,PRICE,537.0,515.4,,,,537.0,535.84,533.52,536.98,518.32,550.65
LICHSGFIN,VWAP,,,,,,,,,,,544.24
LICHSGFIN,CASH VOL,14555953,2958457,2134117,41.48,42.85,,,,,,1136877
LICHSGFIN,F&O VOL,10565,29439,,,,,,,,,719
LICHSGFIN,F&O OI,51787,57249,,,,,,,,,51742
LICHSGFIN,CALL VOL,2638,11589,,,,,,,,,116
LICHSGFIN,CALL OI,5264,5675,,,,,,,,,5242
LICHSGFIN,PUT VOL,835,3633,,,,,,,,,24
LICHSGFIN,PUT OI,1235,1285,,,,,,,,,1231
LICHSGFIN,CALL SPRD,,,,,,,,,,,7.41
LICHSGFIN,PUT SPRD,,,,,,,,,,,35.29
LICHSGFIN,CALL OI FIX,6254,,,,,,,,,,6232
LICHSGFIN,PUT OI FIX,1996,,,,,,,,,,1993
LICHSGFIN,CALL DOI,,,,,,,,,,,2928708
LICHSGFIN,PUT DOI,,,,,,,,,,,-468681
LICHSGFIN,CALL GEX,,,,,,,,,,,322235
LICHSGFIN,PUT GEX,,,,,,,,,,,113648
LICHSGFIN,GEX STRIKE,,,,,,,,,,,560.0
LICHSGFIN,EXPIRY,,,,,,,,,,,2026-10-27
LICHSGFIN,ATM IV,,,,,,,,,,,21.68
LICI,PRICE,379.25,386.3,,,,380.0,383.1,380.53,397.0,393.57,386.75
LICI,VWAP,,,,,,,,,,,384.76
LICI,CASH VOL,3328818,4216811,1079696,44.57,52.46,,,,,,1202357
LICI,F&O VOL,18777,18839,,,,,,,,,4072
LICI,F&O OI,51883,52252,,,,,,,,,51715
LICI,CALL VOL,9212,9758,,,,,,,,,2769
LICI,CALL OI,7070,7093,,,,,,,,,6783
LICI,PUT VOL,4313,3711,,,,,,,,,1220
LICI,PUT OI,5616,5894,,,,,,,,,5642
LICI,CALL SPRD,,,,,,,,,,,1.58
LICI,PUT SPRD,,,,,,,,,,,2.32
LICI,CALL OI FIX,5476,,,,,,,,,,5255
LICI,PUT OI FIX,4932,,,,,,,,,,4956
LICI,CALL DOI,,,,,,,,,,,3375514
LICI,PUT DOI,,,,,,,,,,,-3990870
LICI,CALL GEX,,,,,,,,,,,564842
LICI,PUT GEX,,,,,,,,,,,545653
LICI,GEX STRIKE,,,,,,,,,,,400.0
LICI,EXPIRY,,,,,,,,,,,2026-10-27
LICI,ATM IV,,,,,,,,,,,23.27
LODHA,PRICE,1065.6,1109.4,,,,1067.7,1088.35,1073.18,1124.15,1111.78,1065.1
LODHA,VWAP,,,,,,,,,,,1062.67
LODHA,CASH VOL,1712251,1923289,390655,47.98,61.4,,,,,,161611
LODHA,F&O VOL,16969,13243,,,,,,,,,3124
LODHA,F&O OI,18906,18683,,,,,,,,,19310
LODHA,CALL VOL,3937,2293,,,,,,,,,991
LODHA,CALL OI,1669,1589,,,,,,,,,1697
LODHA,PUT VOL,6764,5239,,,,,,,,,1473
LODHA,PUT OI,3590,3549,,,,,,,,,3894
LODHA,CALL SPRD,,,,,,,,,,,1.32
LODHA,PUT SPRD,,,,,,,,,,,1.4
LODHA,CALL OI FIX,1669,,,,,,,,,,1697
LODHA,PUT OI FIX,3590,,,,,,,,,,3894
LODHA,CALL DOI,,,,,,,,,,,343125
LODHA,PUT DOI,,,,,,,,,,,-1328979
LODHA,CALL GEX,,,,,,,,,,,42938
LODHA,PUT GEX,,,,,,,,,,,97200
LODHA,GEX STRIKE,,,,,,,,,,,1100.0
LODHA,EXPIRY,,,,,,,,,,,2026-10-27
LODHA,ATM IV,,,,,,,,,,,38.93
LT,PRICE,3625.1,3701.5,,,,3648.0,3654.5,3634.9,3757.05,3714.62,3654.4
LT,VWAP,,,,,,,,,,,3639.6
LT,CASH VOL,1690918,1609969,675423,56.67,59.55,,,,,,83687
LT,F&O VOL,51631,49184,,,,,,,,,6572
LT,F&O OI,134675,132036,,,,,,,,,135172
LT,CALL VOL,19741,18916,,,,,,,,,3494
LT,CALL OI,18278,16837,,,,,,,,,18851
LT,PUT VOL,18230,13726,,,,,,,,,1809
LT,PUT OI,18198,17279,,,,,,,,,18304
LT,CALL SPRD,,,,,,,,,,,0.69
LT,PUT SPRD,,,,,,,,,,,0.86
LT,CALL OI FIX,18278,,,,,,,,,,18851
LT,PUT OI FIX,18198,,,,,,,,,,18304
LT,CALL DOI,,,,,,,,,,,968242
LT,PUT DOI,,,,,,,,,,,-1762095
LT,CALL GEX,,,,,,,,,,,205116
LT,PUT GEX,,,,,,,,,,,190649
LT,GEX STRIKE,,,,,,,,,,,3800.0
LT,EXPIRY,,,,,,,,,,,2026-10-27
LT,ATM IV,,,,,,,,,,,22.01
LTF,PRICE,257.4,260.25,,,,257.9,258.15,257.65,272.6,267.1,257.7
LTF,VWAP,,,,,,,,,,,257.08
LTF,CASH VOL,5991864,7005951,1410836,48.64,46.12,,,,,,308086
LTF,F&O VOL,24051,32218,,,,,,,,,1491
LTF,F&O OI,54174,51718,,,,,,,,,54099
LTF,CALL VOL,8514,11479,,,,,,,,,727
LTF,CALL OI,7698,7066,,,,,,,,,7638
LTF,PUT VOL,5541,8079,,,,,,,,,281
LTF,PUT OI,9268,9591,,,,,,,,,9207
LTF,CALL SPRD,,,,,,,,,,,1.35
LTF,PUT SPRD,,,,,,,,,,,2.07
LTF,CALL OI FIX,6884,,,,,,,,,,6827
LTF,PUT OI FIX,10950,,,,,,,,,,10884
LTF,CALL DOI,,,,,,,,,,,5283480
LTF,PUT DOI,,,,,,,,,,,-11262900
LTF,CALL GEX,,,,,,,,,,,671623
LTF,PUT GEX,,,,,,,,,,,780914
LTF,GEX STRIKE,,,,,,,,,,,280.0
LTF,EXPIRY,,,,,,,,,,,2026-10-27
LTF,ATM IV,,,,,,,,,,,37.5
LTM,PRICE,3915.0,3930.0,,,,3925.0,3959.15,3929.72,4059.8,4024.6,4027.4
LTM,VWAP,,,,,,,,,,,4029.08
LTM,CASH VOL,398649,255181,96082,32.77,26.99,,,,,,72228
LTM,F&O VOL,16671,16434,,,,,,,,,6669
LTM,F&O OI,47164,47860,,,,,,,,,46808
LTM,CALL VOL,8701,7773,,,,,,,,,4050
LTM,CALL OI,5581,6507,,,,,,,,,4969
LTM,PUT VOL,2113,1444,,,,,,,,,909
LTM,PUT OI,3256,3346,,,,,,,,,3410
LTM,CALL SPRD,,,,,,,,,,,2.25
LTM,PUT SPRD,,,,,,,,,,,3.7
LTM,CALL OI FIX,3966,,,,,,,,,,3716
LTM,PUT OI FIX,3438,,,,,,,,,,3594
LTM,CALL DOI,,,,,,,,,,,372532
LTM,PUT DOI,,,,,,,,,,,-213705
LTM,CALL GEX,,,,,,,,,,,40042
LTM,PUT GEX,,,,,,,,,,,18824
LTM,GEX STRIKE,,,,,,,,,,,4000.0
LTM,EXPIRY,,,,,,,,,,,2026-10-27
LTM,ATM IV,,,,,,,,,,,37.7
LUPIN,PRICE,1936.9,2012.9,,,,1948.0,1978.9,1950.9,2051.4,2037.93,1951.8
LUPIN,VWAP,,,,,,,,,,,1951.59
LUPIN,CASH VOL,611469,787301,240221,57.77,60.45,,,,,,28165
LUPIN,F&O VOL,15265,8360,,,,,,,,,2539
LUPIN,F&O OI,31382,30741,,,,,,,,,32025
LUPIN,CALL VOL,5189,2487,,,,,,,,,1072
LUPIN,CALL OI,2043,1461,,,,,,,,,2203
LUPIN,PUT VOL,4154,2237,,,,,,,,,505
LUPIN,PUT OI,2829,2982,,,,,,,,,2901
LUPIN,CALL SPRD,,,,,,,,,,,1.21
LUPIN,PUT SPRD,,,,,,,,,,,1.38
LUPIN,CALL OI FIX,1774,,,,,,,,,,1935
LUPIN,PUT OI FIX,2774,,,,,,,,,,2846
LUPIN,CALL DOI,,,,,,,,,,,295065
LUPIN,PUT DOI,,,,,,,,,,,-720277
LUPIN,CALL GEX,,,,,,,,,,,65912
LUPIN,PUT GEX,,,,,,,,,,,73769
LUPIN,GEX STRIKE,,,,,,,,,,,2000.0
LUPIN,EXPIRY,,,,,,,,,,,2026-10-27
LUPIN,ATM IV,,,,,,,,,,,23.09
M&M,PRICE,2751.2,2800.0,,,,2763.9,2775.2,2759.2,2915.95,2878.65,2770.9
M&M,VWAP,,,,,,,,,,,2759.75
M&M,CASH VOL,3278766,3361287,819873,61.22,63.84,,,,,,119374
M&M,F&O VOL,68323,61969,,,,,,,,,8025
M&M,F&O OI,131942,127915,,,,,,,,,132621
M&M,CALL VOL,33655,30099,,,,,,,,,4590
M&M,CALL OI,21757,18916,,,,,,,,,22226
M&M,PUT VOL,20414,17871,,,,,,,,,2239
M&M,PUT OI,14096,13665,,,,,,,,,14031
M&M,CALL SPRD,,,,,,,,,,,0.66
M&M,PUT SPRD,,,,,,,,,,,0.78
M&M,CALL OI FIX,21757,,,,,,,,,,22226
M&M,PUT OI FIX,14096,,,,,,,,,,14031
M&M,CALL DOI,,,,,,,,,,,1241727
M&M,PUT DOI,,,,,,,,,,,-1582113
M&M,CALL GEX,,,,,,,,,,,225693
M&M,PUT GEX,,,,,,,,,,,147556
M&M,GEX STRIKE,,,,,,,,,,,2850.0
M&M,EXPIRY,,,,,,,,,,,2026-10-27
M&M,ATM IV,,,,,,,,,,,24.41
MANAPPURAM,PRICE,304.15,308.9,,,,305.95,306.67,304.99,317.0,311.6,309.8
MANAPPURAM,VWAP,,,,,,,,,,,307.48
MANAPPURAM,CASH VOL,1839807,4398209,352415,40.87,39.44,,,,,,297200
MANAPPURAM,F&O VOL,4669,9477,,,,,,,,,1286
MANAPPURAM,F&O OI,28765,28809,,,,,,,,,28871
MANAPPURAM,CALL VOL,2095,4664,,,,,,,,,652
MANAPPURAM,CALL OI,3010,2994,,,,,,,,,3103
MANAPPURAM,PUT VOL,1002,2041,,,,,,,,,252
MANAPPURAM,PUT OI,1691,1750,,,,,,,,,1701
MANAPPURAM,CALL SPRD,,,,,,,,,,,2.13
MANAPPURAM,PUT SPRD,,,,,,,,,,,2.35
MANAPPURAM,CALL OI FIX,2951,,,,,,,,,,3044
MANAPPURAM,PUT OI FIX,1764,,,,,,,,,,1766
MANAPPURAM,CALL DOI,,,,,,,,,,,3860119
MANAPPURAM,PUT DOI,,,,,,,,,,,-2266686
MANAPPURAM,CALL GEX,,,,,,,,,,,446704
MANAPPURAM,PUT GEX,,,,,,,,,,,236972
MANAPPURAM,GEX STRIKE,,,,,,,,,,,310.0
MANAPPURAM,EXPIRY,,,,,,,,,,,2026-10-27
MANAPPURAM,ATM IV,,,,,,,,,,,32.66
MANKIND,PRICE,2380.0,2500.0,,,,2380.0,2429.25,2396.42,2521.55,2494.65,2364.5
MANKIND,VWAP,,,,,,,,,,,2366.93
MANKIND,CASH VOL,783247,242210,328189,59.24,42.52,,,,,,25393
MANKIND,F&O VOL,17872,6174,,,,,,,,,1657
MANKIND,F&O OI,19697,18711,,,,,,,,,19757
MANKIND,CALL VOL,2035,3563,,,,,,,,,213
MANKIND,CALL OI,693,2233,,,,,,,,,697
MANKIND,PUT VOL,4509,887,,,,,,,,,217
MANKIND,PUT OI,1210,1599,,,,,,,,,1196
MANKIND,CALL SPRD,,,,,,,,,,,23.7
MANKIND,PUT SPRD,,,,,,,,,,,1.45
MANKIND,CALL OI FIX,830,,,,,,,,,,833
MANKIND,PUT OI FIX,1303,,,,,,,,,,1289
MANKIND,CALL DOI,,,,,,,,,,,77958
MANKIND,PUT DOI,,,,,,,,,,,-137763
MANKIND,CALL GEX,,,,,,,,,,,10926
MANKIND,PUT GEX,,,,,,,,,,,13791
MANKIND,GEX STRIKE,,,,,,,,,,,2400.0
MANKIND,EXPIRY,,,,,,,,,,,2026-10-27
MANKIND,ATM IV,,,,,,,,,,,25.62
MARICO,PRICE,777.25,787.25,,,,781.1,784.22,779.58,790.62,784.44,788.15
MARICO,VWAP,,,,,,,,,,,787.16
MARICO,CASH VOL,565931,1064427,225353,62.56,60.72,,,,,,119272
MARICO,F&O VOL,5693,5659,,,,,,,,,1457
MARICO,F&O OI,21832,21828,,,,,,,,,21877
MARICO,CALL VOL,2642,2814,,,,,,,,,814
MARICO,CALL OI,3067,2964,,,,,,,,,3100
MARICO,PUT VOL,1746,1460,,,,,,,,,400
MARICO,PUT OI,2434,2322,,,,,,,,,2453
MARICO,CALL SPRD,,,,,,,,,,,1.61
MARICO,PUT SPRD,,,,,,,,,,,1.8
MARICO,CALL OI FIX,2703,,,,,,,,,,2739
MARICO,PUT OI FIX,2497,,,,,,,,,,2516
MARICO,CALL DOI,,,,,,,,,,,1380332
MARICO,PUT DOI,,,,,,,,,,,-1266966
MARICO,CALL GEX,,,,,,,,,,,266909
MARICO,PUT GEX,,,,,,,,,,,201451
MARICO,GEX STRIKE,,,,,,,,,,,800.0
MARICO,EXPIRY,,,,,,,,,,,2026-10-27
MARICO,ATM IV,,,,,,,,,,,21.38
MARUTI,PRICE,11228.0,11450.0,,,,11291.0,11344.0,11266.67,11710.5,11494.17,11320.0
MARUTI,VWAP,,,,,,,,,,,11294.53
MARUTI,CASH VOL,431962,628155,172344,60.27,60.13,,,,,,20402
MARUTI,F&O VOL,77787,112074,,,,,,,,,11193
MARUTI,F&O OI,139106,136842,,,,,,,,,139528
MARUTI,CALL VOL,23237,28987,,,,,,,,,4299
MARUTI,CALL OI,11855,10156,,,,,,,,,11870
MARUTI,PUT VOL,17814,27704,,,,,,,,,1860
MARUTI,PUT OI,11619,12359,,,,,,,,,11786
MARUTI,CALL SPRD,,,,,,,,,,,1.0
MARUTI,PUT SPRD,,,,,,,,,,,0.99
MARUTI,CALL OI FIX,10299,,,,,,,,,,10243
MARUTI,PUT OI FIX,11517,,,,,,,,,,11749
MARUTI,CALL DOI,,,,,,,,,,,247153
MARUTI,PUT DOI,,,,,,,,,,,-264760
MARUTI,CALL GEX,,,,,,,,,,,41967
MARUTI,PUT GEX,,,,,,,,,,,39508
MARUTI,GEX STRIKE,,,,,,,,,,,11500.0
MARUTI,EXPIRY,,,,,,,,,,,2026-10-27
MARUTI,ATM IV,,,,,,,,,,,23.37
MAXHEALTH,PRICE,873.4,908.0,,,,896.8,886.8,877.87,958.92,946.94,889.1
MAXHEALTH,VWAP,,,,,,,,,,,893.6
MAXHEALTH,CASH VOL,2239281,2002385,737942,55.83,51.75,,,,,,1736622
MAXHEALTH,F&O VOL,24197,23051,,,,,,,,,21821
MAXHEALTH,F&O OI,43573,41311,,,,,,,,,45171
MAXHEALTH,CALL VOL,7345,6394,,,,,,,,,10706
MAXHEALTH,CALL OI,4078,2885,,,,,,,,,5090
MAXHEALTH,PUT VOL,7463,6926,,,,,,,,,4655
MAXHEALTH,PUT OI,3911,3551,,,,,,,,,4399
MAXHEALTH,CALL SPRD,,,,,,,,,,,1.43
MAXHEALTH,PUT SPRD,,,,,,,,,,,1.58
MAXHEALTH,CALL OI FIX,3077,,,,,,,,,,4123
MAXHEALTH,PUT OI FIX,3591,,,,,,,,,,4076
MAXHEALTH,CALL DOI,,,,,,,,,,,1203292
MAXHEALTH,PUT DOI,,,,,,,,,,,-1114847
MAXHEALTH,CALL GEX,,,,,,,,,,,143560
MAXHEALTH,PUT GEX,,,,,,,,,,,102223
MAXHEALTH,GEX STRIKE,,,,,,,,,,,900.0
MAXHEALTH,EXPIRY,,,,,,,,,,,2026-10-27
MAXHEALTH,ATM IV,,,,,,,,,,,34.2
MAZDOCK,PRICE,1990.0,2064.4,,,,2024.0,2025.45,2001.82,2115.3,2081.1,2006.6
MAZDOCK,VWAP,,,,,,,,,,,2001.12
MAZDOCK,CASH VOL,683614,437816,208271,45.11,39.39,,,,,,121169
MAZDOCK,F&O VOL,17449,11282,,,,,,,,,2641
MAZDOCK,F&O OI,48404,47333,,,,,,,,,48862
MAZDOCK,CALL VOL,1788,3443,,,,,,,,,772
MAZDOCK,CALL OI,1085,4395,,,,,,,,,1199
MAZDOCK,PUT VOL,3342,1321,,,,,,,,,310
MAZDOCK,PUT OI,3506,4245,,,,,,,,,3642
MAZDOCK,CALL SPRD,,,,,,,,,,,3.12
MAZDOCK,PUT SPRD,,,,,,,,,,,2.15
MAZDOCK,CALL OI FIX,872,,,,,,,,,,981
MAZDOCK,PUT OI FIX,3974,,,,,,,,,,4110
MAZDOCK,CALL DOI,,,,,,,,,,,127718
MAZDOCK,PUT DOI,,,,,,,,,,,-375041
MAZDOCK,CALL GEX,,,,,,,,,,,13777
MAZDOCK,PUT GEX,,,,,,,,,,,35409
MAZDOCK,GEX STRIKE,,,,,,,,,,,2000.0
MAZDOCK,EXPIRY,,,,,,,,,,,2026-10-27
MAZDOCK,ATM IV,,,,,,,,,,,37.21
MCX,PRICE,3255.6,3362.6,,,,3265.0,3308.15,3273.12,3269.3,3225.77,3281.0
MCX,VWAP,,,,,,,,,,,3256.55
MCX,CASH VOL,2036568,2369566,479521,51.45,46.04,,,,,,170262
MCX,F&O VOL,59814,65691,,,,,,,,,6851
MCX,F&O OI,65490,66133,,,,,,,,,66264
MCX,CALL VOL,22331,29190,,,,,,,,,3338
MCX,CALL OI,14269,13280,,,,,,,,,14794
MCX,PUT VOL,19062,17117,,,,,,,,,1867
MCX,PUT OI,8782,9780,,,,,,,,,8904
MCX,CALL SPRD,,,,,,,,,,,0.38
MCX,PUT SPRD,,,,,,,,,,,0.93
MCX,CALL OI FIX,13010,,,,,,,,,,13527
MCX,PUT OI FIX,10403,,,,,,,,,,10556
MCX,CALL DOI,,,,,,,,,,,1391669
MCX,PUT DOI,,,,,,,,,,,-863554
MCX,CALL GEX,,,,,,,,,,,141864
MCX,PUT GEX,,,,,,,,,,,79835
MCX,GEX STRIKE,,,,,,,,,,,3300.0
MCX,EXPIRY,,,,,,,,,,,2026-10-27
MCX,ATM IV,,,,,,,,,,,39.35
MFSL,PRICE,1322.4,1345.1,,,,1316.0,1338.7,1327.83,1402.6,1395.53,1311.9
MFSL,VWAP,,,,,,,,,,,1314.87
MFSL,CASH VOL,519819,795124,168107,42.65,52.87,,,,,,124155
MFSL,F&O VOL,8553,7897,,,,,,,,,1919
MFSL,F&O OI,23449,23940,,,,,,,,,23441
MFSL,CALL VOL,2910,3125,,,,,,,,,805
MFSL,CALL OI,1517,1434,,,,,,,,,1602
MFSL,PUT VOL,2338,1791,,,,,,,,,446
MFSL,PUT OI,1846,1909,,,,,,,,,1841
MFSL,CALL SPRD,,,,,,,,,,,5.16
MFSL,PUT SPRD,,,,,,,,,,,4.2
MFSL,CALL OI FIX,1517,,,,,,,,,,1602
MFSL,PUT OI FIX,1846,,,,,,,,,,1841
MFSL,CALL DOI,,,,,,,,,,,174257
MFSL,PUT DOI,,,,,,,,,,,-430406
MFSL,CALL GEX,,,,,,,,,,,30104
MFSL,PUT GEX,,,,,,,,,,,34455
MFSL,GEX STRIKE,,,,,,,,,,,1400.0
MFSL,EXPIRY,,,,,,,,,,,2026-10-27
MFSL,ATM IV,,,,,,,,,,,31.98
MOTHERSON,PRICE,153.08,159.2,,,,154.0,155.99,154.05,159.65,157.9,153.9
MOTHERSON,VWAP,,,,,,,,,,,153.57
MOTHERSON,CASH VOL,14700252,11181774,4822064,56.63,46.72,,,,,,954391
MOTHERSON,F&O VOL,11999,10952,,,,,,,,,1121
MOTHERSON,F&O OI,34643,32349,,,,,,,,,34817
MOTHERSON,CALL VOL,3338,3667,,,,,,,,,500
MOTHERSON,CALL OI,3214,2484,,,,,,,,,3340
MOTHERSON,PUT VOL,2682,3381,,,,,,,,,308
MOTHERSON,PUT OI,2989,2946,,,,,,,,,3019
MOTHERSON,CALL SPRD,,,,,,,,,,,1.65
MOTHERSON,PUT SPRD,,,,,,,,,,,1.29
MOTHERSON,CALL OI FIX,3057,,,,,,,,,,3171
MOTHERSON,PUT OI FIX,3117,,,,,,,,,,3149
MOTHERSON,CALL DOI,,,,,,,,,,,6247330
MOTHERSON,PUT DOI,,,,,,,,,,,-9293635
MOTHERSON,CALL GEX,,,,,,,,,,,1023188
MOTHERSON,PUT GEX,,,,,,,,,,,897511
MOTHERSON,GEX STRIKE,,,,,,,,,,,160.0
MOTHERSON,EXPIRY,,,,,,,,,,,2026-10-27
MOTHERSON,ATM IV,,,,,,,,,,,30.34
MOTILALOFS,PRICE,1014.3,1067.9,,,,1014.0,1039.08,1022.56,999.23,993.01,1010.8
MOTILALOFS,VWAP,,,,,,,,,,,1009.95
MOTILALOFS,CASH VOL,789291,1232877,198993,34.43,33.05,,,,,,171002
MOTILALOFS,F&O VOL,13403,15755,,,,,,,,,1197
MOTILALOFS,F&O OI,12478,12320,,,,,,,,,12690
MOTILALOFS,CALL VOL,4357,6442,,,,,,,,,630
MOTILALOFS,CALL OI,2116,1957,,,,,,,,,2261
MOTILALOFS,PUT VOL,4022,3194,,,,,,,,,260
MOTILALOFS,PUT OI,1793,1743,,,,,,,,,1803
MOTILALOFS,CALL SPRD,,,,,,,,,,,1.69
MOTILALOFS,PUT SPRD,,,,,,,,,,,3.05
MOTILALOFS,CALL OI FIX,2116,,,,,,,,,,2261
MOTILALOFS,PUT OI FIX,1793,,,,,,,,,,1803
MOTILALOFS,CALL DOI,,,,,,,,,,,550651
MOTILALOFS,PUT DOI,,,,,,,,,,,-609740
MOTILALOFS,CALL GEX,,,,,,,,,,,66964
MOTILALOFS,PUT GEX,,,,,,,,,,,55119
MOTILALOFS,GEX STRIKE,,,,,,,,,,,1000.0
MOTILALOFS,EXPIRY,,,,,,,,,,,2026-10-27
MOTILALOFS,ATM IV,,,,,,,,,,,38.8
MPHASIS,PRICE,2303.4,2289.0,,,,2323.5,2319.05,2308.62,2235.1,2204.9,2370.3
MPHASIS,VWAP,,,,,,,,,,,2369.48
MPHASIS,CASH VOL,753211,277155,266549,40.43,45.06,,,,,,91224
MPHASIS,F&O VOL,24214,6151,,,,,,,,,6947
MPHASIS,F&O OI,28947,27219,,,,,,,,,29201
MPHASIS,CALL VOL,13593,3241,,,,,,,,,4698
MPHASIS,CALL OI,3669,3416,,,,,,,,,3688
MPHASIS,PUT VOL,7059,1547,,,,,,,,,1613
MPHASIS,PUT OI,3182,1696,,,,,,,,,3369
MPHASIS,CALL SPRD,,,,,,,,,,,1.34
MPHASIS,PUT SPRD,,,,,,,,,,,2.68
MPHASIS,CALL OI FIX,3499,,,,,,,,,,3492
MPHASIS,PUT OI FIX,3505,,,,,,,,,,3680
MPHASIS,CALL DOI,,,,,,,,,,,504700
MPHASIS,PUT DOI,,,,,,,,,,,-234385
MPHASIS,CALL GEX,,,,,,,,,,,51299
MPHASIS,PUT GEX,,,,,,,,,,,30146
MPHASIS,GEX STRIKE,,,,,,,,,,,2300.0
MPHASIS,EXPIRY,,,,,,,,,,,2026-10-27
MPHASIS,ATM IV,,,,,,,,,,,33.3
MUTHOOTFIN,PRICE,2559.6,2654.4,,,,2585.0,2605.55,2574.92,2743.45,2712.55,2645.9
MUTHOOTFIN,VWAP,,,,,,,,,,,2623.07
MUTHOOTFIN,CASH VOL,699689,629510,211241,50.14,52.51,,,,,,115264
MUTHOOTFIN,F&O VOL,22244,15872,,,,,,,,,6245
MUTHOOTFIN,F&O OI,43511,41411,,,,,,,,,43392
MUTHOOTFIN,CALL VOL,10681,8661,,,,,,,,,4101
MUTHOOTFIN,CALL OI,8533,7485,,,,,,,,,8535
MUTHOOTFIN,PUT VOL,6913,3629,,,,,,,,,1468
MUTHOOTFIN,PUT OI,6107,4976,,,,,,,,,5996
MUTHOOTFIN,CALL SPRD,,,,,,,,,,,0.93
MUTHOOTFIN,PUT SPRD,,,,,,,,,,,0.96
MUTHOOTFIN,CALL OI FIX,6539,,,,,,,,,,6523
MUTHOOTFIN,PUT OI FIX,5672,,,,,,,,,,5565
MUTHOOTFIN,CALL DOI,,,,,,,,,,,796643
MUTHOOTFIN,PUT DOI,,,,,,,,,,,-747073
MUTHOOTFIN,CALL GEX,,,,,,,,,,,96617
MUTHOOTFIN,PUT GEX,,,,,,,,,,,89118
MUTHOOTFIN,GEX STRIKE,,,,,,,,,,,2600.0
MUTHOOTFIN,EXPIRY,,,,,,,,,,,2026-10-27
MUTHOOTFIN,ATM IV,,,,,,,,,,,31.42
NAM-INDIA,PRICE,1039.4,1047.2,,,,1041.9,1046.05,1041.62,1090.7,1060.9,1043.3
NAM-INDIA,VWAP,,,,,,,,,,,1040.28
NAM-INDIA,CASH VOL,490778,929248,100840,46.94,62.84,,,,,,26097
NAM-INDIA,F&O VOL,4085,3263,,,,,,,,,438
NAM-INDIA,F&O OI,10027,9783,,,,,,,,,9940
NAM-INDIA,CALL VOL,957,684,,,,,,,,,51
NAM-INDIA,CALL OI,831,691,,,,,,,,,829
NAM-INDIA,PUT VOL,830,785,,,,,,,,,70
NAM-INDIA,PUT OI,1225,1201,,,,,,,,,1237
NAM-INDIA,CALL SPRD,,,,,,,,,,,3.55
NAM-INDIA,PUT SPRD,,,,,,,,,,,4.49
NAM-INDIA,CALL OI FIX,831,,,,,,,,,,829
NAM-INDIA,PUT OI FIX,1225,,,,,,,,,,1237
NAM-INDIA,CALL DOI,,,,,,,,,,,167827
NAM-INDIA,PUT DOI,,,,,,,,,,,-348031
NAM-INDIA,CALL GEX,,,,,,,,,,,24511
NAM-INDIA,PUT GEX,,,,,,,,,,,30804
NAM-INDIA,GEX STRIKE,,,,,,,,,,,1100.0
NAM-INDIA,EXPIRY,,,,,,,,,,,2026-10-27
NAM-INDIA,ATM IV,,,,,,,,,,,35.14
NATIONALUM,PRICE,313.1,321.3,,,,314.1,316.55,314.25,342.12,337.31,314.5
NATIONALUM,VWAP,,,,,,,,,,,312.17
NATIONALUM,CASH VOL,5007229,9475375,1010250,38.16,43.49,,,,,,644212
NATIONALUM,F&O VOL,37822,37432,,,,,,,,,3161
NATIONALUM,F&O OI,48319,43081,,,,,,,,,48698
NATIONALUM,CALL VOL,11069,7729,,,,,,,,,1464
NATIONALUM,CALL OI,5415,2810,,,,,,,,,5684
NATIONALUM,PUT VOL,13671,15717,,,,,,,,,979
NATIONALUM,PUT OI,7185,5565,,,,,,,,,7228
NATIONALUM,CALL SPRD,,,,,,,,,,,1.44
NATIONALUM,PUT SPRD,,,,,,,,,,,1.53
NATIONALUM,CALL OI FIX,5415,,,,,,,,,,5684
NATIONALUM,PUT OI FIX,7185,,,,,,,,,,7228
NATIONALUM,CALL DOI,,,,,,,,,,,3740033
NATIONALUM,PUT DOI,,,,,,,,,,,-7298168
NATIONALUM,CALL GEX,,,,,,,,,,,431491
NATIONALUM,PUT GEX,,,,,,,,,,,641191
NATIONALUM,GEX STRIKE,,,,,,,,,,,330.0
NATIONALUM,EXPIRY,,,,,,,,,,,2026-10-27
NATIONALUM,ATM IV,,,,,,,,,,,36.65
NAUKRI,PRICE,1182.8,1225.3,,,,1189.8,1218.0,1194.53,1221.65,1207.22,1221.6
NAUKRI,VWAP,,,,,,,,,,,1225.19
NAUKRI,CASH VOL,2180593,1008055,409072,38.74,53.79,,,,,,356095
NAUKRI,F&O VOL,51926,10115,,,,,,,,,11752
NAUKRI,F&O OI,34433,32764,,,,,,,,,34750
NAUKRI,CALL VOL,22708,4281,,,,,,,,,7602
NAUKRI,CALL OI,3372,2846,,,,,,,,,3538
NAUKRI,PUT VOL,15713,3108,,,,,,,,,2329
NAUKRI,PUT OI,3305,2192,,,,,,,,,3446
NAUKRI,CALL SPRD,,,,,,,,,,,1.46
NAUKRI,PUT SPRD,,,,,,,,,,,2.38
NAUKRI,CALL OI FIX,2396,,,,,,,,,,2566
NAUKRI,PUT OI FIX,3338,,,,,,,,,,3496
NAUKRI,CALL DOI,,,,,,,,,,,763157
NAUKRI,PUT DOI,,,,,,,,,,,-675976
NAUKRI,CALL GEX,,,,,,,,,,,113098
NAUKRI,PUT GEX,,,,,,,,,,,76215
NAUKRI,GEX STRIKE,,,,,,,,,,,1240.0
NAUKRI,EXPIRY,,,,,,,,,,,2026-10-27
NAUKRI,ATM IV,,,,,,,,,,,31.19
NBCC,PRICE,74.0,76.74,,,,74.47,75.38,74.46,79.28,78.03,74.38
NBCC,VWAP,,,,,,,,,,,74.29
NBCC,CASH VOL,4958138,3629902,1275087,39.58,32.77,,,,,,896965
NBCC,F&O VOL,4810,2200,,,,,,,,,741
NBCC,F&O OI,20257,20357,,,,,,,,,20294
NBCC,CALL VOL,894,345,,,,,,,,,362
NBCC,CALL OI,570,1542,,,,,,,,,638
NBCC,PUT VOL,876,406,,,,,,,,,69
NBCC,PUT OI,751,935,,,,,,,,,741
NBCC,CALL SPRD,,,,,,,,,,,2.64
NBCC,PUT SPRD,,,,,,,,,,,2.58
NBCC,CALL OI FIX,570,,,,,,,,,,638
NBCC,PUT OI FIX,751,,,,,,,,,,741
NBCC,CALL DOI,,,,,,,,,,,1561946
NBCC,PUT DOI,,,,,,,,,,,-2258519
NBCC,CALL GEX,,,,,,,,,,,218804
NBCC,PUT GEX,,,,,,,,,,,219051
NBCC,GEX STRIKE,,,,,,,,,,,75.0
NBCC,EXPIRY,,,,,,,,,,,2026-10-27
NBCC,ATM IV,,,,,,,,,,,32.25
NESTLEIND,PRICE,1319.0,1324.0,,,,1321.2,1328.5,1322.17,1325.9,1313.77,1325.8
NESTLEIND,VWAP,,,,,,,,,,,1324.57
NESTLEIND,CASH VOL,1344650,1409917,411608,55.75,52.39,,,,,,47667
NESTLEIND,F&O VOL,13496,15722,,,,,,,,,1210
NESTLEIND,F&O OI,33176,32321,,,,,,,,,33247
NESTLEIND,CALL VOL,4651,5770,,,,,,,,,458
NESTLEIND,CALL OI,3050,2985,,,,,,,,,3057
NESTLEIND,PUT VOL,2720,3692,,,,,,,,,189
NESTLEIND,PUT OI,2534,2427,,,,,,,,,2532
NESTLEIND,CALL SPRD,,,,,,,,,,,1.68
NESTLEIND,PUT SPRD,,,,,,,,,,,1.88
NESTLEIND,CALL OI FIX,2883,,,,,,,,,,2888
NESTLEIND,PUT OI FIX,2536,,,,,,,,,,2535
NESTLEIND,CALL DOI,,,,,,,,,,,772471
NESTLEIND,PUT DOI,,,,,,,,,,,-552558
NESTLEIND,CALL GEX,,,,,,,,,,,91521
NESTLEIND,PUT GEX,,,,,,,,,,,77083
NESTLEIND,GEX STRIKE,,,,,,,,,,,1330.0
NESTLEIND,EXPIRY,,,,,,,,,,,2026-10-27
NESTLEIND,ATM IV,,,,,,,,,,,27.61
NHPC,PRICE,71.65,72.5,,,,71.65,71.99,71.76,73.08,72.19,71.98
NHPC,VWAP,,,,,,,,,,,71.66
NHPC,CASH VOL,10723011,4518389,3700008,65.19,50.9,,,,,,841649
NHPC,F&O VOL,5898,5459,,,,,,,,,435
NHPC,F&O OI,25073,24623,,,,,,,,,25048
NHPC,CALL VOL,2136,1249,,,,,,,,,211
NHPC,CALL OI,2254,1764,,,,,,,,,2224
NHPC,PUT VOL,1631,1347,,,,,,,,,87
NHPC,PUT OI,1888,1964,,,,,,,,,1878
NHPC,CALL SPRD,,,,,,,,,,,2.41
NHPC,PUT SPRD,,,,,,,,,,,2.08
NHPC,CALL OI FIX,2254,,,,,,,,,,2224
NHPC,PUT OI FIX,1888,,,,,,,,,,1878
NHPC,CALL DOI,,,,,,,,,,,5682901
NHPC,PUT DOI,,,,,,,,,,,-5750705
NHPC,CALL GEX,,,,,,,,,,,951558
NHPC,PUT GEX,,,,,,,,,,,742249
NHPC,GEX STRIKE,,,,,,,,,,,75.0
NHPC,EXPIRY,,,,,,,,,,,2026-10-27
NHPC,ATM IV,,,,,,,,,,,24.12
NMDC,PRICE,70.69,72.8,,,,71.02,71.42,70.93,77.31,75.53,71.82
NMDC,VWAP,,,,,,,,,,,71.29
NMDC,CASH VOL,26538950,15148455,8985028,60.69,50.39,,,,,,1687099
NMDC,F&O VOL,17493,11626,,,,,,,,,1443
NMDC,F&O OI,71561,71253,,,,,,,,,71557
NMDC,CALL VOL,6134,3615,,,,,,,,,731
NMDC,CALL OI,3409,2641,,,,,,,,,3450
NMDC,PUT VOL,3143,3043,,,,,,,,,207
NMDC,PUT OI,2205,2434,,,,,,,,,2189
NMDC,CALL SPRD,,,,,,,,,,,1.03
NMDC,PUT SPRD,,,,,,,,,,,2.11
NMDC,CALL OI FIX,2622,,,,,,,,,,2656
NMDC,PUT OI FIX,2029,,,,,,,,,,2014
NMDC,CALL DOI,,,,,,,,,,,8208771
NMDC,PUT DOI,,,,,,,,,,,-8062582
NMDC,CALL GEX,,,,,,,,,,,1069559
NMDC,PUT GEX,,,,,,,,,,,809638
NMDC,GEX STRIKE,,,,,,,,,,,75.0
NMDC,EXPIRY,,,,,,,,,,,2026-10-27
NMDC,ATM IV,,,,,,,,,,,30.07
NTPC,PRICE,309.7,316.75,,,,309.75,312.42,310.61,319.83,316.68,311.45
NTPC,VWAP,,,,,,,,,,,310.81
NTPC,CASH VOL,12262742,6330699,6093619,62.31,60.69,,,,,,402610
NTPC,F&O VOL,25829,17871,,,,,,,,,2324
NTPC,F&O OI,85310,82346,,,,,,,,,85822
NTPC,CALL VOL,11554,5798,,,,,,,,,1098
NTPC,CALL OI,11576,8411,,,,,,,,,11701
NTPC,PUT VOL,5496,4217,,,,,,,,,604
NTPC,PUT OI,5166,5179,,,,,,,,,5377
NTPC,CALL SPRD,,,,,,,,,,,2.71
NTPC,PUT SPRD,,,,,,,,,,,3.7
NTPC,CALL OI FIX,5732,,,,,,,,,,5849
NTPC,PUT OI FIX,4364,,,,,,,,,,4574
NTPC,CALL DOI,,,,,,,,,,,5267633
NTPC,PUT DOI,,,,,,,,,,,-4135243
NTPC,CALL GEX,,,,,,,,,,,1269193
NTPC,PUT GEX,,,,,,,,,,,604358
NTPC,GEX STRIKE,,,,,,,,,,,325.0
NTPC,EXPIRY,,,,,,,,,,,2026-10-27
NTPC,ATM IV,,,,,,,,,,,20.52
NYKAA,PRICE,332.3,341.25,,,,333.0,338.2,334.27,324.79,324.48,338.65
NYKAA,VWAP,,,,,,,,,,,335.84
NYKAA,CASH VOL,4233718,6078112,1222782,55.18,51.7,,,,,,337674
NYKAA,F&O VOL,8315,10367,,,,,,,,,959
NYKAA,F&O OI,17669,18383,,,,,,,,,17650
NYKAA,CALL VOL,2947,4799,,,,,,,,,508
NYKAA,CALL OI,3043,3057,,,,,,,,,3121
NYKAA,PUT VOL,2707,2466,,,,,,,,,290
NYKAA,PUT OI,1806,2250,,,,,,,,,1775
NYKAA,CALL SPRD,,,,,,,,,,,2.01
NYKAA,PUT SPRD,,,,,,,,,,,1.58
NYKAA,CALL OI FIX,2594,,,,,,,,,,2676
NYKAA,PUT OI FIX,2044,,,,,,,,,,2011
NYKAA,CALL DOI,,,,,,,,,,,4400822
NYKAA,PUT DOI,,,,,,,,,,,-1801875
NYKAA,CALL GEX,,,,,,,,,,,587248
NYKAA,PUT GEX,,,,,,,,,,,259284
NYKAA,GEX STRIKE,,,,,,,,,,,340.0
NYKAA,EXPIRY,,,,,,,,,,,2026-10-27
NYKAA,ATM IV,,,,,,,,,,,29.05
OBEROIRLTY,PRICE,1663.3,1736.0,,,,1680.0,1696.65,1674.42,1790.8,1766.67,1682.7
OBEROIRLTY,VWAP,,,,,,,,,,,1678.56
OBEROIRLTY,CASH VOL,352318,299046,164225,57.99,63.87,,,,,,29045
OBEROIRLTY,F&O VOL,4940,3803,,,,,,,,,436
OBEROIRLTY,F&O OI,16048,15595,,,,,,,,,16097
OBEROIRLTY,CALL VOL,497,637,,,,,,,,,121
OBEROIRLTY,CALL OI,634,526,,,,,,,,,658
OBEROIRLTY,PUT VOL,1376,1265,,,,,,,,,82
OBEROIRLTY,PUT OI,1541,1578,,,,,,,,,1538
OBEROIRLTY,CALL SPRD,,,,,,,,,,,1.74
OBEROIRLTY,PUT SPRD,,,,,,,,,,,2.14
OBEROIRLTY,CALL OI FIX,547,,,,,,,,,,572
OBEROIRLTY,PUT OI FIX,1933,,,,,,,,,,1931
OBEROIRLTY,CALL DOI,,,,,,,,,,,87243
OBEROIRLTY,PUT DOI,,,,,,,,,,,-246355
OBEROIRLTY,CALL GEX,,,,,,,,,,,11010
OBEROIRLTY,PUT GEX,,,,,,,,,,,24543
OBEROIRLTY,GEX STRIKE,,,,,,,,,,,1740.0
OBEROIRLTY,EXPIRY,,,,,,,,,,,2026-10-27
OBEROIRLTY,ATM IV,,,,,,,,,,,34.64
OFSS,PRICE,10400.0,10576.0,,,,10401.0,10606.0,10468.67,10586.5,10475.5,10489.0
OFSS,VWAP,,,,,,,,,,,10508.28
OFSS,CASH VOL,174397,201807,43844,33.44,34.5,,,,,,26923
OFSS,F&O VOL,13669,10934,,,,,,,,,2162
OFSS,F&O OI,23326,23310,,,,,,,,,23357
OFSS,CALL VOL,3382,2668,,,,,,,,,553
OFSS,CALL OI,2141,2020,,,,,,,,,2153
OFSS,PUT VOL,1748,1456,,,,,,,,,396
OFSS,PUT OI,2106,2247,,,,,,,,,2159
OFSS,CALL SPRD,,,,,,,,,,,1.68
OFSS,PUT SPRD,,,,,,,,,,,1.54
OFSS,CALL OI FIX,2110,,,,,,,,,,2121
OFSS,PUT OI FIX,2592,,,,,,,,,,2672
OFSS,CALL DOI,,,,,,,,,,,103127
OFSS,PUT DOI,,,,,,,,,,,-106160
OFSS,CALL GEX,,,,,,,,,,,10319
OFSS,PUT GEX,,,,,,,,,,,8220
OFSS,GEX STRIKE,,,,,,,,,,,10800.0
OFSS,EXPIRY,,,,,,,,,,,2026-10-27
OFSS,ATM IV,,,,,,,,,,,42.02
OIL,PRICE,447.0,453.75,,,,444.0,448.93,447.64,455.55,447.85,444.85
OIL,VWAP,,,,,,,,,,,443.67
OIL,CASH VOL,618269,1445019,225997,52.14,57.23,,,,,,80009
OIL,F&O VOL,2269,3526,,,,,,,,,471
OIL,F&O OI,13619,13271,,,,,,,,,13629
OIL,CALL VOL,858,1171,,,,,,,,,216
OIL,CALL OI,1032,785,,,,,,,,,1016
OIL,PUT VOL,656,554,,,,,,,,,162
OIL,PUT OI,1043,948,,,,,,,,,1052
OIL,CALL SPRD,,,,,,,,,,,2.51
OIL,PUT SPRD,,,,,,,,,,,2.94
OIL,CALL OI FIX,1032,,,,,,,,,,1016
OIL,PUT OI FIX,1043,,,,,,,,,,1052
OIL,CALL DOI,,,,,,,,,,,582446
OIL,PUT DOI,,,,,,,,,,,-640827
OIL,CALL GEX,,,,,,,,,,,91863
OIL,PUT GEX,,,,,,,,,,,81401
OIL,GEX STRIKE,,,,,,,,,,,450.0
OIL,EXPIRY,,,,,,,,,,,2026-10-27
OIL,ATM IV,,,,,,,,,,,26.13
ONGC,PRICE,219.8,221.88,,,,220.0,220.76,220.12,228.22,224.32,220.15
ONGC,VWAP,,,,,,,,,,,219.7
ONGC,CASH VOL,9471873,14223609,2261908,67.36,61.72,,,,,,1019024
ONGC,F&O VOL,29595,23979,,,,,,,,,3279
ONGC,F&O OI,59951,56961,,,,,,,,,60084
ONGC,CALL VOL,13970,9731,,,,,,,,,1713
ONGC,CALL OI,8896,6204,,,,,,,,,8935
ONGC,PUT VOL,7330,5872,,,,,,,,,874
ONGC,PUT OI,6634,6169,,,,,,,,,6722
ONGC,CALL SPRD,,,,,,,,,,,0.93
ONGC,PUT SPRD,,,,,,,,,,,1.55
ONGC,CALL OI FIX,8896,,,,,,,,,,8935
ONGC,PUT OI FIX,6634,,,,,,,,,,6722
ONGC,CALL DOI,,,,,,,,,,,7269443
ONGC,PUT DOI,,,,,,,,,,,-6958329
ONGC,CALL GEX,,,,,,,,,,,1468609
ONGC,PUT GEX,,,,,,,,,,,1051909
ONGC,GEX STRIKE,,,,,,,,,,,220.0
ONGC,EXPIRY,,,,,,,,,,,2026-10-27
ONGC,ATM IV,,,,,,,,,,,21.02
PAGEIND,PRICE,36450.0,37570.0,,,,36645.0,37007.5,36635.83,36867.5,36729.17,36705.0
PAGEIND,VWAP,,,,,,,,,,,36686.74
PAGEIND,CASH VOL,18034,10168,5326,45.5,31.26,,,,,,1636
PAGEIND,F&O VOL,5347,4787,,,,,,,,,778
PAGEIND,F&O OI,15677,15745,,,,,,,,,15825
PAGEIND,CALL VOL,1711,1159,,,,,,,,,409
PAGEIND,CALL OI,1215,1211,,,,,,,,,1320
PAGEIND,PUT VOL,1266,1137,,,,,,,,,71
PAGEIND,PUT OI,1148,1237,,,,,,,,,1139
PAGEIND,CALL SPRD,,,,,,,,,,,6.88
PAGEIND,PUT SPRD,,,,,,,,,,,6.68
PAGEIND,CALL OI FIX,1215,,,,,,,,,,1320
PAGEIND,PUT OI FIX,1148,,,,,,,,,,1139
PAGEIND,CALL DOI,,,,,,,,,,,9280
PAGEIND,PUT DOI,,,,,,,,,,,-9783
PAGEIND,CALL GEX,,,,,,,,,,,1519
PAGEIND,PUT GEX,,,,,,,,,,,1243
PAGEIND,GEX STRIKE,,,,,,,,,,,38000.0
PAGEIND,EXPIRY,,,,,,,,,,,2026-10-27
PAGEIND,ATM IV,,,,,,,,,,,27.41
PATANJALI,PRICE,355.0,360.95,,,,354.8,355.52,355.17,375.8,362.03,355.45
PATANJALI,VWAP,,,,,,,,,,,355.65
PATANJALI,CASH VOL,3092753,3163358,911643,35.8,37.54,,,,,,218178
PATANJALI,F&O VOL,11168,12017,,,,,,,,,1578
PATANJALI,F&O OI,54858,54546,,,,,,,,,54893
PATANJALI,CALL VOL,3590,3526,,,,,,,,,620
PATANJALI,CALL OI,5167,4850,,,,,,,,,5192
PATANJALI,PUT VOL,2102,2045,,,,,,,,,401
PATANJALI,PUT OI,2976,2978,,,,,,,,,2983
PATANJALI,CALL SPRD,,,,,,,,,,,1.67
PATANJALI,PUT SPRD,,,,,,,,,,,1.84
PATANJALI,CALL OI FIX,5167,,,,,,,,,,5192
PATANJALI,PUT OI FIX,2976,,,,,,,,,,2983
PATANJALI,CALL DOI,,,,,,,,,,,2268158
PATANJALI,PUT DOI,,,,,,,,,,,-1466796
PATANJALI,CALL GEX,,,,,,,,,,,257435
PATANJALI,PUT GEX,,,,,,,,,,,135426
PATANJALI,GEX STRIKE,,,,,,,,,,,360.0
PATANJALI,EXPIRY,,,,,,,,,,,2026-10-27
PATANJALI,ATM IV,,,,,,,,,,,35.97
PAYTM,PRICE,1641.5,1732.0,,,,1638.0,1632.7,1615.1,1666.2,1659.4,1679.5
PAYTM,VWAP,,,,,,,,,,,1656.6
PAYTM,CASH VOL,17399723,5016093,1416270,32.58,33.89,,,,,,792779
PAYTM,F&O VOL,256282,82294,,,,,,,,,12643
PAYTM,F&O OI,51663,41241,,,,,,,,,52168
PAYTM,CALL VOL,92068,26785,,,,,,,,,5881
PAYTM,CALL OI,8948,4990,,,,,,,,,8809
PAYTM,PUT VOL,51813,18087,,,,,,,,,2098
PAYTM,PUT OI,8362,5629,,,,,,,,,8625
PAYTM,CALL SPRD,,,,,,,,,,,0.79
PAYTM,PUT SPRD,,,,,,,,,,,1.37
PAYTM,CALL OI FIX,7698,,,,,,,,,,7618
PAYTM,PUT OI FIX,8855,,,,,,,,,,9166
PAYTM,CALL DOI,,,,,,,,,,,3335562
PAYTM,PUT DOI,,,,,,,,,,,-2160585
PAYTM,CALL GEX,,,,,,,,,,,255675
PAYTM,PUT GEX,,,,,,,,,,,264294
PAYTM,GEX STRIKE,,,,,,,,,,,1600.0
PAYTM,EXPIRY,,,,,,,,,,,2026-10-27
PAYTM,ATM IV,,,,,,,,,,,38.5
PERSISTENT,PRICE,5468.0,5507.0,,,,5499.0,5529.5,5488.5,5337.83,5279.5,5600.0
PERSISTENT,VWAP,,,,,,,,,,,5609.89
PERSISTENT,CASH VOL,332743,298344,83062,27.71,46.87,,,,,,131883
PERSISTENT,F&O VOL,33159,14516,,,,,,,,,16058
PERSISTENT,F&O OI,37491,36957,,,,,,,,,38363
PERSISTENT,CALL VOL,16931,6843,,,,,,,,,8985
PERSISTENT,CALL OI,6057,5919,,,,,,,,,6243
PERSISTENT,PUT VOL,8315,4060,,,,,,,,,3758
PERSISTENT,PUT OI,3881,3431,,,,,,,,,4159
PERSISTENT,CALL SPRD,,,,,,,,,,,1.23
PERSISTENT,PUT SPRD,,,,,,,,,,,1.09
PERSISTENT,CALL OI FIX,5940,,,,,,,,,,6075
PERSISTENT,PUT OI FIX,4535,,,,,,,,,,4806
PERSISTENT,CALL DOI,,,,,,,,,,,396079
PERSISTENT,PUT DOI,,,,,,,,,,,-174652
PERSISTENT,CALL GEX,,,,,,,,,,,37511
PERSISTENT,PUT GEX,,,,,,,,,,,16387
PERSISTENT,GEX STRIKE,,,,,,,,,,,5600.0
PERSISTENT,EXPIRY,,,,,,,,,,,2026-10-27
PERSISTENT,ATM IV,,,,,,,,,,,39.12
PETRONET,PRICE,288.5,297.0,,,,289.85,292.48,289.83,287.4,286.13,293.55
PETRONET,VWAP,,,,,,,,,,,292.67
PETRONET,CASH VOL,2877618,3121238,677181,63.24,61.6,,,,,,291931
PETRONET,F&O VOL,5404,8632,,,,,,,,,548
PETRONET,F&O OI,21733,21900,,,,,,,,,21733
PETRONET,CALL VOL,2032,3864,,,,,,,,,322
PETRONET,CALL OI,2336,2302,,,,,,,,,2333
PETRONET,PUT VOL,1539,1869,,,,,,,,,101
PETRONET,PUT OI,1316,1515,,,,,,,,,1331
PETRONET,CALL SPRD,,,,,,,,,,,3.2
PETRONET,PUT SPRD,,,,,,,,,,,10.44
PETRONET,CALL OI FIX,2149,,,,,,,,,,2140
PETRONET,PUT OI FIX,1499,,,,,,,,,,1514
PETRONET,CALL DOI,,,,,,,,,,,2323594
PETRONET,PUT DOI,,,,,,,,,,,-789449
PETRONET,CALL GEX,,,,,,,,,,,290147
PETRONET,PUT GEX,,,,,,,,,,,154029
PETRONET,GEX STRIKE,,,,,,,,,,,290.0
PETRONET,EXPIRY,,,,,,,,,,,2026-10-27
PETRONET,ATM IV,,,,,,,,,,,27.25
PFC,PRICE,323.7,325.55,,,,324.2,327.33,324.91,325.95,320.65,326.15
PFC,VWAP,,,,,,,,,,,325.27
PFC,CASH VOL,6668472,15838626,1478136,43.89,52.38,,,,,,406713
PFC,F&O VOL,29381,51992,,,,,,,,,2045
PFC,F&O OI,114277,115217,,,,,,,,,114314
PFC,CALL VOL,12295,26580,,,,,,,,,1019
PFC,CALL OI,12088,12140,,,,,,,,,12116
PFC,PUT VOL,7010,11641,,,,,,,,,601
PFC,PUT OI,9981,10332,,,,,,,,,10002
PFC,CALL SPRD,,,,,,,,,,,1.63
PFC,PUT SPRD,,,,,,,,,,,2.2
PFC,CALL OI FIX,12088,,,,,,,,,,12116
PFC,PUT OI FIX,9981,,,,,,,,,,10002
PFC,CALL DOI,,,,,,,,,,,5952530
PFC,PUT DOI,,,,,,,,,,,-6102066
PFC,CALL GEX,,,,,,,,,,,788889
PFC,PUT GEX,,,,,,,,,,,674192
PFC,GEX STRIKE,,,,,,,,,,,340.0
PFC,EXPIRY,,,,,,,,,,,2026-10-27
PFC,ATM IV,,,,,,,,,,,27.99
PGEL,PRICE,510.6,522.0,,,,515.2,521.48,514.23,498.55,486.92,512.4
PGEL,VWAP,,,,,,,,,,,511.32
PGEL,CASH VOL,1883752,987708,249212,39.36,17.36,,,,,,143367
PGEL,F&O VOL,13854,9659,,,,,,,,,1223
PGEL,F&O OI,20829,20860,,,,,,,,,20889
PGEL,CALL VOL,5618,3652,,,,,,,,,590
PGEL,CALL OI,3247,2876,,,,,,,,,3302
PGEL,PUT VOL,5144,3677,,,,,,,,,442
PGEL,PUT OI,2788,3210,,,,,,,,,2778
PGEL,CALL SPRD,,,,,,,,,,,2.42
PGEL,PUT SPRD,,,,,,,,,,,1.81
PGEL,CALL OI FIX,3247,,,,,,,,,,3302
PGEL,PUT OI FIX,2788,,,,,,,,,,2778
PGEL,CALL DOI,,,,,,,,,,,1280044
PGEL,PUT DOI,,,,,,,,,,,-914861
PGEL,CALL GEX,,,,,,,,,,,139882
PGEL,PUT GEX,,,,,,,,,,,102016
PGEL,GEX STRIKE,,,,,,,,,,,520.0
PGEL,EXPIRY,,,,,,,,,,,2026-10-27
PGEL,ATM IV,,,,,,,,,,,35.48
PHOENIXLTD,PRICE,1771.2,1845.5,,,,1789.1,1811.05,1784.48,1942.45,1934.15,1802.0
PHOENIXLTD,VWAP,,,,,,,,,,,1796.58
PHOENIXLTD,CASH VOL,842456,277954,174202,62.3,56.2,,,,,,23309
PHOENIXLTD,F&O VOL,8026,5449,,,,,,,,,419
PHOENIXLTD,F&O OI,15066,14392,,,,,,,,,15042
PHOENIXLTD,CALL VOL,1586,898,,,,,,,,,105
PHOENIXLTD,CALL OI,706,441,,,,,,,,,676
PHOENIXLTD,PUT VOL,2937,2068,,,,,,,,,155
PHOENIXLTD,PUT OI,1597,1226,,,,,,,,,1597
PHOENIXLTD,CALL SPRD,,,,,,,,,,,7.78
PHOENIXLTD,PUT SPRD,,,,,,,,,,,2.24
PHOENIXLTD,CALL OI FIX,430,,,,,,,,,,435
PHOENIXLTD,PUT OI FIX,1352,,,,,,,,,,1352
PHOENIXLTD,CALL DOI,,,,,,,,,,,90381
PHOENIXLTD,PUT DOI,,,,,,,,,,,-260076
PHOENIXLTD,CALL GEX,,,,,,,,,,,11930
PHOENIXLTD,PUT GEX,,,,,,,,,,,28238
PHOENIXLTD,GEX STRIKE,,,,,,,,,,,1900.0
PHOENIXLTD,EXPIRY,,,,,,,,,,,2026-10-27
PHOENIXLTD,ATM IV,,,,,,,,,,,29.52
PIDILITIND,PRICE,1460.1,1488.5,,,,1466.4,1479.05,1466.42,1482.4,1470.13,1474.9
PIDILITIND,VWAP,,,,,,,,,,,1472.6
PIDILITIND,CASH VOL,985340,537272,364291,67.42,52.62,,,,,,23264
PIDILITIND,F&O VOL,3642,7340,,,,,,,,,261
PIDILITIND,F&O OI,14755,14609,,,,,,,,,14774
PIDILITIND,CALL VOL,1494,2800,,,,,,,,,133
PIDILITIND,CALL OI,1400,1310,,,,,,,,,1410
PIDILITIND,PUT VOL,1220,2893,,,,,,,,,78
PIDILITIND,PUT OI,2233,2247,,,,,,,,,2235
PIDILITIND,CALL SPRD,,,,,,,,,,,1.8
PIDILITIND,PUT SPRD,,,,,,,,,,,1.97
PIDILITIND,CALL OI FIX,1251,,,,,,,,,,1258
PIDILITIND,PUT OI FIX,2267,,,,,,,,,,2269
PIDILITIND,CALL DOI,,,,,,,,,,,252361
PIDILITIND,PUT DOI,,,,,,,,,,,-441733
PIDILITIND,CALL GEX,,,,,,,,,,,47142
PIDILITIND,PUT GEX,,,,,,,,,,,72321
PIDILITIND,GEX STRIKE,,,,,,,,,,,1500.0
PIDILITIND,EXPIRY,,,,,,,,,,,2026-10-27
PIDILITIND,ATM IV,,,,,,,,,,,23.43
PIIND,PRICE,2100.0,2210.0,,,,2120.0,2156.35,2118.78,2309.2,2260.4,2115.1
PIIND,VWAP,,,,,,,,,,,2115.56
PIIND,CASH VOL,246249,167302,126451,47.81,45.47,,,,,,18514
PIIND,F&O VOL,14237,7603,,,,,,,,,1448
PIIND,F&O OI,34759,32904,,,,,,,,,34908
PIIND,CALL VOL,2153,634,,,,,,,,,270
PIIND,CALL OI,1084,456,,,,,,,,,1128
PIIND,PUT VOL,3224,1139,,,,,,,,,251
PIIND,PUT OI,1116,1264,,,,,,,,,1105
PIIND,CALL SPRD,,,,,,,,,,,2.88
PIIND,PUT SPRD,,,,,,,,,,,2.47
PIIND,CALL OI FIX,483,,,,,,,,,,514
PIIND,PUT OI FIX,713,,,,,,,,,,705
PIIND,CALL DOI,,,,,,,,,,,80491
PIIND,PUT DOI,,,,,,,,,,,-105941
PIIND,CALL GEX,,,,,,,,,,,11727
PIIND,PUT GEX,,,,,,,,,,,10630
PIIND,GEX STRIKE,,,,,,,,,,,2200.0
PIIND,EXPIRY,,,,,,,,,,,2026-10-27
PIIND,ATM IV,,,,,,,,,,,29.02
PNB,PRICE,115.29,114.59,,,,115.5,115.58,115.39,112.96,110.7,117.4
PNB,VWAP,,,,,,,,,,,116.11
PNB,CASH VOL,20438240,18275898,4123814,32.89,31.68,,,,,,2478588
PNB,F&O VOL,26977,35577,,,,,,,,,4068
PNB,F&O OI,43971,44328,,,,,,,,,44258
PNB,CALL VOL,10351,14625,,,,,,,,,1815
PNB,CALL OI,3596,4109,,,,,,,,,3706
PNB,PUT VOL,7027,5456,,,,,,,,,1190
PNB,PUT OI,2992,2685,,,,,,,,,2983
PNB,CALL SPRD,,,,,,,,,,,1.74
PNB,PUT SPRD,,,,,,,,,,,2.44
PNB,CALL OI FIX,3659,,,,,,,,,,3763
PNB,PUT OI FIX,3642,,,,,,,,,,3663
PNB,CALL DOI,,,,,,,,,,,15956470
PNB,PUT DOI,,,,,,,,,,,-8470132
PNB,CALL GEX,,,,,,,,,,,1313335
PNB,PUT GEX,,,,,,,,,,,1556460
PNB,GEX STRIKE,,,,,,,,,,,120.0
PNB,EXPIRY,,,,,,,,,,,2026-10-27
PNB,ATM IV,,,,,,,,,,,30.64
PNBHOUSING,PRICE,1150.0,1131.0,,,,1155.0,1149.68,1149.05,1098.95,1094.32,1172.2
PNBHOUSING,VWAP,,,,,,,,,,,1164.29
PNBHOUSING,CASH VOL,1912599,1125058,405835,33.12,50.21,,,,,,142022
PNBHOUSING,F&O VOL,24565,14015,,,,,,,,,2037
PNBHOUSING,F&O OI,21600,20893,,,,,,,,,21737
PNBHOUSING,CALL VOL,14781,7091,,,,,,,,,1284
PNBHOUSING,CALL OI,3048,2603,,,,,,,,,3056
PNBHOUSING,PUT VOL,4683,1744,,,,,,,,,602
PNBHOUSING,PUT OI,1189,726,,,,,,,,,1296
PNBHOUSING,CALL SPRD,,,,,,,,,,,1.47
PNBHOUSING,PUT SPRD,,,,,,,,,,,1.82
PNBHOUSING,CALL OI FIX,2770,,,,,,,,,,2784
PNBHOUSING,PUT OI FIX,1484,,,,,,,,,,1602
PNBHOUSING,CALL DOI,,,,,,,,,,,1131972
PNBHOUSING,PUT DOI,,,,,,,,,,,-231495
PNBHOUSING,CALL GEX,,,,,,,,,,,82937
PNBHOUSING,PUT GEX,,,,,,,,,,,36048
PNBHOUSING,GEX STRIKE,,,,,,,,,,,1140.0
PNBHOUSING,EXPIRY,,,,,,,,,,,2026-10-27
PNBHOUSING,ATM IV,,,,,,,,,,,32.77
POLICYBZR,PRICE,996.0,1040.0,,,,993.0,1021.4,1004.47,1088.7,1016.23,1020.4
POLICYBZR,VWAP,,,,,,,,,,,1009.71
POLICYBZR,CASH VOL,3262071,3508117,735442,40.64,34.72,,,,,,387758
POLICYBZR,F&O VOL,83352,87720,,,,,,,,,10542
POLICYBZR,F&O OI,170550,171024,,,,,,,,,171294
POLICYBZR,CALL VOL,29460,31798,,,,,,,,,5535
POLICYBZR,CALL OI,21427,20986,,,,,,,,,21708
POLICYBZR,PUT VOL,22700,24057,,,,,,,,,2328
POLICYBZR,PUT OI,15810,16313,,,,,,,,,15926
POLICYBZR,CALL SPRD,,,,,,,,,,,1.33
POLICYBZR,PUT SPRD,,,,,,,,,,,1.15
POLICYBZR,CALL OI FIX,19826,,,,,,,,,,20112
POLICYBZR,PUT OI FIX,17735,,,,,,,,,,17864
POLICYBZR,CALL DOI,,,,,,,,,,,3121787
POLICYBZR,PUT DOI,,,,,,,,,,,-2410208
POLICYBZR,CALL GEX,,,,,,,,,,,256635
POLICYBZR,PUT GEX,,,,,,,,,,,181715
POLICYBZR,GEX STRIKE,,,,,,,,,,,1100.0
POLICYBZR,EXPIRY,,,,,,,,,,,2026-10-27
POLICYBZR,ATM IV,,,,,,,,,,,45.53
POLYCAB,PRICE,8151.0,8310.0,,,,8161.0,8266.25,8189.42,8141.5,8040.5,8134.0
POLYCAB,VWAP,,,,,,,,,,,8100.77
POLYCAB,CASH VOL,367261,531310,86209,45.2,55.95,,,,,,44574
POLYCAB,F&O VOL,26928,36069,,,,,,,,,3170
POLYCAB,F&O OI,34494,34410,,,,,,,,,35039
POLYCAB,CALL VOL,8034,13596,,,,,,,,,1300
POLYCAB,CALL OI,5177,4891,,,,,,,,,5455
POLYCAB,PUT VOL,10112,9809,,,,,,,,,911
POLYCAB,PUT OI,7225,7602,,,,,,,,,7255
POLYCAB,CALL SPRD,,,,,,,,,,,1.5
POLYCAB,PUT SPRD,,,,,,,,,,,1.74
POLYCAB,CALL OI FIX,5488,,,,,,,,,,5772
POLYCAB,PUT OI FIX,7142,,,,,,,,,,7177
POLYCAB,CALL DOI,,,,,,,,,,,282028
POLYCAB,PUT DOI,,,,,,,,,,,-364965
POLYCAB,CALL GEX,,,,,,,,,,,34840
POLYCAB,PUT GEX,,,,,,,,,,,46554
POLYCAB,GEX STRIKE,,,,,,,,,,,8200.0
POLYCAB,EXPIRY,,,,,,,,,,,2026-10-27
POLYCAB,ATM IV,,,,,,,,,,,31.74
POWERGRID,PRICE,244.65,253.05,,,,246.15,249.32,246.21,261.12,256.74,248.0
POWERGRID,VWAP,,,,,,,,,,,247.72
POWERGRID,CASH VOL,14409222,4339989,3722060,71.53,56.28,,,,,,697373
POWERGRID,F&O VOL,25553,15016,,,,,,,,,2814
POWERGRID,F&O OI,59358,56996,,,,,,,,,59490
POWERGRID,CALL VOL,8878,4222,,,,,,,,,1502
POWERGRID,CALL OI,5435,4047,,,,,,,,,5402
POWERGRID,PUT VOL,6506,3629,,,,,,,,,552
POWERGRID,PUT OI,3458,3275,,,,,,,,,3524
POWERGRID,CALL SPRD,,,,,,,,,,,0.89
POWERGRID,PUT SPRD,,,,,,,,,,,2.27
POWERGRID,CALL OI FIX,3737,,,,,,,,,,3715
POWERGRID,PUT OI FIX,2765,,,,,,,,,,2833
POWERGRID,CALL DOI,,,,,,,,,,,3338728
POWERGRID,PUT DOI,,,,,,,,,,,-3243904
POWERGRID,CALL GEX,,,,,,,,,,,735297
POWERGRID,PUT GEX,,,,,,,,,,,383806
POWERGRID,GEX STRIKE,,,,,,,,,,,260.0
POWERGRID,EXPIRY,,,,,,,,,,,2026-10-27
POWERGRID,ATM IV,,,,,,,,,,,22.52
POWERINDIA,PRICE,30935.0,31610.0,,,,30850.0,31165.0,31011.67,31106.67,30740.0,30180.0
POWERINDIA,VWAP,,,,,,,,,,,30231.16
POWERINDIA,CASH VOL,72074,47440,27026,51.36,28.98,,,,,,20107
POWERINDIA,F&O VOL,14124,12735,,,,,,,,,8582
POWERINDIA,F&O OI,33126,31925,,,,,,,,,34002
POWERINDIA,CALL VOL,3749,2857,,,,,,,,,2662
POWERINDIA,CALL OI,4607,3982,,,,,,,,,4975
POWERINDIA,PUT VOL,4921,4385,,,,,,,,,3062
POWERINDIA,PUT OI,6156,5942,,,,,,,,,6312
POWERINDIA,CALL SPRD,,,,,,,,,,,1.82
POWERINDIA,PUT SPRD,,,,,,,,,,,1.37
POWERINDIA,CALL OI FIX,5611,,,,,,,,,,6230
POWERINDIA,PUT OI FIX,6229,,,,,,,,,,6247
POWERINDIA,CALL DOI,,,,,,,,,,,41995
POWERINDIA,PUT DOI,,,,,,,,,,,-75803
POWERINDIA,CALL GEX,,,,,,,,,,,5888
POWERINDIA,PUT GEX,,,,,,,,,,,5991
POWERINDIA,GEX STRIKE,,,,,,,,,,,31000.0
POWERINDIA,EXPIRY,,,,,,,,,,,2026-10-27
POWERINDIA,ATM IV,,,,,,,,,,,37.3
PREMIERENE,PRICE,884.65,910.0,,,,889.1,904.2,891.17,885.6,880.57,887.8
PREMIERENE,VWAP,,,,,,,,,,,887.92
PREMIERENE,CASH VOL,1266435,918753,563870,41.39,49.6,,,,,,55739
PREMIERENE,F&O VOL,10860,9513,,,,,,,,,822
PREMIERENE,F&O OI,33571,33730,,,,,,,,,33574
PREMIERENE,CALL VOL,4900,3328,,,,,,,,,373
PREMIERENE,CALL OI,6644,6531,,,,,,,,,6617
PREMIERENE,PUT VOL,1903,2213,,,,,,,,,155
PREMIERENE,PUT OI,4571,4751,,,,,,,,,4529
PREMIERENE,CALL SPRD,,,,,,,,,,,2.21
PREMIERENE,PUT SPRD,,,,,,,,,,,2.43
PREMIERENE,CALL OI FIX,6644,,,,,,,,,,6617
PREMIERENE,PUT OI FIX,4571,,,,,,,,,,4529
PREMIERENE,CALL DOI,,,,,,,,,,,1735890
PREMIERENE,PUT DOI,,,,,,,,,,,-1133810
PREMIERENE,CALL GEX,,,,,,,,,,,213120
PREMIERENE,PUT GEX,,,,,,,,,,,110727
PREMIERENE,GEX STRIKE,,,,,,,,,,,900.0
PREMIERENE,EXPIRY,,,,,,,,,,,2026-10-27
PREMIERENE,ATM IV,,,,,,,,,,,35.74
PRESTIGE,PRICE,1411.0,1429.3,,,,1413.1,1413.2,1411.73,1477.13,1459.2,1414.0
PRESTIGE,VWAP,,,,,,,,,,,1411.91
PRESTIGE,CASH VOL,1068811,589957,565884,59.37,72.66,,,,,,26734
PRESTIGE,F&O VOL,7946,4186,,,,,,,,,547
PRESTIGE,F&O OI,18960,19075,,,,,,,,,19043
PRESTIGE,CALL VOL,1607,1141,,,,,,,,,135
PRESTIGE,CALL OI,1787,1681,,,,,,,,,1796
PRESTIGE,PUT VOL,2703,1083,,,,,,,,,255
PRESTIGE,PUT OI,2478,2394,,,,,,,,,2527
PRESTIGE,CALL SPRD,,,,,,,,,,,1.51
PRESTIGE,PUT SPRD,,,,,,,,,,,2.06
PRESTIGE,CALL OI FIX,1787,,,,,,,,,,1796
PRESTIGE,PUT OI FIX,2478,,,,,,,,,,2527
PRESTIGE,CALL DOI,,,,,,,,,,,250445
PRESTIGE,PUT DOI,,,,,,,,,,,-577338
PRESTIGE,CALL GEX,,,,,,,,,,,36609
PRESTIGE,PUT GEX,,,,,,,,,,,51351
PRESTIGE,GEX STRIKE,,,,,,,,,,,1500.0
PRESTIGE,EXPIRY,,,,,,,,,,,2026-10-27
PRESTIGE,ATM IV,,,,,,,,,,,33.84
RADICO,PRICE,4415.0,4495.0,,,,4449.9,4477.45,4435.82,4392.75,4288.92,4489.4
RADICO,VWAP,,,,,,,,,,,4468.5
RADICO,CASH VOL,202947,460029,60313,52.38,59.66,,,,,,20032
RADICO,F&O VOL,6093,8629,,,,,,,,,620
RADICO,F&O OI,15226,13853,,,,,,,,,15317
RADICO,CALL VOL,1400,2955,,,,,,,,,228
RADICO,CALL OI,2294,2217,,,,,,,,,2351
RADICO,PUT VOL,2337,1172,,,,,,,,,106
RADICO,PUT OI,2174,929,,,,,,,,,2170
RADICO,CALL SPRD,,,,,,,,,,,1.58
RADICO,PUT SPRD,,,,,,,,,,,2.75
RADICO,CALL OI FIX,2002,,,,,,,,,,2070
RADICO,PUT OI FIX,2334,,,,,,,,,,2330
RADICO,CALL DOI,,,,,,,,,,,187690
RADICO,PUT DOI,,,,,,,,,,,-120896
RADICO,CALL GEX,,,,,,,,,,,18692
RADICO,PUT GEX,,,,,,,,,,,16680
RADICO,GEX STRIKE,,,,,,,,,,,4500.0
RADICO,EXPIRY,,,,,,,,,,,2026-10-27
RADICO,ATM IV,,,,,,,,,,,31.91
RBLBANK,PRICE,400.7,412.0,,,,400.65,407.3,402.9,410.81,409.62,407.3
RBLBANK,VWAP,,,,,,,,,,,404.8
RBLBANK,CASH VOL,2517494,1657559,817689,43.02,33.22,,,,,,202185
RBLBANK,F&O VOL,12286,7730,,,,,,,,,1092
RBLBANK,F&O OI,24780,24775,,,,,,,,,24850
RBLBANK,CALL VOL,5045,2776,,,,,,,,,551
RBLBANK,CALL OI,4684,4483,,,,,,,,,4729
RBLBANK,PUT VOL,2777,1823,,,,,,,,,163
RBLBANK,PUT OI,3824,3804,,,,,,,,,3866
RBLBANK,CALL SPRD,,,,,,,,,,,1.77
RBLBANK,PUT SPRD,,,,,,,,,,,2.22
RBLBANK,CALL OI FIX,3679,,,,,,,,,,3721
RBLBANK,PUT OI FIX,3660,,,,,,,,,,3702
RBLBANK,CALL DOI,,,,,,,,,,,6599367
RBLBANK,PUT DOI,,,,,,,,,,,-4953601
RBLBANK,CALL GEX,,,,,,,,,,,697952
RBLBANK,PUT GEX,,,,,,,,,,,570658
RBLBANK,GEX STRIKE,,,,,,,,,,,400.0
RBLBANK,EXPIRY,,,,,,,,,,,2026-10-27
RBLBANK,ATM IV,,,,,,,,,,,35.33
RECLTD,PRICE,295.0,298.9,,,,295.0,297.12,295.71,298.9,291.47,296.2
RECLTD,VWAP,,,,,,,,,,,295.65
RECLTD,CASH VOL,4540452,6950416,1425902,49.43,51.69,,,,,,220170
RECLTD,F&O VOL,17372,28260,,,,,,,,,1691
RECLTD,F&O OI,51790,51847,,,,,,,,,51708
RECLTD,CALL VOL,7068,12795,,,,,,,,,917
RECLTD,CALL OI,7155,6977,,,,,,,,,7072
RECLTD,PUT VOL,4681,8293,,,,,,,,,514
RECLTD,PUT OI,6631,6682,,,,,,,,,6664
RECLTD,CALL SPRD,,,,,,,,,,,0.59
RECLTD,PUT SPRD,,,,,,,,,,,1.52
RECLTD,CALL OI FIX,7155,,,,,,,,,,7072
RECLTD,PUT OI FIX,6631,,,,,,,,,,6664
RECLTD,CALL DOI,,,,,,,,,,,4131632
RECLTD,PUT DOI,,,,,,,,,,,-4873832
RECLTD,CALL GEX,,,,,,,,,,,563924
RECLTD,PUT GEX,,,,,,,,,,,513614
RECLTD,GEX STRIKE,,,,,,,,,,,300.0
RECLTD,EXPIRY,,,,,,,,,,,2026-10-27
RECLTD,ATM IV,,,,,,,,,,,28.91
RELIANCE,PRICE,1178.0,1207.7,,,,1179.0,1190.5,1182.17,1190.25,1175.22,1164.6
RELIANCE,VWAP,,,,,,,,,,,1166.26
RELIANCE,CASH VOL,13965493,11880731,3802627,56.6,53.29,,,,,,3151111
RELIANCE,F&O VOL,279317,273636,,,,,,,,,76639
RELIANCE,F&O OI,621013,602555,,,,,,,,,636852
RELIANCE,CALL VOL,58536,27627,,,,,,,,,24241
RELIANCE,CALL OI,36135,28657,,,,,,,,,43319
RELIANCE,PUT VOL,76396,81540,,,,,,,,,20829
RELIANCE,PUT OI,57888,56262,,,,,,,,,59931
RELIANCE,CALL SPRD,,,,,,,,,,,0.7
RELIANCE,PUT SPRD,,,,,,,,,,,0.74
RELIANCE,CALL OI FIX,50926,,,,,,,,,,58660
RELIANCE,PUT OI FIX,63595,,,,,,,,,,65487
RELIANCE,CALL DOI,,,,,,,,,,,8581621
RELIANCE,PUT DOI,,,,,,,,,,,-14187783
RELIANCE,CALL GEX,,,,,,,,,,,1614873
RELIANCE,PUT GEX,,,,,,,,,,,1820748
RELIANCE,GEX STRIKE,,,,,,,,,,,1200.0
RELIANCE,EXPIRY,,,,,,,,,,,2026-10-27
RELIANCE,ATM IV,,,,,,,,,,,23.58
RVNL,PRICE,187.2,195.87,,,,188.25,191.25,188.55,201.85,198.62,189.3
RVNL,VWAP,,,,,,,,,,,188.82
RVNL,CASH VOL,5378212,2797757,1550060,36.4,30.98,,,,,,828818
RVNL,F&O VOL,18279,5829,,,,,,,,,1662
RVNL,F&O OI,39264,35737,,,,,,,,,39382
RVNL,CALL VOL,3935,1408,,,,,,,,,579
RVNL,CALL OI,2655,1636,,,,,,,,,2720
RVNL,PUT VOL,5458,762,,,,,,,,,539
RVNL,PUT OI,4547,2688,,,,,,,,,4534
RVNL,CALL SPRD,,,,,,,,,,,1.8
RVNL,PUT SPRD,,,,,,,,,,,1.73
RVNL,CALL OI FIX,2509,,,,,,,,,,2574
RVNL,PUT OI FIX,4676,,,,,,,,,,4670
RVNL,CALL DOI,,,,,,,,,,,1911349
RVNL,PUT DOI,,,,,,,,,,,-3869038
RVNL,CALL GEX,,,,,,,,,,,229742
RVNL,PUT GEX,,,,,,,,,,,326437
RVNL,GEX STRIKE,,,,,,,,,,,190.0
RVNL,EXPIRY,,,,,,,,,,,2026-10-27
RVNL,ATM IV,,,,,,,,,,,39.42
SAIL,PRICE,166.25,174.31,,,,168.0,170.7,167.74,179.44,176.15,173.35
SAIL,VWAP,,,,,,,,,,,170.53
SAIL,CASH VOL,13744496,8859876,3547405,38.85,47.07,,,,,,6105886
SAIL,F&O VOL,510,224,,,,,,,,,2384
SAIL,F&O OI,36937,37302,,,,,,,,,38298
SAIL,CALL VOL,,,,,,,,,,,442
SAIL,CALL OI,17,17,,,,,,,,,192
SAIL,PUT VOL,,,,,,,,,,,445
SAIL,PUT OI,13,13,,,,,,,,,288
SAIL,CALL SPRD,,,,,,,,,,,13.27
SAIL,PUT SPRD,,,,,,,,,,,45.15
SAIL,CALL OI FIX,0,,,,,,,,,,126
SAIL,PUT OI FIX,3,,,,,,,,,,318
SAIL,CALL DOI,,,,,,,,,,,455224
SAIL,PUT DOI,,,,,,,,,,,-405243
SAIL,CALL GEX,,,,,,,,,,,35509
SAIL,PUT GEX,,,,,,,,,,,61295
SAIL,GEX STRIKE,,,,,,,,,,,170.0
SAIL,EXPIRY,,,,,,,,,,,2026-10-27
SAIL,ATM IV,,,,,,,,,,,
SBICARD,PRICE,547.65,557.4,,,,552.95,553.55,549.62,585.08,570.49,561.0
SBICARD,VWAP,,,,,,,,,,,558.98
SBICARD,CASH VOL,925527,1197820,166224,39.96,43.57,,,,,,75340
SBICARD,F&O VOL,12322,16591,,,,,,,,,2369
SBICARD,F&O OI,41245,40975,,,,,,,,,41028
SBICARD,CALL VOL,5131,6110,,,,,,,,,1217
SBICARD,CALL OI,4893,4677,,,,,,,,,4734
SBICARD,PUT VOL,2821,3453,,,,,,,,,269
SBICARD,PUT OI,4939,4915,,,,,,,,,4945
SBICARD,CALL SPRD,,,,,,,,,,,0.82
SBICARD,PUT SPRD,,,,,,,,,,,2.01
SBICARD,CALL OI FIX,4416,,,,,,,,,,4259
SBICARD,PUT OI FIX,5062,,,,,,,,,,5060
SBICARD,CALL DOI,,,,,,,,,,,1277342
SBICARD,PUT DOI,,,,,,,,,,,-2090554
SBICARD,CALL GEX,,,,,,,,,,,159135
SBICARD,PUT GEX,,,,,,,,,,,185061
SBICARD,GEX STRIKE,,,,,,,,,,,600.0
SBICARD,EXPIRY,,,,,,,,,,,2026-10-27
SBICARD,ATM IV,,,,,,,,,,,33.12
SBILIFE,PRICE,1682.5,1726.1,,,,1677.7,1691.05,1685.35,1719.0,1713.8,1694.5
SBILIFE,VWAP,,,,,,,,,,,1685.74
SBILIFE,CASH VOL,1427096,1030112,580273,49.2,55.89,,,,,,37780
SBILIFE,F&O VOL,22696,12288,,,,,,,,,1953
SBILIFE,F&O OI,27348,25676,,,,,,,,,27245
SBILIFE,CALL VOL,8958,4636,,,,,,,,,1189
SBILIFE,CALL OI,3059,2584,,,,,,,,,2889
SBILIFE,PUT VOL,7811,3894,,,,,,,,,502
SBILIFE,PUT OI,2206,2095,,,,,,,,,2253
SBILIFE,CALL SPRD,,,,,,,,,,,1.13
SBILIFE,PUT SPRD,,,,,,,,,,,0.81
SBILIFE,CALL OI FIX,2373,,,,,,,,,,2245
SBILIFE,PUT OI FIX,2199,,,,,,,,,,2240
SBILIFE,CALL DOI,,,,,,,,,,,372841
SBILIFE,PUT DOI,,,,,,,,,,,-414672
SBILIFE,CALL GEX,,,,,,,,,,,60299
SBILIFE,PUT GEX,,,,,,,,,,,45488
SBILIFE,GEX STRIKE,,,,,,,,,,,1760.0
SBILIFE,EXPIRY,,,,,,,,,,,2026-10-27
SBILIFE,ATM IV,,,,,,,,,,,27.82
SBIN,PRICE,940.0,954.0,,,,942.0,945.7,941.9,964.15,957.45,953.5
SBIN,VWAP,,,,,,,,,,,946.48
SBIN,CASH VOL,7600646,12523009,1932588,47.9,51.91,,,,,,897720
SBIN,F&O VOL,111026,199552,,,,,,,,,24578
SBIN,F&O OI,259867,253351,,,,,,,,,257874
SBIN,CALL VOL,53875,88524,,,,,,,,,14317
SBIN,CALL OI,38991,33807,,,,,,,,,36545
SBIN,PUT VOL,32711,61981,,,,,,,,,6492
SBIN,PUT OI,29349,29149,,,,,,,,,29758
SBIN,CALL SPRD,,,,,,,,,,,0.5
SBIN,PUT SPRD,,,,,,,,,,,0.34
SBIN,CALL OI FIX,28256,,,,,,,,,,26499
SBIN,PUT OI FIX,26507,,,,,,,,,,26987
SBIN,CALL DOI,,,,,,,,,,,10689869
SBIN,PUT DOI,,,,,,,,,,,-11093381
SBIN,CALL GEX,,,,,,,,,,,1756732
SBIN,PUT GEX,,,,,,,,,,,1870583
SBIN,GEX STRIKE,,,,,,,,,,,970.0
SBIN,EXPIRY,,,,,,,,,,,2026-10-27
SBIN,ATM IV,,,,,,,,,,,21.05
SHREECEM,PRICE,21600.0,21780.0,,,,21610.0,21640.0,21613.33,21892.5,21877.5,21820.0
SHREECEM,VWAP,,,,,,,,,,,21717.89
SHREECEM,CASH VOL,32326,43001,12822,64.89,62.19,,,,,,2492
SHREECEM,F&O VOL,2936,4916,,,,,,,,,257
SHREECEM,F&O OI,20097,20223,,,,,,,,,20154
SHREECEM,CALL VOL,939,1508,,,,,,,,,167
SHREECEM,CALL OI,2198,2121,,,,,,,,,2213
SHREECEM,PUT VOL,339,662,,,,,,,,,8
SHREECEM,PUT OI,1382,1376,,,,,,,,,1385
SHREECEM,CALL SPRD,,,,,,,,,,,34.52
SHREECEM,PUT SPRD,,,,,,,,,,,43.78
SHREECEM,CALL OI FIX,1430,,,,,,,,,,1442
SHREECEM,PUT OI FIX,1301,,,,,,,,,,1304
SHREECEM,CALL DOI,,,,,,,,,,,21332
SHREECEM,PUT DOI,,,,,,,,,,,-15854
SHREECEM,CALL GEX,,,,,,,,,,,3067
SHREECEM,PUT GEX,,,,,,,,,,,1804
SHREECEM,GEX STRIKE,,,,,,,,,,,22000.0
SHREECEM,EXPIRY,,,,,,,,,,,2026-10-27
SHREECEM,ATM IV,,,,,,,,,,,29.5
SHRIRAMFIN,PRICE,917.25,948.0,,,,923.85,934.12,922.88,963.65,951.22,926.55
SHRIRAMFIN,VWAP,,,,,,,,,,,924.73
SHRIRAMFIN,CASH VOL,6408257,6096545,2307119,67.97,56.72,,,,,,252463
SHRIRAMFIN,F&O VOL,28376,33659,,,,,,,,,2309
SHRIRAMFIN,F&O OI,50983,50799,,,,,,,,,51155
SHRIRAMFIN,CALL VOL,12735,14934,,,,,,,,,1139
SHRIRAMFIN,CALL OI,8214,8763,,,,,,,,,8263
SHRIRAMFIN,PUT VOL,6205,9153,,,,,,,,,801
SHRIRAMFIN,PUT OI,7088,6921,,,,,,,,,7202
SHRIRAMFIN,CALL SPRD,,,,,,,,,,,1.38
SHRIRAMFIN,PUT SPRD,,,,,,,,,,,1.24
SHRIRAMFIN,CALL OI FIX,8214,,,,,,,,,,8263
SHRIRAMFIN,PUT OI FIX,7088,,,,,,,,,,7202
SHRIRAMFIN,CALL DOI,,,,,,,,,,,2010648
SHRIRAMFIN,PUT DOI,,,,,,,,,,,-3432959
SHRIRAMFIN,CALL GEX,,,,,,,,,,,275815
SHRIRAMFIN,PUT GEX,,,,,,,,,,,277138
SHRIRAMFIN,GEX STRIKE,,,,,,,,,,,940.0
SHRIRAMFIN,EXPIRY,,,,,,,,,,,2026-10-27
SHRIRAMFIN,ATM IV,,,,,,,,,,,32.39
SIEMENS,PRICE,3639.0,3793.0,,,,3668.0,3714.75,3664.25,3798.03,3786.1,3527.4
SIEMENS,VWAP,,,,,,,,,,,3544.65
SIEMENS,CASH VOL,240310,247482,85709,42.26,33.01,,,,,,70590
SIEMENS,F&O VOL,15747,11535,,,,,,,,,10699
SIEMENS,F&O OI,28689,27343,,,,,,,,,31025
SIEMENS,CALL VOL,3471,1798,,,,,,,,,3026
SIEMENS,CALL OI,2061,1260,,,,,,,,,2692
SIEMENS,PUT VOL,5228,2706,,,,,,,,,5085
SIEMENS,PUT OI,3611,3499,,,,,,,,,4432
SIEMENS,CALL SPRD,,,,,,,,,,,41.24
SIEMENS,PUT SPRD,,,,,,,,,,,14.43
SIEMENS,CALL OI FIX,2797,,,,,,,,,,3472
SIEMENS,PUT OI FIX,3740,,,,,,,,,,4409
SIEMENS,CALL DOI,,,,,,,,,,,104273
SIEMENS,PUT DOI,,,,,,,,,,,-439748
SIEMENS,CALL GEX,,,,,,,,,,,21048
SIEMENS,PUT GEX,,,,,,,,,,,29624
SIEMENS,GEX STRIKE,,,,,,,,,,,3800.0
SIEMENS,EXPIRY,,,,,,,,,,,2026-10-27
SIEMENS,ATM IV,,,,,,,,,,,28.31
SOLARINDS,PRICE,19870.0,20050.0,,,,19890.0,19897.0,19879.0,19345.0,19235.0,19962.0
SOLARINDS,VWAP,,,,,,,,,,,19897.61
SOLARINDS,CASH VOL,133296,158117,40443,42.65,42.35,,,,,,15075
SOLARINDS,F&O VOL,20339,18625,,,,,,,,,2386
SOLARINDS,F&O OI,36330,36175,,,,,,,,,36603
SOLARINDS,CALL VOL,5492,6135,,,,,,,,,944
SOLARINDS,CALL OI,5585,5441,,,,,,,,,5561
SOLARINDS,PUT VOL,3007,3385,,,,,,,,,344
SOLARINDS,PUT OI,3752,3913,,,,,,,,,3802
SOLARINDS,CALL SPRD,,,,,,,,,,,2.27
SOLARINDS,PUT SPRD,,,,,,,,,,,4.15
SOLARINDS,CALL OI FIX,5449,,,,,,,,,,5432
SOLARINDS,PUT OI FIX,4219,,,,,,,,,,4276
SOLARINDS,CALL DOI,,,,,,,,,,,144734
SOLARINDS,PUT DOI,,,,,,,,,,,-73498
SOLARINDS,CALL GEX,,,,,,,,,,,13774
SOLARINDS,PUT GEX,,,,,,,,,,,8448
SOLARINDS,GEX STRIKE,,,,,,,,,,,20000.0
SOLARINDS,EXPIRY,,,,,,,,,,,2026-10-27
SOLARINDS,ATM IV,,,,,,,,,,,34.2
SONACOMS,PRICE,793.0,810.5,,,,792.8,802.15,796.05,810.33,806.78,780.1
SONACOMS,VWAP,,,,,,,,,,,781.34
SONACOMS,CASH VOL,1805058,1762964,444681,54.54,50.75,,,,,,240425
SONACOMS,F&O VOL,10979,7732,,,,,,,,,1608
SONACOMS,F&O OI,21508,20677,,,,,,,,,21687
SONACOMS,CALL VOL,2821,2506,,,,,,,,,568
SONACOMS,CALL OI,2144,1847,,,,,,,,,2216
SONACOMS,PUT VOL,2878,1601,,,,,,,,,384
SONACOMS,PUT OI,2553,2409,,,,,,,,,2554
SONACOMS,CALL SPRD,,,,,,,,,,,1.67
SONACOMS,PUT SPRD,,,,,,,,,,,1.59
SONACOMS,CALL OI FIX,2880,,,,,,,,,,2968
SONACOMS,PUT OI FIX,2892,,,,,,,,,,2876
SONACOMS,CALL DOI,,,,,,,,,,,881855
SONACOMS,PUT DOI,,,,,,,,,,,-1512830
SONACOMS,CALL GEX,,,,,,,,,,,132775
SONACOMS,PUT GEX,,,,,,,,,,,116030
SONACOMS,GEX STRIKE,,,,,,,,,,,800.0
SONACOMS,EXPIRY,,,,,,,,,,,2026-10-27
SONACOMS,ATM IV,,,,,,,,,,,36.45
SRF,PRICE,2485.2,2460.0,,,,2490.6,2483.98,2481.55,2481.67,2472.6,2487.2
SRF,VWAP,,,,,,,,,,,2488.62
SRF,CASH VOL,303720,200571,56836,32.49,65.49,,,,,,20271
SRF,F&O VOL,19250,3802,,,,,,,,,1092
SRF,F&O OI,26787,27354,,,,,,,,,26818
SRF,CALL VOL,8050,1502,,,,,,,,,417
SRF,CALL OI,1907,1898,,,,,,,,,1898
SRF,PUT VOL,3935,227,,,,,,,,,265
SRF,PUT OI,1934,1793,,,,,,,,,1963
SRF,CALL SPRD,,,,,,,,,,,2.54
SRF,PUT SPRD,,,,,,,,,,,4.7
SRF,CALL OI FIX,1907,,,,,,,,,,1898
SRF,PUT OI FIX,1934,,,,,,,,,,1963
SRF,CALL DOI,,,,,,,,,,,190608
SRF,PUT DOI,,,,,,,,,,,-167361
SRF,CALL GEX,,,,,,,,,,,25383
SRF,PUT GEX,,,,,,,,,,,22301
SRF,GEX STRIKE,,,,,,,,,,,2500.0
SRF,EXPIRY,,,,,,,,,,,2026-10-27
SRF,ATM IV,,,,,,,,,,,27.25
SUNPHARMA,PRICE,1759.8,1781.0,,,,1756.2,1770.5,1763.37,1828.8,1810.27,1756.1
SUNPHARMA,VWAP,,,,,,,,,,,1755.47
SUNPHARMA,CASH VOL,1605236,1150689,629072,60.39,73.28,,,,,,44766
SUNPHARMA,F&O VOL,33663,21016,,,,,,,,,2505
SUNPHARMA,F&O OI,75209,72966,,,,,,,,,75404
SUNPHARMA,CALL VOL,14602,9189,,,,,,,,,1173
SUNPHARMA,CALL OI,6875,5899,,,,,,,,,6880
SUNPHARMA,PUT VOL,11595,6262,,,,,,,,,908
SUNPHARMA,PUT OI,9626,9480,,,,,,,,,9788
SUNPHARMA,CALL SPRD,,,,,,,,,,,1.37
SUNPHARMA,PUT SPRD,,,,,,,,,,,1.9
SUNPHARMA,CALL OI FIX,6875,,,,,,,,,,6880
SUNPHARMA,PUT OI FIX,9626,,,,,,,,,,9788
SUNPHARMA,CALL DOI,,,,,,,,,,,701664
SUNPHARMA,PUT DOI,,,,,,,,,,,-1533593
SUNPHARMA,CALL GEX,,,,,,,,,,,179986
SUNPHARMA,PUT GEX,,,,,,,,,,,228827
SUNPHARMA,GEX STRIKE,,,,,,,,,,,1800.0
SUNPHARMA,EXPIRY,,,,,,,,,,,2026-10-27
SUNPHARMA,ATM IV,,,,,,,,,,,18.72
SUPREMEIND,PRICE,3462.0,3550.0,,,,3464.7,3530.4,3484.8,3423.8,3394.6,3473.1
SUPREMEIND,VWAP,,,,,,,,,,,3475.73
SUPREMEIND,CASH VOL,87986,381975,25979,41.63,35.37,,,,,,8552
SUPREMEIND,F&O VOL,7233,29243,,,,,,,,,406
SUPREMEIND,F&O OI,17734,17776,,,,,,,,,17674
SUPREMEIND,CALL VOL,2950,15481,,,,,,,,,236
SUPREMEIND,CALL OI,2689,2662,,,,,,,,,2649
SUPREMEIND,PUT VOL,2297,5369,,,,,,,,,92
SUPREMEIND,PUT OI,1258,1298,,,,,,,,,1249
SUPREMEIND,CALL SPRD,,,,,,,,,,,24.06
SUPREMEIND,PUT SPRD,,,,,,,,,,,6.84
SUPREMEIND,CALL OI FIX,2689,,,,,,,,,,2649
SUPREMEIND,PUT OI FIX,1258,,,,,,,,,,1249
SUPREMEIND,CALL DOI,,,,,,,,,,,185729
SUPREMEIND,PUT DOI,,,,,,,,,,,-92230
SUPREMEIND,CALL GEX,,,,,,,,,,,25272
SUPREMEIND,PUT GEX,,,,,,,,,,,10366
SUPREMEIND,GEX STRIKE,,,,,,,,,,,3600.0
SUPREMEIND,EXPIRY,,,,,,,,,,,2026-10-27
SUPREMEIND,ATM IV,,,,,,,,,,,30.84
SUZLON,PRICE,36.43,38.34,,,,36.63,37.37,36.74,39.66,39.16,36.59
SUZLON,VWAP,,,,,,,,,,,36.57
SUZLON,CASH VOL,85701657,73531474,22317495,47.24,48.57,,,,,,10924297
SUZLON,F&O VOL,26978,18195,,,,,,,,,2711
SUZLON,F&O OI,64628,60886,,,,,,,,,64948
SUZLON,CALL VOL,12202,6251,,,,,,,,,1233
SUZLON,CALL OI,9096,6206,,,,,,,,,9345
SUZLON,PUT VOL,6418,4753,,,,,,,,,559
SUZLON,PUT OI,6879,6279,,,,,,,,,6916
SUZLON,CALL SPRD,,,,,,,,,,,1.64
SUZLON,PUT SPRD,,,,,,,,,,,1.3
SUZLON,CALL OI FIX,6913,,,,,,,,,,7124
SUZLON,PUT OI FIX,6200,,,,,,,,,,6237
SUZLON,CALL DOI,,,,,,,,,,,28698158
SUZLON,PUT DOI,,,,,,,,,,,-50200634
SUZLON,CALL GEX,,,,,,,,,,,3507251
SUZLON,PUT GEX,,,,,,,,,,,2766989
SUZLON,GEX STRIKE,,,,,,,,,,,40.0
SUZLON,EXPIRY,,,,,,,,,,,2026-10-27
SUZLON,ATM IV,,,,,,,,,,,42.83
SWIGGY,PRICE,234.95,246.0,,,,235.5,240.6,236.83,250.78,242.26,234.55
SWIGGY,VWAP,,,,,,,,,,,234.23
SWIGGY,CASH VOL,8382103,16172713,3035014,33.81,31.42,,,,,,1669663
SWIGGY,F&O VOL,41594,47407,,,,,,,,,5921
SWIGGY,F&O OI,74210,70243,,,,,,,,,74883
SWIGGY,CALL VOL,15593,18489,,,,,,,,,2549
SWIGGY,CALL OI,8871,6862,,,,,,,,,9234
SWIGGY,PUT VOL,11880,8672,,,,,,,,,1602
SWIGGY,PUT OI,8473,7420,,,,,,,,,8549
SWIGGY,CALL SPRD,,,,,,,,,,,1.76
SWIGGY,PUT SPRD,,,,,,,,,,,1.67
SWIGGY,CALL OI FIX,8871,,,,,,,,,,9234
SWIGGY,PUT OI FIX,8473,,,,,,,,,,8549
SWIGGY,CALL DOI,,,,,,,,,,,4977570
SWIGGY,PUT DOI,,,,,,,,,,,-8264660
SWIGGY,CALL GEX,,,,,,,,,,,601597
SWIGGY,PUT GEX,,,,,,,,,,,512827
SWIGGY,GEX STRIKE,,,,,,,,,,,240.0
SWIGGY,EXPIRY,,,,,,,,,,,2026-10-27
SWIGGY,ATM IV,,,,,,,,,,,42.42
TATACONSUM,PRICE,951.9,968.5,,,,950.0,960.65,954.82,964.3,959.43,954.15
TATACONSUM,VWAP,,,,,,,,,,,954.0
TATACONSUM,CASH VOL,873932,532061,454139,58.32,61.93,,,,,,65531
TATACONSUM,F&O VOL,10374,7514,,,,,,,,,1303
TATACONSUM,F&O OI,42613,41915,,,,,,,,,42803
TATACONSUM,CALL VOL,4577,3143,,,,,,,,,725
TATACONSUM,CALL OI,3319,2605,,,,,,,,,3419
TATACONSUM,PUT VOL,2918,1865,,,,,,,,,397
TATACONSUM,PUT OI,3308,3275,,,,,,,,,3304
TATACONSUM,CALL SPRD,,,,,,,,,,,1.44
TATACONSUM,PUT SPRD,,,,,,,,,,,1.65
TATACONSUM,CALL OI FIX,3319,,,,,,,,,,3419
TATACONSUM,PUT OI FIX,3308,,,,,,,,,,3304
TATACONSUM,CALL DOI,,,,,,,,,,,727549
TATACONSUM,PUT DOI,,,,,,,,,,,-917328
TATACONSUM,CALL GEX,,,,,,,,,,,130961
TATACONSUM,PUT GEX,,,,,,,,,,,111312
TATACONSUM,GEX STRIKE,,,,,,,,,,,1000.0
TATACONSUM,EXPIRY,,,,,,,,,,,2026-10-27
TATACONSUM,ATM IV,,,,,,,,,,,22.73
TATAELXSI,PRICE,2996.0,3082.5,,,,3014.9,3068.7,3020.23,3129.4,3105.0,3061.6
TATAELXSI,VWAP,,,,,,,,,,,3063.02
TATAELXSI,CASH VOL,244061,178378,72908,37.4,42.24,,,,,,68375
TATAELXSI,F&O VOL,21239,10970,,,,,,,,,5646
TATAELXSI,F&O OI,40093,38487,,,,,,,,,39875
TATAELXSI,CALL VOL,8701,4655,,,,,,,,,2722
TATAELXSI,CALL OI,5728,5295,,,,,,,,,5431
TATAELXSI,PUT VOL,5432,2766,,,,,,,,,1205
TATAELXSI,PUT OI,5754,5848,,,,,,,,,5969
TATAELXSI,CALL SPRD,,,,,,,,,,,1.69
TATAELXSI,PUT SPRD,,,,,,,,,,,1.0
TATAELXSI,CALL OI FIX,4384,,,,,,,,,,4185
TATAELXSI,PUT OI FIX,5475,,,,,,,,,,5698
TATAELXSI,CALL DOI,,,,,,,,,,,239877
TATAELXSI,PUT DOI,,,,,,,,,,,-347539
TATAELXSI,CALL GEX,,,,,,,,,,,30383
TATAELXSI,PUT GEX,,,,,,,,,,,26713
TATAELXSI,GEX STRIKE,,,,,,,,,,,3200.0
TATAELXSI,EXPIRY,,,,,,,,,,,2026-10-27
TATAELXSI,ATM IV,,,,,,,,,,,39.48
TATAPOWER,PRICE,335.65,345.15,,,,335.55,340.88,337.39,356.57,352.29,336.55
TATAPOWER,VWAP,,,,,,,,,,,335.72
TATAPOWER,CASH VOL,6295578,5227497,1863841,44.17,41.88,,,,,,550550
TATAPOWER,F&O VOL,37645,45501,,,,,,,,,4899
TATAPOWER,F&O OI,78446,74986,,,,,,,,,78293
TATAPOWER,CALL VOL,17918,15190,,,,,,,,,2698
TATAPOWER,CALL OI,8216,6166,,,,,,,,,8217
TATAPOWER,PUT VOL,11014,15230,,,,,,,,,1713
TATAPOWER,PUT OI,8213,7320,,,,,,,,,8058
TATAPOWER,CALL SPRD,,,,,,,,,,,1.66
TATAPOWER,PUT SPRD,,,,,,,,,,,0.87
TATAPOWER,CALL OI FIX,8216,,,,,,,,,,8217
TATAPOWER,PUT OI FIX,8213,,,,,,,,,,8058
TATAPOWER,CALL DOI,,,,,,,,,,,3604400
TATAPOWER,PUT DOI,,,,,,,,,,,-6485563
TATAPOWER,CALL GEX,,,,,,,,,,,658467
TATAPOWER,PUT GEX,,,,,,,,,,,675241
TATAPOWER,GEX STRIKE,,,,,,,,,,,345.0
TATAPOWER,EXPIRY,,,,,,,,,,,2026-10-27
TATAPOWER,ATM IV,,,,,,,,,,,25.2
TATASTEEL,PRICE,171.96,175.64,,,,171.0,173.47,172.46,182.65,179.55,172.87
TATASTEEL,VWAP,,,,,,,,,,,171.79
TATASTEEL,CASH VOL,30689721,18846203,7739825,52.18,49.58,,,,,,2530703
TATASTEEL,F&O VOL,97042,68494,,,,,,,,,13606
TATASTEEL,F&O OI,201574,194669,,,,,,,,,201551
TATASTEEL,CALL VOL,36895,21137,,,,,,,,,5056
TATASTEEL,CALL OI,18041,14256,,,,,,,,,18143
TATASTEEL,PUT VOL,28022,19283,,,,,,,,,5114
TATASTEEL,PUT OI,18953,17436,,,,,,,,,18248
TATASTEEL,CALL SPRD,,,,,,,,,,,0.99
TATASTEEL,PUT SPRD,,,,,,,,,,,0.98
TATASTEEL,CALL OI FIX,18041,,,,,,,,,,18143
TATASTEEL,PUT OI FIX,18953,,,,,,,,,,18248
TATASTEEL,CALL DOI,,,,,,,,,,,19114095
TATASTEEL,PUT DOI,,,,,,,,,,,-26034206
TATASTEEL,CALL GEX,,,,,,,,,,,2284482
TATASTEEL,PUT GEX,,,,,,,,,,,2922740
TATASTEEL,GEX STRIKE,,,,,,,,,,,180.0
TATASTEEL,EXPIRY,,,,,,,,,,,2026-10-27
TATASTEEL,ATM IV,,,,,,,,,,,30.04
TCS,PRICE,2076.0,2080.3,,,,2086.0,2100.75,2084.25,2072.23,2066.7,2156.2
TCS,VWAP,,,,,,,,,,,2154.83
TCS,CASH VOL,4288031,1349758,1371167,34.96,38.51,,,,,,2916005
TCS,F&O VOL,406653,98751,,,,,,,,,259144
TCS,F&O OI,287451,237008,,,,,,,,,282944
TCS,CALL VOL,162628,42346,,,,,,,,,114210
TCS,CALL OI,56984,40879,,,,,,,,,50604
TCS,PUT VOL,58948,12128,,,,,,,,,54768
TCS,PUT OI,23153,18902,,,,,,,,,29468
TCS,CALL SPRD,,,,,,,,,,,1.0
TCS,PUT SPRD,,,,,,,,,,,0.72
TCS,CALL OI FIX,42463,,,,,,,,,,38769
TCS,PUT OI FIX,32630,,,,,,,,,,40079
TCS,CALL DOI,,,,,,,,,,,6755673
TCS,PUT DOI,,,,,,,,,,,-2337308
TCS,CALL GEX,,,,,,,,,,,829374
TCS,PUT GEX,,,,,,,,,,,327103
TCS,GEX STRIKE,,,,,,,,,,,2100.0
TCS,EXPIRY,,,,,,,,,,,2026-10-27
TCS,ATM IV,,,,,,,,,,,26.75
TECHM,PRICE,1496.2,1491.1,,,,1500.0,1507.5,1499.97,1535.0,1533.67,1521.3
TECHM,VWAP,,,,,,,,,,,1522.48
TECHM,CASH VOL,1633921,1254257,486928,51.45,49.87,,,,,,362894
TECHM,F&O VOL,22542,15328,,,,,,,,,6817
TECHM,F&O OI,46907,47035,,,,,,,,,46671
TECHM,CALL VOL,11058,6779,,,,,,,,,3493
TECHM,CALL OI,7827,7922,,,,,,,,,7751
TECHM,PUT VOL,5102,3529,,,,,,,,,1536
TECHM,PUT OI,4690,4256,,,,,,,,,4841
TECHM,CALL SPRD,,,,,,,,,,,1.0
TECHM,PUT SPRD,,,,,,,,,,,1.34
TECHM,CALL OI FIX,7693,,,,,,,,,,7594
TECHM,PUT OI FIX,5009,,,,,,,,,,5155
TECHM,CALL DOI,,,,,,,,,,,2120474
TECHM,PUT DOI,,,,,,,,,,,-1198155
TECHM,CALL GEX,,,,,,,,,,,340622
TECHM,PUT GEX,,,,,,,,,,,110284
TECHM,GEX STRIKE,,,,,,,,,,,1540.0
TECHM,EXPIRY,,,,,,,,,,,2026-10-27
TECHM,ATM IV,,,,,,,,,,,33.02
TIINDIA,PRICE,2241.0,2388.0,,,,2245.5,2320.5,2267.5,2415.25,2365.08,2240.5
TIINDIA,VWAP,,,,,,,,,,,2238.86
TIINDIA,CASH VOL,772851,556889,215185,55.81,30.91,,,,,,112694
TIINDIA,F&O VOL,11910,20553,,,,,,,,,2280
TIINDIA,F&O OI,21051,20212,,,,,,,,,21424
TIINDIA,CALL VOL,3848,4159,,,,,,,,,1235
TIINDIA,CALL OI,1762,1284,,,,,,,,,1978
TIINDIA,PUT VOL,5166,12048,,,,,,,,,772
TIINDIA,PUT OI,1765,1866,,,,,,,,,1875
TIINDIA,CALL SPRD,,,,,,,,,,,1.67
TIINDIA,PUT SPRD,,,,,,,,,,,2.06
TIINDIA,CALL OI FIX,1762,,,,,,,,,,1978
TIINDIA,PUT OI FIX,1765,,,,,,,,,,1875
TIINDIA,CALL DOI,,,,,,,,,,,94086
TIINDIA,PUT DOI,,,,,,,,,,,-207873
TIINDIA,CALL GEX,,,,,,,,,,,13994
TIINDIA,PUT GEX,,,,,,,,,,,13646
TIINDIA,GEX STRIKE,,,,,,,,,,,2300.0
TIINDIA,EXPIRY,,,,,,,,,,,2026-10-27
TIINDIA,ATM IV,,,,,,,,,,,36.96
TITAN,PRICE,4359.5,4377.0,,,,4375.1,4413.25,4377.42,4686.0,4572.47,4379.8
TITAN,VWAP,,,,,,,,,,,4377.59
TITAN,CASH VOL,1490894,2951280,317749,46.27,44.96,,,,,,55260
TITAN,F&O VOL,153453,269577,,,,,,,,,7673
TITAN,F&O OI,83907,89414,,,,,,,,,84642
TITAN,CALL VOL,71630,90976,,,,,,,,,4420
TITAN,CALL OI,14472,16841,,,,,,,,,14957
TITAN,PUT VOL,42748,104093,,,,,,,,,1539
TITAN,PUT OI,10915,11970,,,,,,,,,10926
TITAN,CALL SPRD,,,,,,,,,,,1.04
TITAN,PUT SPRD,,,,,,,,,,,1.23
TITAN,CALL OI FIX,12800,,,,,,,,,,13283
TITAN,PUT OI FIX,11293,,,,,,,,,,11378
TITAN,CALL DOI,,,,,,,,,,,904279
TITAN,PUT DOI,,,,,,,,,,,-814249
TITAN,CALL GEX,,,,,,,,,,,190882
TITAN,PUT GEX,,,,,,,,,,,137208
TITAN,GEX STRIKE,,,,,,,,,,,4400.0
TITAN,EXPIRY,,,,,,,,,,,2026-10-27
TITAN,ATM IV,,,,,,,,,,,20.16
TMPV,PRICE,273.0,283.0,,,,275.8,278.68,274.89,281.7,280.17,277.35
TMPV,VWAP,,,,,,,,,,,275.97
TMPV,CASH VOL,7215586,9266278,1960298,42.18,39.53,,,,,,649010
TMPV,F&O VOL,54658,59520,,,,,,,,,6099
TMPV,F&O OI,123061,119426,,,,,,,,,123459
TMPV,CALL VOL,23625,24925,,,,,,,,,2854
TMPV,CALL OI,19986,17862,,,,,,,,,20246
TMPV,PUT VOL,14566,14530,,,,,,,,,1734
TMPV,PUT OI,15968,15565,,,,,,,,,16130
TMPV,CALL SPRD,,,,,,,,,,,1.69
TMPV,PUT SPRD,,,,,,,,,,,1.71
TMPV,CALL OI FIX,19986,,,,,,,,,,20246
TMPV,PUT OI FIX,15968,,,,,,,,,,16130
TMPV,CALL DOI,,,,,,,,,,,10742729
TMPV,PUT DOI,,,,,,,,,,,-11676891
TMPV,CALL GEX,,,,,,,,,,,1502362
TMPV,PUT GEX,,,,,,,,,,,1147629
TMPV,GEX STRIKE,,,,,,,,,,,285.0
TMPV,EXPIRY,,,,,,,,,,,2026-10-27
TMPV,ATM IV,,,,,,,,,,,29.79
TORNTPHARM,PRICE,4617.1,4716.2,,,,4618.0,4665.15,4633.12,4856.9,4797.17,4608.2
TORNTPHARM,VWAP,,,,,,,,,,,4615.5
TORNTPHARM,CASH VOL,253761,241200,86611,52.36,60.22,,,,,,20770
TORNTPHARM,F&O VOL,11525,9873,,,,,,,,,1114
TORNTPHARM,F&O OI,35701,35515,,,,,,,,,35666
TORNTPHARM,CALL VOL,3674,2222,,,,,,,,,434
TORNTPHARM,CALL OI,1746,1188,,,,,,,,,1729
TORNTPHARM,PUT VOL,3081,3180,,,,,,,,,227
TORNTPHARM,PUT OI,2014,2113,,,,,,,,,2041
TORNTPHARM,CALL SPRD,,,,,,,,,,,14.05
TORNTPHARM,PUT SPRD,,,,,,,,,,,1.88
TORNTPHARM,CALL OI FIX,1746,,,,,,,,,,1729
TORNTPHARM,PUT OI FIX,2014,,,,,,,,,,2041
TORNTPHARM,CALL DOI,,,,,,,,,,,73076
TORNTPHARM,PUT DOI,,,,,,,,,,,-126303
TORNTPHARM,CALL GEX,,,,,,,,,,,14489
TORNTPHARM,PUT GEX,,,,,,,,,,,14171
TORNTPHARM,GEX STRIKE,,,,,,,,,,,4700.0
TORNTPHARM,EXPIRY,,,,,,,,,,,2026-10-27
TORNTPHARM,ATM IV,,,,,,,,,,,25.78
TRENT,PRICE,2876.3,2890.3,,,,2876.3,2902.1,2884.9,2607.85,2589.28,2911.7
TRENT,VWAP,,,,,,,,,,,2882.87
TRENT,CASH VOL,1348808,1317846,255259,30.53,32.53,,,,,,112948
TRENT,F&O VOL,87888,88203,,,,,,,,,11709
TRENT,F&O OI,81199,84178,,,,,,,,,80909
TRENT,CALL VOL,42152,35330,,,,,,,,,5882
TRENT,CALL OI,17456,18244,,,,,,,,,17436
TRENT,PUT VOL,28440,33317,,,,,,,,,4061
TRENT,PUT OI,13359,15038,,,,,,,,,13259
TRENT,CALL SPRD,,,,,,,,,,,0.51
TRENT,PUT SPRD,,,,,,,,,,,0.86
TRENT,CALL OI FIX,17456,,,,,,,,,,17436
TRENT,PUT OI FIX,13359,,,,,,,,,,13259
TRENT,CALL DOI,,,,,,,,,,,2061740
TRENT,PUT DOI,,,,,,,,,,,-815132
TRENT,CALL GEX,,,,,,,,,,,184311
TRENT,PUT GEX,,,,,,,,,,,171135
TRENT,GEX STRIKE,,,,,,,,,,,2900.0
TRENT,EXPIRY,,,,,,,,,,,2026-10-27
TRENT,ATM IV,,,,,,,,,,,26.7
TVSMOTOR,PRICE,3839.4,3926.0,,,,3830.0,3901.7,3860.17,4052.4,4031.47,3866.0
TVSMOTOR,VWAP,,,,,,,,,,,3795.51
TVSMOTOR,CASH VOL,1018799,673718,255760,58.02,53.47,,,,,,320716
TVSMOTOR,F&O VOL,30921,23170,,,,,,,,,19585
TVSMOTOR,F&O OI,60536,60192,,,,,,,,,62346
TVSMOTOR,CALL VOL,10561,6378,,,,,,,,,7821
TVSMOTOR,CALL OI,3957,3425,,,,,,,,,4587
TVSMOTOR,PUT VOL,10297,7593,,,,,,,,,6302
TVSMOTOR,PUT OI,5433,5870,,,,,,,,,5990
TVSMOTOR,CALL SPRD,,,,,,,,,,,1.02
TVSMOTOR,PUT SPRD,,,,,,,,,,,0.95
TVSMOTOR,CALL OI FIX,3957,,,,,,,,,,4587
TVSMOTOR,PUT OI FIX,5433,,,,,,,,,,5990
TVSMOTOR,CALL DOI,,,,,,,,,,,321594
TVSMOTOR,PUT DOI,,,,,,,,,,,-523409
TVSMOTOR,CALL GEX,,,,,,,,,,,36332
TVSMOTOR,PUT GEX,,,,,,,,,,,62491
TVSMOTOR,GEX STRIKE,,,,,,,,,,,4000.0
TVSMOTOR,EXPIRY,,,,,,,,,,,2026-10-27
TVSMOTOR,ATM IV,,,,,,,,,,,29.77
ULTRACEMCO,PRICE,10426.0,10658.0,,,,10485.0,10548.0,10466.67,10883.5,10767.83,10552.0
ULTRACEMCO,VWAP,,,,,,,,,,,10528.01
ULTRACEMCO,CASH VOL,227189,287808,93930,58.1,54.71,,,,,,14003
ULTRACEMCO,F&O VOL,15083,25955,,,,,,,,,1786
ULTRACEMCO,F&O OI,62561,61590,,,,,,,,,62602
ULTRACEMCO,CALL VOL,3528,6688,,,,,,,,,835
ULTRACEMCO,CALL OI,5206,4905,,,,,,,,,5169
ULTRACEMCO,PUT VOL,3669,5919,,,,,,,,,362
ULTRACEMCO,PUT OI,3757,3917,,,,,,,,,3896
ULTRACEMCO,CALL SPRD,,,,,,,,,,,2.09
ULTRACEMCO,PUT SPRD,,,,,,,,,,,3.04
ULTRACEMCO,CALL OI FIX,2289,,,,,,,,,,2238
ULTRACEMCO,PUT OI FIX,3519,,,,,,,,,,3645
ULTRACEMCO,CALL DOI,,,,,,,,,,,84756
ULTRACEMCO,PUT DOI,,,,,,,,,,,-102755
ULTRACEMCO,CALL GEX,,,,,,,,,,,15975
ULTRACEMCO,PUT GEX,,,,,,,,,,,11312
ULTRACEMCO,GEX STRIKE,,,,,,,,,,,11000.0
ULTRACEMCO,EXPIRY,,,,,,,,,,,2026-10-27
ULTRACEMCO,ATM IV,,,,,,,,,,,24.45
UNIONBANK,PRICE,171.51,173.15,,,,173.0,172.88,171.97,171.9,169.03,173.69
UNIONBANK,VWAP,,,,,,,,,,,172.34
UNIONBANK,CASH VOL,6780803,13484976,1768512,44.23,26.25,,,,,,786587
UNIONBANK,F&O VOL,10745,24286,,,,,,,,,1248
UNIONBANK,F&O OI,33690,33964,,,,,,,,,33671
UNIONBANK,CALL VOL,4267,10907,,,,,,,,,600
UNIONBANK,CALL OI,4199,4223,,,,,,,,,4223
UNIONBANK,PUT VOL,3224,5585,,,,,,,,,356
UNIONBANK,PUT OI,4224,4262,,,,,,,,,4169
UNIONBANK,CALL SPRD,,,,,,,,,,,1.64
UNIONBANK,PUT SPRD,,,,,,,,,,,2.37
UNIONBANK,CALL OI FIX,4199,,,,,,,,,,4223
UNIONBANK,PUT OI FIX,4224,,,,,,,,,,4169
UNIONBANK,CALL DOI,,,,,,,,,,,9050062
UNIONBANK,PUT DOI,,,,,,,,,,,-6841272
UNIONBANK,CALL GEX,,,,,,,,,,,843386
UNIONBANK,PUT GEX,,,,,,,,,,,898095
UNIONBANK,GEX STRIKE,,,,,,,,,,,170.0
UNIONBANK,EXPIRY,,,,,,,,,,,2026-10-27
UNIONBANK,ATM IV,,,,,,,,,,,33.69
UNITDSPR,PRICE,1318.2,1344.0,,,,1319.9,1329.05,1321.82,1368.3,1346.17,1340.2
UNITDSPR,VWAP,,,,,,,,,,,1336.81
UNITDSPR,CASH VOL,882097,998614,281072,63.67,62.94,,,,,,44629
UNITDSPR,F&O VOL,13075,8849,,,,,,,,,1854
UNITDSPR,F&O OI,29379,28004,,,,,,,,,29282
UNITDSPR,CALL VOL,2860,2313,,,,,,,,,770
UNITDSPR,CALL OI,3295,3008,,,,,,,,,3316
UNITDSPR,PUT VOL,2172,3261,,,,,,,,,194
UNITDSPR,PUT OI,4118,4087,,,,,,,,,4120
UNITDSPR,CALL SPRD,,,,,,,,,,,2.12
UNITDSPR,PUT SPRD,,,,,,,,,,,1.93
UNITDSPR,CALL OI FIX,3004,,,,,,,,,,3015
UNITDSPR,PUT OI FIX,4117,,,,,,,,,,4118
UNITDSPR,CALL DOI,,,,,,,,,,,475773
UNITDSPR,PUT DOI,,,,,,,,,,,-700952
UNITDSPR,CALL GEX,,,,,,,,,,,67187
UNITDSPR,PUT GEX,,,,,,,,,,,85371
UNITDSPR,GEX STRIKE,,,,,,,,,,,1400.0
UNITDSPR,EXPIRY,,,,,,,,,,,2026-10-27
UNITDSPR,ATM IV,,,,,,,,,,,28.94
UNOMINDA,PRICE,1085.0,1104.8,,,,1087.4,1095.4,1088.47,1156.65,1126.22,1097.6
UNOMINDA,VWAP,,,,,,,,,,,1092.12
UNOMINDA,CASH VOL,479061,277168,99710,56.64,39.16,,,,,,21931
UNOMINDA,F&O VOL,3030,3340,,,,,,,,,566
UNOMINDA,F&O OI,15726,15854,,,,,,,,,15828
UNOMINDA,CALL VOL,1001,1512,,,,,,,,,273
UNOMINDA,CALL OI,1085,1070,,,,,,,,,1132
UNOMINDA,PUT VOL,945,651,,,,,,,,,81
UNOMINDA,PUT OI,2441,2387,,,,,,,,,2444
UNOMINDA,CALL SPRD,,,,,,,,,,,2.22
UNOMINDA,PUT SPRD,,,,,,,,,,,2.74
UNOMINDA,CALL OI FIX,842,,,,,,,,,,881
UNOMINDA,PUT OI FIX,2360,,,,,,,,,,2363
UNOMINDA,CALL DOI,,,,,,,,,,,201345
UNOMINDA,PUT DOI,,,,,,,,,,,-561982
UNOMINDA,CALL GEX,,,,,,,,,,,28615
UNOMINDA,PUT GEX,,,,,,,,,,,66154
UNOMINDA,GEX STRIKE,,,,,,,,,,,1100.0
UNOMINDA,EXPIRY,,,,,,,,,,,2026-10-27
UNOMINDA,ATM IV,,,,,,,,,,,29.27
UPL,PRICE,481.05,495.0,,,,482.95,487.1,483.07,531.42,521.67,488.15
UPL,VWAP,,,,,,,,,,,486.9
UPL,CASH VOL,2055106,2175673,704974,57.3,57.62,,,,,,115864
UPL,F&O VOL,13815,10671,,,,,,,,,1102
UPL,F&O OI,35897,35485,,,,,,,,,36050
UPL,CALL VOL,4329,2472,,,,,,,,,610
UPL,CALL OI,1809,1217,,,,,,,,,1955
UPL,PUT VOL,2873,2675,,,,,,,,,172
UPL,PUT OI,1325,1356,,,,,,,,,1355
UPL,CALL SPRD,,,,,,,,,,,1.51
UPL,PUT SPRD,,,,,,,,,,,1.84
UPL,CALL OI FIX,1235,,,,,,,,,,1389
UPL,PUT OI FIX,1217,,,,,,,,,,1247
UPL,CALL DOI,,,,,,,,,,,1038386
UPL,PUT DOI,,,,,,,,,,,-978169
UPL,CALL GEX,,,,,,,,,,,145574
UPL,PUT GEX,,,,,,,,,,,94186
UPL,GEX STRIKE,,,,,,,,,,,500.0
UPL,EXPIRY,,,,,,,,,,,2026-10-27
UPL,ATM IV,,,,,,,,,,,30.84
VBL,PRICE,432.0,440.75,,,,430.55,435.48,433.16,425.88,425.49,435.3
VBL,VWAP,,,,,,,,,,,433.78
VBL,CASH VOL,4361263,3591044,1830042,56.05,58.07,,,,,,219895
VBL,F&O VOL,17164,13949,,,,,,,,,2008
VBL,F&O OI,70150,68709,,,,,,,,,70224
VBL,CALL VOL,6610,4767,,,,,,,,,955
VBL,CALL OI,6472,5815,,,,,,,,,6542
VBL,PUT VOL,3849,3723,,,,,,,,,467
VBL,PUT OI,3900,3528,,,,,,,,,3945
VBL,CALL SPRD,,,,,,,,,,,1.69
VBL,PUT SPRD,,,,,,,,,,,1.57
VBL,CALL OI FIX,5773,,,,,,,,,,5836
VBL,PUT OI FIX,3804,,,,,,,,,,3845
VBL,CALL DOI,,,,,,,,,,,4050748
VBL,PUT DOI,,,,,,,,,,,-2080117
VBL,CALL GEX,,,,,,,,,,,457056
VBL,PUT GEX,,,,,,,,,,,291398
VBL,GEX STRIKE,,,,,,,,,,,440.0
VBL,EXPIRY,,,,,,,,,,,2026-10-27
VBL,ATM IV,,,,,,,,,,,28.07
VEDL,PRICE,253.1,261.4,,,,254.6,257.73,254.64,255.82,253.31,260.8
VEDL,VWAP,,,,,,,,,,,258.69
VEDL,CASH VOL,13299826,10190251,2530081,48.81,51.73,,,,,,3054043
VEDL,F&O VOL,50818,43584,,,,,,,,,10233
VEDL,F&O OI,78653,75203,,,,,,,,,78220
VEDL,CALL VOL,26028,20721,,,,,,,,,7095
VEDL,CALL OI,15330,13336,,,,,,,,,14637
VEDL,PUT VOL,12460,14646,,,,,,,,,1945
VEDL,PUT OI,11726,11286,,,,,,,,,11886
VEDL,CALL SPRD,,,,,,,,,,,0.75
VEDL,PUT SPRD,,,,,,,,,,,1.56
VEDL,CALL OI FIX,14694,,,,,,,,,,13978
VEDL,PUT OI FIX,12031,,,,,,,,,,12174
VEDL,CALL DOI,,,,,,,,,,,7582549
VEDL,PUT DOI,,,,,,,,,,,-5225346
VEDL,CALL GEX,,,,,,,,,,,855155
VEDL,PUT GEX,,,,,,,,,,,498701
VEDL,GEX STRIKE,,,,,,,,,,,260.0
VEDL,EXPIRY,,,,,,,,,,,2026-10-27
VEDL,ATM IV,,,,,,,,,,,35.91
VMM,PRICE,97.0,100.5,,,,97.5,98.47,97.49,101.15,100.05,97.58
VMM,VWAP,,,,,,,,,,,97.26
VMM,CASH VOL,17757126,11200804,3771729,59.6,59.73,,,,,,998307
VMM,F&O VOL,5676,2811,,,,,,,,,789
VMM,F&O OI,19591,18580,,,,,,,,,19753
VMM,CALL VOL,1340,363,,,,,,,,,167
VMM,CALL OI,1127,746,,,,,,,,,1128
VMM,PUT VOL,891,331,,,,,,,,,68
VMM,PUT OI,1478,1477,,,,,,,,,1471
VMM,CALL SPRD,,,,,,,,,,,4.37
VMM,PUT SPRD,,,,,,,,,,,1.42
VMM,CALL OI FIX,1016,,,,,,,,,,1017
VMM,PUT OI FIX,1492,,,,,,,,,,1485
VMM,CALL DOI,,,,,,,,,,,2346784
VMM,PUT DOI,,,,,,,,,,,-3444013
VMM,CALL GEX,,,,,,,,,,,283952
VMM,PUT GEX,,,,,,,,,,,320560
VMM,GEX STRIKE,,,,,,,,,,,100.0
VMM,EXPIRY,,,,,,,,,,,2026-10-27
VMM,ATM IV,,,,,,,,,,,32.77
VOLTAS,PRICE,1032.0,1056.8,,,,1035.4,1041.15,1035.05,1092.55,1066.32,1038.9
VOLTAS,VWAP,,,,,,,,,,,1036.24
VOLTAS,CASH VOL,491244,316203,197320,44.56,22.72,,,,,,36762
VOLTAS,F&O VOL,16274,13655,,,,,,,,,1704
VOLTAS,F&O OI,49341,49093,,,,,,,,,49611
VOLTAS,CALL VOL,7844,7274,,,,,,,,,762
VOLTAS,CALL OI,7034,6656,,,,,,,,,7126
VOLTAS,PUT VOL,4009,2341,,,,,,,,,484
VOLTAS,PUT OI,6085,6124,,,,,,,,,6165
VOLTAS,CALL SPRD,,,,,,,,,,,2.01
VOLTAS,PUT SPRD,,,,,,,,,,,1.99
VOLTAS,CALL OI FIX,7034,,,,,,,,,,7126
VOLTAS,PUT OI FIX,6085,,,,,,,,,,6165
VOLTAS,CALL DOI,,,,,,,,,,,745831
VOLTAS,PUT DOI,,,,,,,,,,,-1297550
VOLTAS,CALL GEX,,,,,,,,,,,111746
VOLTAS,PUT GEX,,,,,,,,,,,98434
VOLTAS,GEX STRIKE,,,,,,,,,,,1100.0
VOLTAS,EXPIRY,,,,,,,,,,,2026-10-27
VOLTAS,ATM IV,,,,,,,,,,,31.33
WAAREEENER,PRICE,2317.0,2401.0,,,,2326.0,2358.25,2330.75,2405.15,2361.72,2307.1
WAAREEENER,VWAP,,,,,,,,,,,2304.26
WAAREEENER,CASH VOL,611473,429460,212490,46.47,37.4,,,,,,108963
WAAREEENER,F&O VOL,15253,13973,,,,,,,,,4693
WAAREEENER,F&O OI,53578,52830,,,,,,,,,53821
WAAREEENER,CALL VOL,1469,5486,,,,,,,,,1176
WAAREEENER,CALL OI,1415,1052,,,,,,,,,1595
WAAREEENER,PUT VOL,2530,851,,,,,,,,,577
WAAREEENER,PUT OI,1550,1350,,,,,,,,,1538
WAAREEENER,CALL SPRD,,,,,,,,,,,1.11
WAAREEENER,PUT SPRD,,,,,,,,,,,1.45
WAAREEENER,CALL OI FIX,3330,,,,,,,,,,3574
WAAREEENER,PUT OI FIX,2307,,,,,,,,,,2290
WAAREEENER,CALL DOI,,,,,,,,,,,138031
WAAREEENER,PUT DOI,,,,,,,,,,,-124663
WAAREEENER,CALL GEX,,,,,,,,,,,17624
WAAREEENER,PUT GEX,,,,,,,,,,,11405
WAAREEENER,GEX STRIKE,,,,,,,,,,,2300.0
WAAREEENER,EXPIRY,,,,,,,,,,,2026-10-27
WAAREEENER,ATM IV,,,,,,,,,,,34.09
WIPRO,PRICE,158.38,159.6,,,,158.3,160.3,159.02,160.62,159.77,162.65
WIPRO,VWAP,,,,,,,,,,,161.85
WIPRO,CASH VOL,19938747,12404246,6795562,55.27,61.19,,,,,,5474406
WIPRO,F&O VOL,32529,26032,,,,,,,,,19535
WIPRO,F&O OI,108461,107509,,,,,,,,,110242
WIPRO,CALL VOL,12332,8124,,,,,,,,,7492
WIPRO,CALL OI,13384,13392,,,,,,,,,12974
WIPRO,PUT VOL,7488,4924,,,,,,,,,5862
WIPRO,PUT OI,10896,11136,,,,,,,,,12173
WIPRO,CALL SPRD,,,,,,,,,,,0.74
WIPRO,PUT SPRD,,,,,,,,,,,1.32
WIPRO,CALL OI FIX,11531,,,,,,,,,,11276
WIPRO,PUT OI FIX,11283,,,,,,,,,,12514
WIPRO,CALL DOI,,,,,,,,,,,17845179
WIPRO,PUT DOI,,,,,,,,,,,-14943546
WIPRO,CALL GEX,,,,,,,,,,,1874364
WIPRO,PUT GEX,,,,,,,,,,,1559157
WIPRO,GEX STRIKE,,,,,,,,,,,165.0
WIPRO,EXPIRY,,,,,,,,,,,2026-10-27
WIPRO,ATM IV,,,,,,,,,,,34.61
YESBANK,PRICE,20.45,20.79,,,,20.48,20.57,20.49,21.45,20.98,20.57
YESBANK,VWAP,,,,,,,,,,,20.51
YESBANK,CASH VOL,62706430,73908969,14113752,51.75,45.31,,,,,,5208430
YESBANK,F&O VOL,11640,15690,,,,,,,,,1310
YESBANK,F&O OI,61415,60696,,,,,,,,,61517
YESBANK,CALL VOL,6363,9158,,,,,,,,,845
YESBANK,CALL OI,10966,10920,,,,,,,,,11085
YESBANK,PUT VOL,2288,2235,,,,,,,,,236
YESBANK,PUT OI,7970,7728,,,,,,,,,7924
YESBANK,CALL SPRD,,,,,,,,,,,4.55
YESBANK,PUT SPRD,,,,,,,,,,,2.47
YESBANK,CALL OI FIX,10354,,,,,,,,,,10366
YESBANK,PUT OI FIX,7932,,,,,,,,,,7886
YESBANK,CALL DOI,,,,,,,,,,,66921651
YESBANK,PUT DOI,,,,,,,,,,,-152920282
YESBANK,CALL GEX,,,,,,,,,,,9621437
YESBANK,PUT GEX,,,,,,,,,,,8450240
YESBANK,GEX STRIKE,,,,,,,,,,,21.0
YESBANK,EXPIRY,,,,,,,,,,,2026-10-27
YESBANK,ATM IV,,,,,,,,,,,34.14
ZYDUSLIFE,PRICE,1112.0,1153.0,,,,1112.0,1138.0,1120.67,1177.9,1156.43,1110.7
ZYDUSLIFE,VWAP,,,,,,,,,,,1111.81
ZYDUSLIFE,CASH VOL,1746342,1143059,432348,47.66,55.74,,,,,,55768
ZYDUSLIFE,F&O VOL,15910,7395,,,,,,,,,1325
ZYDUSLIFE,F&O OI,21321,18438,,,,,,,,,21427
ZYDUSLIFE,CALL VOL,3399,918,,,,,,,,,408
ZYDUSLIFE,CALL OI,1182,558,,,,,,,,,1227
ZYDUSLIFE,PUT VOL,2688,1181,,,,,,,,,161
ZYDUSLIFE,PUT OI,1618,1432,,,,,,,,,1629
ZYDUSLIFE,CALL SPRD,,,,,,,,,,,1.42
ZYDUSLIFE,PUT SPRD,,,,,,,,,,,2.17
ZYDUSLIFE,CALL OI FIX,1182,,,,,,,,,,1227
ZYDUSLIFE,PUT OI FIX,1618,,,,,,,,,,1629
ZYDUSLIFE,CALL DOI,,,,,,,,,,,436657
ZYDUSLIFE,PUT DOI,,,,,,,,,,,-730820
ZYDUSLIFE,CALL GEX,,,,,,,,,,,62920
ZYDUSLIFE,PUT GEX,,,,,,,,,,,82823
ZYDUSLIFE,GEX STRIKE,,,,,,,,,,,1150.0
ZYDUSLIFE,EXPIRY,,,,,,,,,,,2026-10-27
ZYDUSLIFE,ATM IV,,,,,,,,,,,29.12
