Symbol,Metric,PrevDay,PrevDay2,PrevLastHr,DelivPct,DelivPctPrev,Open,dTC,dBC,wTC,wBC,09:20,09:30,09:50,10:00
360ONE,PRICE,1087.4,1110.0,,,,1087.0,1098.3,1091.03,1163.35,1145.78,1086.0,1091.0,1091.0,1091.0
360ONE,VWAP,,,,,,,,,,,1087.99,1089.78,1091.04,1091.36
360ONE,CASH VOL,869898,1123388,348787,59.49,57.58,,,,,,29794,81484,112717,131948
360ONE,F&O VOL,4143,7567,,,,,,,,,171,477,885,1038
360ONE,F&O OI,15910,15428,,,,,,,,,15899,15979,16076,16086
360ONE,CALL VOL,1084,1608,,,,,,,,,65,256,384,354
360ONE,CALL OI,1092,918,,,,,,,,,1084,2371,2384,1101
360ONE,PUT VOL,950,2833,,,,,,,,,23,115,207,246
360ONE,PUT OI,2581,2604,,,,,,,,,2585,3045,3071,2635
ABB,PRICE,7401.5,7387.0,,,,7400.0,7420.5,7407.83,7448.25,7422.75,7381.0,7352.0,7352.0,7363.0
ABB,VWAP,,,,,,,,,,,7387.68,7364.5,7363.9,7364.27
ABB,CASH VOL,309539,167057,57836,57.68,51.93,,,,,,4242,12885,15101,16374
ABB,F&O VOL,12060,7857,,,,,,,,,350,1246,1646,1834
ABB,F&O OI,26882,25946,,,,,,,,,26941,27084,27065,27060
ABB,CALL VOL,5955,3836,,,,,,,,,201,627,817,889
ABB,CALL OI,4307,3956,,,,,,,,,4359,4497,4490,4481
ABB,PUT VOL,2978,1695,,,,,,,,,61,316,394,462
ABB,PUT OI,5579,5302,,,,,,,,,5583,5564,5550,5554
ABCAPITAL,PRICE,400.0,396.95,,,,398.0,399.27,397.8,402.35,397.25,396.0,398.0,398.0,396.0
ABCAPITAL,VWAP,,,,,,,,,,,397.55,397.39,397.42,397.24
ABCAPITAL,CASH VOL,2144020,3482938,465071,49.67,60.18,,,,,,54790,103315,168102,247125
ABCAPITAL,F&O VOL,5629,6840,,,,,,,,,175,503,694,849
ABCAPITAL,F&O OI,20382,20669,,,,,,,,,20404,20430,20448,20453
ABCAPITAL,CALL VOL,2405,2651,,,,,,,,,87,261,372,461
ABCAPITAL,CALL OI,2434,2453,,,,,,,,,2443,2560,2585,2492
ABCAPITAL,PUT VOL,1651,2265,,,,,,,,,49,139,196,247
ABCAPITAL,PUT OI,3632,3736,,,,,,,,,3631,3433,3422,3617
ADANIENSOL,PRICE,1423.3,1407.7,,,,1439.4,1422.62,1421.25,1470.45,1429.88,1416.0,1403.0,1403.0,1407.0
ADANIENSOL,VWAP,,,,,,,,,,,1419.05,1410.8,1407.74,1407.61
ADANIENSOL,CASH VOL,1914487,1308434,332998,37.88,40.69,,,,,,138878,278596,406158,452404
ADANIENSOL,F&O VOL,41191,14625,,,,,,,,,1886,3836,5903,6384
ADANIENSOL,F&O OI,53131,53641,,,,,,,,,53445,53499,53580,53516
ADANIENSOL,CALL VOL,21830,8170,,,,,,,,,859,1715,2600,2854
ADANIENSOL,CALL OI,5354,6253,,,,,,,,,5575,5547,5651,5608
ADANIENSOL,PUT VOL,5788,2366,,,,,,,,,478,1112,1607,1711
ADANIENSOL,PUT OI,3681,3382,,,,,,,,,3655,3760,3770,3764
ADANIENT,PRICE,3104.7,2953.1,,,,3114.5,3082.67,3038.6,2997.75,2957.92,3093.0,3057.0,3057.0,3073.0
ADANIENT,VWAP,,,,,,,,,,,3094.08,3077.8,3068.65,3069.73
ADANIENT,CASH VOL,5320594,971374,584077,36.86,44.04,,,,,,111880,278384,404352,525383
ADANIENT,F&O VOL,301044,37216,,,,,,,,,6709,23772,40426,45755
ADANIENT,F&O OI,101156,103166,,,,,,,,,101015,100063,100396,100338
ADANIENT,CALL VOL,170408,21036,,,,,,,,,3423,10397,16439,19685
ADANIENT,CALL OI,21979,24612,,,,,,,,,22015,22083,22352,22478
ADANIENT,PUT VOL,76935,7595,,,,,,,,,2110,9905,18513,18521
ADANIENT,PUT OI,14891,10851,,,,,,,,,14805,15430,15555,13921
ADANIGREEN,PRICE,1315.0,1292.0,,,,1322.0,1314.95,1314.85,1288.5,1262.9,1305.0,1303.0,1303.0,1308.0
ADANIGREEN,VWAP,,,,,,,,,,,1305.02,1304.95,1304.13,1304.8
ADANIGREEN,CASH VOL,2491107,678024,237868,32.96,35.69,,,,,,154897,241062,328006,373106
ADANIGREEN,F&O VOL,47062,8706,,,,,,,,,2473,5050,7431,8207
ADANIGREEN,F&O OI,58423,58855,,,,,,,,,58526,58448,58411,58368
ADANIGREEN,CALL VOL,28705,4871,,,,,,,,,1112,2503,3591,4125
ADANIGREEN,CALL OI,7754,7879,,,,,,,,,7688,7600,7600,7672
ADANIGREEN,PUT VOL,10376,1905,,,,,,,,,729,1550,2587,2659
ADANIGREEN,PUT OI,4703,4606,,,,,,,,,5283,5252,5205,4671
ADANIPORTS,PRICE,1775.0,1710.0,,,,1779.9,1765.32,1745.95,1689.87,1655.0,1762.0,1758.0,1758.0,1767.0
ADANIPORTS,VWAP,,,,,,,,,,,1766.27,1762.56,1760.77,1761.6
ADANIPORTS,CASH VOL,5527528,1217135,1226591,55.5,65.49,,,,,,239852,435122,792077,905126
ADANIPORTS,F&O VOL,166772,20297,,,,,,,,,5449,12807,24404,27055
ADANIPORTS,F&O OI,74834,70108,,,,,,,,,74831,74777,75177,75080
ADANIPORTS,CALL VOL,92276,9910,,,,,,,,,2449,5801,10773,11927
ADANIPORTS,CALL OI,14997,13317,,,,,,,,,15094,15076,15102,15103
ADANIPORTS,PUT VOL,44292,4534,,,,,,,,,2070,4534,9101,9950
ADANIPORTS,PUT OI,10841,6969,,,,,,,,,10700,10576,10857,10856
ADANIPOWER,PRICE,214.9,208.4,,,,214.5,213.7,211.3,206.65,205.56,214.0,213.0,213.0,213.0
ADANIPOWER,VWAP,,,,,,,,,,,214.29,213.99,213.79,213.76
ADANIPOWER,CASH VOL,33227588,17837173,4963309,37.62,40.86,,,,,,1048989,3278990,4420868,4732743
ADANIPOWER,F&O VOL,89107,31267,,,,,,,,,1755,4691,7105,7938
ADANIPOWER,F&O OI,85095,88928,,,,,,,,,85324,85528,85609,85629
ADANIPOWER,CALL VOL,53339,18763,,,,,,,,,985,2808,4009,4518
ADANIPOWER,CALL OI,16441,19039,,,,,,,,,16629,16792,16968,16953
ADANIPOWER,PUT VOL,22905,7430,,,,,,,,,557,1452,2175,2497
ADANIPOWER,PUT OI,10536,10511,,,,,,,,,10540,10602,10591,10590
ALKEM,PRICE,5139.0,5181.0,,,,5166.0,5180.5,5152.83,5254.25,5211.42,5145.0,5126.0,5126.0,5154.0
ALKEM,VWAP,,,,,,,,,,,5151.07,5133.63,5141.47,5144.7
ALKEM,CASH VOL,106076,75997,30973,65.11,51.0,,,,,,1939,6221,9843,11489
ALKEM,F&O VOL,4135,5705,,,,,,,,,35,269,848,1133
ALKEM,F&O OI,18660,18281,,,,,,,,,18662,18668,18685,18728
ALKEM,CALL VOL,1821,1965,,,,,,,,,12,127,457,633
ALKEM,CALL OI,1936,1965,,,,,,,,,1936,1933,1959,1986
ALKEM,PUT VOL,857,2058,,,,,,,,,3,40,160,195
ALKEM,PUT OI,1957,1832,,,,,,,,,1956,1940,1906,1916
AMBER,PRICE,7210.0,7308.0,,,,7202.5,7286.25,7235.42,7485.25,7477.75,7195.0,7207.0,7207.0,7203.0
AMBER,VWAP,,,,,,,,,,,7203.08,7199.38,7204.48,7205.37
AMBER,CASH VOL,97425,137462,33091,38.85,33.86,,,,,,5840,14853,21461,26115
AMBER,F&O VOL,8126,13379,,,,,,,,,502,2597,3757,4550
AMBER,F&O OI,27578,27044,,,,,,,,,27660,28241,28404,28373
AMBER,CALL VOL,3208,5228,,,,,,,,,192,701,960,1160
AMBER,CALL OI,5227,4907,,,,,,,,,5222,5261,5285,5304
AMBER,PUT VOL,1649,3586,,,,,,,,,204,1386,2041,2581
AMBER,PUT OI,4421,4308,,,,,,,,,4506,5047,5169,5116
AMBUJACEM,PRICE,397.0,398.3,,,,395.5,397.9,397.3,404.41,403.23,395.0,394.0,394.0,394.0
AMBUJACEM,VWAP,,,,,,,,,,,395.75,395.61,395.41,395.33
AMBUJACEM,CASH VOL,862520,986589,234512,43.92,45.22,,,,,,82580,171509,232563,332559
AMBUJACEM,F&O VOL,8926,8607,,,,,,,,,219,1089,1436,1773
AMBUJACEM,F&O OI,99485,98489,,,,,,,,,99535,99721,99780,99789
AMBUJACEM,CALL VOL,4381,4178,,,,,,,,,96,597,745,914
AMBUJACEM,CALL OI,7565,7077,,,,,,,,,7583,7732,7771,7790
AMBUJACEM,PUT VOL,1338,1228,,,,,,,,,34,122,178,263
AMBUJACEM,PUT OI,4678,4593,,,,,,,,,4677,4676,4695,4686
ANGELONE,PRICE,299.05,298.0,,,,297.0,298.57,297.62,297.13,291.8,299.0,300.0,300.0,300.0
ANGELONE,VWAP,,,,,,,,,,,299.2,299.46,299.55,299.68
ANGELONE,CASH VOL,7856510,2591770,2364885,38.08,33.69,,,,,,118714,387479,457421,622902
ANGELONE,F&O VOL,28163,15809,,,,,,,,,519,1714,2964,3286
ANGELONE,F&O OI,29504,29308,,,,,,,,,29587,29893,29992,29987
ANGELONE,CALL VOL,14218,7769,,,,,,,,,314,1129,1724,1913
ANGELONE,CALL OI,7906,8004,,,,,,,,,7960,8139,8215,8213
ANGELONE,PUT VOL,6230,4418,,,,,,,,,76,319,743,820
ANGELONE,PUT OI,4161,4231,,,,,,,,,4152,4216,4218,4212
APLAPOLLO,PRICE,2168.0,2185.0,,,,2180.0,2179.95,2171.98,2236.25,2208.75,2167.0,2166.0,2166.0,2171.0
APLAPOLLO,VWAP,,,,,,,,,,,2171.47,2167.86,2168.04,2168.54
APLAPOLLO,CASH VOL,270373,922548,47626,55.61,60.64,,,,,,12185,27673,31261,36822
APLAPOLLO,F&O VOL,7129,13353,,,,,,,,,176,641,881,1036
APLAPOLLO,F&O OI,47214,46536,,,,,,,,,47248,47277,47286,47328
APLAPOLLO,CALL VOL,2322,3832,,,,,,,,,61,191,304,383
APLAPOLLO,CALL OI,4013,3897,,,,,,,,,3873,3890,4052,4076
APLAPOLLO,PUT VOL,1603,3833,,,,,,,,,12,134,185,213
APLAPOLLO,PUT OI,3149,3002,,,,,,,,,3114,3104,3144,3156
APOLLOHOSP,PRICE,8967.0,8837.5,,,,9000.0,8941.0,8889.0,8771.0,8690.33,8976.0,8980.0,8980.0,8976.0
APOLLOHOSP,VWAP,,,,,,,,,,,8986.72,8979.86,8980.25,8978.77
APOLLOHOSP,CASH VOL,375525,324848,98485,45.59,57.08,,,,,,20147,38383,46442,55431
APOLLOHOSP,F&O VOL,57540,27217,,,,,,,,,2569,4634,6436,7929
APOLLOHOSP,F&O OI,38923,37301,,,,,,,,,39112,39137,39547,39629
APOLLOHOSP,CALL VOL,36881,15940,,,,,,,,,1767,3084,4085,5051
APOLLOHOSP,CALL OI,8002,7542,,,,,,,,,8197,8250,8292,8481
APOLLOHOSP,PUT VOL,13245,6504,,,,,,,,,545,1070,1583,1987
APOLLOHOSP,PUT OI,4589,3409,,,,,,,,,4624,4616,4621,4806
ASHOKLEY,PRICE,167.0,169.0,,,,166.5,167.75,167.25,170.81,169.6,166.0,165.0,165.0,166.0
ASHOKLEY,VWAP,,,,,,,,,,,166.25,165.71,165.7,165.79
ASHOKLEY,CASH VOL,7197614,7997004,1723588,41.5,47.35,,,,,,934861,2494754,3170318,3725969
ASHOKLEY,F&O VOL,19085,20449,,,,,,,,,1500,5908,8669,9530
ASHOKLEY,F&O OI,57736,57106,,,,,,,,,57851,58209,58745,58753
ASHOKLEY,CALL VOL,6571,6027,,,,,,,,,516,,3100,3442
ASHOKLEY,CALL OI,5847,5505,,,,,,,,,5927,,6461,6488
ASHOKLEY,PUT VOL,4909,7191,,,,,,,,,495,,2948,3230
ASHOKLEY,PUT OI,7658,7466,,,,,,,,,7679,,7919,7939
ASIANPAINT,PRICE,2489.0,2481.6,,,,2485.1,2483.73,2473.2,2582.15,2545.58,2477.0,2476.0,2476.0,2478.0
ASIANPAINT,VWAP,,,,,,,,,,,2477.6,2475.72,2476.43,2477.15
ASIANPAINT,CASH VOL,432840,373248,187641,59.76,61.13,,,,,,17257,24733,40810,56817
ASIANPAINT,F&O VOL,22762,16552,,,,,,,,,842,1788,2743,3254
ASIANPAINT,F&O OI,65266,64835,,,,,,,,,65372,65345,65360,65460
ASIANPAINT,CALL VOL,5693,3996,,,,,,,,,179,456,738,868
ASIANPAINT,CALL OI,3370,2836,,,,,,,,,3395,3411,3413,3423
ASIANPAINT,PUT VOL,8446,4659,,,,,,,,,421,844,1229,1451
ASIANPAINT,PUT OI,7658,7693,,,,,,,,,7751,7731,7772,7838
ASTRAL,PRICE,1474.8,1500.8,,,,1468.2,1486.3,1478.63,1528.85,1504.88,1462.0,1465.0,1465.0,1461.0
ASTRAL,VWAP,,,,,,,,,,,1467.13,1461.13,1462.5,1462.23
ASTRAL,CASH VOL,769503,613597,283520,59.45,58.88,,,,,,19338,69655,99207,118651
ASTRAL,F&O VOL,13412,6883,,,,,,,,,470,1674,2237,2540
ASTRAL,F&O OI,22984,22221,,,,,,,,,23003,23017,23017,23062
ASTRAL,CALL VOL,3460,2057,,,,,,,,,119,468,629,753
ASTRAL,CALL OI,2552,2379,,,,,,,,,2564,2607,2611,2636
ASTRAL,PUT VOL,4340,1789,,,,,,,,,151,508,607,674
ASTRAL,PUT OI,2466,2401,,,,,,,,,2453,2419,2426,2432
AUBANK,PRICE,1060.5,1073.7,,,,1058.9,1069.2,1063.4,1074.6,1068.2,1050.0,1050.0,1050.0,1053.0
AUBANK,VWAP,,,,,,,,,,,1052.34,1051.78,1051.17,1051.06
AUBANK,CASH VOL,1294481,1353347,385848,63.59,58.84,,,,,,73327,147393,186015,225844
AUBANK,F&O VOL,17159,17386,,,,,,,,,1697,3839,5478,7427
AUBANK,F&O OI,38361,36713,,,,,,,,,38488,38549,38728,38641
AUBANK,CALL VOL,7471,7518,,,,,,,,,914,2223,2984,4196
AUBANK,CALL OI,5368,4976,,,,,,,,,6687,6729,5783,5734
AUBANK,PUT VOL,6434,6901,,,,,,,,,565,1279,1611,2164
AUBANK,PUT OI,6016,5451,,,,,,,,,6078,6018,5915,5872
AUROPHARMA,PRICE,1698.9,1692.0,,,,1693.4,1695.27,1688.0,1669.8,1658.67,1673.0,1661.0,1661.0,1670.0
AUROPHARMA,VWAP,,,,,,,,,,,1679.14,1669.71,1669.07,1669.17
AUROPHARMA,CASH VOL,600583,1055813,169273,47.52,36.92,,,,,,68909,142259,181742,200336
AUROPHARMA,F&O VOL,13310,25804,,,,,,,,,774,3774,5484,6370
AUROPHARMA,F&O OI,35982,35726,,,,,,,,,35978,36165,36338,36464
AUROPHARMA,CALL VOL,6420,13721,,,,,,,,,255,1155,1769,1947
AUROPHARMA,CALL OI,8235,8061,,,,,,,,,8300,8263,8485,8352
AUROPHARMA,PUT VOL,3578,6526,,,,,,,,,298,2060,2844,3428
AUROPHARMA,PUT OI,4000,4162,,,,,,,,,3754,4082,3798,4203
AXISBANK,PRICE,1238.5,1244.9,,,,1242.1,1246.05,1241.02,1275.0,1273.67,1247.0,1249.0,1249.0,1246.0
AXISBANK,VWAP,,,,,,,,,,,1247.46,1250.11,1249.74,1249.56
AXISBANK,CASH VOL,6679663,3623260,1266499,72.82,60.1,,,,,,113832,305798,406720,488843
AXISBANK,F&O VOL,74415,79410,,,,,,,,,3276,12329,14881,21851
AXISBANK,F&O OI,200157,197696,,,,,,,,,200366,200951,201140,201812
AXISBANK,CALL VOL,33962,41716,,,,,,,,,1849,6626,7949,10743
AXISBANK,CALL OI,22252,22040,,,,,,,,,24437,22405,24722,23124
AXISBANK,PUT VOL,29702,29294,,,,,,,,,1086,4473,5468,8950
AXISBANK,PUT OI,16478,16539,,,,,,,,,15479,16800,15685,16845
BAJAJ-AUTO,PRICE,11790.0,11880.0,,,,11771.0,11818.0,11799.33,12171.5,12003.17,11720.0,11710.0,11710.0,11704.0
BAJAJ-AUTO,VWAP,,,,,,,,,,,11743.34,11723.1,11713.81,11713.97
BAJAJ-AUTO,CASH VOL,119472,192942,38936,57.51,55.05,,,,,,4747,9168,12510,17880
BAJAJ-AUTO,F&O VOL,27885,33248,,,,,,,,,1965,4988,7288,8582
BAJAJ-AUTO,F&O OI,56534,55234,,,,,,,,,56897,57413,57748,57930
BAJAJ-AUTO,CALL VOL,7878,11622,,,,,,,,,522,1427,2022,2393
BAJAJ-AUTO,CALL OI,7628,6980,,,,,,,,,7684,7905,7994,8035
BAJAJ-AUTO,PUT VOL,8645,11577,,,,,,,,,639,1783,2499,2837
BAJAJ-AUTO,PUT OI,10113,9580,,,,,,,,,10092,10214,10293,10293
BAJAJFINSV,PRICE,1927.0,1938.1,,,,1932.9,1936.7,1930.23,1980.1,1973.37,1925.0,1927.0,1927.0,1932.0
BAJAJFINSV,VWAP,,,,,,,,,,,1930.57,1927.57,1928.94,1929.44
BAJAJFINSV,CASH VOL,617280,707710,300531,65.35,55.16,,,,,,20272,32926,52443,61940
BAJAJFINSV,F&O VOL,11978,13108,,,,,,,,,387,1561,2114,2488
BAJAJFINSV,F&O OI,58117,58345,,,,,,,,,58191,58101,58162,58142
BAJAJFINSV,CALL VOL,5205,6142,,,,,,,,,222,736,1092,1256
BAJAJFINSV,CALL OI,11119,10792,,,,,,,,,10475,10536,11223,11238
BAJAJFINSV,PUT VOL,2638,3807,,,,,,,,,66,507,607,680
BAJAJFINSV,PUT OI,8282,8393,,,,,,,,,8159,8072,8195,8150
BAJAJHLDNG,PRICE,11078.0,11046.0,,,,11078.0,11074.33,11067.0,11336.0,11220.0,11011.0,11019.0,11019.0,11005.0
BAJAJHLDNG,VWAP,,,,,,,,,,,11029.87,11025.9,11013.94,11003.1
BAJAJHLDNG,CASH VOL,18502,28503,5852,48.57,49.52,,,,,,379,1016,1991,3467
BAJAJHLDNG,F&O VOL,413,727,,,,,,,,,9,19,49,62
BAJAJHLDNG,F&O OI,4875,4870,,,,,,,,,4876,4874,4866,4868
BAJAJHLDNG,CALL VOL,84,238,,,,,,,,,6,8,26,38
BAJAJHLDNG,CALL OI,614,606,,,,,,,,,615,614,605,607
BAJAJHLDNG,PUT VOL,58,120,,,,,,,,,0,2,7,7
BAJAJHLDNG,PUT OI,441,449,,,,,,,,,441,441,442,442
BAJFINANCE,PRICE,1039.3,1054.1,,,,1042.5,1049.3,1042.63,1058.3,1053.9,1039.0,1042.0,1042.0,1047.0
BAJFINANCE,VWAP,,,,,,,,,,,1040.51,1040.33,1041.68,1043.55
BAJFINANCE,CASH VOL,9244698,3608327,2106875,67.82,68.0,,,,,,153573,284752,427291,765184
BAJFINANCE,F&O VOL,46782,15208,,,,,,,,,1159,2700,4369,5892
BAJFINANCE,F&O OI,137893,134862,,,,,,,,,138153,138288,138359,138423
BAJFINANCE,CALL VOL,19291,6221,,,,,,,,,449,1177,2313,3183
BAJFINANCE,CALL OI,14048,12622,,,,,,,,,8774,8857,14244,14281
BAJFINANCE,PUT VOL,12524,4179,,,,,,,,,280,747,1116,1470
BAJFINANCE,PUT OI,13266,13184,,,,,,,,,11785,11813,13340,13354
BANDHANBNK,PRICE,171.7,171.58,,,,171.9,171.81,171.73,164.66,164.09,172.0,172.0,172.0,170.0
BANDHANBNK,VWAP,,,,,,,,,,,171.82,171.97,171.98,171.83
BANDHANBNK,CASH VOL,11130322,20828794,2410406,32.23,39.24,,,,,,792755,1770914,2441480,3329663
BANDHANBNK,F&O VOL,47240,76492,,,,,,,,,83,270,385,539
BANDHANBNK,F&O OI,55947,53845,,,,,,,,,55911,55759,55677,55558
BANDHANBNK,CALL VOL,26134,45032,,,,,,,,,46,142,207,287
BANDHANBNK,CALL OI,9296,8866,,,,,,,,,9272,9191,9141,9094
BANDHANBNK,PUT VOL,12877,20357,,,,,,,,,12,55,81,129
BANDHANBNK,PUT OI,6224,6124,,,,,,,,,6218,6180,6172,6125
BANKBARODA,PRICE,234.1,236.6,,,,235.0,235.6,234.6,240.0,239.33,237.0,238.0,238.0,237.0
BANKBARODA,VWAP,,,,,,,,,,,236.78,238.09,238.24,238.13
BANKBARODA,CASH VOL,14888061,7992697,3688669,63.39,63.71,,,,,,473609,2237298,3304064,3840543
BANKBARODA,F&O VOL,22283,16647,,,,,,,,,3326,12463,17929,19976
BANKBARODA,F&O OI,84066,81064,,,,,,,,,83875,84151,84295,84385
BANKBARODA,CALL VOL,11340,7777,,,,,,,,,1790,7436,10707,11955
BANKBARODA,CALL OI,14522,13735,,,,,,,,,14259,14854,14360,14364
BANKBARODA,PUT VOL,6409,4536,,,,,,,,,858,3179,4313,4921
BANKBARODA,PUT OI,11247,10335,,,,,,,,,11339,11210,11653,11685
BANKINDIA,PRICE,141.06,140.86,,,,141.3,141.12,141.08,144.4,143.19,141.0,141.0,141.0,141.0
BANKINDIA,VWAP,,,,,,,,,,,141.56,141.95,141.91,141.78
BANKINDIA,CASH VOL,6061098,4588957,1555722,48.53,48.86,,,,,,290500,920640,1262930,1742119
BANKINDIA,F&O VOL,7587,7472,,,,,,,,,161,802,1071,2139
BANKINDIA,F&O OI,27312,28305,,,,,,,,,27318,27379,27424,27284
BANKINDIA,CALL VOL,2607,2813,,,,,,,,,63,452,586,1308
BANKINDIA,CALL OI,4513,4210,,,,,,,,,5144,5184,5221,4459
BANKINDIA,PUT VOL,1345,2314,,,,,,,,,28,103,149,325
BANKINDIA,PUT OI,5463,5161,,,,,,,,,5634,5635,5641,5429
BDL,PRICE,1218.1,1242.5,,,,1215.0,1228.75,1221.65,1267.5,1259.17,1215.0,1209.0,1209.0,1197.0
BDL,VWAP,,,,,,,,,,,1215.29,1211.81,1210.86,1204.79
BDL,CASH VOL,1337188,1571035,251425,32.87,24.07,,,,,,60763,148376,201538,422295
BDL,F&O VOL,34616,37113,,,,,,,,,1202,3702,4984,11924
BDL,F&O OI,56634,54026,,,,,,,,,56803,57014,57222,58438
BDL,CALL VOL,11281,15026,,,,,,,,,478,1609,1943,4087
BDL,CALL OI,8985,8150,,,,,,,,,10093,10262,9309,9711
BDL,PUT VOL,10568,8469,,,,,,,,,318,961,1186,3788
BDL,PUT OI,8782,8016,,,,,,,,,9051,9004,8687,8953
BEL,PRICE,406.0,410.55,,,,407.0,409.93,407.31,408.67,406.46,404.0,404.0,404.0,405.0
BEL,VWAP,,,,,,,,,,,404.97,404.54,404.51,404.65
BEL,CASH VOL,10899391,23225496,2698988,59.28,47.94,,,,,,726677,1288294,1555616,1900400
BEL,F&O VOL,61503,141484,,,,,,,,,3267,7458,9939,11895
BEL,F&O OI,134782,131421,,,,,,,,,135006,135561,135723,136073
BEL,CALL VOL,35330,74760,,,,,,,,,1815,3929,4985,6162
BEL,CALL OI,24810,21476,,,,,,,,,24861,25015,25060,25169
BEL,PUT VOL,14446,40161,,,,,,,,,788,2046,2611,3128
BEL,PUT OI,15805,16707,,,,,,,,,15811,15944,15925,15994
BHARATFORG,PRICE,1979.6,2003.7,,,,1974.6,1987.75,1982.32,2027.95,1979.98,1973.0,1963.0,1963.0,1967.0
BHARATFORG,VWAP,,,,,,,,,,,1973.32,1968.48,1967.13,1967.73
BHARATFORG,CASH VOL,522619,1947343,127416,44.06,63.74,,,,,,15362,43148,66540,78361
BHARATFORG,F&O VOL,10533,31523,,,,,,,,,342,930,1480,1766
BHARATFORG,F&O OI,29426,29535,,,,,,,,,29488,29523,29515,29520
BHARATFORG,CALL VOL,3758,13750,,,,,,,,,197,423,606,680
BHARATFORG,CALL OI,3294,3302,,,,,,,,,3616,3342,3604,3351
BHARATFORG,PUT VOL,2916,7568,,,,,,,,,48,256,511,642
BHARATFORG,PUT OI,3666,3756,,,,,,,,,3771,3692,3787,3678
BHARTIARTL,PRICE,1814.7,1844.0,,,,1815.1,1823.9,1817.77,1853.7,1844.57,1818.0,1815.0,1815.0,1814.0
BHARTIARTL,VWAP,,,,,,,,,,,1817.99,1816.76,1816.38,1816.31
BHARTIARTL,CASH VOL,5574027,4169706,1265641,71.12,61.73,,,,,,271264,433818,558104,794427
BHARTIARTL,F&O VOL,61890,64560,,,,,,,,,1897,5269,7936,11450
BHARTIARTL,F&O OI,214239,211274,,,,,,,,,214622,215084,215277,215815
BHARTIARTL,CALL VOL,27656,27698,,,,,,,,,929,2790,3843,5676
BHARTIARTL,CALL OI,21907,20058,,,,,,,,,22100,22446,22495,22651
BHARTIARTL,PUT VOL,19977,21581,,,,,,,,,566,1555,2367,3515
BHARTIARTL,PUT OI,21597,21196,,,,,,,,,21644,21716,21795,22005
BHEL,PRICE,433.7,422.15,,,,434.2,432.07,428.82,430.73,430.0,433.0,431.0,431.0,431.0
BHEL,VWAP,,,,,,,,,,,434.02,432.41,432.24,432.17
BHEL,CASH VOL,8487227,4160694,2021289,42.28,38.17,,,,,,247301,602938,714992,793879
BHEL,F&O VOL,39822,18706,,,,,,,,,1294,4558,5468,6129
BHEL,F&O OI,52101,51463,,,,,,,,,52300,52579,52708,52724
BHEL,CALL VOL,20127,9763,,,,,,,,,809,2207,2576,2881
BHEL,CALL OI,8343,8800,,,,,,,,,9476,8606,8654,8677
BHEL,PUT VOL,10157,4819,,,,,,,,,251,1307,1495,1721
BHEL,PUT OI,5502,4920,,,,,,,,,5394,5549,5596,5572
BIOCON,PRICE,395.0,392.3,,,,397.0,398.48,396.16,404.2,399.67,394.0,392.0,392.0,393.0
BIOCON,VWAP,,,,,,,,,,,395.71,393.86,393.62,393.22
BIOCON,CASH VOL,10271402,2791301,1396034,37.63,43.67,,,,,,144813,322684,432228,781442
BIOCON,F&O VOL,64313,22261,,,,,,,,,1162,4072,5417,6312
BIOCON,F&O OI,44493,38021,,,,,,,,,44658,44985,45019,45029
BIOCON,CALL VOL,32803,10338,,,,,,,,,750,2589,3401,3341
BIOCON,CALL OI,7202,3939,,,,,,,,,9912,10236,10246,7518
BIOCON,PUT VOL,13721,5302,,,,,,,,,240,911,1178,1363
BIOCON,PUT OI,4988,3967,,,,,,,,,5792,5807,5808,5033
BLUESTARCO,PRICE,1456.9,1460.9,,,,1450.0,1455.07,1451.4,1480.53,1473.6,1457.0,1467.0,1467.0,1472.0
BLUESTARCO,VWAP,,,,,,,,,,,1458.57,1461.39,1466.39,1469.03
BLUESTARCO,CASH VOL,714546,1169742,171922,61.22,49.66,,,,,,8867,19243,40487,67411
BLUESTARCO,F&O VOL,7445,26512,,,,,,,,,164,752,1366,1901
BLUESTARCO,F&O OI,30369,29305,,,,,,,,,30382,30455,30450,30448
BLUESTARCO,CALL VOL,2733,8855,,,,,,,,,88,450,851,1213
BLUESTARCO,CALL OI,4135,3897,,,,,,,,,4025,4101,4214,4199
BLUESTARCO,PUT VOL,1498,9684,,,,,,,,,23,136,228,276
BLUESTARCO,PUT OI,2896,2953,,,,,,,,,3161,3141,2886,2887
BOSCHLTD,PRICE,49100.0,48785.0,,,,48865.0,48976.67,48730.0,48205.0,47281.67,48610.0,48620.0,48620.0,48910.0
BOSCHLTD,VWAP,,,,,,,,,,,48627.67,48612.24,48625.01,48718.06
BOSCHLTD,CASH VOL,28278,33665,7330,58.19,54.74,,,,,,1247,1923,2461,3704
BOSCHLTD,F&O VOL,16149,26103,,,,,,,,,865,1919,2722,4175
BOSCHLTD,F&O OI,19470,19542,,,,,,,,,19595,19606,19588,19633
BOSCHLTD,CALL VOL,3985,9907,,,,,,,,,239,501,644,1184
BOSCHLTD,CALL OI,3341,3338,,,,,,,,,3402,3411,3407,3375
BOSCHLTD,PUT VOL,2630,2713,,,,,,,,,331,694,829,1086
BOSCHLTD,PUT OI,2505,2519,,,,,,,,,2918,2896,2888,2545
BPCL,PRICE,303.55,303.85,,,,302.95,303.23,302.57,317.43,316.27,305.0,305.0,305.0,304.0
BPCL,VWAP,,,,,,,,,,,304.38,305.05,304.94,304.8
BPCL,CASH VOL,4492551,4641011,960102,51.5,45.51,,,,,,238848,560019,645896,784639
BPCL,F&O VOL,17302,25779,,,,,,,,,893,1981,2542,2941
BPCL,F&O OI,30313,29143,,,,,,,,,30222,30153,30179,30163
BPCL,CALL VOL,6974,11233,,,,,,,,,326,814,1015,1211
BPCL,CALL OI,4980,4966,,,,,,,,,4905,4835,4855,4938
BPCL,PUT VOL,7190,10425,,,,,,,,,461,988,1282,1524
BPCL,PUT OI,4898,4251,,,,,,,,,4878,4879,4897,4816
BRITANNIA,PRICE,5090.0,5064.0,,,,5108.0,5082.67,5068.0,5174.0,5125.67,5046.0,5061.0,5061.0,5053.0
BRITANNIA,VWAP,,,,,,,,,,,5056.72,5050.65,5053.63,5054.53
BRITANNIA,CASH VOL,190380,280231,79580,47.1,66.2,,,,,,13308,21140,25268,31452
BRITANNIA,F&O VOL,8415,10393,,,,,,,,,218,865,1128,1430
BRITANNIA,F&O OI,36194,36431,,,,,,,,,36176,36208,36200,36188
BRITANNIA,CALL VOL,3364,4063,,,,,,,,,146,457,552,663
BRITANNIA,CALL OI,2976,3049,,,,,,,,,2961,2989,2972,2958
BRITANNIA,PUT VOL,1838,2479,,,,,,,,,38,240,336,415
BRITANNIA,PUT OI,5514,5584,,,,,,,,,5512,5506,5538,5528
BSE,PRICE,3289.8,3394.0,,,,3288.0,3294.05,3291.22,3374.12,3302.75,3280.0,3298.0,3298.0,3285.0
BSE,VWAP,,,,,,,,,,,3280.03,3285.04,3290.29,3290.61
BSE,CASH VOL,4365902,2850676,612914,40.09,41.92,,,,,,172624,347045,484043,646276
BSE,F&O VOL,174918,116214,,,,,,,,,4682,11050,19429,26990
BSE,F&O OI,142745,139535,,,,,,,,,143196,143812,144396,144401
BSE,CALL VOL,77879,45529,,,,,,,,,2145,5387,10490,14293
BSE,CALL OI,39691,37093,,,,,,,,,39968,40333,40365,40373
BSE,PUT VOL,68745,52367,,,,,,,,,1969,4425,6678,9601
BSE,PUT OI,31954,31330,,,,,,,,,32056,32228,32695,32472
CAMS,PRICE,715.0,729.5,,,,718.75,720.6,716.87,758.47,752.03,715.0,720.0,720.0,717.0
CAMS,VWAP,,,,,,,,,,,713.09,715.91,717.55,717.97
CAMS,CASH VOL,1556690,608207,307438,50.89,48.52,,,,,,194331,282600,368083,458222
CAMS,F&O VOL,13098,5146,,,,,,,,,448,1282,1885,2475
CAMS,F&O OI,22908,22604,,,,,,,,,23011,23145,23260,23343
CAMS,CALL VOL,3914,1279,,,,,,,,,153,663,968,1323
CAMS,CALL OI,2587,2205,,,,,,,,,2613,2740,2792,2818
CAMS,PUT VOL,3027,851,,,,,,,,,145,280,394,485
CAMS,PUT OI,3306,3226,,,,,,,,,3350,3348,3366,3372
CANBK,PRICE,124.08,124.68,,,,124.0,124.71,124.29,126.53,125.84,126.0,126.0,126.0,125.0
CANBK,VWAP,,,,,,,,,,,125.66,126.69,126.68,126.56
CANBK,CASH VOL,9338510,8644820,2456754,50.55,52.82,,,,,,1934130,7602112,9701119,11211071
CANBK,F&O VOL,9993,7681,,,,,,,,,3102,14556,19604,22620
CANBK,F&O OI,78260,77427,,,,,,,,,77814,78522,78766,79096
CANBK,CALL VOL,4802,3808,,,,,,,,,2199,10677,13627,14916
CANBK,CALL OI,9420,9256,,,,,,,,,10731,11281,11530,10159
CANBK,PUT VOL,2721,1727,,,,,,,,,338,2225,3651,4428
CANBK,PUT OI,7320,6864,,,,,,,,,7844,8219,8110,7574
CDSL,PRICE,1368.6,1400.0,,,,1360.9,1376.5,1371.23,1392.03,1386.9,1364.0,1371.0,1371.0,1363.0
CDSL,VWAP,,,,,,,,,,,1363.01,1366.99,1367.24,1366.26
CDSL,CASH VOL,1314059,975781,188593,36.41,41.55,,,,,,119589,243797,278549,371821
CDSL,F&O VOL,33546,20614,,,,,,,,,2140,4552,5737,7161
CDSL,F&O OI,57495,54324,,,,,,,,,57836,57946,57902,57954
CDSL,CALL VOL,13229,8171,,,,,,,,,638,1727,2067,2865
CDSL,CALL OI,11483,10600,,,,,,,,,11587,12294,11676,11747
CDSL,PUT VOL,6548,4343,,,,,,,,,798,1685,1886,2159
CDSL,PUT OI,9366,9245,,,,,,,,,9342,9077,9349,9360
CGPOWER,PRICE,926.95,910.7,,,,928.0,924.73,920.27,893.0,891.67,923.0,915.0,915.0,915.0
CGPOWER,VWAP,,,,,,,,,,,925.69,919.36,917.59,917.29
CGPOWER,CASH VOL,3454657,2618950,765814,46.98,48.44,,,,,,109465,321229,475323,530380
CGPOWER,F&O VOL,38446,38577,,,,,,,,,1130,4330,5891,6419
CGPOWER,F&O OI,36823,36545,,,,,,,,,36925,37034,37188,37309
CGPOWER,CALL VOL,25080,25973,,,,,,,,,665,2468,3246,3574
CGPOWER,CALL OI,8037,9114,,,,,,,,,8142,8279,8382,8485
CGPOWER,PUT VOL,8610,8666,,,,,,,,,292,1392,1924,2082
CGPOWER,PUT OI,7054,5509,,,,,,,,,6993,6868,6835,6855
CHOLAFIN,PRICE,1829.0,1823.4,,,,1827.1,1828.07,1826.2,1831.57,1816.7,1810.0,1822.0,1822.0,1832.0
CHOLAFIN,VWAP,,,,,,,,,,,1815.41,1814.23,1820.03,1823.19
CHOLAFIN,CASH VOL,1079333,1040914,391895,68.59,58.87,,,,,,53648,172417,264264,338052
CHOLAFIN,F&O VOL,5852,7279,,,,,,,,,432,1509,2558,3167
CHOLAFIN,F&O OI,31335,31343,,,,,,,,,31439,31634,31548,31544
CHOLAFIN,CALL VOL,2392,2457,,,,,,,,,189,609,1026,1212
CHOLAFIN,CALL OI,2820,2750,,,,,,,,,2657,2799,2957,2933
CHOLAFIN,PUT VOL,1491,2951,,,,,,,,,60,444,805,1111
CHOLAFIN,PUT OI,2880,2862,,,,,,,,,2928,2963,2943,2959
CIPLA,PRICE,1363.1,1384.0,,,,1366.8,1375.9,1367.37,1400.8,1390.27,1369.0,1370.0,1370.0,1374.0
CIPLA,VWAP,,,,,,,,,,,1369.83,1369.73,1372.59,1373.22
CIPLA,CASH VOL,818773,728795,365384,65.63,71.22,,,,,,16224,35412,84725,112928
CIPLA,F&O VOL,12892,9100,,,,,,,,,338,1051,2521,3226
CIPLA,F&O OI,48849,47664,,,,,,,,,48961,49055,49006,49052
CIPLA,CALL VOL,4668,3109,,,,,,,,,164,481,1258,1420
CIPLA,CALL OI,3536,2989,,,,,,,,,3612,3696,4478,3774
CIPLA,PUT VOL,2909,2579,,,,,,,,,66,219,464,650
CIPLA,PUT OI,4376,4254,,,,,,,,,4400,4399,4212,4481
COALINDIA,PRICE,431.0,420.25,,,,433.0,429.86,427.58,414.88,413.95,432.0,431.0,431.0,430.0
COALINDIA,VWAP,,,,,,,,,,,432.74,432.1,431.98,431.78
COALINDIA,CASH VOL,22791556,5273145,2538320,48.87,52.06,,,,,,377954,840244,963117,1148036
COALINDIA,F&O VOL,202355,53781,,,,,,,,,6444,14829,17190,19463
COALINDIA,F&O OI,133794,127888,,,,,,,,,134564,134472,134612,134653
COALINDIA,CALL VOL,93923,28351,,,,,,,,,3872,8978,10237,11478
COALINDIA,CALL OI,23368,22415,,,,,,,,,23922,23831,23880,23804
COALINDIA,PUT VOL,69631,14332,,,,,,,,,1566,4079,4798,5647
COALINDIA,PUT OI,14887,10688,,,,,,,,,15005,14998,15123,15207
COCHINSHIP,PRICE,1556.0,1528.2,,,,1556.1,1548.02,1532.05,1496.42,1491.05,1549.0,1542.0,1542.0,1535.0
COCHINSHIP,VWAP,,,,,,,,,,,1557.3,1550.53,1547.93,1544.62
COCHINSHIP,CASH VOL,1253871,875111,706045,39.94,32.24,,,,,,127998,190824,232234,294324
COCHINSHIP,F&O VOL,19267,15380,,,,,,,,,1325,2627,3370,4225
COCHINSHIP,F&O OI,28223,27776,,,,,,,,,28583,28729,28734,28838
COCHINSHIP,CALL VOL,10689,10725,,,,,,,,,775,1508,1901,2418
COCHINSHIP,CALL OI,5196,5927,,,,,,,,,5540,5674,5680,5705
COCHINSHIP,PUT VOL,2810,1556,,,,,,,,,173,499,682,864
COCHINSHIP,PUT OI,3483,3165,,,,,,,,,3467,3489,3456,3476
COFORGE,PRICE,1845.0,1950.0,,,,1842.0,1839.72,1829.15,1972.37,1971.5,1839.0,1850.0,1850.0,1858.0
COFORGE,VWAP,,,,,,,,,,,1840.82,1843.2,1854.23,1854.67
COFORGE,CASH VOL,10837239,1594561,1876456,45.82,53.86,,,,,,277108,528021,948883,1081366
COFORGE,F&O VOL,235837,25241,,,,,,,,,6169,13309,35327,39067
COFORGE,F&O OI,67169,51550,,,,,,,,,67547,67952,68539,68722
COFORGE,CALL VOL,70104,6207,,,,,,,,,1913,6908,16016,18164
COFORGE,CALL OI,8605,4697,,,,,,,,,7778,9118,9575,9724
COFORGE,PUT VOL,83606,7024,,,,,,,,,2077,4362,8535,9426
COFORGE,PUT OI,11420,7295,,,,,,,,,11268,11397,11259,11257
COLPAL,PRICE,1800.0,1819.9,,,,1804.5,1802.4,1800.8,1850.65,1836.35,1803.0,1803.0,1803.0,1804.0
COLPAL,VWAP,,,,,,,,,,,1802.59,1801.71,1802.51,1803.05
COLPAL,CASH VOL,518477,214109,127568,65.99,55.53,,,,,,4591,25314,31894,38208
COLPAL,F&O VOL,9704,8779,,,,,,,,,254,661,1228,1551
COLPAL,F&O OI,41858,41024,,,,,,,,,41898,41955,41960,41939
COLPAL,CALL VOL,4540,3833,,,,,,,,,183,437,759,937
COLPAL,CALL OI,5745,5280,,,,,,,,,5790,5842,5810,5791
COLPAL,PUT VOL,2088,1515,,,,,,,,,39,121,257,334
COLPAL,PUT OI,5665,5587,,,,,,,,,5656,5655,5697,5706
CONCOR,PRICE,510.0,502.0,,,,508.0,508.66,505.98,511.38,509.12,506.0,506.0,506.0,507.0
CONCOR,VWAP,,,,,,,,,,,507.83,507.08,506.9,507.01
CONCOR,CASH VOL,1057889,924971,169090,43.29,41.48,,,,,,30939,55078,72106,270722
CONCOR,F&O VOL,8810,9545,,,,,,,,,246,470,642,825
CONCOR,F&O OI,29740,29623,,,,,,,,,29737,29755,29764,29773
CONCOR,CALL VOL,3965,5091,,,,,,,,,95,212,314,409
CONCOR,CALL OI,3441,3789,,,,,,,,,3465,3493,3504,3505
CONCOR,PUT VOL,1874,1647,,,,,,,,,31,90,123,158
CONCOR,PUT OI,2695,2567,,,,,,,,,2696,2686,2684,2683
CROMPTON,PRICE,232.96,231.9,,,,234.0,232.47,231.5,231.93,230.98,231.0,231.0,231.0,231.0
CROMPTON,VWAP,,,,,,,,,,,231.8,231.39,231.38,231.25
CROMPTON,CASH VOL,3989754,3241817,855168,50.36,39.39,,,,,,72941,129171,159846,215420
CROMPTON,F&O VOL,6667,10650,,,,,,,,,96,316,572,866
CROMPTON,F&O OI,52673,52518,,,,,,,,,52679,52699,52669,52636
CROMPTON,CALL VOL,3116,5771,,,,,,,,,63,192,340,545
CROMPTON,CALL OI,7046,7079,,,,,,,,,7052,7078,7071,7073
CROMPTON,PUT VOL,1129,2118,,,,,,,,,6,48,83,223
CROMPTON,PUT OI,5782,5920,,,,,,,,,5782,5779,5763,5730
CUMMINSIND,PRICE,5170.5,5040.0,,,,5170.5,5147.42,5101.25,5090.0,5053.33,5120.0,5148.0,5148.0,5148.0
CUMMINSIND,VWAP,,,,,,,,,,,5129.34,5130.18,5138.19,5139.79
CUMMINSIND,CASH VOL,373017,457631,55925,48.19,67.49,,,,,,9863,24687,39781,45491
CUMMINSIND,F&O VOL,27734,8255,,,,,,,,,685,1898,2462,2780
CUMMINSIND,F&O OI,43480,44241,,,,,,,,,43471,43544,43542,43516
CUMMINSIND,CALL VOL,16360,4179,,,,,,,,,397,973,1255,1348
CUMMINSIND,CALL OI,5446,5948,,,,,,,,,5423,5682,5707,5472
CUMMINSIND,PUT VOL,6904,2055,,,,,,,,,214,729,856,1080
CUMMINSIND,PUT OI,5738,5713,,,,,,,,,5744,5572,5580,5773
DABUR,PRICE,371.55,375.0,,,,370.45,371.49,371.38,382.38,381.39,370.0,370.0,370.0,371.0
DABUR,VWAP,,,,,,,,,,,370.32,370.12,370.76,371.21
DABUR,CASH VOL,2451979,2107745,469855,58.52,62.48,,,,,,56869,124021,225061,388560
DABUR,F&O VOL,15490,12112,,,,,,,,,227,773,1563,2103
DABUR,F&O OI,52962,51118,,,,,,,,,52989,53042,52902,52925
DABUR,CALL VOL,6322,4320,,,,,,,,,65,378,752,917
DABUR,CALL OI,5280,4125,,,,,,,,,5302,5312,5227,5251
DABUR,PUT VOL,3220,2480,,,,,,,,,54,176,332,559
DABUR,PUT OI,5609,5610,,,,,,,,,5604,5634,5627,5610
DALBHARAT,PRICE,1733.6,1700.5,,,,1730.0,1727.4,1715.0,1818.9,1772.5,,,,
DALBHARAT,VWAP,,,,,,,,,,,1720.3,1718.45,1718.4,1719.26
DALBHARAT,CASH VOL,41241,143709,14872,39.0,51.12,,,,,,3653,6019,7466,8969
DALBHARAT,F&O VOL,,,,,,,,,,,,,,
DALBHARAT,F&O OI,,,,,,,,,,,,,,
DALBHARAT,CALL VOL,,,,,,,,,,,,,,
DALBHARAT,CALL OI,,,,,,,,,,,,,,
DALBHARAT,PUT VOL,,,,,,,,,,,,,,
DALBHARAT,PUT OI,,,,,,,,,,,,,,
DELHIVERY,PRICE,451.2,454.9,,,,449.0,451.13,451.0,460.73,458.84,445.0,447.0,447.0,447.0
DELHIVERY,VWAP,,,,,,,,,,,447.33,446.06,446.22,446.38
DELHIVERY,CASH VOL,1267067,2214615,433757,52.96,61.96,,,,,,116248,249113,307762,381648
DELHIVERY,F&O VOL,3826,5863,,,,,,,,,372,1320,1620,1804
DELHIVERY,F&O OI,21251,21517,,,,,,,,,21269,21304,21352,21345
DELHIVERY,CALL VOL,1302,3089,,,,,,,,,203,603,713,856
DELHIVERY,CALL OI,2632,2576,,,,,,,,,2658,2681,2688,2688
DELHIVERY,PUT VOL,779,790,,,,,,,,,68,363,440,493
DELHIVERY,PUT OI,3022,3072,,,,,,,,,3004,3019,3035,3036
DIVISLAB,PRICE,9488.0,9575.0,,,,9600.5,9512.5,9496.17,9277.0,9159.0,9472.0,9472.0,9472.0,9465.0
DIVISLAB,VWAP,,,,,,,,,,,9489.73,9468.47,9466.62,9466.01
DIVISLAB,CASH VOL,385273,838906,105647,57.52,51.24,,,,,,63998,99067,113501,128939
DIVISLAB,F&O VOL,69292,149056,,,,,,,,,5096,11136,14027,15588
DIVISLAB,F&O OI,73068,75074,,,,,,,,,73719,74512,74799,74890
DIVISLAB,CALL VOL,33023,87386,,,,,,,,,3256,5534,7876,8722
DIVISLAB,CALL OI,15917,15260,,,,,,,,,16244,14874,16784,16790
DIVISLAB,PUT VOL,22030,35678,,,,,,,,,1153,3442,4051,4461
DIVISLAB,PUT OI,8538,11118,,,,,,,,,8729,10109,9036,9068
DIXON,PRICE,13845.0,14100.0,,,,13845.0,14022.0,13904.0,14460.0,14313.33,13767.0,13804.0,13804.0,13765.0
DIXON,VWAP,,,,,,,,,,,13787.97,13778.17,13782.08,13781.95
DIXON,CASH VOL,368566,129101,140925,48.48,37.61,,,,,,17724,37833,49794,61676
DIXON,F&O VOL,86113,43165,,,,,,,,,6043,16546,21684,24681
DIXON,F&O OI,137323,127815,,,,,,,,,137938,138368,138305,138614
DIXON,CALL VOL,39001,17118,,,,,,,,,2693,6505,8733,10105
DIXON,CALL OI,30522,25651,,,,,,,,,30992,31543,31729,31978
DIXON,PUT VOL,23800,11721,,,,,,,,,2005,6709,8220,9188
DIXON,PUT OI,19927,19681,,,,,,,,,19775,19659,19401,19391
DLF,PRICE,655.1,675.1,,,,653.6,663.4,657.87,678.33,671.17,656.0,657.0,657.0,655.0
DLF,VWAP,,,,,,,,,,,658.18,657.9,657.99,657.71
DLF,CASH VOL,17000327,2425538,1977672,68.81,54.27,,,,,,109019,187623,277112,353038
DLF,F&O VOL,47692,24485,,,,,,,,,1524,3107,4578,5693
DLF,F&O OI,69140,66759,,,,,,,,,69057,69145,69284,69380
DLF,CALL VOL,20410,9718,,,,,,,,,869,1749,2434,3041
DLF,CALL OI,7670,6609,,,,,,,,,7655,7801,7923,7995
DLF,PUT VOL,14779,8597,,,,,,,,,422,940,1456,1845
DLF,PUT OI,5173,5204,,,,,,,,,5077,5021,5001,4979
DMART,PRICE,3735.0,3720.2,,,,3725.1,3732.5,3727.5,3822.95,3787.65,3713.0,3708.0,3708.0,3702.0
DMART,VWAP,,,,,,,,,,,3714.92,3711.79,3709.94,3707.98
DMART,CASH VOL,183727,500898,50667,53.63,80.82,,,,,,6840,14311,19419,28121
DMART,F&O VOL,10071,16457,,,,,,,,,255,937,1492,1939
DMART,F&O OI,57937,57759,,,,,,,,,57972,58142,58274,58364
DMART,CALL VOL,4211,6921,,,,,,,,,167,527,812,1031
DMART,CALL OI,7002,6881,,,,,,,,,7029,7153,7224,7282
DMART,PUT VOL,1777,3220,,,,,,,,,15,141,263,344
DMART,PUT OI,6526,6533,,,,,,,,,6528,6533,6554,6562
DRREDDY,PRICE,1145.0,1151.0,,,,1140.0,1144.57,1143.7,1165.45,1155.82,1138.0,1138.0,1138.0,1137.0
DRREDDY,VWAP,,,,,,,,,,,1140.69,1139.61,1139.95,1139.86
DRREDDY,CASH VOL,528499,587270,209557,60.54,55.92,,,,,,46550,84449,130161,150215
DRREDDY,F&O VOL,15672,8656,,,,,,,,,1262,2285,3413,3823
DRREDDY,F&O OI,54218,52757,,,,,,,,,54354,54606,54573,54604
DRREDDY,CALL VOL,5607,2681,,,,,,,,,682,1231,1843,2102
DRREDDY,CALL OI,3780,3047,,,,,,,,,3905,4101,4085,4117
DRREDDY,PUT VOL,2673,1620,,,,,,,,,192,386,599,653
DRREDDY,PUT OI,4347,4540,,,,,,,,,4371,4391,4398,4406
EICHERMOT,PRICE,7734.5,7747.5,,,,7713.0,7731.17,7724.5,7779.75,7680.25,7700.0,7687.0,7687.0,7648.0
EICHERMOT,VWAP,,,,,,,,,,,7709.33,7697.12,7681.55,7678.01
EICHERMOT,CASH VOL,318638,461637,102081,58.0,68.48,,,,,,10695,22212,34452,39725
EICHERMOT,F&O VOL,28356,30245,,,,,,,,,851,3362,8119,10028
EICHERMOT,F&O OI,67390,68541,,,,,,,,,67533,67935,68063,68399
EICHERMOT,CALL VOL,14694,14659,,,,,,,,,541,1639,3394,4230
EICHERMOT,CALL OI,10830,11478,,,,,,,,,10940,11260,11466,11631
EICHERMOT,PUT VOL,8982,8905,,,,,,,,,238,1377,3550,4423
EICHERMOT,PUT OI,12120,12099,,,,,,,,,12152,12171,11985,12060
ETERNAL,PRICE,320.6,321.6,,,,322.7,320.49,320.27,324.38,323.29,320.0,319.0,319.0,319.0
ETERNAL,VWAP,,,,,,,,,,,320.55,319.53,319.49,319.5
ETERNAL,CASH VOL,22599551,10662039,6958653,70.88,54.22,,,,,,824040,1801280,2143372,2535938
ETERNAL,F&O VOL,40182,30988,,,,,,,,,1438,4559,6303,7486
ETERNAL,F&O OI,104249,103377,,,,,,,,,104557,104601,104637,104668
ETERNAL,CALL VOL,16969,13366,,,,,,,,,668,2044,2708,3369
ETERNAL,CALL OI,20185,19372,,,,,,,,,20261,20282,20326,20275
ETERNAL,PUT VOL,11050,10085,,,,,,,,,418,1513,2044,2643
ETERNAL,PUT OI,9506,9105,,,,,,,,,9584,9589,9637,9698
FEDERALBNK,PRICE,345.0,344.15,,,,343.85,344.42,343.25,349.25,345.08,345.0,345.0,345.0,344.0
FEDERALBNK,VWAP,,,,,,,,,,,345.18,345.53,345.5,345.22
FEDERALBNK,CASH VOL,3903520,3571930,1584701,67.66,61.55,,,,,,80006,300759,387607,502588
FEDERALBNK,F&O VOL,12004,14436,,,,,,,,,231,1680,2713,3280
FEDERALBNK,F&O OI,52545,52174,,,,,,,,,52562,52665,52701,52792
FEDERALBNK,CALL VOL,4393,6729,,,,,,,,,123,1095,1641,1903
FEDERALBNK,CALL OI,9198,9388,,,,,,,,,9214,9267,9263,9334
FEDERALBNK,PUT VOL,3297,4501,,,,,,,,,45,346,630,825
FEDERALBNK,PUT OI,5872,5858,,,,,,,,,5870,5913,5905,5918
FORCEMOT,PRICE,17355.0,17625.0,,,,17419.0,17492.5,17400.83,17609.5,17536.5,17545.0,17544.0,17544.0,17995.0
FORCEMOT,VWAP,,,,,,,,,,,17543.22,17547.13,17625.82,17788.57
FORCEMOT,CASH VOL,36797,47183,12388,37.32,45.76,,,,,,7249,13232,25910,51725
FORCEMOT,F&O VOL,9015,10874,,,,,,,,,878,2775,8249,24496
FORCEMOT,F&O OI,19429,18244,,,,,,,,,19545,19789,19691,21100
FORCEMOT,CALL VOL,4431,8642,,,,,,,,,671,1951,6347,19303
FORCEMOT,CALL OI,5511,4905,,,,,,,,,5481,5626,5754,6752
FORCEMOT,PUT VOL,2809,920,,,,,,,,,70,606,1387,3587
FORCEMOT,PUT OI,2376,2155,,,,,,,,,2464,2548,2503,2944
FORTIS,PRICE,915.0,908.0,,,,914.65,913.68,911.02,911.0,907.0,910.0,908.0,908.0,912.0
FORTIS,VWAP,,,,,,,,,,,910.22,908.6,910.51,910.74
FORTIS,CASH VOL,670656,768379,160206,40.84,62.19,,,,,,41494,90981,163774,186716
FORTIS,F&O VOL,6239,2149,,,,,,,,,109,361,719,817
FORTIS,F&O OI,20481,19994,,,,,,,,,20491,20475,20485,20481
FORTIS,CALL VOL,2344,946,,,,,,,,,65,206,374,432
FORTIS,CALL OI,1805,1650,,,,,,,,,1809,1793,1789,1783
FORTIS,PUT VOL,782,395,,,,,,,,,15,76,161,175
FORTIS,PUT OI,1533,1486,,,,,,,,,1533,1521,1517,1515
GAIL,PRICE,174.9,175.09,,,,174.0,174.8,174.6,173.92,173.57,176.0,175.0,175.0,175.0
GAIL,VWAP,,,,,,,,,,,175.57,175.7,175.47,175.43
GAIL,CASH VOL,4342968,4347861,1375874,57.32,68.74,,,,,,306663,533679,822867,901017
GAIL,F&O VOL,7056,6927,,,,,,,,,860,1516,2078,2333
GAIL,F&O OI,34551,34110,,,,,,,,,34557,34584,34560,34576
GAIL,CALL VOL,3663,3538,,,,,,,,,511,999,1326,1563
GAIL,CALL OI,5611,5519,,,,,,,,,5586,5644,5643,5649
GAIL,PUT VOL,1958,1805,,,,,,,,,172,288,430,460
GAIL,PUT OI,3249,2953,,,,,,,,,3263,3258,3240,3250
GLENMARK,PRICE,2435.0,2474.5,,,,2445.9,2443.5,2437.83,2476.2,2450.2,2429.0,2430.0,2430.0,2433.0
GLENMARK,VWAP,,,,,,,,,,,2433.38,2432.46,2429.51,2429.73
GLENMARK,CASH VOL,424753,447432,88436,37.45,49.11,,,,,,15466,26831,43110,53848
GLENMARK,F&O VOL,12002,10615,,,,,,,,,208,458,1156,1502
GLENMARK,F&O OI,39033,38084,,,,,,,,,39057,39119,39085,39120
GLENMARK,CALL VOL,3613,4481,,,,,,,,,89,225,417,499
GLENMARK,CALL OI,3059,2821,,,,,,,,,3481,3505,3535,3130
GLENMARK,PUT VOL,2000,1098,,,,,,,,,22,86,259,341
GLENMARK,PUT OI,1779,1515,,,,,,,,,1747,1769,1754,1785
GMRAIRPORT,PRICE,98.65,97.0,,,,98.61,98.26,97.5,96.73,95.3,98.0,97.0,97.0,97.0
GMRAIRPORT,VWAP,,,,,,,,,,,98.23,97.87,97.84,97.82
GMRAIRPORT,CASH VOL,11994804,8949771,3304409,52.65,68.02,,,,,,401489,872662,1086383,1265937
GMRAIRPORT,F&O VOL,12126,6651,,,,,,,,,188,647,905,1121
GMRAIRPORT,F&O OI,37598,37988,,,,,,,,,37612,37710,37745,37764
GMRAIRPORT,CALL VOL,5286,3191,,,,,,,,,71,354,471,598
GMRAIRPORT,CALL OI,4392,4644,,,,,,,,,4724,4798,4822,4516
GMRAIRPORT,PUT VOL,2463,1361,,,,,,,,,19,86,158,207
GMRAIRPORT,PUT OI,5813,5828,,,,,,,,,5725,5727,5731,5823
GODFRYPHLP,PRICE,1978.5,2010.0,,,,1976.2,1991.0,1982.67,2083.5,2061.83,1993.0,1991.0,1991.0,1990.0
GODFRYPHLP,VWAP,,,,,,,,,,,1988.35,1988.97,1991.66,1992.25
GODFRYPHLP,CASH VOL,184308,129795,43121,43.03,36.67,,,,,,12032,22368,34144,39792
GODFRYPHLP,F&O VOL,2171,1586,,,,,,,,,156,325,584,722
GODFRYPHLP,F&O OI,9768,9403,,,,,,,,,9813,9874,9935,9941
GODFRYPHLP,CALL VOL,1064,648,,,,,,,,,86,177,339,470
GODFRYPHLP,CALL OI,1941,1741,,,,,,,,,1992,2036,2076,2085
GODFRYPHLP,PUT VOL,606,399,,,,,,,,,48,114,140,160
GODFRYPHLP,PUT OI,1239,1164,,,,,,,,,1229,1250,1250,1256
GODREJCP,PRICE,863.8,865.0,,,,863.8,863.21,862.03,886.42,880.81,863.0,861.0,861.0,860.0
GODREJCP,VWAP,,,,,,,,,,,863.41,861.89,861.54,861.46
GODREJCP,CASH VOL,1440335,1437045,634952,63.79,61.91,,,,,,24439,47892,76738,91359
GODREJCP,F&O VOL,11826,13315,,,,,,,,,154,419,703,927
GODREJCP,F&O OI,54801,55804,,,,,,,,,54811,54805,54859,54878
GODREJCP,CALL VOL,4655,5393,,,,,,,,,37,134,269,391
GODREJCP,CALL OI,5993,5917,,,,,,,,,5993,6007,6042,6059
GODREJCP,PUT VOL,2661,3517,,,,,,,,,29,80,149,204
GODREJCP,PUT OI,6221,6367,,,,,,,,,6224,6226,6243,6238
GODREJPROP,PRICE,1857.1,1906.6,,,,1850.0,1881.6,1865.27,1982.8,1982.27,1846.0,1852.0,1852.0,1843.0
GODREJPROP,VWAP,,,,,,,,,,,1852.62,1852.34,1851.13,1849.95
GODREJPROP,CASH VOL,538632,507608,226361,45.45,33.82,,,,,,37943,84783,121025,158640
GODREJPROP,F&O VOL,10988,13098,,,,,,,,,618,1588,2862,3572
GODREJPROP,F&O OI,44094,42781,,,,,,,,,44256,44434,44706,44796
GODREJPROP,CALL VOL,2250,2127,,,,,,,,,147,361,682,837
GODREJPROP,CALL OI,1596,1181,,,,,,,,,1892,1675,2005,1783
GODREJPROP,PUT VOL,2249,4646,,,,,,,,,173,457,742,1096
GODREJPROP,PUT OI,3303,3280,,,,,,,,,3519,3382,3604,3420
GRASIM,PRICE,3300.0,3306.8,,,,3290.0,3299.83,3299.5,3315.75,3303.25,3288.0,3285.0,3285.0,3293.0
GRASIM,VWAP,,,,,,,,,,,3292.31,3289.27,3289.56,3292.95
GRASIM,CASH VOL,850901,875447,347729,62.59,61.97,,,,,,9882,23026,29742,126936
GRASIM,F&O VOL,10810,10430,,,,,,,,,544,1073,1455,2019
GRASIM,F&O OI,44654,44773,,,,,,,,,44722,44736,44702,44809
GRASIM,CALL VOL,3684,4109,,,,,,,,,273,460,601,997
GRASIM,CALL OI,5006,5025,,,,,,,,,5045,4385,4398,5232
GRASIM,PUT VOL,2283,2383,,,,,,,,,97,214,280,427
GRASIM,PUT OI,2602,2544,,,,,,,,,2608,2368,2366,2582
GVT&D,PRICE,4673.0,4750.0,,,,4645.0,4731.9,4692.63,4314.2,4308.93,4626.0,4601.0,4601.0,4569.0
GVT&D,VWAP,,,,,,,,,,,4635.89,4614.39,4613.76,4599.38
GVT&D,CASH VOL,1094528,4274212,185807,33.99,24.3,,,,,,30706,88021,122996,183055
GVT&D,F&O VOL,73725,190045,,,,,,,,,1666,5943,8720,14090
GVT&D,F&O OI,50088,50595,,,,,,,,,50245,50405,50673,51040
GVT&D,CALL VOL,32486,99403,,,,,,,,,717,2472,3587,5560
GVT&D,CALL OI,11819,10940,,,,,,,,,12046,12155,12195,12409
GVT&D,PUT VOL,27747,53029,,,,,,,,,431,2365,3378,5889
GVT&D,PUT OI,8774,9339,,,,,,,,,8766,8702,8801,8770
HAL,PRICE,5000.5,5031.1,,,,5015.0,5048.95,5016.65,4844.5,4821.5,5042.0,4966.0,4966.0,4955.0
HAL,VWAP,,,,,,,,,,,5029.0,5002.35,4991.07,4983.12
HAL,CASH VOL,1669937,2553021,204689,51.27,41.15,,,,,,48798,164114,211556,267405
HAL,F&O VOL,110135,240584,,,,,,,,,4034,20182,29891,33625
HAL,F&O OI,77271,78522,,,,,,,,,77381,78863,79574,79674
HAL,CALL VOL,49472,131525,,,,,,,,,2189,9252,12548,14290
HAL,CALL OI,15633,14736,,,,,,,,,16683,16547,16973,17090
HAL,PUT VOL,32751,58520,,,,,,,,,751,6368,9893,11314
HAL,PUT OI,12252,13525,,,,,,,,,9969,11890,11726,11671
HAVELLS,PRICE,1120.4,1140.0,,,,1121.0,1131.2,1124.0,1196.9,1168.3,1121.0,1120.0,1120.0,1122.0
HAVELLS,VWAP,,,,,,,,,,,1122.08,1121.37,1121.35,1119.62
HAVELLS,CASH VOL,608049,1045920,165125,59.09,72.93,,,,,,37579,73624,95502,348487
HAVELLS,F&O VOL,10648,11947,,,,,,,,,650,1244,1741,2668
HAVELLS,F&O OI,37718,36756,,,,,,,,,37800,37870,37903,38007
HAVELLS,CALL VOL,4840,5424,,,,,,,,,406,715,933,1353
HAVELLS,CALL OI,5196,4839,,,,,,,,,5243,5294,5288,5312
HAVELLS,PUT VOL,2636,2474,,,,,,,,,141,315,429,687
HAVELLS,PUT OI,4048,3860,,,,,,,,,4071,4089,4102,4160
HCLTECH,PRICE,1229.8,1277.0,,,,1224.8,1243.75,1234.45,1329.6,1305.47,1222.0,1229.0,1229.0,1215.0
HCLTECH,VWAP,,,,,,,,,,,1225.11,1225.89,1228.06,1224.79
HCLTECH,CASH VOL,2099173,2241262,549328,40.78,54.6,,,,,,133775,315516,494491,727303
HCLTECH,F&O VOL,61052,29459,,,,,,,,,3473,8890,14279,19173
HCLTECH,F&O OI,101491,94880,,,,,,,,,102006,102847,103255,104114
HCLTECH,CALL VOL,8276,11695,,,,,,,,,1078,3125,5071,6001
HCLTECH,CALL OI,2551,6589,,,,,,,,,3062,3978,4137,3316
HCLTECH,PUT VOL,16785,7738,,,,,,,,,1064,2628,3587,5643
HCLTECH,PUT OI,6595,6339,,,,,,,,,5450,6050,6058,7138
HDFCAMC,PRICE,2440.0,2447.3,,,,2430.0,2436.22,2428.65,2539.05,2485.22,2412.0,2425.0,2425.0,2420.0
HDFCAMC,VWAP,,,,,,,,,,,2414.21,2417.42,2419.12,2419.79
HDFCAMC,CASH VOL,455316,550618,127745,44.69,67.11,,,,,,28663,42422,52007,64114
HDFCAMC,F&O VOL,9565,5900,,,,,,,,,360,811,1277,1706
HDFCAMC,F&O OI,36466,35639,,,,,,,,,36542,36603,36597,36657
HDFCAMC,CALL VOL,4466,2970,,,,,,,,,140,342,611,804
HDFCAMC,CALL OI,4115,3959,,,,,,,,,4143,4170,5264,4197
HDFCAMC,PUT VOL,1691,1368,,,,,,,,,83,259,382,495
HDFCAMC,PUT OI,4502,4528,,,,,,,,,4510,4546,4719,4524
HDFCBANK,PRICE,687.1,703.0,,,,687.1,693.55,689.25,719.12,714.44,688.0,689.0,689.0,686.0
HDFCBANK,VWAP,,,,,,,,,,,689.11,689.06,689.05,688.67
HDFCBANK,CASH VOL,39173990,19883515,11355379,66.79,66.71,,,,,,1785764,3503485,4544146,6221942
HDFCBANK,F&O VOL,596885,228584,,,,,,,,,26503,59174,79216,104241
HDFCBANK,F&O OI,1068596,1017169,,,,,,,,,1070732,1073950,1076759,1079618
HDFCBANK,CALL VOL,265596,88707,,,,,,,,,12119,25196,32886,42287
HDFCBANK,CALL OI,149306,123708,,,,,,,,,151119,152843,153843,155284
HDFCBANK,PUT VOL,151315,57993,,,,,,,,,7516,18106,23865,31336
HDFCBANK,PUT OI,97934,93536,,,,,,,,,97710,98338,98791,98936
HDFCLIFE,PRICE,514.0,533.8,,,,515.15,521.77,516.59,544.02,539.27,513.0,514.0,514.0,510.0
HDFCLIFE,VWAP,,,,,,,,,,,513.89,514.02,514.11,513.22
HDFCLIFE,CASH VOL,9024185,3149035,1831767,46.48,44.61,,,,,,89236,220662,271883,561549
HDFCLIFE,F&O VOL,114080,43069,,,,,,,,,1062,2877,4231,6646
HDFCLIFE,F&O OI,93421,82928,,,,,,,,,93546,93554,93542,93782
HDFCLIFE,CALL VOL,28602,23535,,,,,,,,,533,1200,1662,2134
HDFCLIFE,CALL OI,7526,9681,,,,,,,,,9987,10016,10015,7723
HDFCLIFE,PUT VOL,27543,8035,,,,,,,,,253,766,1118,1613
HDFCLIFE,PUT OI,9503,9594,,,,,,,,,9997,10035,10045,9592
HEROMOTOCO,PRICE,5218.0,5333.5,,,,5235.0,5251.25,5229.08,5413.0,5337.67,5231.0,5227.0,5227.0,5190.0
HEROMOTOCO,VWAP,,,,,,,,,,,5235.93,5229.88,5211.78,5202.38
HEROMOTOCO,CASH VOL,532099,393029,115277,49.38,65.32,,,,,,9412,18003,38649,66481
HEROMOTOCO,F&O VOL,42741,26180,,,,,,,,,997,2353,7828,10020
HEROMOTOCO,F&O OI,59206,58360,,,,,,,,,59369,59446,59977,60232
HEROMOTOCO,CALL VOL,18564,12516,,,,,,,,,562,1264,3409,4698
HEROMOTOCO,CALL OI,13323,12669,,,,,,,,,13467,13569,13833,14094
HEROMOTOCO,PUT VOL,15951,7571,,,,,,,,,303,783,2920,3963
HEROMOTOCO,PUT OI,9318,8994,,,,,,,,,9317,9260,9231,9203
HINDALCO,PRICE,1026.9,1009.0,,,,1027.5,1025.12,1021.55,1016.05,1012.68,1023.0,1023.0,1023.0,1021.0
HINDALCO,VWAP,,,,,,,,,,,1024.5,1024.0,1023.87,1023.48
HINDALCO,CASH VOL,3255790,3094146,775490,52.31,51.91,,,,,,117564,184401,221507,266841
HINDALCO,F&O VOL,50619,41546,,,,,,,,,1471,2780,3767,4672
HINDALCO,F&O OI,101605,103628,,,,,,,,,101840,101884,101898,101996
HINDALCO,CALL VOL,30318,25327,,,,,,,,,868,1551,2085,2644
HINDALCO,CALL OI,14705,15865,,,,,,,,,14869,14960,15033,15088
HINDALCO,PUT VOL,14240,11761,,,,,,,,,410,960,1300,1611
HINDALCO,PUT OI,12670,12871,,,,,,,,,12679,12647,12589,12610
HINDPETRO,PRICE,348.9,347.0,,,,347.0,348.34,347.23,360.57,357.86,351.0,353.0,353.0,352.0
HINDPETRO,VWAP,,,,,,,,,,,350.6,351.69,351.86,351.91
HINDPETRO,CASH VOL,5786455,3433819,2255259,60.22,48.57,,,,,,308434,583143,785670,906274
HINDPETRO,F&O VOL,15273,13674,,,,,,,,,796,2005,2601,2871
HINDPETRO,F&O OI,33269,33653,,,,,,,,,33164,33171,33132,33153
HINDPETRO,CALL VOL,6915,6142,,,,,,,,,395,1085,1320,1425
HINDPETRO,CALL OI,4577,4681,,,,,,,,,4458,4457,4434,4419
HINDPETRO,PUT VOL,3840,3905,,,,,,,,,215,535,748,877
HINDPETRO,PUT OI,4186,4027,,,,,,,,,4201,4228,4199,4228
HINDUNILVR,PRICE,1945.0,1980.0,,,,1940.0,1957.8,1949.27,1979.5,1975.43,1945.0,1946.0,1946.0,1943.0
HINDUNILVR,VWAP,,,,,,,,,,,1945.05,1945.27,1945.86,1945.26
HINDUNILVR,CASH VOL,1455307,1256067,488751,58.68,60.21,,,,,,31783,63415,94268,122673
HINDUNILVR,F&O VOL,53321,40266,,,,,,,,,2349,4161,5152,6025
HINDUNILVR,F&O OI,119405,116743,,,,,,,,,119327,119327,119272,119234
HINDUNILVR,CALL VOL,25351,19312,,,,,,,,,1306,2156,2658,3206
HINDUNILVR,CALL OI,20098,16594,,,,,,,,,20006,19941,19942,19965
HINDUNILVR,PUT VOL,14053,9053,,,,,,,,,646,1214,1422,1709
HINDUNILVR,PUT OI,15193,15179,,,,,,,,,15228,15314,15327,15302
HINDZINC,PRICE,605.4,595.5,,,,608.5,603.91,600.92,599.04,595.12,605.0,607.0,607.0,608.0
HINDZINC,VWAP,,,,,,,,,,,606.71,606.94,608.4,608.52
HINDZINC,CASH VOL,6313228,6893194,1113431,49.21,38.03,,,,,,214754,432570,767702,939982
HINDZINC,F&O VOL,43354,59390,,,,,,,,,2694,4417,9234,11336
HINDZINC,F&O OI,58336,59620,,,,,,,,,58696,58783,58663,58639
HINDZINC,CALL VOL,23258,37708,,,,,,,,,1817,3052,6273,7581
HINDZINC,CALL OI,16178,17875,,,,,,,,,16536,16683,16531,16560
HINDZINC,PUT VOL,10452,13645,,,,,,,,,487,938,1661,2066
HINDZINC,PUT OI,8827,9356,,,,,,,,,8821,8813,8917,8893
HYUNDAI,PRICE,2182.4,2220.0,,,,2188.0,2186.1,2183.63,2199.3,2187.9,2178.0,2176.0,2176.0,2210.0
HYUNDAI,VWAP,,,,,,,,,,,2181.48,2178.62,2187.83,2195.89
HYUNDAI,CASH VOL,587339,485596,244946,58.28,66.21,,,,,,24068,53367,123925,198314
HYUNDAI,F&O VOL,10317,4854,,,,,,,,,186,522,1186,2728
HYUNDAI,F&O OI,25131,23824,,,,,,,,,25170,25260,25348,25557
HYUNDAI,CALL VOL,2997,2028,,,,,,,,,49,133,425,1480
HYUNDAI,CALL OI,3718,3616,,,,,,,,,2590,2586,3873,3850
HYUNDAI,PUT VOL,1392,465,,,,,,,,,42,89,187,267
HYUNDAI,PUT OI,2563,2450,,,,,,,,,3596,3598,3741,2655
ICICIBANK,PRICE,1389.1,1399.4,,,,1385.9,1394.0,1390.73,1436.5,1427.63,1390.0,1385.0,1385.0,1386.0
ICICIBANK,VWAP,,,,,,,,,,,1390.0,1386.66,1386.5,1386.53
ICICIBANK,CASH VOL,14229080,12123411,3278611,70.76,66.47,,,,,,232961,523555,662659,790804
ICICIBANK,F&O VOL,132318,155637,,,,,,,,,7107,15194,20770,24710
ICICIBANK,F&O OI,233081,223510,,,,,,,,,233671,234630,235066,235171
ICICIBANK,CALL VOL,48396,51296,,,,,,,,,2934,6266,8141,9835
ICICIBANK,CALL OI,21263,18912,,,,,,,,,21516,22366,22707,22873
ICICIBANK,PUT VOL,46145,51923,,,,,,,,,2592,5694,7661,8963
ICICIBANK,PUT OI,21062,20209,,,,,,,,,21109,21155,21165,21122
ICICIGI,PRICE,1474.0,1484.4,,,,1473.7,1473.65,1472.95,1540.4,1520.13,1468.0,1469.0,1469.0,1470.0
ICICIGI,VWAP,,,,,,,,,,,1470.66,1467.78,1468.57,1469.08
ICICIGI,CASH VOL,974837,458407,497502,66.84,56.93,,,,,,8140,34757,41723,52333
ICICIGI,F&O VOL,8118,7281,,,,,,,,,149,373,670,890
ICICIGI,F&O OI,33064,32189,,,,,,,,,33059,33036,32978,32972
ICICIGI,CALL VOL,2815,2547,,,,,,,,,58,174,286,352
ICICIGI,CALL OI,2313,1950,,,,,,,,,2315,2304,2645,2281
ICICIGI,PUT VOL,2239,1754,,,,,,,,,47,114,142,254
ICICIGI,PUT OI,3040,2551,,,,,,,,,3029,3020,3094,3002
ICICIPRULI,PRICE,462.5,469.3,,,,462.05,462.48,462.45,502.27,497.12,463.0,464.0,464.0,461.0
ICICIPRULI,VWAP,,,,,,,,,,,462.16,463.05,463.15,461.84
ICICIPRULI,CASH VOL,942661,1191834,255291,43.7,42.95,,,,,,51403,99285,122101,214437
ICICIPRULI,F&O VOL,13224,16602,,,,,,,,,513,1192,1578,2623
ICICIPRULI,F&O OI,32114,31200,,,,,,,,,32205,32166,32225,32184
ICICIPRULI,CALL VOL,3604,4420,,,,,,,,,207,647,880,1209
ICICIPRULI,CALL OI,1841,1515,,,,,,,,,2397,2374,2402,1943
ICICIPRULI,PUT VOL,2906,4137,,,,,,,,,148,266,314,649
ICICIPRULI,PUT OI,2378,2281,,,,,,,,,2702,2720,2719,2272
IDEA,PRICE,15.52,15.42,,,,15.7,15.51,15.49,14.86,14.54,15.0,15.0,15.0,15.0
IDEA,VWAP,,,,,,,,,,,15.59,15.53,15.5,15.5
IDEA,CASH VOL,539161681,355940344,120246244,30.78,29.59,,,,,,136271205,237700553,292398422,316946863
IDEA,F&O VOL,52480,34624,,,,,,,,,7242,15530,19798,21641
IDEA,F&O OI,125586,122403,,,,,,,,,126719,127695,127700,128018
IDEA,CALL VOL,30230,18111,,,,,,,,,3747,9512,11337,12391
IDEA,CALL OI,22860,22467,,,,,,,,,23301,24292,24383,24729
IDEA,PUT VOL,8533,7305,,,,,,,,,1347,2490,3068,3539
IDEA,PUT OI,11931,11958,,,,,,,,,12035,12244,12189,12143
IDFCFIRSTB,PRICE,86.0,86.5,,,,86.0,86.43,86.14,86.24,85.3,86.0,86.0,86.0,87.0
IDFCFIRSTB,VWAP,,,,,,,,,,,86.27,86.61,86.98,86.99
IDFCFIRSTB,CASH VOL,20235616,11728338,4932309,61.8,57.55,,,,,,679927,2132593,5230629,6303412
IDFCFIRSTB,F&O VOL,12268,11383,,,,,,,,,588,2368,7360,8659
IDFCFIRSTB,F&O OI,66112,66123,,,,,,,,,66223,66411,67458,67502
IDFCFIRSTB,CALL VOL,5286,5654,,,,,,,,,225,1020,3725,4612
IDFCFIRSTB,CALL OI,11095,11154,,,,,,,,,11142,11102,11719,11701
IDFCFIRSTB,PUT VOL,2843,2751,,,,,,,,,108,638,2132,2445
IDFCFIRSTB,PUT OI,6791,6828,,,,,,,,,6800,6929,7174,7207
IEX,PRICE,117.95,116.54,,,,117.95,117.75,117.35,119.76,119.19,118.0,118.0,118.0,117.0
IEX,VWAP,,,,,,,,,,,118.15,118.09,118.05,117.61
IEX,CASH VOL,3287242,4316644,1072370,43.58,47.2,,,,,,117491,253013,357158,659410
IEX,F&O VOL,5797,4496,,,,,,,,,165,468,637,1343
IEX,F&O OI,29970,29979,,,,,,,,,29998,30010,30038,30179
IEX,CALL VOL,3854,2518,,,,,,,,,121,262,340,909
IEX,CALL OI,6022,6129,,,,,,,,,6041,6054,6071,6174
IEX,PUT VOL,817,939,,,,,,,,,13,148,188,342
IEX,PUT OI,3537,3512,,,,,,,,,3537,3530,3535,3544
INDHOTEL,PRICE,722.75,720.0,,,,718.4,721.54,719.12,719.91,719.72,715.0,713.0,713.0,717.0
INDHOTEL,VWAP,,,,,,,,,,,716.46,714.58,715.11,716.3
INDHOTEL,CASH VOL,853702,996891,500030,66.22,63.6,,,,,,45791,129401,195931,305212
INDHOTEL,F&O VOL,7306,5005,,,,,,,,,181,723,1089,1484
INDHOTEL,F&O OI,38439,38164,,,,,,,,,38466,38535,38559,38547
INDHOTEL,CALL VOL,2564,2528,,,,,,,,,106,398,564,793
INDHOTEL,CALL OI,4320,4232,,,,,,,,,4349,4145,4386,4402
INDHOTEL,PUT VOL,1023,1307,,,,,,,,,36,179,308,508
INDHOTEL,PUT OI,2914,3040,,,,,,,,,2911,2972,2947,2937
INDIANB,PRICE,856.65,859.9,,,,859.5,858.62,857.31,885.75,881.72,864.0,867.0,867.0,860.0
INDIANB,VWAP,,,,,,,,,,,863.31,866.34,865.98,865.2
INDIANB,CASH VOL,1463841,1120827,304651,54.66,55.34,,,,,,66100,166547,205687,243002
INDIANB,F&O VOL,7325,12211,,,,,,,,,564,2952,4149,4771
INDIANB,F&O OI,22522,21972,,,,,,,,,22551,22762,22837,22900
INDIANB,CALL VOL,3482,5074,,,,,,,,,374,1971,2556,2978
INDIANB,CALL OI,4943,4741,,,,,,,,,5690,5837,5109,5159
INDIANB,PUT VOL,1798,4142,,,,,,,,,59,529,718,860
INDIANB,PUT OI,4002,4009,,,,,,,,,3943,4027,4077,4086
INDIGO,PRICE,4975.0,5000.0,,,,4964.5,4979.5,4976.5,5071.25,5008.42,4946.0,4940.0,4940.0,4889.0
INDIGO,VWAP,,,,,,,,,,,4951.83,4946.19,4920.94,4908.36
INDIGO,CASH VOL,443075,435589,117315,58.1,59.86,,,,,,21802,40719,96495,148226
INDIGO,F&O VOL,34159,29748,,,,,,,,,2620,6966,18652,29758
INDIGO,F&O OI,80489,81101,,,,,,,,,80737,79687,80581,81970
INDIGO,CALL VOL,11556,12894,,,,,,,,,847,2145,6376,10533
INDIGO,CALL OI,17249,17368,,,,,,,,,17375,17544,17930,18702
INDIGO,PUT VOL,18578,12683,,,,,,,,,1487,2827,8553,14587
INDIGO,PUT OI,13247,13712,,,,,,,,,13430,13306,13405,13885
INDUSINDBK,PRICE,1004.0,997.7,,,,1001.9,1003.33,1002.0,1002.32,989.95,999.0,1000.0,1000.0,999.0
INDUSINDBK,VWAP,,,,,,,,,,,1000.49,1000.33,1000.39,1000.19
INDUSINDBK,CASH VOL,996411,1055105,274935,58.56,66.05,,,,,,28316,51096,60004,80458
INDUSINDBK,F&O VOL,12527,9954,,,,,,,,,281,823,1170,1569
INDUSINDBK,F&O OI,64520,63880,,,,,,,,,64562,64546,64539,64571
INDUSINDBK,CALL VOL,4932,3784,,,,,,,,,137,416,488,679
INDUSINDBK,CALL OI,4829,4767,,,,,,,,,4870,4861,4863,4860
INDUSINDBK,PUT VOL,3903,2691,,,,,,,,,72,273,484,569
INDUSINDBK,PUT OI,5370,5291,,,,,,,,,5355,5329,5332,5333
INDUSTOWER,PRICE,373.7,373.05,,,,376.2,373.5,373.1,380.38,377.99,373.0,371.0,371.0,371.0
INDUSTOWER,VWAP,,,,,,,,,,,373.74,373.11,372.84,372.61
INDUSTOWER,CASH VOL,1765333,2490099,460822,54.49,64.44,,,,,,269450,400851,460110,520790
INDUSTOWER,F&O VOL,9624,10840,,,,,,,,,683,1431,2049,2363
INDUSTOWER,F&O OI,77737,77668,,,,,,,,,77887,77921,78031,78121
INDUSTOWER,CALL VOL,2924,3040,,,,,,,,,334,620,881,849
INDUSTOWER,CALL OI,2997,3050,,,,,,,,,3650,3691,3703,3132
INDUSTOWER,PUT VOL,978,2175,,,,,,,,,22,195,342,405
INDUSTOWER,PUT OI,3787,3803,,,,,,,,,4013,3979,3991,3773
INFY,PRICE,1035.0,1082.0,,,,1039.6,1042.75,1037.58,1133.55,1131.18,1035.0,1041.0,1041.0,1038.0
INFY,VWAP,,,,,,,,,,,1035.35,1038.21,1039.85,1039.85
INFY,CASH VOL,13530457,6269037,3415573,59.45,57.86,,,,,,940076,1990098,2842508,3194999
INFY,F&O VOL,317642,112337,,,,,,,,,15810,39910,62034,70242
INFY,F&O OI,371173,322523,,,,,,,,,371733,370981,372144,372757
INFY,CALL VOL,127027,37953,,,,,,,,,7803,21748,33384,37771
INFY,CALL OI,52311,30768,,,,,,,,,52742,51822,52433,52623
INFY,PUT VOL,100684,37613,,,,,,,,,4969,11382,16450,18928
INFY,PUT OI,40032,31743,,,,,,,,,40056,40072,40123,40458
INOXWIND,PRICE,77.39,75.71,,,,77.39,77.11,76.56,73.68,72.25,77.0,76.0,76.0,76.0
INOXWIND,VWAP,,,,,,,,,,,77.66,77.39,77.36,77.28
INOXWIND,CASH VOL,18491767,9911582,5627838,43.8,43.69,,,,,,959347,2029905,2613894,3318990
INOXWIND,F&O VOL,1638,626,,,,,,,,,46,66,85,115
INOXWIND,F&O OI,28973,30125,,,,,,,,,28968,28965,28955,28940
INOXWIND,CALL VOL,464,133,,,,,,,,,12,20,25,37
INOXWIND,CALL OI,5776,6042,,,,,,,,,5774,5773,5771,5767
INOXWIND,PUT VOL,321,91,,,,,,,,,4,6,8,19
INOXWIND,PUT OI,3223,3441,,,,,,,,,3223,3223,3223,3218
IOC,PRICE,135.6,134.35,,,,134.31,135.27,134.6,137.31,136.72,135.0,136.0,136.0,135.0
IOC,VWAP,,,,,,,,,,,135.34,135.65,135.66,135.62
IOC,CASH VOL,5297849,6954986,1637441,46.37,49.47,,,,,,635754,1178709,1476018,1850650
IOC,F&O VOL,10625,11735,,,,,,,,,901,1910,2313,2654
IOC,F&O OI,45554,45118,,,,,,,,,45758,45875,45861,45909
IOC,CALL VOL,4123,5062,,,,,,,,,302,738,906,1019
IOC,CALL OI,5722,5878,,,,,,,,,5730,5790,5788,5791
IOC,PUT VOL,3912,3984,,,,,,,,,461,899,1027,1229
IOC,PUT OI,5245,4847,,,,,,,,,5402,5509,5513,5550
IREDA,PRICE,111.99,112.2,,,,111.99,112.16,112.05,114.44,113.91,112.0,112.0,112.0,112.0
IREDA,VWAP,,,,,,,,,,,112.76,112.73,112.84,112.81
IREDA,CASH VOL,2500536,3095995,687146,36.46,44.52,,,,,,336970,513695,780689,970980
IREDA,F&O VOL,4695,4829,,,,,,,,,297,810,1672,1894
IREDA,F&O OI,43385,43326,,,,,,,,,43320,43181,42952,42953
IREDA,CALL VOL,2435,2360,,,,,,,,,147,443,888,1017
IREDA,CALL OI,9539,9539,,,,,,,,,9503,9403,9259,9256
IREDA,PUT VOL,599,523,,,,,,,,,53,100,295,372
IREDA,PUT OI,4988,5107,,,,,,,,,4996,4984,4952,4959
IRFC,PRICE,81.39,82.0,,,,81.39,81.76,81.51,83.18,82.72,81.0,82.0,82.0,81.0
IRFC,VWAP,,,,,,,,,,,82.18,82.11,82.13,82.1
IRFC,CASH VOL,6686837,5883007,1775454,41.64,44.18,,,,,,1073861,1685648,2355757,2899703
IRFC,F&O VOL,7775,6242,,,,,,,,,1195,1692,2313,2649
IRFC,F&O OI,38274,37105,,,,,,,,,37895,37994,38031,38083
IRFC,CALL VOL,3275,2936,,,,,,,,,623,935,1313,1497
IRFC,CALL OI,4356,3673,,,,,,,,,4184,4241,4217,4269
IRFC,PUT VOL,1342,858,,,,,,,,,137,201,274,352
IRFC,PUT OI,4044,4000,,,,,,,,,4031,4040,4042,4063
ITC,PRICE,260.8,263.5,,,,261.0,262.35,261.32,263.48,262.25,262.0,263.0,263.0,262.0
ITC,VWAP,,,,,,,,,,,262.38,262.88,262.88,262.11
ITC,CASH VOL,10065188,7406617,2789291,59.27,53.92,,,,,,419858,826208,1055638,7670612
ITC,F&O VOL,59396,47148,,,,,,,,,2862,10853,13452,18146
ITC,F&O OI,201578,200923,,,,,,,,,201698,201919,202025,202038
ITC,CALL VOL,29697,20646,,,,,,,,,1470,5671,6917,9767
ITC,CALL OI,32245,31048,,,,,,,,,32266,32465,32531,32590
ITC,PUT VOL,16048,12374,,,,,,,,,649,3053,3768,5093
ITC,PUT OI,22714,22583,,,,,,,,,22833,23033,23066,23137
JINDALSTEL,PRICE,1146.5,1136.3,,,,1149.7,1145.77,1144.3,1164.6,1163.8,1141.0,1141.0,1141.0,1137.0
JINDALSTEL,VWAP,,,,,,,,,,,1145.54,1144.26,1143.17,1141.83
JINDALSTEL,CASH VOL,590734,443885,107409,37.47,40.99,,,,,,43958,72185,90989,133539
JINDALSTEL,F&O VOL,9734,5772,,,,,,,,,338,667,1253,1558
JINDALSTEL,F&O OI,38736,38964,,,,,,,,,38783,38831,38919,38967
JINDALSTEL,CALL VOL,5164,2963,,,,,,,,,253,468,747,910
JINDALSTEL,CALL OI,5423,5592,,,,,,,,,5460,5511,5563,5597
JINDALSTEL,PUT VOL,2111,1471,,,,,,,,,56,138,260,319
JINDALSTEL,PUT OI,6052,6035,,,,,,,,,6059,6062,6036,6043
JIOFIN,PRICE,231.0,233.15,,,,230.82,231.8,231.27,238.61,236.82,230.0,231.0,231.0,231.0
JIOFIN,VWAP,,,,,,,,,,,231.29,231.2,231.21,231.26
JIOFIN,CASH VOL,10774282,8934543,2436522,53.07,53.15,,,,,,723883,1446423,1906385,2256023
JIOFIN,F&O VOL,35148,32829,,,,,,,,,1605,4333,6218,7437
JIOFIN,F&O OI,178951,176685,,,,,,,,,179136,179416,179712,179796
JIOFIN,CALL VOL,12345,11209,,,,,,,,,580,1716,2649,2915
JIOFIN,CALL OI,15800,14619,,,,,,,,,15841,16102,19763,16211
JIOFIN,PUT VOL,6784,6973,,,,,,,,,237,848,1131,1412
JIOFIN,PUT OI,16040,15629,,,,,,,,,16068,16068,17891,16072
JSWENERGY,PRICE,534.8,526.5,,,,529.9,533.73,531.6,536.1,528.6,532.0,529.0,529.0,529.0
JSWENERGY,VWAP,,,,,,,,,,,532.18,530.73,530.26,529.75
JSWENERGY,CASH VOL,2167753,1912629,355740,34.09,56.41,,,,,,41194,99956,127296,186863
JSWENERGY,F&O VOL,22189,9044,,,,,,,,,453,1152,1546,1931
JSWENERGY,F&O OI,35678,36540,,,,,,,,,35693,35709,35747,35778
JSWENERGY,CALL VOL,14165,4946,,,,,,,,,254,672,894,1067
JSWENERGY,CALL OI,4834,4818,,,,,,,,,4839,4848,4890,4908
JSWENERGY,PUT VOL,4257,2294,,,,,,,,,91,270,352,451
JSWENERGY,PUT OI,2624,3041,,,,,,,,,2657,2639,2635,2652
JSWSTEEL,PRICE,1310.0,1297.3,,,,1301.0,1307.18,1301.55,1321.12,1313.35,1304.0,1307.0,1307.0,1305.0
JSWSTEEL,VWAP,,,,,,,,,,,1304.76,1305.74,1306.02,1306.44
JSWSTEEL,CASH VOL,1484708,1345313,400573,54.27,55.12,,,,,,40839,58027,72542,92832
JSWSTEEL,F&O VOL,18449,15890,,,,,,,,,417,851,1149,1708
JSWSTEEL,F&O OI,80719,80565,,,,,,,,,80798,80802,80851,80925
JSWSTEEL,CALL VOL,10143,9843,,,,,,,,,250,492,674,987
JSWSTEEL,CALL OI,8902,9299,,,,,,,,,8956,8976,9018,9043
JSWSTEEL,PUT VOL,4902,3712,,,,,,,,,125,284,370,529
JSWSTEEL,PUT OI,8046,7741,,,,,,,,,8056,8029,8045,8067
JUBLFOOD,PRICE,475.95,480.4,,,,474.95,476.12,476.01,486.48,483.96,474.0,472.0,472.0,472.0
JUBLFOOD,VWAP,,,,,,,,,,,474.94,472.78,472.69,472.69
JUBLFOOD,CASH VOL,712724,1239794,216852,44.9,64.37,,,,,,19336,48641,84224,92942
JUBLFOOD,F&O VOL,3950,4708,,,,,,,,,87,505,657,761
JUBLFOOD,F&O OI,29438,29454,,,,,,,,,29460,29565,29562,29560
JUBLFOOD,CALL VOL,1301,1203,,,,,,,,,37,173,310,276
JUBLFOOD,CALL OI,888,854,,,,,,,,,1713,930,1754,930
JUBLFOOD,PUT VOL,677,883,,,,,,,,,9,75,117,148
JUBLFOOD,PUT OI,1647,1605,,,,,,,,,2171,1662,2188,1674
KALYANKJIL,PRICE,607.6,612.6,,,,609.0,610.6,608.6,594.6,586.2,604.0,608.0,608.0,613.0
KALYANKJIL,VWAP,,,,,,,,,,,605.99,606.51,608.36,610.02
KALYANKJIL,CASH VOL,7297816,10713234,1252289,30.36,21.03,,,,,,400868,904806,1373138,1847216
KALYANKJIL,F&O VOL,42911,80860,,,,,,,,,1318,3408,7005,9922
KALYANKJIL,F&O OI,56656,58170,,,,,,,,,56838,57079,57317,57290
KALYANKJIL,CALL VOL,15745,36168,,,,,,,,,492,1548,3442,4587
KALYANKJIL,CALL OI,11021,11025,,,,,,,,,11443,11316,12083,11310
KALYANKJIL,PUT VOL,7704,12426,,,,,,,,,232,634,1049,1722
KALYANKJIL,PUT OI,5836,6098,,,,,,,,,6826,5879,5916,5949
KAYNES,PRICE,3615.0,3610.0,,,,3612.0,3619.1,3616.37,3696.5,3630.83,3580.0,3559.0,3559.0,3573.0
KAYNES,VWAP,,,,,,,,,,,3595.8,3574.91,3570.61,3569.4
KAYNES,CASH VOL,446465,686828,115987,34.24,31.91,,,,,,57460,120048,334313,379441
KAYNES,F&O VOL,1268,2656,,,,,,,,,4,14,91,102
KAYNES,F&O OI,54258,54991,,,,,,,,,54257,54255,54235,54209
KAYNES,CALL VOL,165,594,,,,,,,,,0,0,9,10
KAYNES,CALL OI,5775,5873,,,,,,,,,6114,5775,5774,5769
KAYNES,PUT VOL,111,210,,,,,,,,,0,0,7,7
KAYNES,PUT OI,6447,6505,,,,,,,,,6072,6447,6448,6445
KEI,PRICE,4669.5,4697.5,,,,4679.5,4674.0,4671.0,5280.15,4993.38,4643.0,4637.0,4637.0,4611.0
KEI,VWAP,,,,,,,,,,,4652.94,4639.83,4638.45,4631.33
KEI,CASH VOL,773204,1080574,126168,53.15,50.59,,,,,,24347,57091,86062,136515
KEI,F&O VOL,36814,48908,,,,,,,,,870,2747,4138,6658
KEI,F&O OI,50095,49489,,,,,,,,,50243,50429,50537,51001
KEI,CALL VOL,14987,20454,,,,,,,,,416,1432,1964,3201
KEI,CALL OI,10578,10083,,,,,,,,,10677,10961,11023,11420
KEI,PUT VOL,12059,13560,,,,,,,,,157,525,994,1625
KEI,PUT OI,8947,8827,,,,,,,,,8953,8968,8971,8879
KFINTECH,PRICE,908.0,925.1,,,,908.0,914.78,910.26,940.92,932.91,907.0,911.0,911.0,903.0
KFINTECH,VWAP,,,,,,,,,,,908.63,908.44,908.71,907.67
KFINTECH,CASH VOL,539427,382500,133022,41.54,34.89,,,,,,43031,81417,95076,134832
KFINTECH,F&O VOL,7110,3350,,,,,,,,,224,592,760,1011
KFINTECH,F&O OI,19773,18954,,,,,,,,,19809,19809,19811,19823
KFINTECH,CALL VOL,3331,1391,,,,,,,,,110,323,427,585
KFINTECH,CALL OI,5147,4631,,,,,,,,,5141,5132,5136,5137
KFINTECH,PUT VOL,1419,513,,,,,,,,,24,128,150,179
KFINTECH,PUT OI,2918,2874,,,,,,,,,2922,2924,2920,2924
KOTAKBANK,PRICE,414.0,419.25,,,,413.7,417.3,415.1,424.34,424.02,414.0,413.0,413.0,413.0
KOTAKBANK,VWAP,,,,,,,,,,,414.83,414.08,413.86,413.89
KOTAKBANK,CASH VOL,10886349,12406799,3084449,67.89,70.14,,,,,,167861,371159,572332,682836
KOTAKBANK,F&O VOL,50841,35253,,,,,,,,,1183,2793,3632,5027
KOTAKBANK,F&O OI,152170,154809,,,,,,,,,152005,152141,152228,152179
KOTAKBANK,CALL VOL,21236,14736,,,,,,,,,461,1353,1688,2504
KOTAKBANK,CALL OI,28949,29959,,,,,,,,,28948,29015,29073,29040
KOTAKBANK,PUT VOL,18942,13401,,,,,,,,,620,1199,1551,2120
KOTAKBANK,PUT OI,17091,18854,,,,,,,,,16921,17020,17028,17029
KPITTECH,PRICE,553.1,562.0,,,,554.5,555.25,553.82,592.5,581.13,557.0,557.0,557.0,551.0
KPITTECH,VWAP,,,,,,,,,,,557.39,556.72,556.04,555.58
KPITTECH,CASH VOL,1160555,1083793,308895,45.95,35.48,,,,,,116784,203817,389608,448565
KPITTECH,F&O VOL,7440,7756,,,,,,,,,360,865,1545,1834
KPITTECH,F&O OI,29078,28795,,,,,,,,,29132,29141,29103,29179
KPITTECH,CALL VOL,3143,2979,,,,,,,,,254,549,893,1105
KPITTECH,CALL OI,4901,4541,,,,,,,,,5760,4970,5012,5072
KPITTECH,PUT VOL,1523,2105,,,,,,,,,21,107,195,244
KPITTECH,PUT OI,3857,3841,,,,,,,,,3806,3855,3852,3854
LAURUSLABS,PRICE,1937.0,1946.9,,,,1932.6,1936.82,1936.45,1880.35,1853.45,1926.0,1926.0,1926.0,1941.0
LAURUSLABS,VWAP,,,,,,,,,,,1931.04,1927.84,1929.49,1932.16
LAURUSLABS,CASH VOL,1822218,2115447,410975,52.36,40.31,,,,,,45690,143165,192375,255479
LAURUSLABS,F&O VOL,30030,73514,,,,,,,,,749,2493,3943,5515
LAURUSLABS,F&O OI,44812,44816,,,,,,,,,44975,45160,45196,45169
LAURUSLABS,CALL VOL,13693,39010,,,,,,,,,256,1071,1814,2587
LAURUSLABS,CALL OI,9792,9234,,,,,,,,,9738,9858,10000,9973
LAURUSLABS,PUT VOL,8528,13599,,,,,,,,,284,832,1127,1581
LAURUSLABS,PUT OI,4684,5085,,,,,,,,,5282,5252,4712,4762
LICHSGFIN,PRICE,555.0,563.0,,,,558.0,557.6,555.87,558.81,552.33,552.0,551.0,551.0,547.0
LICHSGFIN,VWAP,,,,,,,,,,,552.48,551.38,550.73,550.2
LICHSGFIN,CASH VOL,2616014,2858992,820367,48.18,47.99,,,,,,124011,286150,412368,535443
LICHSGFIN,F&O VOL,404,676,,,,,,,,,4,28,41,45
LICHSGFIN,F&O OI,51397,51610,,,,,,,,,51395,51387,51371,51371
LICHSGFIN,CALL VOL,49,125,,,,,,,,,0,0,0,0
LICHSGFIN,CALL OI,6578,6602,,,,,,,,,6578,6578,6578,6578
LICHSGFIN,PUT VOL,33,193,,,,,,,,,0,1,1,1
LICHSGFIN,PUT OI,5765,5775,,,,,,,,,5765,5765,5765,5764
LICI,PRICE,407.5,410.75,,,,407.5,408.75,407.92,415.02,414.35,406.0,406.0,406.0,404.0
LICI,VWAP,,,,,,,,,,,406.44,406.19,405.67,405.33
LICI,CASH VOL,5491468,6844270,2044378,61.96,60.7,,,,,,345181,809739,1859271,2298997
LICI,F&O VOL,14943,14226,,,,,,,,,319,1224,2527,3757
LICI,F&O OI,61206,60779,,,,,,,,,61194,61121,61245,61089
LICI,CALL VOL,6882,7286,,,,,,,,,125,789,1371,2063
LICI,CALL OI,9163,8378,,,,,,,,,9156,9045,9010,8913
LICI,PUT VOL,3393,3106,,,,,,,,,139,270,623,999
LICI,PUT OI,9354,9249,,,,,,,,,9349,9377,9402,9405
LODHA,PRICE,1166.0,1212.0,,,,1163.9,1187.15,1173.05,1219.07,1213.2,1152.0,1152.0,1152.0,1148.0
LODHA,VWAP,,,,,,,,,,,1159.6,1154.97,1153.45,1152.33
LODHA,CASH VOL,1560777,1308433,584490,54.31,39.57,,,,,,93147,187648,257447,332203
LODHA,F&O VOL,19245,19764,,,,,,,,,1451,2726,4477,6132
LODHA,F&O OI,29121,28217,,,,,,,,,29105,29263,29435,29736
LODHA,CALL VOL,4858,4391,,,,,,,,,570,1159,1730,1850
LODHA,CALL OI,2642,1952,,,,,,,,,3119,3189,3252,2847
LODHA,PUT VOL,6370,6919,,,,,,,,,486,990,1682,2235
LODHA,PUT OI,4445,4601,,,,,,,,,4528,4581,4708,4713
LT,PRICE,3922.6,3946.1,,,,3949.4,3971.4,3938.87,4000.8,3976.33,3932.0,3919.0,3919.0,3919.0
LT,VWAP,,,,,,,,,,,3937.53,3928.78,3924.75,3923.72
LT,CASH VOL,2954721,1200872,610059,70.35,56.55,,,,,,64537,148325,205445,229003
LT,F&O VOL,78770,38229,,,,,,,,,3187,8334,11939,14273
LT,F&O OI,134339,133525,,,,,,,,,134571,134995,135207,135325
LT,CALL VOL,39082,19664,,,,,,,,,1922,4396,6093,7070
LT,CALL OI,28486,27684,,,,,,,,,34732,28790,29015,29284
LT,PUT VOL,23124,10014,,,,,,,,,971,2829,4251,5198
LT,PUT OI,15591,15721,,,,,,,,,17105,15830,15781,15673
LTF,PRICE,310.4,308.3,,,,309.05,310.7,310.5,313.28,311.85,308.0,309.0,309.0,306.0
LTF,VWAP,,,,,,,,,,,308.78,308.96,308.87,308.13
LTF,CASH VOL,2989428,1493719,468306,44.78,42.23,,,,,,119993,197625,268314,444156
LTF,F&O VOL,10845,8156,,,,,,,,,402,722,991,1613
LTF,F&O OI,37822,38249,,,,,,,,,37903,37939,37997,38118
LTF,CALL VOL,4260,3660,,,,,,,,,141,328,487,772
LTF,CALL OI,5158,5264,,,,,,,,,5583,5621,5664,5374
LTF,PUT VOL,2861,1512,,,,,,,,,71,141,190,303
LTF,PUT OI,7291,7292,,,,,,,,,7005,6999,7004,7265
LTM,PRICE,4412.0,4430.0,,,,4377.5,4395.92,4363.75,4589.5,4565.83,4375.0,4417.0,4417.0,4383.0
LTM,VWAP,,,,,,,,,,,4380.14,4396.76,4407.17,4404.98
LTM,CASH VOL,1051263,167610,312630,52.65,33.76,,,,,,15443,34985,55210,68960
LTM,F&O VOL,35621,10705,,,,,,,,,856,2202,4876,6195
LTM,F&O OI,45172,40137,,,,,,,,,45286,45345,45796,45898
LTM,CALL VOL,10812,4070,,,,,,,,,326,1036,2700,3445
LTM,CALL OI,4299,3616,,,,,,,,,4586,4670,4934,4882
LTM,PUT VOL,8408,2732,,,,,,,,,222,462,801,1257
LTM,PUT OI,3094,3488,,,,,,,,,3022,3038,3078,3180
LUPIN,PRICE,2100.0,2104.7,,,,2090.0,2105.0,2101.67,2146.3,2122.1,2087.0,2082.0,2082.0,2083.0
LUPIN,VWAP,,,,,,,,,,,2090.91,2086.01,2085.68,2085.19
LUPIN,CASH VOL,596996,713131,233650,53.98,53.19,,,,,,23719,44471,50885,63434
LUPIN,F&O VOL,9912,10928,,,,,,,,,268,923,1230,1555
LUPIN,F&O OI,38284,37931,,,,,,,,,38304,38329,38368,38386
LUPIN,CALL VOL,4876,4471,,,,,,,,,138,483,579,787
LUPIN,CALL OI,3264,2975,,,,,,,,,3270,3288,3310,3370
LUPIN,PUT VOL,1601,1928,,,,,,,,,50,128,208,256
LUPIN,PUT OI,4475,4494,,,,,,,,,4480,4496,4504,4506
M&M,PRICE,3150.0,3160.0,,,,3141.7,3144.88,3134.65,3255.25,3198.42,3119.0,3106.0,3106.0,3116.0
M&M,VWAP,,,,,,,,,,,3125.61,3111.47,3109.53,3111.3
M&M,CASH VOL,1050769,1784671,436121,63.74,59.35,,,,,,62903,193737,291265,382722
M&M,F&O VOL,37138,54434,,,,,,,,,2694,12027,20667,23315
M&M,F&O OI,123922,125034,,,,,,,,,124105,125930,126886,127030
M&M,CALL VOL,14658,19312,,,,,,,,,1058,5515,8241,9435
M&M,CALL OI,14010,13309,,,,,,,,,14234,15556,15837,15835
M&M,PUT VOL,10909,19897,,,,,,,,,1050,5971,8753,9837
M&M,PUT OI,13765,14397,,,,,,,,,13714,14060,14177,14213
MANAPPURAM,PRICE,320.0,325.0,,,,319.4,320.15,320.05,339.26,338.38,320.0,322.0,322.0,322.0
MANAPPURAM,VWAP,,,,,,,,,,,320.13,321.14,321.85,321.89
MANAPPURAM,CASH VOL,6844403,2253307,1133131,35.86,35.11,,,,,,132574,368321,660854,788456
MANAPPURAM,F&O VOL,2380,9039,,,,,,,,,6,20,50,70
MANAPPURAM,F&O OI,37170,38459,,,,,,,,,37171,37168,37165,37149
MANAPPURAM,CALL VOL,523,3279,,,,,,,,,0,10,14,25
MANAPPURAM,CALL OI,2638,2837,,,,,,,,,2638,2638,3842,2634
MANAPPURAM,PUT VOL,533,2197,,,,,,,,,0,1,1,2
MANAPPURAM,PUT OI,2679,2872,,,,,,,,,2679,2679,3006,2678
MANKIND,PRICE,2265.0,2309.0,,,,2260.0,2283.8,2271.27,2368.1,2341.3,2270.0,2252.0,2252.0,2268.0
MANKIND,VWAP,,,,,,,,,,,2269.16,2258.2,2258.01,2263.35
MANKIND,CASH VOL,266219,186335,68269,58.69,63.0,,,,,,6060,14400,22742,39520
MANKIND,F&O VOL,5998,4409,,,,,,,,,104,436,730,1106
MANKIND,F&O OI,18559,18721,,,,,,,,,18578,18633,18642,18641
MANKIND,CALL VOL,1125,606,,,,,,,,,29,111,201,251
MANKIND,CALL OI,698,517,,,,,,,,,916,696,709,704
MANKIND,PUT VOL,1375,1076,,,,,,,,,22,103,168,287
MANKIND,PUT OI,2092,2020,,,,,,,,,2081,2093,2106,2088
MARICO,PRICE,813.9,823.9,,,,813.9,815.73,814.51,827.08,819.12,805.0,804.0,804.0,803.0
MARICO,VWAP,,,,,,,,,,,806.45,803.94,803.98,803.84
MARICO,CASH VOL,2389739,1525669,351434,78.39,62.48,,,,,,48087,173755,260211,339055
MARICO,F&O VOL,5757,10178,,,,,,,,,204,822,1257,1557
MARICO,F&O OI,22514,21841,,,,,,,,,22555,22693,22728,22790
MARICO,CALL VOL,2422,3810,,,,,,,,,106,357,560,725
MARICO,CALL OI,2111,1765,,,,,,,,,2152,2209,2262,2309
MARICO,PUT VOL,1723,3178,,,,,,,,,68,313,435,529
MARICO,PUT OI,2721,2579,,,,,,,,,2721,2746,2739,2752
MARUTI,PRICE,12618.0,12641.0,,,,12679.0,12616.83,12614.5,13093.5,12827.17,12617.0,12591.0,12591.0,12578.0
MARUTI,VWAP,,,,,,,,,,,12634.62,12609.78,12580.46,12578.28
MARUTI,CASH VOL,534832,356860,108613,65.95,56.67,,,,,,10415,18616,30627,42318
MARUTI,F&O VOL,87287,98149,,,,,,,,,3741,10046,21242,26713
MARUTI,F&O OI,155412,157354,,,,,,,,,155892,156585,157805,157922
MARUTI,CALL VOL,32310,32769,,,,,,,,,1447,3495,7484,9045
MARUTI,CALL OI,18248,18641,,,,,,,,,18482,18887,19840,19784
MARUTI,PUT VOL,21934,27388,,,,,,,,,848,2920,6059,7779
MARUTI,PUT OI,16132,15966,,,,,,,,,16102,16192,16242,16531
MAXHEALTH,PRICE,1037.5,993.0,,,,1040.1,1030.43,1016.3,1011.6,993.73,1035.0,1032.0,1032.0,1038.0
MAXHEALTH,VWAP,,,,,,,,,,,1035.46,1033.07,1032.87,1033.87
MAXHEALTH,CASH VOL,4591285,1922846,751490,39.85,67.53,,,,,,60589,102058,135861,301295
MAXHEALTH,F&O VOL,79737,10009,,,,,,,,,761,2447,3414,4714
MAXHEALTH,F&O OI,33901,33329,,,,,,,,,33936,33864,33914,33954
MAXHEALTH,CALL VOL,45959,6550,,,,,,,,,423,1134,1542,2204
MAXHEALTH,CALL OI,4238,4560,,,,,,,,,4267,4255,4292,4321
MAXHEALTH,PUT VOL,17644,1170,,,,,,,,,155,808,1184,1557
MAXHEALTH,PUT OI,3317,2173,,,,,,,,,3308,3293,3256,3248
MAZDOCK,PRICE,2408.8,2466.4,,,,2408.8,2428.1,2415.23,2492.95,2480.98,2409.0,2401.0,2401.0,2390.0
MAZDOCK,VWAP,,,,,,,,,,,2410.69,2406.22,2405.26,2402.04
MAZDOCK,CASH VOL,563605,588746,119631,35.19,24.28,,,,,,48561,82342,97987,129888
MAZDOCK,F&O VOL,17817,20490,,,,,,,,,581,1363,1815,3851
MAZDOCK,F&O OI,47061,45764,,,,,,,,,47122,47253,47305,47736
MAZDOCK,CALL VOL,8942,12007,,,,,,,,,378,819,1031,2098
MAZDOCK,CALL OI,9696,8522,,,,,,,,,9722,9805,9817,9711
MAZDOCK,PUT VOL,4156,3856,,,,,,,,,106,235,309,739
MAZDOCK,PUT OI,6871,6789,,,,,,,,,6896,6913,6936,7039
MCX,PRICE,3350.0,3342.0,,,,3311.9,3360.75,3353.58,3282.8,3277.87,3312.0,3326.0,3326.0,3317.0
MCX,VWAP,,,,,,,,,,,3318.66,3319.08,3319.28,3319.25
MCX,CASH VOL,2174879,1433417,392675,42.29,35.77,,,,,,120089,256625,294373,334598
MCX,F&O VOL,92148,57578,,,,,,,,,3687,10098,11970,12966
MCX,F&O OI,76368,76671,,,,,,,,,77039,77647,77805,77730
MCX,CALL VOL,43713,25892,,,,,,,,,1657,5145,6039,6561
MCX,CALL OI,18872,17851,,,,,,,,,19352,19723,19777,19691
MCX,PUT VOL,24163,16901,,,,,,,,,1240,3204,3626,3907
MCX,PUT OI,12368,11904,,,,,,,,,12418,12600,12637,12657
MFSL,PRICE,1468.5,1498.7,,,,1465.8,1480.0,1472.33,1543.97,1535.1,1459.0,1459.0,1459.0,1462.0
MFSL,VWAP,,,,,,,,,,,1461.22,1458.58,1457.58,1459.82
MFSL,CASH VOL,802373,589318,428855,59.27,55.29,,,,,,6817,23545,31818,51398
MFSL,F&O VOL,9383,8168,,,,,,,,,205,520,771,1182
MFSL,F&O OI,23074,23648,,,,,,,,,23122,23181,23200,23173
MFSL,CALL VOL,3038,1697,,,,,,,,,36,159,272,461
MFSL,CALL OI,1237,986,,,,,,,,,1251,1280,1306,1282
MFSL,PUT VOL,2914,2648,,,,,,,,,43,152,226,328
MFSL,PUT OI,1286,1264,,,,,,,,,1288,1293,1292,1311
MOTHERSON,PRICE,163.7,163.85,,,,163.7,163.77,163.72,165.3,162.23,163.0,163.0,163.0,163.0
MOTHERSON,VWAP,,,,,,,,,,,163.41,162.95,163.19,163.27
MOTHERSON,CASH VOL,6002467,10426788,1865310,55.9,51.42,,,,,,187935,484604,879608,1026179
MOTHERSON,F&O VOL,5493,6393,,,,,,,,,133,659,923,1151
MOTHERSON,F&O OI,35247,35245,,,,,,,,,35250,35233,35226,35261
MOTHERSON,CALL VOL,2344,3090,,,,,,,,,64,359,463,613
MOTHERSON,CALL OI,3954,3832,,,,,,,,,3951,3945,3969,3936
MOTHERSON,PUT VOL,1400,1432,,,,,,,,,32,174,216,299
MOTHERSON,PUT OI,5040,5053,,,,,,,,,5041,5026,4541,5027
MOTILALOFS,PRICE,1025.0,1051.5,,,,1023.0,1034.3,1028.1,1031.52,1020.55,1015.0,1023.0,1023.0,1016.0
MOTILALOFS,VWAP,,,,,,,,,,,1017.14,1018.64,1018.63,1018.52
MOTILALOFS,CASH VOL,489071,940774,149962,40.82,59.31,,,,,,33821,99305,111755,133407
MOTILALOFS,F&O VOL,7106,7827,,,,,,,,,303,1015,1291,1556
MOTILALOFS,F&O OI,12854,12904,,,,,,,,,12908,12913,12965,13035
MOTILALOFS,CALL VOL,3232,3235,,,,,,,,,122,541,660,801
MOTILALOFS,CALL OI,3200,3021,,,,,,,,,3218,3316,3334,3379
MOTILALOFS,PUT VOL,1935,2108,,,,,,,,,87,265,335,437
MOTILALOFS,PUT OI,1771,1680,,,,,,,,,1778,1736,1757,1771
MPHASIS,PRICE,2307.5,2355.0,,,,2320.0,2307.23,2306.7,2455.05,2433.02,2309.0,2323.0,2323.0,2323.0
MPHASIS,VWAP,,,,,,,,,,,2311.3,2315.26,2318.48,2319.55
MPHASIS,CASH VOL,288892,346120,74535,43.83,56.11,,,,,,8222,22805,33439,42920
MPHASIS,F&O VOL,8179,6367,,,,,,,,,316,685,1140,1358
MPHASIS,F&O OI,24872,24878,,,,,,,,,24972,25001,25069,25089
MPHASIS,CALL VOL,2834,2167,,,,,,,,,160,387,633,745
MPHASIS,CALL OI,2535,2295,,,,,,,,,2589,2846,2880,2642
MPHASIS,PUT VOL,2297,1626,,,,,,,,,81,139,204,247
MPHASIS,PUT OI,2265,2118,,,,,,,,,2291,2339,2336,2289
MUTHOOTFIN,PRICE,2815.0,2899.7,,,,2815.4,2830.45,2820.15,2944.1,2923.9,2819.0,2822.0,2822.0,2821.0
MUTHOOTFIN,VWAP,,,,,,,,,,,2818.08,2819.83,2820.44,2820.67
MUTHOOTFIN,CASH VOL,1027017,560448,171642,51.32,56.81,,,,,,36718,59296,76391,94176
MUTHOOTFIN,F&O VOL,37728,17818,,,,,,,,,1597,3126,4342,5034
MUTHOOTFIN,F&O OI,61813,57961,,,,,,,,,61945,62109,62219,62412
MUTHOOTFIN,CALL VOL,14472,7001,,,,,,,,,581,1402,2338,2337
MUTHOOTFIN,CALL OI,8583,7350,,,,,,,,,8623,8798,13046,8919
MUTHOOTFIN,PUT VOL,11424,4653,,,,,,,,,607,1010,1421,1551
MUTHOOTFIN,PUT OI,7296,7047,,,,,,,,,7356,7355,8618,7383
NAM-INDIA,PRICE,1164.8,1188.9,,,,1156.6,1174.0,1167.87,1183.25,1167.68,1160.0,1159.0,1159.0,1165.0
NAM-INDIA,VWAP,,,,,,,,,,,1159.13,1159.38,1161.05,1162.17
NAM-INDIA,CASH VOL,588058,664071,226728,54.33,48.56,,,,,,84757,158206,203366,240903
NAM-INDIA,F&O VOL,4687,5050,,,,,,,,,388,794,1582,1912
NAM-INDIA,F&O OI,18417,18280,,,,,,,,,18484,18524,18524,18535
NAM-INDIA,CALL VOL,1486,2009,,,,,,,,,91,185,1225,356
NAM-INDIA,CALL OI,1475,1204,,,,,,,,,1477,1508,1790,1487
NAM-INDIA,PUT VOL,990,724,,,,,,,,,50,84,121,145
NAM-INDIA,PUT OI,1850,1804,,,,,,,,,1838,1825,1769,1815
NATIONALUM,PRICE,377.6,371.05,,,,382.0,378.82,378.01,379.75,375.98,381.0,380.0,380.0,379.0
NATIONALUM,VWAP,,,,,,,,,,,381.39,381.18,381.22,381.02
NATIONALUM,CASH VOL,9139475,5469151,1362468,39.08,36.8,,,,,,417897,638134,755959,903222
NATIONALUM,F&O VOL,50350,31769,,,,,,,,,1609,2983,3823,4475
NATIONALUM,F&O OI,46876,47223,,,,,,,,,47223,47289,47360,47358
NATIONALUM,CALL VOL,30046,19765,,,,,,,,,1013,1922,2463,2931
NATIONALUM,CALL OI,12721,13839,,,,,,,,,12951,12975,13002,12999
NATIONALUM,PUT VOL,13420,8010,,,,,,,,,368,730,946,1205
NATIONALUM,PUT OI,8666,8229,,,,,,,,,8704,8738,8779,8790
NAUKRI,PRICE,1267.0,1292.0,,,,1266.9,1270.8,1268.27,1342.35,1327.32,1253.0,1262.0,1262.0,1269.0
NAUKRI,VWAP,,,,,,,,,,,1255.44,1258.28,1265.54,1266.57
NAUKRI,CASH VOL,1281379,2345489,319336,58.67,56.58,,,,,,40731,106686,222902,269939
NAUKRI,F&O VOL,12610,21619,,,,,,,,,1244,1992,3652,4350
NAUKRI,F&O OI,32462,32430,,,,,,,,,32673,32649,32791,32918
NAUKRI,CALL VOL,4784,6592,,,,,,,,,419,738,1553,1809
NAUKRI,CALL OI,2497,2087,,,,,,,,,2539,2527,2847,2561
NAUKRI,PUT VOL,4085,9262,,,,,,,,,593,942,1260,1478
NAUKRI,PUT OI,2199,2422,,,,,,,,,2319,2288,2235,2306
NBCC,PRICE,83.6,86.0,,,,83.2,84.51,83.9,86.26,85.59,83.0,83.0,83.0,83.0
NBCC,VWAP,,,,,,,,,,,84.11,84.0,84.0,83.95
NBCC,CASH VOL,5699936,4783728,1505285,45.06,39.84,,,,,,715115,978103,1169144,1483987
NBCC,F&O VOL,3812,1892,,,,,,,,,263,424,545,788
NBCC,F&O OI,24245,23754,,,,,,,,,24235,24263,24282,24379
NBCC,CALL VOL,1844,852,,,,,,,,,142,263,353,516
NBCC,CALL OI,4906,4273,,,,,,,,,5050,5083,5108,5058
NBCC,PUT VOL,714,437,,,,,,,,,35,44,54,76
NBCC,PUT OI,2002,2016,,,,,,,,,2024,2018,2015,2006
NESTLEIND,PRICE,1393.0,1400.5,,,,1396.8,1397.55,1394.52,1458.65,1426.55,1395.0,1396.0,1396.0,1391.0
NESTLEIND,VWAP,,,,,,,,,,,1396.33,1395.43,1395.03,1394.13
NESTLEIND,CASH VOL,994121,1260068,265118,66.53,60.89,,,,,,27226,37755,54052,79884
NESTLEIND,F&O VOL,5486,7658,,,,,,,,,245,472,668,888
NESTLEIND,F&O OI,28790,28580,,,,,,,,,28836,28852,28859,28874
NESTLEIND,CALL VOL,1563,2117,,,,,,,,,112,223,215,301
NESTLEIND,CALL OI,1172,1169,,,,,,,,,1902,1941,1234,1243
NESTLEIND,PUT VOL,1111,1492,,,,,,,,,42,73,97,135
NESTLEIND,PUT OI,2340,2336,,,,,,,,,2251,2251,2349,2346
NHPC,PRICE,76.69,75.9,,,,76.69,76.9,76.76,76.09,75.75,76.0,76.0,76.0,76.0
NHPC,VWAP,,,,,,,,,,,76.6,76.57,76.56,76.53
NHPC,CASH VOL,17730521,10135531,6134886,43.95,46.65,,,,,,1282979,1735940,1909307,2148123
NHPC,F&O VOL,16597,7990,,,,,,,,,117,314,536,719
NHPC,F&O OI,29890,29491,,,,,,,,,29897,29922,29907,29988
NHPC,CALL VOL,6726,4108,,,,,,,,,43,157,283,334
NHPC,CALL OI,3210,3379,,,,,,,,,3361,3212,3210,3215
NHPC,PUT VOL,3802,1681,,,,,,,,,45,86,136,153
NHPC,PUT OI,3846,4162,,,,,,,,,3838,3868,3863,3861
NMDC,PRICE,85.8,84.71,,,,86.0,85.6,85.21,86.19,85.2,85.0,85.0,85.0,85.0
NMDC,VWAP,,,,,,,,,,,85.78,85.78,85.75,85.7
NMDC,CASH VOL,14151248,12129471,2894221,51.97,51.83,,,,,,761175,1211254,1720226,2059183
NMDC,F&O VOL,12508,10165,,,,,,,,,199,571,1245,1672
NMDC,F&O OI,72182,72528,,,,,,,,,72220,72222,72264,72255
NMDC,CALL VOL,6766,5092,,,,,,,,,133,336,716,955
NMDC,CALL OI,7358,7730,,,,,,,,,7487,7485,7528,7467
NMDC,PUT VOL,2106,1706,,,,,,,,,9,39,146,275
NMDC,PUT OI,4547,4474,,,,,,,,,4123,4126,4125,4546
NTPC,PRICE,334.5,330.8,,,,335.65,334.4,334.2,330.84,327.52,334.0,334.0,334.0,334.0
NTPC,VWAP,,,,,,,,,,,334.25,334.03,334.03,334.11
NTPC,CASH VOL,11795145,7351373,2704831,60.59,63.77,,,,,,280189,366408,457735,556545
NTPC,F&O VOL,45396,20074,,,,,,,,,886,1651,2492,3261
NTPC,F&O OI,120170,121006,,,,,,,,,120143,120250,120285,120099
NTPC,CALL VOL,25820,11901,,,,,,,,,627,1128,1730,2050
NTPC,CALL OI,21768,22066,,,,,,,,,21706,21815,21825,21769
NTPC,PUT VOL,13598,4270,,,,,,,,,160,333,526,632
NTPC,PUT OI,8298,7930,,,,,,,,,8324,8335,8353,8354
NYKAA,PRICE,343.0,341.0,,,,343.05,342.21,340.62,339.65,334.88,341.0,341.0,341.0,342.0
NYKAA,VWAP,,,,,,,,,,,342.03,341.48,341.56,341.93
NYKAA,CASH VOL,4010750,5740245,1310882,54.64,62.36,,,,,,200968,354750,401648,523684
NYKAA,F&O VOL,5894,6443,,,,,,,,,445,888,1085,1468
NYKAA,F&O OI,15370,15673,,,,,,,,,15436,15330,15308,15273
NYKAA,CALL VOL,2947,3239,,,,,,,,,158,422,512,695
NYKAA,CALL OI,2348,2364,,,,,,,,,2401,2428,2516,2381
NYKAA,PUT VOL,1601,1609,,,,,,,,,38,182,214,305
NYKAA,PUT OI,1392,1400,,,,,,,,,1389,1380,1242,1387
OBEROIRLTY,PRICE,1800.0,1833.8,,,,1799.8,1816.15,1805.38,1880.85,1877.35,1791.0,1792.0,1792.0,1788.0
OBEROIRLTY,VWAP,,,,,,,,,,,1795.42,1793.2,1791.76,1791.15
OBEROIRLTY,CASH VOL,222585,261690,77716,44.22,47.17,,,,,,9035,15449,25584,31542
OBEROIRLTY,F&O VOL,9438,7531,,,,,,,,,316,687,1329,1643
OBEROIRLTY,F&O OI,26678,26074,,,,,,,,,26728,26765,26818,26808
OBEROIRLTY,CALL VOL,1636,1041,,,,,,,,,66,188,341,343
OBEROIRLTY,CALL OI,1148,859,,,,,,,,,2459,2468,2497,1197
OBEROIRLTY,PUT VOL,3239,2716,,,,,,,,,66,182,430,518
OBEROIRLTY,PUT OI,3274,3446,,,,,,,,,4017,4035,4063,3322
OFSS,PRICE,11630.0,11780.0,,,,11680.0,11656.0,11638.67,12245.5,12120.5,11732.0,11779.0,11779.0,11728.0
OFSS,VWAP,,,,,,,,,,,11708.88,11733.54,11734.59,11733.79
OFSS,CASH VOL,156426,101559,47512,49.76,32.31,,,,,,11969,25842,46018,53459
OFSS,F&O VOL,13167,11441,,,,,,,,,1028,3096,5305,5967
OFSS,F&O OI,27878,26671,,,,,,,,,27850,27883,28010,28090
OFSS,CALL VOL,4108,3890,,,,,,,,,543,1844,2822,3244
OFSS,CALL OI,4330,3646,,,,,,,,,4381,4997,4462,4534
OFSS,PUT VOL,2793,2766,,,,,,,,,130,339,583,631
OFSS,PUT OI,3798,3784,,,,,,,,,3807,3503,3841,3848
OIL,PRICE,498.95,495.4,,,,503.9,500.45,499.45,489.62,488.74,512.0,511.0,511.0,510.0
OIL,VWAP,,,,,,,,,,,510.72,511.15,511.02,510.79
OIL,CASH VOL,2471923,2619912,644454,41.79,50.44,,,,,,554872,943195,1281491,1534627
OIL,F&O VOL,15104,12840,,,,,,,,,6315,13452,17294,19888
OIL,F&O OI,15773,15115,,,,,,,,,16735,18012,17993,18008
OIL,CALL VOL,9220,7058,,,,,,,,,4440,8591,10785,12494
OIL,CALL OI,2525,2147,,,,,,,,,3032,3712,3796,3819
OIL,PUT VOL,2166,1490,,,,,,,,,643,1987,2650,3230
OIL,PUT OI,845,651,,,,,,,,,955,1364,1416,1442
ONGC,PRICE,234.02,236.0,,,,236.1,236.65,234.9,235.45,234.92,238.0,238.0,238.0,237.0
ONGC,VWAP,,,,,,,,,,,238.56,238.75,238.6,238.49
ONGC,CASH VOL,12781171,7965065,4052092,61.68,46.91,,,,,,1988775,3154202,3773416,4320648
ONGC,F&O VOL,62185,43123,,,,,,,,,17202,29952,38607,43595
ONGC,F&O OI,65427,61443,,,,,,,,,64945,65330,65513,65924
ONGC,CALL VOL,38964,28161,,,,,,,,,12878,21254,26414,30422
ONGC,CALL OI,22365,17956,,,,,,,,,21321,21535,21964,22630
ONGC,PUT VOL,14380,9023,,,,,,,,,2810,6282,8582,10029
ONGC,PUT OI,7466,7599,,,,,,,,,7914,8267,8183,7968
PAGEIND,PRICE,35395.0,35915.0,,,,35300.0,35512.5,35434.17,36131.67,35795.0,35135.0,35250.0,35250.0,35500.0
PAGEIND,VWAP,,,,,,,,,,,35137.3,35116.41,35164.09,35224.17
PAGEIND,CASH VOL,15250,24215,5061,45.97,47.64,,,,,,1027,3100,3498,4208
PAGEIND,F&O VOL,7200,7991,,,,,,,,,289,1096,1611,1961
PAGEIND,F&O OI,18961,18439,,,,,,,,,19050,19171,19162,19109
PAGEIND,CALL VOL,2792,2472,,,,,,,,,86,653,899,1119
PAGEIND,CALL OI,2399,2222,,,,,,,,,1901,2560,2543,2514
PAGEIND,PUT VOL,1066,1537,,,,,,,,,20,164,226,262
PAGEIND,PUT OI,1800,1810,,,,,,,,,1690,1818,1820,1823
PATANJALI,PRICE,341.0,342.0,,,,340.95,340.71,340.12,343.52,342.84,339.0,340.0,340.0,340.0
PATANJALI,VWAP,,,,,,,,,,,339.97,339.73,340.34,340.4
PATANJALI,CASH VOL,967972,1412377,679073,49.33,43.16,,,,,,95832,140602,215246,232135
PATANJALI,F&O VOL,2221,4268,,,,,,,,,115,312,624,811
PATANJALI,F&O OI,42603,42590,,,,,,,,,42609,42560,42578,42647
PATANJALI,CALL VOL,941,1333,,,,,,,,,18,157,309,389
PATANJALI,CALL OI,4351,4378,,,,,,,,,4351,4282,4291,4376
PATANJALI,PUT VOL,211,707,,,,,,,,,8,17,49,93
PATANJALI,PUT OI,3231,3220,,,,,,,,,3231,3235,3236,3226
PAYTM,PRICE,1751.5,1670.0,,,,1750.0,1740.17,1717.5,1658.22,1655.65,1738.0,1747.0,1747.0,1743.0
PAYTM,VWAP,,,,,,,,,,,1742.28,1745.65,1745.71,1745.65
PAYTM,CASH VOL,8247684,2338072,2086057,44.33,56.54,,,,,,124493,374403,440447,494792
PAYTM,F&O VOL,151479,38293,,,,,,,,,2788,11745,14683,16222
PAYTM,F&O OI,61197,55419,,,,,,,,,61190,61900,62162,62119
PAYTM,CALL VOL,74496,20801,,,,,,,,,892,4712,5905,6680
PAYTM,CALL OI,15133,14154,,,,,,,,,15155,15457,15626,15638
PAYTM,PUT VOL,30054,4147,,,,,,,,,684,3668,4171,4504
PAYTM,PUT OI,7749,4953,,,,,,,,,7712,7844,7831,7780
PERSISTENT,PRICE,5419.0,5560.0,,,,5404.5,5431.25,5423.08,5678.25,5654.75,5438.0,5504.0,5504.0,5495.0
PERSISTENT,VWAP,,,,,,,,,,,5424.75,5455.67,5479.1,5482.14
PERSISTENT,CASH VOL,599190,330550,156730,36.7,40.01,,,,,,37399,89220,133964,155343
PERSISTENT,F&O VOL,47253,22450,,,,,,,,,3260,9426,20703,24366
PERSISTENT,F&O OI,53991,49805,,,,,,,,,54186,54030,55022,55078
PERSISTENT,CALL VOL,22535,12011,,,,,,,,,1754,6135,13900,16701
PERSISTENT,CALL OI,13130,10665,,,,,,,,,13266,13116,13469,13386
PERSISTENT,PUT VOL,15887,5547,,,,,,,,,786,2325,4372,5266
PERSISTENT,PUT OI,9281,8657,,,,,,,,,9331,9335,9755,9861
PETRONET,PRICE,285.9,285.8,,,,284.0,286.32,286.04,294.2,290.13,288.0,288.0,288.0,289.0
PETRONET,VWAP,,,,,,,,,,,287.98,288.35,288.9,289.14
PETRONET,CASH VOL,1133536,1543809,258807,54.32,50.47,,,,,,129306,212105,357550,507128
PETRONET,F&O VOL,3367,7220,,,,,,,,,307,509,1266,1763
PETRONET,F&O OI,22712,22427,,,,,,,,,22726,22754,22832,22860
PETRONET,CALL VOL,1373,3048,,,,,,,,,162,274,766,1116
PETRONET,CALL OI,4102,4173,,,,,,,,,4111,4113,4135,4109
PETRONET,PUT VOL,847,2212,,,,,,,,,73,142,318,447
PETRONET,PUT OI,2405,2380,,,,,,,,,2404,2430,2465,2491
PFC,PRICE,351.4,355.9,,,,350.0,352.7,351.83,352.73,347.0,350.0,350.0,350.0,350.0
PFC,VWAP,,,,,,,,,,,350.76,350.76,350.74,350.61
PFC,CASH VOL,5426791,6879445,1228288,61.21,62.03,,,,,,480652,667487,826234,1133839
PFC,F&O VOL,19542,15966,,,,,,,,,708,2518,3380,5429
PFC,F&O OI,119913,120251,,,,,,,,,119990,119609,119389,120036
PFC,CALL VOL,8604,6638,,,,,,,,,214,583,871,1588
PFC,CALL OI,13337,13305,,,,,,,,,13366,13402,13474,13643
PFC,PUT VOL,4252,4911,,,,,,,,,207,664,854,1793
PFC,PUT OI,11673,12073,,,,,,,,,11691,11559,11590,11847
PGEL,PRICE,542.5,553.7,,,,542.5,548.3,544.43,568.7,564.43,541.0,541.0,541.0,542.0
PGEL,VWAP,,,,,,,,,,,543.5,541.28,541.92,542.16
PGEL,CASH VOL,1621300,1171922,296749,40.25,41.34,,,,,,33531,126141,192577,213636
PGEL,F&O VOL,14220,6587,,,,,,,,,257,600,924,1207
PGEL,F&O OI,22057,21517,,,,,,,,,22063,22035,22055,22038
PGEL,CALL VOL,4342,1894,,,,,,,,,141,279,389,454
PGEL,CALL OI,2367,1761,,,,,,,,,2368,2369,2386,2412
PGEL,PUT VOL,5028,1394,,,,,,,,,73,194,325,394
PGEL,PUT OI,2473,2376,,,,,,,,,2498,2464,2463,2454
PHOENIXLTD,PRICE,1885.3,1885.0,,,,1887.5,1890.55,1887.05,1934.45,1919.35,1895.0,1898.0,1898.0,1888.0
PHOENIXLTD,VWAP,,,,,,,,,,,1901.07,1896.43,1895.49,1894.7
PHOENIXLTD,CASH VOL,299790,329961,104688,58.96,59.28,,,,,,12982,33539,46835,57655
PHOENIXLTD,F&O VOL,8218,6806,,,,,,,,,334,779,985,1138
PHOENIXLTD,F&O OI,17136,16739,,,,,,,,,17138,17105,17064,17058
PHOENIXLTD,CALL VOL,2244,1052,,,,,,,,,238,502,581,604
PHOENIXLTD,CALL OI,1215,1128,,,,,,,,,1730,1729,1713,1235
PHOENIXLTD,PUT VOL,1089,588,,,,,,,,,13,54,64,70
PHOENIXLTD,PUT OI,1322,1232,,,,,,,,,1300,1304,1306,1329
PIDILITIND,PRICE,1572.0,1593.0,,,,1572.0,1575.8,1573.27,1650.05,1636.35,1563.0,1567.0,1567.0,1567.0
PIDILITIND,VWAP,,,,,,,,,,,1566.21,1564.51,1566.56,1567.59
PIDILITIND,CASH VOL,276995,738063,121608,60.79,56.11,,,,,,9848,17854,24875,33979
PIDILITIND,F&O VOL,4449,8022,,,,,,,,,57,248,427,568
PIDILITIND,F&O OI,15278,15235,,,,,,,,,15279,15320,15338,15329
PIDILITIND,CALL VOL,1509,3350,,,,,,,,,18,89,212,
PIDILITIND,CALL OI,1371,1206,,,,,,,,,1140,1159,1393,
PIDILITIND,PUT VOL,1388,2647,,,,,,,,,19,94,119,
PIDILITIND,PUT OI,1705,1790,,,,,,,,,1672,1680,1732,
PIIND,PRICE,2394.0,2395.0,,,,2386.9,2390.93,2384.8,2453.75,2431.25,2387.0,2378.0,2378.0,2388.0
PIIND,VWAP,,,,,,,,,,,2389.47,2383.11,2382.87,2384.47
PIIND,CASH VOL,100714,98267,22216,39.79,39.55,,,,,,3029,5897,8593,14977
PIIND,F&O VOL,8282,8466,,,,,,,,,253,552,814,1215
PIIND,F&O OI,38285,37368,,,,,,,,,38314,38355,38358,38372
PIIND,CALL VOL,4737,3864,,,,,,,,,156,364,565,716
PIIND,CALL OI,6330,5990,,,,,,,,,6334,6376,6386,6393
PIIND,PUT VOL,1931,2242,,,,,,,,,57,113,166,266
PIIND,PUT OI,5102,4588,,,,,,,,,5108,5110,5104,5109
PNB,PRICE,115.61,116.0,,,,115.5,116.12,115.78,116.57,115.7,116.0,117.0,117.0,116.0
PNB,VWAP,,,,,,,,,,,116.24,116.74,116.86,116.87
PNB,CASH VOL,11691129,11972532,2840003,52.41,60.05,,,,,,545024,1828464,2505549,3133744
PNB,F&O VOL,13555,7843,,,,,,,,,780,3509,5139,5971
PNB,F&O OI,47323,46779,,,,,,,,,47616,47887,48089,48114
PNB,CALL VOL,5410,3157,,,,,,,,,317,1986,2829,3218
PNB,CALL OI,5229,5200,,,,,,,,,5267,5296,5329,5269
PNB,PUT VOL,3665,1688,,,,,,,,,71,733,1075,1271
PNB,PUT OI,3454,3146,,,,,,,,,3470,3657,3773,3815
PNBHOUSING,PRICE,1142.0,1167.1,,,,1142.5,1153.7,1145.9,1164.07,1160.2,1138.0,1138.0,1138.0,1145.0
PNBHOUSING,VWAP,,,,,,,,,,,1140.58,1138.09,1140.37,1141.8
PNBHOUSING,CASH VOL,320435,524914,98247,55.9,48.81,,,,,,12341,28526,50338,63115
PNBHOUSING,F&O VOL,4081,5241,,,,,,,,,96,319,600,749
PNBHOUSING,F&O OI,20766,20706,,,,,,,,,20774,20747,20785,20789
PNBHOUSING,CALL VOL,1571,2342,,,,,,,,,57,180,339,391
PNBHOUSING,CALL OI,2268,2268,,,,,,,,,2272,2254,2298,2305
PNBHOUSING,PUT VOL,830,1479,,,,,,,,,15,60,96,152
PNBHOUSING,PUT OI,1604,1667,,,,,,,,,1604,1590,1582,1582
POLICYBZR,PRICE,1800.0,1826.0,,,,1790.1,1801.1,1800.37,1835.9,1835.7,1784.0,1784.0,1784.0,1791.0
POLICYBZR,VWAP,,,,,,,,,,,1787.91,1786.03,1788.17,1788.76
POLICYBZR,CASH VOL,1177932,1108483,362691,67.87,62.79,,,,,,24929,65655,80118,90863
POLICYBZR,F&O VOL,6935,10105,,,,,,,,,108,302,819,1001
POLICYBZR,F&O OI,27366,26615,,,,,,,,,27383,27417,27514,27535
POLICYBZR,CALL VOL,2336,4544,,,,,,,,,27,192,344,431
POLICYBZR,CALL OI,2910,2807,,,,,,,,,2356,2959,2966,2965
POLICYBZR,PUT VOL,1286,1970,,,,,,,,,19,95,201,244
POLICYBZR,PUT OI,3768,3794,,,,,,,,,3716,3764,3793,3796
POLYCAB,PRICE,8354.0,8373.5,,,,8330.5,8354.5,8354.17,8847.5,8482.5,8318.0,8328.0,8328.0,8322.0
POLYCAB,VWAP,,,,,,,,,,,8327.25,8324.2,8325.12,8325.17
POLYCAB,CASH VOL,198567,604579,41219,45.87,49.09,,,,,,8541,15618,20344,25071
POLYCAB,F&O VOL,29680,79820,,,,,,,,,707,1974,2893,3423
POLYCAB,F&O OI,65817,66475,,,,,,,,,65812,65987,65984,66065
POLYCAB,CALL VOL,10503,30789,,,,,,,,,335,1018,1329,1569
POLYCAB,CALL OI,8954,9311,,,,,,,,,8969,9096,9124,9179
POLYCAB,PUT VOL,8930,23143,,,,,,,,,108,409,658,763
POLYCAB,PUT OI,10166,10751,,,,,,,,,10178,10223,10224,10210
POWERGRID,PRICE,265.85,265.75,,,,265.85,266.88,266.19,266.23,266.08,266.0,268.0,268.0,267.0
POWERGRID,VWAP,,,,,,,,,,,266.32,267.23,267.35,267.54
POWERGRID,CASH VOL,11738891,7385483,3339879,68.96,59.51,,,,,,271327,731979,988427,1338523
POWERGRID,F&O VOL,22291,15983,,,,,,,,,560,2507,3100,3972
POWERGRID,F&O OI,72204,71544,,,,,,,,,72246,72440,72448,72528
POWERGRID,CALL VOL,11721,8196,,,,,,,,,282,1248,1522,1893
POWERGRID,CALL OI,11785,11188,,,,,,,,,11800,11913,11933,11992
POWERGRID,PUT VOL,4661,3225,,,,,,,,,125,758,967,1262
POWERGRID,PUT OI,6272,6065,,,,,,,,,6271,6290,6263,6294
POWERINDIA,PRICE,31580.0,31135.0,,,,31450.0,31489.17,31307.5,32652.5,31984.17,31410.0,31270.0,31270.0,31340.0
POWERINDIA,VWAP,,,,,,,,,,,31455.06,31349.36,31345.35,31343.51
POWERINDIA,CASH VOL,94112,278064,25653,42.33,34.85,,,,,,3986,8792,10465,11467
POWERINDIA,F&O VOL,42042,117694,,,,,,,,,1345,3240,4323,4820
POWERINDIA,F&O OI,55242,56297,,,,,,,,,55619,55847,55806,55755
POWERINDIA,CALL VOL,16385,34329,,,,,,,,,757,1488,1891,1719
POWERINDIA,CALL OI,8724,8332,,,,,,,,,11745,11889,11947,9154
POWERINDIA,PUT VOL,8073,35610,,,,,,,,,319,899,1202,1320
POWERINDIA,PUT OI,7648,7749,,,,,,,,,8301,8503,8426,7775
PREMIERENE,PRICE,975.9,988.8,,,,977.0,983.25,978.35,1015.7,1006.57,978.0,971.0,971.0,970.0
PREMIERENE,VWAP,,,,,,,,,,,979.75,975.45,974.59,973.28
PREMIERENE,CASH VOL,583491,355380,135888,54.52,40.92,,,,,,26275,68877,105300,140364
PREMIERENE,F&O VOL,4689,3007,,,,,,,,,282,477,668,992
PREMIERENE,F&O OI,27725,27415,,,,,,,,,27762,27814,27868,27842
PREMIERENE,CALL VOL,2065,1493,,,,,,,,,152,293,363,515
PREMIERENE,CALL OI,4625,4670,,,,,,,,,5549,5585,5597,4710
PREMIERENE,PUT VOL,752,388,,,,,,,,,50,74,151,203
PREMIERENE,PUT OI,4577,4528,,,,,,,,,4579,4565,4611,4591
PRESTIGE,PRICE,1540.4,1561.6,,,,1534.8,1546.0,1542.27,1586.07,1584.2,1528.0,1535.0,1535.0,1526.0
PRESTIGE,VWAP,,,,,,,,,,,1532.92,1532.13,1532.32,1531.34
PRESTIGE,CASH VOL,499802,505136,172414,61.61,57.87,,,,,,21893,34990,43330,58912
PRESTIGE,F&O VOL,7423,6029,,,,,,,,,161,378,581,787
PRESTIGE,F&O OI,21704,21565,,,,,,,,,21718,21719,21709,21753
PRESTIGE,CALL VOL,4224,3053,,,,,,,,,78,209,310,396
PRESTIGE,CALL OI,2157,1917,,,,,,,,,2162,2765,2741,2146
PRESTIGE,PUT VOL,1085,832,,,,,,,,,33,64,95,120
PRESTIGE,PUT OI,2925,2916,,,,,,,,,2929,3148,3149,2941
RADICO,PRICE,4414.0,4485.0,,,,4396.2,4437.05,4421.68,4496.5,4494.83,4439.0,4439.0,4439.0,4468.0
RADICO,VWAP,,,,,,,,,,,4426.16,4430.72,4435.6,4452.07
RADICO,CASH VOL,212920,139858,71614,59.8,57.62,,,,,,6342,9734,13979,29242
RADICO,F&O VOL,4822,4235,,,,,,,,,236,536,788,2067
RADICO,F&O OI,12774,12803,,,,,,,,,12862,12904,12887,12946
RADICO,CALL VOL,1291,2041,,,,,,,,,30,165,273,1198
RADICO,CALL OI,3061,3033,,,,,,,,,3070,3106,3092,3115
RADICO,PUT VOL,577,633,,,,,,,,,4,66,113,344
RADICO,PUT OI,1564,1577,,,,,,,,,1563,1563,1560,1517
RBLBANK,PRICE,416.0,418.5,,,,413.0,417.55,416.52,408.24,396.02,415.0,415.0,415.0,413.0
RBLBANK,VWAP,,,,,,,,,,,414.92,415.6,415.36,414.29
RBLBANK,CASH VOL,3908840,1994199,1420742,58.21,50.84,,,,,,110268,225116,314766,524811
RBLBANK,F&O VOL,12603,9628,,,,,,,,,474,1203,1612,2903
RBLBANK,F&O OI,25690,26282,,,,,,,,,25751,25713,25719,25903
RBLBANK,CALL VOL,5552,4241,,,,,,,,,243,637,836,1359
RBLBANK,CALL OI,5380,5505,,,,,,,,,5649,5640,5657,5512
RBLBANK,PUT VOL,3876,2806,,,,,,,,,146,282,380,776
RBLBANK,PUT OI,4303,4371,,,,,,,,,3852,3864,3887,4302
RECLTD,PRICE,314.5,317.85,,,,313.9,315.48,314.83,318.08,316.85,314.0,314.0,314.0,314.0
RECLTD,VWAP,,,,,,,,,,,314.4,314.31,314.32,314.34
RECLTD,CASH VOL,3145078,4604418,828735,56.06,56.55,,,,,,129762,206588,234228,288140
RECLTD,F&O VOL,10542,12674,,,,,,,,,320,834,1157,1582
RECLTD,F&O OI,64111,64446,,,,,,,,,64112,64059,64067,64088
RECLTD,CALL VOL,4966,6162,,,,,,,,,167,485,609,835
RECLTD,CALL OI,9915,9575,,,,,,,,,9924,9909,9931,9899
RECLTD,PUT VOL,2623,3602,,,,,,,,,100,227,295,378
RECLTD,PUT OI,7137,7318,,,,,,,,,7143,7127,7129,7154
RELIANCE,PRICE,1279.0,1294.9,,,,1278.5,1285.95,1281.32,1315.33,1302.0,1281.0,1274.0,1274.0,1275.0
RELIANCE,VWAP,,,,,,,,,,,1282.56,1277.87,1275.99,1275.94
RELIANCE,CASH VOL,12152819,9799528,3158410,63.23,58.31,,,,,,382204,1172167,1770833,2069305
RELIANCE,F&O VOL,255413,260827,,,,,,,,,15371,58318,93098,105858
RELIANCE,F&O OI,552644,534829,,,,,,,,,554694,560612,565159,566344
RELIANCE,CALL VOL,80030,68533,,,,,,,,,6421,20250,34439,34780
RELIANCE,CALL OI,59867,52844,,,,,,,,,72436,64161,78030,66442
RELIANCE,PUT VOL,69549,72464,,,,,,,,,4210,16332,23621,28879
RELIANCE,PUT OI,52457,49591,,,,,,,,,55111,53349,55829,53900
RVNL,PRICE,207.0,207.5,,,,208.0,207.78,207.26,211.33,209.02,208.0,209.0,209.0,207.0
RVNL,VWAP,,,,,,,,,,,209.94,209.63,209.62,209.39
RVNL,CASH VOL,3171906,2884655,626785,24.7,33.41,,,,,,963870,1514435,1939629,2376644
RVNL,F&O VOL,8412,12642,,,,,,,,,2461,4444,5544,6580
RVNL,F&O OI,48126,47268,,,,,,,,,47646,47966,48008,48163
RVNL,CALL VOL,4518,8305,,,,,,,,,1923,3525,4453,5409
RVNL,CALL OI,12434,12110,,,,,,,,,12074,12475,12494,12639
RVNL,PUT VOL,1506,1716,,,,,,,,,171,408,471,621
RVNL,PUT OI,6840,6782,,,,,,,,,6837,6757,6772,6793
SAIL,PRICE,186.4,186.1,,,,186.51,187.38,186.73,196.38,195.53,186.0,186.0,186.0,185.0
SAIL,VWAP,,,,,,,,,,,186.52,186.47,186.44,186.36
SAIL,CASH VOL,13768193,19246316,2153648,40.85,40.55,,,,,,486225,829437,1044381,1324584
SAIL,F&O VOL,99,194,,,,,,,,,,6,7,7
SAIL,F&O OI,51429,51493,,,,,,,,,51429,51429,51429,51424
SAIL,CALL VOL,1,10,,,,,,,,,0,0,0,0
SAIL,CALL OI,1732,1733,,,,,,,,,2300,1732,2300,1732
SAIL,PUT VOL,9,17,,,,,,,,,0,5,5,5
SAIL,PUT OI,2503,2510,,,,,,,,,2564,2503,2564,2498
SBICARD,PRICE,668.4,668.0,,,,663.0,667.55,665.85,653.98,645.45,667.0,667.0,667.0,662.0
SBICARD,VWAP,,,,,,,,,,,667.22,665.97,666.08,665.79
SBICARD,CASH VOL,2199393,2340386,457157,59.52,57.22,,,,,,28834,133601,170373,239589
SBICARD,F&O VOL,20053,21981,,,,,,,,,800,1639,2188,3080
SBICARD,F&O OI,47111,47667,,,,,,,,,47221,47218,47153,47060
SBICARD,CALL VOL,9591,9768,,,,,,,,,455,1004,1316,1496
SBICARD,CALL OI,8105,8145,,,,,,,,,8766,8837,8828,8127
SBICARD,PUT VOL,4103,5090,,,,,,,,,94,255,396,588
SBICARD,PUT OI,5611,5566,,,,,,,,,5337,5365,5385,5634
SBILIFE,PRICE,1684.0,1696.6,,,,1684.0,1689.8,1685.93,1763.73,1741.2,1679.0,1685.0,1685.0,1681.0
SBILIFE,VWAP,,,,,,,,,,,1681.0,1680.36,1681.71,1681.9
SBILIFE,CASH VOL,1020022,528949,361610,64.46,51.83,,,,,,14274,28989,52589,61140
SBILIFE,F&O VOL,19499,16458,,,,,,,,,275,848,1361,1589
SBILIFE,F&O OI,40053,39534,,,,,,,,,40075,40140,40183,40195
SBILIFE,CALL VOL,6486,5112,,,,,,,,,80,368,519,641
SBILIFE,CALL OI,4090,3503,,,,,,,,,4118,4129,4140,4148
SBILIFE,PUT VOL,5374,4722,,,,,,,,,57,270,446,499
SBILIFE,PUT OI,3872,3803,,,,,,,,,3875,3932,3968,3975
SBIN,PRICE,1000.5,1008.0,,,,1002.0,1002.3,1001.1,1038.05,1023.42,1009.0,1008.0,1008.0,1006.0
SBIN,VWAP,,,,,,,,,,,1007.78,1009.02,1008.96,1008.61
SBIN,CASH VOL,7091386,7084768,1752702,53.11,60.81,,,,,,398911,752707,882243,1086110
SBIN,F&O VOL,147228,96727,,,,,,,,,7302,18674,24323,29118
SBIN,F&O OI,284898,284015,,,,,,,,,285425,285935,286466,286811
SBIN,CALL VOL,63737,41363,,,,,,,,,3637,10246,12712,14988
SBIN,CALL OI,43973,43994,,,,,,,,,44205,44472,44667,44959
SBIN,PUT VOL,45143,25938,,,,,,,,,1918,4727,6547,8196
SBIN,PUT OI,34745,36002,,,,,,,,,34945,35215,35332,35374
SHREECEM,PRICE,22950.0,23160.0,,,,22910.0,23070.0,22990.0,23770.0,23600.0,22820.0,22820.0,22820.0,22820.0
SHREECEM,VWAP,,,,,,,,,,,22872.11,22855.88,22851.97,22836.27
SHREECEM,CASH VOL,12133,13107,3583,42.78,48.2,,,,,,695,966,1291,1806
SHREECEM,F&O VOL,8709,3092,,,,,,,,,546,1673,2344,2743
SHREECEM,F&O OI,22705,21764,,,,,,,,,22766,22870,22873,22955
SHREECEM,CALL VOL,1082,688,,,,,,,,,68,143,184,266
SHREECEM,CALL OI,813,571,,,,,,,,,829,856,867,896
SHREECEM,PUT VOL,1119,476,,,,,,,,,5,43,65,107
SHREECEM,PUT OI,1365,1252,,,,,,,,,1365,1378,1366,1374
SHRIRAMFIN,PRICE,1029.0,1029.0,,,,1030.0,1027.3,1023.9,1068.0,1050.0,1021.0,1023.0,1023.0,1028.0
SHRIRAMFIN,VWAP,,,,,,,,,,,1024.11,1023.75,1024.18,1025.58
SHRIRAMFIN,CASH VOL,3641454,2574351,1205937,63.46,53.8,,,,,,147030,230109,330169,436181
SHRIRAMFIN,F&O VOL,17246,22250,,,,,,,,,737,1906,2690,3316
SHRIRAMFIN,F&O OI,64164,63495,,,,,,,,,64214,64284,64318,64357
SHRIRAMFIN,CALL VOL,7787,9390,,,,,,,,,376,896,1343,1666
SHRIRAMFIN,CALL OI,10585,10213,,,,,,,,,10629,10699,10767,10785
SHRIRAMFIN,PUT VOL,3894,7423,,,,,,,,,235,653,796,924
SHRIRAMFIN,PUT OI,9482,9532,,,,,,,,,9491,9400,9393,9409
SIEMENS,PRICE,3949.1,3951.3,,,,3949.0,3957.4,3951.87,4039.05,3997.68,3931.0,3931.0,3931.0,3929.0
SIEMENS,VWAP,,,,,,,,,,,3942.45,3934.9,3933.46,3932.79
SIEMENS,CASH VOL,378664,349820,78384,52.37,49.01,,,,,,6006,10582,14639,18171
SIEMENS,F&O VOL,15082,12328,,,,,,,,,223,905,1294,1426
SIEMENS,F&O OI,36700,37143,,,,,,,,,36745,36898,36943,36954
SIEMENS,CALL VOL,9159,6850,,,,,,,,,141,554,788,874
SIEMENS,CALL OI,6861,6931,,,,,,,,,6900,7042,7067,7082
SIEMENS,PUT VOL,2464,1981,,,,,,,,,41,237,268,298
SIEMENS,PUT OI,5281,5105,,,,,,,,,5276,5262,5270,5267
SOLARINDS,PRICE,22355.0,22455.0,,,,22350.0,22427.5,22379.17,21214.17,20752.5,22325.0,22230.0,22230.0,22345.0
SOLARINDS,VWAP,,,,,,,,,,,22333.19,22283.05,22283.1,22310.5
SOLARINDS,CASH VOL,94443,217218,37765,52.27,37.08,,,,,,3772,9562,12070,17050
SOLARINDS,F&O VOL,28154,84259,,,,,,,,,654,3081,4204,5781
SOLARINDS,F&O OI,45852,45659,,,,,,,,,45958,46113,46111,46206
SOLARINDS,CALL VOL,9262,34267,,,,,,,,,242,1050,1436,2134
SOLARINDS,CALL OI,9855,9088,,,,,,,,,9914,9978,9917,9953
SOLARINDS,PUT VOL,6637,17333,,,,,,,,,164,911,1179,1636
SOLARINDS,PUT OI,5802,5840,,,,,,,,,5850,5951,5977,6028
SONACOMS,PRICE,799.5,804.0,,,,798.0,799.49,799.47,797.45,791.82,796.0,796.0,796.0,801.0
SONACOMS,VWAP,,,,,,,,,,,797.69,795.78,798.55,799.8
SONACOMS,CASH VOL,549181,1137878,145860,47.96,47.61,,,,,,19329,46149,103926,151488
SONACOMS,F&O VOL,4369,7234,,,,,,,,,67,272,861,1212
SONACOMS,F&O OI,19751,19549,,,,,,,,,19760,19760,19701,19736
SONACOMS,CALL VOL,2196,3791,,,,,,,,,30,152,565,769
SONACOMS,CALL OI,3262,3117,,,,,,,,,3264,3265,3215,3250
SONACOMS,PUT VOL,675,1146,,,,,,,,,7,40,116,156
SONACOMS,PUT OI,3034,2969,,,,,,,,,3036,3024,3034,3037
SRF,PRICE,2520.0,2522.0,,,,2517.0,2520.85,2520.28,2590.1,2561.37,2544.0,2533.0,2533.0,2531.0
SRF,VWAP,,,,,,,,,,,2539.38,2539.85,2538.71,2538.37
SRF,CASH VOL,68501,167100,24918,52.11,66.3,,,,,,14767,33511,42446,61845
SRF,F&O VOL,4616,5243,,,,,,,,,1249,3692,4321,5102
SRF,F&O OI,33210,32981,,,,,,,,,32972,33360,33320,33296
SRF,CALL VOL,3087,2762,,,,,,,,,984,3025,3438,4039
SRF,CALL OI,5659,5524,,,,,,,,,5454,5740,5744,5718
SRF,PUT VOL,771,1277,,,,,,,,,81,359,436,514
SRF,PUT OI,4534,4577,,,,,,,,,4523,4526,4517,4528
SUNPHARMA,PRICE,1864.9,1885.9,,,,1865.9,1881.75,1870.52,1939.9,1912.63,1864.0,1858.0,1858.0,1856.0
SUNPHARMA,VWAP,,,,,,,,,,,1868.01,1862.13,1859.86,1859.22
SUNPHARMA,CASH VOL,1396896,1422627,489548,62.13,69.71,,,,,,29591,62385,128089,150457
SUNPHARMA,F&O VOL,30927,23529,,,,,,,,,1623,3705,6108,7241
SUNPHARMA,F&O OI,84156,83315,,,,,,,,,84241,84482,84615,84715
SUNPHARMA,CALL VOL,14692,10653,,,,,,,,,915,2039,3285,3827
SUNPHARMA,CALL OI,17574,16731,,,,,,,,,17671,17909,18013,18085
SUNPHARMA,PUT VOL,9831,7096,,,,,,,,,469,1180,1933,2366
SUNPHARMA,PUT OI,10757,10612,,,,,,,,,10759,10781,10799,10827
SUPREMEIND,PRICE,3516.9,3553.0,,,,3502.6,3527.6,3520.47,3576.8,3508.93,3492.0,3499.0,3499.0,3499.0
SUPREMEIND,VWAP,,,,,,,,,,,3495.4,3490.41,3492.34,3493.38
SUPREMEIND,CASH VOL,99750,151985,32116,44.57,53.74,,,,,,2595,7350,8993,10336
SUPREMEIND,F&O VOL,4408,8851,,,,,,,,,145,464,621,747
SUPREMEIND,F&O OI,19454,19747,,,,,,,,,19471,19480,19501,19510
SUPREMEIND,CALL VOL,1417,2895,,,,,,,,,83,252,301,374
SUPREMEIND,CALL OI,2443,2425,,,,,,,,,2458,2452,2460,2457
SUPREMEIND,PUT VOL,877,2890,,,,,,,,,20,88,133,154
SUPREMEIND,PUT OI,1773,1807,,,,,,,,,1770,1781,1804,1818
SUZLON,PRICE,45.45,45.5,,,,45.44,45.85,45.58,46.28,45.66,45.0,45.0,45.0,45.0
SUZLON,VWAP,,,,,,,,,,,45.57,45.43,45.41,45.35
SUZLON,CASH VOL,52512738,24929892,13894357,47.82,47.72,,,,,,2683311,5785182,7122972,10729489
SUZLON,F&O VOL,15553,6539,,,,,,,,,268,927,1362,1959
SUZLON,F&O OI,58480,58054,,,,,,,,,58518,58635,58680,58953
SUZLON,CALL VOL,8691,3704,,,,,,,,,161,656,893,1447
SUZLON,CALL OI,8808,8787,,,,,,,,,8842,8948,8989,9195
SUZLON,PUT VOL,2771,1349,,,,,,,,,23,75,167,288
SUZLON,PUT OI,5176,5121,,,,,,,,,5174,5174,5167,5163
SWIGGY,PRICE,282.75,275.7,,,,284.1,281.39,278.68,275.02,272.88,282.0,281.0,281.0,280.0
SWIGGY,VWAP,,,,,,,,,,,283.03,281.99,281.83,281.64
SWIGGY,CASH VOL,23545618,25774897,6218405,46.53,60.08,,,,,,1061250,1855098,2213887,2645302
SWIGGY,F&O VOL,74353,52881,,,,,,,,,2681,5915,7512,9420
SWIGGY,F&O OI,91308,88518,,,,,,,,,91478,91519,91579,91489
SWIGGY,CALL VOL,34583,23793,,,,,,,,,1368,3401,4041,5085
SWIGGY,CALL OI,14979,15160,,,,,,,,,14996,15056,15111,15089
SWIGGY,PUT VOL,20549,13079,,,,,,,,,624,1664,1919,2363
SWIGGY,PUT OI,13299,11106,,,,,,,,,13334,13296,13314,13316
TATACONSUM,PRICE,1001.0,1014.1,,,,1004.0,1007.35,1003.12,1026.55,1015.52,1003.0,1002.0,1002.0,1003.0
TATACONSUM,VWAP,,,,,,,,,,,1004.0,1002.44,1002.87,1003.05
TATACONSUM,CASH VOL,973918,720871,277361,67.4,55.69,,,,,,32959,83909,106904,128218
TATACONSUM,F&O VOL,7642,5424,,,,,,,,,173,470,1366,1642
TATACONSUM,F&O OI,50667,50733,,,,,,,,,50656,50702,50769,51186
TATACONSUM,CALL VOL,2766,2030,,,,,,,,,95,256,663,794
TATACONSUM,CALL OI,3397,3227,,,,,,,,,3373,3420,4244,3603
TATACONSUM,PUT VOL,1802,884,,,,,,,,,28,95,525,580
TATACONSUM,PUT OI,5812,5832,,,,,,,,,5821,5827,4837,6113
TATAELXSI,PRICE,3383.0,3492.0,,,,3384.0,3419.95,3395.32,3605.05,3573.68,3398.0,3432.0,3432.0,3419.0
TATAELXSI,VWAP,,,,,,,,,,,3399.66,3414.81,3422.63,3427.41
TATAELXSI,CASH VOL,246727,92045,87083,46.14,33.06,,,,,,15842,43235,73364,111262
TATAELXSI,F&O VOL,16167,7742,,,,,,,,,985,3135,5133,9546
TATAELXSI,F&O OI,35519,33043,,,,,,,,,35598,35603,35590,35881
TATAELXSI,CALL VOL,4960,1651,,,,,,,,,530,2034,3185,5395
TATAELXSI,CALL OI,3236,2098,,,,,,,,,3240,4706,4755,3558
TATAELXSI,PUT VOL,3991,1264,,,,,,,,,250,592,934,1635
TATAELXSI,PUT OI,3386,3105,,,,,,,,,3464,4066,4072,3493
TATAPOWER,PRICE,370.0,365.55,,,,369.7,369.48,368.42,364.96,358.88,368.0,367.0,367.0,366.0
TATAPOWER,VWAP,,,,,,,,,,,368.44,368.09,367.82,367.62
TATAPOWER,CASH VOL,5668226,2879558,1280983,36.56,53.29,,,,,,226861,375721,456157,534339
TATAPOWER,F&O VOL,50149,16465,,,,,,,,,1016,2390,4640,5244
TATAPOWER,F&O OI,93854,94926,,,,,,,,,93965,93985,94109,94120
TATAPOWER,CALL VOL,24146,7317,,,,,,,,,481,1428,2399,2720
TATAPOWER,CALL OI,15299,16461,,,,,,,,,15751,15437,15641,15686
TATAPOWER,PUT VOL,15294,4993,,,,,,,,,253,979,1518,1684
TATAPOWER,PUT OI,15232,14731,,,,,,,,,14732,15199,15177,15140
TATASTEEL,PRICE,188.75,184.15,,,,189.0,188.11,186.83,187.74,185.65,187.0,187.0,187.0,187.0
TATASTEEL,VWAP,,,,,,,,,,,187.83,187.9,187.87,187.86
TATASTEEL,CASH VOL,45985325,24272812,6438880,47.32,54.5,,,,,,908995,1477972,1890268,2343945
TATASTEEL,F&O VOL,160746,64349,,,,,,,,,3863,7954,10191,11650
TATASTEEL,F&O OI,174731,173470,,,,,,,,,175286,175676,175896,176023
TATASTEEL,CALL VOL,77475,36674,,,,,,,,,2262,4675,5801,6626
TATASTEEL,CALL OI,28677,33762,,,,,,,,,29202,29410,29642,29761
TATASTEEL,PUT VOL,50645,15732,,,,,,,,,1104,2234,2807,3171
TATASTEEL,PUT OI,21684,19076,,,,,,,,,21676,21809,21803,21816
TCS,PRICE,2208.0,2255.5,,,,2199.0,2215.1,2210.37,2350.85,2319.62,2213.0,2220.0,2220.0,2213.0
TCS,VWAP,,,,,,,,,,,2212.59,2214.57,2218.26,2217.94
TCS,CASH VOL,3370071,2148114,1111746,59.5,52.58,,,,,,214903,482612,657250,780588
TCS,F&O VOL,153677,71135,,,,,,,,,6529,23171,36423,40954
TCS,F&O OI,238868,230691,,,,,,,,,239336,241405,242522,243172
TCS,CALL VOL,47221,17133,,,,,,,,,2657,9536,15067,16979
TCS,CALL OI,15432,12439,,,,,,,,,15771,16482,16895,17216
TCS,PUT VOL,38576,22040,,,,,,,,,1571,6077,8895,10083
TCS,PUT OI,15801,15802,,,,,,,,,15744,16343,16679,16742
TECHM,PRICE,1508.0,1559.0,,,,1511.9,1514.5,1510.17,1617.95,1603.92,1504.0,1538.0,1538.0,1526.0
TECHM,VWAP,,,,,,,,,,,1506.35,1524.84,1532.88,1532.31
TECHM,CASH VOL,1329200,1575629,487713,45.26,57.63,,,,,,59922,205633,532307,640409
TECHM,F&O VOL,35426,16788,,,,,,,,,1045,6944,18773,21635
TECHM,F&O OI,54918,51508,,,,,,,,,54986,55070,55686,55683
TECHM,CALL VOL,12296,5008,,,,,,,,,431,4730,10871,11631
TECHM,CALL OI,5373,3949,,,,,,,,,4447,6928,7320,5877
TECHM,PUT VOL,10274,5656,,,,,,,,,351,1504,4451,5244
TECHM,PUT OI,5986,5443,,,,,,,,,6545,6699,6704,6262
TIINDIA,PRICE,2678.3,2638.7,,,,2670.0,2669.68,2652.45,2754.25,2716.75,2640.0,2652.0,2652.0,2647.0
TIINDIA,VWAP,,,,,,,,,,,2653.75,2646.83,2647.9,2648.02
TIINDIA,CASH VOL,234838,545195,64258,43.04,59.03,,,,,,11659,31074,36756,44343
TIINDIA,F&O VOL,9452,11350,,,,,,,,,431,1225,1695,2131
TIINDIA,F&O OI,19318,19277,,,,,,,,,19389,19453,19451,19322
TIINDIA,CALL VOL,5058,3738,,,,,,,,,238,549,708,885
TIINDIA,CALL OI,2407,2526,,,,,,,,,2461,2515,2528,2509
TIINDIA,PUT VOL,1975,4190,,,,,,,,,105,545,639,737
TIINDIA,PUT OI,2123,2086,,,,,,,,,2131,2102,2098,2107
TITAN,PRICE,5005.0,4987.0,,,,5000.5,5001.17,4993.5,5055.5,5031.83,4991.0,5000.0,5000.0,5011.0
TITAN,VWAP,,,,,,,,,,,4986.88,4989.0,4994.06,4999.47
TITAN,CASH VOL,502050,432671,184948,65.06,57.12,,,,,,14347,33349,48484,63288
TITAN,F&O VOL,26522,19110,,,,,,,,,673,1935,3380,5912
TITAN,F&O OI,59343,59044,,,,,,,,,59430,59475,59576,59593
TITAN,CALL VOL,12629,9933,,,,,,,,,407,1222,2544,3921
TITAN,CALL OI,12672,11685,,,,,,,,,12741,12766,12776,12794
TITAN,PUT VOL,8523,5232,,,,,,,,,174,559,975,1366
TITAN,PUT OI,9059,9166,,,,,,,,,9078,9080,9157,9138
TMPV,PRICE,303.0,306.45,,,,303.0,303.62,303.21,312.27,311.76,302.0,301.0,301.0,300.0
TMPV,VWAP,,,,,,,,,,,302.83,302.26,302.09,301.64
TMPV,CASH VOL,6971556,6921996,2258731,47.58,46.21,,,,,,371815,799709,1154345,1778140
TMPV,F&O VOL,46751,48319,,,,,,,,,1305,4643,9297,15852
TMPV,F&O OI,116428,116939,,,,,,,,,116762,117368,117821,118773
TMPV,CALL VOL,19049,19726,,,,,,,,,607,2070,3861,6632
TMPV,CALL OI,13282,13409,,,,,,,,,13507,13846,14254,14937
TMPV,PUT VOL,13231,12354,,,,,,,,,349,1402,3213,5734
TMPV,PUT OI,15723,15759,,,,,,,,,15750,15772,15667,15716
TORNTPHARM,PRICE,4930.0,4960.0,,,,5000.0,4958.5,4939.5,4944.5,4886.17,4960.0,4946.0,4946.0,4967.0
TORNTPHARM,VWAP,,,,,,,,,,,4965.27,4955.35,4956.25,4957.64
TORNTPHARM,CASH VOL,165089,258478,58001,62.02,72.7,,,,,,36149,51400,58501,65166
TORNTPHARM,F&O VOL,5125,12148,,,,,,,,,2688,4233,5223,5921
TORNTPHARM,F&O OI,34757,34975,,,,,,,,,35217,35338,35399,35376
TORNTPHARM,CALL VOL,2714,6324,,,,,,,,,2397,3636,4372,4853
TORNTPHARM,CALL OI,3595,3592,,,,,,,,,4016,4120,4181,4146
TORNTPHARM,PUT VOL,559,1789,,,,,,,,,55,284,400,509
TORNTPHARM,PUT OI,2555,2609,,,,,,,,,2572,2589,2573,2609
TRENT,PRICE,2820.0,2793.6,,,,2811.0,2817.3,2811.9,2860.95,2855.65,2822.0,2820.0,2820.0,2815.0
TRENT,VWAP,,,,,,,,,,,2823.1,2818.38,2819.66,2819.74
TRENT,CASH VOL,601991,588825,204467,47.39,49.76,,,,,,13986,42276,49998,64488
TRENT,F&O VOL,31166,23176,,,,,,,,,824,2263,2970,3934
TRENT,F&O OI,73552,72319,,,,,,,,,73576,73784,73880,74018
TRENT,CALL VOL,16523,12866,,,,,,,,,538,1233,1734,2012
TRENT,CALL OI,12706,12872,,,,,,,,,14347,12754,14403,12763
TRENT,PUT VOL,6816,5834,,,,,,,,,201,502,644,930
TRENT,PUT OI,6877,6566,,,,,,,,,7109,6896,7105,6943
TVSMOTOR,PRICE,4151.1,4133.2,,,,4151.1,4148.87,4144.4,4236.95,4167.72,4136.0,4123.0,4123.0,4133.0
TVSMOTOR,VWAP,,,,,,,,,,,4144.52,4125.75,4125.59,4127.62
TVSMOTOR,CASH VOL,1044264,613492,285509,62.73,59.77,,,,,,24474,70757,85824,101753
TVSMOTOR,F&O VOL,42001,20826,,,,,,,,,1533,4900,6270,7525
TVSMOTOR,F&O OI,72243,71929,,,,,,,,,72404,72236,72388,72502
TVSMOTOR,CALL VOL,19572,9328,,,,,,,,,685,1708,3001,3453
TVSMOTOR,CALL OI,9669,9932,,,,,,,,,9869,7443,9966,9963
TVSMOTOR,PUT VOL,10186,4250,,,,,,,,,471,1593,1929,2300
TVSMOTOR,PUT OI,8594,8244,,,,,,,,,8536,7638,8457,8489
ULTRACEMCO,PRICE,10900.0,11009.0,,,,10896.0,10929.0,10909.67,11395.33,11370.0,10870.0,10867.0,10867.0,10894.0
ULTRACEMCO,VWAP,,,,,,,,,,,10878.0,10873.13,10888.41,10896.34
ULTRACEMCO,CASH VOL,325637,338272,103956,72.07,58.51,,,,,,4717,10136,17688,51431
ULTRACEMCO,F&O VOL,22034,26350,,,,,,,,,458,1698,3136,4003
ULTRACEMCO,F&O OI,68055,65036,,,,,,,,,68153,68301,68361,68520
ULTRACEMCO,CALL VOL,6182,3402,,,,,,,,,195,571,1176,1504
ULTRACEMCO,CALL OI,2378,1090,,,,,,,,,2429,2518,2538,2614
ULTRACEMCO,PUT VOL,4539,7017,,,,,,,,,57,322,574,716
ULTRACEMCO,PUT OI,3428,2929,,,,,,,,,3422,3416,3460,3491
UNIONBANK,PRICE,183.89,183.22,,,,182.69,183.38,182.35,186.91,186.28,183.0,183.0,183.0,182.0
UNIONBANK,VWAP,,,,,,,,,,,182.96,183.52,183.46,183.23
UNIONBANK,CASH VOL,7080822,5714683,1402959,44.49,48.34,,,,,,463541,1131358,1496409,2017108
UNIONBANK,F&O VOL,13138,14145,,,,,,,,,272,3028,3875,4626
UNIONBANK,F&O OI,41185,40005,,,,,,,,,41207,41148,41264,41414
UNIONBANK,CALL VOL,4878,6104,,,,,,,,,137,1333,1755,2068
UNIONBANK,CALL OI,6410,6322,,,,,,,,,6415,6446,6482,6566
UNIONBANK,PUT VOL,3132,3772,,,,,,,,,57,903,1078,1280
UNIONBANK,PUT OI,6729,6366,,,,,,,,,6738,6621,6606,6582
UNITDSPR,PRICE,1405.2,1440.0,,,,1405.2,1417.55,1409.32,1478.6,1474.0,1393.0,1400.0,1400.0,1407.0
UNITDSPR,VWAP,,,,,,,,,,,1396.07,1397.12,1398.29,1399.74
UNITDSPR,CASH VOL,493439,506102,115545,50.81,62.75,,,,,,14113,37600,43680,51382
UNITDSPR,F&O VOL,12419,5600,,,,,,,,,340,705,1134,1872
UNITDSPR,F&O OI,29071,28442,,,,,,,,,29112,29219,29277,29399
UNITDSPR,CALL VOL,3831,1595,,,,,,,,,126,292,474,847
UNITDSPR,CALL OI,1917,1427,,,,,,,,,1938,1962,2027,2096
UNITDSPR,PUT VOL,3221,1127,,,,,,,,,166,289,346,447
UNITDSPR,PUT OI,2111,1854,,,,,,,,,2129,2201,2197,2197
UNOMINDA,PRICE,1229.0,1237.0,,,,1239.4,1231.35,1229.78,1267.9,1255.77,1227.0,1224.0,1224.0,1225.0
UNOMINDA,VWAP,,,,,,,,,,,1231.7,1226.26,1226.48,1226.53
UNOMINDA,CASH VOL,375564,561339,175580,59.38,57.31,,,,,,13031,28745,43050,52822
UNOMINDA,F&O VOL,2706,3012,,,,,,,,,26,127,258,423
UNOMINDA,F&O OI,14997,15089,,,,,,,,,15001,15012,14975,14891
UNOMINDA,CALL VOL,866,1328,,,,,,,,,12,68,144,489
UNOMINDA,CALL OI,2814,2755,,,,,,,,,2821,2822,2800,2723
UNOMINDA,PUT VOL,677,958,,,,,,,,,0,18,54,82
UNOMINDA,PUT OI,1947,2043,,,,,,,,,1947,1956,1939,1939
UPL,PRICE,575.7,576.75,,,,578.0,574.95,573.45,579.71,574.83,576.0,575.0,575.0,575.0
UPL,VWAP,,,,,,,,,,,576.97,576.24,576.22,576.19
UPL,CASH VOL,1763304,1635290,311314,57.11,66.26,,,,,,243220,255350,264179,275540
UPL,F&O VOL,7102,4235,,,,,,,,,231,439,611,691
UPL,F&O OI,33111,33005,,,,,,,,,33119,33119,33136,33145
UPL,CALL VOL,3171,2064,,,,,,,,,103,212,316,361
UPL,CALL OI,4622,4675,,,,,,,,,4826,4832,4839,4635
UPL,PUT VOL,2212,1131,,,,,,,,,85,166,216,247
UPL,PUT OI,4171,4266,,,,,,,,,4036,4035,4044,4197
VBL,PRICE,407.0,405.7,,,,409.0,405.2,401.6,408.7,407.97,414.0,410.0,410.0,410.0
VBL,VWAP,,,,,,,,,,,413.0,411.83,411.68,411.57
VBL,CASH VOL,11284331,3722223,1812173,60.06,68.7,,,,,,937823,1528416,1843733,2097630
VBL,F&O VOL,36176,10301,,,,,,,,,5283,11682,14377,16229
VBL,F&O OI,99425,96501,,,,,,,,,99115,99588,99892,100101
VBL,CALL VOL,18355,5287,,,,,,,,,3389,7795,9491,10769
VBL,CALL OI,22684,21554,,,,,,,,,22353,22867,23056,23214
VBL,PUT VOL,9868,2310,,,,,,,,,901,2189,2821,3167
VBL,PUT OI,13430,13433,,,,,,,,,13427,13473,13492,13482
VEDL,PRICE,272.5,272.0,,,,273.75,272.38,272.15,275.88,273.36,273.0,273.0,273.0,272.0
VEDL,VWAP,,,,,,,,,,,273.9,273.85,273.82,273.47
VEDL,CASH VOL,8634652,5812809,2417432,57.41,47.24,,,,,,425633,668634,841575,1227438
VEDL,F&O VOL,36828,33830,,,,,,,,,1270,2103,2951,3916
VEDL,F&O OI,113123,113597,,,,,,,,,113339,113427,113434,113471
VEDL,CALL VOL,22256,22617,,,,,,,,,769,1285,1727,2355
VEDL,CALL OI,25926,26737,,,,,,,,,26097,26216,26206,26207
VEDL,PUT VOL,7185,6043,,,,,,,,,237,453,624,869
VEDL,PUT OI,16106,16071,,,,,,,,,16128,16150,16182,16208
VMM,PRICE,103.18,103.9,,,,103.15,103.25,103.21,109.1,107.13,102.0,102.0,102.0,102.0
VMM,VWAP,,,,,,,,,,,102.96,102.9,102.95,102.94
VMM,CASH VOL,6949596,8285305,2725210,51.39,46.27,,,,,,213419,519837,673946,923359
VMM,F&O VOL,3997,4320,,,,,,,,,80,196,664,861
VMM,F&O OI,22323,21698,,,,,,,,,22324,22327,22355,22460
VMM,CALL VOL,1616,2027,,,,,,,,,25,73,283,374
VMM,CALL OI,4024,3738,,,,,,,,,4026,4034,4018,4074
VMM,PUT VOL,706,915,,,,,,,,,6,37,135,170
VMM,PUT OI,3409,3252,,,,,,,,,3405,3408,3427,3454
VOLTAS,PRICE,1143.8,1144.8,,,,1142.5,1143.03,1141.5,1178.95,1172.98,1135.0,1137.0,1137.0,1142.0
VOLTAS,VWAP,,,,,,,,,,,1137.46,1135.67,1137.92,1140.08
VOLTAS,CASH VOL,475069,819033,194210,57.82,45.84,,,,,,22194,51150,82449,118980
VOLTAS,F&O VOL,20229,32763,,,,,,,,,766,2070,4359,5933
VOLTAS,F&O OI,60057,59511,,,,,,,,,60116,60234,60060,60113
VOLTAS,CALL VOL,7021,12612,,,,,,,,,401,1383,2690,3566
VOLTAS,CALL OI,7779,7349,,,,,,,,,7834,7920,7784,7858
VOLTAS,PUT VOL,8510,10566,,,,,,,,,221,580,1111,1510
VOLTAS,PUT OI,8018,7804,,,,,,,,,8040,8093,8092,8104
WAAREEENER,PRICE,2568.0,2571.0,,,,2570.0,2579.75,2571.92,2623.75,2601.25,2569.0,2568.0,2568.0,2567.0
WAAREEENER,VWAP,,,,,,,,,,,2575.99,2571.23,2571.24,2570.73
WAAREEENER,CASH VOL,282648,335895,74953,48.39,45.35,,,,,,35661,71165,92937,107775
WAAREEENER,F&O VOL,16325,8912,,,,,,,,,709,1626,2290,2843
WAAREEENER,F&O OI,62324,60351,,,,,,,,,62353,62551,62492,62529
WAAREEENER,CALL VOL,11990,5507,,,,,,,,,614,1363,1812,2426
WAAREEENER,CALL OI,11183,9504,,,,,,,,,11211,11365,11375,11419
WAAREEENER,PUT VOL,2360,1580,,,,,,,,,48,138,243,310
WAAREEENER,PUT OI,6087,6206,,,,,,,,,6089,6093,6089,6106
WIPRO,PRICE,167.0,171.5,,,,167.9,167.76,167.25,180.11,177.64,167.0,168.0,168.0,167.0
WIPRO,VWAP,,,,,,,,,,,167.31,167.96,168.04,167.94
WIPRO,CASH VOL,12001620,6948945,2717619,48.66,51.88,,,,,,1239436,2280314,2882361,3491021
WIPRO,F&O VOL,51671,31547,,,,,,,,,6569,12964,17064,19274
WIPRO,F&O OI,127666,119262,,,,,,,,,128706,129122,129616,129858
WIPRO,CALL VOL,19587,9155,,,,,,,,,2727,5812,7508,8420
WIPRO,CALL OI,13782,10709,,,,,,,,,14123,15323,14361,14672
WIPRO,PUT VOL,13102,7926,,,,,,,,,2320,3991,5737,6598
WIPRO,PUT OI,12205,11160,,,,,,,,,12513,12864,13121,13036
YESBANK,PRICE,22.42,22.52,,,,22.4,22.48,22.44,22.44,22.32,22.0,22.0,22.0,22.0
YESBANK,VWAP,,,,,,,,,,,22.37,22.37,22.37,22.35
YESBANK,CASH VOL,38540281,38612501,8791905,56.47,51.19,,,,,,2489236,4980126,6530969,9618668
YESBANK,F&O VOL,8679,6218,,,,,,,,,285,1186,1701,2662
YESBANK,F&O OI,55274,54390,,,,,,,,,55324,55338,55447,55724
YESBANK,CALL VOL,3999,2835,,,,,,,,,122,724,855,1670
YESBANK,CALL OI,9091,9108,,,,,,,,,9105,9123,9142,9388
YESBANK,PUT VOL,2191,1527,,,,,,,,,51,280,384,444
YESBANK,PUT OI,6680,6644,,,,,,,,,6680,6695,6714,6720
ZYDUSLIFE,PRICE,1127.4,1145.5,,,,1130.0,1142.25,1132.35,1153.5,1131.17,1128.0,1123.0,1123.0,1128.0
ZYDUSLIFE,VWAP,,,,,,,,,,,1128.59,1126.59,1126.76,1127.25
ZYDUSLIFE,CASH VOL,1185373,2009363,464568,58.55,51.36,,,,,,22501,46626,62696,79932
ZYDUSLIFE,F&O VOL,7469,13549,,,,,,,,,177,522,820,993
ZYDUSLIFE,F&O OI,21841,21397,,,,,,,,,21898,21914,21932,21922
ZYDUSLIFE,CALL VOL,2567,5020,,,,,,,,,60,166,305,
ZYDUSLIFE,CALL OI,2226,2087,,,,,,,,,2229,1860,2242,
ZYDUSLIFE,PUT VOL,1510,3160,,,,,,,,,19,74,140,
ZYDUSLIFE,PUT OI,2220,2210,,,,,,,,,2226,2105,2223,
