Symbol,Metric,PrevDay,PrevDay2,PrevLastHr,DelivPct,DelivPctPrev,Open,dTC,dBC,wTC,wBC,09:20,09:30,09:50,10:00,10:20,10:30
360ONE,PRICE,1045.6,1052.1,,,,1041.0,1052.15,1047.78,1104.55,1095.52,1040.0,1050.0,1050.0,1050.0,1052.0,1050.0
360ONE,VWAP,,,,,,,,,,,1045.23,1048.86,1050.53,1050.49,1050.73,1050.61
360ONE,CASH VOL,635279,896308,81967,71.85,53.08,,,,,,14742,34484,53183,67078,76857,93849
360ONE,F&O VOL,5536,6247,,,,,,,,,120,260,633,714,787,891
360ONE,F&O OI,16697,16998,,,,,,,,,16703,16693,16731,16741,16743,16722
360ONE,CALL VOL,1709,2240,,,,,,,,,39,102,272,316,339,364
360ONE,CALL OI,1621,1470,,,,,,,,,1254,1606,1623,1634,1630,1627
360ONE,PUT VOL,1487,1569,,,,,,,,,47,99,199,211,226,247
360ONE,PUT OI,2838,2790,,,,,,,,,2449,2851,2865,2866,2866,2860
ABB,PRICE,6980.0,7005.0,,,,6980.0,6979.42,6978.25,7326.5,7291.5,6991.0,7094.0,7094.0,7092.0,7090.0,7083.0
ABB,VWAP,,,,,,,,,,,7003.67,7053.15,7072.22,7074.67,7075.46,7075.67
ABB,CASH VOL,115646,195095,21615,39.16,47.84,,,,,,8474,28593,38149,44250,46432,49325
ABB,F&O VOL,15058,24161,,,,,,,,,285,2211,6213,7239,7675,8097
ABB,F&O OI,29628,29283,,,,,,,,,29635,29543,29789,29892,29918,29880
ABB,CALL VOL,5776,10035,,,,,,,,,109,1261,2728,3343,3529,3752
ABB,CALL OI,5216,4903,,,,,,,,,4420,5075,5136,5213,5206,5160
ABB,PUT VOL,5706,8400,,,,,,,,,106,533,2268,2633,2732,2828
ABB,PUT OI,5591,5643,,,,,,,,,5513,5670,5862,5892,5874,5872
ABCAPITAL,PRICE,381.3,378.8,,,,382.0,381.21,381.02,397.88,395.96,382.0,385.0,385.0,385.0,385.0,383.0
ABCAPITAL,VWAP,,,,,,,,,,,383.92,384.8,384.94,384.87,384.91,384.6
ABCAPITAL,CASH VOL,1287557,2529778,371820,48.99,50.44,,,,,,43422,115315,189283,267648,303223,366756
ABCAPITAL,F&O VOL,6740,14512,,,,,,,,,309,917,1764,1990,2326,2835
ABCAPITAL,F&O OI,22252,22302,,,,,,,,,22232,22243,22189,22217,22239,22319
ABCAPITAL,CALL VOL,2257,4118,,,,,,,,,107,382,838,1012,1147,1199
ABCAPITAL,CALL OI,2001,2000,,,,,,,,,2787,2751,2700,2719,2731,2038
ABCAPITAL,PUT VOL,2264,4327,,,,,,,,,112,304,541,636,700,824
ABCAPITAL,PUT OI,3453,3389,,,,,,,,,3650,3684,3681,3695,3707,3491
ADANIENSOL,PRICE,1349.2,1347.5,,,,1346.0,1356.45,1351.62,1405.1,1383.7,1348.0,1347.0,1347.0,1350.0,1353.0,1349.0
ADANIENSOL,VWAP,,,,,,,,,,,1352.27,1349.13,1345.83,1346.65,1347.87,1347.87
ADANIENSOL,CASH VOL,946914,822951,193029,43.59,42.21,,,,,,45506,95558,173923,234772,282549,310967
ADANIENSOL,F&O VOL,9191,12561,,,,,,,,,240,700,1864,2431,2845,3124
ADANIENSOL,F&O OI,54591,54663,,,,,,,,,54664,54780,54802,54761,54664,54650
ADANIENSOL,CALL VOL,2792,4169,,,,,,,,,123,331,813,1206,1314,1262
ADANIENSOL,CALL OI,4254,4308,,,,,,,,,4828,4321,4343,4870,4814,4288
ADANIENSOL,PUT VOL,1435,2400,,,,,,,,,83,131,511,603,683,714
ADANIENSOL,PUT OI,3596,3654,,,,,,,,,3791,3652,3589,3753,3725,3569
ADANIENT,PRICE,2920.0,2928.6,,,,2930.1,2943.6,2927.87,3050.0,3030.0,2920.0,2935.0,2935.0,2936.0,2939.0,2930.0
ADANIENT,VWAP,,,,,,,,,,,2931.74,2931.03,2930.35,2930.68,2932.14,2930.86
ADANIENT,CASH VOL,764624,1783310,169108,24.68,51.64,,,,,,42215,81355,145559,161058,186121,219548
ADANIENT,F&O VOL,46123,79492,,,,,,,,,1431,4107,8124,9720,12869,15320
ADANIENT,F&O OI,97513,96523,,,,,,,,,97626,97798,98086,97989,98560,98774
ADANIENT,CALL VOL,19833,27893,,,,,,,,,1178,2449,4731,5489,6583,6814
ADANIENT,CALL OI,16412,15972,,,,,,,,,20728,20898,21171,21197,21206,17075
ADANIENT,PUT VOL,14440,28384,,,,,,,,,396,956,2065,2428,3114,3927
ADANIENT,PUT OI,12123,11827,,,,,,,,,13832,13878,13942,13968,13983,12229
ADANIGREEN,PRICE,1270.2,1255.0,,,,1268.5,1267.22,1261.25,1306.45,1289.68,1269.0,1273.0,1273.0,1273.0,1274.0,1274.0
ADANIGREEN,VWAP,,,,,,,,,,,1271.65,1272.55,1272.16,1272.27,1272.83,1272.64
ADANIGREEN,CASH VOL,624972,980470,145352,30.63,50.06,,,,,,48005,78021,117717,132224,153379,184688
ADANIGREEN,F&O VOL,11054,15437,,,,,,,,,594,1104,1803,2147,2488,2910
ADANIGREEN,F&O OI,56462,56518,,,,,,,,,56498,56506,56526,56554,56525,56545
ADANIGREEN,CALL VOL,5569,6879,,,,,,,,,338,602,1001,1198,1391,1594
ADANIGREEN,CALL OI,5826,5795,,,,,,,,,5820,5859,5878,5901,5890,5898
ADANIGREEN,PUT VOL,2991,4394,,,,,,,,,172,333,543,642,757,867
ADANIGREEN,PUT OI,4084,4017,,,,,,,,,4105,4110,4112,4118,4100,4100
ADANIPORTS,PRICE,1723.8,1713.8,,,,1731.0,1723.35,1722.45,1754.92,1735.55,1728.0,1731.0,1731.0,1734.0,1736.0,1734.0
ADANIPORTS,VWAP,,,,,,,,,,,1732.56,1732.63,1731.39,1732.07,1732.66,1732.92
ADANIPORTS,CASH VOL,1060410,1610729,281315,52.16,57.2,,,,,,44232,87046,122376,162625,183503,231460
ADANIPORTS,F&O VOL,26291,36362,,,,,,,,,709,1919,3556,4948,6276,7584
ADANIPORTS,F&O OI,71128,71487,,,,,,,,,71176,71198,71143,71079,71045,71070
ADANIPORTS,CALL VOL,11594,16885,,,,,,,,,453,1136,2084,2763,3347,4004
ADANIPORTS,CALL OI,15362,15562,,,,,,,,,15354,15384,15403,15318,15314,15350
ADANIPORTS,PUT VOL,9763,11516,,,,,,,,,299,586,1060,1723,2095,2429
ADANIPORTS,PUT OI,11520,11377,,,,,,,,,11570,11563,11531,11555,11505,11438
ADANIPOWER,PRICE,202.34,202.0,,,,202.34,202.7,202.46,210.11,210.02,202.0,204.0,204.0,204.0,204.0,204.0
ADANIPOWER,VWAP,,,,,,,,,,,203.67,203.87,204.02,204.11,204.15,204.15
ADANIPOWER,CASH VOL,12105905,14417003,2238202,36.68,46.77,,,,,,759823,1498736,2810785,3253780,3444400,3661414
ADANIPOWER,F&O VOL,32708,38930,,,,,,,,,1210,2573,6634,8324,9407,10636
ADANIPOWER,F&O OI,86343,85858,,,,,,,,,86507,86785,87049,87014,87104,87063
ADANIPOWER,CALL VOL,18208,21248,,,,,,,,,660,1507,3747,4704,5262,5846
ADANIPOWER,CALL OI,15537,15566,,,,,,,,,15577,15738,15788,15746,15814,15832
ADANIPOWER,PUT VOL,8195,10394,,,,,,,,,199,504,1632,2045,2334,2894
ADANIPOWER,PUT OI,10262,10365,,,,,,,,,10259,10345,10337,10329,10311,10241
ALKEM,PRICE,5175.0,5161.0,,,,5175.0,5206.75,5185.58,5146.75,5107.25,5181.0,5165.0,5165.0,5196.0,5198.0,5196.0
ALKEM,VWAP,,,,,,,,,,,5184.83,5174.79,5176.93,5182.07,5184.07,5184.54
ALKEM,CASH VOL,304188,253213,96611,62.3,44.53,,,,,,1283,6592,10483,13617,16039,16869
ALKEM,F&O VOL,12714,22916,,,,,,,,,62,350,936,1193,1324,1480
ALKEM,F&O OI,19900,18988,,,,,,,,,19914,19927,19954,19962,19982,19991
ALKEM,CALL VOL,5781,12040,,,,,,,,,34,146,476,593,650,740
ALKEM,CALL OI,1913,1860,,,,,,,,,1887,1890,1923,1911,1908,1914
ALKEM,PUT VOL,3132,5456,,,,,,,,,13,98,207,293,314,330
ALKEM,PUT OI,1813,1742,,,,,,,,,1905,1920,1836,1836,1838,1841
AMBER,PRICE,6930.0,7000.0,,,,6918.0,6926.0,6918.0,7299.5,7263.17,6895.0,6994.0,6994.0,7029.0,7035.0,7035.0
AMBER,VWAP,,,,,,,,,,,6942.17,6965.06,6987.42,6994.6,6997.81,7006.4
AMBER,CASH VOL,142671,145928,37031,34.77,34.12,,,,,,8080,15421,25037,30030,32929,40258
AMBER,F&O VOL,14924,14454,,,,,,,,,587,2761,5194,5876,6772,7683
AMBER,F&O OI,28952,27946,,,,,,,,,29021,29125,29256,29174,29301,29184
AMBER,CALL VOL,6071,5399,,,,,,,,,464,1336,2828,3371,3710,4290
AMBER,CALL OI,4872,4392,,,,,,,,,4907,4981,5096,5035,5026,4951
AMBER,PUT VOL,4807,3507,,,,,,,,,97,540,1076,1221,1487,1693
AMBER,PUT OI,4385,4121,,,,,,,,,4402,4471,4424,4430,4474,4444
AMBUJACEM,PRICE,381.05,381.75,,,,381.05,382.5,381.53,396.5,393.4,383.0,385.0,385.0,384.0,384.0,383.0
AMBUJACEM,VWAP,,,,,,,,,,,383.86,384.94,384.74,384.48,384.49,384.41
AMBUJACEM,CASH VOL,1033371,1367462,275434,42.09,44.99,,,,,,37721,121749,163242,215158,239428,260234
AMBUJACEM,F&O VOL,9781,15956,,,,,,,,,254,1412,2136,2582,2950,3233
AMBUJACEM,F&O OI,102073,101570,,,,,,,,,102061,102032,102094,102202,102218,102217
AMBUJACEM,CALL VOL,4424,7168,,,,,,,,,124,789,1163,1346,1518,1630
AMBUJACEM,CALL OI,6793,6577,,,,,,,,,6785,6759,6786,6818,6828,6828
AMBUJACEM,PUT VOL,1386,2844,,,,,,,,,39,185,306,448,550,588
AMBUJACEM,PUT OI,4115,4121,,,,,,,,,4101,4079,4127,4181,4180,4184
ANGELONE,PRICE,293.5,297.5,,,,292.9,295.45,294.15,302.74,298.23,294.0,296.0,296.0,295.0,296.0,294.0
ANGELONE,VWAP,,,,,,,,,,,294.62,295.3,295.71,295.67,295.67,295.47
ANGELONE,CASH VOL,2878370,5536817,588226,33.95,35.69,,,,,,108468,285593,411907,512829,556408,663163
ANGELONE,F&O VOL,20356,30018,,,,,,,,,365,986,1954,2275,2555,2993
ANGELONE,F&O OI,29172,29254,,,,,,,,,29181,29252,29202,29227,29266,29295
ANGELONE,CALL VOL,9012,13594,,,,,,,,,207,507,1049,1229,1381,1635
ANGELONE,CALL OI,8493,8057,,,,,,,,,8521,8539,8556,8601,8619,8669
ANGELONE,PUT VOL,6008,6833,,,,,,,,,115,214,478,573,614,683
ANGELONE,PUT OI,4129,4349,,,,,,,,,4101,4117,4053,4044,4047,4030
APLAPOLLO,PRICE,2120.0,2119.3,,,,2110.0,2109.03,2087.1,2182.4,2163.13,2130.0,2130.0,2130.0,2144.0,2146.0,2136.0
APLAPOLLO,VWAP,,,,,,,,,,,2129.69,2129.22,2135.15,2135.6,2136.67,2138.13
APLAPOLLO,CASH VOL,925656,434016,160414,52.41,50.59,,,,,,12109,27118,72998,77389,85463,129552
APLAPOLLO,F&O VOL,20899,12257,,,,,,,,,249,820,2469,3150,3753,4298
APLAPOLLO,F&O OI,50739,49255,,,,,,,,,50774,50785,50908,50975,51000,51019
APLAPOLLO,CALL VOL,8442,4972,,,,,,,,,103,360,1165,1353,1508,1703
APLAPOLLO,CALL OI,4441,3806,,,,,,,,,4456,4471,4445,4426,4429,4441
APLAPOLLO,PUT VOL,4299,2631,,,,,,,,,51,142,540,676,852,1040
APLAPOLLO,PUT OI,3155,3020,,,,,,,,,3154,3152,3190,3213,3252,3276
APOLLOHOSP,PRICE,8696.5,8714.0,,,,8707.0,8732.5,8708.5,8837.0,8836.33,8706.0,8725.0,8725.0,8784.0,8788.0,8769.0
APOLLOHOSP,VWAP,,,,,,,,,,,8724.14,8728.69,8741.5,8753.92,8757.87,8760.07
APOLLOHOSP,CASH VOL,232987,247091,60680,65.22,61.9,,,,,,2348,5434,11142,16186,18247,22235
APOLLOHOSP,F&O VOL,18217,21021,,,,,,,,,732,1662,3085,4414,5224,6033
APOLLOHOSP,F&O OI,38699,38511,,,,,,,,,38716,38789,38744,38657,38640,38627
APOLLOHOSP,CALL VOL,8674,10473,,,,,,,,,431,960,1846,2609,2975,3442
APOLLOHOSP,CALL OI,7947,7844,,,,,,,,,6806,6812,7896,7805,7764,7759
APOLLOHOSP,PUT VOL,6321,7292,,,,,,,,,256,531,999,1447,1723,1996
APOLLOHOSP,PUT OI,5440,5393,,,,,,,,,6066,6120,5507,5511,5505,5484
ASHOKLEY,PRICE,156.5,156.65,,,,156.89,156.49,156.48,166.06,164.52,156.0,158.0,158.0,158.0,158.0,158.0
ASHOKLEY,VWAP,,,,,,,,,,,157.45,157.86,158.05,158.07,158.08,158.06
ASHOKLEY,CASH VOL,10320454,17917014,2194965,45.32,49.55,,,,,,548898,1127302,1734185,1888646,2091910,2257694
ASHOKLEY,F&O VOL,29453,41117,,,,,,,,,939,3577,6572,7177,7919,9074
ASHOKLEY,F&O OI,61639,61222,,,,,,,,,61797,62001,61780,61900,62018,62031
ASHOKLEY,CALL VOL,11191,13870,,,,,,,,,337,1314,2610,2870,3143,3541
ASHOKLEY,CALL OI,6339,5885,,,,,,,,,6334,6361,6231,6274,6338,6372
ASHOKLEY,PUT VOL,7430,10192,,,,,,,,,409,1094,1948,2140,2259,2580
ASHOKLEY,PUT OI,7262,7211,,,,,,,,,7404,7499,7481,7542,7583,7570
ASIANPAINT,PRICE,2416.6,2402.8,,,,2424.0,2420.95,2418.05,2483.15,2476.05,2432.0,2428.0,2428.0,2433.0,2432.0,2431.0
ASIANPAINT,VWAP,,,,,,,,,,,2435.93,2432.29,2431.18,2431.07,2431.16,2430.94
ASIANPAINT,CASH VOL,591671,539643,250946,57.83,61.62,,,,,,26697,55864,76642,105309,115510,130725
ASIANPAINT,F&O VOL,28608,28178,,,,,,,,,1015,2847,4109,5449,6018,6397
ASIANPAINT,F&O OI,66064,67074,,,,,,,,,66187,66234,66360,66423,66435,66364
ASIANPAINT,CALL VOL,8784,8312,,,,,,,,,528,1269,1815,2335,2462,2540
ASIANPAINT,CALL OI,4664,4837,,,,,,,,,5852,5928,4900,6045,4908,4907
ASIANPAINT,PUT VOL,8979,9441,,,,,,,,,434,786,1136,1370,1682,1783
ASIANPAINT,PUT OI,7626,7612,,,,,,,,,7383,7432,7703,7463,7731,7717
ASTRAL,PRICE,1382.5,1379.6,,,,1370.1,1379.32,1372.95,1454.95,1425.92,1376.0,1380.0,1380.0,1386.0,1386.0,1383.0
ASTRAL,VWAP,,,,,,,,,,,1377.65,1378.31,1378.76,1379.79,1380.72,1380.97
ASTRAL,CASH VOL,523897,609291,120783,58.58,60.39,,,,,,46093,74423,107207,130520,143801,156662
ASTRAL,F&O VOL,20469,13071,,,,,,,,,1953,2846,3841,4591,5150,5442
ASTRAL,F&O OI,32627,28067,,,,,,,,,32473,32241,31780,31771,31650,31603
ASTRAL,CALL VOL,3497,3593,,,,,,,,,381,570,788,1035,1180,1241
ASTRAL,CALL OI,2379,2036,,,,,,,,,2319,2336,2325,2357,2359,2353
ASTRAL,PUT VOL,4700,2885,,,,,,,,,515,668,930,1150,1282,1372
ASTRAL,PUT OI,3055,2040,,,,,,,,,2983,2939,2878,2851,2840,2856
AUBANK,PRICE,1033.2,1028.0,,,,1026.2,1031.0,1026.6,1057.78,1055.55,1029.0,1037.0,1037.0,1042.0,1043.0,1039.0
AUBANK,VWAP,,,,,,,,,,,1030.5,1032.74,1035.51,1037.82,1038.5,1038.66
AUBANK,CASH VOL,1013402,815819,506561,59.59,63.41,,,,,,13864,39027,72717,126231,148027,174549
AUBANK,F&O VOL,11365,13947,,,,,,,,,307,1205,2238,3650,4067,4278
AUBANK,F&O OI,40614,40480,,,,,,,,,40707,40701,40621,40589,40540,40510
AUBANK,CALL VOL,5358,6104,,,,,,,,,162,571,1100,1811,2024,2107
AUBANK,CALL OI,7015,6917,,,,,,,,,6096,7030,6932,6938,6888,6864
AUBANK,PUT VOL,3304,3672,,,,,,,,,132,418,720,1197,1336,1395
AUBANK,PUT OI,6372,6225,,,,,,,,,6010,6436,6439,6466,6483,6471
AUROPHARMA,PRICE,1643.0,1660.0,,,,1634.0,1642.02,1640.05,1678.2,1675.0,1644.0,1654.0,1654.0,1669.0,1671.0,1670.0
AUROPHARMA,VWAP,,,,,,,,,,,1651.18,1653.97,1656.67,1658.7,1662.45,1664.05
AUROPHARMA,CASH VOL,522849,438757,126525,47.58,48.73,,,,,,41283,68510,94550,111007,146252,171941
AUROPHARMA,F&O VOL,13805,16547,,,,,,,,,785,1796,3181,4033,5726,6506
AUROPHARMA,F&O OI,37237,36769,,,,,,,,,37270,37279,37228,37130,37102,37171
AUROPHARMA,CALL VOL,6014,8198,,,,,,,,,431,878,1446,1967,2766,3126
AUROPHARMA,CALL OI,8928,8770,,,,,,,,,8851,8818,8780,8895,8871,8901
AUROPHARMA,PUT VOL,4249,4770,,,,,,,,,296,564,1072,1335,1668,1925
AUROPHARMA,PUT OI,4096,3879,,,,,,,,,4371,4350,4368,4038,4024,4055
AXISBANK,PRICE,1241.0,1222.9,,,,1238.0,1240.03,1238.1,1250.85,1247.62,1240.0,1251.0,1251.0,1256.0,1256.0,1256.0
AXISBANK,VWAP,,,,,,,,,,,1240.25,1246.42,1248.93,1251.72,1252.34,1253.05
AXISBANK,CASH VOL,5799541,5698466,1049662,64.09,58.26,,,,,,159295,298008,434954,645054,760049,923494
AXISBANK,F&O VOL,122327,83369,,,,,,,,,2693,11564,19367,25758,28188,32005
AXISBANK,F&O OI,200056,201454,,,,,,,,,199868,200592,200620,201046,201147,201171
AXISBANK,CALL VOL,67143,41696,,,,,,,,,2710,6779,11365,14930,16205,18189
AXISBANK,CALL OI,28436,29461,,,,,,,,,26222,28472,28083,28019,28004,27857
AXISBANK,PUT VOL,41615,25110,,,,,,,,,1648,4097,6469,8693,9616,11052
AXISBANK,PUT OI,15738,14817,,,,,,,,,16763,16058,16280,16641,16734,16792
BAJAJ-AUTO,PRICE,11593.0,11424.0,,,,11568.0,11557.83,11487.5,11712.5,11689.5,11527.0,11557.0,11557.0,11550.0,11552.0,11576.0
BAJAJ-AUTO,VWAP,,,,,,,,,,,11534.33,11543.56,11543.39,11545.2,11547.0,11549.3
BAJAJ-AUTO,CASH VOL,305528,236796,63544,57.12,62.28,,,,,,9692,14616,17091,19567,22482,25037
BAJAJ-AUTO,F&O VOL,44817,46251,,,,,,,,,867,3125,4802,5991,6625,8069
BAJAJ-AUTO,F&O OI,61881,61329,,,,,,,,,61926,61990,62100,62169,62249,62238
BAJAJ-AUTO,CALL VOL,16487,15405,,,,,,,,,310,1124,1709,1979,2305,2893
BAJAJ-AUTO,CALL OI,7854,7924,,,,,,,,,7166,7949,8044,7370,8111,8234
BAJAJ-AUTO,PUT VOL,12625,14551,,,,,,,,,527,1071,1540,2273,2117,2417
BAJAJ-AUTO,PUT OI,10916,10779,,,,,,,,,12459,10904,10892,12355,10889,10887
BAJAJFINSV,PRICE,1837.0,1855.5,,,,1837.0,1853.85,1842.62,1934.0,1920.33,1844.0,1857.0,1857.0,1851.0,1852.0,1847.0
BAJAJFINSV,VWAP,,,,,,,,,,,1844.57,1851.44,1850.91,1850.73,1850.72,1850.26
BAJAJFINSV,CASH VOL,613789,486164,190470,60.02,57.31,,,,,,16790,45745,65454,77603,84449,91832
BAJAJFINSV,F&O VOL,19771,27532,,,,,,,,,1016,2786,4119,4594,5050,5511
BAJAJFINSV,F&O OI,62525,61562,,,,,,,,,62659,62696,62888,62960,62980,63068
BAJAJFINSV,CALL VOL,6855,7675,,,,,,,,,630,1551,2086,2521,2612,2847
BAJAJFINSV,CALL OI,4429,3618,,,,,,,,,4576,6584,4693,6763,4786,4796
BAJAJFINSV,PUT VOL,5848,8593,,,,,,,,,264,715,1141,1192,1367,1481
BAJAJFINSV,PUT OI,8191,8056,,,,,,,,,8207,8501,8314,8588,8340,8365
BAJAJHLDNG,PRICE,10930.0,11100.0,,,,10928.0,11007.5,10955.83,11109.67,11061.0,10912.0,10990.0,10990.0,10982.0,11000.0,10969.0
BAJAJHLDNG,VWAP,,,,,,,,,,,10963.75,10978.96,10983.56,10982.71,10983.4,10983.02
BAJAJHLDNG,CASH VOL,25570,56888,7460,54.78,61.82,,,,,,3061,5215,6843,7708,7870,8222
BAJAJHLDNG,F&O VOL,4768,6847,,,,,,,,,195,558,920,984,1011,1056
BAJAJHLDNG,F&O OI,5612,5153,,,,,,,,,5631,5626,5526,5511,5514,5519
BAJAJHLDNG,CALL VOL,450,589,,,,,,,,,15,45,75,82,82,94
BAJAJHLDNG,CALL OI,847,739,,,,,,,,,840,841,843,844,844,845
BAJAJHLDNG,PUT VOL,213,105,,,,,,,,,0,0,0,1,1,1
BAJAJHLDNG,PUT OI,473,451,,,,,,,,,473,473,473,473,473,473
BAJFINANCE,PRICE,1006.2,1009.2,,,,1010.0,1012.75,1008.38,1042.55,1037.18,1018.0,1025.0,1025.0,1025.0,1026.0,1016.0
BAJFINANCE,VWAP,,,,,,,,,,,1016.67,1021.64,1022.22,1022.67,1022.17,1021.2
BAJFINANCE,CASH VOL,4190272,5792124,1260154,70.78,70.1,,,,,,173711,524333,711246,933908,1212169,1439954
BAJFINANCE,F&O VOL,28493,46103,,,,,,,,,2525,12185,17959,21106,24551,28028
BAJFINANCE,F&O OI,143604,143147,,,,,,,,,143939,145075,145220,145369,145330,145505
BAJFINANCE,CALL VOL,9348,14967,,,,,,,,,1654,7830,10529,12997,13766,14659
BAJFINANCE,CALL OI,8352,7860,,,,,,,,,9820,12393,10719,12584,10926,9961
BAJFINANCE,PUT VOL,8976,11799,,,,,,,,,732,2314,4019,4339,5564,6532
BAJFINANCE,PUT OI,12477,12307,,,,,,,,,12993,13507,13264,13676,13211,12732
BANDHANBNK,PRICE,172.5,172.45,,,,172.0,172.16,171.48,174.38,170.1,172.0,174.0,174.0,173.0,173.0,172.0
BANDHANBNK,VWAP,,,,,,,,,,,172.49,173.64,173.63,173.63,173.63,173.59
BANDHANBNK,CASH VOL,8261916,10329258,2368772,42.38,45.42,,,,,,265574,1091867,1273268,1393244,1452046,1543619
BANDHANBNK,F&O VOL,926,1883,,,,,,,,,20,42,54,63,64,69
BANDHANBNK,F&O OI,48922,49502,,,,,,,,,48922,48916,48909,48899,48897,48896
BANDHANBNK,CALL VOL,133,356,,,,,,,,,0,6,13,17,17,19
BANDHANBNK,CALL OI,8157,8217,,,,,,,,,8157,8156,8154,8151,8151,8151
BANDHANBNK,PUT VOL,55,447,,,,,,,,,1,4,4,5,6,6
BANDHANBNK,PUT OI,5373,5402,,,,,,,,,5373,5372,5372,5369,5369,5369
BANKBARODA,PRICE,234.98,232.7,,,,233.6,234.59,233.81,237.91,237.48,234.0,235.0,235.0,235.0,235.0,234.0
BANKBARODA,VWAP,,,,,,,,,,,234.5,235.36,235.55,235.45,235.41,235.23
BANKBARODA,CASH VOL,5789637,7383660,1576688,50.21,51.93,,,,,,165076,501340,744124,999283,1148727,1386095
BANKBARODA,F&O VOL,20205,26486,,,,,,,,,617,3852,5591,6980,7376,8429
BANKBARODA,F&O OI,84654,84608,,,,,,,,,84696,84493,84438,84490,84512,84612
BANKBARODA,CALL VOL,11882,13892,,,,,,,,,514,2284,3274,4060,4270,4888
BANKBARODA,CALL OI,14840,14758,,,,,,,,,14856,14706,14593,14623,14634,14719
BANKBARODA,PUT VOL,5434,7298,,,,,,,,,220,1181,1664,2106,2211,2469
BANKBARODA,PUT OI,11710,11664,,,,,,,,,11712,11783,11836,11792,11803,11772
BANKINDIA,PRICE,137.81,137.61,,,,137.91,138.1,137.91,141.38,140.46,139.0,140.0,140.0,140.0,140.0,139.0
BANKINDIA,VWAP,,,,,,,,,,,139.52,139.98,140.21,140.23,140.24,140.22
BANKINDIA,CASH VOL,5030108,4479489,1066668,43.61,44.76,,,,,,464067,1295341,1950038,2092164,2229037,2454485
BANKINDIA,F&O VOL,6784,7876,,,,,,,,,180,1909,2934,3228,3372,3738
BANKINDIA,F&O OI,27305,27493,,,,,,,,,27303,27207,27305,27330,27350,27326
BANKINDIA,CALL VOL,3203,3297,,,,,,,,,96,1394,1906,2091,2151,2343
BANKINDIA,CALL OI,4736,4902,,,,,,,,,4730,4645,4707,4711,4725,4712
BANKINDIA,PUT VOL,1710,1783,,,,,,,,,48,292,507,565,608,710
BANKINDIA,PUT OI,5463,5438,,,,,,,,,5474,5485,5530,5550,5552,5533
BDL,PRICE,1136.0,1135.0,,,,1130.0,1129.65,1116.95,1216.0,1198.67,1133.0,1141.0,1141.0,1143.0,1143.0,1146.0
BDL,VWAP,,,,,,,,,,,1138.82,1140.28,1140.79,1140.78,1140.91,1141.16
BDL,CASH VOL,1708626,1293584,180054,29.73,39.3,,,,,,80832,147306,190543,214711,230891,263520
BDL,F&O VOL,52293,45314,,,,,,,,,1265,4428,5917,7288,8278,9904
BDL,F&O OI,66042,65702,,,,,,,,,66232,66516,66586,66601,66702,66678
BDL,CALL VOL,19916,12453,,,,,,,,,786,2083,2692,3272,3555,4120
BDL,CALL OI,7885,7230,,,,,,,,,8044,8150,8216,8183,8226,8142
BDL,PUT VOL,16247,10611,,,,,,,,,353,1321,1700,2012,2177,2461
BDL,PUT OI,7953,6747,,,,,,,,,7979,8147,8174,8156,8156,8121
BEL,PRICE,385.75,382.9,,,,387.0,386.15,385.88,407.62,405.44,391.0,392.0,392.0,391.0,391.0,391.0
BEL,VWAP,,,,,,,,,,,391.42,391.76,391.77,391.77,391.75,391.71
BEL,CASH VOL,10138395,16741114,2348048,52.52,57.62,,,,,,732928,1192776,1424311,1636043,1735695,1869215
BEL,F&O VOL,73412,135498,,,,,,,,,8140,17577,22669,24952,26592,30791
BEL,F&O OI,150531,150415,,,,,,,,,150375,150552,150231,150213,150157,150771
BEL,CALL VOL,34535,59579,,,,,,,,,6417,11535,13156,14371,15042,16576
BEL,CALL OI,26790,26140,,,,,,,,,31231,31316,26779,26678,26695,26757
BEL,PUT VOL,18643,33572,,,,,,,,,1272,3059,4146,4806,5150,6034
BEL,PUT OI,16384,16318,,,,,,,,,17820,17915,16561,16593,16570,16635
BHARATFORG,PRICE,1885.0,1877.2,,,,1885.9,1881.33,1874.0,1968.05,1952.62,1881.0,1892.0,1892.0,1901.0,1903.0,1906.0
BHARATFORG,VWAP,,,,,,,,,,,1886.76,1892.71,1894.81,1895.62,1896.48,1896.98
BHARATFORG,CASH VOL,638432,293090,179600,52.46,47.53,,,,,,11623,60054,72922,80337,92442,99026
BHARATFORG,F&O VOL,11394,13344,,,,,,,,,398,1415,2714,3117,3460,3788
BHARATFORG,F&O OI,32210,31280,,,,,,,,,32268,32513,32539,32640,32629,32642
BHARATFORG,CALL VOL,4523,5174,,,,,,,,,178,544,1103,1319,1434,1592
BHARATFORG,CALL OI,3366,2976,,,,,,,,,2601,3393,3353,3419,3407,3408
BHARATFORG,PUT VOL,2360,3231,,,,,,,,,97,324,583,646,719,740
BHARATFORG,PUT OI,3608,3392,,,,,,,,,2947,3657,3666,3669,3650,3645
BHARTIARTL,PRICE,1835.0,1830.4,,,,1841.8,1832.77,1828.3,1834.25,1832.15,1831.0,1832.0,1832.0,1832.0,1834.0,1833.0
BHARTIARTL,VWAP,,,,,,,,,,,1834.42,1833.19,1832.02,1832.12,1833.52,1833.71
BHARTIARTL,CASH VOL,2925053,4066471,1004111,71.7,70.08,,,,,,253933,324445,399056,462184,690126,787566
BHARTIARTL,F&O VOL,61798,85510,,,,,,,,,2355,6143,9953,12208,16826,19350
BHARTIARTL,F&O OI,215080,216738,,,,,,,,,215222,215556,215748,215977,216175,216311
BHARTIARTL,CALL VOL,31128,40929,,,,,,,,,1708,3522,5830,6927,9997,11354
BHARTIARTL,CALL OI,32686,33139,,,,,,,,,32797,33065,33079,33168,33407,33537
BHARTIARTL,PUT VOL,18673,26891,,,,,,,,,827,1734,2607,3357,4693,5355
BHARTIARTL,PUT OI,22206,22064,,,,,,,,,22197,22266,22339,22371,22340,22322
BHEL,PRICE,410.6,412.85,,,,411.55,411.7,410.97,429.7,427.1,411.0,418.0,418.0,418.0,419.0,418.0
BHEL,VWAP,,,,,,,,,,,413.8,416.19,418.0,418.15,418.25,418.23
BHEL,CASH VOL,7088021,7340842,3087251,49.56,55.97,,,,,,301531,754458,1167205,1355353,1438879,1559571
BHEL,F&O VOL,34184,30117,,,,,,,,,904,5275,10294,11823,12456,13444
BHEL,F&O OI,54346,53211,,,,,,,,,54447,54097,54000,53959,53972,54025
BHEL,CALL VOL,16012,10928,,,,,,,,,583,3235,5691,6381,6780,7233
BHEL,CALL OI,9390,8631,,,,,,,,,8779,8921,8581,8623,8650,8671
BHEL,PUT VOL,9306,8379,,,,,,,,,327,1361,2439,2825,2997,3239
BHEL,PUT OI,5845,5651,,,,,,,,,6279,5920,6056,6013,5987,6028
BIOCON,PRICE,374.4,382.0,,,,374.0,378.5,375.77,394.3,391.87,371.0,375.0,375.0,375.0,375.0,374.0
BIOCON,VWAP,,,,,,,,,,,373.83,375.31,375.53,375.61,375.57,375.47
BIOCON,CASH VOL,1763053,2543144,511299,40.43,44.1,,,,,,95254,243022,326963,400992,429871,510421
BIOCON,F&O VOL,22507,19220,,,,,,,,,821,3467,4306,4999,5488,6690
BIOCON,F&O OI,45308,44853,,,,,,,,,45350,45437,45556,45646,45666,45707
BIOCON,CALL VOL,8508,7157,,,,,,,,,562,1892,2431,2861,3062,3391
BIOCON,CALL OI,5495,4544,,,,,,,,,5509,5478,5550,5591,5629,5619
BIOCON,PUT VOL,4860,4753,,,,,,,,,161,549,719,890,952,1168
BIOCON,PUT OI,4473,4400,,,,,,,,,4461,4482,4487,4511,4488,4538
BLUESTARCO,PRICE,1504.0,1483.0,,,,1499.9,1500.5,1493.5,1538.23,1498.7,1494.0,1517.0,1517.0,1528.0,1525.0,1525.0
BLUESTARCO,VWAP,,,,,,,,,,,1504.55,1510.68,1515.45,1518.57,1519.47,1520.08
BLUESTARCO,CASH VOL,525657,509083,190554,44.68,40.67,,,,,,10006,23197,38907,54656,62893,71545
BLUESTARCO,F&O VOL,12921,16509,,,,,,,,,185,826,1997,2867,3632,4939
BLUESTARCO,F&O OI,33089,30654,,,,,,,,,33145,33117,33137,33310,33496,33953
BLUESTARCO,CALL VOL,4063,6699,,,,,,,,,143,541,1190,1898,2302,2615
BLUESTARCO,CALL OI,4053,4010,,,,,,,,,3997,4054,4071,4272,4418,4453
BLUESTARCO,PUT VOL,1382,4842,,,,,,,,,23,91,255,396,507,595
BLUESTARCO,PUT OI,2837,2983,,,,,,,,,3183,2843,2832,2833,2827,2833
BOSCHLTD,PRICE,47555.0,47070.0,,,,47740.0,47587.5,47565.83,48195.83,47817.5,47800.0,48050.0,48050.0,48065.0,47955.0,47935.0
BOSCHLTD,VWAP,,,,,,,,,,,47818.33,47912.13,47963.75,47983.23,47979.1,47974.88
BOSCHLTD,CASH VOL,34806,30224,9598,49.53,51.55,,,,,,1051,2123,2836,3438,4130,4353
BOSCHLTD,F&O VOL,28524,17163,,,,,,,,,374,1973,2849,3350,3956,4497
BOSCHLTD,F&O OI,20696,19791,,,,,,,,,20760,20810,20906,20928,20942,20959
BOSCHLTD,CALL VOL,9908,3590,,,,,,,,,176,893,1280,1430,1624,1792
BOSCHLTD,CALL OI,2854,2663,,,,,,,,,2883,2970,2992,2981,2967,2963
BOSCHLTD,PUT VOL,3692,3552,,,,,,,,,97,284,446,508,581,653
BOSCHLTD,PUT OI,2742,2659,,,,,,,,,2764,2775,2786,2794,2799,2806
BPCL,PRICE,303.35,298.65,,,,304.55,302.58,301.05,306.35,305.12,304.0,304.0,304.0,305.0,305.0,304.0
BPCL,VWAP,,,,,,,,,,,304.7,304.75,304.71,304.74,304.76,304.74
BPCL,CASH VOL,4428358,3512731,1529898,60.39,48.21,,,,,,216077,392177,462667,556246,601437,633488
BPCL,F&O VOL,10100,14777,,,,,,,,,829,1793,2285,2620,2888,3015
BPCL,F&O OI,30338,30381,,,,,,,,,30375,30507,30515,30457,30450,30432
BPCL,CALL VOL,3997,5729,,,,,,,,,452,864,1065,1259,1372,1428
BPCL,CALL OI,4774,4965,,,,,,,,,4816,4843,4848,4847,4821,4820
BPCL,PUT VOL,4233,5902,,,,,,,,,392,707,864,982,1085,1112
BPCL,PUT OI,4686,4631,,,,,,,,,4669,4754,4734,4761,4785,4775
BRITANNIA,PRICE,4999.5,4947.5,,,,4996.0,4994.58,4984.75,5035.5,4986.5,5005.0,5016.0,5016.0,5034.0,5030.0,5035.0
BRITANNIA,VWAP,,,,,,,,,,,5013.64,5017.26,5019.05,5022.7,5024.53,5025.87
BRITANNIA,CASH VOL,250873,209279,58415,61.86,57.67,,,,,,6015,10599,13296,18455,21575,25599
BRITANNIA,F&O VOL,15917,12173,,,,,,,,,825,1669,2722,3341,3573,4419
BRITANNIA,F&O OI,37551,37659,,,,,,,,,37536,37598,37614,37575,37581,37655
BRITANNIA,CALL VOL,7610,5816,,,,,,,,,446,703,1477,1739,1839,2232
BRITANNIA,CALL OI,4439,4613,,,,,,,,,4448,3399,4499,4465,4440,4507
BRITANNIA,PUT VOL,3709,3159,,,,,,,,,274,493,810,963,1016,1230
BRITANNIA,PUT OI,5482,5488,,,,,,,,,5435,4985,5487,5507,5523,5516
BSE,PRICE,3240.0,3310.0,,,,3255.0,3271.0,3250.33,3367.28,3333.85,3240.0,3274.0,3274.0,3294.0,3294.0,3280.0
BSE,VWAP,,,,,,,,,,,3258.46,3266.8,3277.75,3279.43,3280.3,3280.51
BSE,CASH VOL,2894042,3901579,571533,42.6,37.18,,,,,,182148,422903,673174,774367,829219,964690
BSE,F&O VOL,114908,178571,,,,,,,,,6480,16539,33320,39435,42280,48744
BSE,F&O OI,161101,152602,,,,,,,,,161740,162411,162480,163017,163061,163082
BSE,CALL VOL,56636,89124,,,,,,,,,4085,9640,19826,23118,24417,27508
BSE,CALL OI,45984,41441,,,,,,,,,46398,46784,46321,46549,46431,46504
BSE,PUT VOL,41124,54849,,,,,,,,,2559,5265,10097,12664,13293,15651
BSE,PUT OI,31775,30976,,,,,,,,,31882,32133,32663,32786,32935,32823
CAMS,PRICE,705.7,717.35,,,,706.35,709.2,706.87,714.9,712.3,705.0,711.0,711.0,715.0,716.0,714.0
CAMS,VWAP,,,,,,,,,,,707.76,708.14,709.73,710.3,711.25,711.8
CAMS,CASH VOL,848314,1973247,208004,53.45,46.0,,,,,,24329,81541,139190,164565,201417,244545
CAMS,F&O VOL,6424,21565,,,,,,,,,97,736,1396,1829,2389,2791
CAMS,F&O OI,24408,24370,,,,,,,,,24425,24405,24432,24475,24498,24508
CAMS,CALL VOL,2885,11248,,,,,,,,,59,373,674,955,1228,1398
CAMS,CALL OI,3254,3120,,,,,,,,,3271,3292,3303,3770,3731,3253
CAMS,PUT VOL,1633,5086,,,,,,,,,23,216,432,500,662,825
CAMS,PUT OI,3676,3748,,,,,,,,,3680,3622,3630,3604,3649,3702
CANBK,PRICE,123.2,122.37,,,,123.15,123.05,122.75,125.12,124.38,124.0,124.0,124.0,124.0,124.0,124.0
CANBK,VWAP,,,,,,,,,,,123.81,124.36,124.5,124.49,124.48,124.39
CANBK,CASH VOL,13945737,12696568,2907940,54.84,53.56,,,,,,650410,1997785,2858569,3187869,3328039,4020441
CANBK,F&O VOL,12464,16501,,,,,,,,,522,2277,3836,4447,4703,5337
CANBK,F&O OI,81698,81228,,,,,,,,,81606,81482,81562,81636,81691,81803
CANBK,CALL VOL,6276,9152,,,,,,,,,301,1341,2240,2626,2724,3052
CANBK,CALL OI,11671,11944,,,,,,,,,11604,11494,11472,11499,11536,11617
CANBK,PUT VOL,3438,3793,,,,,,,,,109,523,885,1043,1106,1273
CANBK,PUT OI,8440,7946,,,,,,,,,8445,8554,8653,8655,8667,8660
CDSL,PRICE,1299.0,1311.0,,,,1299.0,1301.95,1299.98,1376.75,1365.58,1300.0,1335.0,1335.0,1343.0,1347.0,1347.0
CDSL,VWAP,,,,,,,,,,,1310.34,1329.52,1330.66,1331.83,1335.94,1337.65
CDSL,CASH VOL,1055453,1265342,140907,33.05,46.35,,,,,,55025,295888,395204,483663,666783,781999
CDSL,F&O VOL,31987,27936,,,,,,,,,1314,12633,21540,26081,34328,39279
CDSL,F&O OI,63093,61293,,,,,,,,,63009,62334,62567,62593,62211,62141
CDSL,CALL VOL,14204,13237,,,,,,,,,908,8951,12883,15762,20283,22707
CDSL,CALL OI,12908,11859,,,,,,,,,10406,12357,12568,12503,12193,12088
CDSL,PUT VOL,7806,5545,,,,,,,,,414,2723,4036,4819,6737,7618
CDSL,PUT OI,9199,9007,,,,,,,,,8986,9176,9117,9146,9145,9205
CGPOWER,PRICE,851.55,858.0,,,,859.0,851.49,851.38,910.0,909.33,858.0,868.0,868.0,868.0,868.0,867.0
CGPOWER,VWAP,,,,,,,,,,,862.17,864.89,866.34,866.38,866.48,866.54
CGPOWER,CASH VOL,1882336,3474919,362301,41.96,47.91,,,,,,198401,462823,788612,899179,953532,1031062
CGPOWER,F&O VOL,30372,46044,,,,,,,,,2401,8286,14816,16331,17698,18622
CGPOWER,F&O OI,38992,38313,,,,,,,,,39528,39927,39782,39891,39966,40067
CGPOWER,CALL VOL,15551,19105,,,,,,,,,1860,6533,10516,11693,12558,13242
CGPOWER,CALL OI,8505,8034,,,,,,,,,8957,9755,9011,9157,9149,9214
CGPOWER,PUT VOL,9934,16663,,,,,,,,,419,1688,3227,3579,3816,4031
CGPOWER,PUT OI,7490,7199,,,,,,,,,7518,7401,7533,7481,7493,7509
CHOLAFIN,PRICE,1765.6,1791.6,,,,1765.5,1778.5,1769.9,1841.15,1831.65,1757.0,1784.0,1784.0,1781.0,1778.0,1761.0
CHOLAFIN,VWAP,,,,,,,,,,,1760.55,1769.13,1771.83,1773.05,1773.33,1770.77
CHOLAFIN,CASH VOL,1312956,1709145,374265,65.01,56.26,,,,,,84339,189006,225433,267142,304177,384266
CHOLAFIN,F&O VOL,12369,15046,,,,,,,,,470,1542,2426,3011,3443,4461
CHOLAFIN,F&O OI,31385,30994,,,,,,,,,31505,31630,31646,31554,31596,31694
CHOLAFIN,CALL VOL,3100,3204,,,,,,,,,113,683,836,985,,1356
CHOLAFIN,CALL OI,1825,1662,,,,,,,,,1835,3106,2036,2051,,1951
CHOLAFIN,PUT VOL,4420,3211,,,,,,,,,159,310,586,729,,1117
CHOLAFIN,PUT OI,3466,3527,,,,,,,,,3482,3460,3414,3409,,3488
CIPLA,PRICE,1358.0,1351.0,,,,1362.5,1356.67,1354.0,1373.05,1368.35,1357.0,1355.0,1355.0,1358.0,1359.0,1358.0
CIPLA,VWAP,,,,,,,,,,,1360.82,1357.72,1355.9,1356.29,1356.42,1356.44
CIPLA,CASH VOL,911572,1225305,356603,67.29,66.9,,,,,,11685,22510,60577,71965,76495,86219
CIPLA,F&O VOL,13410,18080,,,,,,,,,246,786,1515,2238,2546,2975
CIPLA,F&O OI,48802,48704,,,,,,,,,48802,48808,48918,48964,48993,48968
CIPLA,CALL VOL,5404,6744,,,,,,,,,175,342,647,916,1047,1184
CIPLA,CALL OI,3895,3780,,,,,,,,,3895,3549,3925,3955,3976,3983
CIPLA,PUT VOL,4110,6022,,,,,,,,,42,225,421,678,789,884
CIPLA,PUT OI,4712,4694,,,,,,,,,4710,6535,4708,4701,4713,4707
COALINDIA,PRICE,422.25,419.25,,,,421.1,421.67,420.52,425.87,424.8,421.0,420.0,420.0,420.0,420.0,420.0
COALINDIA,VWAP,,,,,,,,,,,421.79,420.77,420.62,420.62,420.62,420.61
COALINDIA,CASH VOL,7049685,6128458,2076445,71.11,62.11,,,,,,115006,433566,565148,638425,664253,694877
COALINDIA,F&O VOL,43830,57426,,,,,,,,,590,3962,6358,7573,7941,8362
COALINDIA,F&O OI,125409,126246,,,,,,,,,125432,125631,125772,125816,125769,125776
COALINDIA,CALL VOL,20730,26310,,,,,,,,,364,2249,3378,3959,4149,4346
COALINDIA,CALL OI,23507,24031,,,,,,,,,23535,23632,23701,23735,23692,23695
COALINDIA,PUT VOL,13875,20463,,,,,,,,,203,1215,2244,2628,2741,2896
COALINDIA,PUT OI,15511,15436,,,,,,,,,15490,15554,15606,15583,15574,15567
COCHINSHIP,PRICE,1319.0,1325.0,,,,1312.0,1316.15,1310.45,1471.9,1411.3,1314.0,1323.0,1323.0,1324.0,1322.0,1316.0
COCHINSHIP,VWAP,,,,,,,,,,,1322.51,1323.04,1323.29,1322.97,1322.73,1321.49
COCHINSHIP,CASH VOL,1223182,1989625,176179,20.47,36.53,,,,,,89110,166683,207610,241732,260507,307431
COCHINSHIP,F&O VOL,25269,43409,,,,,,,,,765,2063,2942,3647,4268,5225
COCHINSHIP,F&O OI,44274,43970,,,,,,,,,44368,44543,44514,44579,44543,44561
COCHINSHIP,CALL VOL,9090,11364,,,,,,,,,524,1058,1487,1835,,2463
COCHINSHIP,CALL OI,4941,4518,,,,,,,,,5077,5194,5198,5256,,5288
COCHINSHIP,PUT VOL,6591,10726,,,,,,,,,121,406,542,693,,948
COCHINSHIP,PUT OI,4435,4461,,,,,,,,,4441,4504,4502,4529,,4571
COFORGE,PRICE,1766.7,1775.5,,,,1766.8,1761.37,1750.7,1869.65,1854.22,1772.0,1766.0,1766.0,1778.0,1769.0,1761.0
COFORGE,VWAP,,,,,,,,,,,1770.6,1768.08,1768.92,1770.14,1770.03,1769.33
COFORGE,CASH VOL,3593943,4583784,362097,53.58,49.57,,,,,,121823,230398,299864,361990,407279,460132
COFORGE,F&O VOL,79461,121761,,,,,,,,,2144,4897,6813,7972,9185,10479
COFORGE,F&O OI,75943,72387,,,,,,,,,76083,76309,76398,76388,76426,76565
COFORGE,CALL VOL,24050,23668,,,,,,,,,967,1638,2560,3075,3187,3539
COFORGE,CALL OI,8499,7057,,,,,,,,,9572,8535,9635,9645,8613,8618
COFORGE,PUT VOL,25625,41339,,,,,,,,,745,1735,2261,2544,3044,3307
COFORGE,PUT OI,10463,9855,,,,,,,,,10751,10536,10811,10816,10579,10612
COLPAL,PRICE,1860.0,1820.3,,,,1861.0,1865.1,1861.7,1811.7,1802.17,1862.0,1848.0,1848.0,1871.0,1875.0,1879.0
COLPAL,VWAP,,,,,,,,,,,1860.91,1854.21,1853.7,1858.21,1863.67,1865.6
COLPAL,CASH VOL,1465224,670867,164666,35.97,56.51,,,,,,15645,32025,38184,56413,80778,92242
COLPAL,F&O VOL,75243,23178,,,,,,,,,744,3615,4503,6952,7728,8475
COLPAL,F&O OI,41012,41867,,,,,,,,,41082,41094,41237,41288,41285,41347
COLPAL,CALL VOL,43333,13087,,,,,,,,,480,1614,1990,3155,,3843
COLPAL,CALL OI,7028,7386,,,,,,,,,6881,7005,7088,7055,,7022
COLPAL,PUT VOL,14966,3229,,,,,,,,,139,1169,1423,1993,,2374
COLPAL,PUT OI,5372,5172,,,,,,,,,5690,5619,5634,5269,,5318
CONCOR,PRICE,488.8,483.7,,,,487.0,487.87,486.0,503.47,500.66,487.0,489.0,489.0,488.0,489.0,489.0
CONCOR,VWAP,,,,,,,,,,,489.46,490.26,490.17,489.89,489.67,489.6
CONCOR,CASH VOL,443499,566088,86609,34.69,43.6,,,,,,11460,88066,103048,132021,216266,233269
CONCOR,F&O VOL,6543,6835,,,,,,,,,125,621,902,1276,1385,1505
CONCOR,F&O OI,30705,30493,,,,,,,,,30703,30744,30774,30778,30801,30817
CONCOR,CALL VOL,3096,2801,,,,,,,,,84,390,540,789,844,915
CONCOR,CALL OI,2511,2247,,,,,,,,,2511,2533,2559,2570,2583,2585
CONCOR,PUT VOL,1508,1185,,,,,,,,,26,103,167,251,254,271
CONCOR,PUT OI,2242,2178,,,,,,,,,2238,2241,2245,2241,2245,2255
CROMPTON,PRICE,223.4,226.15,,,,223.1,225.46,224.09,230.84,230.52,223.0,224.0,224.0,226.0,226.0,224.0
CROMPTON,VWAP,,,,,,,,,,,224.17,224.44,224.47,225.0,225.15,225.06
CROMPTON,CASH VOL,3565510,1492514,1129903,55.39,49.78,,,,,,56189,106472,159574,226564,285076,336224
CROMPTON,F&O VOL,10672,7624,,,,,,,,,159,496,755,1563,1911,2080
CROMPTON,F&O OI,52967,52858,,,,,,,,,52989,53067,53077,52977,52977,53002
CROMPTON,CALL VOL,5089,3724,,,,,,,,,104,278,419,905,,1219
CROMPTON,CALL OI,7379,7087,,,,,,,,,7401,7445,7456,7371,,7338
CROMPTON,PUT VOL,2058,1720,,,,,,,,,38,114,176,322,,388
CROMPTON,PUT OI,5680,5688,,,,,,,,,5697,5718,5722,5705,,5712
CUMMINSIND,PRICE,4940.0,4874.0,,,,4940.0,4931.5,4914.5,5101.0,5080.33,4925.0,4952.0,4952.0,4965.0,4966.0,4965.0
CUMMINSIND,VWAP,,,,,,,,,,,4937.26,4944.55,4946.38,4953.13,4955.45,4958.7
CUMMINSIND,CASH VOL,399690,304824,115291,60.46,59.12,,,,,,7136,20183,25730,49543,53140,74140
CUMMINSIND,F&O VOL,18503,15781,,,,,,,,,282,1348,1852,3147,3426,3810
CUMMINSIND,F&O OI,42630,42579,,,,,,,,,42682,42751,42783,43020,43004,42997
CUMMINSIND,CALL VOL,9306,7043,,,,,,,,,157,668,931,1586,,1908
CUMMINSIND,CALL OI,5228,5387,,,,,,,,,4668,5346,4799,5539,,5496
CUMMINSIND,PUT VOL,5720,4953,,,,,,,,,81,488,662,1260,,1369
CUMMINSIND,PUT OI,5777,5753,,,,,,,,,5559,5747,5530,5790,,5785
DABUR,PRICE,382.0,384.9,,,,382.4,385.73,383.24,375.64,374.93,381.0,382.0,382.0,384.0,385.0,383.0
DABUR,VWAP,,,,,,,,,,,382.2,382.55,382.57,382.96,383.51,383.62
DABUR,CASH VOL,1792878,9936721,708243,53.11,63.92,,,,,,51999,100069,138690,171632,229400,269281
DABUR,F&O VOL,28139,57308,,,,,,,,,686,1769,2825,3434,5137,5896
DABUR,F&O OI,47881,47050,,,,,,,,,47848,47929,47924,47906,47917,47929
DABUR,CALL VOL,15650,30475,,,,,,,,,287,787,1452,1842,,3043
DABUR,CALL OI,8211,8000,,,,,,,,,8175,8266,8247,8213,,8146
DABUR,PUT VOL,7922,15080,,,,,,,,,294,611,846,994,,1746
DABUR,PUT OI,6988,6748,,,,,,,,,6988,6926,6915,6944,,6986
DALBHARAT,PRICE,1693.6,1687.4,,,,1680.1,1693.32,1692.75,1736.73,1717.0,,,,,,
DALBHARAT,VWAP,,,,,,,,,,,1684.3,1686.09,1686.38,1686.37,1686.53,1687.43
DALBHARAT,CASH VOL,58268,56698,21129,58.44,56.22,,,,,,1948,3370,4373,5471,6621,9362
DALBHARAT,F&O VOL,,,,,,,,,,,,,,,,
DALBHARAT,F&O OI,,,,,,,,,,,,,,,,
DALBHARAT,CALL VOL,,,,,,,,,,,,,,,,
DALBHARAT,CALL OI,,,,,,,,,,,,,,,,
DALBHARAT,PUT VOL,,,,,,,,,,,,,,,,
DALBHARAT,PUT OI,,,,,,,,,,,,,,,,
DELHIVERY,PRICE,421.8,420.5,,,,422.6,421.66,421.38,446.8,441.6,419.0,421.0,421.0,422.0,422.0,420.0
DELHIVERY,VWAP,,,,,,,,,,,421.25,421.79,421.65,421.96,421.94,421.75
DELHIVERY,CASH VOL,3025177,4661661,545878,63.43,56.97,,,,,,60424,184315,286680,521519,563078,780273
DELHIVERY,F&O VOL,8191,15346,,,,,,,,,202,507,697,1115,1170,1707
DELHIVERY,F&O OI,22501,22247,,,,,,,,,22534,22576,22590,22717,22730,22885
DELHIVERY,CALL VOL,3741,3231,,,,,,,,,77,222,273,441,,805
DELHIVERY,CALL OI,1346,1207,,,,,,,,,1341,2101,1363,1422,,1551
DELHIVERY,PUT VOL,1907,5698,,,,,,,,,32,76,116,205,,284
DELHIVERY,PUT OI,2857,2806,,,,,,,,,2865,3120,2865,2878,,2872
DIVISLAB,PRICE,9158.0,9198.0,,,,9158.0,9122.5,9051.5,9367.25,9337.08,9149.0,9218.0,9218.0,9285.0,9288.0,9285.0
DIVISLAB,VWAP,,,,,,,,,,,9190.92,9201.31,9228.68,9243.44,9246.08,9249.68
DIVISLAB,CASH VOL,878300,380826,195202,69.27,69.59,,,,,,13690,42150,73172,92640,98824,108417
DIVISLAB,F&O VOL,80334,47660,,,,,,,,,1814,5938,13323,18082,19929,21644
DIVISLAB,F&O OI,75236,73331,,,,,,,,,75327,75485,75540,75791,75856,76085
DIVISLAB,CALL VOL,29045,17161,,,,,,,,,1028,2882,6574,9319,,10750
DIVISLAB,CALL OI,14467,14267,,,,,,,,,13088,13287,14589,14610,,14625
DIVISLAB,PUT VOL,26582,14284,,,,,,,,,654,1740,3670,4895,,5864
DIVISLAB,PUT OI,8037,8334,,,,,,,,,8749,8740,8192,8265,,8370
DIXON,PRICE,13181.0,13180.0,,,,13200.0,13139.0,13055.0,13704.5,13518.17,13181.0,13345.0,13345.0,13492.0,13432.0,13384.0
DIXON,VWAP,,,,,,,,,,,13299.56,13328.16,13342.56,13374.51,13379.08,13378.97
DIXON,CASH VOL,540673,431603,78042,48.44,52.33,,,,,,18704,49119,74682,101953,115795,123485
DIXON,F&O VOL,165355,79341,,,,,,,,,5003,19846,27566,42032,50743,54695
DIXON,F&O OI,154498,153213,,,,,,,,,154353,154995,155159,154476,154770,155171
DIXON,CALL VOL,64255,36073,,,,,,,,,3393,10213,14798,22927,,26831
DIXON,CALL OI,27361,26001,,,,,,,,,27317,28034,32675,31808,,27590
DIXON,PUT VOL,64916,22175,,,,,,,,,2307,5554,6796,10785,,15662
DIXON,PUT OI,21435,18586,,,,,,,,,21349,21350,20752,21237,,21428
DLF,PRICE,622.8,620.85,,,,623.05,621.83,619.9,657.5,648.83,623.0,628.0,628.0,630.0,631.0,631.0
DLF,VWAP,,,,,,,,,,,624.44,625.46,627.15,627.8,628.15,628.56
DLF,CASH VOL,2223983,3668098,597513,35.71,54.46,,,,,,112903,181394,283966,350046,389987,435312
DLF,F&O VOL,41698,32920,,,,,,,,,1254,3493,8032,9837,10928,11934
DLF,F&O OI,72096,72243,,,,,,,,,72075,71914,71914,72087,72047,72078
DLF,CALL VOL,19285,13629,,,,,,,,,642,1722,4185,5220,,6139
DLF,CALL OI,7562,6977,,,,,,,,,5756,7507,7493,7503,,7438
DLF,PUT VOL,13468,10455,,,,,,,,,578,1061,2576,3194,,3909
DLF,PUT OI,5949,5618,,,,,,,,,5353,5985,5966,6084,,6089
DMART,PRICE,3720.0,3680.0,,,,3700.1,3713.33,3700.0,3709.45,3695.15,3704.0,3715.0,3715.0,3737.0,3737.0,3737.0
DMART,VWAP,,,,,,,,,,,3711.22,3720.23,3722.03,3725.97,3727.24,3730.37
DMART,CASH VOL,464459,496744,220388,67.94,63.27,,,,,,10150,36162,51623,66247,74560,115451
DMART,F&O VOL,24810,21134,,,,,,,,,515,2345,3351,4340,4971,5738
DMART,F&O OI,60184,60653,,,,,,,,,60246,60573,60704,60696,60725,60668
DMART,CALL VOL,12026,11104,,,,,,,,,297,1141,1702,2249,,2697
DMART,CALL OI,10624,11059,,,,,,,,,7979,8143,10885,10854,,10829
DMART,PUT VOL,6954,5529,,,,,,,,,163,614,982,1266,,1750
DMART,PUT OI,7983,7898,,,,,,,,,7336,7435,8142,8125,,8128
DRREDDY,PRICE,1140.0,1145.0,,,,1140.0,1141.9,1140.63,1162.33,1156.0,1146.0,1143.0,1143.0,1152.0,1152.0,1153.0
DRREDDY,VWAP,,,,,,,,,,,1145.11,1144.35,1146.54,1148.0,1148.51,1149.0
DRREDDY,CASH VOL,1120896,1810974,376676,59.89,54.37,,,,,,24376,67470,127989,176954,196450,221744
DRREDDY,F&O VOL,19222,32522,,,,,,,,,626,1793,4292,5558,6545,7213
DRREDDY,F&O OI,60248,59389,,,,,,,,,60308,60591,60932,60997,61024,61128
DRREDDY,CALL VOL,8682,13660,,,,,,,,,313,695,1982,2667,,3534
DRREDDY,CALL OI,7750,7820,,,,,,,,,4912,5025,7985,7973,,7970
DRREDDY,PUT VOL,4929,9624,,,,,,,,,219,532,1579,1868,,2246
DRREDDY,PUT OI,6451,6318,,,,,,,,,5559,5613,6813,6843,,6967
EICHERMOT,PRICE,7500.0,7452.5,,,,7495.0,7488.42,7465.25,7657.25,7572.42,7493.0,7515.0,7515.0,7528.0,7512.0,7525.0
EICHERMOT,VWAP,,,,,,,,,,,7500.98,7510.39,7518.53,7519.41,7518.75,7518.84
EICHERMOT,CASH VOL,316258,353472,65209,61.51,56.15,,,,,,6285,12551,25949,29915,33129,34940
EICHERMOT,F&O VOL,28019,36899,,,,,,,,,1824,4254,7768,8788,9383,10031
EICHERMOT,F&O OI,68263,68130,,,,,,,,,68696,69194,69515,69601,69655,69655
EICHERMOT,CALL VOL,12322,14630,,,,,,,,,830,1815,3427,3992,,4577
EICHERMOT,CALL OI,9455,9257,,,,,,,,,9516,9713,9824,9883,,9882
EICHERMOT,PUT VOL,10523,15707,,,,,,,,,1073,2185,3484,3829,,4172
EICHERMOT,PUT OI,13938,13924,,,,,,,,,14264,14561,14649,14699,,14709
ETERNAL,PRICE,317.0,315.25,,,,318.3,316.19,314.58,322.63,320.9,319.0,322.0,322.0,326.0,325.0,326.0
ETERNAL,VWAP,,,,,,,,,,,319.85,321.75,322.37,323.58,324.71,324.96
ETERNAL,CASH VOL,11286053,12538697,2916653,45.67,47.41,,,,,,1268304,3143022,4371215,6697967,10916242,12545090
ETERNAL,F&O VOL,50969,43573,,,,,,,,,1759,15582,22741,32730,40432,48376
ETERNAL,F&O OI,104111,103677,,,,,,,,,104237,104258,104254,104787,104868,105239
ETERNAL,CALL VOL,24044,21208,,,,,,,,,1416,8770,12692,18268,,26603
ETERNAL,CALL OI,23443,23481,,,,,,,,,21511,23497,23338,23143,,22758
ETERNAL,PUT VOL,13538,11583,,,,,,,,,1238,4445,6532,9893,,13799
ETERNAL,PUT OI,9205,8478,,,,,,,,,10517,10731,10971,11741,,11267
FEDERALBNK,PRICE,341.8,343.0,,,,342.0,343.05,342.22,343.77,342.33,342.0,342.0,342.0,342.0,342.0,341.0
FEDERALBNK,VWAP,,,,,,,,,,,342.45,342.49,342.63,342.7,342.66,342.32
FEDERALBNK,CASH VOL,2857474,3090047,1105437,60.76,59.75,,,,,,45741,94136,123030,170796,221483,325616
FEDERALBNK,F&O VOL,13819,15722,,,,,,,,,247,947,1427,2202,2424,3747
FEDERALBNK,F&O OI,54229,53716,,,,,,,,,54238,54356,54376,54374,54419,54663
FEDERALBNK,CALL VOL,6726,6721,,,,,,,,,92,477,728,1053,,1791
FEDERALBNK,CALL OI,8673,8669,,,,,,,,,8676,9577,9609,9626,,8988
FEDERALBNK,PUT VOL,4314,3955,,,,,,,,,145,362,494,900,,1303
FEDERALBNK,PUT OI,6189,6029,,,,,,,,,6187,6244,6248,6236,,6174
FORCEMOT,PRICE,17383.0,17245.0,,,,17370.0,17370.0,17344.0,17839.5,17749.83,17441.0,17366.0,17366.0,17412.0,17485.0,17490.0
FORCEMOT,VWAP,,,,,,,,,,,17452.83,17419.99,17400.87,17403.38,17445.23,17449.58
FORCEMOT,CASH VOL,56841,68042,10589,36.38,50.86,,,,,,2766,5670,8497,11615,16473,17804
FORCEMOT,F&O VOL,14421,15457,,,,,,,,,255,1327,1796,2900,3820,4341
FORCEMOT,F&O OI,22053,21662,,,,,,,,,22058,22098,22115,22075,21975,21960
FORCEMOT,CALL VOL,6691,7472,,,,,,,,,85,495,778,1287,,2124
FORCEMOT,CALL OI,6980,6713,,,,,,,,,6970,7031,7027,6998,,6885
FORCEMOT,PUT VOL,3808,4865,,,,,,,,,65,400,491,671,,930
FORCEMOT,PUT OI,2986,2935,,,,,,,,,2992,2998,3029,3014,,3045
FORTIS,PRICE,870.3,880.1,,,,877.0,870.75,870.45,901.7,892.43,876.0,883.0,883.0,889.0,889.0,895.0
FORTIS,VWAP,,,,,,,,,,,881.64,882.73,884.66,885.96,888.55,890.07
FORTIS,CASH VOL,1094839,842800,277620,57.86,56.0,,,,,,60215,121904,193634,275475,431826,566217
FORTIS,F&O VOL,5492,7675,,,,,,,,,510,1296,2502,3081,4100,6241
FORTIS,F&O OI,21817,21602,,,,,,,,,21896,21939,21933,21971,22020,22353
FORTIS,CALL VOL,1790,3188,,,,,,,,,417,,1759,2140,,4134
FORTIS,CALL OI,1843,1693,,,,,,,,,1718,,1868,1826,,2032
FORTIS,PUT VOL,1978,2318,,,,,,,,,85,,441,527,,1099
FORTIS,PUT OI,1713,1747,,,,,,,,,1694,,1772,1793,,1824
GAIL,PRICE,170.65,170.88,,,,171.24,170.53,170.3,175.05,174.1,171.0,171.0,171.0,172.0,172.0,172.0
GAIL,VWAP,,,,,,,,,,,171.98,171.99,172.02,172.08,172.17,172.18
GAIL,CASH VOL,3949470,6202446,1100755,63.33,64.7,,,,,,259699,409636,547030,640352,812009,890630
GAIL,F&O VOL,7905,10139,,,,,,,,,291,707,1371,1701,2206,2378
GAIL,F&O OI,33811,34269,,,,,,,,,33852,33848,33710,33643,33567,33513
GAIL,CALL VOL,3999,5091,,,,,,,,,136,,747,920,,1229
GAIL,CALL OI,5903,6041,,,,,,,,,5884,,5797,5771,,5724
GAIL,PUT VOL,1827,2295,,,,,,,,,104,,375,438,,587
GAIL,PUT OI,3248,3327,,,,,,,,,3275,,3276,3272,,3262
GLENMARK,PRICE,2410.0,2371.7,,,,2406.8,2395.35,2366.05,2438.05,2425.48,2395.0,2397.0,2397.0,2404.0,2406.0,2395.0
GLENMARK,VWAP,,,,,,,,,,,2400.29,2400.98,2399.91,2401.52,2401.75,2400.96
GLENMARK,CASH VOL,677704,275789,150804,46.28,51.23,,,,,,15301,24615,34136,47845,52797,63435
GLENMARK,F&O VOL,15323,6759,,,,,,,,,302,606,799,1142,1365,2123
GLENMARK,F&O OI,39122,38894,,,,,,,,,39189,39159,39053,39060,39047,39042
GLENMARK,CALL VOL,5136,2944,,,,,,,,,131,,332,534,,695
GLENMARK,CALL OI,3291,3363,,,,,,,,,3297,,3327,3336,,3336
GLENMARK,PUT VOL,2532,802,,,,,,,,,31,,159,208,,892
GLENMARK,PUT OI,1879,1778,,,,,,,,,1881,,1890,1893,,1908
GMRAIRPORT,PRICE,92.46,92.97,,,,92.46,92.9,92.61,97.66,97.0,93.0,93.0,93.0,94.0,94.0,94.0
GMRAIRPORT,VWAP,,,,,,,,,,,93.34,93.51,93.7,93.8,93.83,93.84
GMRAIRPORT,CASH VOL,8814802,10370386,2361573,53.97,57.75,,,,,,446620,803468,1272452,1564434,1680864,1826159
GMRAIRPORT,F&O VOL,8038,13152,,,,,,,,,285,866,2064,2532,2732,2889
GMRAIRPORT,F&O OI,38698,38665,,,,,,,,,38704,38673,38548,38512,38489,38447
GMRAIRPORT,CALL VOL,2875,3505,,,,,,,,,130,366,1050,1295,,1441
GMRAIRPORT,CALL OI,2658,2537,,,,,,,,,2668,2648,2554,2560,,2486
GMRAIRPORT,PUT VOL,1535,3119,,,,,,,,,93,185,370,478,,531
GMRAIRPORT,PUT OI,5142,5150,,,,,,,,,5162,5140,5114,5102,,5102
GODFRYPHLP,PRICE,1934.0,1915.0,,,,1941.4,1928.28,1916.85,1990.05,1948.02,1932.0,1945.0,1945.0,1947.0,1948.0,1944.0
GODFRYPHLP,VWAP,,,,,,,,,,,1940.47,1941.29,1941.64,1942.66,1943.11,1943.36
GODFRYPHLP,CASH VOL,167013,153558,33613,30.51,32.1,,,,,,8264,18669,25571,34578,38027,41197
GODFRYPHLP,F&O VOL,2822,2766,,,,,,,,,66,193,374,457,563,614
GODFRYPHLP,F&O OI,10901,10818,,,,,,,,,10908,10924,10925,10944,10943,10942
GODFRYPHLP,CALL VOL,1791,1248,,,,,,,,,56,,266,323,,392
GODFRYPHLP,CALL OI,2535,2484,,,,,,,,,2542,,2538,2545,,2548
GODFRYPHLP,PUT VOL,381,554,,,,,,,,,12,,63,78,,91
GODFRYPHLP,PUT OI,1508,1513,,,,,,,,,1508,,1531,1536,,1536
GODREJCP,PRICE,863.0,857.0,,,,866.45,866.42,864.14,867.1,865.7,867.0,870.0,870.0,871.0,872.0,873.0
GODREJCP,VWAP,,,,,,,,,,,869.34,869.58,869.37,869.72,870.09,870.69
GODREJCP,CASH VOL,1427742,1176819,415158,58.5,58.35,,,,,,36946,53639,66758,83013,91040,115891
GODREJCP,F&O VOL,16096,14003,,,,,,,,,504,1134,1519,1867,2141,2537
GODREJCP,F&O OI,52509,53581,,,,,,,,,52587,52710,52733,52729,52739,52684
GODREJCP,CALL VOL,9265,8140,,,,,,,,,371,,813,1010,,1343
GODREJCP,CALL OI,6809,7463,,,,,,,,,6860,,6897,6898,,6872
GODREJCP,PUT VOL,2863,1962,,,,,,,,,91,,358,416,,557
GODREJCP,PUT OI,6392,6488,,,,,,,,,6402,,6471,6486,,6492
GODREJPROP,PRICE,1665.3,1659.3,,,,1664.0,1675.65,1668.75,1851.5,1782.5,1662.0,1674.0,1674.0,1674.0,1675.0,1675.0
GODREJPROP,VWAP,,,,,,,,,,,1666.34,1672.13,1674.03,1674.12,1674.12,1674.06
GODREJPROP,CASH VOL,783588,1071741,139290,33.74,38.96,,,,,,25003,71214,98929,115480,119949,126912
GODREJPROP,F&O VOL,28185,48011,,,,,,,,,1153,2562,4661,5482,5885,6467
GODREJPROP,F&O OI,58871,58117,,,,,,,,,59219,59405,59825,59908,59938,60055
GODREJPROP,CALL VOL,9556,10931,,,,,,,,,582,1032,2303,2699,,2969
GODREJPROP,CALL OI,3487,3451,,,,,,,,,3327,3755,4124,4131,,4162
GODREJPROP,PUT VOL,5979,13967,,,,,,,,,225,472,795,963,,1108
GODREJPROP,PUT OI,3542,3562,,,,,,,,,3762,3657,3684,3711,,3717
GRASIM,PRICE,3187.0,3171.0,,,,3190.0,3184.82,3180.45,3297.35,3287.05,3197.0,3195.0,3195.0,3192.0,3191.0,3186.0
GRASIM,VWAP,,,,,,,,,,,3197.1,3196.87,3195.48,3194.73,3194.39,3193.94
GRASIM,CASH VOL,859973,1332882,242479,67.35,62.64,,,,,,18514,27300,32292,68513,75300,79207
GRASIM,F&O VOL,11025,28213,,,,,,,,,234,652,1038,1345,1399,1646
GRASIM,F&O OI,48791,48995,,,,,,,,,48805,48829,48879,48896,48891,48940
GRASIM,CALL VOL,2554,4131,,,,,,,,,112,,276,552,,457
GRASIM,CALL OI,2531,2489,,,,,,,,,3844,,2526,3889,,2545
GRASIM,PUT VOL,2355,5865,,,,,,,,,116,,323,440,,528
GRASIM,PUT OI,2259,2244,,,,,,,,,2620,,2294,2657,,2304
GVT&D,PRICE,4267.0,4246.9,,,,4300.0,4255.57,4232.7,4573.05,4556.42,4299.0,4326.0,4326.0,4298.0,4305.0,4303.0
GVT&D,VWAP,,,,,,,,,,,4305.33,4311.31,4310.95,4309.17,4308.28,4307.85
GVT&D,CASH VOL,717611,1106490,155117,52.22,45.25,,,,,,20500,44571,71562,109820,118660,124923
GVT&D,F&O VOL,40534,63140,,,,,,,,,1441,4614,6588,7972,8955,9741
GVT&D,F&O OI,57975,56533,,,,,,,,,58192,58374,58459,58623,58591,58697
GVT&D,CALL VOL,19335,22408,,,,,,,,,866,2488,3650,4549,,5152
GVT&D,CALL OI,11821,11200,,,,,,,,,11927,11803,11994,12126,,12087
GVT&D,PUT VOL,14185,27082,,,,,,,,,662,1402,1856,2273,,2519
GVT&D,PUT OI,11817,10960,,,,,,,,,11862,11987,11910,11893,,11883
HAL,PRICE,4695.6,4695.0,,,,4699.0,4684.63,4662.7,4966.4,4925.47,4705.0,4722.0,4722.0,4721.0,4723.0,4719.0
HAL,VWAP,,,,,,,,,,,4723.63,4723.37,4722.72,4722.1,4722.05,4721.48
HAL,CASH VOL,679509,809202,149083,45.91,48.43,,,,,,56533,81849,97489,111575,116537,125653
HAL,F&O VOL,71096,101014,,,,,,,,,5188,10881,13544,15613,16975,19584
HAL,F&O OI,92313,89488,,,,,,,,,92304,92709,92753,92772,92691,92958
HAL,CALL VOL,26919,23701,,,,,,,,,4027,,7058,9333,,9268
HAL,CALL OI,9661,8348,,,,,,,,,14629,,9807,14870,,9846
HAL,PUT VOL,18146,35035,,,,,,,,,851,,2433,2865,,3405
HAL,PUT OI,12010,11567,,,,,,,,,13904,,12178,13969,,12196
HAVELLS,PRICE,1089.9,1087.0,,,,1089.9,1095.85,1091.88,1127.95,1116.65,1086.0,1084.0,1084.0,1089.0,1087.0,1087.0
HAVELLS,VWAP,,,,,,,,,,,1089.58,1087.62,1087.37,1087.47,1087.44,1087.27
HAVELLS,CASH VOL,726459,1017899,208067,62.23,56.05,,,,,,22035,70715,89470,112445,122299,144666
HAVELLS,F&O VOL,14313,15967,,,,,,,,,552,1663,2243,2889,3335,3761
HAVELLS,F&O OI,40324,40839,,,,,,,,,40417,40552,40660,40837,40970,41131
HAVELLS,CALL VOL,7187,7551,,,,,,,,,317,,1167,1583,,2003
HAVELLS,CALL OI,4783,5013,,,,,,,,,6088,,5010,5094,,5281
HAVELLS,PUT VOL,3182,3339,,,,,,,,,162,,518,667,,764
HAVELLS,PUT OI,3401,3325,,,,,,,,,4034,,3414,3449,,3491
HCLTECH,PRICE,1253.0,1253.7,,,,1242.2,1264.75,1256.92,1242.85,1218.35,1242.0,1239.0,1239.0,1241.0,1241.0,1239.0
HCLTECH,VWAP,,,,,,,,,,,1241.95,1240.29,1239.84,1239.79,1239.85,1239.91
HCLTECH,CASH VOL,3049093,4443984,736615,42.78,30.96,,,,,,108922,207805,262282,301373,316870,358892
HCLTECH,F&O VOL,109390,178403,,,,,,,,,6276,16244,21822,25316,27150,29785
HCLTECH,F&O OI,111007,109461,,,,,,,,,111328,110866,111124,111407,111451,111530
HCLTECH,CALL VOL,26465,43079,,,,,,,,,1350,3545,5131,5873,,7259
HCLTECH,CALL OI,8990,8115,,,,,,,,,9067,9555,9706,9756,,9735
HCLTECH,PUT VOL,42843,60494,,,,,,,,,3522,7042,9196,10631,,12186
HCLTECH,PUT OI,10504,9845,,,,,,,,,10636,10251,10475,10650,,10782
HDFCAMC,PRICE,2373.1,2409.0,,,,2378.1,2384.25,2376.82,2419.85,2409.22,2388.0,2409.0,2409.0,2400.0,2400.0,2400.0
HDFCAMC,VWAP,,,,,,,,,,,2390.82,2401.99,2403.61,2401.98,2401.79,2400.36
HDFCAMC,CASH VOL,482108,652383,156145,58.81,64.62,,,,,,10695,38411,62608,111605,116784,211052
HDFCAMC,F&O VOL,18003,10823,,,,,,,,,221,1256,2106,2621,3271,5246
HDFCAMC,F&O OI,37539,37125,,,,,,,,,37541,37647,37689,37626,37624,37567
HDFCAMC,CALL VOL,7520,4708,,,,,,,,,142,,1361,1678,,2807
HDFCAMC,CALL OI,4960,4715,,,,,,,,,4961,,5078,5084,,5053
HDFCAMC,PUT VOL,2668,1848,,,,,,,,,41,,440,514,,632
HDFCAMC,PUT OI,4518,4476,,,,,,,,,4513,,4529,4532,,4526
HDFCBANK,PRICE,721.5,716.55,,,,717.5,720.38,718.12,704.65,697.45,714.0,716.0,716.0,716.0,715.0,715.0
HDFCBANK,VWAP,,,,,,,,,,,715.75,715.65,715.91,715.89,715.89,715.81
HDFCBANK,CASH VOL,27476943,50387632,8560459,64.2,54.08,,,,,,2099627,3295651,4525545,5197789,5465975,6285630
HDFCBANK,F&O VOL,422925,1023239,,,,,,,,,33715,75150,108877,127524,154811,188868
HDFCBANK,F&O OI,1075072,1078985,,,,,,,,,1078002,1083926,1086329,1087353,1088351,1091816
HDFCBANK,CALL VOL,195520,493008,,,,,,,,,18932,40555,57928,69489,,98504
HDFCBANK,CALL OI,186629,189513,,,,,,,,,189478,193206,194667,194565,,193325
HDFCBANK,PUT VOL,130382,304647,,,,,,,,,9884,19466,30372,35686,,43853
HDFCBANK,PUT OI,112945,113279,,,,,,,,,111361,111134,110903,110467,,110042
HDFCLIFE,PRICE,530.2,516.1,,,,532.9,528.63,525.5,529.42,528.25,532.0,537.0,537.0,550.0,550.0,549.0
HDFCLIFE,VWAP,,,,,,,,,,,533.19,535.63,537.06,542.65,544.5,545.04
HDFCLIFE,CASH VOL,3970025,4844755,1428194,50.87,67.14,,,,,,136067,413297,628641,1282959,1670642,1880282
HDFCLIFE,F&O VOL,30259,24956,,,,,,,,,1996,9389,17157,44600,58578,63543
HDFCLIFE,F&O OI,88747,90001,,,,,,,,,88607,88204,87869,89515,89756,90071
HDFCLIFE,CALL VOL,13116,11259,,,,,,,,,1098,,8754,23705,,31983
HDFCLIFE,CALL OI,16384,17303,,,,,,,,,15502,,16750,15590,,15758
HDFCLIFE,PUT VOL,3390,2680,,,,,,,,,524,,3300,8749,,13053
HDFCLIFE,PUT OI,6557,6036,,,,,,,,,9486,,8837,8715,,9405
HEROMOTOCO,PRICE,5235.0,5166.0,,,,5253.5,5250.75,5240.25,5258.25,5233.75,5255.0,5292.0,5292.0,5301.0,5305.0,5324.0
HEROMOTOCO,VWAP,,,,,,,,,,,5260.66,5279.52,5283.65,5291.26,5292.5,5295.84
HEROMOTOCO,CASH VOL,525693,666103,117680,45.81,57.65,,,,,,14868,57746,82342,120604,131970,153688
HEROMOTOCO,F&O VOL,62323,40374,,,,,,,,,1224,6120,9850,14830,16216,19054
HEROMOTOCO,F&O OI,58996,58308,,,,,,,,,59089,59184,59252,59491,59442,59509
HEROMOTOCO,CALL VOL,39007,20605,,,,,,,,,840,,6268,9567,,12116
HEROMOTOCO,CALL OI,16516,15632,,,,,,,,,16549,,16371,16408,,16285
HEROMOTOCO,PUT VOL,16710,12619,,,,,,,,,315,,2509,3536,,4506
HEROMOTOCO,PUT OI,9514,9273,,,,,,,,,9568,,9820,9866,,10014
HINDALCO,PRICE,972.7,958.7,,,,972.0,970.95,967.45,1002.75,988.58,972.0,977.0,977.0,976.0,980.0,979.0
HINDALCO,VWAP,,,,,,,,,,,973.52,975.89,976.44,976.27,977.04,977.37
HINDALCO,CASH VOL,3439776,2245506,737290,61.23,56.52,,,,,,113820,214634,294575,359458,441743,500289
HINDALCO,F&O VOL,47230,47588,,,,,,,,,1534,3803,5753,7140,8902,9860
HINDALCO,F&O OI,106323,105450,,,,,,,,,106493,106728,106660,106703,106740,106687
HINDALCO,CALL VOL,21329,23385,,,,,,,,,765,,2858,3657,,5179
HINDALCO,CALL OI,14163,14197,,,,,,,,,14248,,14328,14330,,14220
HINDALCO,PUT VOL,17014,14623,,,,,,,,,517,,1943,2346,,3134
HINDALCO,PUT OI,12781,12582,,,,,,,,,12752,,12795,12789,,12865
HINDPETRO,PRICE,350.05,345.3,,,,352.25,349.25,347.65,350.83,348.5,352.0,352.0,352.0,352.0,352.0,351.0
HINDPETRO,VWAP,,,,,,,,,,,352.32,352.41,352.56,352.5,352.42,352.28
HINDPETRO,CASH VOL,3786470,2494296,825014,58.56,44.96,,,,,,160970,282061,389704,471799,532887,605622
HINDPETRO,F&O VOL,11633,11692,,,,,,,,,475,955,1562,1893,2157,2488
HINDPETRO,F&O OI,33826,33522,,,,,,,,,33850,33943,34085,34112,34218,34305
HINDPETRO,CALL VOL,4327,4108,,,,,,,,,195,,546,730,,1026
HINDPETRO,CALL OI,4592,4687,,,,,,,,,4592,,4654,4725,,4849
HINDPETRO,PUT VOL,4117,4064,,,,,,,,,204,,568,688,,835
HINDPETRO,PUT OI,4456,4225,,,,,,,,,4457,,4492,4486,,4487
HINDUNILVR,PRICE,1962.0,1938.1,,,,1962.0,1961.42,1960.25,1958.5,1937.5,1962.0,1959.0,1959.0,1961.0,1965.0,1960.0
HINDUNILVR,VWAP,,,,,,,,,,,1963.8,1961.63,1958.85,1959.42,1960.14,1960.35
HINDUNILVR,CASH VOL,1013304,1715702,199440,49.6,59.15,,,,,,19885,46687,79712,103001,121245,145915
HINDUNILVR,F&O VOL,59836,66742,,,,,,,,,1684,5702,9130,11441,13890,16232
HINDUNILVR,F&O OI,114890,115013,,,,,,,,,114940,115056,115311,115224,114986,114895
HINDUNILVR,CALL VOL,33864,32859,,,,,,,,,1333,,5806,7353,,9722
HINDUNILVR,CALL OI,21088,20605,,,,,,,,,21123,,21267,21296,,21458
HINDUNILVR,PUT VOL,12362,17950,,,,,,,,,274,,1423,1822,,2989
HINDUNILVR,PUT OI,15622,15520,,,,,,,,,15602,,15528,15469,,15411
HINDZINC,PRICE,567.5,560.9,,,,562.9,567.46,567.38,588.22,580.38,564.0,568.0,568.0,567.0,568.0,568.0
HINDZINC,VWAP,,,,,,,,,,,567.92,569.11,568.9,568.59,568.56,568.52
HINDZINC,CASH VOL,2902624,2402454,881806,46.18,58.12,,,,,,239691,473291,591719,701957,758057,809075
HINDZINC,F&O VOL,27871,28099,,,,,,,,,1546,3336,5161,6652,7609,7927
HINDZINC,F&O OI,62692,63003,,,,,,,,,62756,62929,62782,62985,62974,62918
HINDZINC,CALL VOL,13604,11401,,,,,,,,,855,,2512,3296,,3831
HINDZINC,CALL OI,12241,12449,,,,,,,,,12260,,12459,12521,,12538
HINDZINC,PUT VOL,7144,8672,,,,,,,,,500,,1383,1740,,2069
HINDZINC,PUT OI,10155,9921,,,,,,,,,10089,,9907,9919,,9907
HYUNDAI,PRICE,2155.0,2140.0,,,,2150.0,2158.7,2156.23,2189.75,2179.25,2147.0,2167.0,2167.0,2161.0,2163.0,2161.0
HYUNDAI,VWAP,,,,,,,,,,,2156.8,2160.72,2162.89,2162.83,2162.46,2161.73
HYUNDAI,CASH VOL,733017,451786,108568,47.88,39.55,,,,,,12478,24266,35796,45581,55077,74271
HYUNDAI,F&O VOL,7061,9823,,,,,,,,,131,400,1146,1515,1781,2822
HYUNDAI,F&O OI,26705,26432,,,,,,,,,26698,26703,26671,26679,26710,26927
HYUNDAI,CALL VOL,3063,3246,,,,,,,,,28,,244,289,,423
HYUNDAI,CALL OI,2219,2185,,,,,,,,,2228,,2214,2213,,2239
HYUNDAI,PUT VOL,885,1716,,,,,,,,,2,,545,806,,1769
HYUNDAI,PUT OI,4121,4169,,,,,,,,,4121,,4114,4139,,4340
ICICIBANK,PRICE,1358.8,1350.4,,,,1352.0,1357.43,1354.7,1401.0,1386.53,1354.0,1356.0,1356.0,1359.0,1360.0,1357.0
ICICIBANK,VWAP,,,,,,,,,,,1355.38,1355.56,1356.01,1356.46,1356.87,1356.93
ICICIBANK,CASH VOL,9625762,10133488,2347238,64.86,65.61,,,,,,208672,462947,659412,900493,1093359,1279602
ICICIBANK,F&O VOL,104862,158264,,,,,,,,,2751,15682,23838,28495,31883,35609
ICICIBANK,F&O OI,266344,259961,,,,,,,,,266522,267374,267609,267884,267992,268337
ICICIBANK,CALL VOL,44735,60443,,,,,,,,,1560,,11557,13630,,16480
ICICIBANK,CALL OI,24295,22378,,,,,,,,,24341,,24641,24681,,24669
ICICIBANK,PUT VOL,32841,46042,,,,,,,,,960,,6455,7812,,10081
ICICIBANK,PUT OI,19992,18686,,,,,,,,,20092,,20236,20297,,20409
ICICIGI,PRICE,1440.0,1427.7,,,,1440.0,1442.75,1440.92,1480.35,1466.65,1437.0,1449.0,1449.0,1473.0,1475.0,1476.0
ICICIGI,VWAP,,,,,,,,,,,1440.97,1444.71,1449.28,1457.47,1463.48,1466.4
ICICIGI,CASH VOL,449383,951910,191098,59.41,54.11,,,,,,4979,25254,49773,84980,126685,164323
ICICIGI,F&O VOL,7740,12727,,,,,,,,,194,887,1617,4273,6461,8245
ICICIGI,F&O OI,35982,36141,,,,,,,,,36011,36144,35887,35630,35496,35416
ICICIGI,CALL VOL,3742,5549,,,,,,,,,98,,797,2558,,4616
ICICIGI,CALL OI,4069,3880,,,,,,,,,3376,,3644,3596,,3528
ICICIGI,PUT VOL,1358,2299,,,,,,,,,84,,417,799,,1458
ICICIGI,PUT OI,3287,3274,,,,,,,,,2960,,3345,3403,,3365
ICICIPRULI,PRICE,470.0,457.6,,,,470.0,468.49,465.48,473.65,472.22,471.0,472.0,472.0,482.0,482.0,483.0
ICICIPRULI,VWAP,,,,,,,,,,,473.23,472.83,473.34,477.22,479.15,479.56
ICICIPRULI,CASH VOL,767677,941756,229797,33.26,57.83,,,,,,48939,99212,136806,286500,411838,454967
ICICIPRULI,F&O VOL,9352,6366,,,,,,,,,508,1123,1890,5607,7794,8739
ICICIPRULI,F&O OI,30937,31339,,,,,,,,,30904,31048,30768,30213,30199,30163
ICICIPRULI,CALL VOL,4320,2599,,,,,,,,,220,,876,2922,,4433
ICICIPRULI,CALL OI,4187,4183,,,,,,,,,3135,,3130,3230,,3913
ICICIPRULI,PUT VOL,1891,925,,,,,,,,,125,,409,1115,,1598
ICICIPRULI,PUT OI,3007,2830,,,,,,,,,3002,,2988,2816,,2948
IDEA,PRICE,14.26,14.45,,,,14.25,14.31,14.28,15.3,15.08,14.0,14.0,14.0,14.0,14.0,14.0
IDEA,VWAP,,,,,,,,,,,14.35,14.35,14.34,14.34,14.34,14.34
IDEA,CASH VOL,307898731,368743044,55797661,28.07,38.01,,,,,,17705254,36950309,51877220,60202426,63772756,69448575
IDEA,F&O VOL,41393,35361,,,,,,,,,601,2682,3689,4108,4309,4520
IDEA,F&O OI,137147,135199,,,,,,,,,137273,137476,137592,137678,137716,137759
IDEA,CALL VOL,22797,19533,,,,,,,,,422,,2100,2391,,2599
IDEA,CALL OI,28316,28298,,,,,,,,,28376,,28442,28506,,28537
IDEA,PUT VOL,9698,6512,,,,,,,,,100,,503,539,,580
IDEA,PUT OI,13048,12992,,,,,,,,,13080,,13116,13111,,13127
IDFCFIRSTB,PRICE,85.01,84.8,,,,84.75,85.16,85.06,86.41,86.27,85.0,85.0,85.0,85.0,84.0,84.0
IDFCFIRSTB,VWAP,,,,,,,,,,,85.31,85.31,85.15,85.11,85.1,85.08
IDFCFIRSTB,CASH VOL,14275478,25183922,6644259,62.95,59.92,,,,,,592781,1227503,2221815,2899044,3144439,3476907
IDFCFIRSTB,F&O VOL,14771,21273,,,,,,,,,187,911,2270,2962,3283,3832
IDFCFIRSTB,F&O OI,68601,68320,,,,,,,,,68627,68734,68978,68992,69018,69087
IDFCFIRSTB,CALL VOL,5786,9321,,,,,,,,,69,,1035,1377,,1730
IDFCFIRSTB,CALL OI,10494,10556,,,,,,,,,10500,,10725,10735,,10730
IDFCFIRSTB,PUT VOL,4474,5342,,,,,,,,,86,,652,791,,985
IDFCFIRSTB,PUT OI,8764,8653,,,,,,,,,8770,,8810,8793,,8827
IEX,PRICE,112.0,112.0,,,,111.82,111.79,111.38,116.44,114.73,111.0,112.0,112.0,112.0,113.0,113.0
IEX,VWAP,,,,,,,,,,,112.27,112.42,112.55,112.58,112.62,112.65
IEX,CASH VOL,3302102,5438969,548134,35.96,52.44,,,,,,139758,366840,521417,601494,646320,714898
IEX,F&O VOL,8255,7985,,,,,,,,,164,624,1004,1187,1304,1406
IEX,F&O OI,32423,32059,,,,,,,,,32414,32355,32295,32302,32296,32277
IEX,CALL VOL,2940,3192,,,,,,,,,118,,564,668,,778
IEX,CALL OI,6170,6141,,,,,,,,,6156,,6065,6065,,6043
IEX,PUT VOL,3774,2869,,,,,,,,,89,,301,347,,396
IEX,PUT OI,3401,3043,,,,,,,,,3405,,3374,3382,,3385
INDHOTEL,PRICE,713.4,715.0,,,,713.4,713.32,713.15,717.69,716.08,716.0,719.0,719.0,718.0,717.0,721.0
INDHOTEL,VWAP,,,,,,,,,,,719.0,720.03,719.68,719.46,719.11,719.41
INDHOTEL,CASH VOL,1037515,2423706,406586,62.68,49.12,,,,,,46720,140263,185086,278784,394505,498228
INDHOTEL,F&O VOL,10554,18102,,,,,,,,,292,1669,2123,2412,2985,3410
INDHOTEL,F&O OI,40472,40131,,,,,,,,,40435,40644,40603,40637,40571,40583
INDHOTEL,CALL VOL,4245,7592,,,,,,,,,174,,1121,1293,,1608
INDHOTEL,CALL OI,4515,4568,,,,,,,,,4484,,4426,4436,,4439
INDHOTEL,PUT VOL,3592,4626,,,,,,,,,94,,733,835,,1204
INDHOTEL,PUT OI,3348,3037,,,,,,,,,3353,,3534,3555,,3481
INDIANB,PRICE,840.0,836.75,,,,842.0,842.25,840.75,859.27,855.43,848.0,853.0,853.0,850.0,851.0,848.0
INDIANB,VWAP,,,,,,,,,,,847.61,851.35,851.7,851.59,851.56,851.15
INDIANB,CASH VOL,773817,754029,195119,53.07,59.0,,,,,,35253,86130,122746,144933,153690,174421
INDIANB,F&O VOL,8175,12555,,,,,,,,,340,1101,2227,2796,3002,3277
INDIANB,F&O OI,24508,24863,,,,,,,,,24467,24440,24285,24168,24093,24018
INDIANB,CALL VOL,3487,5710,,,,,,,,,168,,1050,1208,,1398
INDIANB,CALL OI,5226,5402,,,,,,,,,5203,,5103,5096,,5063
INDIANB,PUT VOL,2567,4377,,,,,,,,,136,,834,943,,1020
INDIANB,PUT OI,5281,4940,,,,,,,,,5264,,5158,5158,,5134
INDIGO,PRICE,4733.5,4776.0,,,,4746.5,4753.75,4740.25,4956.08,4922.25,4756.0,4774.0,4774.0,4781.0,4788.0,4796.0
INDIGO,VWAP,,,,,,,,,,,4762.66,4767.9,4770.37,4771.41,4772.96,4775.85
INDIGO,CASH VOL,529301,860472,89267,47.55,51.41,,,,,,39686,79152,96688,111032,126282,148341
INDIGO,F&O VOL,63307,57991,,,,,,,,,3654,7507,10771,12269,13785,15570
INDIGO,F&O OI,86440,85953,,,,,,,,,86575,87050,87012,87110,87148,87317
INDIGO,CALL VOL,25496,25348,,,,,,,,,2660,,6432,7107,,8767
INDIGO,CALL OI,21165,20363,,,,,,,,,21345,,21558,21564,,21612
INDIGO,PUT VOL,28520,23470,,,,,,,,,902,,3103,3549,,4832
INDIGO,PUT OI,13512,13964,,,,,,,,,13556,,13504,13502,,13657
INDUSINDBK,PRICE,946.5,956.5,,,,946.0,952.8,948.6,995.1,983.83,950.0,963.0,963.0,965.0,964.0,966.0
INDUSINDBK,VWAP,,,,,,,,,,,955.21,958.81,960.13,960.46,961.04,962.72
INDUSINDBK,CASH VOL,1727406,1511601,396682,58.63,58.88,,,,,,81859,584227,736175,787862,875355,1402763
INDUSINDBK,F&O VOL,17434,19862,,,,,,,,,1396,7791,11759,13273,14777,17343
INDUSINDBK,F&O OI,74669,72657,,,,,,,,,74687,74815,74738,74498,74562,74592
INDUSINDBK,CALL VOL,7704,7912,,,,,,,,,1250,,6718,6951,,8530
INDUSINDBK,CALL OI,6224,5717,,,,,,,,,6061,,6436,5597,,5578
INDUSINDBK,PUT VOL,4324,4145,,,,,,,,,584,,3156,3868,,5418
INDUSINDBK,PUT OI,6384,5769,,,,,,,,,6436,,7091,6336,,6173
INDUSTOWER,PRICE,375.6,379.0,,,,377.1,378.35,376.52,385.26,379.77,377.0,380.0,380.0,380.0,380.0,383.0
INDUSTOWER,VWAP,,,,,,,,,,,379.11,379.97,379.88,379.96,380.35,381.54
INDUSTOWER,CASH VOL,4050806,3807593,1261093,62.55,58.35,,,,,,87339,223860,273965,331613,403986,617261
INDUSTOWER,F&O VOL,13164,19476,,,,,,,,,118,940,1465,1920,2442,4572
INDUSTOWER,F&O OI,75302,75180,,,,,,,,,75304,75415,75495,75483,75455,75487
INDUSTOWER,CALL VOL,5920,6748,,,,,,,,,64,,662,860,,2122
INDUSTOWER,CALL OI,7065,6522,,,,,,,,,5713,,5708,5703,,6916
INDUSTOWER,PUT VOL,2247,4797,,,,,,,,,22,,268,370,,740
INDUSTOWER,PUT OI,2587,2765,,,,,,,,,3037,,3106,3105,,2739
INFY,PRICE,1060.0,1077.0,,,,1054.9,1069.3,1063.1,1068.2,1047.87,1056.0,1054.0,1054.0,1055.0,1055.0,1052.0
INFY,VWAP,,,,,,,,,,,1055.12,1054.04,1054.13,1054.24,1054.32,1053.99
INFY,CASH VOL,6230590,14816117,1792949,54.26,51.1,,,,,,254773,446020,547890,643895,723396,919811
INFY,F&O VOL,202779,448187,,,,,,,,,9245,23519,39442,46904,52414,60810
INFY,F&O OI,352556,352793,,,,,,,,,353052,353995,354157,353828,353658,353732
INFY,CALL VOL,75387,185431,,,,,,,,,5116,,19615,23171,,29575
INFY,CALL OI,62020,62306,,,,,,,,,62545,,64378,64340,,64292
INFY,PUT VOL,88816,158886,,,,,,,,,3715,,14685,17652,,22881
INFY,PUT OI,44066,44873,,,,,,,,,43778,,42548,42350,,42193
INOXWIND,PRICE,74.5,74.35,,,,74.45,74.19,73.59,76.25,75.75,74.0,74.0,74.0,74.0,74.0,73.0
INOXWIND,VWAP,,,,,,,,,,,74.64,74.83,74.8,74.67,74.61,74.51
INOXWIND,CASH VOL,5543694,9034365,1387679,34.22,37.37,,,,,,321517,788158,962492,1304750,1484705,1730686
INOXWIND,F&O VOL,396,574,,,,,,,,,7,15,20,55,59,69
INOXWIND,F&O OI,27803,28054,,,,,,,,,27801,27799,27798,27783,27783,27768
INOXWIND,CALL VOL,81,65,,,,,,,,,0,,0,5,,8
INOXWIND,CALL OI,5355,5388,,,,,,,,,5355,,5355,5355,,5355
INOXWIND,PUT VOL,46,36,,,,,,,,,7,,8,10,,11
INOXWIND,PUT OI,2956,2991,,,,,,,,,2954,,2954,2952,,2952
IOC,PRICE,134.75,132.03,,,,134.9,134.28,133.33,135.26,135.16,134.0,134.0,134.0,134.0,134.0,134.0
IOC,VWAP,,,,,,,,,,,134.79,134.89,134.77,134.74,134.74,134.72
IOC,CASH VOL,10071835,10870933,2832736,55.38,63.04,,,,,,576498,994256,1360183,1561205,1684802,1826302
IOC,F&O VOL,13872,10096,,,,,,,,,797,1740,2565,2860,3172,3367
IOC,F&O OI,46626,45617,,,,,,,,,46708,46916,47026,47016,47093,47084
IOC,CALL VOL,5313,4235,,,,,,,,,457,,1211,1326,,1593
IOC,CALL OI,6221,6350,,,,,,,,,6342,,6483,6467,,6496
IOC,PUT VOL,5601,3354,,,,,,,,,349,,1013,1144,,1300
IOC,PUT OI,5615,4923,,,,,,,,,5551,,5731,5719,,5739
IREDA,PRICE,108.4,109.0,,,,108.38,108.5,108.43,113.03,112.15,108.0,109.0,109.0,109.0,109.0,109.0
IREDA,VWAP,,,,,,,,,,,108.83,109.12,109.15,109.16,109.18,109.17
IREDA,CASH VOL,3083062,3982851,608143,38.62,47.62,,,,,,218587,554749,773348,859950,948004,1038978
IREDA,F&O VOL,7185,8434,,,,,,,,,240,916,1454,1728,1949,2253
IREDA,F&O OI,44329,43345,,,,,,,,,44310,44222,44214,44245,44300,44306
IREDA,CALL VOL,4393,4535,,,,,,,,,283,,1082,1256,,1581
IREDA,CALL OI,9378,8700,,,,,,,,,9361,,9228,9252,,9246
IREDA,PUT VOL,828,1332,,,,,,,,,25,,147,204,,250
IREDA,PUT OI,4584,4592,,,,,,,,,4591,,4612,4647,,4635
IRFC,PRICE,78.95,79.15,,,,79.3,78.92,78.87,82.0,81.39,79.0,79.0,79.0,79.0,79.0,79.0
IRFC,VWAP,,,,,,,,,,,79.58,79.61,79.54,79.52,79.52,79.49
IRFC,CASH VOL,9834178,8655447,1733418,39.56,48.75,,,,,,605035,1118100,1648480,1839729,1932089,2130226
IRFC,F&O VOL,15381,13120,,,,,,,,,434,1281,2127,2676,3069,3593
IRFC,F&O OI,42753,42133,,,,,,,,,42733,42720,42922,42824,42822,42935
IRFC,CALL VOL,6077,4978,,,,,,,,,290,,1015,1151,,1517
IRFC,CALL OI,3960,3668,,,,,,,,,5167,,3988,3995,,4035
IRFC,PUT VOL,2515,2383,,,,,,,,,109,,520,564,,708
IRFC,PUT OI,3712,3359,,,,,,,,,4584,,3851,3858,,3873
ITC,PRICE,264.15,258.0,,,,264.8,263.47,262.1,261.8,260.5,265.0,265.0,265.0,267.0,267.0,267.0
ITC,VWAP,,,,,,,,,,,265.48,265.44,265.4,266.11,266.48,266.58
ITC,CASH VOL,15199856,12133201,2835777,46.59,54.24,,,,,,773007,1366752,1728612,2786431,3571657,3893012
ITC,F&O VOL,145089,87130,,,,,,,,,7418,18541,25501,43270,54430,61196
ITC,F&O OI,207909,206162,,,,,,,,,208290,208501,208453,208983,209165,209219
ITC,CALL VOL,77479,42836,,,,,,,,,3728,,14064,24626,,33848
ITC,CALL OI,41609,43944,,,,,,,,,35300,,41942,41496,,41286
ITC,PUT VOL,38605,25455,,,,,,,,,2031,,7381,12853,,16846
ITC,PUT OI,24854,21329,,,,,,,,,23215,,24929,25764,,26050
JINDALSTEL,PRICE,1103.0,1095.0,,,,1104.1,1102.4,1101.2,1118.0,1113.0,1112.0,1118.0,1118.0,1125.0,1132.0,1128.0
JINDALSTEL,VWAP,,,,,,,,,,,1112.61,1115.67,1118.72,1120.91,1123.21,1123.95
JINDALSTEL,CASH VOL,457237,816410,111449,34.05,45.45,,,,,,19835,51410,98149,140967,182337,213665
JINDALSTEL,F&O VOL,10533,12996,,,,,,,,,253,855,2026,3596,5555,6220
JINDALSTEL,F&O OI,38561,38398,,,,,,,,,38594,38591,38798,38897,39103,39134
JINDALSTEL,CALL VOL,5064,5533,,,,,,,,,142,,969,1807,,3354
JINDALSTEL,CALL OI,4927,5027,,,,,,,,,4957,,4944,4901,,4961
JINDALSTEL,PUT VOL,3031,3222,,,,,,,,,64,,727,1209,,1816
JINDALSTEL,PUT OI,5957,5946,,,,,,,,,5968,,6119,6180,,6332
JIOFIN,PRICE,224.84,225.6,,,,225.0,226.53,225.4,232.87,230.89,225.0,227.0,227.0,228.0,229.0,229.0
JIOFIN,VWAP,,,,,,,,,,,226.34,227.04,227.41,227.59,227.79,227.94
JIOFIN,CASH VOL,11926382,13273805,3382597,49.34,49.13,,,,,,605662,1778947,2767264,3393723,3794763,4236897
JIOFIN,F&O VOL,43333,46089,,,,,,,,,1270,5802,12612,16367,21065,24574
JIOFIN,F&O OI,185236,183087,,,,,,,,,185203,184602,184428,183800,183276,183266
JIOFIN,CALL VOL,18695,18295,,,,,,,,,875,,5849,8088,,11641
JIOFIN,CALL OI,20557,19175,,,,,,,,,19337,,18938,19913,,19828
JIOFIN,PUT VOL,8447,8369,,,,,,,,,387,,3110,3644,,4934
JIOFIN,PUT OI,17324,17135,,,,,,,,,18446,,18376,17328,,17369
JSWENERGY,PRICE,504.7,505.0,,,,505.0,507.0,505.47,531.6,528.17,505.0,508.0,508.0,511.0,512.0,511.0
JSWENERGY,VWAP,,,,,,,,,,,507.83,507.77,508.29,509.17,509.73,509.85
JSWENERGY,CASH VOL,1951623,897315,1343924,72.04,48.43,,,,,,24251,50666,108230,155194,184603,198636
JSWENERGY,F&O VOL,8254,9049,,,,,,,,,223,686,1864,3050,3726,4000
JSWENERGY,F&O OI,36638,36501,,,,,,,,,36638,36707,36858,36702,36781,36758
JSWENERGY,CALL VOL,4849,4525,,,,,,,,,183,,1218,1982,,2436
JSWENERGY,CALL OI,5001,4885,,,,,,,,,4977,,5155,4993,,5002
JSWENERGY,PUT VOL,2152,2749,,,,,,,,,31,,445,794,,1016
JSWENERGY,PUT OI,2753,2829,,,,,,,,,2753,,2777,2725,,2717
JSWSTEEL,PRICE,1248.9,1229.2,,,,1248.9,1245.47,1238.6,1300.0,1276.67,1247.0,1248.0,1248.0,1249.0,1255.0,1249.0
JSWSTEEL,VWAP,,,,,,,,,,,1249.31,1249.29,1248.24,1248.28,1250.59,1250.46
JSWSTEEL,CASH VOL,1803781,1030088,742566,63.49,52.62,,,,,,67397,188491,214205,240480,443718,476040
JSWSTEEL,F&O VOL,19807,24515,,,,,,,,,461,1391,2235,2835,4634,5569
JSWSTEEL,F&O OI,82825,83406,,,,,,,,,82853,83013,83076,83148,83069,83165
JSWSTEEL,CALL VOL,10151,11984,,,,,,,,,248,,1110,1408,,2861
JSWSTEEL,CALL OI,7512,7463,,,,,,,,,7508,,7529,7546,,7459
JSWSTEEL,PUT VOL,6475,6117,,,,,,,,,177,,847,1006,,1674
JSWSTEEL,PUT OI,7934,8313,,,,,,,,,7943,,8099,8105,,8086
JUBLFOOD,PRICE,471.0,466.0,,,,469.95,469.61,466.82,474.92,471.81,469.0,474.0,474.0,481.0,483.0,481.0
JUBLFOOD,VWAP,,,,,,,,,,,471.22,472.28,475.09,477.67,478.11,478.34
JUBLFOOD,CASH VOL,426648,471771,117979,39.01,40.05,,,,,,38748,69401,131402,206892,233003,252662
JUBLFOOD,F&O VOL,5454,6037,,,,,,,,,95,496,2669,4200,5816,6222
JUBLFOOD,F&O OI,29408,29692,,,,,,,,,29431,29412,29778,29989,29391,29446
JUBLFOOD,CALL VOL,2511,2257,,,,,,,,,32,,1542,2513,,3574
JUBLFOOD,CALL OI,2420,2372,,,,,,,,,1365,,2894,3420,,2441
JUBLFOOD,PUT VOL,784,838,,,,,,,,,13,,284,554,,768
JUBLFOOD,PUT OI,1900,1913,,,,,,,,,1676,,1921,2028,,1981
KALYANKJIL,PRICE,580.9,604.2,,,,580.0,593.1,584.97,603.73,602.01,581.0,578.0,578.0,583.0,583.0,586.0
KALYANKJIL,VWAP,,,,,,,,,,,584.97,582.84,582.85,582.9,583.43,583.74
KALYANKJIL,CASH VOL,7484433,8522494,1745688,24.49,35.4,,,,,,502341,1169871,1581358,1720308,1975554,2215245
KALYANKJIL,F&O VOL,67995,47522,,,,,,,,,2896,7767,11657,12816,15440,17002
KALYANKJIL,F&O OI,55725,54575,,,,,,,,,55857,56166,56374,56347,56105,56165
KALYANKJIL,CALL VOL,18274,7470,,,,,,,,,1442,,4322,5344,,6967
KALYANKJIL,CALL OI,9506,8396,,,,,,,,,9560,,7315,9752,,9619
KALYANKJIL,PUT VOL,22101,10376,,,,,,,,,801,,2496,2806,,3491
KALYANKJIL,PUT OI,7222,7705,,,,,,,,,7195,,6875,7192,,7166
KAYNES,PRICE,3385.0,3392.0,,,,3402.0,3374.05,3352.15,3584.1,3531.37,3419.0,3510.0,3510.0,3552.0,3559.0,3543.0
KAYNES,VWAP,,,,,,,,,,,3455.5,3484.83,3504.8,3515.44,3519.41,3520.77
KAYNES,CASH VOL,723071,689922,95782,30.59,33.21,,,,,,109088,283639,451742,592113,698443,754960
KAYNES,F&O VOL,1906,1524,,,,,,,,,11,208,507,779,914,989
KAYNES,F&O OI,51286,52348,,,,,,,,,51284,51236,51123,50971,50903,50880
KAYNES,CALL VOL,345,187,,,,,,,,,5,,100,188,,219
KAYNES,CALL OI,5503,5605,,,,,,,,,3944,,5477,5474,,5473
KAYNES,PUT VOL,93,94,,,,,,,,,0,,24,46,,87
KAYNES,PUT OI,6281,6352,,,,,,,,,5360,,6275,6263,,6253
KEI,PRICE,4506.0,4500.0,,,,4498.0,4506.25,4506.08,4659.0,4605.0,4473.0,4496.0,4496.0,4505.0,4510.0,4509.0
KEI,VWAP,,,,,,,,,,,4493.29,4498.01,4500.2,4500.13,4500.9,4501.2
KEI,CASH VOL,306662,371320,72199,36.91,42.35,,,,,,20785,36553,49742,56386,60192,63575
KEI,F&O VOL,22701,23109,,,,,,,,,616,2164,3084,3825,4382,4871
KEI,F&O OI,53568,54146,,,,,,,,,53657,53772,53825,53863,53921,53885
KEI,CALL VOL,11284,10531,,,,,,,,,443,,1757,2295,,2821
KEI,CALL OI,12159,11996,,,,,,,,,12250,,12425,12502,,12543
KEI,PUT VOL,5972,5284,,,,,,,,,201,,851,1069,,1281
KEI,PUT OI,9950,10132,,,,,,,,,9962,,9961,9961,,9950
KFINTECH,PRICE,889.0,884.8,,,,884.3,887.41,884.23,907.6,902.53,882.0,893.0,893.0,891.0,892.0,893.0
KFINTECH,VWAP,,,,,,,,,,,885.02,889.06,890.95,890.88,890.98,891.2
KFINTECH,CASH VOL,388510,761367,126982,36.42,44.36,,,,,,19883,53709,81421,95667,103378,111404
KFINTECH,F&O VOL,4088,6297,,,,,,,,,124,431,983,1254,1415,1570
KFINTECH,F&O OI,20240,20003,,,,,,,,,20238,20254,20139,20166,20149,20194
KFINTECH,CALL VOL,2052,2893,,,,,,,,,50,,495,762,,922
KFINTECH,CALL OI,5871,5665,,,,,,,,,4123,,4066,5840,,5873
KFINTECH,PUT VOL,809,1159,,,,,,,,,26,,257,358,,398
KFINTECH,PUT OI,3032,2971,,,,,,,,,2851,,2782,2968,,2949
KOTAKBANK,PRICE,415.0,409.8,,,,415.0,414.4,413.2,418.49,417.48,415.0,415.0,415.0,416.0,417.0,416.0
KOTAKBANK,VWAP,,,,,,,,,,,415.65,415.56,415.0,415.48,415.67,415.77
KOTAKBANK,CASH VOL,10898426,14367343,3733536,71.94,69.61,,,,,,319281,452132,718967,1548733,1716958,1900149
KOTAKBANK,F&O VOL,36361,57123,,,,,,,,,1219,3641,6836,9570,11162,12195
KOTAKBANK,F&O OI,149517,150873,,,,,,,,,149571,149698,149425,149620,149657,149556
KOTAKBANK,CALL VOL,17964,26689,,,,,,,,,555,,3079,4402,,5405
KOTAKBANK,CALL OI,29863,30422,,,,,,,,,29818,,29852,29792,,29754
KOTAKBANK,PUT VOL,11712,18974,,,,,,,,,492,,2561,3983,,4891
KOTAKBANK,PUT OI,16462,16063,,,,,,,,,16452,,16584,16797,,16772
KPITTECH,PRICE,555.0,563.0,,,,556.2,559.75,556.58,560.75,556.08,556.0,558.0,558.0,559.0,558.0,556.0
KPITTECH,VWAP,,,,,,,,,,,555.58,556.26,556.49,556.65,556.73,556.74
KPITTECH,CASH VOL,831708,4090759,172142,29.99,23.77,,,,,,69102,157954,197685,228309,236841,252575
KPITTECH,F&O VOL,13311,50883,,,,,,,,,601,1727,2262,2751,2991,3241
KPITTECH,F&O OI,28764,28207,,,,,,,,,28815,28904,28894,28864,28863,28879
KPITTECH,CALL VOL,6661,32871,,,,,,,,,326,,1156,1372,,1589
KPITTECH,CALL OI,6186,6069,,,,,,,,,6152,,6197,6189,,6216
KPITTECH,PUT VOL,3594,9288,,,,,,,,,283,,770,918,,1051
KPITTECH,PUT OI,3728,3641,,,,,,,,,3797,,3843,3812,,3800
LAURUSLABS,PRICE,1905.5,1926.9,,,,1898.0,1904.32,1901.95,1948.42,1907.25,1902.0,1921.0,1921.0,1929.0,1930.0,1928.0
LAURUSLABS,VWAP,,,,,,,,,,,1918.5,1925.18,1926.06,1927.5,1927.72,1927.93
LAURUSLABS,CASH VOL,2871410,1538262,421120,52.2,56.58,,,,,,62948,160133,215591,284213,313701,362280
LAURUSLABS,F&O VOL,55458,31061,,,,,,,,,1693,7821,10589,12671,13259,14309
LAURUSLABS,F&O OI,49855,46500,,,,,,,,,50025,50396,50551,50542,50708,50831
LAURUSLABS,CALL VOL,21591,13086,,,,,,,,,991,,5959,6906,,7212
LAURUSLABS,CALL OI,10409,9788,,,,,,,,,10424,,10551,10424,,10471
LAURUSLABS,PUT VOL,13616,8520,,,,,,,,,406,,2128,2633,,3205
LAURUSLABS,PUT OI,5872,5649,,,,,,,,,5886,,5740,5878,,6413
LICHSGFIN,PRICE,543.0,542.0,,,,542.05,542.17,540.53,561.29,558.08,544.0,546.0,546.0,546.0,546.0,543.0
LICHSGFIN,VWAP,,,,,,,,,,,546.81,546.67,546.69,546.57,546.43,546.02
LICHSGFIN,CASH VOL,3693410,4654811,647583,48.04,58.14,,,,,,116451,173116,204000,223303,240623,280813
LICHSGFIN,F&O VOL,24745,23318,,,,,,,,,510,1000,1359,1792,2448,2847
LICHSGFIN,F&O OI,59949,59745,,,,,,,,,60026,60077,60030,60060,60098,60187
LICHSGFIN,CALL VOL,12251,12638,,,,,,,,,287,,664,930,,1416
LICHSGFIN,CALL OI,7314,7488,,,,,,,,,7325,,7305,7377,,7401
LICHSGFIN,PUT VOL,5716,5716,,,,,,,,,129,,285,373,,522
LICHSGFIN,PUT OI,5328,5550,,,,,,,,,5317,,5318,5317,,5326
LICI,PRICE,395.5,391.5,,,,395.5,394.0,391.0,409.93,406.04,394.0,397.0,397.0,399.0,400.0,398.0
LICI,VWAP,,,,,,,,,,,396.0,396.52,396.63,397.09,397.45,397.58
LICI,CASH VOL,7015226,12174521,2161446,59.01,64.33,,,,,,313214,618064,899354,1308768,1484737,1671980
LICI,F&O VOL,16411,27389,,,,,,,,,417,1263,2352,3348,4948,5935
LICI,F&O OI,65242,63969,,,,,,,,,65304,65314,65279,65327,65490,65709
LICI,CALL VOL,7007,13382,,,,,,,,,300,,1235,1881,,3105
LICI,CALL OI,8600,8399,,,,,,,,,8010,,8043,8727,,8768
LICI,PUT VOL,3127,6033,,,,,,,,,71,,536,733,,1022
LICI,PUT OI,8466,8364,,,,,,,,,8522,,8419,8386,,8347
LODHA,PRICE,1087.4,1064.8,,,,1080.0,1081.28,1069.05,1153.7,1129.17,1082.0,1094.0,1094.0,1100.0,1100.0,1099.0
LODHA,VWAP,,,,,,,,,,,1085.28,1089.05,1096.84,1098.48,1098.51,1098.48
LODHA,CASH VOL,1204027,1480215,234153,42.38,54.63,,,,,,68904,118328,445221,1037165,1055721,1078017
LODHA,F&O VOL,24568,33645,,,,,,,,,611,1874,4195,5585,6181,6602
LODHA,F&O OI,37808,38506,,,,,,,,,37793,37902,37839,37840,37909,37928
LODHA,CALL VOL,10197,11859,,,,,,,,,321,,1941,2588,,2992
LODHA,CALL OI,4512,4852,,,,,,,,,3667,,4530,4506,,4535
LODHA,PUT VOL,7306,11463,,,,,,,,,338,,1361,1878,,2120
LODHA,PUT OI,6030,6210,,,,,,,,,8086,,6232,6289,,6317
LT,PRICE,3807.7,3850.7,,,,3811.0,3833.9,3816.43,3950.45,3937.28,3821.0,3842.0,3842.0,3858.0,3854.0,3845.0
LT,VWAP,,,,,,,,,,,3826.93,3834.32,3834.26,3837.95,3839.74,3840.53
LT,CASH VOL,2038640,1848703,614692,68.29,58.82,,,,,,41738,98605,129428,174197,200362,229180
LT,F&O VOL,56787,68981,,,,,,,,,2021,6218,9865,14308,16245,20333
LT,F&O OI,140014,136577,,,,,,,,,140178,140195,140583,140470,140232,140950
LT,CALL VOL,28967,33022,,,,,,,,,1270,,5710,8363,,11337
LT,CALL OI,30434,28956,,,,,,,,,30489,,30558,30449,,30341
LT,PUT VOL,15953,17800,,,,,,,,,780,,2966,4106,,5394
LT,PUT OI,17535,16353,,,,,,,,,17637,,17781,17728,,17741
LTF,PRICE,295.5,296.8,,,,295.3,297.38,296.12,309.07,309.0,294.0,298.0,298.0,299.0,299.0,297.0
LTF,VWAP,,,,,,,,,,,295.69,296.91,298.21,298.28,298.29,298.17
LTF,CASH VOL,1797290,3858315,505388,36.92,52.17,,,,,,210094,479485,709875,773572,829341,949628
LTF,F&O VOL,16050,21408,,,,,,,,,997,2177,5073,5630,6260,6737
LTF,F&O OI,39729,39681,,,,,,,,,39846,39964,40214,40310,40544,40593
LTF,CALL VOL,5957,7015,,,,,,,,,361,,2113,2268,,2561
LTF,CALL OI,4787,4579,,,,,,,,,4838,,5393,5421,,4997
LTF,PUT VOL,5528,6687,,,,,,,,,397,,1549,1678,,2120
LTF,PUT OI,7185,7437,,,,,,,,,7237,,7344,7334,,7487
LTM,PRICE,4233.0,4346.6,,,,4233.0,4301.5,4255.83,4397.2,4315.73,4207.0,4227.0,4227.0,4236.0,4230.0,4219.0
LTM,VWAP,,,,,,,,,,,4210.02,4210.64,4216.57,4217.58,4218.34,4218.61
LTM,CASH VOL,229957,663212,62389,29.7,17.17,,,,,,20419,36685,49745,52321,56004,60298
LTM,F&O VOL,19403,73403,,,,,,,,,3316,5459,6419,6944,7182,7633
LTM,F&O OI,50210,49266,,,,,,,,,50996,51357,51374,51339,51356,51349
LTM,CALL VOL,5882,17202,,,,,,,,,1116,,2281,2407,,2652
LTM,CALL OI,3682,3200,,,,,,,,,2782,,4249,4229,,4242
LTM,PUT VOL,5944,19379,,,,,,,,,1868,,2816,3002,,3155
LTM,PUT OI,3767,3795,,,,,,,,,3816,,4345,4346,,4354
LUPIN,PRICE,2045.0,2063.2,,,,2052.6,2053.8,2047.93,2096.75,2095.58,2050.0,2049.0,2049.0,2061.0,2063.0,2059.0
LUPIN,VWAP,,,,,,,,,,,2052.25,2051.54,2051.49,2053.63,2054.24,2054.79
LUPIN,CASH VOL,789895,599677,217967,58.08,63.45,,,,,,16811,49985,68348,89006,95087,104773
LUPIN,F&O VOL,11927,9951,,,,,,,,,400,1612,2712,3707,4089,4460
LUPIN,F&O OI,38239,37489,,,,,,,,,38237,38427,38560,38539,38524,38525
LUPIN,CALL VOL,4830,3701,,,,,,,,,241,,1643,2233,,2612
LUPIN,CALL OI,3509,2883,,,,,,,,,2905,,3653,3620,,3573
LUPIN,PUT VOL,2843,2046,,,,,,,,,68,,587,815,,943
LUPIN,PUT OI,4673,4637,,,,,,,,,4437,,4733,4747,,4766
M&M,PRICE,3070.0,3029.5,,,,3047.0,3075.25,3071.75,3123.55,3112.52,3068.0,3103.0,3103.0,3104.0,3102.0,3116.0
M&M,VWAP,,,,,,,,,,,3080.24,3094.22,3096.54,3098.15,3098.31,3102.21
M&M,CASH VOL,2390779,2176832,579469,58.82,61.17,,,,,,75035,152216,207228,257660,298651,400602
M&M,F&O VOL,86818,57627,,,,,,,,,4710,12485,17822,19937,21924,27028
M&M,F&O OI,128916,126710,,,,,,,,,128785,128828,128990,129095,129016,128985
M&M,CALL VOL,47881,27374,,,,,,,,,2992,,9569,10777,,14259
M&M,CALL OI,20548,18328,,,,,,,,,20241,,20185,20235,,19984
M&M,PUT VOL,25364,14108,,,,,,,,,1549,,5121,5780,,8199
M&M,PUT OI,14376,13723,,,,,,,,,14523,,14771,14803,,14935
MANAPPURAM,PRICE,319.9,318.85,,,,318.85,320.98,320.26,327.23,323.7,318.0,319.0,319.0,318.0,318.0,317.0
MANAPPURAM,VWAP,,,,,,,,,,,319.38,319.85,319.42,319.37,319.32,319.12
MANAPPURAM,CASH VOL,3120709,3726323,576272,50.09,48.76,,,,,,180903,678064,864414,901829,944774,1022348
MANAPPURAM,F&O VOL,500,449,,,,,,,,,5,12,18,23,32,54
MANAPPURAM,F&O OI,35244,35592,,,,,,,,,35244,35241,35237,35236,35236,35226
MANAPPURAM,CALL VOL,70,36,,,,,,,,,0,,0,1,,3
MANAPPURAM,CALL OI,2122,2166,,,,,,,,,2365,,2356,2356,,2122
MANAPPURAM,PUT VOL,29,25,,,,,,,,,0,,0,0,,0
MANAPPURAM,PUT OI,2490,2506,,,,,,,,,2632,,2567,2567,,2490
MANKIND,PRICE,2246.0,2280.5,,,,2252.7,2273.35,2255.12,2278.93,2276.8,2244.0,2247.0,2247.0,2255.0,2256.0,2251.0
MANKIND,VWAP,,,,,,,,,,,2251.33,2249.63,2250.22,2250.85,2251.11,2251.17
MANKIND,CASH VOL,650768,446450,168245,75.53,60.83,,,,,,4121,13283,16575,20762,21513,25042
MANKIND,F&O VOL,7351,5746,,,,,,,,,53,232,351,547,696,839
MANKIND,F&O OI,20293,19761,,,,,,,,,20310,20322,20319,20370,20358,20415
MANKIND,CALL VOL,1935,1689,,,,,,,,,8,,85,145,,169
MANKIND,CALL OI,995,897,,,,,,,,,999,,1247,1267,,1022
MANKIND,PUT VOL,1925,1182,,,,,,,,,20,,54,100,,145
MANKIND,PUT OI,2938,2916,,,,,,,,,2945,,3008,3022,,2954
MARICO,PRICE,810.15,791.25,,,,810.15,808.77,806.02,810.58,804.92,813.0,815.0,815.0,820.0,820.0,818.0
MARICO,VWAP,,,,,,,,,,,814.78,814.82,817.61,818.68,819.06,819.16
MARICO,CASH VOL,3237626,1533193,588372,51.53,69.72,,,,,,36239,76665,240249,335931,484484,531521
MARICO,F&O VOL,29664,4897,,,,,,,,,642,1112,2139,2726,3096,3550
MARICO,F&O OI,24470,24091,,,,,,,,,24527,24578,24604,24672,24715,24720
MARICO,CALL VOL,18349,2486,,,,,,,,,443,,1234,1488,,1908
MARICO,CALL OI,3551,3390,,,,,,,,,3416,,3625,3598,,3550
MARICO,PUT VOL,7844,925,,,,,,,,,188,,697,985,,1378
MARICO,PUT OI,3375,2963,,,,,,,,,3561,,3426,3488,,3534
MARUTI,PRICE,12166.0,12231.0,,,,12165.0,12263.0,12198.33,12607.0,12469.0,12161.0,12234.0,12234.0,12258.0,12253.0,12290.0
MARUTI,VWAP,,,,,,,,,,,12186.18,12214.46,12224.08,12229.82,12231.27,12241.13
MARUTI,CASH VOL,312876,286167,102346,54.64,55.99,,,,,,8225,17754,25057,31780,34962,44249
MARUTI,F&O VOL,101320,110028,,,,,,,,,4453,12084,18993,23923,27081,33396
MARUTI,F&O OI,166755,164015,,,,,,,,,167188,167335,167575,167934,168234,168049
MARUTI,CALL VOL,34533,33717,,,,,,,,,2164,,7021,8407,,13117
MARUTI,CALL OI,19350,17007,,,,,,,,,14052,,14154,14314,,20076
MARUTI,PUT VOL,25636,28656,,,,,,,,,1306,,4156,5352,,6535
MARUTI,PUT OI,16399,16279,,,,,,,,,15034,,15155,15159,,16471
MAXHEALTH,PRICE,1025.0,1030.0,,,,1022.1,1029.0,1026.33,1027.72,1007.75,1023.0,1029.0,1029.0,1030.0,1030.0,1032.0
MAXHEALTH,VWAP,,,,,,,,,,,1026.64,1029.1,1030.09,1030.03,1030.51,1030.6
MAXHEALTH,CASH VOL,1600620,2836517,704030,55.51,55.76,,,,,,11086,35364,57107,62283,87144,98412
MAXHEALTH,F&O VOL,14792,18479,,,,,,,,,323,1129,1635,2080,3166,3473
MAXHEALTH,F&O OI,32189,31320,,,,,,,,,32212,32251,32274,32184,31929,31909
MAXHEALTH,CALL VOL,5699,8268,,,,,,,,,130,,607,859,,1271
MAXHEALTH,CALL OI,4915,4930,,,,,,,,,4896,,4845,4815,,4819
MAXHEALTH,PUT VOL,4929,4224,,,,,,,,,192,,683,801,,1091
MAXHEALTH,PUT OI,3084,2945,,,,,,,,,3140,,3215,3219,,3241
MAZDOCK,PRICE,2231.9,2236.0,,,,2249.1,2239.3,2234.37,2410.35,2362.78,2237.0,2240.0,2240.0,2235.0,2230.0,2207.0
MAZDOCK,VWAP,,,,,,,,,,,2247.47,2243.56,2240.43,2237.91,2236.95,2228.86
MAZDOCK,CASH VOL,545318,762530,100041,30.25,44.75,,,,,,112992,186845,258350,310440,336675,451877
MAZDOCK,F&O VOL,31199,29154,,,,,,,,,3330,5856,7735,10421,11926,16761
MAZDOCK,F&O OI,52924,50806,,,,,,,,,53352,53970,54268,54776,55120,55849
MAZDOCK,CALL VOL,11650,7728,,,,,,,,,2324,,4220,5693,,8179
MAZDOCK,CALL OI,5260,4523,,,,,,,,,8648,,5908,9213,,6618
MAZDOCK,PUT VOL,9134,8601,,,,,,,,,863,,1904,2791,,4548
MAZDOCK,PUT OI,5653,4566,,,,,,,,,6640,,5802,6723,,5902
MCX,PRICE,3211.2,3173.5,,,,3201.1,3187.65,3140.55,3322.6,3291.53,3196.0,3224.0,3224.0,3268.0,3282.0,3282.0
MCX,VWAP,,,,,,,,,,,3203.8,3228.65,3237.42,3241.93,3246.17,3249.45
MCX,CASH VOL,1971522,1746940,319585,34.06,40.54,,,,,,55968,304291,415776,485669,537220,585924
MCX,F&O VOL,146516,95074,,,,,,,,,2293,10552,26335,31253,39071,43362
MCX,F&O OI,87798,85583,,,,,,,,,87851,88590,87579,88021,88070,88017
MCX,CALL VOL,70054,43451,,,,,,,,,1168,,13185,15435,,21758
MCX,CALL OI,23929,24589,,,,,,,,,19935,,24434,23438,,23267
MCX,PUT VOL,34509,29185,,,,,,,,,1308,,9342,9011,,11653
MCX,PUT OI,13263,13017,,,,,,,,,15810,,15733,13622,,13709
MFSL,PRICE,1487.6,1425.9,,,,1480.1,1477.62,1457.65,1498.15,1484.05,1477.0,1485.0,1485.0,1529.0,1530.0,1525.0
MFSL,VWAP,,,,,,,,,,,1480.67,1490.23,1499.97,1504.84,1508.72,1509.56
MFSL,CASH VOL,929997,557252,295022,56.54,68.92,,,,,,11153,67406,174866,219937,258006,272177
MFSL,F&O VOL,13962,6080,,,,,,,,,308,1268,4380,8465,11183,12057
MFSL,F&O OI,23061,22790,,,,,,,,,23111,23131,23453,23890,24071,24078
MFSL,CALL VOL,7509,3086,,,,,,,,,240,,2700,5537,,7796
MFSL,CALL OI,3112,2860,,,,,,,,,2102,,3181,3661,,3395
MFSL,PUT VOL,2443,584,,,,,,,,,98,,1153,1981,,2842
MFSL,PUT OI,1843,1348,,,,,,,,,1909,,2141,2241,,2477
MOTHERSON,PRICE,158.27,158.15,,,,159.02,158.4,158.31,163.92,162.85,159.0,161.0,161.0,161.0,161.0,161.0
MOTHERSON,VWAP,,,,,,,,,,,159.41,160.57,161.09,161.12,161.11,161.11
MOTHERSON,CASH VOL,8769455,13755237,2193582,58.03,63.83,,,,,,267939,771913,1506721,1708060,1825223,1980473
MOTHERSON,F&O VOL,10521,11304,,,,,,,,,315,1441,2557,2923,3092,3370
MOTHERSON,F&O OI,35044,34907,,,,,,,,,35067,35114,35147,35105,35109,35110
MOTHERSON,CALL VOL,3911,4523,,,,,,,,,211,,1532,1692,,1880
MOTHERSON,CALL OI,3417,3348,,,,,,,,,3422,,4233,3463,,3442
MOTHERSON,PUT VOL,4108,2534,,,,,,,,,65,,617,715,,847
MOTHERSON,PUT OI,4932,4804,,,,,,,,,4938,,4924,4931,,4955
MOTILALOFS,PRICE,976.5,990.8,,,,976.5,976.85,976.62,1025.7,1024.1,982.0,998.0,998.0,995.0,998.0,993.0
MOTILALOFS,VWAP,,,,,,,,,,,983.8,993.07,996.07,996.07,996.08,995.86
MOTILALOFS,CASH VOL,771004,581522,126051,43.69,45.9,,,,,,12362,91639,148812,186098,195932,213941
MOTILALOFS,F&O VOL,6914,6729,,,,,,,,,78,1156,2786,3320,3539,3823
MOTILALOFS,F&O OI,13205,12758,,,,,,,,,13207,13336,13501,13533,13563,13541
MOTILALOFS,CALL VOL,3408,3084,,,,,,,,,68,,1945,2291,,2607
MOTILALOFS,CALL OI,3743,3365,,,,,,,,,2636,,3923,3965,,3987
MOTILALOFS,PUT VOL,1556,1595,,,,,,,,,14,,399,494,,563
MOTILALOFS,PUT OI,1735,1722,,,,,,,,,1733,,1781,1773,,1757
MPHASIS,PRICE,2316.7,2378.0,,,,2304.0,2355.3,2329.57,2341.6,2310.53,2320.0,2310.0,2310.0,2309.0,2307.0,2304.0
MPHASIS,VWAP,,,,,,,,,,,2314.05,2308.49,2308.66,2307.81,2308.28,2307.97
MPHASIS,CASH VOL,158994,1176828,49643,41.56,33.7,,,,,,15210,27084,35766,48347,59273,66407
MPHASIS,F&O VOL,11058,67321,,,,,,,,,518,1184,1840,2318,2528,2915
MPHASIS,F&O OI,28065,27979,,,,,,,,,28059,28093,28098,28065,28067,28072
MPHASIS,CALL VOL,4120,18204,,,,,,,,,247,,863,1114,,1444
MPHASIS,CALL OI,3390,3164,,,,,,,,,3406,,3500,3498,,3490
MPHASIS,PUT VOL,4353,26995,,,,,,,,,263,,697,829,,930
MPHASIS,PUT OI,2962,2892,,,,,,,,,2940,,2909,2894,,2883
MUTHOOTFIN,PRICE,2771.4,2722.3,,,,2761.0,2769.23,2764.9,2824.3,2802.83,2784.0,2771.0,2771.0,2782.0,2780.0,2772.0
MUTHOOTFIN,VWAP,,,,,,,,,,,2778.98,2776.88,2772.82,2774.95,2777.55,2775.93
MUTHOOTFIN,CASH VOL,632020,451554,199108,43.17,58.23,,,,,,29707,54134,81292,144971,230585,287520
MUTHOOTFIN,F&O VOL,36474,25033,,,,,,,,,2022,4985,7057,8845,10711,13720
MUTHOOTFIN,F&O OI,67369,67287,,,,,,,,,67113,67474,67427,67508,67522,67626
MUTHOOTFIN,CALL VOL,19142,11282,,,,,,,,,880,,3166,4094,,6032
MUTHOOTFIN,CALL OI,9663,9690,,,,,,,,,11506,,9954,11952,,10084
MUTHOOTFIN,PUT VOL,9188,7346,,,,,,,,,795,,2391,3330,,5131
MUTHOOTFIN,PUT OI,9091,8644,,,,,,,,,9020,,8997,9035,,9241
NAM-INDIA,PRICE,1124.0,1153.1,,,,1122.9,1134.6,1127.53,1184.4,1174.0,1113.0,1116.0,1116.0,1119.0,1119.0,1117.0
NAM-INDIA,VWAP,,,,,,,,,,,1117.4,1116.73,1115.35,1115.45,1115.6,1115.55
NAM-INDIA,CASH VOL,1222983,1238154,300244,52.2,63.86,,,,,,35432,114422,319582,403969,429303,464297
NAM-INDIA,F&O VOL,8574,3679,,,,,,,,,181,827,1800,2485,2664,2908
NAM-INDIA,F&O OI,18761,18347,,,,,,,,,18780,18937,19221,19342,19257,19259
NAM-INDIA,CALL VOL,2406,1041,,,,,,,,,102,,682,958,,1070
NAM-INDIA,CALL OI,1288,1001,,,,,,,,,1300,,1422,1624,,1637
NAM-INDIA,PUT VOL,2606,666,,,,,,,,,65,,502,686,,735
NAM-INDIA,PUT OI,1666,1797,,,,,,,,,1675,,1770,1701,,1702
NATIONALUM,PRICE,356.0,350.55,,,,356.0,355.31,353.93,369.18,363.72,355.0,358.0,358.0,360.0,360.0,359.0
NATIONALUM,VWAP,,,,,,,,,,,356.16,357.4,358.35,358.85,359.09,359.11
NATIONALUM,CASH VOL,3670150,3640356,1370356,52.21,53.21,,,,,,117430,343113,577341,814779,960432,1023572
NATIONALUM,F&O VOL,21791,18605,,,,,,,,,552,1304,2392,2798,3380,3678
NATIONALUM,F&O OI,48227,47654,,,,,,,,,48316,48461,48518,48564,48560,48587
NATIONALUM,CALL VOL,11769,9604,,,,,,,,,305,,1255,1491,,1912
NATIONALUM,CALL OI,11194,10713,,,,,,,,,11256,,11357,11353,,11329
NATIONALUM,PUT VOL,6692,5089,,,,,,,,,178,,710,851,,1083
NATIONALUM,PUT OI,9484,8959,,,,,,,,,9519,,9567,9592,,9595
NAUKRI,PRICE,1256.0,1261.5,,,,1247.0,1262.6,1258.2,1283.3,1261.63,1258.0,1259.0,1259.0,1266.0,1266.0,1264.0
NAUKRI,VWAP,,,,,,,,,,,1255.46,1257.07,1258.53,1259.5,1260.74,1261.16
NAUKRI,CASH VOL,788281,1716983,232032,57.26,46.2,,,,,,33240,57614,74505,85734,100064,107513
NAUKRI,F&O VOL,8930,25480,,,,,,,,,552,929,1341,1600,2107,2443
NAUKRI,F&O OI,34594,34786,,,,,,,,,34634,34610,34590,34623,34642,34636
NAUKRI,CALL VOL,3843,10222,,,,,,,,,325,,658,784,,1108
NAUKRI,CALL OI,3363,3294,,,,,,,,,3396,,3392,3392,,3329
NAUKRI,PUT VOL,2560,6380,,,,,,,,,202,,455,549,,922
NAUKRI,PUT OI,2461,2414,,,,,,,,,2471,,2447,2472,,2549
NBCC,PRICE,81.41,80.69,,,,81.41,81.15,80.63,84.3,83.36,81.0,82.0,82.0,81.0,81.0,81.0
NBCC,VWAP,,,,,,,,,,,81.48,81.74,81.76,81.75,81.75,81.75
NBCC,CASH VOL,5850166,5854402,1015348,29.65,49.44,,,,,,321623,749914,1035263,1127927,1178322,1290609
NBCC,F&O VOL,5432,6077,,,,,,,,,120,608,1000,1143,1217,1335
NBCC,F&O OI,24574,24673,,,,,,,,,24557,24385,24305,24324,24318,24318
NBCC,CALL VOL,3326,3784,,,,,,,,,114,,685,773,,891
NBCC,CALL OI,5573,5717,,,,,,,,,5550,,5360,5382,,5402
NBCC,PUT VOL,782,889,,,,,,,,,23,,126,135,,155
NBCC,PUT OI,2014,1961,,,,,,,,,2015,,2004,2006,,2004
NESTLEIND,PRICE,1384.5,1362.0,,,,1384.5,1383.95,1382.85,1394.3,1386.97,1385.0,1384.0,1384.0,1383.0,1384.0,1383.0
NESTLEIND,VWAP,,,,,,,,,,,1387.36,1386.27,1385.14,1384.8,1384.65,1384.44
NESTLEIND,CASH VOL,1631890,1597455,424557,51.69,60.42,,,,,,17499,30411,45493,65228,77071,88701
NESTLEIND,F&O VOL,33588,12134,,,,,,,,,345,906,1427,1764,2058,2312
NESTLEIND,F&O OI,30592,29433,,,,,,,,,30597,30617,30668,30681,30688,30660
NESTLEIND,CALL VOL,18009,3663,,,,,,,,,228,,702,908,,1149
NESTLEIND,CALL OI,2423,1501,,,,,,,,,2415,,2395,2744,,2371
NESTLEIND,PUT VOL,8346,2987,,,,,,,,,99,,283,350,,469
NESTLEIND,PUT OI,2766,2246,,,,,,,,,2778,,2769,2727,,2747
NHPC,PRICE,75.41,76.04,,,,75.61,76.0,75.6,76.4,76.38,75.0,75.0,75.0,75.0,75.0,75.0
NHPC,VWAP,,,,,,,,,,,75.63,75.61,75.61,75.65,75.66,75.67
NHPC,CASH VOL,9639495,8558617,2321597,49.1,53.77,,,,,,235953,468752,623492,857083,996533,1109481
NHPC,F&O VOL,8232,7151,,,,,,,,,244,563,838,1033,1142,1264
NHPC,F&O OI,29785,31111,,,,,,,,,29704,29823,29850,29841,29867,29882
NHPC,CALL VOL,2995,3260,,,,,,,,,34,,396,504,,583
NHPC,CALL OI,3500,3413,,,,,,,,,3503,,3608,3612,,3612
NHPC,PUT VOL,3570,1467,,,,,,,,,166,,278,348,,374
NHPC,PUT OI,2584,4153,,,,,,,,,2506,,2498,2491,,2505
NMDC,PRICE,80.32,80.5,,,,80.41,80.3,80.27,84.19,83.0,80.0,80.0,80.0,80.0,81.0,81.0
NMDC,VWAP,,,,,,,,,,,80.76,80.77,80.77,80.78,80.84,80.86
NMDC,CASH VOL,9502607,10462679,4191719,49.65,59.76,,,,,,297428,579758,1009127,1143348,1413003,1556816
NMDC,F&O VOL,10086,11725,,,,,,,,,190,495,1030,1192,2305,2655
NMDC,F&O OI,75609,75026,,,,,,,,,75577,75601,75713,75679,75828,75865
NMDC,CALL VOL,3263,3865,,,,,,,,,94,,427,510,,1081
NMDC,CALL OI,4761,4524,,,,,,,,,4734,,4811,4817,,4898
NMDC,PUT VOL,2125,2146,,,,,,,,,50,,212,271,,551
NMDC,PUT OI,3900,3990,,,,,,,,,3895,,3900,3909,,3924
NTPC,PRICE,327.0,329.5,,,,327.8,328.25,327.42,333.29,333.07,328.0,328.0,328.0,329.0,329.0,329.0
NTPC,VWAP,,,,,,,,,,,328.59,328.58,328.59,328.75,328.87,329.11
NTPC,CASH VOL,6556304,8445501,2802309,62.57,63.75,,,,,,103387,180525,237513,303587,353471,535664
NTPC,F&O VOL,19068,37895,,,,,,,,,799,1543,2220,2727,3123,3978
NTPC,F&O OI,115353,115981,,,,,,,,,115389,115569,115606,115634,115609,115689
NTPC,CALL VOL,9760,19744,,,,,,,,,498,,1262,1567,,2194
NTPC,CALL OI,20010,20216,,,,,,,,,19982,,20051,20082,,20048
NTPC,PUT VOL,5017,11065,,,,,,,,,335,,580,671,,1012
NTPC,PUT OI,7554,7496,,,,,,,,,7651,,7679,7691,,7776
NYKAA,PRICE,325.6,336.2,,,,326.5,330.93,327.38,342.25,337.75,324.0,323.0,323.0,325.0,325.0,325.0
NYKAA,VWAP,,,,,,,,,,,324.93,324.14,324.6,325.09,325.11,325.12
NYKAA,CASH VOL,4960142,2338555,1174442,43.4,55.63,,,,,,181102,407668,669685,975795,1024840,1173361
NYKAA,F&O VOL,15549,5935,,,,,,,,,266,1064,1849,3330,3516,3742
NYKAA,F&O OI,15427,14771,,,,,,,,,15470,15544,15605,15656,15659,15692
NYKAA,CALL VOL,5926,2402,,,,,,,,,167,,906,1636,,1827
NYKAA,CALL OI,2146,1931,,,,,,,,,2201,,2291,2328,,2346
NYKAA,PUT VOL,5629,1614,,,,,,,,,122,,543,1034,,1113
NYKAA,PUT OI,1603,1721,,,,,,,,,1610,,1613,1610,,1614
OBEROIRLTY,PRICE,1706.9,1668.5,,,,1705.1,1700.82,1688.65,1800.15,1760.78,1699.0,1706.0,1706.0,1709.0,1712.0,1708.0
OBEROIRLTY,VWAP,,,,,,,,,,,1704.17,1706.51,1708.06,1708.03,1708.3,1708.31
OBEROIRLTY,CASH VOL,599621,362748,174153,61.35,53.73,,,,,,6516,84808,152915,164326,175580,182687
OBEROIRLTY,F&O VOL,14157,12271,,,,,,,,,330,694,1240,1442,2222,2395
OBEROIRLTY,F&O OI,28147,27584,,,,,,,,,28148,28086,28159,28147,28045,28233
OBEROIRLTY,CALL VOL,5925,2237,,,,,,,,,77,,421,498,,723
OBEROIRLTY,CALL OI,1577,1204,,,,,,,,,1583,,1578,1706,,1577
OBEROIRLTY,PUT VOL,2800,2422,,,,,,,,,194,,435,389,,667
OBEROIRLTY,PUT OI,1844,1626,,,,,,,,,1824,,1807,1819,,1753
OFSS,PRICE,11510.0,11803.0,,,,11500.0,11659.5,11559.83,11830.0,11785.33,11494.0,11458.0,11458.0,11507.0,11501.0,11408.0
OFSS,VWAP,,,,,,,,,,,11463.15,11450.2,11457.95,11464.29,11466.4,11454.03
OFSS,CASH VOL,245645,231321,65335,46.41,37.69,,,,,,10079,16710,21251,26180,27932,36509
OFSS,F&O VOL,24248,27881,,,,,,,,,866,2131,3159,3954,4289,5934
OFSS,F&O OI,31277,29094,,,,,,,,,31288,31405,31306,31322,31285,31274
OFSS,CALL VOL,3947,4007,,,,,,,,,322,,1410,1654,,1813
OFSS,CALL OI,2942,2650,,,,,,,,,2930,,4790,4771,,2929
OFSS,PUT VOL,5808,4693,,,,,,,,,241,,626,874,,1317
OFSS,PUT OI,3766,4000,,,,,,,,,3792,,4362,4310,,3732
OIL,PRICE,487.6,485.6,,,,485.0,486.88,485.45,497.95,492.52,483.0,482.0,482.0,479.0,480.0,479.0
OIL,VWAP,,,,,,,,,,,484.47,482.85,482.36,481.81,481.68,481.26
OIL,CASH VOL,1295800,1967012,417718,54.38,50.74,,,,,,38744,110230,162167,242039,269211,339076
OIL,F&O VOL,8350,8433,,,,,,,,,301,870,1530,1972,2211,2948
OIL,F&O OI,20076,20096,,,,,,,,,20104,20139,20145,20130,20136,20205
OIL,CALL VOL,3425,3201,,,,,,,,,204,,588,758,,1117
OIL,CALL OI,2612,2761,,,,,,,,,3595,,2654,2667,,2685
OIL,PUT VOL,1619,1501,,,,,,,,,58,,404,534,,880
OIL,PUT OI,2280,2156,,,,,,,,,2359,,2323,2324,,2391
ONGC,PRICE,236.8,235.95,,,,235.1,236.22,235.06,237.69,234.23,234.0,233.0,233.0,233.0,234.0,234.0
ONGC,VWAP,,,,,,,,,,,234.58,234.02,233.73,233.72,233.77,233.79
ONGC,CASH VOL,8748123,14549134,2648988,59.26,60.63,,,,,,273496,829701,1388445,1739317,1942428,2112330
ONGC,F&O VOL,35235,51416,,,,,,,,,1890,6662,10796,13721,15031,16195
ONGC,F&O OI,69114,71049,,,,,,,,,69157,69523,69684,69437,69292,69224
ONGC,CALL VOL,19077,29286,,,,,,,,,1081,,5179,6738,,8051
ONGC,CALL OI,22369,24097,,,,,,,,,22382,,22590,22801,,22570
ONGC,PUT VOL,9034,12100,,,,,,,,,667,,3605,4280,,4988
ONGC,PUT OI,7477,7244,,,,,,,,,7499,,7894,7603,,7613
PAGEIND,PRICE,34275.0,34580.0,,,,34300.0,34517.5,34355.83,35750.0,35493.33,34710.0,34385.0,34385.0,34555.0,34550.0,34485.0
PAGEIND,VWAP,,,,,,,,,,,34513.59,34483.62,34478.58,34495.74,34496.87,34496.61
PAGEIND,CASH VOL,33484,12827,19631,64.42,57.09,,,,,,1109,1379,1544,2059,2271,2458
PAGEIND,F&O VOL,9908,9174,,,,,,,,,375,783,1111,1627,1781,1914
PAGEIND,F&O OI,19282,18933,,,,,,,,,19319,19422,19443,19424,19399,19426
PAGEIND,CALL VOL,3299,1761,,,,,,,,,164,,498,702,,796
PAGEIND,CALL OI,2217,1906,,,,,,,,,2240,,2383,2391,,2378
PAGEIND,PUT VOL,1766,1155,,,,,,,,,102,,166,271,,309
PAGEIND,PUT OI,1867,1768,,,,,,,,,1877,,1873,1851,,1846
PATANJALI,PRICE,365.0,338.55,,,,362.55,360.82,352.45,340.67,340.0,361.0,358.0,358.0,358.0,358.0,357.0
PATANJALI,VWAP,,,,,,,,,,,361.62,360.38,359.24,359.11,359.06,359.0
PATANJALI,CASH VOL,28837966,2567906,5405235,24.24,40.67,,,,,,444410,936668,1377517,1569824,1641194,1701243
PATANJALI,F&O VOL,189648,9044,,,,,,,,,4163,10068,15480,18708,19833,20595
PATANJALI,F&O OI,51778,42568,,,,,,,,,52619,52007,51623,51533,51462,51453
PATANJALI,CALL VOL,99320,3118,,,,,,,,,2122,,5651,6869,,7524
PATANJALI,CALL OI,7933,4946,,,,,,,,,8314,,7900,8129,,7959
PATANJALI,PUT VOL,43912,1777,,,,,,,,,1618,,6505,7762,,8627
PATANJALI,PUT OI,5707,2367,,,,,,,,,5475,,5696,4754,,5530
PAYTM,PRICE,1790.0,1730.0,,,,1795.0,1793.3,1791.1,1784.33,1738.0,1788.0,1808.0,1808.0,1775.0,1775.0,1762.0
PAYTM,VWAP,,,,,,,,,,,1789.77,1800.79,1792.55,1788.92,1788.09,1785.95
PAYTM,CASH VOL,15413025,3226150,1482970,33.36,42.71,,,,,,244864,708969,1190677,1411531,1480214,1620219
PAYTM,F&O VOL,277339,85849,,,,,,,,,4576,23564,43352,52395,54693,59766
PAYTM,F&O OI,69404,65605,,,,,,,,,69428,69603,69880,69862,69858,69943
PAYTM,CALL VOL,114188,27024,,,,,,,,,2632,,20717,23348,,24286
PAYTM,CALL OI,17876,15574,,,,,,,,,19681,,17722,17870,,18353
PAYTM,PUT VOL,65383,23105,,,,,,,,,1286,,11765,14011,,17269
PAYTM,PUT OI,10175,8012,,,,,,,,,8442,,8793,8718,,9939
PERSISTENT,PRICE,5440.0,5477.5,,,,5410.0,5460.0,5446.67,5509.42,5496.25,5430.0,5446.0,5446.0,5452.0,5457.0,5436.0
PERSISTENT,VWAP,,,,,,,,,,,5433.1,5435.73,5442.58,5444.48,5444.94,5444.65
PERSISTENT,CASH VOL,412053,812335,86729,51.48,41.02,,,,,,11804,23488,33916,41467,44796,50636
PERSISTENT,F&O VOL,32709,97439,,,,,,,,,1629,3499,6376,7848,8554,9269
PERSISTENT,F&O OI,54701,53324,,,,,,,,,54847,54833,54180,54164,54178,54186
PERSISTENT,CALL VOL,16822,51202,,,,,,,,,991,,4269,3344,,5846
PERSISTENT,CALL OI,13530,12689,,,,,,,,,10902,,13094,11014,,13128
PERSISTENT,PUT VOL,10671,29068,,,,,,,,,543,,1627,2100,,2443
PERSISTENT,PUT OI,9540,9130,,,,,,,,,9244,,9476,9192,,9507
PETRONET,PRICE,282.1,283.95,,,,282.05,281.93,281.6,288.43,287.61,282.0,282.0,282.0,282.0,282.0,282.0
PETRONET,VWAP,,,,,,,,,,,282.9,282.68,282.55,282.55,282.6,282.57
PETRONET,CASH VOL,692663,1170508,223908,64.14,63.6,,,,,,33165,48855,81677,105027,146985,182466
PETRONET,F&O VOL,3525,4939,,,,,,,,,163,508,636,786,1366,1425
PETRONET,F&O OI,24150,24016,,,,,,,,,24234,24108,24066,24133,24183,24178
PETRONET,CALL VOL,1901,2294,,,,,,,,,34,,334,450,,842
PETRONET,CALL OI,4553,4522,,,,,,,,,4569,,4131,4527,,4572
PETRONET,PUT VOL,763,1352,,,,,,,,,34,,124,147,,268
PETRONET,PUT OI,2497,2442,,,,,,,,,2496,,2475,2471,,2435
PFC,PRICE,346.0,344.0,,,,346.1,346.38,346.12,353.57,353.49,346.0,347.0,347.0,347.0,348.0,346.0
PFC,VWAP,,,,,,,,,,,346.81,346.97,346.95,347.19,347.3,347.18
PFC,CASH VOL,6079360,7488255,1290059,61.78,60.15,,,,,,250369,558366,843724,1331301,1558063,1753612
PFC,F&O VOL,25415,25258,,,,,,,,,517,2299,3765,5149,5666,7728
PFC,F&O OI,119972,120607,,,,,,,,,120055,120205,120331,120339,120327,120196
PFC,CALL VOL,12803,11811,,,,,,,,,320,,1658,2538,,3139
PFC,CALL OI,12555,12580,,,,,,,,,12554,,12772,14324,,12796
PFC,PUT VOL,5614,5865,,,,,,,,,144,,625,936,,1323
PFC,PUT OI,11351,11325,,,,,,,,,11378,,11377,11399,,11386
PGEL,PRICE,523.85,518.0,,,,524.0,522.57,520.0,546.08,545.36,520.0,526.0,526.0,528.0,528.0,526.0
PGEL,VWAP,,,,,,,,,,,525.54,526.59,526.87,526.88,526.95,527.14
PGEL,CASH VOL,768516,837345,189161,30.91,32.63,,,,,,42471,88085,105819,121545,138858,183909
PGEL,F&O VOL,7088,11729,,,,,,,,,256,881,1077,2103,2264,2397
PGEL,F&O OI,23881,23804,,,,,,,,,23918,24003,23972,23828,23813,23821
PGEL,CALL VOL,3510,4784,,,,,,,,,260,,590,829,,936
PGEL,CALL OI,3132,3076,,,,,,,,,3124,,3095,3104,,3125
PGEL,PUT VOL,1392,4193,,,,,,,,,103,,217,586,,631
PGEL,PUT OI,3013,3032,,,,,,,,,3038,,3098,3015,,3009
PHOENIXLTD,PRICE,1855.0,1833.6,,,,1878.0,1850.72,1842.15,1887.85,1883.55,1870.0,1871.0,1871.0,1875.0,1875.0,1872.0
PHOENIXLTD,VWAP,,,,,,,,,,,1870.31,1870.17,1871.52,1871.76,1871.86,1871.81
PHOENIXLTD,CASH VOL,473466,366872,88561,62.59,61.33,,,,,,30958,42231,54976,58351,60852,63908
PHOENIXLTD,F&O VOL,4454,6520,,,,,,,,,1370,2110,2706,2841,2966,3106
PHOENIXLTD,F&O OI,15978,16012,,,,,,,,,16227,16169,16020,16003,15983,15967
PHOENIXLTD,CALL VOL,1424,2659,,,,,,,,,1056,,1746,1798,,1915
PHOENIXLTD,CALL OI,1187,1189,,,,,,,,,1397,,1373,1359,,1339
PHOENIXLTD,PUT VOL,847,1278,,,,,,,,,196,,390,419,,463
PHOENIXLTD,PUT OI,1419,1375,,,,,,,,,1367,,1393,1396,,1394
PIDILITIND,PRICE,1543.8,1521.1,,,,1543.0,1540.55,1534.05,1584.65,1572.82,1542.0,1546.0,1546.0,1546.0,1546.0,1542.0
PIDILITIND,VWAP,,,,,,,,,,,1544.89,1545.08,1545.3,1545.68,1545.53,1544.35
PIDILITIND,CASH VOL,573360,455854,226343,63.03,61.7,,,,,,7951,11888,16824,20763,27344,36535
PIDILITIND,F&O VOL,3937,4262,,,,,,,,,22,137,239,283,373,466
PIDILITIND,F&O OI,15404,15126,,,,,,,,,15402,15401,15395,15398,15386,15406
PIDILITIND,CALL VOL,1242,1150,,,,,,,,,8,,115,,,195
PIDILITIND,CALL OI,1042,1027,,,,,,,,,1043,,1041,,,1037
PIDILITIND,PUT VOL,1139,1447,,,,,,,,,7,,54,,,100
PIDILITIND,PUT OI,1685,1605,,,,,,,,,1684,,1684,,,1693
PIIND,PRICE,2256.0,2255.0,,,,2260.0,2257.2,2256.4,2329.75,2282.58,2273.0,2277.0,2277.0,2279.0,2279.0,2270.0
PIIND,VWAP,,,,,,,,,,,2273.6,2274.43,2275.07,2275.3,2275.71,2275.14
PIIND,CASH VOL,160599,286400,39038,49.26,39.41,,,,,,5153,12574,19482,22479,26952,31010
PIIND,F&O VOL,14935,23894,,,,,,,,,343,915,1638,2026,2295,2548
PIIND,F&O OI,47852,49196,,,,,,,,,47839,47794,47773,47745,47771,47754
PIIND,CALL VOL,6508,11151,,,,,,,,,143,,748,898,,1148
PIIND,CALL OI,7512,8206,,,,,,,,,7948,,7503,7912,,7458
PIIND,PUT VOL,4933,6730,,,,,,,,,160,,664,635,,923
PIIND,PUT OI,6294,6707,,,,,,,,,6111,,6197,6087,,6167
PNB,PRICE,116.8,114.7,,,,116.8,116.55,116.06,116.62,116.36,117.0,119.0,119.0,118.0,118.0,118.0
PNB,VWAP,,,,,,,,,,,117.52,118.43,118.59,118.58,118.58,118.51
PNB,CASH VOL,18494065,12031284,3772813,49.38,47.41,,,,,,852058,4144311,6329244,7089815,7449166,8536862
PNB,F&O VOL,25218,16395,,,,,,,,,1202,11767,19144,22155,23065,24677
PNB,F&O OI,49758,49538,,,,,,,,,49901,50563,51219,51264,51396,51279
PNB,CALL VOL,11807,8176,,,,,,,,,861,,10402,,,12569
PNB,CALL OI,6213,6400,,,,,,,,,6244,,6522,,,6675
PNB,PUT VOL,7094,3647,,,,,,,,,365,,5627,,,6827
PNB,PUT OI,4387,3866,,,,,,,,,4445,,5231,,,5095
PNBHOUSING,PRICE,1134.0,1145.0,,,,1122.1,1139.6,1135.87,1173.0,1161.2,1126.0,1129.0,1129.0,1129.0,1133.0,1128.0
PNBHOUSING,VWAP,,,,,,,,,,,1130.73,1129.35,1130.25,1129.88,1138.44,1135.42
PNBHOUSING,CASH VOL,988137,321850,240660,54.27,46.97,,,,,,22872,101306,282108,320532,1159735,2096714
PNBHOUSING,F&O VOL,5512,6709,,,,,,,,,508,1259,2316,2721,5212,7234
PNBHOUSING,F&O OI,22133,21858,,,,,,,,,22265,22456,22450,22514,22723,23127
PNBHOUSING,CALL VOL,2919,2700,,,,,,,,,222,,973,,,3299
PNBHOUSING,CALL OI,2641,2595,,,,,,,,,2909,,2753,,,3057
PNBHOUSING,PUT VOL,1298,1832,,,,,,,,,255,,818,,,2143
PNBHOUSING,PUT OI,1721,1669,,,,,,,,,1807,,1827,,,1899
POLICYBZR,PRICE,1827.1,1736.0,,,,1839.0,1810.92,1778.55,1797.75,1797.45,1797.0,1733.0,1733.0,1765.0,1745.0,1747.0
POLICYBZR,VWAP,,,,,,,,,,,1782.16,1750.81,1749.89,1751.36,1750.74,1750.56
POLICYBZR,CASH VOL,2054206,750563,776461,37.08,53.55,,,,,,342364,969564,2299749,2609528,2939155,3067183
POLICYBZR,F&O VOL,70703,6908,,,,,,,,,12655,47969,93034,101645,112221,116140
POLICYBZR,F&O OI,32174,28201,,,,,,,,,33286,38313,41498,42465,43361,43701
POLICYBZR,CALL VOL,25980,1517,,,,,,,,,5551,,36038,,,41054
POLICYBZR,CALL OI,2334,1808,,,,,,,,,3557,,6143,,,7035
POLICYBZR,PUT VOL,15435,1311,,,,,,,,,5330,,30287,,,39268
POLICYBZR,PUT OI,5497,3675,,,,,,,,,5326,,7492,,,7865
POLYCAB,PRICE,8121.5,8143.5,,,,8130.0,8158.0,8133.67,8275.5,8252.5,8129.0,8155.0,8155.0,8171.0,8164.0,8163.0
POLYCAB,VWAP,,,,,,,,,,,8149.15,8153.87,8161.5,8163.98,8164.18,8164.14
POLYCAB,CASH VOL,246715,301764,71796,44.05,54.56,,,,,,15839,26113,38827,53744,59748,65202
POLYCAB,F&O VOL,26237,25866,,,,,,,,,595,1949,3299,4047,5056,5875
POLYCAB,F&O OI,64055,65073,,,,,,,,,64106,64357,64304,64401,64562,64737
POLYCAB,CALL VOL,11211,9574,,,,,,,,,286,,1495,1772,,2358
POLYCAB,CALL OI,8753,8968,,,,,,,,,7879,,9040,9065,,9121
POLYCAB,PUT VOL,6852,6903,,,,,,,,,161,,818,969,,1396
POLYCAB,PUT OI,9445,9494,,,,,,,,,9828,,9556,9601,,9703
POWERGRID,PRICE,262.8,262.8,,,,263.5,264.58,263.39,268.91,268.52,264.0,264.0,264.0,265.0,265.0,265.0
POWERGRID,VWAP,,,,,,,,,,,264.41,264.5,264.52,264.66,264.93,264.97
POWERGRID,CASH VOL,7132902,10519594,2591305,59.31,61.11,,,,,,127506,226250,323011,418231,645652,706722
POWERGRID,F&O VOL,20391,30352,,,,,,,,,481,1388,3081,4062,4632,5203
POWERGRID,F&O OI,68765,69095,,,,,,,,,68746,68829,68911,69015,69004,68986
POWERGRID,CALL VOL,8509,12562,,,,,,,,,339,,1281,,,2051
POWERGRID,CALL OI,7174,7218,,,,,,,,,7216,,7232,,,7235
POWERGRID,PUT VOL,4434,6584,,,,,,,,,76,,591,,,1184
POWERGRID,PUT OI,6061,5898,,,,,,,,,6057,,6049,,,6141
POWERINDIA,PRICE,30200.0,30790.0,,,,30435.0,30140.83,30022.5,31410.83,31362.5,30485.0,30870.0,30870.0,30795.0,30795.0,30675.0
POWERINDIA,VWAP,,,,,,,,,,,30649.37,30742.36,30793.18,30783.67,30780.25,30775.23
POWERINDIA,CASH VOL,93574,98157,18454,41.56,43.47,,,,,,13883,26882,33954,40530,42429,44084
POWERINDIA,F&O VOL,60588,50318,,,,,,,,,5394,15808,23186,27800,29481,31064
POWERINDIA,F&O OI,59476,58767,,,,,,,,,60094,60556,60403,60754,60799,60884
POWERINDIA,CALL VOL,21930,20489,,,,,,,,,4091,,14998,,,18248
POWERINDIA,CALL OI,10604,10282,,,,,,,,,11185,,12896,,,11559
POWERINDIA,PUT VOL,22290,10325,,,,,,,,,951,,3347,,,5010
POWERINDIA,PUT OI,7639,7187,,,,,,,,,7542,,7664,,,7334
PREMIERENE,PRICE,899.0,945.0,,,,885.9,916.15,904.72,978.35,975.58,890.0,900.0,900.0,898.0,896.0,894.0
PREMIERENE,VWAP,,,,,,,,,,,896.1,896.76,897.62,897.6,897.41,897.31
PREMIERENE,CASH VOL,3795481,569740,565620,40.8,50.36,,,,,,101899,264584,341869,388405,410435,423659
PREMIERENE,F&O VOL,57515,9181,,,,,,,,,1523,4281,5819,6499,7017,7317
PREMIERENE,F&O OI,30537,26854,,,,,,,,,30760,30907,30854,30886,30929,30909
PREMIERENE,CALL VOL,21176,4154,,,,,,,,,530,,2249,2581,,2943
PREMIERENE,CALL OI,5372,3186,,,,,,,,,5485,,5575,5677,,5735
PREMIERENE,PUT VOL,27634,1949,,,,,,,,,898,,2493,2702,,2894
PREMIERENE,PUT OI,5606,4342,,,,,,,,,5690,,5631,5595,,5567
PRESTIGE,PRICE,1424.0,1417.0,,,,1424.0,1425.55,1424.52,1531.1,1509.03,1421.0,1431.0,1431.0,1432.0,1434.0,1433.0
PRESTIGE,VWAP,,,,,,,,,,,1423.81,1425.73,1427.75,1428.23,1428.45,1428.62
PRESTIGE,CASH VOL,498204,410061,109682,42.95,41.28,,,,,,15536,28983,37925,41652,43982,45831
PRESTIGE,F&O VOL,6816,9771,,,,,,,,,341,937,1162,1324,1432,1556
PRESTIGE,F&O OI,23533,23379,,,,,,,,,23616,23661,23682,23679,23656,23652
PRESTIGE,CALL VOL,1894,2034,,,,,,,,,123,,464,,,578
PRESTIGE,CALL OI,1415,1226,,,,,,,,,1210,,1488,,,1537
PRESTIGE,PUT VOL,1671,3347,,,,,,,,,98,,236,,,310
PRESTIGE,PUT OI,3087,3079,,,,,,,,,2985,,3067,,,3069
RADICO,PRICE,4466.0,4360.0,,,,4450.0,4441.93,4393.8,4430.05,4388.75,4433.0,4436.0,4436.0,4437.0,4442.0,4427.0
RADICO,VWAP,,,,,,,,,,,4445.52,4440.43,4439.35,4438.26,4437.98,4435.41
RADICO,CASH VOL,278614,242365,103740,64.44,44.18,,,,,,7654,16674,22168,30386,33368,40665
RADICO,F&O VOL,7560,7710,,,,,,,,,263,734,1086,1404,1555,1838
RADICO,F&O OI,13345,13180,,,,,,,,,13370,13409,13468,13466,13455,13472
RADICO,CALL VOL,4197,4031,,,,,,,,,186,,755,,,1224
RADICO,CALL OI,3358,3223,,,,,,,,,3381,,3394,,,3383
RADICO,PUT VOL,663,1290,,,,,,,,,35,,153,,,289
RADICO,PUT OI,1540,1556,,,,,,,,,1541,,1589,,,1587
RBLBANK,PRICE,404.0,403.6,,,,403.0,403.11,401.32,413.2,412.77,403.0,408.0,408.0,409.0,410.0,410.0
RBLBANK,VWAP,,,,,,,,,,,404.61,408.09,408.24,408.31,408.87,409.55
RBLBANK,CASH VOL,2607366,1249135,630186,48.71,41.98,,,,,,27744,263267,308722,350440,471061,704070
RBLBANK,F&O VOL,11763,10064,,,,,,,,,233,1475,2140,2371,3544,4828
RBLBANK,F&O OI,25015,25281,,,,,,,,,25082,25189,25237,25300,25568,25777
RBLBANK,CALL VOL,4858,3909,,,,,,,,,105,,1062,,,2750
RBLBANK,CALL OI,5441,5525,,,,,,,,,5351,,5417,,,5840
RBLBANK,PUT VOL,3485,3647,,,,,,,,,124,,679,,,1273
RBLBANK,PUT OI,3414,3684,,,,,,,,,3810,,3575,,,3603
RECLTD,PRICE,312.65,308.5,,,,314.0,312.47,312.1,316.32,313.91,313.0,314.0,314.0,314.0,314.0,313.0
RECLTD,VWAP,,,,,,,,,,,313.99,314.06,314.14,314.0,314.01,313.78
RECLTD,CASH VOL,4651938,4665696,1073838,61.57,58.6,,,,,,68022,116600,175324,596143,707883,874001
RECLTD,F&O VOL,16640,13387,,,,,,,,,598,1335,2317,3261,3632,4481
RECLTD,F&O OI,61226,61736,,,,,,,,,61238,61232,61333,61287,61305,61353
RECLTD,CALL VOL,7924,5719,,,,,,,,,488,,1280,,,2297
RECLTD,CALL OI,9168,9352,,,,,,,,,9169,,9201,,,9215
RECLTD,PUT VOL,5256,3313,,,,,,,,,148,,633,,,1244
RECLTD,PUT OI,6593,6654,,,,,,,,,6593,,6639,,,6659
RELIANCE,PRICE,1240.0,1235.3,,,,1244.8,1247.5,1242.5,1288.6,1267.87,1252.0,1246.0,1246.0,1246.0,1247.0,1246.0
RELIANCE,VWAP,,,,,,,,,,,1249.11,1247.39,1246.51,1246.25,1246.32,1246.19
RELIANCE,CASH VOL,10023997,13754376,2542032,61.1,61.26,,,,,,451654,827460,1067128,1261635,1421560,1587771
RELIANCE,F&O VOL,261924,349500,,,,,,,,,12761,36742,60506,83448,102749,114758
RELIANCE,F&O OI,623843,627727,,,,,,,,,624555,625811,627816,629264,631134,632597
RELIANCE,CALL VOL,83663,106832,,,,,,,,,5947,,21063,37368,,39437
RELIANCE,CALL OI,41995,43454,,,,,,,,,72048,,44455,76078,,46892
RELIANCE,PUT VOL,70842,80491,,,,,,,,,3177,,14355,18056,,24251
RELIANCE,PUT OI,39079,38453,,,,,,,,,49649,,39726,50167,,40050
RVNL,PRICE,197.5,199.0,,,,196.5,197.67,197.56,209.25,206.35,197.0,199.0,199.0,199.0,199.0,198.0
RVNL,VWAP,,,,,,,,,,,198.78,198.93,198.95,198.94,198.95,198.91
RVNL,CASH VOL,4733889,3967219,841504,32.74,40.61,,,,,,435257,779384,1042580,1124319,1181791,1272712
RVNL,F&O VOL,18182,15805,,,,,,,,,679,1687,2354,2953,3273,3782
RVNL,F&O OI,52051,51701,,,,,,,,,52110,52161,52223,52260,52250,52281
RVNL,CALL VOL,9524,7288,,,,,,,,,479,,1532,,,2401
RVNL,CALL OI,11923,11008,,,,,,,,,11957,,12072,,,12069
RVNL,PUT VOL,3309,2917,,,,,,,,,98,,355,,,518
RVNL,PUT OI,6204,6189,,,,,,,,,6232,,6232,,,6224
SAIL,PRICE,173.55,173.0,,,,173.0,173.27,172.7,187.82,181.94,173.0,174.0,174.0,174.0,174.0,173.0
SAIL,VWAP,,,,,,,,,,,174.29,174.24,174.18,174.16,174.37,174.38
SAIL,CASH VOL,9871840,10217048,1747843,32.78,42.11,,,,,,378332,611827,921555,1253435,2273713,3087495
SAIL,F&O VOL,360,725,,,,,,,,,,8,8,8,55,117
SAIL,F&O OI,50819,50997,,,,,,,,,50819,50820,50820,50820,50804,50752
SAIL,CALL VOL,25,135,,,,,,,,,0,,0,0,,0
SAIL,CALL OI,910,908,,,,,,,,,910,,910,910,,910
SAIL,PUT VOL,42,165,,,,,,,,,0,,0,0,,3
SAIL,PUT OI,2388,2398,,,,,,,,,2388,,2388,2388,,2388
SBICARD,PRICE,618.1,618.6,,,,616.0,620.95,619.05,661.88,657.42,619.0,623.0,623.0,627.0,627.0,625.0
SBICARD,VWAP,,,,,,,,,,,619.98,621.43,622.63,623.66,624.23,624.32
SBICARD,CASH VOL,1306832,1751822,267450,51.0,49.03,,,,,,49313,111486,194348,267491,323640,421761
SBICARD,F&O VOL,20329,33386,,,,,,,,,427,1799,2951,3909,4600,5056
SBICARD,F&O OI,50109,47969,,,,,,,,,50110,50296,50297,50249,50222,50262
SBICARD,CALL VOL,7302,10384,,,,,,,,,198,,1563,2047,,2408
SBICARD,CALL OI,6496,5944,,,,,,,,,6521,,7090,7027,,6438
SBICARD,PUT VOL,4665,11471,,,,,,,,,70,,617,863,,1154
SBICARD,PUT OI,6671,6614,,,,,,,,,6686,,6390,6400,,6780
SBILIFE,PRICE,1697.9,1654.1,,,,1693.0,1692.17,1680.7,1723.0,1697.47,1694.0,1698.0,1698.0,1719.0,1719.0,1717.0
SBILIFE,VWAP,,,,,,,,,,,1696.02,1695.52,1698.62,1704.95,1706.58,1708.27
SBILIFE,CASH VOL,835034,1139205,440661,71.14,64.81,,,,,,22799,36196,69638,112657,126940,164466
SBILIFE,F&O VOL,18374,11880,,,,,,,,,503,1476,2863,6619,7897,8689
SBILIFE,F&O OI,39953,40460,,,,,,,,,39954,40119,40163,39975,39950,40003
SBILIFE,CALL VOL,10936,6440,,,,,,,,,325,,1809,,,6090
SBILIFE,CALL OI,8315,8612,,,,,,,,,7283,,7316,,,8026
SBILIFE,PUT VOL,4405,3026,,,,,,,,,213,,908,,,1892
SBILIFE,PUT OI,4877,4417,,,,,,,,,5068,,5196,,,5216
SBIN,PRICE,991.4,968.0,,,,991.2,988.37,982.3,1007.05,999.48,993.0,998.0,998.0,997.0,997.0,993.0
SBIN,VWAP,,,,,,,,,,,992.55,995.5,996.53,996.54,996.54,996.16
SBIN,CASH VOL,8609956,10004115,2332207,53.17,60.13,,,,,,389736,974498,1324809,1557117,1664358,1919160
SBIN,F&O VOL,209866,232057,,,,,,,,,9928,34733,54872,62689,65932,74153
SBIN,F&O OI,303062,313667,,,,,,,,,303294,302659,302219,302769,302953,303145
SBIN,CALL VOL,87097,92783,,,,,,,,,5159,,25600,,,30302
SBIN,CALL OI,36584,43497,,,,,,,,,36200,,43538,,,35446
SBIN,PUT VOL,68733,54666,,,,,,,,,3535,,16555,,,23238
SBIN,PUT OI,32295,32172,,,,,,,,,32794,,36831,,,32855
SHREECEM,PRICE,21795.0,21905.0,,,,21760.0,21950.0,21846.67,23145.0,22761.67,21740.0,21830.0,21830.0,21855.0,21895.0,21920.0
SHREECEM,VWAP,,,,,,,,,,,21812.88,21836.29,21829.17,21830.1,21846.42,21854.11
SHREECEM,CASH VOL,21233,12171,6612,56.09,56.67,,,,,,476,971,1572,1787,2402,3175
SHREECEM,F&O VOL,8793,6844,,,,,,,,,154,558,950,1142,1293,1804
SHREECEM,F&O OI,24822,24235,,,,,,,,,24790,24774,24779,24806,24787,24920
SHREECEM,CALL VOL,2149,1142,,,,,,,,,64,,225,282,,608
SHREECEM,CALL OI,935,611,,,,,,,,,921,,928,940,,1046
SHREECEM,PUT VOL,1403,1516,,,,,,,,,12,,116,142,,193
SHREECEM,PUT OI,1184,1120,,,,,,,,,1182,,1163,1169,,1166
SHRIRAMFIN,PRICE,979.0,979.8,,,,979.0,981.45,979.82,1029.55,1028.92,982.0,998.0,998.0,995.0,994.0,987.0
SHRIRAMFIN,VWAP,,,,,,,,,,,986.13,993.33,995.51,995.42,995.29,994.66
SHRIRAMFIN,CASH VOL,7221528,5927612,1777596,69.23,61.72,,,,,,147752,535257,1044969,1454461,1535029,1664027
SHRIRAMFIN,F&O VOL,33719,45736,,,,,,,,,985,6467,14114,16315,17621,20058
SHRIRAMFIN,F&O OI,69324,66175,,,,,,,,,69445,69741,70320,70408,70416,70750
SHRIRAMFIN,CALL VOL,14100,17820,,,,,,,,,651,,9416,,,12184
SHRIRAMFIN,CALL OI,9647,8233,,,,,,,,,9752,,12995,,,10597
SHRIRAMFIN,PUT VOL,9422,12158,,,,,,,,,283,,2744,,,4045
SHRIRAMFIN,PUT OI,8991,8563,,,,,,,,,8972,,9993,,,8966
SIEMENS,PRICE,3742.0,3770.0,,,,3743.1,3741.62,3740.85,3948.23,3930.7,3757.0,3772.0,3772.0,3795.0,3791.0,3795.0
SIEMENS,VWAP,,,,,,,,,,,3763.72,3775.02,3779.86,3780.94,3782.4,3783.57
SIEMENS,CASH VOL,132688,347469,24767,27.37,43.2,,,,,,8563,25584,38228,43795,48818,52895
SIEMENS,F&O VOL,15401,23221,,,,,,,,,515,1447,2806,3320,3663,4117
SIEMENS,F&O OI,39211,38905,,,,,,,,,39170,39131,39079,39045,39071,39027
SIEMENS,CALL VOL,6471,7971,,,,,,,,,184,,1321,,,1841
SIEMENS,CALL OI,3925,3746,,,,,,,,,3439,,3975,,,3960
SIEMENS,PUT VOL,3303,5138,,,,,,,,,214,,404,,,647
SIEMENS,PUT OI,4520,4322,,,,,,,,,4585,,4465,,,4472
SOLARINDS,PRICE,18900.0,19250.0,,,,18900.0,18970.0,18923.33,22205.83,22037.5,18685.0,18805.0,18805.0,18850.0,18830.0,18790.0
SOLARINDS,VWAP,,,,,,,,,,,18741.71,18767.9,18808.69,18812.54,18809.93,18807.7
SOLARINDS,CASH VOL,525092,1304570,57712,27.13,32.61,,,,,,18903,40447,57172,65184,71018,78694
SOLARINDS,F&O VOL,257278,414385,,,,,,,,,8337,20109,29581,33530,37940,41938
SOLARINDS,F&O OI,96725,87054,,,,,,,,,97534,97977,98131,98474,98507,98451
SOLARINDS,CALL VOL,56107,20134,,,,,,,,,2302,,8253,,,11722
SOLARINDS,CALL OI,10299,6124,,,,,,,,,10851,,11666,,,12244
SOLARINDS,PUT VOL,64910,121565,,,,,,,,,2145,,6550,,,8308
SOLARINDS,PUT OI,11078,9630,,,,,,,,,11136,,11089,,,10927
SONACOMS,PRICE,768.0,790.0,,,,762.0,780.83,772.28,795.58,790.53,763.0,780.0,780.0,781.0,781.0,784.0
SONACOMS,VWAP,,,,,,,,,,,766.14,775.47,777.09,777.39,777.88,778.29
SONACOMS,CASH VOL,2589871,1635076,1567660,50.7,59.92,,,,,,144086,671713,816836,861639,952421,1028513
SONACOMS,F&O VOL,12433,8984,,,,,,,,,513,3536,5300,5899,6336,6815
SONACOMS,F&O OI,19935,19424,,,,,,,,,19998,20176,20171,20066,20096,20069
SONACOMS,CALL VOL,4189,2889,,,,,,,,,208,,2564,,,3220
SONACOMS,CALL OI,2780,2560,,,,,,,,,2557,,2799,,,2681
SONACOMS,PUT VOL,3789,1667,,,,,,,,,235,,1195,,,1583
SONACOMS,PUT OI,3097,3116,,,,,,,,,3254,,3194,,,3213
SRF,PRICE,2480.1,2455.2,,,,2505.0,2478.9,2476.5,2510.0,2491.6,2537.0,2540.0,2540.0,2548.0,2543.0,2536.0
SRF,VWAP,,,,,,,,,,,2538.76,2540.07,2537.29,2537.89,2538.14,2537.98
SRF,CASH VOL,159810,149986,53576,53.07,55.76,,,,,,146387,268783,345509,403912,421285,443755
SRF,F&O VOL,11756,7233,,,,,,,,,10506,25430,32553,37206,38902,41393
SRF,F&O OI,34405,34604,,,,,,,,,36211,39501,39417,39143,39131,39003
SRF,CALL VOL,7609,3917,,,,,,,,,9046,,25656,,,31892
SRF,CALL OI,6098,6198,,,,,,,,,7361,,9484,,,9034
SRF,PUT VOL,2168,1282,,,,,,,,,1300,,4913,,,6911
SRF,PUT OI,4590,4669,,,,,,,,,4807,,5496,,,5521
SUNPHARMA,PRICE,1853.5,1835.0,,,,1853.5,1851.4,1847.2,1870.9,1850.3,1852.0,1849.0,1849.0,1860.0,1862.0,1860.0
SUNPHARMA,VWAP,,,,,,,,,,,1854.5,1852.39,1853.13,1855.25,1856.09,1856.67
SUNPHARMA,CASH VOL,1370607,1437151,528743,69.96,70.25,,,,,,37839,73519,92336,121936,139173,156430
SUNPHARMA,F&O VOL,31701,40549,,,,,,,,,993,3616,5288,8724,10729,11841
SUNPHARMA,F&O OI,85349,86021,,,,,,,,,85286,85504,85608,85786,85745,85832
SUNPHARMA,CALL VOL,16719,21780,,,,,,,,,817,,3151,,,7293
SUNPHARMA,CALL OI,19569,19726,,,,,,,,,19531,,19634,,,19637
SUNPHARMA,PUT VOL,10533,10080,,,,,,,,,462,,1648,,,3394
SUNPHARMA,PUT OI,11469,11264,,,,,,,,,11490,,11631,,,11665
SUPREMEIND,PRICE,3300.0,3300.0,,,,3300.0,3308.3,3302.77,3483.75,3404.18,3310.0,3318.0,3318.0,3327.0,3326.0,3327.0
SUPREMEIND,VWAP,,,,,,,,,,,3317.41,3317.86,3318.85,3319.29,3320.67,3321.11
SUPREMEIND,CASH VOL,84649,157956,24015,48.57,49.34,,,,,,3019,5260,7361,8456,10004,12108
SUPREMEIND,F&O VOL,4270,9576,,,,,,,,,73,186,374,488,571,676
SUPREMEIND,F&O OI,20456,20751,,,,,,,,,20472,20486,20501,20513,20535,20542
SUPREMEIND,CALL VOL,1766,3782,,,,,,,,,26,,131,,,221
SUPREMEIND,CALL OI,1337,1397,,,,,,,,,1346,,1366,,,1386
SUPREMEIND,PUT VOL,982,2551,,,,,,,,,8,,77,,,142
SUPREMEIND,PUT OI,1704,1715,,,,,,,,,1704,,1703,,,1721
SUZLON,PRICE,42.15,42.9,,,,42.01,42.33,42.21,44.8,44.35,42.0,42.0,42.0,42.0,42.0,42.0
SUZLON,VWAP,,,,,,,,,,,42.41,42.53,42.55,42.54,42.54,42.54
SUZLON,CASH VOL,65021879,40276349,14069767,51.26,44.14,,,,,,2228467,5026080,8091059,9257734,9721248,10499703
SUZLON,F&O VOL,19888,18888,,,,,,,,,342,1921,3669,4213,4391,4668
SUZLON,F&O OI,63207,62753,,,,,,,,,63235,63217,63171,63134,63099,63166
SUZLON,CALL VOL,8642,9027,,,,,,,,,208,,2012,,,2567
SUZLON,CALL OI,9216,8503,,,,,,,,,9232,,9127,,,9184
SUZLON,PUT VOL,3403,2727,,,,,,,,,91,,691,,,853
SUZLON,PUT OI,4510,4308,,,,,,,,,4513,,4552,,,4527
SWIGGY,PRICE,270.5,275.0,,,,271.0,273.57,271.53,278.68,278.36,274.0,274.0,274.0,277.0,277.0,277.0
SWIGGY,VWAP,,,,,,,,,,,273.15,273.5,273.91,274.93,275.14,275.59
SWIGGY,CASH VOL,9369276,13233851,2612478,45.49,49.6,,,,,,633592,1138237,1842429,2554401,2799272,3507082
SWIGGY,F&O VOL,26186,25352,,,,,,,,,1064,3930,5914,9625,10921,14411
SWIGGY,F&O OI,92564,92022,,,,,,,,,92548,92736,92590,92483,92421,92115
SWIGGY,CALL VOL,14360,12502,,,,,,,,,809,,3492,,,7804
SWIGGY,CALL OI,16906,15906,,,,,,,,,16897,,16874,,,16462
SWIGGY,PUT VOL,5754,5651,,,,,,,,,185,,1289,,,3669
SWIGGY,PUT OI,13886,13856,,,,,,,,,13880,,13870,,,13922
TATACONSUM,PRICE,1000.1,986.1,,,,1003.1,999.95,999.65,1003.95,995.32,1002.0,1006.0,1006.0,1004.0,1004.0,1003.0
TATACONSUM,VWAP,,,,,,,,,,,1006.24,1006.34,1005.3,1005.07,1004.9,1004.68
TATACONSUM,CASH VOL,1573391,1567952,354808,50.59,57.95,,,,,,40159,77539,103581,123766,137773,153821
TATACONSUM,F&O VOL,35377,26560,,,,,,,,,856,2889,3877,4283,4493,4707
TATACONSUM,F&O OI,54044,54137,,,,,,,,,54015,54105,54196,54126,54118,54121
TATACONSUM,CALL VOL,20862,11871,,,,,,,,,836,,2139,,,2612
TATACONSUM,CALL OI,5908,5411,,,,,,,,,6380,,5797,,,5730
TATACONSUM,PUT VOL,9946,7065,,,,,,,,,435,,1159,,,1358
TATACONSUM,PUT OI,7374,7026,,,,,,,,,6199,,7561,,,7570
TATAELXSI,PRICE,3373.0,3440.0,,,,3373.0,3398.5,3381.5,3458.95,3408.32,3362.0,3387.0,3387.0,3392.0,3384.0,3378.0
TATAELXSI,VWAP,,,,,,,,,,,3366.91,3373.44,3376.23,3377.25,3377.61,3377.78
TATAELXSI,CASH VOL,185990,424602,49106,37.52,22.89,,,,,,15528,32619,38959,42527,44196,48347
TATAELXSI,F&O VOL,19373,50284,,,,,,,,,795,2281,3019,3542,3839,4393
TATAELXSI,F&O OI,37679,36920,,,,,,,,,37803,38048,38092,38096,38089,38121
TATAELXSI,CALL VOL,6814,20654,,,,,,,,,281,,1283,,,1793
TATAELXSI,CALL OI,4177,4105,,,,,,,,,3817,,4436,,,4390
TATAELXSI,PUT VOL,4791,10725,,,,,,,,,320,,820,,,1044
TATAELXSI,PUT OI,4251,3715,,,,,,,,,4307,,4343,,,4388
TATAPOWER,PRICE,360.4,363.0,,,,360.4,363.25,361.35,367.98,365.76,362.0,363.0,363.0,364.0,363.0,363.0
TATAPOWER,VWAP,,,,,,,,,,,363.41,363.66,363.64,363.67,363.64,363.59
TATAPOWER,CASH VOL,2900501,3710579,754090,45.31,35.8,,,,,,113601,241135,313782,374693,426150,467293
TATAPOWER,F&O VOL,34042,37883,,,,,,,,,794,2334,3595,4801,6056,6803
TATAPOWER,F&O OI,94628,95597,,,,,,,,,94589,94676,94554,94259,94119,94004
TATAPOWER,CALL VOL,13533,17310,,,,,,,,,541,,1603,,,2934
TATAPOWER,CALL OI,16061,15964,,,,,,,,,15985,,16083,,,15888
TATAPOWER,PUT VOL,15077,13116,,,,,,,,,337,,1531,,,3089
TATAPOWER,PUT OI,14438,15005,,,,,,,,,14450,,14304,,,13988
TATASTEEL,PRICE,183.0,183.65,,,,183.0,182.95,182.84,185.52,183.84,184.0,183.0,183.0,183.0,183.0,184.0
TATASTEEL,VWAP,,,,,,,,,,,183.97,183.95,183.81,183.76,183.79,183.96
TATASTEEL,CASH VOL,29476234,31857708,5891920,46.55,48.07,,,,,,870075,1697562,2378505,2898938,3326583,4547183
TATASTEEL,F&O VOL,121657,85278,,,,,,,,,3088,9437,12906,14950,17451,21227
TATASTEEL,F&O OI,183640,182004,,,,,,,,,183806,184113,184449,184547,184679,184597
TATASTEEL,CALL VOL,61888,41219,,,,,,,,,2005,,5535,,,10283
TATASTEEL,CALL OI,27703,28108,,,,,,,,,27665,,27516,,,28132
TATASTEEL,PUT VOL,27970,18754,,,,,,,,,1774,,4861,,,6418
TATASTEEL,PUT OI,20211,19473,,,,,,,,,20195,,22217,,,20245
TCS,PRICE,2188.8,2251.0,,,,2171.0,2222.95,2200.18,2242.7,2214.77,2176.0,2174.0,2174.0,2173.0,2174.0,2170.0
TCS,VWAP,,,,,,,,,,,2177.7,2172.82,2172.83,2172.5,2172.66,2172.75
TCS,CASH VOL,2763709,5406210,867744,42.52,43.41,,,,,,137051,278155,380083,466267,511588,582531
TCS,F&O VOL,259244,344572,,,,,,,,,11185,29274,40864,48007,51894,58054
TCS,F&O OI,251987,239335,,,,,,,,,252823,254490,255092,255715,255720,255905
TCS,CALL VOL,59274,116501,,,,,,,,,4099,,13228,,,18644
TCS,CALL OI,18271,8880,,,,,,,,,18624,,19595,,,19867
TCS,PUT VOL,87959,115717,,,,,,,,,3922,,13552,,,19031
TCS,PUT OI,16236,15377,,,,,,,,,16401,,16849,,,16954
TECHM,PRICE,1558.0,1575.9,,,,1545.1,1568.6,1561.53,1545.8,1542.6,1545.0,1547.0,1547.0,1555.0,1555.0,1548.0
TECHM,VWAP,,,,,,,,,,,1544.68,1544.71,1547.01,1547.88,1548.26,1548.48
TECHM,CASH VOL,1472713,2577135,406695,53.79,36.72,,,,,,81649,175335,238459,266839,282789,314920
TECHM,F&O VOL,29467,81468,,,,,,,,,2910,6101,8874,9893,10327,10994
TECHM,F&O OI,58156,58741,,,,,,,,,58364,58470,58449,58403,58396,58374
TECHM,CALL VOL,12473,33897,,,,,,,,,1437,,4058,,,4955
TECHM,CALL OI,10673,10216,,,,,,,,,9873,,10843,,,10861
TECHM,PUT VOL,10725,28815,,,,,,,,,1514,,3604,,,4378
TECHM,PUT OI,5813,6807,,,,,,,,,6334,,6018,,,5905
TIINDIA,PRICE,2566.6,2525.0,,,,2566.0,2559.57,2545.5,2644.55,2618.92,2567.0,2614.0,2614.0,2594.0,2596.0,2583.0
TIINDIA,VWAP,,,,,,,,,,,2580.22,2602.02,2605.33,2604.23,2603.4,2601.93
TIINDIA,CASH VOL,188014,195410,35495,43.29,46.75,,,,,,3606,29417,38789,54840,58605,62532
TIINDIA,F&O VOL,6401,5551,,,,,,,,,86,1041,1945,2267,2433,2601
TIINDIA,F&O OI,20036,19866,,,,,,,,,20049,19974,20002,20016,19994,20016
TIINDIA,CALL VOL,2996,2345,,,,,,,,,61,,1273,,,1649
TIINDIA,CALL OI,2069,1992,,,,,,,,,2295,,2199,,,1996
TIINDIA,PUT VOL,1711,1640,,,,,,,,,28,,438,,,604
TIINDIA,PUT OI,1756,1621,,,,,,,,,1836,,1880,,,1792
TITAN,PRICE,4908.5,4856.0,,,,4895.0,4900.08,4883.25,5001.5,4985.5,4892.0,4894.0,4894.0,4890.0,4888.0,4893.0
TITAN,VWAP,,,,,,,,,,,4903.34,4899.34,4895.29,4894.54,4893.8,4893.57
TITAN,CASH VOL,376036,504447,189375,65.23,54.96,,,,,,7059,13298,22744,27095,30597,41258
TITAN,F&O VOL,33940,42867,,,,,,,,,1642,3812,5402,6647,7212,8086
TITAN,F&O OI,57483,58862,,,,,,,,,57497,57475,57637,57709,57730,57681
TITAN,CALL VOL,12469,14750,,,,,,,,,449,,1966,,,3023
TITAN,CALL OI,10877,11229,,,,,,,,,10937,,11097,,,11110
TITAN,PUT VOL,13400,16434,,,,,,,,,1197,,2625,,,3489
TITAN,PUT OI,9167,9307,,,,,,,,,9182,,9286,,,9321
TMPV,PRICE,301.0,303.6,,,,301.0,302.65,301.55,304.25,302.15,300.0,303.0,303.0,303.0,303.0,303.0
TMPV,VWAP,,,,,,,,,,,300.94,301.82,302.36,302.59,302.63,302.65
TMPV,CASH VOL,12264774,19003987,2090091,50.08,45.94,,,,,,350941,752267,1032176,1257627,1371769,1443684
TMPV,F&O VOL,73168,147502,,,,,,,,,2500,8658,13548,17393,18441,20060
TMPV,F&O OI,121862,116243,,,,,,,,,122146,122194,122039,122198,122167,122091
TMPV,CALL VOL,36975,57624,,,,,,,,,1287,,7160,,,10926
TMPV,CALL OI,21626,18561,,,,,,,,,18725,,21799,,,21773
TMPV,PUT VOL,19174,48639,,,,,,,,,849,,3785,,,5529
TMPV,PUT OI,16882,16697,,,,,,,,,15829,,16964,,,17176
TORNTPHARM,PRICE,4812.5,4850.0,,,,4810.0,4812.75,4812.58,4947.5,4911.5,4809.0,4797.0,4797.0,4819.0,4830.0,4811.0
TORNTPHARM,VWAP,,,,,,,,,,,4817.49,4811.64,4809.63,4813.54,4814.76,4814.33
TORNTPHARM,CASH VOL,647806,397030,125916,67.8,67.29,,,,,,10087,20664,27140,40802,48445,52164
TORNTPHARM,F&O VOL,12542,6826,,,,,,,,,226,767,1113,1629,1874,2125
TORNTPHARM,F&O OI,34449,34023,,,,,,,,,34537,34568,34621,34642,34688,34686
TORNTPHARM,CALL VOL,4550,2880,,,,,,,,,65,,340,,,718
TORNTPHARM,CALL OI,2853,2846,,,,,,,,,2853,,2899,,,2891
TORNTPHARM,PUT VOL,3169,1578,,,,,,,,,209,,468,,,772
TORNTPHARM,PUT OI,2242,2249,,,,,,,,,2310,,2307,,,2319
TRENT,PRICE,2769.7,2730.0,,,,2760.0,2766.98,2761.55,2805.95,2803.58,2767.0,2780.0,2780.0,2776.0,2775.0,2772.0
TRENT,VWAP,,,,,,,,,,,2776.37,2777.45,2776.97,2777.07,2776.79,2776.12
TRENT,CASH VOL,620165,494769,160026,47.07,50.02,,,,,,12147,20913,31802,42662,49477,63963
TRENT,F&O VOL,26164,25589,,,,,,,,,720,1498,2263,2906,3258,3819
TRENT,F&O OI,75391,76552,,,,,,,,,75491,75582,75605,75638,75671,75703
TRENT,CALL VOL,13520,13442,,,,,,,,,547,,1293,,,2065
TRENT,CALL OI,14365,15104,,,,,,,,,14454,,13920,,,14676
TRENT,PUT VOL,6797,5754,,,,,,,,,167,,628,,,849
TRENT,PUT OI,7421,7300,,,,,,,,,7413,,8074,,,7393
TVSMOTOR,PRICE,4033.0,4050.0,,,,4050.0,4040.25,4035.42,4140.15,4130.05,4060.0,4151.0,4151.0,4119.0,4119.0,4141.0
TVSMOTOR,VWAP,,,,,,,,,,,4077.19,4130.17,4134.45,4133.22,4132.1,4131.52
TVSMOTOR,CASH VOL,439422,496058,154761,57.54,55.63,,,,,,27816,185250,296025,336673,363820,426650
TVSMOTOR,F&O VOL,27363,27859,,,,,,,,,2082,20895,35381,41742,44731,49600
TVSMOTOR,F&O OI,73976,73646,,,,,,,,,74112,75361,75972,76133,76150,76083
TVSMOTOR,CALL VOL,10076,11866,,,,,,,,,1370,,22740,,,31435
TVSMOTOR,CALL OI,11010,10816,,,,,,,,,8680,,12497,,,12450
TVSMOTOR,PUT VOL,7675,8020,,,,,,,,,618,,7416,,,10974
TVSMOTOR,PUT OI,7697,7518,,,,,,,,,7130,,8032,,,7943
ULTRACEMCO,PRICE,10700.0,10697.0,,,,10740.0,10759.5,10719.83,11080.0,11026.67,10744.0,10765.0,10765.0,10762.0,10782.0,10747.0
ULTRACEMCO,VWAP,,,,,,,,,,,10772.16,10774.8,10768.1,10767.06,10766.44,10762.8
ULTRACEMCO,CASH VOL,236781,335172,55587,53.55,62.1,,,,,,9183,17616,21697,23522,26942,30907
ULTRACEMCO,F&O VOL,23893,24769,,,,,,,,,1067,2766,3898,4486,5080,5784
ULTRACEMCO,F&O OI,68145,68835,,,,,,,,,67984,67931,68091,68144,68021,67923
ULTRACEMCO,CALL VOL,9767,7931,,,,,,,,,940,,2361,,,3165
ULTRACEMCO,CALL OI,3973,3315,,,,,,,,,3809,,3894,,,3863
ULTRACEMCO,PUT VOL,5203,5309,,,,,,,,,240,,666,,,957
ULTRACEMCO,PUT OI,3991,4022,,,,,,,,,3993,,4037,,,4030
UNIONBANK,PRICE,178.2,175.0,,,,177.0,177.87,177.21,181.99,179.4,178.0,179.0,179.0,179.0,179.0,178.0
UNIONBANK,VWAP,,,,,,,,,,,178.22,179.27,179.42,179.37,179.35,179.23
UNIONBANK,CASH VOL,9588072,4444675,2569575,51.52,52.41,,,,,,255555,738093,940027,1054190,1114172,1272196
UNIONBANK,F&O VOL,12213,11465,,,,,,,,,343,1782,2958,3319,3474,3762
UNIONBANK,F&O OI,44440,44120,,,,,,,,,44476,44477,44407,44468,44491,44527
UNIONBANK,CALL VOL,5640,4620,,,,,,,,,164,,1354,,,1740
UNIONBANK,CALL OI,6817,6649,,,,,,,,,6809,,7185,,,6868
UNIONBANK,PUT VOL,3142,2811,,,,,,,,,118,,699,,,908
UNIONBANK,PUT OI,8061,7794,,,,,,,,,8089,,7966,,,8153
UNITDSPR,PRICE,1389.5,1370.6,,,,1380.1,1387.38,1383.15,1426.35,1405.45,1390.0,1388.0,1388.0,1384.0,1385.0,1382.0
UNITDSPR,VWAP,,,,,,,,,,,1390.88,1390.4,1387.01,1386.65,1386.46,1386.08
UNITDSPR,CASH VOL,235642,343060,95768,51.41,57.96,,,,,,7573,12597,22258,25127,27959,30490
UNITDSPR,F&O VOL,4367,5198,,,,,,,,,123,323,967,1147,1368,1541
UNITDSPR,F&O OI,29663,29528,,,,,,,,,29675,29731,29675,29664,29675,29699
UNITDSPR,CALL VOL,1968,2092,,,,,,,,,98,,413,,,714
UNITDSPR,CALL OI,2176,1952,,,,,,,,,2187,,2185,,,2230
UNITDSPR,PUT VOL,885,975,,,,,,,,,14,,132,,,202
UNITDSPR,PUT OI,1939,1891,,,,,,,,,1941,,1943,,,1957
UNOMINDA,PRICE,1186.0,1159.7,,,,1183.8,1182.05,1174.15,1225.8,1209.67,1184.0,1197.0,1197.0,1201.0,1202.0,1202.0
UNOMINDA,VWAP,,,,,,,,,,,1188.83,1192.49,1197.07,1197.97,1198.21,1199.08
UNOMINDA,CASH VOL,367236,417139,102776,43.5,55.12,,,,,,17479,57997,95204,110945,123291,160243
UNOMINDA,F&O VOL,5155,8109,,,,,,,,,132,794,2530,2771,3156,3276
UNOMINDA,F&O OI,16093,15836,,,,,,,,,16105,16080,16109,16151,16222,16262
UNOMINDA,CALL VOL,2681,2559,,,,,,,,,89,,1550,,,1876
UNOMINDA,CALL OI,3119,2970,,,,,,,,,3118,,2921,,,2985
UNOMINDA,PUT VOL,1335,3913,,,,,,,,,18,,584,,,730
UNOMINDA,PUT OI,2203,2189,,,,,,,,,2209,,2233,,,2234
UPL,PRICE,550.6,560.8,,,,551.0,557.08,552.76,577.15,574.35,551.0,551.0,551.0,552.0,554.0,553.0
UPL,VWAP,,,,,,,,,,,551.91,551.57,551.11,552.42,553.12,553.12
UPL,CASH VOL,3044986,1588857,725458,65.77,50.9,,,,,,35586,61816,112386,281554,353875,366854
UPL,F&O VOL,16477,11570,,,,,,,,,348,825,1720,2755,3685,3946
UPL,F&O OI,35666,34531,,,,,,,,,35639,35741,35870,35946,35871,35894
UPL,CALL VOL,9316,5486,,,,,,,,,252,,1030,,,2507
UPL,CALL OI,5867,4959,,,,,,,,,5841,,5973,,,5936
UPL,PUT VOL,4617,3719,,,,,,,,,94,,487,,,973
UPL,PUT OI,4706,4710,,,,,,,,,4691,,4720,,,4766
VBL,PRICE,410.4,409.6,,,,411.0,410.77,410.52,413.23,406.67,411.0,414.0,414.0,414.0,414.0,415.0
VBL,VWAP,,,,,,,,,,,412.59,414.1,414.26,414.32,414.37,414.41
VBL,CASH VOL,3489901,3118516,823529,57.9,58.11,,,,,,106229,417693,557211,615114,672372,736504
VBL,F&O VOL,16813,17970,,,,,,,,,625,4318,5820,6240,6857,7379
VBL,F&O OI,102216,102292,,,,,,,,,102250,102360,102307,102206,102141,102081
VBL,CALL VOL,8561,8735,,,,,,,,,426,,3080,,,3959
VBL,CALL OI,22417,22521,,,,,,,,,22423,,23422,,,22343
VBL,PUT VOL,4154,4348,,,,,,,,,152,,1577,,,1952
VBL,PUT OI,12907,13186,,,,,,,,,12903,,12655,,,12711
VEDL,PRICE,256.0,257.0,,,,254.0,255.7,255.1,266.12,264.51,254.0,256.0,256.0,257.0,257.0,257.0
VEDL,VWAP,,,,,,,,,,,255.76,256.29,256.5,256.58,256.63,256.65
VEDL,CASH VOL,5794228,9234199,1300857,49.02,56.87,,,,,,392187,693260,908565,1086051,1165482,1278124
VEDL,F&O VOL,35551,48574,,,,,,,,,737,2537,4511,5546,6066,7087
VEDL,F&O OI,117265,116293,,,,,,,,,117445,117581,117444,117486,117592,117567
VEDL,CALL VOL,13555,21816,,,,,,,,,469,,1926,,,3227
VEDL,CALL OI,16514,16559,,,,,,,,,16672,,16712,,,16797
VEDL,PUT VOL,11453,12741,,,,,,,,,282,,1454,,,2066
VEDL,PUT OI,15957,15720,,,,,,,,,15940,,15899,,,15849
VMM,PRICE,100.97,100.1,,,,101.51,100.81,100.5,103.81,102.41,101.0,100.0,100.0,101.0,101.0,100.0
VMM,VWAP,,,,,,,,,,,101.45,101.13,101.0,100.99,101.0,100.99
VMM,CASH VOL,9534655,7678106,4431029,57.44,46.57,,,,,,241677,559809,850829,1101342,1198567,1331313
VMM,F&O VOL,5763,6264,,,,,,,,,83,381,699,834,964,1081
VMM,F&O OI,24098,24331,,,,,,,,,24094,24120,24159,24173,24189,24191
VMM,CALL VOL,2564,3032,,,,,,,,,58,,385,,,572
VMM,CALL OI,4104,4219,,,,,,,,,5261,,4100,,,4130
VMM,PUT VOL,1130,1177,,,,,,,,,9,,159,,,255
VMM,PUT OI,3095,3166,,,,,,,,,3409,,3119,,,3111
VOLTAS,PRICE,1131.0,1137.0,,,,1131.1,1142.0,1134.67,1161.3,1153.9,1128.0,1136.0,1136.0,1133.0,1135.0,1133.0
VOLTAS,VWAP,,,,,,,,,,,1132.66,1133.89,1134.01,1134.13,1134.17,1133.92
VOLTAS,CASH VOL,466652,477143,114117,52.84,40.69,,,,,,17336,32572,43899,55370,60216,71069
VOLTAS,F&O VOL,18153,24427,,,,,,,,,417,1052,1943,2741,3320,3759
VOLTAS,F&O OI,59342,59299,,,,,,,,,59455,59569,59637,59699,59759,59811
VOLTAS,CALL VOL,8115,11892,,,,,,,,,213,,1010,,,1925
VOLTAS,CALL OI,8853,8356,,,,,,,,,8917,,9037,,,9116
VOLTAS,PUT VOL,4610,6663,,,,,,,,,182,,464,,,785
VOLTAS,PUT OI,7910,8205,,,,,,,,,7959,,7937,,,7943
WAAREEENER,PRICE,2501.0,2555.0,,,,2499.0,2528.35,2510.12,2611.35,2584.05,2498.0,2507.0,2507.0,2515.0,2513.0,2507.0
WAAREEENER,VWAP,,,,,,,,,,,2505.06,2502.86,2503.03,2504.04,2504.55,2504.69
WAAREEENER,CASH VOL,624441,734115,150043,38.67,46.42,,,,,,22631,60048,93122,107577,115646,122822
WAAREEENER,F&O VOL,48537,39789,,,,,,,,,924,3017,5028,6113,7253,8503
WAAREEENER,F&O OI,72431,67627,,,,,,,,,72615,73227,73364,73429,73446,73618
WAAREEENER,CALL VOL,29576,20372,,,,,,,,,859,,3374,,,5552
WAAREEENER,CALL OI,13726,10912,,,,,,,,,13971,,14445,,,14447
WAAREEENER,PUT VOL,9439,8462,,,,,,,,,227,,918,,,1414
WAAREEENER,PUT OI,5954,5679,,,,,,,,,5962,,5997,,,6083
WIPRO,PRICE,166.89,170.0,,,,165.75,168.5,167.43,170.81,168.54,165.0,166.0,166.0,166.0,166.0,166.0
WIPRO,VWAP,,,,,,,,,,,165.79,165.72,165.84,165.9,165.95,166.01
WIPRO,CASH VOL,11030339,11722173,2581812,50.11,29.92,,,,,,732459,1190235,1564391,1769267,1978187,2159552
WIPRO,F&O VOL,41818,75078,,,,,,,,,3529,7154,9889,11147,11717,14475
WIPRO,F&O OI,132346,130998,,,,,,,,,132490,133076,133464,133520,133564,133534
WIPRO,CALL VOL,19193,31875,,,,,,,,,1714,,4451,,,7269
WIPRO,CALL OI,15587,14718,,,,,,,,,10652,,11156,,,16302
WIPRO,PUT VOL,11861,21857,,,,,,,,,1395,,3283,,,4709
WIPRO,PUT OI,12732,12514,,,,,,,,,9914,,10090,,,12785
YESBANK,PRICE,23.4,23.07,,,,23.32,23.68,23.49,23.32,23.01,23.0,23.0,23.0,23.0,23.0,23.0
YESBANK,VWAP,,,,,,,,,,,23.31,23.3,23.26,23.25,23.25,23.24
YESBANK,CASH VOL,205410106,95413759,31754066,35.65,41.19,,,,,,3941486,9293135,13685428,17128362,18057290,20764059
YESBANK,F&O VOL,74728,30943,,,,,,,,,1880,4666,6254,7831,8176,9403
YESBANK,F&O OI,66791,63249,,,,,,,,,66907,66856,66843,66982,67013,67170
YESBANK,CALL VOL,43479,17454,,,,,,,,,1391,,3870,,,5486
YESBANK,CALL OI,15441,13921,,,,,,,,,15085,,15253,,,15400
YESBANK,PUT VOL,17957,6727,,,,,,,,,437,,1394,,,1946
YESBANK,PUT OI,8563,7577,,,,,,,,,8575,,8438,,,8435
ZYDUSLIFE,PRICE,1107.5,1099.0,,,,1103.5,1104.88,1099.65,1136.15,1124.78,1104.0,1106.0,1106.0,1113.0,1113.0,1111.0
ZYDUSLIFE,VWAP,,,,,,,,,,,1107.71,1108.32,1108.36,1109.72,1110.0,1110.21
ZYDUSLIFE,CASH VOL,689380,522672,199387,57.05,56.09,,,,,,22895,38064,51527,72699,78707,97120
ZYDUSLIFE,F&O VOL,7434,6768,,,,,,,,,115,291,540,862,1043,1239
ZYDUSLIFE,F&O OI,22394,22487,,,,,,,,,22395,22415,22417,22373,22380,22374
ZYDUSLIFE,CALL VOL,2868,2064,,,,,,,,,50,,218,,,467
ZYDUSLIFE,CALL OI,1819,1787,,,,,,,,,1819,,1835,,,1846
ZYDUSLIFE,PUT VOL,1531,1744,,,,,,,,,19,,102,,,195
ZYDUSLIFE,PUT OI,2129,2151,,,,,,,,,2128,,2127,,,2118
