Symbol,Metric,PrevDay,PrevDay2,PrevLastHr,DelivPct,DelivPctPrev,Open,dTC,dBC,wTC,wBC,09:20,09:30,09:40,09:50,10:00
360ONE,PRICE,1040.0,1030.0,,,,,1035.17,1025.5,1092.15,1079.38,1040.0,1040.0,1040.0,1040.0,1040.0
360ONE,VWAP,,,,,,,,,,,,,,,
360ONE,CASH VOL,1213803,1348986,393513,60.36,60.46,,,,,,,,,,
360ONE,F&O VOL,6931,4984,,,,,,,,,6931,6931,6931,6931,6931
360ONE,F&O OI,13658,13658,,,,,,,,,14153,14153,14153,14153,14153
360ONE,CALL VOL,2521,1923,,,,,,,,,2521,2521,2521,2521,2521
360ONE,CALL OI,2103,2103,,,,,,,,,2509,2509,2509,2509,2509
360ONE,PUT VOL,1431,960,,,,,,,,,1431,1431,1431,1431,1431
360ONE,PUT OI,1860,1860,,,,,,,,,2084,2084,2084,2084,2084
360ONE,CALL SPRD,,,,,,,,,,,2.12,2.12,2.12,2.12,2.12
360ONE,PUT SPRD,,,,,,,,,,,2.42,2.42,2.42,2.42,2.42
360ONE,CALL OI FIX,2103,,,,,,,,,,2509,2509,2509,2509,2509
360ONE,PUT OI FIX,1860,,,,,,,,,,2084,2084,2084,2084,2084
360ONE,CALL DOI,,,,,,,,,,,425599,425599,425599,425599,425599
360ONE,PUT DOI,,,,,,,,,,,-404152,-404152,-404152,-404152,-404152
360ONE,CALL GEX,,,,,,,,,,,55559,55559,55559,55559,55559
360ONE,PUT GEX,,,,,,,,,,,36252,36252,36252,36252,36252
360ONE,GEX STRIKE,,,,,,,,,,,1000.0,1000.0,1000.0,1000.0,1000.0
360ONE,EXPIRY,,,,,,,,,,,2026-10-27,2026-10-27,2026-10-27,2026-10-27,2026-10-27
ABB,PRICE,6900.0,6776.0,,,,,6880.42,6841.25,7215.25,7106.75,6900.0,6900.0,6900.0,6900.0,6900.0
ABB,VWAP,,,,,,,,,,,,,,,
ABB,CASH VOL,240835,229223,63801,39.09,38.21,,,,,,,,,,
ABB,F&O VOL,17064,28237,,,,,,,,,17064,17064,17064,17064,17064
ABB,F&O OI,22442,22442,,,,,,,,,22740,22740,22740,22740,22740
ABB,CALL VOL,7525,13184,,,,,,,,,7525,7525,7525,7525,7525
ABB,CALL OI,3680,3680,,,,,,,,,3609,3609,3609,3609,3609
ABB,PUT VOL,3444,7125,,,,,,,,,3444,3444,3444,3444,3444
ABB,PUT OI,3623,3623,,,,,,,,,3623,3623,3623,3623,3623
ABB,CALL SPRD,,,,,,,,,,,2.84,2.84,2.84,2.84,2.84
ABB,PUT SPRD,,,,,,,,,,,2.48,2.48,2.48,2.48,2.48
ABB,CALL OI FIX,3680,,,,,,,,,,3609,3609,3609,3609,3609
ABB,PUT OI FIX,3623,,,,,,,,,,3623,3623,3623,3623,3623
ABB,CALL DOI,,,,,,,,,,,182530,182530,182530,182530,182530
ABB,PUT DOI,,,,,,,,,,,-190273,-190273,-190273,-190273,-190273
ABB,CALL GEX,,,,,,,,,,,22587,22587,22587,22587,22587
ABB,PUT GEX,,,,,,,,,,,20144,20144,20144,20144,20144
ABB,GEX STRIKE,,,,,,,,,,,7000.0,7000.0,7000.0,7000.0,7000.0
ABB,EXPIRY,,,,,,,,,,,2026-10-27,2026-10-27,2026-10-27,2026-10-27,2026-10-27
ABCAPITAL,PRICE,375.05,380.6,,,,,375.15,375.08,394.9,391.63,375.0,375.0,375.0,375.0,375.0
ABCAPITAL,VWAP,,,,,,,,,,,,,,,
ABCAPITAL,CASH VOL,5001023,3567531,1873156,66.05,51.66,,,,,,,,,,
ABCAPITAL,F&O VOL,12742,3839,,,,,,,,,12742,12742,12742,12742,12742
ABCAPITAL,F&O OI,18748,18748,,,,,,,,,19956,19956,19956,19956,19956
ABCAPITAL,CALL VOL,3854,1310,,,,,,,,,3854,3854,3854,3854,3854
ABCAPITAL,CALL OI,1548,1548,,,,,,,,,2287,2287,2287,2287,2287
ABCAPITAL,PUT VOL,4667,882,,,,,,,,,4667,4667,4667,4667,4667
ABCAPITAL,PUT OI,2384,2384,,,,,,,,,2696,2696,2696,2696,2696
ABCAPITAL,CALL SPRD,,,,,,,,,,,2.21,2.21,2.21,2.21,2.21
ABCAPITAL,PUT SPRD,,,,,,,,,,,2.23,2.23,2.23,2.23,2.23
ABCAPITAL,CALL OI FIX,1548,,,,,,,,,,2287,2287,2287,2287,2287
ABCAPITAL,PUT OI FIX,2384,,,,,,,,,,2696,2696,2696,2696,2696
ABCAPITAL,CALL DOI,,,,,,,,,,,2396122,2396122,2396122,2396122,2396122
ABCAPITAL,PUT DOI,,,,,,,,,,,-3940337,-3940337,-3940337,-3940337,-3940337
ABCAPITAL,CALL GEX,,,,,,,,,,,358850,358850,358850,358850,358850
ABCAPITAL,PUT GEX,,,,,,,,,,,366942,366942,366942,366942,366942
ABCAPITAL,GEX STRIKE,,,,,,,,,,,390.0,390.0,390.0,390.0,390.0
ABCAPITAL,EXPIRY,,,,,,,,,,,2026-10-27,2026-10-27,2026-10-27,2026-10-27,2026-10-27
ADANIENSOL,PRICE,1326.4,1314.6,,,,,1349.35,1334.05,1363.45,1346.82,1326.0,1326.0,1326.0,1326.0,1326.0
ADANIENSOL,VWAP,,,,,,,,,,,,,,,
ADANIENSOL,CASH VOL,7267118,1154073,1110652,33.53,47.76,,,,,,,,,,
ADANIENSOL,F&O VOL,37095,6029,,,,,,,,,37095,37095,37095,37095,37095
ADANIENSOL,F&O OI,39717,39717,,,,,,,,,41695,41695,41695,41695,41695
ADANIENSOL,CALL VOL,14892,2371,,,,,,,,,14892,14892,14892,14892,14892
ADANIENSOL,CALL OI,2475,2475,,,,,,,,,3194,3194,3194,3194,3194
ADANIENSOL,PUT VOL,8594,1154,,,,,,,,,8594,8594,8594,8594,8594
ADANIENSOL,PUT OI,1065,1065,,,,,,,,,1719,1719,1719,1719,1719
ADANIENSOL,CALL SPRD,,,,,,,,,,,1.88,1.88,1.88,1.88,1.88
ADANIENSOL,PUT SPRD,,,,,,,,,,,2.4,2.4,2.4,2.4,2.4
ADANIENSOL,CALL OI FIX,2475,,,,,,,,,,3194,3194,3194,3194,3194
ADANIENSOL,PUT OI FIX,1065,,,,,,,,,,1719,1719,1719,1719,1719
ADANIENSOL,CALL DOI,,,,,,,,,,,1004335,1004335,1004335,1004335,1004335
ADANIENSOL,PUT DOI,,,,,,,,,,,-542626,-542626,-542626,-542626,-542626
ADANIENSOL,CALL GEX,,,,,,,,,,,80734,80734,80734,80734,80734
ADANIENSOL,PUT GEX,,,,,,,,,,,43218,43218,43218,43218,43218
ADANIENSOL,GEX STRIKE,,,,,,,,,,,1400.0,1400.0,1400.0,1400.0,1400.0
ADANIENSOL,EXPIRY,,,,,,,,,,,2026-10-27,2026-10-27,2026-10-27,2026-10-27,2026-10-27
ADANIENT,PRICE,2816.8,2903.4,,,,,2837.85,2823.82,2962.15,2931.72,2816.0,2816.0,2816.0,2816.0,2816.0
ADANIENT,VWAP,,,,,,,,,,,,,,,
ADANIENT,CASH VOL,2100334,1663023,547341,42.05,43.02,,,,,,,,,,
ADANIENT,F&O VOL,53694,48948,,,,,,,,,53694,53694,53694,53694,53694
ADANIENT,F&O OI,80266,80266,,,,,,,,,84147,84147,84147,84147,84147
ADANIENT,CALL VOL,21636,18740,,,,,,,,,21636,21636,21636,21636,21636
ADANIENT,CALL OI,10570,10570,,,,,,,,,12411,12411,12411,12411,12411
ADANIENT,PUT VOL,17615,16151,,,,,,,,,17615,17615,17615,17615,17615
ADANIENT,PUT OI,8475,8475,,,,,,,,,9579,9579,9579,9579,9579
ADANIENT,CALL SPRD,,,,,,,,,,,1.91,1.91,1.91,1.91,1.91
ADANIENT,PUT SPRD,,,,,,,,,,,1.86,1.86,1.86,1.86,1.86
ADANIENT,CALL OI FIX,10570,,,,,,,,,,12411,12411,12411,12411,12411
ADANIENT,PUT OI FIX,8475,,,,,,,,,,9579,9579,9579,9579,9579
ADANIENT,CALL DOI,,,,,,,,,,,1414912,1414912,1414912,1414912,1414912
ADANIENT,PUT DOI,,,,,,,,,,,-1447415,-1447415,-1447415,-1447415,-1447415
ADANIENT,CALL GEX,,,,,,,,,,,174799,174799,174799,174799,174799
ADANIENT,PUT GEX,,,,,,,,,,,121836,121836,121836,121836,121836
ADANIENT,GEX STRIKE,,,,,,,,,,,2900.0,2900.0,2900.0,2900.0,2900.0
ADANIENT,EXPIRY,,,,,,,,,,,2026-10-27,2026-10-27,2026-10-27,2026-10-27,2026-10-27
ADANIGREEN,PRICE,1276.1,1278.0,,,,,1279.15,1277.12,1295.6,1293.6,1276.0,1276.0,1276.0,1276.0,1276.0
ADANIGREEN,VWAP,,,,,,,,,,,,,,,
ADANIGREEN,CASH VOL,6355094,1452231,1547337,66.77,56.21,,,,,,,,,,
ADANIGREEN,F&O VOL,30616,11460,,,,,,,,,30616,30616,30616,30616,30616
ADANIGREEN,F&O OI,49756,49756,,,,,,,,,48286,48286,48286,48286,48286
ADANIGREEN,CALL VOL,12066,5550,,,,,,,,,12066,12066,12066,12066,12066
ADANIGREEN,CALL OI,3428,3428,,,,,,,,,3588,3588,3588,3588,3588
ADANIGREEN,PUT VOL,6560,1971,,,,,,,,,6560,6560,6560,6560,6560
ADANIGREEN,PUT OI,2372,2372,,,,,,,,,2570,2570,2570,2570,2570
ADANIGREEN,CALL SPRD,,,,,,,,,,,1.77,1.77,1.77,1.77,1.77
ADANIGREEN,PUT SPRD,,,,,,,,,,,2.65,2.65,2.65,2.65,2.65
ADANIGREEN,CALL OI FIX,3428,,,,,,,,,,3588,3588,3588,3588,3588
ADANIGREEN,PUT OI FIX,2372,,,,,,,,,,2570,2570,2570,2570,2570
ADANIGREEN,CALL DOI,,,,,,,,,,,966175,966175,966175,966175,966175
ADANIGREEN,PUT DOI,,,,,,,,,,,-655517,-655517,-655517,-655517,-655517
ADANIGREEN,CALL GEX,,,,,,,,,,,88959,88959,88959,88959,88959
ADANIGREEN,PUT GEX,,,,,,,,,,,62540,62540,62540,62540,62540
ADANIGREEN,GEX STRIKE,,,,,,,,,,,1300.0,1300.0,1300.0,1300.0,1300.0
ADANIGREEN,EXPIRY,,,,,,,,,,,2026-10-27,2026-10-27,2026-10-27,2026-10-27,2026-10-27
ADANIPORTS,PRICE,1737.8,1798.3,,,,,1751.0,1742.2,1793.85,1789.95,1737.0,1737.0,1737.0,1737.0,1737.0
ADANIPORTS,VWAP,,,,,,,,,,,,,,,
ADANIPORTS,CASH VOL,2157928,3199507,528424,52.62,63.4,,,,,,,,,,
ADANIPORTS,F&O VOL,27784,31025,,,,,,,,,27784,27784,27784,27784,27784
ADANIPORTS,F&O OI,49599,49599,,,,,,,,,50274,50274,50274,50274,50274
ADANIPORTS,CALL VOL,9734,11000,,,,,,,,,9734,9734,9734,9734,9734
ADANIPORTS,CALL OI,5510,5510,,,,,,,,,6240,6240,6240,6240,6240
ADANIPORTS,PUT VOL,9493,9072,,,,,,,,,9493,9493,9493,9493,9493
ADANIPORTS,PUT OI,6351,6351,,,,,,,,,6829,6829,6829,6829,6829
ADANIPORTS,CALL SPRD,,,,,,,,,,,2.24,2.24,2.24,2.24,2.24
ADANIPORTS,PUT SPRD,,,,,,,,,,,4.69,4.69,4.69,4.69,4.69
ADANIPORTS,CALL OI FIX,5510,,,,,,,,,,6240,6240,6240,6240,6240
ADANIPORTS,PUT OI FIX,6351,,,,,,,,,,6829,6829,6829,6829,6829
ADANIPORTS,CALL DOI,,,,,,,,,,,1083503,1083503,1083503,1083503,1083503
ADANIPORTS,PUT DOI,,,,,,,,,,,-1512044,-1512044,-1512044,-1512044,-1512044
ADANIPORTS,CALL GEX,,,,,,,,,,,166718,166718,166718,166718,166718
ADANIPORTS,PUT GEX,,,,,,,,,,,191868,191868,191868,191868,191868
ADANIPORTS,GEX STRIKE,,,,,,,,,,,1800.0,1800.0,1800.0,1800.0,1800.0
ADANIPORTS,EXPIRY,,,,,,,,,,,2026-10-27,2026-10-27,2026-10-27,2026-10-27,2026-10-27
ADANIPOWER,PRICE,196.21,204.0,,,,,198.23,196.88,203.05,202.85,196.0,196.0,196.0,196.0,196.0
ADANIPOWER,VWAP,,,,,,,,,,,,,,,
ADANIPOWER,CASH VOL,33548439,21070859,12953677,41.4,40.06,,,,,,,,,,
ADANIPOWER,F&O VOL,33594,30105,,,,,,,,,33594,33594,33594,33594,33594
ADANIPOWER,F&O OI,75565,75565,,,,,,,,,78361,78361,78361,78361,78361
ADANIPOWER,CALL VOL,8731,7650,,,,,,,,,8731,8731,8731,8731,8731
ADANIPOWER,CALL OI,2631,2631,,,,,,,,,3708,3708,3708,3708,3708
ADANIPOWER,PUT VOL,6992,6455,,,,,,,,,6992,6992,6992,6992,6992
ADANIPOWER,PUT OI,4183,4183,,,,,,,,,4518,4518,4518,4518,4518
ADANIPOWER,CALL SPRD,,,,,,,,,,,2.14,2.14,2.14,2.14,2.14
ADANIPOWER,PUT SPRD,,,,,,,,,,,0.99,0.99,0.99,0.99,0.99
ADANIPOWER,CALL OI FIX,2631,,,,,,,,,,3708,3708,3708,3708,3708
ADANIPOWER,PUT OI FIX,4183,,,,,,,,,,4518,4518,4518,4518,4518
ADANIPOWER,CALL DOI,,,,,,,,,,,5969760,5969760,5969760,5969760,5969760
ADANIPOWER,PUT DOI,,,,,,,,,,,-7203396,-7203396,-7203396,-7203396,-7203396
ADANIPOWER,CALL GEX,,,,,,,,,,,558926,558926,558926,558926,558926
ADANIPOWER,PUT GEX,,,,,,,,,,,652357,652357,652357,652357,652357
ADANIPOWER,GEX STRIKE,,,,,,,,,,,200.0,200.0,200.0,200.0,200.0
ADANIPOWER,EXPIRY,,,,,,,,,,,2026-10-27,2026-10-27,2026-10-27,2026-10-27,2026-10-27
ALKEM,PRICE,5220.0,5163.5,,,,,5201.67,5165.0,5342.0,5296.67,5220.0,5220.0,5220.0,5220.0,5220.0
ALKEM,VWAP,,,,,,,,,,,,,,,
ALKEM,CASH VOL,291015,146577,69537,66.6,63.35,,,,,,,,,,
ALKEM,F&O VOL,5562,6530,,,,,,,,,5562,5562,5562,5562,5562
ALKEM,F&O OI,17311,17311,,,,,,,,,17034,17034,17034,17034,17034
ALKEM,CALL VOL,1726,2912,,,,,,,,,1726,1726,1726,1726,1726
ALKEM,CALL OI,819,819,,,,,,,,,731,731,731,731,731
ALKEM,PUT VOL,875,1149,,,,,,,,,875,875,875,875,875
ALKEM,PUT OI,767,767,,,,,,,,,776,776,776,776,776
ALKEM,CALL SPRD,,,,,,,,,,,10.73,10.73,10.73,10.73,10.73
ALKEM,PUT SPRD,,,,,,,,,,,31.16,31.16,31.16,31.16,31.16
ALKEM,CALL OI FIX,819,,,,,,,,,,731,731,731,731,731
ALKEM,PUT OI FIX,767,,,,,,,,,,776,776,776,776,776
ALKEM,CALL DOI,,,,,,,,,,,40623,40623,40623,40623,40623
ALKEM,PUT DOI,,,,,,,,,,,-38613,-38613,-38613,-38613,-38613
ALKEM,CALL GEX,,,,,,,,,,,5848,5848,5848,5848,5848
ALKEM,PUT GEX,,,,,,,,,,,5356,5356,5356,5356,5356
ALKEM,GEX STRIKE,,,,,,,,,,,5200.0,5200.0,5200.0,5200.0,5200.0
ALKEM,EXPIRY,,,,,,,,,,,2026-10-27,2026-10-27,2026-10-27,2026-10-27,2026-10-27
AMBER,PRICE,6500.0,6672.5,,,,,6584.25,6528.08,7020.25,6980.08,6500.0,6500.0,6500.0,6500.0,6500.0
AMBER,VWAP,,,,,,,,,,,,,,,
AMBER,CASH VOL,133557,224400,31711,32.04,46.48,,,,,,,,,,
AMBER,F&O VOL,12428,12342,,,,,,,,,12428,12428,12428,12428,12428
AMBER,F&O OI,19282,19282,,,,,,,,,19949,19949,19949,19949,19949
AMBER,CALL VOL,5440,4205,,,,,,,,,5440,5440,5440,5440,5440
AMBER,CALL OI,1764,1764,,,,,,,,,2655,2655,2655,2655,2655
AMBER,PUT VOL,3129,3956,,,,,,,,,3129,3129,3129,3129,3129
AMBER,PUT OI,2330,2330,,,,,,,,,2316,2316,2316,2316,2316
AMBER,CALL SPRD,,,,,,,,,,,12.87,12.87,12.87,12.87,12.87
AMBER,PUT SPRD,,,,,,,,,,,25.5,25.5,25.5,25.5,25.5
AMBER,CALL OI FIX,1764,,,,,,,,,,2655,2655,2655,2655,2655
AMBER,PUT OI FIX,2330,,,,,,,,,,2316,2316,2316,2316,2316
AMBER,CALL DOI,,,,,,,,,,,87080,87080,87080,87080,87080
AMBER,PUT DOI,,,,,,,,,,,-106145,-106145,-106145,-106145,-106145
AMBER,CALL GEX,,,,,,,,,,,12517,12517,12517,12517,12517
AMBER,PUT GEX,,,,,,,,,,,8024,8024,8024,8024,8024
AMBER,GEX STRIKE,,,,,,,,,,,6700.0,6700.0,6700.0,6700.0,6700.0
AMBER,EXPIRY,,,,,,,,,,,2026-10-27,2026-10-27,2026-10-27,2026-10-27,2026-10-27
AMBUJACEM,PRICE,362.25,374.0,,,,,363.95,362.82,387.85,385.15,362.0,362.0,362.0,362.0,362.0
AMBUJACEM,VWAP,,,,,,,,,,,,,,,
AMBUJACEM,CASH VOL,3893265,3219926,825937,33.67,54.33,,,,,,,,,,
AMBUJACEM,F&O VOL,24951,16263,,,,,,,,,24951,24951,24951,24951,24951
AMBUJACEM,F&O OI,94512,94512,,,,,,,,,97250,97250,97250,97250,97250
AMBUJACEM,CALL VOL,7791,4486,,,,,,,,,7791,7791,7791,7791,7791
AMBUJACEM,CALL OI,2400,2400,,,,,,,,,3567,3567,3567,3567,3567
AMBUJACEM,PUT VOL,5327,3419,,,,,,,,,5327,5327,5327,5327,5327
AMBUJACEM,PUT OI,2317,2317,,,,,,,,,2890,2890,2890,2890,2890
AMBUJACEM,CALL SPRD,,,,,,,,,,,2.39,2.39,2.39,2.39,2.39
AMBUJACEM,PUT SPRD,,,,,,,,,,,2.8,2.8,2.8,2.8,2.8
AMBUJACEM,CALL OI FIX,2400,,,,,,,,,,3567,3567,3567,3567,3567
AMBUJACEM,PUT OI FIX,2317,,,,,,,,,,2890,2890,2890,2890,2890
AMBUJACEM,CALL DOI,,,,,,,,,,,1702964,1702964,1702964,1702964,1702964
AMBUJACEM,PUT DOI,,,,,,,,,,,-1573696,-1573696,-1573696,-1573696,-1573696
AMBUJACEM,CALL GEX,,,,,,,,,,,224366,224366,224366,224366,224366
AMBUJACEM,PUT GEX,,,,,,,,,,,153251,153251,153251,153251,153251
AMBUJACEM,GEX STRIKE,,,,,,,,,,,370.0,370.0,370.0,370.0,370.0
AMBUJACEM,EXPIRY,,,,,,,,,,,2026-10-27,2026-10-27,2026-10-27,2026-10-27,2026-10-27
ANGELONE,PRICE,276.8,274.0,,,,,275.81,273.83,293.8,289.93,276.0,276.0,276.0,276.0,276.0
ANGELONE,VWAP,,,,,,,,,,,,,,,
ANGELONE,CASH VOL,6751156,2439788,1774879,34.37,28.3,,,,,,,,,,
ANGELONE,F&O VOL,24330,7700,,,,,,,,,24330,24330,24330,24330,24330
ANGELONE,F&O OI,21578,21578,,,,,,,,,25443,25443,25443,25443,25443
ANGELONE,CALL VOL,11495,2916,,,,,,,,,11495,11495,11495,11495,11495
ANGELONE,CALL OI,3068,3068,,,,,,,,,5629,5629,5629,5629,5629
ANGELONE,PUT VOL,5744,2156,,,,,,,,,5744,5744,5744,5744,5744
ANGELONE,PUT OI,2889,2889,,,,,,,,,3708,3708,3708,3708,3708
ANGELONE,CALL SPRD,,,,,,,,,,,1.22,1.22,1.22,1.22,1.22
ANGELONE,PUT SPRD,,,,,,,,,,,2.52,2.52,2.52,2.52,2.52
ANGELONE,CALL OI FIX,3068,,,,,,,,,,5629,5629,5629,5629,5629
ANGELONE,PUT OI FIX,2889,,,,,,,,,,3708,3708,3708,3708,3708
ANGELONE,CALL DOI,,,,,,,,,,,5815165,5815165,5815165,5815165,5815165
ANGELONE,PUT DOI,,,,,,,,,,,-3841545,-3841545,-3841545,-3841545,-3841545
ANGELONE,CALL GEX,,,,,,,,,,,535867,535867,535867,535867,535867
ANGELONE,PUT GEX,,,,,,,,,,,266328,266328,266328,266328,266328
ANGELONE,GEX STRIKE,,,,,,,,,,,280.0,280.0,280.0,280.0,280.0
ANGELONE,EXPIRY,,,,,,,,,,,2026-10-27,2026-10-27,2026-10-27,2026-10-27,2026-10-27
APLAPOLLO,PRICE,2115.7,2190.1,,,,,2128.15,2119.85,2206.0,2188.6,2115.0,2115.0,2115.0,2115.0,2115.0
APLAPOLLO,VWAP,,,,,,,,,,,,,,,
APLAPOLLO,CASH VOL,1615913,587352,350879,46.48,58.1,,,,,,,,,,
APLAPOLLO,F&O VOL,44500,13348,,,,,,,,,44500,44500,44500,44500,44500
APLAPOLLO,F&O OI,50101,50101,,,,,,,,,56531,56531,56531,56531,56531
APLAPOLLO,CALL VOL,11823,2740,,,,,,,,,11823,11823,11823,11823,11823
APLAPOLLO,CALL OI,2125,2125,,,,,,,,,3881,3881,3881,3881,3881
APLAPOLLO,PUT VOL,11027,3314,,,,,,,,,11027,11027,11027,11027,11027
APLAPOLLO,PUT OI,2604,2604,,,,,,,,,3118,3118,3118,3118,3118
APLAPOLLO,CALL SPRD,,,,,,,,,,,2.28,2.28,2.28,2.28,2.28
APLAPOLLO,PUT SPRD,,,,,,,,,,,2.95,2.95,2.95,2.95,2.95
APLAPOLLO,CALL OI FIX,2125,,,,,,,,,,3881,3881,3881,3881,3881
APLAPOLLO,PUT OI FIX,2604,,,,,,,,,,3118,3118,3118,3118,3118
APLAPOLLO,CALL DOI,,,,,,,,,,,557457,557457,557457,557457,557457
APLAPOLLO,PUT DOI,,,,,,,,,,,-590760,-590760,-590760,-590760,-590760
APLAPOLLO,CALL GEX,,,,,,,,,,,70157,70157,70157,70157,70157
APLAPOLLO,PUT GEX,,,,,,,,,,,50848,50848,50848,50848,50848
APLAPOLLO,GEX STRIKE,,,,,,,,,,,2200.0,2200.0,2200.0,2200.0,2200.0
APLAPOLLO,EXPIRY,,,,,,,,,,,2026-10-27,2026-10-27,2026-10-27,2026-10-27,2026-10-27
APOLLOHOSP,PRICE,8133.5,8165.5,,,,,8096.5,8022.5,8946.0,8908.0,8133.0,8133.0,8133.0,8133.0,8133.0
APOLLOHOSP,VWAP,,,,,,,,,,,,,,,
APOLLOHOSP,CASH VOL,939105,2108531,189477,55.48,58.81,,,,,,,,,,
APOLLOHOSP,F&O VOL,92493,188734,,,,,,,,,92493,92493,92493,92493,92493
APOLLOHOSP,F&O OI,47927,47927,,,,,,,,,47037,47037,47037,47037,47037
APOLLOHOSP,CALL VOL,29019,38146,,,,,,,,,29019,29019,29019,29019,29019
APOLLOHOSP,CALL OI,7827,7827,,,,,,,,,7756,7756,7756,7756,7756
APOLLOHOSP,PUT VOL,31003,78944,,,,,,,,,31003,31003,31003,31003,31003
APOLLOHOSP,PUT OI,7445,7445,,,,,,,,,6979,6979,6979,6979,6979
APOLLOHOSP,CALL SPRD,,,,,,,,,,,2.44,2.44,2.44,2.44,2.44
APOLLOHOSP,PUT SPRD,,,,,,,,,,,3.33,3.33,3.33,3.33,3.33
APOLLOHOSP,CALL OI FIX,7827,,,,,,,,,,7756,7756,7756,7756,7756
APOLLOHOSP,PUT OI FIX,7445,,,,,,,,,,6979,6979,6979,6979,6979
APOLLOHOSP,CALL DOI,,,,,,,,,,,383571,383571,383571,383571,383571
APOLLOHOSP,PUT DOI,,,,,,,,,,,-358863,-358863,-358863,-358863,-358863
APOLLOHOSP,CALL GEX,,,,,,,,,,,65106,65106,65106,65106,65106
APOLLOHOSP,PUT GEX,,,,,,,,,,,42299,42299,42299,42299,42299
APOLLOHOSP,GEX STRIKE,,,,,,,,,,,8300.0,8300.0,8300.0,8300.0,8300.0
APOLLOHOSP,EXPIRY,,,,,,,,,,,2026-10-27,2026-10-27,2026-10-27,2026-10-27,2026-10-27
ASHOKLEY,PRICE,150.48,154.19,,,,,151.68,150.88,160.15,159.44,150.0,150.0,150.0,150.0,150.0
ASHOKLEY,VWAP,,,,,,,,,,,,,,,
ASHOKLEY,CASH VOL,20574319,17703276,3951154,37.98,54.42,,,,,,,,,,
ASHOKLEY,F&O VOL,43393,17334,,,,,,,,,43393,43393,43393,43393,43393
ASHOKLEY,F&O OI,44519,44519,,,,,,,,,48415,48415,48415,48415,48415
ASHOKLEY,CALL VOL,15436,5105,,,,,,,,,15436,15436,15436,15436,15436
ASHOKLEY,CALL OI,4205,4205,,,,,,,,,5795,5795,5795,5795,5795
ASHOKLEY,PUT VOL,12892,3731,,,,,,,,,12892,12892,12892,12892,12892
ASHOKLEY,PUT OI,6261,6261,,,,,,,,,6877,6877,6877,6877,6877
ASHOKLEY,CALL SPRD,,,,,,,,,,,4.26,4.26,4.26,4.26,4.26
ASHOKLEY,PUT SPRD,,,,,,,,,,,1.2,1.2,1.2,1.2,1.2
ASHOKLEY,CALL OI FIX,4205,,,,,,,,,,5795,5795,5795,5795,5795
ASHOKLEY,PUT OI FIX,6261,,,,,,,,,,6877,6877,6877,6877,6877
ASHOKLEY,CALL DOI,,,,,,,,,,,11070600,11070600,11070600,11070600,11070600
ASHOKLEY,PUT DOI,,,,,,,,,,,-17223603,-17223603,-17223603,-17223603,-17223603
ASHOKLEY,CALL GEX,,,,,,,,,,,1219877,1219877,1219877,1219877,1219877
ASHOKLEY,PUT GEX,,,,,,,,,,,1475995,1475995,1475995,1475995,1475995
ASHOKLEY,GEX STRIKE,,,,,,,,,,,155.0,155.0,155.0,155.0,155.0
ASHOKLEY,EXPIRY,,,,,,,,,,,2026-10-27,2026-10-27,2026-10-27,2026-10-27,2026-10-27
ASIANPAINT,PRICE,2407.0,2402.6,,,,,2404.17,2398.5,2440.35,2433.05,2407.0,2407.0,2407.0,2407.0,2407.0
ASIANPAINT,VWAP,,,,,,,,,,,,,,,
ASIANPAINT,CASH VOL,1005836,553695,219341,70.4,68.65,,,,,,,,,,
ASIANPAINT,F&O VOL,19505,20045,,,,,,,,,19505,19505,19505,19505,19505
ASIANPAINT,F&O OI,43476,43476,,,,,,,,,45371,45371,45371,45371,45371
ASIANPAINT,CALL VOL,7864,7328,,,,,,,,,7864,7864,7864,7864,7864
ASIANPAINT,CALL OI,3999,3999,,,,,,,,,5082,5082,5082,5082,5082
ASIANPAINT,PUT VOL,4157,4101,,,,,,,,,4157,4157,4157,4157,4157
ASIANPAINT,PUT OI,3945,3945,,,,,,,,,4158,4158,4158,4158,4158
ASIANPAINT,CALL SPRD,,,,,,,,,,,1.99,1.99,1.99,1.99,1.99
ASIANPAINT,PUT SPRD,,,,,,,,,,,1.66,1.66,1.66,1.66,1.66
ASIANPAINT,CALL OI FIX,3999,,,,,,,,,,5082,5082,5082,5082,5082
ASIANPAINT,PUT OI FIX,3945,,,,,,,,,,4158,4158,4158,4158,4158
ASIANPAINT,CALL DOI,,,,,,,,,,,593511,593511,593511,593511,593511
ASIANPAINT,PUT DOI,,,,,,,,,,,-405145,-405145,-405145,-405145,-405145
ASIANPAINT,CALL GEX,,,,,,,,,,,112461,112461,112461,112461,112461
ASIANPAINT,PUT GEX,,,,,,,,,,,50662,50662,50662,50662,50662
ASIANPAINT,GEX STRIKE,,,,,,,,,,,2400.0,2400.0,2400.0,2400.0,2400.0
ASIANPAINT,EXPIRY,,,,,,,,,,,2026-10-27,2026-10-27,2026-10-27,2026-10-27,2026-10-27
ASTRAL,PRICE,1344.0,1370.4,,,,,1343.43,1342.3,1397.58,1394.75,1344.0,1344.0,1344.0,1344.0,1344.0
ASTRAL,VWAP,,,,,,,,,,,,,,,
ASTRAL,CASH VOL,299231,258131,124685,49.48,60.09,,,,,,,,,,
ASTRAL,F&O VOL,9102,6344,,,,,,,,,9102,9102,9102,9102,9102
ASTRAL,F&O OI,16042,16042,,,,,,,,,17923,17923,17923,17923,17923
ASTRAL,CALL VOL,2060,2149,,,,,,,,,2060,2060,2060,2060,2060
ASTRAL,CALL OI,1002,1002,,,,,,,,,1400,1400,1400,1400,1400
ASTRAL,PUT VOL,1834,2213,,,,,,,,,1834,1834,1834,1834,1834
ASTRAL,PUT OI,1427,1427,,,,,,,,,1387,1387,1387,1387,1387
ASTRAL,CALL SPRD,,,,,,,,,,,2.42,2.42,2.42,2.42,2.42
ASTRAL,PUT SPRD,,,,,,,,,,,2.55,2.55,2.55,2.55,2.55
ASTRAL,CALL OI FIX,1002,,,,,,,,,,1400,1400,1400,1400,1400
ASTRAL,PUT OI FIX,1427,,,,,,,,,,1387,1387,1387,1387,1387
ASTRAL,CALL DOI,,,,,,,,,,,207963,207963,207963,207963,207963
ASTRAL,PUT DOI,,,,,,,,,,,-269836,-269836,-269836,-269836,-269836
ASTRAL,CALL GEX,,,,,,,,,,,33918,33918,33918,33918,33918
ASTRAL,PUT GEX,,,,,,,,,,,26578,26578,26578,26578,26578
ASTRAL,GEX STRIKE,,,,,,,,,,,1400.0,1400.0,1400.0,1400.0,1400.0
ASTRAL,EXPIRY,,,,,,,,,,,2026-10-27,2026-10-27,2026-10-27,2026-10-27,2026-10-27
AUBANK,PRICE,987.0,1010.3,,,,,991.6,988.53,1026.4,1020.8,987.0,987.0,987.0,987.0,987.0
AUBANK,VWAP,,,,,,,,,,,,,,,
AUBANK,CASH VOL,2487890,1358165,592620,54.82,57.41,,,,,,,,,,
AUBANK,F&O VOL,10660,9336,,,,,,,,,10660,10660,10660,10660,10660
AUBANK,F&O OI,31833,31833,,,,,,,,,33431,33431,33431,33431,33431
AUBANK,CALL VOL,3017,2308,,,,,,,,,3017,3017,3017,3017,3017
AUBANK,CALL OI,2066,2066,,,,,,,,,2686,2686,2686,2686,2686
AUBANK,PUT VOL,2645,2768,,,,,,,,,2645,2645,2645,2645,2645
AUBANK,PUT OI,2510,2510,,,,,,,,,2829,2829,2829,2829,2829
AUBANK,CALL SPRD,,,,,,,,,,,2.15,2.15,2.15,2.15,2.15
AUBANK,PUT SPRD,,,,,,,,,,,1.82,1.82,1.82,1.82,1.82
AUBANK,CALL OI FIX,2066,,,,,,,,,,2686,2686,2686,2686,2686
AUBANK,PUT OI FIX,2510,,,,,,,,,,2829,2829,2829,2829,2829
AUBANK,CALL DOI,,,,,,,,,,,1070600,1070600,1070600,1070600,1070600
AUBANK,PUT DOI,,,,,,,,,,,-1249505,-1249505,-1249505,-1249505,-1249505
AUBANK,CALL GEX,,,,,,,,,,,129630,129630,129630,129630,129630
AUBANK,PUT GEX,,,,,,,,,,,127963,127963,127963,127963,127963
AUBANK,GEX STRIKE,,,,,,,,,,,1000.0,1000.0,1000.0,1000.0,1000.0
AUBANK,EXPIRY,,,,,,,,,,,2026-10-27,2026-10-27,2026-10-27,2026-10-27,2026-10-27
AUROPHARMA,PRICE,1676.8,1672.0,,,,,1677.45,1677.02,1714.65,1712.88,1676.0,1676.0,1676.0,1676.0,1676.0
AUROPHARMA,VWAP,,,,,,,,,,,,,,,
AUROPHARMA,CASH VOL,1074057,1138610,280883,50.41,51.09,,,,,,,,,,
AUROPHARMA,F&O VOL,13030,16663,,,,,,,,,13030,13030,13030,13030,13030
AUROPHARMA,F&O OI,33096,33096,,,,,,,,,33701,33701,33701,33701,33701
AUROPHARMA,CALL VOL,4645,5061,,,,,,,,,4645,4645,4645,4645,4645
AUROPHARMA,CALL OI,4018,4018,,,,,,,,,4482,4482,4482,4482,4482
AUROPHARMA,PUT VOL,4146,5867,,,,,,,,,4146,4146,4146,4146,4146
AUROPHARMA,PUT OI,3299,3299,,,,,,,,,3514,3514,3514,3514,3514
AUROPHARMA,CALL SPRD,,,,,,,,,,,2.16,2.16,2.16,2.16,2.16
AUROPHARMA,PUT SPRD,,,,,,,,,,,13.74,13.74,13.74,13.74,13.74
AUROPHARMA,CALL OI FIX,4018,,,,,,,,,,4482,4482,4482,4482,4482
AUROPHARMA,PUT OI FIX,3299,,,,,,,,,,3514,3514,3514,3514,3514
AUROPHARMA,CALL DOI,,,,,,,,,,,1201720,1201720,1201720,1201720,1201720
AUROPHARMA,PUT DOI,,,,,,,,,,,-789708,-789708,-789708,-789708,-789708
AUROPHARMA,CALL GEX,,,,,,,,,,,139386,139386,139386,139386,139386
AUROPHARMA,PUT GEX,,,,,,,,,,,96138,96138,96138,96138,96138
AUROPHARMA,GEX STRIKE,,,,,,,,,,,1700.0,1700.0,1700.0,1700.0,1700.0
AUROPHARMA,EXPIRY,,,,,,,,,,,2026-10-27,2026-10-27,2026-10-27,2026-10-27,2026-10-27
AXISBANK,PRICE,1217.1,1226.0,,,,,1228.45,1220.88,1220.03,1215.3,1217.0,1217.0,1217.0,1217.0,1217.0
AXISBANK,VWAP,,,,,,,,,,,,,,,
AXISBANK,CASH VOL,7005197,6178741,1564569,60.93,64.84,,,,,,,,,,
AXISBANK,F&O VOL,66986,68780,,,,,,,,,66986,66986,66986,66986,66986
AXISBANK,F&O OI,190742,190742,,,,,,,,,192379,192379,192379,192379,192379
AXISBANK,CALL VOL,23446,24097,,,,,,,,,23446,23446,23446,23446,23446
AXISBANK,CALL OI,15907,15907,,,,,,,,,16065,16065,16065,16065,16065
AXISBANK,PUT VOL,16350,15992,,,,,,,,,16350,16350,16350,16350,16350
AXISBANK,PUT OI,10531,10531,,,,,,,,,11037,11037,11037,11037,11037
AXISBANK,CALL SPRD,,,,,,,,,,,1.31,1.31,1.31,1.31,1.31
AXISBANK,PUT SPRD,,,,,,,,,,,1.37,1.37,1.37,1.37,1.37
AXISBANK,CALL OI FIX,15907,,,,,,,,,,16065,16065,16065,16065,16065
AXISBANK,PUT OI FIX,10531,,,,,,,,,,11037,11037,11037,11037,11037
AXISBANK,CALL DOI,,,,,,,,,,,5036419,5036419,5036419,5036419,5036419
AXISBANK,PUT DOI,,,,,,,,,,,-3033835,-3033835,-3033835,-3033835,-3033835
AXISBANK,CALL GEX,,,,,,,,,,,597622,597622,597622,597622,597622
AXISBANK,PUT GEX,,,,,,,,,,,395343,395343,395343,395343,395343
AXISBANK,GEX STRIKE,,,,,,,,,,,1220.0,1220.0,1220.0,1220.0,1220.0
AXISBANK,EXPIRY,,,,,,,,,,,2026-10-27,2026-10-27,2026-10-27,2026-10-27,2026-10-27
BAJAJ-AUTO,PRICE,10045.0,10874.0,,,,,10307.0,10132.33,11358.0,11306.67,10045.0,10045.0,10045.0,10045.0,10045.0
BAJAJ-AUTO,VWAP,,,,,,,,,,,,,,,
BAJAJ-AUTO,CASH VOL,1491300,313712,169808,26.54,62.08,,,,,,,,,,
BAJAJ-AUTO,F&O VOL,446709,36206,,,,,,,,,446709,446709,446709,446709,446709
BAJAJ-AUTO,F&O OI,46386,46386,,,,,,,,,75474,75474,75474,75474,75474
BAJAJ-AUTO,CALL VOL,93688,12139,,,,,,,,,93688,93688,93688,93688,93688
BAJAJ-AUTO,CALL OI,171,5859,,,,,,,,,9347,9347,9347,9347,9347
BAJAJ-AUTO,PUT VOL,169891,10302,,,,,,,,,169891,169891,169891,169891,169891
BAJAJ-AUTO,PUT OI,1497,7725,,,,,,,,,7899,7899,7899,7899,7899
BAJAJ-AUTO,CALL SPRD,,,,,,,,,,,3.45,3.45,3.45,3.45,3.45
BAJAJ-AUTO,PUT SPRD,,,,,,,,,,,2.58,2.58,2.58,2.58,2.58
BAJAJ-AUTO,CALL OI FIX,171,,,,,,,,,,9347,9347,9347,9347,9347
BAJAJ-AUTO,PUT OI FIX,1497,,,,,,,,,,7899,7899,7899,7899,7899
BAJAJ-AUTO,CALL DOI,,,,,,,,,,,288958,288958,288958,288958,288958
BAJAJ-AUTO,PUT DOI,,,,,,,,,,,-248212,-248212,-248212,-248212,-248212
BAJAJ-AUTO,CALL GEX,,,,,,,,,,,45365,45365,45365,45365,45365
BAJAJ-AUTO,PUT GEX,,,,,,,,,,,32546,32546,32546,32546,32546
BAJAJ-AUTO,GEX STRIKE,,,,,,,,,,,10000.0,10000.0,10000.0,10000.0,10000.0
BAJAJ-AUTO,EXPIRY,,,,,,,,,,,2026-10-27,2026-10-27,2026-10-27,2026-10-27,2026-10-27
BAJAJFINSV,PRICE,1732.6,1731.0,,,,,1728.12,1719.15,1809.9,1783.97,1732.0,1732.0,1732.0,1732.0,1732.0
BAJAJFINSV,VWAP,,,,,,,,,,,,,,,
BAJAJFINSV,CASH VOL,2292234,1086211,436668,73.62,62.11,,,,,,,,,,
BAJAJFINSV,F&O VOL,18625,24627,,,,,,,,,18625,18625,18625,18625,18625
BAJAJFINSV,F&O OI,43274,43274,,,,,,,,,45122,45122,45122,45122,45122
BAJAJFINSV,CALL VOL,6473,8899,,,,,,,,,6473,6473,6473,6473,6473
BAJAJFINSV,CALL OI,4615,4615,,,,,,,,,5104,5104,5104,5104,5104
BAJAJFINSV,PUT VOL,3949,5180,,,,,,,,,3949,3949,3949,3949,3949
BAJAJFINSV,PUT OI,4672,4672,,,,,,,,,4802,4802,4802,4802,4802
BAJAJFINSV,CALL SPRD,,,,,,,,,,,3.33,3.33,3.33,3.33,3.33
BAJAJFINSV,PUT SPRD,,,,,,,,,,,2.67,2.67,2.67,2.67,2.67
BAJAJFINSV,CALL OI FIX,4615,,,,,,,,,,5104,5104,5104,5104,5104
BAJAJFINSV,PUT OI FIX,4672,,,,,,,,,,4802,4802,4802,4802,4802
BAJAJFINSV,CALL DOI,,,,,,,,,,,587049,587049,587049,587049,587049
BAJAJFINSV,PUT DOI,,,,,,,,,,,-623044,-623044,-623044,-623044,-623044
BAJAJFINSV,CALL GEX,,,,,,,,,,,89252,89252,89252,89252,89252
BAJAJFINSV,PUT GEX,,,,,,,,,,,70039,70039,70039,70039,70039
BAJAJFINSV,GEX STRIKE,,,,,,,,,,,1700.0,1700.0,1700.0,1700.0,1700.0
BAJAJFINSV,EXPIRY,,,,,,,,,,,2026-10-27,2026-10-27,2026-10-27,2026-10-27,2026-10-27
BAJAJHLDNG,PRICE,10666.0,10788.0,,,,,10642.33,10595.0,11093.5,10991.17,10666.0,10666.0,10666.0,10666.0,10666.0
BAJAJHLDNG,VWAP,,,,,,,,,,,,,,,
BAJAJHLDNG,CASH VOL,39942,40117,9034,48.92,63.23,,,,,,,,,,
BAJAJHLDNG,F&O VOL,1134,644,,,,,,,,,1134,1134,1134,1134,1134
BAJAJHLDNG,F&O OI,3374,3374,,,,,,,,,3627,3627,3627,3627,3627
BAJAJHLDNG,CALL VOL,187,182,,,,,,,,,187,187,187,187,187
BAJAJHLDNG,CALL OI,120,120,,,,,,,,,148,148,148,148,148
BAJAJHLDNG,PUT VOL,386,96,,,,,,,,,386,386,386,386,386
BAJAJHLDNG,PUT OI,100,100,,,,,,,,,318,318,318,318,318
BAJAJHLDNG,CALL SPRD,,,,,,,,,,,,,,,
BAJAJHLDNG,PUT SPRD,,,,,,,,,,,39.76,39.76,39.76,39.76,39.76
BAJAJHLDNG,CALL OI FIX,120,,,,,,,,,,148,148,148,148,148
BAJAJHLDNG,PUT OI FIX,100,,,,,,,,,,318,318,318,318,318
BAJAJHLDNG,CALL DOI,,,,,,,,,,,4798,4798,4798,4798,4798
BAJAJHLDNG,PUT DOI,,,,,,,,,,,-10969,-10969,-10969,-10969,-10969
BAJAJHLDNG,CALL GEX,,,,,,,,,,,602,602,602,602,602
BAJAJHLDNG,PUT GEX,,,,,,,,,,,913,913,913,913,913
BAJAJHLDNG,GEX STRIKE,,,,,,,,,,,10700.0,10700.0,10700.0,10700.0,10700.0
BAJAJHLDNG,EXPIRY,,,,,,,,,,,2026-10-27,2026-10-27,2026-10-27,2026-10-27,2026-10-27
BAJFINANCE,PRICE,948.3,959.4,,,,,947.74,946.62,1008.6,1000.8,948.0,948.0,948.0,948.0,948.0
BAJFINANCE,VWAP,,,,,,,,,,,,,,,
BAJFINANCE,CASH VOL,5698769,6625616,1644191,59.38,65.87,,,,,,,,,,
BAJFINANCE,F&O VOL,58148,38048,,,,,,,,,58148,58148,58148,58148,58148
BAJFINANCE,F&O OI,122544,122544,,,,,,,,,129510,129510,129510,129510,129510
BAJFINANCE,CALL VOL,18249,10575,,,,,,,,,18249,18249,18249,18249,18249
BAJFINANCE,CALL OI,8814,8814,,,,,,,,,11407,11407,11407,11407,11407
BAJFINANCE,PUT VOL,16999,10315,,,,,,,,,16999,16999,16999,16999,16999
BAJFINANCE,PUT OI,10208,10208,,,,,,,,,11320,11320,11320,11320,11320
BAJFINANCE,CALL SPRD,,,,,,,,,,,2.11,2.11,2.11,2.11,2.11
BAJFINANCE,PUT SPRD,,,,,,,,,,,2.61,2.61,2.61,2.61,2.61
BAJFINANCE,CALL OI FIX,8814,,,,,,,,,,11407,11407,11407,11407,11407
BAJFINANCE,PUT OI FIX,10208,,,,,,,,,,11320,11320,11320,11320,11320
BAJFINANCE,CALL DOI,,,,,,,,,,,3403120,3403120,3403120,3403120,3403120
BAJFINANCE,PUT DOI,,,,,,,,,,,-4343304,-4343304,-4343304,-4343304,-4343304
BAJFINANCE,CALL GEX,,,,,,,,,,,379407,379407,379407,379407,379407
BAJFINANCE,PUT GEX,,,,,,,,,,,430743,430743,430743,430743,430743
BAJFINANCE,GEX STRIKE,,,,,,,,,,,1000.0,1000.0,1000.0,1000.0,1000.0
BAJFINANCE,EXPIRY,,,,,,,,,,,2026-10-27,2026-10-27,2026-10-27,2026-10-27,2026-10-27
BANDHANBNK,PRICE,176.0,178.23,,,,,176.9,176.3,187.28,186.45,176.0,176.0,176.0,176.0,176.0
BANDHANBNK,VWAP,,,,,,,,,,,,,,,
BANDHANBNK,CASH VOL,11142144,13031625,1950656,35.31,45.51,,,,,,,,,,
BANDHANBNK,F&O VOL,2621,27582,,,,,,,,,2621,2621,2621,2621,2621
BANDHANBNK,F&O OI,56684,56684,,,,,,,,,54891,54891,54891,54891,54891
BANDHANBNK,CALL VOL,335,4583,,,,,,,,,335,335,335,335,335
BANDHANBNK,CALL OI,2970,2970,,,,,,,,,2821,2821,2821,2821,2821
BANDHANBNK,PUT VOL,319,5530,,,,,,,,,319,319,319,319,319
BANDHANBNK,PUT OI,3857,3857,,,,,,,,,3678,3678,3678,3678,3678
BANDHANBNK,CALL SPRD,,,,,,,,,,,51.96,51.96,51.96,51.96,51.96
BANDHANBNK,PUT SPRD,,,,,,,,,,,11.93,11.93,11.93,11.93,11.93
BANDHANBNK,CALL OI FIX,2970,,,,,,,,,,2821,2821,2821,2821,2821
BANDHANBNK,PUT OI FIX,3857,,,,,,,,,,3678,3678,3678,3678,3678
BANDHANBNK,CALL DOI,,,,,,,,,,,4292434,4292434,4292434,4292434,4292434
BANDHANBNK,PUT DOI,,,,,,,,,,,-6097142,-6097142,-6097142,-6097142,-6097142
BANDHANBNK,CALL GEX,,,,,,,,,,,418776,418776,418776,418776,418776
BANDHANBNK,PUT GEX,,,,,,,,,,,412841,412841,412841,412841,412841
BANDHANBNK,GEX STRIKE,,,,,,,,,,,185.0,185.0,185.0,185.0,185.0
BANDHANBNK,EXPIRY,,,,,,,,,,,2026-10-27,2026-10-27,2026-10-27,2026-10-27,2026-10-27
BANKBARODA,PRICE,230.82,230.55,,,,,231.75,231.13,235.24,235.2,230.0,230.0,230.0,230.0,230.0
BANKBARODA,VWAP,,,,,,,,,,,,,,,
BANKBARODA,CASH VOL,9034271,10920670,4171781,51.59,51.29,,,,,,,,,,
BANKBARODA,F&O VOL,21508,37005,,,,,,,,,21508,21508,21508,21508,21508
BANKBARODA,F&O OI,73041,73041,,,,,,,,,72246,72246,72246,72246,72246
BANKBARODA,CALL VOL,7303,14022,,,,,,,,,7303,7303,7303,7303,7303
BANKBARODA,CALL OI,5961,5961,,,,,,,,,6154,6154,6154,6154,6154
BANKBARODA,PUT VOL,5633,9560,,,,,,,,,5633,5633,5633,5633,5633
BANKBARODA,PUT OI,7700,7700,,,,,,,,,7375,7375,7375,7375,7375
BANKBARODA,CALL SPRD,,,,,,,,,,,1.25,1.25,1.25,1.25,1.25
BANKBARODA,PUT SPRD,,,,,,,,,,,4.14,4.14,4.14,4.14,4.14
BANKBARODA,CALL OI FIX,5961,,,,,,,,,,6154,6154,6154,6154,6154
BANKBARODA,PUT OI FIX,7700,,,,,,,,,,7375,7375,7375,7375,7375
BANKBARODA,CALL DOI,,,,,,,,,,,7742422,7742422,7742422,7742422,7742422
BANKBARODA,PUT DOI,,,,,,,,,,,-9056501,-9056501,-9056501,-9056501,-9056501
BANKBARODA,CALL GEX,,,,,,,,,,,963729,963729,963729,963729,963729
BANKBARODA,PUT GEX,,,,,,,,,,,1079913,1079913,1079913,1079913,1079913
BANKBARODA,GEX STRIKE,,,,,,,,,,,240.0,240.0,240.0,240.0,240.0
BANKBARODA,EXPIRY,,,,,,,,,,,2026-10-27,2026-10-27,2026-10-27,2026-10-27,2026-10-27
BANKINDIA,PRICE,129.48,130.24,,,,,129.29,128.92,138.38,138.08,129.0,129.0,129.0,129.0,129.0
BANKINDIA,VWAP,,,,,,,,,,,,,,,
BANKINDIA,CASH VOL,4296454,5018149,1200164,36.94,47.27,,,,,,,,,,
BANKINDIA,F&O VOL,5760,9116,,,,,,,,,5760,5760,5760,5760,5760
BANKINDIA,F&O OI,25620,25620,,,,,,,,,25831,25831,25831,25831,25831
BANKINDIA,CALL VOL,2030,3451,,,,,,,,,2030,2030,2030,2030,2030
BANKINDIA,CALL OI,3824,3824,,,,,,,,,4001,4001,4001,4001,4001
BANKINDIA,PUT VOL,1502,2515,,,,,,,,,1502,1502,1502,1502,1502
BANKINDIA,PUT OI,4747,4747,,,,,,,,,4714,4714,4714,4714,4714
BANKINDIA,CALL SPRD,,,,,,,,,,,17.78,17.78,17.78,17.78,17.78
BANKINDIA,PUT SPRD,,,,,,,,,,,9.32,9.32,9.32,9.32,9.32
BANKINDIA,CALL OI FIX,3824,,,,,,,,,,4001,4001,4001,4001,4001
BANKINDIA,PUT OI FIX,4747,,,,,,,,,,4714,4714,4714,4714,4714
BANKINDIA,CALL DOI,,,,,,,,,,,6761809,6761809,6761809,6761809,6761809
BANKINDIA,PUT DOI,,,,,,,,,,,-11972160,-11972160,-11972160,-11972160,-11972160
BANKINDIA,CALL GEX,,,,,,,,,,,842984,842984,842984,842984,842984
BANKINDIA,PUT GEX,,,,,,,,,,,913095,913095,913095,913095,913095
BANKINDIA,GEX STRIKE,,,,,,,,,,,135.0,135.0,135.0,135.0,135.0
BANKINDIA,EXPIRY,,,,,,,,,,,2026-10-27,2026-10-27,2026-10-27,2026-10-27,2026-10-27
BDL,PRICE,1087.9,1110.1,,,,,1093.45,1089.75,1165.45,1148.48,1087.0,1087.0,1087.0,1087.0,1087.0
BDL,VWAP,,,,,,,,,,,,,,,
BDL,CASH VOL,928850,1193043,291447,38.52,38.38,,,,,,,,,,
BDL,F&O VOL,10458,13073,,,,,,,,,10458,10458,10458,10458,10458
BDL,F&O OI,35131,35131,,,,,,,,,35841,35841,35841,35841,35841
BDL,CALL VOL,3806,4844,,,,,,,,,3806,3806,3806,3806,3806
BDL,CALL OI,3679,3679,,,,,,,,,4077,4077,4077,4077,4077
BDL,PUT VOL,2081,2064,,,,,,,,,2081,2081,2081,2081,2081
BDL,PUT OI,4999,4999,,,,,,,,,5035,5035,5035,5035,5035
BDL,CALL SPRD,,,,,,,,,,,12.43,12.43,12.43,12.43,12.43
BDL,PUT SPRD,,,,,,,,,,,4.49,4.49,4.49,4.49,4.49
BDL,CALL OI FIX,3679,,,,,,,,,,4077,4077,4077,4077,4077
BDL,PUT OI FIX,4999,,,,,,,,,,5035,5035,5035,5035,5035
BDL,CALL DOI,,,,,,,,,,,626279,626279,626279,626279,626279
BDL,PUT DOI,,,,,,,,,,,-976425,-976425,-976425,-976425,-976425
BDL,CALL GEX,,,,,,,,,,,74730,74730,74730,74730,74730
BDL,PUT GEX,,,,,,,,,,,72499,72499,72499,72499,72499
BDL,GEX STRIKE,,,,,,,,,,,1100.0,1100.0,1100.0,1100.0,1100.0
BDL,EXPIRY,,,,,,,,,,,2026-10-27,2026-10-27,2026-10-27,2026-10-27,2026-10-27
BEL,PRICE,383.1,388.3,,,,,382.87,382.4,394.62,393.91,383.0,383.0,383.0,383.0,383.0
BEL,VWAP,,,,,,,,,,,,,,,
BEL,CASH VOL,10250149,9671143,1983061,55.07,61.95,,,,,,,,,,
BEL,F&O VOL,35884,30618,,,,,,,,,35884,35884,35884,35884,35884
BEL,F&O OI,97259,97259,,,,,,,,,100265,100265,100265,100265,100265
BEL,CALL VOL,15052,14510,,,,,,,,,15052,15052,15052,15052,15052
BEL,CALL OI,11289,11289,,,,,,,,,12878,12878,12878,12878,12878
BEL,PUT VOL,8410,6003,,,,,,,,,8410,8410,8410,8410,8410
BEL,PUT OI,10586,10586,,,,,,,,,11189,11189,11189,11189,11189
BEL,CALL SPRD,,,,,,,,,,,1.57,1.57,1.57,1.57,1.57
BEL,PUT SPRD,,,,,,,,,,,1.92,1.92,1.92,1.92,1.92
BEL,CALL OI FIX,11289,,,,,,,,,,12878,12878,12878,12878,12878
BEL,PUT OI FIX,10586,,,,,,,,,,11189,11189,11189,11189,11189
BEL,CALL DOI,,,,,,,,,,,6599513,6599513,6599513,6599513,6599513
BEL,PUT DOI,,,,,,,,,,,-8502856,-8502856,-8502856,-8502856,-8502856
BEL,CALL GEX,,,,,,,,,,,1053383,1053383,1053383,1053383,1053383
BEL,PUT GEX,,,,,,,,,,,792349,792349,792349,792349,792349
BEL,GEX STRIKE,,,,,,,,,,,400.0,400.0,400.0,400.0,400.0
BEL,EXPIRY,,,,,,,,,,,2026-10-27,2026-10-27,2026-10-27,2026-10-27,2026-10-27
BHARATFORG,PRICE,1875.0,1926.0,,,,,1880.55,1876.85,2003.37,1994.1,1875.0,1875.0,1875.0,1875.0,1875.0
BHARATFORG,VWAP,,,,,,,,,,,,,,,
BHARATFORG,CASH VOL,1151437,1059256,360722,56.87,59.22,,,,,,,,,,
BHARATFORG,F&O VOL,13690,10429,,,,,,,,,13690,13690,13690,13690,13690
BHARATFORG,F&O OI,24198,24198,,,,,,,,,25147,25147,25147,25147,25147
BHARATFORG,CALL VOL,4040,2125,,,,,,,,,4040,4040,4040,4040,4040
BHARATFORG,CALL OI,1648,1648,,,,,,,,,2519,2519,2519,2519,2519
BHARATFORG,PUT VOL,3257,3508,,,,,,,,,3257,3257,3257,3257,3257
BHARATFORG,PUT OI,2166,2166,,,,,,,,,2062,2062,2062,2062,2062
BHARATFORG,CALL SPRD,,,,,,,,,,,3.63,3.63,3.63,3.63,3.63
BHARATFORG,PUT SPRD,,,,,,,,,,,8.67,8.67,8.67,8.67,8.67
BHARATFORG,CALL OI FIX,1648,,,,,,,,,,2519,2519,2519,2519,2519
BHARATFORG,PUT OI FIX,2166,,,,,,,,,,2062,2062,2062,2062,2062
BHARATFORG,CALL DOI,,,,,,,,,,,514030,514030,514030,514030,514030
BHARATFORG,PUT DOI,,,,,,,,,,,-495499,-495499,-495499,-495499,-495499
BHARATFORG,CALL GEX,,,,,,,,,,,76284,76284,76284,76284,76284
BHARATFORG,PUT GEX,,,,,,,,,,,46914,46914,46914,46914,46914
BHARATFORG,GEX STRIKE,,,,,,,,,,,1900.0,1900.0,1900.0,1900.0,1900.0
BHARATFORG,EXPIRY,,,,,,,,,,,2026-10-27,2026-10-27,2026-10-27,2026-10-27,2026-10-27
BHARTIARTL,PRICE,1741.1,1757.0,,,,,1746.05,1742.75,1810.85,1793.88,1741.0,1741.0,1741.0,1741.0,1741.0
BHARTIARTL,VWAP,,,,,,,,,,,,,,,
BHARTIARTL,CASH VOL,5609657,8080358,1616676,63.89,75.21,,,,,,,,,,
BHARTIARTL,F&O VOL,73377,85456,,,,,,,,,73377,73377,73377,73377,73377
BHARTIARTL,F&O OI,176257,176257,,,,,,,,,180532,180532,180532,180532,180532
BHARTIARTL,CALL VOL,32126,34255,,,,,,,,,32126,32126,32126,32126,32126
BHARTIARTL,CALL OI,17594,17594,,,,,,,,,19963,19963,19963,19963,19963
BHARTIARTL,PUT VOL,22117,27724,,,,,,,,,22117,22117,22117,22117,22117
BHARTIARTL,PUT OI,19344,19344,,,,,,,,,20132,20132,20132,20132,20132
BHARTIARTL,CALL SPRD,,,,,,,,,,,0.98,0.98,0.98,0.98,0.98
BHARTIARTL,PUT SPRD,,,,,,,,,,,1.97,1.97,1.97,1.97,1.97
BHARTIARTL,CALL OI FIX,17594,,,,,,,,,,19963,19963,19963,19963,19963
BHARTIARTL,PUT OI FIX,19344,,,,,,,,,,20132,20132,20132,20132,20132
BHARTIARTL,CALL DOI,,,,,,,,,,,2922297,2922297,2922297,2922297,2922297
BHARTIARTL,PUT DOI,,,,,,,,,,,-5537957,-5537957,-5537957,-5537957,-5537957
BHARTIARTL,CALL GEX,,,,,,,,,,,736651,736651,736651,736651,736651
BHARTIARTL,PUT GEX,,,,,,,,,,,667254,667254,667254,667254,667254
BHARTIARTL,GEX STRIKE,,,,,,,,,,,1800.0,1800.0,1800.0,1800.0,1800.0
BHARTIARTL,EXPIRY,,,,,,,,,,,2026-10-27,2026-10-27,2026-10-27,2026-10-27,2026-10-27
BHEL,PRICE,421.0,415.5,,,,,420.58,419.75,425.75,421.22,421.0,421.0,421.0,421.0,421.0
BHEL,VWAP,,,,,,,,,,,,,,,
BHEL,CASH VOL,12669050,8153812,1933152,36.04,52.92,,,,,,,,,,
BHEL,F&O VOL,42252,21367,,,,,,,,,42252,42252,42252,42252,42252
BHEL,F&O OI,45111,45111,,,,,,,,,45041,45041,45041,45041,45041
BHEL,CALL VOL,16461,10450,,,,,,,,,16461,16461,16461,16461,16461
BHEL,CALL OI,5661,5661,,,,,,,,,5452,5452,5452,5452,5452
BHEL,PUT VOL,10264,4427,,,,,,,,,10264,10264,10264,10264,10264
BHEL,PUT OI,3480,3480,,,,,,,,,3785,3785,3785,3785,3785
BHEL,CALL SPRD,,,,,,,,,,,0.29,0.29,0.29,0.29,0.29
BHEL,PUT SPRD,,,,,,,,,,,1.38,1.38,1.38,1.38,1.38
BHEL,CALL OI FIX,5661,,,,,,,,,,5452,5452,5452,5452,5452
BHEL,PUT OI FIX,3480,,,,,,,,,,3785,3785,3785,3785,3785
BHEL,CALL DOI,,,,,,,,,,,7929804,7929804,7929804,7929804,7929804
BHEL,PUT DOI,,,,,,,,,,,-3834293,-3834293,-3834293,-3834293,-3834293
BHEL,CALL GEX,,,,,,,,,,,594103,594103,594103,594103,594103
BHEL,PUT GEX,,,,,,,,,,,369791,369791,369791,369791,369791
BHEL,GEX STRIKE,,,,,,,,,,,420.0,420.0,420.0,420.0,420.0
BHEL,EXPIRY,,,,,,,,,,,2026-10-27,2026-10-27,2026-10-27,2026-10-27,2026-10-27
BIOCON,PRICE,370.7,370.3,,,,,370.11,368.93,388.85,384.38,370.0,370.0,370.0,370.0,370.0
BIOCON,VWAP,,,,,,,,,,,,,,,
BIOCON,CASH VOL,2525268,1849491,660371,42.58,54.53,,,,,,,,,,
BIOCON,F&O VOL,9921,10455,,,,,,,,,9921,9921,9921,9921,9921
BIOCON,F&O OI,31744,31744,,,,,,,,,32382,32382,32382,32382,32382
BIOCON,CALL VOL,3513,3117,,,,,,,,,3513,3513,3513,3513,3513
BIOCON,CALL OI,2626,2626,,,,,,,,,3001,3001,3001,3001,3001
BIOCON,PUT VOL,2562,2962,,,,,,,,,2562,2562,2562,2562,2562
BIOCON,PUT OI,3631,3631,,,,,,,,,3897,3897,3897,3897,3897
BIOCON,CALL SPRD,,,,,,,,,,,2.56,2.56,2.56,2.56,2.56
BIOCON,PUT SPRD,,,,,,,,,,,3.0,3.0,3.0,3.0,3.0
BIOCON,CALL OI FIX,2626,,,,,,,,,,3001,3001,3001,3001,3001
BIOCON,PUT OI FIX,3631,,,,,,,,,,3897,3897,3897,3897,3897
BIOCON,CALL DOI,,,,,,,,,,,2930803,2930803,2930803,2930803,2930803
BIOCON,PUT DOI,,,,,,,,,,,-4164784,-4164784,-4164784,-4164784,-4164784
BIOCON,CALL GEX,,,,,,,,,,,410165,410165,410165,410165,410165
BIOCON,PUT GEX,,,,,,,,,,,498327,498327,498327,498327,498327
BIOCON,GEX STRIKE,,,,,,,,,,,380.0,380.0,380.0,380.0,380.0
BIOCON,EXPIRY,,,,,,,,,,,2026-10-27,2026-10-27,2026-10-27,2026-10-27,2026-10-27
BLUESTARCO,PRICE,1459.6,1518.0,,,,,1480.5,1466.57,1555.87,1537.6,1459.0,1459.0,1459.0,1459.0,1459.0
BLUESTARCO,VWAP,,,,,,,,,,,,,,,
BLUESTARCO,CASH VOL,962569,615606,207733,45.66,45.57,,,,,,,,,,
BLUESTARCO,F&O VOL,12584,11785,,,,,,,,,12584,12584,12584,12584,12584
BLUESTARCO,F&O OI,26784,26784,,,,,,,,,27894,27894,27894,27894,27894
BLUESTARCO,CALL VOL,3468,2820,,,,,,,,,3468,3468,3468,3468,3468
BLUESTARCO,CALL OI,1697,1697,,,,,,,,,2188,2188,2188,2188,2188
BLUESTARCO,PUT VOL,2361,2994,,,,,,,,,2361,2361,2361,2361,2361
BLUESTARCO,PUT OI,1883,1883,,,,,,,,,2037,2037,2037,2037,2037
BLUESTARCO,CALL SPRD,,,,,,,,,,,10.56,10.56,10.56,10.56,10.56
BLUESTARCO,PUT SPRD,,,,,,,,,,,10.1,10.1,10.1,10.1,10.1
BLUESTARCO,CALL OI FIX,1697,,,,,,,,,,2188,2188,2188,2188,2188
BLUESTARCO,PUT OI FIX,1883,,,,,,,,,,2037,2037,2037,2037,2037
BLUESTARCO,CALL DOI,,,,,,,,,,,240126,240126,240126,240126,240126
BLUESTARCO,PUT DOI,,,,,,,,,,,-292952,-292952,-292952,-292952,-292952
BLUESTARCO,CALL GEX,,,,,,,,,,,41248,41248,41248,41248,41248
BLUESTARCO,PUT GEX,,,,,,,,,,,16222,16222,16222,16222,16222
BLUESTARCO,GEX STRIKE,,,,,,,,,,,1500.0,1500.0,1500.0,1500.0,1500.0
BLUESTARCO,EXPIRY,,,,,,,,,,,2026-10-27,2026-10-27,2026-10-27,2026-10-27,2026-10-27
BOSCHLTD,PRICE,45480.0,47100.0,,,,,45702.5,45554.17,48098.33,47795.0,45480.0,45480.0,45480.0,45480.0,45480.0
BOSCHLTD,VWAP,,,,,,,,,,,,,,,
BOSCHLTD,CASH VOL,48572,30394,9767,48.41,43.75,,,,,,,,,,
BOSCHLTD,F&O VOL,29398,19286,,,,,,,,,29398,29398,29398,29398,29398
BOSCHLTD,F&O OI,11460,11460,,,,,,,,,14837,14837,14837,14837,14837
BOSCHLTD,CALL VOL,5495,3789,,,,,,,,,5495,5495,5495,5495,5495
BOSCHLTD,CALL OI,575,575,,,,,,,,,1392,1392,1392,1392,1392
BOSCHLTD,PUT VOL,6825,4186,,,,,,,,,6825,6825,6825,6825,6825
BOSCHLTD,PUT OI,1593,1593,,,,,,,,,1977,1977,1977,1977,1977
BOSCHLTD,CALL SPRD,,,,,,,,,,,11.86,11.86,11.86,11.86,11.86
BOSCHLTD,PUT SPRD,,,,,,,,,,,5.33,5.33,5.33,5.33,5.33
BOSCHLTD,CALL OI FIX,575,,,,,,,,,,1392,1392,1392,1392,1392
BOSCHLTD,PUT OI FIX,1593,,,,,,,,,,1977,1977,1977,1977,1977
BOSCHLTD,CALL DOI,,,,,,,,,,,12654,12654,12654,12654,12654
BOSCHLTD,PUT DOI,,,,,,,,,,,-18793,-18793,-18793,-18793,-18793
BOSCHLTD,CALL GEX,,,,,,,,,,,2071,2071,2071,2071,2071
BOSCHLTD,PUT GEX,,,,,,,,,,,2201,2201,2201,2201,2201
BOSCHLTD,GEX STRIKE,,,,,,,,,,,47000.0,47000.0,47000.0,47000.0,47000.0
BOSCHLTD,EXPIRY,,,,,,,,,,,2026-10-27,2026-10-27,2026-10-27,2026-10-27,2026-10-27
BPCL,PRICE,300.6,303.2,,,,,301.08,300.76,312.0,309.67,300.0,300.0,300.0,300.0,300.0
BPCL,VWAP,,,,,,,,,,,,,,,
BPCL,CASH VOL,5618518,5525502,1095613,48.85,60.4,,,,,,,,,,
BPCL,F&O VOL,10832,10700,,,,,,,,,10832,10832,10832,10832,10832
BPCL,F&O OI,23972,23972,,,,,,,,,24709,24709,24709,24709,24709
BPCL,CALL VOL,4387,5125,,,,,,,,,4387,4387,4387,4387,4387
BPCL,CALL OI,2351,2351,,,,,,,,,2545,2545,2545,2545,2545
BPCL,PUT VOL,3003,2639,,,,,,,,,3003,3003,3003,3003,3003
BPCL,PUT OI,2258,2258,,,,,,,,,2315,2315,2315,2315,2315
BPCL,CALL SPRD,,,,,,,,,,,4.21,4.21,4.21,4.21,4.21
BPCL,PUT SPRD,,,,,,,,,,,5.76,5.76,5.76,5.76,5.76
BPCL,CALL OI FIX,2351,,,,,,,,,,2545,2545,2545,2545,2545
BPCL,PUT OI FIX,2258,,,,,,,,,,2315,2315,2315,2315,2315
BPCL,CALL DOI,,,,,,,,,,,1994660,1994660,1994660,1994660,1994660
BPCL,PUT DOI,,,,,,,,,,,-2126497,-2126497,-2126497,-2126497,-2126497
BPCL,CALL GEX,,,,,,,,,,,260204,260204,260204,260204,260204
BPCL,PUT GEX,,,,,,,,,,,223554,223554,223554,223554,223554
BPCL,GEX STRIKE,,,,,,,,,,,300.0,300.0,300.0,300.0,300.0
BPCL,EXPIRY,,,,,,,,,,,2026-10-27,2026-10-27,2026-10-27,2026-10-27,2026-10-27
BRITANNIA,PRICE,4778.0,4830.0,,,,,4776.88,4774.65,4956.5,4943.83,4778.0,4778.0,4778.0,4778.0,4778.0
BRITANNIA,VWAP,,,,,,,,,,,,,,,
BRITANNIA,CASH VOL,362699,485651,72189,60.59,60.77,,,,,,,,,,
BRITANNIA,F&O VOL,11797,15831,,,,,,,,,11797,11797,11797,11797,11797
BRITANNIA,F&O OI,27464,27464,,,,,,,,,29291,29291,29291,29291,29291
BRITANNIA,CALL VOL,4007,4969,,,,,,,,,4007,4007,4007,4007,4007
BRITANNIA,CALL OI,2034,2034,,,,,,,,,2906,2906,2906,2906,2906
BRITANNIA,PUT VOL,2622,4036,,,,,,,,,2622,2622,2622,2622,2622
BRITANNIA,PUT OI,2219,2219,,,,,,,,,2386,2386,2386,2386,2386
BRITANNIA,CALL SPRD,,,,,,,,,,,3.5,3.5,3.5,3.5,3.5
BRITANNIA,PUT SPRD,,,,,,,,,,,5.78,5.78,5.78,5.78,5.78
BRITANNIA,CALL OI FIX,2034,,,,,,,,,,2906,2906,2906,2906,2906
BRITANNIA,PUT OI FIX,2219,,,,,,,,,,2386,2386,2386,2386,2386
BRITANNIA,CALL DOI,,,,,,,,,,,118525,118525,118525,118525,118525
BRITANNIA,PUT DOI,,,,,,,,,,,-148044,-148044,-148044,-148044,-148044
BRITANNIA,CALL GEX,,,,,,,,,,,26896,26896,26896,26896,26896
BRITANNIA,PUT GEX,,,,,,,,,,,16394,16394,16394,16394,16394
BRITANNIA,GEX STRIKE,,,,,,,,,,,5000.0,5000.0,5000.0,5000.0,5000.0
BRITANNIA,EXPIRY,,,,,,,,,,,2026-10-27,2026-10-27,2026-10-27,2026-10-27,2026-10-27
BSE,PRICE,3046.0,3092.0,,,,,3069.5,3053.83,3231.65,3204.88,3046.0,3046.0,3046.0,3046.0,3046.0
BSE,VWAP,,,,,,,,,,,,,,,
BSE,CASH VOL,6273089,6411793,1691286,48.18,30.85,,,,,,,,,,
BSE,F&O VOL,133060,218008,,,,,,,,,133060,133060,133060,133060,133060
BSE,F&O OI,124201,124201,,,,,,,,,132896,132896,132896,132896,132896
BSE,CALL VOL,49705,81087,,,,,,,,,49705,49705,49705,49705,49705
BSE,CALL OI,20290,20290,,,,,,,,,23458,23458,23458,23458,23458
BSE,PUT VOL,35702,63760,,,,,,,,,35702,35702,35702,35702,35702
BSE,PUT OI,18666,18666,,,,,,,,,19847,19847,19847,19847,19847
BSE,CALL SPRD,,,,,,,,,,,0.97,0.97,0.97,0.97,0.97
BSE,PUT SPRD,,,,,,,,,,,1.2,1.2,1.2,1.2,1.2
BSE,CALL OI FIX,20290,,,,,,,,,,23458,23458,23458,23458,23458
BSE,PUT OI FIX,18666,,,,,,,,,,19847,19847,19847,19847,19847
BSE,CALL DOI,,,,,,,,,,,1781456,1781456,1781456,1781456,1781456
BSE,PUT DOI,,,,,,,,,,,-1871520,-1871520,-1871520,-1871520,-1871520
BSE,CALL GEX,,,,,,,,,,,171986,171986,171986,171986,171986
BSE,PUT GEX,,,,,,,,,,,136774,136774,136774,136774,136774
BSE,GEX STRIKE,,,,,,,,,,,3200.0,3200.0,3200.0,3200.0,3200.0
BSE,EXPIRY,,,,,,,,,,,2026-10-27,2026-10-27,2026-10-27,2026-10-27,2026-10-27
CAMS,PRICE,677.25,671.0,,,,,676.07,673.73,714.27,709.66,677.0,677.0,677.0,677.0,677.0
CAMS,VWAP,,,,,,,,,,,,,,,
CAMS,CASH VOL,1577224,1798467,243877,56.66,59.0,,,,,,,,,,
CAMS,F&O VOL,4571,6457,,,,,,,,,4571,4571,4571,4571,4571
CAMS,F&O OI,17388,17388,,,,,,,,,17326,17326,17326,17326,17326
CAMS,CALL VOL,1818,2811,,,,,,,,,1818,1818,1818,1818,1818
CAMS,CALL OI,1402,1402,,,,,,,,,1501,1501,1501,1501,1501
CAMS,PUT VOL,845,1553,,,,,,,,,845,845,845,845,845
CAMS,PUT OI,1741,1741,,,,,,,,,1690,1690,1690,1690,1690
CAMS,CALL SPRD,,,,,,,,,,,30.3,30.3,30.3,30.3,30.3
CAMS,PUT SPRD,,,,,,,,,,,38.56,38.56,38.56,38.56,38.56
CAMS,CALL OI FIX,1402,,,,,,,,,,1501,1501,1501,1501,1501
CAMS,PUT OI FIX,1741,,,,,,,,,,1690,1690,1690,1690,1690
CAMS,CALL DOI,,,,,,,,,,,475096,475096,475096,475096,475096
CAMS,PUT DOI,,,,,,,,,,,-616815,-616815,-616815,-616815,-616815
CAMS,CALL GEX,,,,,,,,,,,67316,67316,67316,67316,67316
CAMS,PUT GEX,,,,,,,,,,,56963,56963,56963,56963,56963
CAMS,GEX STRIKE,,,,,,,,,,,700.0,700.0,700.0,700.0,700.0
CAMS,EXPIRY,,,,,,,,,,,2026-10-27,2026-10-27,2026-10-27,2026-10-27,2026-10-27
CANBK,PRICE,118.36,119.44,,,,,118.35,118.32,124.91,124.75,118.0,118.0,118.0,118.0,118.0
CANBK,VWAP,,,,,,,,,,,,,,,
CANBK,CASH VOL,13953325,12579795,3093340,45.85,56.7,,,,,,,,,,
CANBK,F&O VOL,10754,12308,,,,,,,,,10754,10754,10754,10754,10754
CANBK,F&O OI,69140,69140,,,,,,,,,70759,70759,70759,70759,70759
CANBK,CALL VOL,2943,2579,,,,,,,,,2943,2943,2943,2943,2943
CANBK,CALL OI,2140,2140,,,,,,,,,2904,2904,2904,2904,2904
CANBK,PUT VOL,1837,2308,,,,,,,,,1837,1837,1837,1837,1837
CANBK,PUT OI,2998,2998,,,,,,,,,3256,3256,3256,3256,3256
CANBK,CALL SPRD,,,,,,,,,,,2.06,2.06,2.06,2.06,2.06
CANBK,PUT SPRD,,,,,,,,,,,1.95,1.95,1.95,1.95,1.95
CANBK,CALL OI FIX,2140,,,,,,,,,,2904,2904,2904,2904,2904
CANBK,PUT OI FIX,2998,,,,,,,,,,3256,3256,3256,3256,3256
CANBK,CALL DOI,,,,,,,,,,,9177528,9177528,9177528,9177528,9177528
CANBK,PUT DOI,,,,,,,,,,,-10466977,-10466977,-10466977,-10466977,-10466977
CANBK,CALL GEX,,,,,,,,,,,1081513,1081513,1081513,1081513,1081513
CANBK,PUT GEX,,,,,,,,,,,960266,960266,960266,960266,960266
CANBK,GEX STRIKE,,,,,,,,,,,120.0,120.0,120.0,120.0,120.0
CANBK,EXPIRY,,,,,,,,,,,2026-10-27,2026-10-27,2026-10-27,2026-10-27,2026-10-27
CDSL,PRICE,1242.5,1264.0,,,,,1249.25,1244.75,1343.5,1326.5,1242.0,1242.0,1242.0,1242.0,1242.0
CDSL,VWAP,,,,,,,,,,,,,,,
CDSL,CASH VOL,1324382,871860,403569,38.64,42.28,,,,,,,,,,
CDSL,F&O VOL,31453,13030,,,,,,,,,31453,31453,31453,31453,31453
CDSL,F&O OI,43969,43969,,,,,,,,,45332,45332,45332,45332,45332
CDSL,CALL VOL,10660,4815,,,,,,,,,10660,10660,10660,10660,10660
CDSL,CALL OI,4025,4025,,,,,,,,,4629,4629,4629,4629,4629
CDSL,PUT VOL,11675,3011,,,,,,,,,11675,11675,11675,11675,11675
CDSL,PUT OI,6945,6945,,,,,,,,,7624,7624,7624,7624,7624
CDSL,CALL SPRD,,,,,,,,,,,9.28,9.28,9.28,9.28,9.28
CDSL,PUT SPRD,,,,,,,,,,,12.59,12.59,12.59,12.59,12.59
CDSL,CALL OI FIX,4025,,,,,,,,,,4629,4629,4629,4629,4629
CDSL,PUT OI FIX,6945,,,,,,,,,,7624,7624,7624,7624,7624
CDSL,CALL DOI,,,,,,,,,,,704767,704767,704767,704767,704767
CDSL,PUT DOI,,,,,,,,,,,-1806399,-1806399,-1806399,-1806399,-1806399
CDSL,CALL GEX,,,,,,,,,,,94322,94322,94322,94322,94322
CDSL,PUT GEX,,,,,,,,,,,155941,155941,155941,155941,155941
CDSL,GEX STRIKE,,,,,,,,,,,1300.0,1300.0,1300.0,1300.0,1300.0
CDSL,EXPIRY,,,,,,,,,,,2026-10-27,2026-10-27,2026-10-27,2026-10-27,2026-10-27
CGPOWER,PRICE,879.0,854.2,,,,,877.58,874.75,901.6,891.2,879.0,879.0,879.0,879.0,879.0
CGPOWER,VWAP,,,,,,,,,,,,,,,
CGPOWER,CASH VOL,4633143,2404620,696924,26.29,56.61,,,,,,,,,,
CGPOWER,F&O VOL,30083,7325,,,,,,,,,30083,30083,30083,30083,30083
CGPOWER,F&O OI,25660,25660,,,,,,,,,26437,26437,26437,26437,26437
CGPOWER,CALL VOL,14731,3165,,,,,,,,,14731,14731,14731,14731,14731
CGPOWER,CALL OI,2020,2020,,,,,,,,,2332,2332,2332,2332,2332
CGPOWER,PUT VOL,6385,1172,,,,,,,,,6385,6385,6385,6385,6385
CGPOWER,PUT OI,1166,1166,,,,,,,,,1560,1560,1560,1560,1560
CGPOWER,CALL SPRD,,,,,,,,,,,2.63,2.63,2.63,2.63,2.63
CGPOWER,PUT SPRD,,,,,,,,,,,4.61,4.61,4.61,4.61,4.61
CGPOWER,CALL OI FIX,2020,,,,,,,,,,2332,2332,2332,2332,2332
CGPOWER,PUT OI FIX,1166,,,,,,,,,,1560,1560,1560,1560,1560
CGPOWER,CALL DOI,,,,,,,,,,,1022867,1022867,1022867,1022867,1022867
CGPOWER,PUT DOI,,,,,,,,,,,-563694,-563694,-563694,-563694,-563694
CGPOWER,CALL GEX,,,,,,,,,,,92928,92928,92928,92928,92928
CGPOWER,PUT GEX,,,,,,,,,,,55762,55762,55762,55762,55762
CGPOWER,GEX STRIKE,,,,,,,,,,,900.0,900.0,900.0,900.0,900.0
CGPOWER,EXPIRY,,,,,,,,,,,2026-10-27,2026-10-27,2026-10-27,2026-10-27,2026-10-27
CHOLAFIN,PRICE,1580.0,1620.0,,,,,1591.45,1583.82,1706.95,1677.45,1580.0,1580.0,1580.0,1580.0,1580.0
CHOLAFIN,VWAP,,,,,,,,,,,,,,,
CHOLAFIN,CASH VOL,1699959,1860436,486985,59.26,55.92,,,,,,,,,,
CHOLAFIN,F&O VOL,14048,17011,,,,,,,,,14048,14048,14048,14048,14048
CHOLAFIN,F&O OI,32066,32066,,,,,,,,,32313,32313,32313,32313,32313
CHOLAFIN,CALL VOL,2735,2512,,,,,,,,,2735,2735,2735,2735,2735
CHOLAFIN,CALL OI,1364,1364,,,,,,,,,1625,1625,1625,1625,1625
CHOLAFIN,PUT VOL,4640,6511,,,,,,,,,4640,4640,4640,4640,4640
CHOLAFIN,PUT OI,2945,2945,,,,,,,,,3067,3067,3067,3067,3067
CHOLAFIN,CALL SPRD,,,,,,,,,,,8.78,8.78,8.78,8.78,8.78
CHOLAFIN,PUT SPRD,,,,,,,,,,,20.06,20.06,20.06,20.06,20.06
CHOLAFIN,CALL OI FIX,1364,,,,,,,,,,1625,1625,1625,1625,1625
CHOLAFIN,PUT OI FIX,2945,,,,,,,,,,3067,3067,3067,3067,3067
CHOLAFIN,CALL DOI,,,,,,,,,,,372237,372237,372237,372237,372237
CHOLAFIN,PUT DOI,,,,,,,,,,,-890444,-890444,-890444,-890444,-890444
CHOLAFIN,CALL GEX,,,,,,,,,,,51705,51705,51705,51705,51705
CHOLAFIN,PUT GEX,,,,,,,,,,,82036,82036,82036,82036,82036
CHOLAFIN,GEX STRIKE,,,,,,,,,,,1600.0,1600.0,1600.0,1600.0,1600.0
CHOLAFIN,EXPIRY,,,,,,,,,,,2026-10-27,2026-10-27,2026-10-27,2026-10-27,2026-10-27
CIPLA,PRICE,1344.0,1346.0,,,,,1346.4,1344.8,1397.38,1392.75,1344.0,1344.0,1344.0,1344.0,1344.0
CIPLA,VWAP,,,,,,,,,,,,,,,
CIPLA,CASH VOL,921789,1063964,178071,52.66,52.76,,,,,,,,,,
CIPLA,F&O VOL,15322,25710,,,,,,,,,15322,15322,15322,15322,15322
CIPLA,F&O OI,34227,34227,,,,,,,,,36038,36038,36038,36038,36038
CIPLA,CALL VOL,3470,3602,,,,,,,,,3470,3470,3470,3470,3470
CIPLA,CALL OI,1172,1172,,,,,,,,,1879,1879,1879,1879,1879
CIPLA,PUT VOL,4683,8361,,,,,,,,,4683,4683,4683,4683,4683
CIPLA,PUT OI,2569,2569,,,,,,,,,2899,2899,2899,2899,2899
CIPLA,CALL SPRD,,,,,,,,,,,4.77,4.77,4.77,4.77,4.77
CIPLA,PUT SPRD,,,,,,,,,,,16.02,16.02,16.02,16.02,16.02
CIPLA,CALL OI FIX,1172,,,,,,,,,,1879,1879,1879,1879,1879
CIPLA,PUT OI FIX,2569,,,,,,,,,,2899,2899,2899,2899,2899
CIPLA,CALL DOI,,,,,,,,,,,370398,370398,370398,370398,370398
CIPLA,PUT DOI,,,,,,,,,,,-565023,-565023,-565023,-565023,-565023
CIPLA,CALL GEX,,,,,,,,,,,54235,54235,54235,54235,54235
CIPLA,PUT GEX,,,,,,,,,,,74875,74875,74875,74875,74875
CIPLA,GEX STRIKE,,,,,,,,,,,1350.0,1350.0,1350.0,1350.0,1350.0
CIPLA,EXPIRY,,,,,,,,,,,2026-10-27,2026-10-27,2026-10-27,2026-10-27,2026-10-27
COALINDIA,PRICE,420.4,425.0,,,,,421.33,420.71,425.43,424.1,420.0,420.0,420.0,420.0,420.0
COALINDIA,VWAP,,,,,,,,,,,,,,,
COALINDIA,CASH VOL,7514836,7436925,1753237,52.92,56.55,,,,,,,,,,
COALINDIA,F&O VOL,58749,44900,,,,,,,,,58749,58749,58749,58749,58749
COALINDIA,F&O OI,88994,88994,,,,,,,,,91524,91524,91524,91524,91524
COALINDIA,CALL VOL,24619,18993,,,,,,,,,24619,24619,24619,24619,24619
COALINDIA,CALL OI,8866,8866,,,,,,,,,10529,10529,10529,10529,10529
COALINDIA,PUT VOL,16951,11985,,,,,,,,,16951,16951,16951,16951,16951
COALINDIA,PUT OI,5844,5844,,,,,,,,,6058,6058,6058,6058,6058
COALINDIA,CALL SPRD,,,,,,,,,,,1.74,1.74,1.74,1.74,1.74
COALINDIA,PUT SPRD,,,,,,,,,,,15.58,15.58,15.58,15.58,15.58
COALINDIA,CALL OI FIX,8866,,,,,,,,,,10529,10529,10529,10529,10529
COALINDIA,PUT OI FIX,5844,,,,,,,,,,6058,6058,6058,6058,6058
COALINDIA,CALL DOI,,,,,,,,,,,6557943,6557943,6557943,6557943,6557943
COALINDIA,PUT DOI,,,,,,,,,,,-3597857,-3597857,-3597857,-3597857,-3597857
COALINDIA,CALL GEX,,,,,,,,,,,860625,860625,860625,860625,860625
COALINDIA,PUT GEX,,,,,,,,,,,500147,500147,500147,500147,500147
COALINDIA,GEX STRIKE,,,,,,,,,,,430.0,430.0,430.0,430.0,430.0
COALINDIA,EXPIRY,,,,,,,,,,,2026-10-27,2026-10-27,2026-10-27,2026-10-27,2026-10-27
COCHINSHIP,PRICE,1287.0,1315.0,,,,,1290.75,1288.25,1384.55,1379.52,1287.0,1287.0,1287.0,1287.0,1287.0
COCHINSHIP,VWAP,,,,,,,,,,,,,,,
COCHINSHIP,CASH VOL,727942,985418,197850,37.8,39.99,,,,,,,,,,
COCHINSHIP,F&O VOL,7226,7949,,,,,,,,,7226,7226,7226,7226,7226
COCHINSHIP,F&O OI,24999,24999,,,,,,,,,25641,25641,25641,25641,25641
COCHINSHIP,CALL VOL,2212,1829,,,,,,,,,2212,2212,2212,2212,2212
COCHINSHIP,CALL OI,1400,1400,,,,,,,,,1731,1731,1731,1731,1731
COCHINSHIP,PUT VOL,1794,1928,,,,,,,,,1794,1794,1794,1794,1794
COCHINSHIP,PUT OI,1988,1988,,,,,,,,,2043,2043,2043,2043,2043
COCHINSHIP,CALL SPRD,,,,,,,,,,,24.35,24.35,24.35,24.35,24.35
COCHINSHIP,PUT SPRD,,,,,,,,,,,26.97,26.97,26.97,26.97,26.97
COCHINSHIP,CALL OI FIX,1400,,,,,,,,,,1731,1731,1731,1731,1731
COCHINSHIP,PUT OI FIX,1988,,,,,,,,,,2043,2043,2043,2043,2043
COCHINSHIP,CALL DOI,,,,,,,,,,,278555,278555,278555,278555,278555
COCHINSHIP,PUT DOI,,,,,,,,,,,-314382,-314382,-314382,-314382,-314382
COCHINSHIP,CALL GEX,,,,,,,,,,,37878,37878,37878,37878,37878
COCHINSHIP,PUT GEX,,,,,,,,,,,29186,29186,29186,29186,29186
COCHINSHIP,GEX STRIKE,,,,,,,,,,,1300.0,1300.0,1300.0,1300.0,1300.0
COCHINSHIP,EXPIRY,,,,,,,,,,,2026-10-27,2026-10-27,2026-10-27,2026-10-27,2026-10-27
COFORGE,PRICE,1826.0,1749.1,,,,,1816.43,1797.3,1788.05,1785.35,1826.0,1826.0,1826.0,1826.0,1826.0
COFORGE,VWAP,,,,,,,,,,,,,,,
COFORGE,CASH VOL,3419070,3113656,968386,41.28,32.46,,,,,,,,,,
COFORGE,F&O VOL,49333,60221,,,,,,,,,49333,49333,49333,49333,49333
COFORGE,F&O OI,50927,50927,,,,,,,,,50770,50770,50770,50770,50770
COFORGE,CALL VOL,22371,29023,,,,,,,,,22371,22371,22371,22371,22371
COFORGE,CALL OI,8001,8001,,,,,,,,,7082,7082,7082,7082,7082
COFORGE,PUT VOL,9883,11038,,,,,,,,,9883,9883,9883,9883,9883
COFORGE,PUT OI,3957,3957,,,,,,,,,4851,4851,4851,4851,4851
COFORGE,CALL SPRD,,,,,,,,,,,4.26,4.26,4.26,4.26,4.26
COFORGE,PUT SPRD,,,,,,,,,,,9.33,9.33,9.33,9.33,9.33
COFORGE,CALL OI FIX,8001,,,,,,,,,,7082,7082,7082,7082,7082
COFORGE,PUT OI FIX,3957,,,,,,,,,,4851,4851,4851,4851,4851
COFORGE,CALL DOI,,,,,,,,,,,1855689,1855689,1855689,1855689,1855689
COFORGE,PUT DOI,,,,,,,,,,,-939016,-939016,-939016,-939016,-939016
COFORGE,CALL GEX,,,,,,,,,,,130767,130767,130767,130767,130767
COFORGE,PUT GEX,,,,,,,,,,,74311,74311,74311,74311,74311
COFORGE,GEX STRIKE,,,,,,,,,,,1800.0,1800.0,1800.0,1800.0,1800.0
COFORGE,EXPIRY,,,,,,,,,,,2026-10-27,2026-10-27,2026-10-27,2026-10-27,2026-10-27
COLPAL,PRICE,1735.0,1763.3,,,,,1745.75,1738.58,1868.35,1859.98,1735.0,1735.0,1735.0,1735.0,1735.0
COLPAL,VWAP,,,,,,,,,,,,,,,
COLPAL,CASH VOL,412868,276534,136313,58.69,55.64,,,,,,,,,,
COLPAL,F&O VOL,6991,6606,,,,,,,,,6991,6991,6991,6991,6991
COLPAL,F&O OI,31153,31153,,,,,,,,,31834,31834,31834,31834,31834
COLPAL,CALL VOL,1734,1410,,,,,,,,,1734,1734,1734,1734,1734
COLPAL,CALL OI,1345,1345,,,,,,,,,1594,1594,1594,1594,1594
COLPAL,PUT VOL,2191,1926,,,,,,,,,2191,2191,2191,2191,2191
COLPAL,PUT OI,2148,2148,,,,,,,,,2299,2299,2299,2299,2299
COLPAL,CALL SPRD,,,,,,,,,,,16.24,16.24,16.24,16.24,16.24
COLPAL,PUT SPRD,,,,,,,,,,,18.83,18.83,18.83,18.83,18.83
COLPAL,CALL OI FIX,1345,,,,,,,,,,1594,1594,1594,1594,1594
COLPAL,PUT OI FIX,2148,,,,,,,,,,2299,2299,2299,2299,2299
COLPAL,CALL DOI,,,,,,,,,,,150795,150795,150795,150795,150795
COLPAL,PUT DOI,,,,,,,,,,,-351416,-351416,-351416,-351416,-351416
COLPAL,CALL GEX,,,,,,,,,,,22513,22513,22513,22513,22513
COLPAL,PUT GEX,,,,,,,,,,,32457,32457,32457,32457,32457
COLPAL,GEX STRIKE,,,,,,,,,,,1800.0,1800.0,1800.0,1800.0,1800.0
COLPAL,EXPIRY,,,,,,,,,,,2026-10-27,2026-10-27,2026-10-27,2026-10-27,2026-10-27
CONCOR,PRICE,442.0,447.5,,,,,443.6,442.53,473.52,465.51,442.0,442.0,442.0,442.0,442.0
CONCOR,VWAP,,,,,,,,,,,,,,,
CONCOR,CASH VOL,877730,1094966,186037,37.8,41.5,,,,,,,,,,
CONCOR,F&O VOL,5399,5702,,,,,,,,,5399,5399,5399,5399,5399
CONCOR,F&O OI,27509,27509,,,,,,,,,27588,27588,27588,27588,27588
CONCOR,CALL VOL,1572,1492,,,,,,,,,1572,1572,1572,1572,1572
CONCOR,CALL OI,1261,1261,,,,,,,,,1411,1411,1411,1411,1411
CONCOR,PUT VOL,770,1170,,,,,,,,,770,770,770,770,770
CONCOR,PUT OI,1911,1911,,,,,,,,,1839,1839,1839,1839,1839
CONCOR,CALL SPRD,,,,,,,,,,,16.04,16.04,16.04,16.04,16.04
CONCOR,PUT SPRD,,,,,,,,,,,21.3,21.3,21.3,21.3,21.3
CONCOR,CALL OI FIX,1261,,,,,,,,,,1411,1411,1411,1411,1411
CONCOR,PUT OI FIX,1911,,,,,,,,,,1839,1839,1839,1839,1839
CONCOR,CALL DOI,,,,,,,,,,,706948,706948,706948,706948,706948
CONCOR,PUT DOI,,,,,,,,,,,-1179873,-1179873,-1179873,-1179873,-1179873
CONCOR,CALL GEX,,,,,,,,,,,90813,90813,90813,90813,90813
CONCOR,PUT GEX,,,,,,,,,,,104728,104728,104728,104728,104728
CONCOR,GEX STRIKE,,,,,,,,,,,460.0,460.0,460.0,460.0,460.0
CONCOR,EXPIRY,,,,,,,,,,,2026-10-27,2026-10-27,2026-10-27,2026-10-27,2026-10-27
CROMPTON,PRICE,202.7,208.67,,,,,205.53,203.64,222.13,219.78,202.0,202.0,202.0,202.0,202.0
CROMPTON,VWAP,,,,,,,,,,,,,,,
CROMPTON,CASH VOL,4535645,1957515,904791,49.58,52.18,,,,,,,,,,
CROMPTON,F&O VOL,15083,9037,,,,,,,,,15083,15083,15083,15083,15083
CROMPTON,F&O OI,45507,45507,,,,,,,,,46066,46066,46066,46066,46066
CROMPTON,CALL VOL,3756,1047,,,,,,,,,3756,3756,3756,3756,3756
CROMPTON,CALL OI,627,627,,,,,,,,,1593,1593,1593,1593,1593
CROMPTON,PUT VOL,3595,2515,,,,,,,,,3595,3595,3595,3595,3595
CROMPTON,PUT OI,1782,1782,,,,,,,,,1920,1920,1920,1920,1920
CROMPTON,CALL SPRD,,,,,,,,,,,10.69,10.69,10.69,10.69,10.69
CROMPTON,PUT SPRD,,,,,,,,,,,27.09,27.09,27.09,27.09,27.09
CROMPTON,CALL OI FIX,627,,,,,,,,,,1593,1593,1593,1593,1593
CROMPTON,PUT OI FIX,1782,,,,,,,,,,1920,1920,1920,1920,1920
CROMPTON,CALL DOI,,,,,,,,,,,1368840,1368840,1368840,1368840,1368840
CROMPTON,PUT DOI,,,,,,,,,,,-2229826,-2229826,-2229826,-2229826,-2229826
CROMPTON,CALL GEX,,,,,,,,,,,156599,156599,156599,156599,156599
CROMPTON,PUT GEX,,,,,,,,,,,168197,168197,168197,168197,168197
CROMPTON,GEX STRIKE,,,,,,,,,,,210.0,210.0,210.0,210.0,210.0
CROMPTON,EXPIRY,,,,,,,,,,,2026-10-27,2026-10-27,2026-10-27,2026-10-27,2026-10-27
CUMMINSIND,PRICE,4860.0,4760.0,,,,,4843.33,4810.0,5025.5,4971.83,4860.0,4860.0,4860.0,4860.0,4860.0
CUMMINSIND,VWAP,,,,,,,,,,,,,,,
CUMMINSIND,CASH VOL,393680,573791,120247,48.69,67.4,,,,,,,,,,
CUMMINSIND,F&O VOL,9468,6272,,,,,,,,,9468,9468,9468,9468,9468
CUMMINSIND,F&O OI,36914,36914,,,,,,,,,37546,37546,37546,37546,37546
CUMMINSIND,CALL VOL,3027,1826,,,,,,,,,3027,3027,3027,3027,3027
CUMMINSIND,CALL OI,1766,1766,,,,,,,,,1834,1834,1834,1834,1834
CUMMINSIND,PUT VOL,1449,1437,,,,,,,,,1449,1449,1449,1449,1449
CUMMINSIND,PUT OI,1975,1975,,,,,,,,,2055,2055,2055,2055,2055
CUMMINSIND,CALL SPRD,,,,,,,,,,,4.67,4.67,4.67,4.67,4.67
CUMMINSIND,PUT SPRD,,,,,,,,,,,11.78,11.78,11.78,11.78,11.78
CUMMINSIND,CALL OI FIX,1766,,,,,,,,,,1834,1834,1834,1834,1834
CUMMINSIND,PUT OI FIX,1975,,,,,,,,,,2055,2055,2055,2055,2055
CUMMINSIND,CALL DOI,,,,,,,,,,,155736,155736,155736,155736,155736
CUMMINSIND,PUT DOI,,,,,,,,,,,-156092,-156092,-156092,-156092,-156092
CUMMINSIND,CALL GEX,,,,,,,,,,,23183,23183,23183,23183,23183
CUMMINSIND,PUT GEX,,,,,,,,,,,19569,19569,19569,19569,19569
CUMMINSIND,GEX STRIKE,,,,,,,,,,,4900.0,4900.0,4900.0,4900.0,4900.0
CUMMINSIND,EXPIRY,,,,,,,,,,,2026-10-27,2026-10-27,2026-10-27,2026-10-27,2026-10-27
DABUR,PRICE,374.25,380.1,,,,,378.52,375.67,388.5,386.57,374.0,374.0,374.0,374.0,374.0
DABUR,VWAP,,,,,,,,,,,,,,,
DABUR,CASH VOL,2455226,1957070,478752,58.91,58.17,,,,,,,,,,
DABUR,F&O VOL,12603,10772,,,,,,,,,12603,12603,12603,12603,12603
DABUR,F&O OI,32941,32941,,,,,,,,,33883,33883,33883,33883,33883
DABUR,CALL VOL,4894,3785,,,,,,,,,4894,4894,4894,4894,4894
DABUR,CALL OI,3680,3680,,,,,,,,,4097,4097,4097,4097,4097
DABUR,PUT VOL,3351,3289,,,,,,,,,3351,3351,3351,3351,3351
DABUR,PUT OI,3407,3407,,,,,,,,,3466,3466,3466,3466,3466
DABUR,CALL SPRD,,,,,,,,,,,2.79,2.79,2.79,2.79,2.79
DABUR,PUT SPRD,,,,,,,,,,,2.45,2.45,2.45,2.45,2.45
DABUR,CALL OI FIX,3680,,,,,,,,,,4097,4097,4097,4097,4097
DABUR,PUT OI FIX,3407,,,,,,,,,,3466,3466,3466,3466,3466
DABUR,CALL DOI,,,,,,,,,,,1600911,1600911,1600911,1600911,1600911
DABUR,PUT DOI,,,,,,,,,,,-2163587,-2163587,-2163587,-2163587,-2163587
DABUR,CALL GEX,,,,,,,,,,,265294,265294,265294,265294,265294
DABUR,PUT GEX,,,,,,,,,,,234999,234999,234999,234999,234999
DABUR,GEX STRIKE,,,,,,,,,,,380.0,380.0,380.0,380.0,380.0
DABUR,EXPIRY,,,,,,,,,,,2026-10-27,2026-10-27,2026-10-27,2026-10-27,2026-10-27
DALBHARAT,PRICE,1682.1,1683.7,,,,,1676.82,1666.25,1733.05,1711.15,,,,,
DALBHARAT,VWAP,,,,,,,,,,,,,,,
DALBHARAT,CASH VOL,77064,111663,22009,57.73,46.88,,,,,,,,,,
DALBHARAT,F&O VOL,,,,,,,,,,,,,,,
DALBHARAT,F&O OI,,,,,,,,,,,,,,,
DALBHARAT,CALL VOL,,,,,,,,,,,,,,,
DALBHARAT,CALL OI,,,,,,,,,,,,,,,
DALBHARAT,PUT VOL,,,,,,,,,,,,,,,
DALBHARAT,PUT OI,,,,,,,,,,,,,,,
DALBHARAT,CALL SPRD,,,,,,,,,,,,,,,
DALBHARAT,PUT SPRD,,,,,,,,,,,,,,,
DALBHARAT,CALL OI FIX,,,,,,,,,,,,,,,
DALBHARAT,PUT OI FIX,,,,,,,,,,,,,,,
DALBHARAT,CALL DOI,,,,,,,,,,,,,,,
DALBHARAT,PUT DOI,,,,,,,,,,,,,,,
DALBHARAT,CALL GEX,,,,,,,,,,,,,,,
DALBHARAT,PUT GEX,,,,,,,,,,,,,,,
DALBHARAT,GEX STRIKE,,,,,,,,,,,,,,,
DALBHARAT,EXPIRY,,,,,,,,,,,,,,,
DELHIVERY,PRICE,400.0,409.7,,,,,402.82,400.94,427.85,424.42,400.0,400.0,400.0,400.0,400.0
DELHIVERY,VWAP,,,,,,,,,,,,,,,
DELHIVERY,CASH VOL,1371538,5573038,503329,50.61,53.92,,,,,,,,,,
DELHIVERY,F&O VOL,5682,14694,,,,,,,,,5682,5682,5682,5682,5682
DELHIVERY,F&O OI,20739,20739,,,,,,,,,20927,20927,20927,20927,20927
DELHIVERY,CALL VOL,1654,3846,,,,,,,,,1654,1654,1654,1654,1654
DELHIVERY,CALL OI,1773,1773,,,,,,,,,1960,1960,1960,1960,1960
DELHIVERY,PUT VOL,1628,5096,,,,,,,,,1628,1628,1628,1628,1628
DELHIVERY,PUT OI,2328,2328,,,,,,,,,2278,2278,2278,2278,2278
DELHIVERY,CALL SPRD,,,,,,,,,,,3.17,3.17,3.17,3.17,3.17
DELHIVERY,PUT SPRD,,,,,,,,,,,3.12,3.12,3.12,3.12,3.12
DELHIVERY,CALL OI FIX,1773,,,,,,,,,,1960,1960,1960,1960,1960
DELHIVERY,PUT OI FIX,2328,,,,,,,,,,2278,2278,2278,2278,2278
DELHIVERY,CALL DOI,,,,,,,,,,,1414413,1414413,1414413,1414413,1414413
DELHIVERY,PUT DOI,,,,,,,,,,,-2089818,-2089818,-2089818,-2089818,-2089818
DELHIVERY,CALL GEX,,,,,,,,,,,206663,206663,206663,206663,206663
DELHIVERY,PUT GEX,,,,,,,,,,,217066,217066,217066,217066,217066
DELHIVERY,GEX STRIKE,,,,,,,,,,,400.0,400.0,400.0,400.0,400.0
DELHIVERY,EXPIRY,,,,,,,,,,,2026-10-27,2026-10-27,2026-10-27,2026-10-27,2026-10-27
DIVISLAB,PRICE,9249.0,9291.5,,,,,9232.0,9198.0,9588.42,9526.25,9249.0,9249.0,9249.0,9249.0,9249.0
DIVISLAB,VWAP,,,,,,,,,,,,,,,
DIVISLAB,CASH VOL,567310,541269,204493,67.14,63.41,,,,,,,,,,
DIVISLAB,F&O VOL,39940,37145,,,,,,,,,39940,39940,39940,39940,39940
DIVISLAB,F&O OI,66300,66300,,,,,,,,,68311,68311,68311,68311,68311
DIVISLAB,CALL VOL,11336,8886,,,,,,,,,11336,11336,11336,11336,11336
DIVISLAB,CALL OI,7177,7177,,,,,,,,,7664,7664,7664,7664,7664
DIVISLAB,PUT VOL,10876,11348,,,,,,,,,10876,10876,10876,10876,10876
DIVISLAB,PUT OI,5550,5550,,,,,,,,,5344,5344,5344,5344,5344
DIVISLAB,CALL SPRD,,,,,,,,,,,1.72,1.72,1.72,1.72,1.72
DIVISLAB,PUT SPRD,,,,,,,,,,,1.38,1.38,1.38,1.38,1.38
DIVISLAB,CALL OI FIX,7177,,,,,,,,,,7664,7664,7664,7664,7664
DIVISLAB,PUT OI FIX,5550,,,,,,,,,,5344,5344,5344,5344,5344
DIVISLAB,CALL DOI,,,,,,,,,,,320766,320766,320766,320766,320766
DIVISLAB,PUT DOI,,,,,,,,,,,-247464,-247464,-247464,-247464,-247464
DIVISLAB,CALL GEX,,,,,,,,,,,47075,47075,47075,47075,47075
DIVISLAB,PUT GEX,,,,,,,,,,,26602,26602,26602,26602,26602
DIVISLAB,GEX STRIKE,,,,,,,,,,,9500.0,9500.0,9500.0,9500.0,9500.0
DIVISLAB,EXPIRY,,,,,,,,,,,2026-10-27,2026-10-27,2026-10-27,2026-10-27,2026-10-27
DIXON,PRICE,12700.0,13100.0,,,,,12970.5,12790.17,13345.0,13255.0,12700.0,12700.0,12700.0,12700.0,12700.0
DIXON,VWAP,,,,,,,,,,,,,,,
DIXON,CASH VOL,258830,273569,94199,34.75,46.22,,,,,,,,,,
DIXON,F&O VOL,54854,44226,,,,,,,,,54854,54854,54854,54854,54854
DIXON,F&O OI,84756,84756,,,,,,,,,88534,88534,88534,88534,88534
DIXON,CALL VOL,20980,15648,,,,,,,,,20980,20980,20980,20980,20980
DIXON,CALL OI,11938,11938,,,,,,,,,14006,14006,14006,14006,14006
DIXON,PUT VOL,18404,15070,,,,,,,,,18404,18404,18404,18404,18404
DIXON,PUT OI,12644,12644,,,,,,,,,13510,13510,13510,13510,13510
DIXON,CALL SPRD,,,,,,,,,,,0.92,0.92,0.92,0.92,0.92
DIXON,PUT SPRD,,,,,,,,,,,1.19,1.19,1.19,1.19,1.19
DIXON,CALL OI FIX,11938,,,,,,,,,,14006,14006,14006,14006,14006
DIXON,PUT OI FIX,12644,,,,,,,,,,13510,13510,13510,13510,13510
DIXON,CALL DOI,,,,,,,,,,,241553,241553,241553,241553,241553
DIXON,PUT DOI,,,,,,,,,,,-314552,-314552,-314552,-314552,-314552
DIXON,CALL GEX,,,,,,,,,,,25947,25947,25947,25947,25947
DIXON,PUT GEX,,,,,,,,,,,23450,23450,23450,23450,23450
DIXON,GEX STRIKE,,,,,,,,,,,13000.0,13000.0,13000.0,13000.0,13000.0
DIXON,EXPIRY,,,,,,,,,,,2026-10-27,2026-10-27,2026-10-27,2026-10-27,2026-10-27
DLF,PRICE,658.4,674.0,,,,,660.83,659.21,679.11,671.33,658.0,658.0,658.0,658.0,658.0
DLF,VWAP,,,,,,,,,,,,,,,
DLF,CASH VOL,6264045,5830044,2047988,56.31,62.38,,,,,,,,,,
DLF,F&O VOL,34545,27073,,,,,,,,,34545,34545,34545,34545,34545
DLF,F&O OI,47969,47969,,,,,,,,,49954,49954,49954,49954,49954
DLF,CALL VOL,12993,11288,,,,,,,,,12993,12993,12993,12993,12993
DLF,CALL OI,4121,4121,,,,,,,,,4713,4713,4713,4713,4713
DLF,PUT VOL,9717,7852,,,,,,,,,9717,9717,9717,9717,9717
DLF,PUT OI,2984,2984,,,,,,,,,3367,3367,3367,3367,3367
DLF,CALL SPRD,,,,,,,,,,,7.15,7.15,7.15,7.15,7.15
DLF,PUT SPRD,,,,,,,,,,,5.19,5.19,5.19,5.19,5.19
DLF,CALL OI FIX,4121,,,,,,,,,,4713,4713,4713,4713,4713
DLF,PUT OI FIX,2984,,,,,,,,,,3367,3367,3367,3367,3367
DLF,CALL DOI,,,,,,,,,,,1778442,1778442,1778442,1778442,1778442
DLF,PUT DOI,,,,,,,,,,,-1373199,-1373199,-1373199,-1373199,-1373199
DLF,CALL GEX,,,,,,,,,,,224256,224256,224256,224256,224256
DLF,PUT GEX,,,,,,,,,,,144690,144690,144690,144690,144690
DLF,GEX STRIKE,,,,,,,,,,,680.0,680.0,680.0,680.0,680.0
DLF,EXPIRY,,,,,,,,,,,2026-10-27,2026-10-27,2026-10-27,2026-10-27,2026-10-27
DMART,PRICE,3813.0,3801.4,,,,,3830.7,3818.9,3826.67,3811.6,3813.0,3813.0,3813.0,3813.0,3813.0
DMART,VWAP,,,,,,,,,,,,,,,
DMART,CASH VOL,652283,620771,193013,49.44,59.46,,,,,,,,,,
DMART,F&O VOL,21295,26059,,,,,,,,,21295,21295,21295,21295,21295
DMART,F&O OI,41682,41682,,,,,,,,,42769,42769,42769,42769,42769
DMART,CALL VOL,7988,9736,,,,,,,,,7988,7988,7988,7988,7988
DMART,CALL OI,4754,4754,,,,,,,,,5518,5518,5518,5518,5518
DMART,PUT VOL,4176,5026,,,,,,,,,4176,4176,4176,4176,4176
DMART,PUT OI,4976,4976,,,,,,,,,5322,5322,5322,5322,5322
DMART,CALL SPRD,,,,,,,,,,,6.36,6.36,6.36,6.36,6.36
DMART,PUT SPRD,,,,,,,,,,,5.31,5.31,5.31,5.31,5.31
DMART,CALL OI FIX,4754,,,,,,,,,,5518,5518,5518,5518,5518
DMART,PUT OI FIX,4976,,,,,,,,,,5322,5322,5322,5322,5322
DMART,CALL DOI,,,,,,,,,,,353324,353324,353324,353324,353324
DMART,PUT DOI,,,,,,,,,,,-296856,-296856,-296856,-296856,-296856
DMART,CALL GEX,,,,,,,,,,,37997,37997,37997,37997,37997
DMART,PUT GEX,,,,,,,,,,,32039,32039,32039,32039,32039
DMART,GEX STRIKE,,,,,,,,,,,3800.0,3800.0,3800.0,3800.0,3800.0
DMART,EXPIRY,,,,,,,,,,,2026-10-27,2026-10-27,2026-10-27,2026-10-27,2026-10-27
DRREDDY,PRICE,1206.2,1233.0,,,,,1214.4,1208.93,1207.7,1203.23,1206.0,1206.0,1206.0,1206.0,1206.0
DRREDDY,VWAP,,,,,,,,,,,,,,,
DRREDDY,CASH VOL,2607818,4026022,543949,65.2,60.08,,,,,,,,,,
DRREDDY,F&O VOL,22004,28493,,,,,,,,,22004,22004,22004,22004,22004
DRREDDY,F&O OI,45727,45727,,,,,,,,,46956,46956,46956,46956,46956
DRREDDY,CALL VOL,5556,8635,,,,,,,,,5556,5556,5556,5556,5556
DRREDDY,CALL OI,5228,5228,,,,,,,,,5289,5289,5289,5289,5289
DRREDDY,PUT VOL,6573,7780,,,,,,,,,6573,6573,6573,6573,6573
DRREDDY,PUT OI,3990,3990,,,,,,,,,3805,3805,3805,3805,3805
DRREDDY,CALL SPRD,,,,,,,,,,,6.37,6.37,6.37,6.37,6.37
DRREDDY,PUT SPRD,,,,,,,,,,,3.38,3.38,3.38,3.38,3.38
DRREDDY,CALL OI FIX,5228,,,,,,,,,,5289,5289,5289,5289,5289
DRREDDY,PUT OI FIX,3990,,,,,,,,,,3805,3805,3805,3805,3805
DRREDDY,CALL DOI,,,,,,,,,,,1652112,1652112,1652112,1652112,1652112
DRREDDY,PUT DOI,,,,,,,,,,,-1093338,-1093338,-1093338,-1093338,-1093338
DRREDDY,CALL GEX,,,,,,,,,,,191847,191847,191847,191847,191847
DRREDDY,PUT GEX,,,,,,,,,,,126017,126017,126017,126017,126017
DRREDDY,GEX STRIKE,,,,,,,,,,,1200.0,1200.0,1200.0,1200.0,1200.0
DRREDDY,EXPIRY,,,,,,,,,,,2026-10-27,2026-10-27,2026-10-27,2026-10-27,2026-10-27
EICHERMOT,PRICE,6920.0,7150.0,,,,,6993.0,6944.33,7430.0,7383.33,6920.0,6920.0,6920.0,6920.0,6920.0
EICHERMOT,VWAP,,,,,,,,,,,,,,,
EICHERMOT,CASH VOL,817452,418141,179866,49.18,66.64,,,,,,,,,,
EICHERMOT,F&O VOL,102865,27135,,,,,,,,,102865,102865,102865,102865,102865
EICHERMOT,F&O OI,51190,51190,,,,,,,,,59494,59494,59494,59494,59494
EICHERMOT,CALL VOL,32020,6787,,,,,,,,,32020,32020,32020,32020,32020
EICHERMOT,CALL OI,3611,3611,,,,,,,,,6063,6063,6063,6063,6063
EICHERMOT,PUT VOL,49028,8600,,,,,,,,,49028,49028,49028,49028,49028
EICHERMOT,PUT OI,7746,7746,,,,,,,,,10202,10202,10202,10202,10202
EICHERMOT,CALL SPRD,,,,,,,,,,,2.05,2.05,2.05,2.05,2.05
EICHERMOT,PUT SPRD,,,,,,,,,,,2.31,2.31,2.31,2.31,2.31
EICHERMOT,CALL OI FIX,3611,,,,,,,,,,6063,6063,6063,6063,6063
EICHERMOT,PUT OI FIX,7746,,,,,,,,,,10202,10202,10202,10202,10202
EICHERMOT,CALL DOI,,,,,,,,,,,206706,206706,206706,206706,206706
EICHERMOT,PUT DOI,,,,,,,,,,,-497018,-497018,-497018,-497018,-497018
EICHERMOT,CALL GEX,,,,,,,,,,,35915,35915,35915,35915,35915
EICHERMOT,PUT GEX,,,,,,,,,,,59788,59788,59788,59788,59788
EICHERMOT,GEX STRIKE,,,,,,,,,,,7000.0,7000.0,7000.0,7000.0,7000.0
EICHERMOT,EXPIRY,,,,,,,,,,,2026-10-27,2026-10-27,2026-10-27,2026-10-27,2026-10-27
ETERNAL,PRICE,313.9,320.0,,,,,315.1,314.3,338.05,336.02,313.0,313.0,313.0,313.0,313.0
ETERNAL,VWAP,,,,,,,,,,,,,,,
ETERNAL,CASH VOL,29716584,28850208,8364962,51.58,65.57,,,,,,,,,,
ETERNAL,F&O VOL,47672,36869,,,,,,,,,47672,47672,47672,47672,47672
ETERNAL,F&O OI,80956,80956,,,,,,,,,83800,83800,83800,83800,83800
ETERNAL,CALL VOL,18272,11582,,,,,,,,,18272,18272,18272,18272,18272
ETERNAL,CALL OI,7345,7345,,,,,,,,,9770,9770,9770,9770,9770
ETERNAL,PUT VOL,12496,10977,,,,,,,,,12496,12496,12496,12496,12496
ETERNAL,PUT OI,7725,7725,,,,,,,,,8770,8770,8770,8770,8770
ETERNAL,CALL SPRD,,,,,,,,,,,7.06,7.06,7.06,7.06,7.06
ETERNAL,PUT SPRD,,,,,,,,,,,4.26,4.26,4.26,4.26,4.26
ETERNAL,CALL OI FIX,7345,,,,,,,,,,9770,9770,9770,9770,9770
ETERNAL,PUT OI FIX,7725,,,,,,,,,,8770,8770,8770,8770,8770
ETERNAL,CALL DOI,,,,,,,,,,,8371878,8371878,8371878,8371878,8371878
ETERNAL,PUT DOI,,,,,,,,,,,-10152528,-10152528,-10152528,-10152528,-10152528
ETERNAL,CALL GEX,,,,,,,,,,,1001515,1001515,1001515,1001515,1001515
ETERNAL,PUT GEX,,,,,,,,,,,761425,761425,761425,761425,761425
ETERNAL,GEX STRIKE,,,,,,,,,,,330.0,330.0,330.0,330.0,330.0
ETERNAL,EXPIRY,,,,,,,,,,,2026-10-27,2026-10-27,2026-10-27,2026-10-27,2026-10-27
FEDERALBNK,PRICE,318.2,317.4,,,,,317.98,317.55,327.18,323.72,318.0,318.0,318.0,318.0,318.0
FEDERALBNK,VWAP,,,,,,,,,,,,,,,
FEDERALBNK,CASH VOL,11278668,5485971,2116285,57.44,66.03,,,,,,,,,,
FEDERALBNK,F&O VOL,17343,11706,,,,,,,,,17343,17343,17343,17343,17343
FEDERALBNK,F&O OI,47158,47158,,,,,,,,,47650,47650,47650,47650,47650
FEDERALBNK,CALL VOL,6694,4042,,,,,,,,,6694,6694,6694,6694,6694
FEDERALBNK,CALL OI,3198,3198,,,,,,,,,3343,3343,3343,3343,3343
FEDERALBNK,PUT VOL,4496,3231,,,,,,,,,4496,4496,4496,4496,4496
FEDERALBNK,PUT OI,3693,3693,,,,,,,,,3577,3577,3577,3577,3577
FEDERALBNK,CALL SPRD,,,,,,,,,,,2.12,2.12,2.12,2.12,2.12
FEDERALBNK,PUT SPRD,,,,,,,,,,,2.15,2.15,2.15,2.15,2.15
FEDERALBNK,CALL OI FIX,3198,,,,,,,,,,3343,3343,3343,3343,3343
FEDERALBNK,PUT OI FIX,3693,,,,,,,,,,3577,3577,3577,3577,3577
FEDERALBNK,CALL DOI,,,,,,,,,,,3406891,3406891,3406891,3406891,3406891
FEDERALBNK,PUT DOI,,,,,,,,,,,-4394203,-4394203,-4394203,-4394203,-4394203
FEDERALBNK,CALL GEX,,,,,,,,,,,410672,410672,410672,410672,410672
FEDERALBNK,PUT GEX,,,,,,,,,,,412788,412788,412788,412788,412788
FEDERALBNK,GEX STRIKE,,,,,,,,,,,330.0,330.0,330.0,330.0,330.0
FEDERALBNK,EXPIRY,,,,,,,,,,,2026-10-27,2026-10-27,2026-10-27,2026-10-27,2026-10-27
FORCEMOT,PRICE,16800.0,17054.0,,,,,16960.0,16853.33,17372.67,17342.0,16800.0,16800.0,16800.0,16800.0,16800.0
FORCEMOT,VWAP,,,,,,,,,,,,,,,
FORCEMOT,CASH VOL,117482,56785,22557,29.95,30.91,,,,,,,,,,
FORCEMOT,F&O VOL,19853,7088,,,,,,,,,19853,19853,19853,19853,19853
FORCEMOT,F&O OI,15444,15444,,,,,,,,,18599,18599,18599,18599,18599
FORCEMOT,CALL VOL,6543,3341,,,,,,,,,6543,6543,6543,6543,6543
FORCEMOT,CALL OI,1817,1817,,,,,,,,,2891,2891,2891,2891,2891
FORCEMOT,PUT VOL,4981,1621,,,,,,,,,4981,4981,4981,4981,4981
FORCEMOT,PUT OI,1779,1779,,,,,,,,,1743,1743,1743,1743,1743
FORCEMOT,CALL SPRD,,,,,,,,,,,69.7,69.7,69.7,69.7,69.7
FORCEMOT,PUT SPRD,,,,,,,,,,,21.19,21.19,21.19,21.19,21.19
FORCEMOT,CALL OI FIX,1817,,,,,,,,,,2891,2891,2891,2891,2891
FORCEMOT,PUT OI FIX,1779,,,,,,,,,,1743,1743,1743,1743,1743
FORCEMOT,CALL DOI,,,,,,,,,,,26356,26356,26356,26356,26356
FORCEMOT,PUT DOI,,,,,,,,,,,-19820,-19820,-19820,-19820,-19820
FORCEMOT,CALL GEX,,,,,,,,,,,3172,3172,3172,3172,3172
FORCEMOT,PUT GEX,,,,,,,,,,,1566,1566,1566,1566,1566
FORCEMOT,GEX STRIKE,,,,,,,,,,,17500.0,17500.0,17500.0,17500.0,17500.0
FORCEMOT,EXPIRY,,,,,,,,,,,2026-10-27,2026-10-27,2026-10-27,2026-10-27,2026-10-27
FORTIS,PRICE,785.0,770.0,,,,,778.62,765.88,870.4,848.7,785.0,785.0,785.0,785.0,785.0
FORTIS,VWAP,,,,,,,,,,,,,,,
FORTIS,CASH VOL,6942851,5818918,923505,53.22,50.75,,,,,,,,,,
FORTIS,F&O VOL,28844,51628,,,,,,,,,28844,28844,28844,28844,28844
FORTIS,F&O OI,25703,25703,,,,,,,,,25527,25527,25527,25527,25527
FORTIS,CALL VOL,10183,9997,,,,,,,,,10183,10183,10183,10183,10183
FORTIS,CALL OI,2465,2465,,,,,,,,,2406,2406,2406,2406,2406
FORTIS,PUT VOL,8055,22881,,,,,,,,,8055,8055,8055,8055,8055
FORTIS,PUT OI,2617,2617,,,,,,,,,2701,2701,2701,2701,2701
FORTIS,CALL SPRD,,,,,,,,,,,4.26,4.26,4.26,4.26,4.26
FORTIS,PUT SPRD,,,,,,,,,,,6.88,6.88,6.88,6.88,6.88
FORTIS,CALL OI FIX,2465,,,,,,,,,,2406,2406,2406,2406,2406
FORTIS,PUT OI FIX,2617,,,,,,,,,,2701,2701,2701,2701,2701
FORTIS,CALL DOI,,,,,,,,,,,958635,958635,958635,958635,958635
FORTIS,PUT DOI,,,,,,,,,,,-864436,-864436,-864436,-864436,-864436
FORTIS,CALL GEX,,,,,,,,,,,104916,104916,104916,104916,104916
FORTIS,PUT GEX,,,,,,,,,,,86354,86354,86354,86354,86354
FORTIS,GEX STRIKE,,,,,,,,,,,780.0,780.0,780.0,780.0,780.0
FORTIS,EXPIRY,,,,,,,,,,,2026-10-27,2026-10-27,2026-10-27,2026-10-27,2026-10-27
GAIL,PRICE,171.22,170.55,,,,,170.89,170.22,172.82,172.74,171.0,171.0,171.0,171.0,171.0
GAIL,VWAP,,,,,,,,,,,,,,,
GAIL,CASH VOL,6882008,12187561,1947789,58.38,71.54,,,,,,,,,,
GAIL,F&O VOL,7757,8427,,,,,,,,,7757,7757,7757,7757,7757
GAIL,F&O OI,29038,29038,,,,,,,,,29473,29473,29473,29473,29473
GAIL,CALL VOL,3304,3095,,,,,,,,,3304,3304,3304,3304,3304
GAIL,CALL OI,2517,2517,,,,,,,,,2828,2828,2828,2828,2828
GAIL,PUT VOL,2086,2423,,,,,,,,,2086,2086,2086,2086,2086
GAIL,PUT OI,2352,2352,,,,,,,,,2198,2198,2198,2198,2198
GAIL,CALL SPRD,,,,,,,,,,,2.51,2.51,2.51,2.51,2.51
GAIL,PUT SPRD,,,,,,,,,,,4.23,4.23,4.23,4.23,4.23
GAIL,CALL OI FIX,2517,,,,,,,,,,2828,2828,2828,2828,2828
GAIL,PUT OI FIX,2352,,,,,,,,,,2198,2198,2198,2198,2198
GAIL,CALL DOI,,,,,,,,,,,3742785,3742785,3742785,3742785,3742785
GAIL,PUT DOI,,,,,,,,,,,-3424963,-3424963,-3424963,-3424963,-3424963
GAIL,CALL GEX,,,,,,,,,,,690848,690848,690848,690848,690848
GAIL,PUT GEX,,,,,,,,,,,422057,422057,422057,422057,422057
GAIL,GEX STRIKE,,,,,,,,,,,175.0,175.0,175.0,175.0,175.0
GAIL,EXPIRY,,,,,,,,,,,2026-10-27,2026-10-27,2026-10-27,2026-10-27,2026-10-27
GLENMARK,PRICE,2331.0,2334.7,,,,,2327.22,2319.65,2424.15,2394.72,2331.0,2331.0,2331.0,2331.0,2331.0
GLENMARK,VWAP,,,,,,,,,,,,,,,
GLENMARK,CASH VOL,972522,1261905,534951,67.37,56.43,,,,,,,,,,
GLENMARK,F&O VOL,9575,11711,,,,,,,,,9575,9575,9575,9575,9575
GLENMARK,F&O OI,32822,32822,,,,,,,,,33446,33446,33446,33446,33446
GLENMARK,CALL VOL,2432,2795,,,,,,,,,2432,2432,2432,2432,2432
GLENMARK,CALL OI,1576,1576,,,,,,,,,1841,1841,1841,1841,1841
GLENMARK,PUT VOL,1805,3614,,,,,,,,,1805,1805,1805,1805,1805
GLENMARK,PUT OI,1062,1062,,,,,,,,,1169,1169,1169,1169,1169
GLENMARK,CALL SPRD,,,,,,,,,,,35.97,35.97,35.97,35.97,35.97
GLENMARK,PUT SPRD,,,,,,,,,,,28.37,28.37,28.37,28.37,28.37
GLENMARK,CALL OI FIX,1576,,,,,,,,,,1841,1841,1841,1841,1841
GLENMARK,PUT OI FIX,1062,,,,,,,,,,1169,1169,1169,1169,1169
GLENMARK,CALL DOI,,,,,,,,,,,325242,325242,325242,325242,325242
GLENMARK,PUT DOI,,,,,,,,,,,-208851,-208851,-208851,-208851,-208851
GLENMARK,CALL GEX,,,,,,,,,,,41014,41014,41014,41014,41014
GLENMARK,PUT GEX,,,,,,,,,,,22010,22010,22010,22010,22010
GLENMARK,GEX STRIKE,,,,,,,,,,,2400.0,2400.0,2400.0,2400.0,2400.0
GLENMARK,EXPIRY,,,,,,,,,,,2026-10-27,2026-10-27,2026-10-27,2026-10-27,2026-10-27
GMRAIRPORT,PRICE,93.16,95.15,,,,,93.22,93.18,98.12,98.0,93.0,93.0,93.0,93.0,93.0
GMRAIRPORT,VWAP,,,,,,,,,,,,,,,
GMRAIRPORT,CASH VOL,15683898,16281025,3487078,54.56,54.51,,,,,,,,,,
GMRAIRPORT,F&O VOL,7655,10259,,,,,,,,,7655,7655,7655,7655,7655
GMRAIRPORT,F&O OI,30840,30840,,,,,,,,,32170,32170,32170,32170,32170
GMRAIRPORT,CALL VOL,1982,3270,,,,,,,,,1982,1982,1982,1982,1982
GMRAIRPORT,CALL OI,1615,1615,,,,,,,,,1904,1904,1904,1904,1904
GMRAIRPORT,PUT VOL,1846,2312,,,,,,,,,1846,1846,1846,1846,1846
GMRAIRPORT,PUT OI,4146,4146,,,,,,,,,4541,4541,4541,4541,4541
GMRAIRPORT,CALL SPRD,,,,,,,,,,,17.31,17.31,17.31,17.31,17.31
GMRAIRPORT,PUT SPRD,,,,,,,,,,,27.56,27.56,27.56,27.56,27.56
GMRAIRPORT,CALL OI FIX,1615,,,,,,,,,,1904,1904,1904,1904,1904
GMRAIRPORT,PUT OI FIX,4146,,,,,,,,,,4541,4541,4541,4541,4541
GMRAIRPORT,CALL DOI,,,,,,,,,,,5307056,5307056,5307056,5307056,5307056
GMRAIRPORT,PUT DOI,,,,,,,,,,,-14730775,-14730775,-14730775,-14730775,-14730775
GMRAIRPORT,CALL GEX,,,,,,,,,,,755654,755654,755654,755654,755654
GMRAIRPORT,PUT GEX,,,,,,,,,,,1466858,1466858,1466858,1466858,1466858
GMRAIRPORT,GEX STRIKE,,,,,,,,,,,96.0,96.0,96.0,96.0,96.0
GMRAIRPORT,EXPIRY,,,,,,,,,,,2026-10-27,2026-10-27,2026-10-27,2026-10-27,2026-10-27
GODFRYPHLP,PRICE,1849.7,1891.8,,,,,1871.55,1856.98,1992.05,1977.62,1849.0,1849.0,1849.0,1849.0,1849.0
GODFRYPHLP,VWAP,,,,,,,,,,,,,,,
GODFRYPHLP,CASH VOL,256983,240882,76580,34.89,23.9,,,,,,,,,,
GODFRYPHLP,F&O VOL,2078,3317,,,,,,,,,2078,2078,2078,2078,2078
GODFRYPHLP,F&O OI,6817,6817,,,,,,,,,6897,6897,6897,6897,6897
GODFRYPHLP,CALL VOL,335,401,,,,,,,,,335,335,335,335,335
GODFRYPHLP,CALL OI,143,143,,,,,,,,,236,236,236,236,236
GODFRYPHLP,PUT VOL,401,434,,,,,,,,,401,401,401,401,401
GODFRYPHLP,PUT OI,298,298,,,,,,,,,243,243,243,243,243
GODFRYPHLP,CALL SPRD,,,,,,,,,,,37.03,37.03,37.03,37.03,37.03
GODFRYPHLP,PUT SPRD,,,,,,,,,,,38.33,38.33,38.33,38.33,38.33
GODFRYPHLP,CALL OI FIX,143,,,,,,,,,,236,236,236,236,236
GODFRYPHLP,PUT OI FIX,298,,,,,,,,,,243,243,243,243,243
GODFRYPHLP,CALL DOI,,,,,,,,,,,28815,28815,28815,28815,28815
GODFRYPHLP,PUT DOI,,,,,,,,,,,-33374,-33374,-33374,-33374,-33374
GODFRYPHLP,CALL GEX,,,,,,,,,,,2847,2847,2847,2847,2847
GODFRYPHLP,PUT GEX,,,,,,,,,,,3070,3070,3070,3070,3070
GODFRYPHLP,GEX STRIKE,,,,,,,,,,,1900.0,1900.0,1900.0,1900.0,1900.0
GODFRYPHLP,EXPIRY,,,,,,,,,,,2026-10-27,2026-10-27,2026-10-27,2026-10-27,2026-10-27
GODREJCP,PRICE,840.0,850.0,,,,,845.0,841.67,878.15,874.45,840.0,840.0,840.0,840.0,840.0
GODREJCP,VWAP,,,,,,,,,,,,,,,
GODREJCP,CASH VOL,838419,1632650,204084,53.84,73.27,,,,,,,,,,
GODREJCP,F&O VOL,8657,9163,,,,,,,,,8657,8657,8657,8657,8657
GODREJCP,F&O OI,30662,30662,,,,,,,,,30916,30916,30916,30916,30916
GODREJCP,CALL VOL,2526,2395,,,,,,,,,2526,2526,2526,2526,2526
GODREJCP,CALL OI,2108,2108,,,,,,,,,2468,2468,2468,2468,2468
GODREJCP,PUT VOL,2669,2700,,,,,,,,,2669,2669,2669,2669,2669
GODREJCP,PUT OI,3306,3306,,,,,,,,,3501,3501,3501,3501,3501
GODREJCP,CALL SPRD,,,,,,,,,,,1.95,1.95,1.95,1.95,1.95
GODREJCP,PUT SPRD,,,,,,,,,,,2.3,2.3,2.3,2.3,2.3
GODREJCP,CALL OI FIX,2108,,,,,,,,,,2468,2468,2468,2468,2468
GODREJCP,PUT OI FIX,3306,,,,,,,,,,3501,3501,3501,3501,3501
GODREJCP,CALL DOI,,,,,,,,,,,450577,450577,450577,450577,450577
GODREJCP,PUT DOI,,,,,,,,,,,-854856,-854856,-854856,-854856,-854856
GODREJCP,CALL GEX,,,,,,,,,,,68321,68321,68321,68321,68321
GODREJCP,PUT GEX,,,,,,,,,,,92180,92180,92180,92180,92180
GODREJCP,GEX STRIKE,,,,,,,,,,,870.0,870.0,870.0,870.0,870.0
GODREJCP,EXPIRY,,,,,,,,,,,2026-10-27,2026-10-27,2026-10-27,2026-10-27,2026-10-27
GODREJPROP,PRICE,1595.8,1628.5,,,,,1599.75,1597.12,1699.68,1698.85,1595.0,1595.0,1595.0,1595.0,1595.0
GODREJPROP,VWAP,,,,,,,,,,,,,,,
GODREJPROP,CASH VOL,496337,832521,130969,42.91,54.1,,,,,,,,,,
GODREJPROP,F&O VOL,21777,18125,,,,,,,,,21777,21777,21777,21777,21777
GODREJPROP,F&O OI,42040,42040,,,,,,,,,45012,45012,45012,45012,45012
GODREJPROP,CALL VOL,5461,4134,,,,,,,,,5461,5461,5461,5461,5461
GODREJPROP,CALL OI,2288,2288,,,,,,,,,3807,3807,3807,3807,3807
GODREJPROP,PUT VOL,7027,4276,,,,,,,,,7027,7027,7027,7027,7027
GODREJPROP,PUT OI,4135,4135,,,,,,,,,5694,5694,5694,5694,5694
GODREJPROP,CALL SPRD,,,,,,,,,,,2.05,2.05,2.05,2.05,2.05
GODREJPROP,PUT SPRD,,,,,,,,,,,1.99,1.99,1.99,1.99,1.99
GODREJPROP,CALL OI FIX,2288,,,,,,,,,,3807,3807,3807,3807,3807
GODREJPROP,PUT OI FIX,4135,,,,,,,,,,5694,5694,5694,5694,5694
GODREJPROP,CALL DOI,,,,,,,,,,,456407,456407,456407,456407,456407
GODREJPROP,PUT DOI,,,,,,,,,,,-932443,-932443,-932443,-932443,-932443
GODREJPROP,CALL GEX,,,,,,,,,,,50554,50554,50554,50554,50554
GODREJPROP,PUT GEX,,,,,,,,,,,74812,74812,74812,74812,74812
GODREJPROP,GEX STRIKE,,,,,,,,,,,1700.0,1700.0,1700.0,1700.0,1700.0
GODREJPROP,EXPIRY,,,,,,,,,,,2026-10-27,2026-10-27,2026-10-27,2026-10-27,2026-10-27
GRASIM,PRICE,2962.0,3061.9,,,,,2994.7,2972.9,3183.58,3168.75,2962.0,2962.0,2962.0,2962.0,2962.0
GRASIM,VWAP,,,,,,,,,,,,,,,
GRASIM,CASH VOL,1385746,448156,233681,53.67,64.45,,,,,,,,,,
GRASIM,F&O VOL,31865,9096,,,,,,,,,31865,31865,31865,31865,31865
GRASIM,F&O OI,34082,34082,,,,,,,,,38121,38121,38121,38121,38121
GRASIM,CALL VOL,7127,1597,,,,,,,,,7127,7127,7127,7127,7127
GRASIM,CALL OI,94,829,,,,,,,,,2382,2382,2382,2382,2382
GRASIM,PUT VOL,10062,2321,,,,,,,,,10062,10062,10062,10062,10062
GRASIM,PUT OI,768,1151,,,,,,,,,1863,1863,1863,1863,1863
GRASIM,CALL SPRD,,,,,,,,,,,6.85,6.85,6.85,6.85,6.85
GRASIM,PUT SPRD,,,,,,,,,,,9.35,9.35,9.35,9.35,9.35
GRASIM,CALL OI FIX,94,,,,,,,,,,2382,2382,2382,2382,2382
GRASIM,PUT OI FIX,768,,,,,,,,,,1863,1863,1863,1863,1863
GRASIM,CALL DOI,,,,,,,,,,,269594,269594,269594,269594,269594
GRASIM,PUT DOI,,,,,,,,,,,-205368,-205368,-205368,-205368,-205368
GRASIM,CALL GEX,,,,,,,,,,,45027,45027,45027,45027,45027
GRASIM,PUT GEX,,,,,,,,,,,31767,31767,31767,31767,31767
GRASIM,GEX STRIKE,,,,,,,,,,,3000.0,3000.0,3000.0,3000.0,3000.0
GRASIM,EXPIRY,,,,,,,,,,,2026-10-27,2026-10-27,2026-10-27,2026-10-27,2026-10-27
GVT&D,PRICE,4253.2,4201.0,,,,,4273.65,4260.02,4381.75,4313.92,4253.0,4253.0,4253.0,4253.0,4253.0
GVT&D,VWAP,,,,,,,,,,,,,,,
GVT&D,CASH VOL,784543,624058,162430,33.76,57.47,,,,,,,,,,
GVT&D,F&O VOL,27272,17503,,,,,,,,,27272,27272,27272,27272,27272
GVT&D,F&O OI,37973,37973,,,,,,,,,38431,38431,38431,38431,38431
GVT&D,CALL VOL,15667,9650,,,,,,,,,15667,15667,15667,15667,15667
GVT&D,CALL OI,6059,6059,,,,,,,,,6371,6371,6371,6371,6371
GVT&D,PUT VOL,6891,4055,,,,,,,,,6891,6891,6891,6891,6891
GVT&D,PUT OI,4935,4935,,,,,,,,,5478,5478,5478,5478,5478
GVT&D,CALL SPRD,,,,,,,,,,,1.28,1.28,1.28,1.28,1.28
GVT&D,PUT SPRD,,,,,,,,,,,1.62,1.62,1.62,1.62,1.62
GVT&D,CALL OI FIX,6059,,,,,,,,,,6371,6371,6371,6371,6371
GVT&D,PUT OI FIX,4935,,,,,,,,,,5478,5478,5478,5478,5478
GVT&D,CALL DOI,,,,,,,,,,,310159,310159,310159,310159,310159
GVT&D,PUT DOI,,,,,,,,,,,-220519,-220519,-220519,-220519,-220519
GVT&D,CALL GEX,,,,,,,,,,,33659,33659,33659,33659,33659
GVT&D,PUT GEX,,,,,,,,,,,24700,24700,24700,24700,24700
GVT&D,GEX STRIKE,,,,,,,,,,,4200.0,4200.0,4200.0,4200.0,4200.0
GVT&D,EXPIRY,,,,,,,,,,,2026-10-27,2026-10-27,2026-10-27,2026-10-27,2026-10-27
HAL,PRICE,4601.0,4668.0,,,,,4629.5,4610.5,4819.8,4806.6,4601.0,4601.0,4601.0,4601.0,4601.0
HAL,VWAP,,,,,,,,,,,,,,,
HAL,CASH VOL,739864,1233758,139107,42.55,53.43,,,,,,,,,,
HAL,F&O VOL,30786,58201,,,,,,,,,30786,30786,30786,30786,30786
HAL,F&O OI,60492,60492,,,,,,,,,60889,60889,60889,60889,60889
HAL,CALL VOL,11171,22365,,,,,,,,,11171,11171,11171,11171,11171
HAL,CALL OI,5311,5311,,,,,,,,,5683,5683,5683,5683,5683
HAL,PUT VOL,8854,16777,,,,,,,,,8854,8854,8854,8854,8854
HAL,PUT OI,7659,7659,,,,,,,,,7622,7622,7622,7622,7622
HAL,CALL SPRD,,,,,,,,,,,2.85,2.85,2.85,2.85,2.85
HAL,PUT SPRD,,,,,,,,,,,1.9,1.9,1.9,1.9,1.9
HAL,CALL OI FIX,5311,,,,,,,,,,5683,5683,5683,5683,5683
HAL,PUT OI FIX,7659,,,,,,,,,,7622,7622,7622,7622,7622
HAL,CALL DOI,,,,,,,,,,,331763,331763,331763,331763,331763
HAL,PUT DOI,,,,,,,,,,,-593501,-593501,-593501,-593501,-593501
HAL,CALL GEX,,,,,,,,,,,48598,48598,48598,48598,48598
HAL,PUT GEX,,,,,,,,,,,63609,63609,63609,63609,63609
HAL,GEX STRIKE,,,,,,,,,,,4700.0,4700.0,4700.0,4700.0,4700.0
HAL,EXPIRY,,,,,,,,,,,2026-10-27,2026-10-27,2026-10-27,2026-10-27,2026-10-27
HAVELLS,PRICE,1040.0,1016.0,,,,,1036.92,1030.75,1097.3,1096.77,1040.0,1040.0,1040.0,1040.0,1040.0
HAVELLS,VWAP,,,,,,,,,,,,,,,
HAVELLS,CASH VOL,2030089,1394518,343546,53.96,66.9,,,,,,,,,,
HAVELLS,F&O VOL,20209,13683,,,,,,,,,20209,20209,20209,20209,20209
HAVELLS,F&O OI,33143,33143,,,,,,,,,32945,32945,32945,32945,32945
HAVELLS,CALL VOL,6759,3179,,,,,,,,,6759,6759,6759,6759,6759
HAVELLS,CALL OI,2187,2187,,,,,,,,,2252,2252,2252,2252,2252
HAVELLS,PUT VOL,3951,3316,,,,,,,,,3951,3951,3951,3951,3951
HAVELLS,PUT OI,2357,2357,,,,,,,,,2381,2381,2381,2381,2381
HAVELLS,CALL SPRD,,,,,,,,,,,1.04,1.04,1.04,1.04,1.04
HAVELLS,PUT SPRD,,,,,,,,,,,3.0,3.0,3.0,3.0,3.0
HAVELLS,CALL OI FIX,2187,,,,,,,,,,2252,2252,2252,2252,2252
HAVELLS,PUT OI FIX,2357,,,,,,,,,,2381,2381,2381,2381,2381
HAVELLS,CALL DOI,,,,,,,,,,,515611,515611,515611,515611,515611
HAVELLS,PUT DOI,,,,,,,,,,,-554040,-554040,-554040,-554040,-554040
HAVELLS,CALL GEX,,,,,,,,,,,58185,58185,58185,58185,58185
HAVELLS,PUT GEX,,,,,,,,,,,55385,55385,55385,55385,55385
HAVELLS,GEX STRIKE,,,,,,,,,,,1080.0,1080.0,1080.0,1080.0,1080.0
HAVELLS,EXPIRY,,,,,,,,,,,2026-10-27,2026-10-27,2026-10-27,2026-10-27,2026-10-27
HCLTECH,PRICE,1243.1,1230.0,,,,,1242.88,1242.45,1260.35,1258.78,1243.0,1243.0,1243.0,1243.0,1243.0
HCLTECH,VWAP,,,,,,,,,,,,,,,
HCLTECH,CASH VOL,3430282,4242658,1337711,52.43,65.42,,,,,,,,,,
HCLTECH,F&O VOL,44426,47229,,,,,,,,,44426,44426,44426,44426,44426
HCLTECH,F&O OI,84375,84375,,,,,,,,,88517,88517,88517,88517,88517
HCLTECH,CALL VOL,14185,16619,,,,,,,,,14185,14185,14185,14185,14185
HCLTECH,CALL OI,7831,7831,,,,,,,,,8593,8593,8593,8593,8593
HCLTECH,PUT VOL,9362,7713,,,,,,,,,9362,9362,9362,9362,9362
HCLTECH,PUT OI,5616,5616,,,,,,,,,6479,6479,6479,6479,6479
HCLTECH,CALL SPRD,,,,,,,,,,,1.39,1.39,1.39,1.39,1.39
HCLTECH,PUT SPRD,,,,,,,,,,,3.36,3.36,3.36,3.36,3.36
HCLTECH,CALL OI FIX,7831,,,,,,,,,,8593,8593,8593,8593,8593
HCLTECH,PUT OI FIX,5616,,,,,,,,,,6479,6479,6479,6479,6479
HCLTECH,CALL DOI,,,,,,,,,,,1848184,1848184,1848184,1848184,1848184
HCLTECH,PUT DOI,,,,,,,,,,,-1109058,-1109058,-1109058,-1109058,-1109058
HCLTECH,CALL GEX,,,,,,,,,,,160790,160790,160790,160790,160790
HCLTECH,PUT GEX,,,,,,,,,,,95910,95910,95910,95910,95910
HCLTECH,GEX STRIKE,,,,,,,,,,,1250.0,1250.0,1250.0,1250.0,1250.0
HCLTECH,EXPIRY,,,,,,,,,,,2026-10-27,2026-10-27,2026-10-27,2026-10-27,2026-10-27
HDFCAMC,PRICE,2308.1,2280.7,,,,,2303.87,2295.4,2410.25,2388.75,2308.0,2308.0,2308.0,2308.0,2308.0
HDFCAMC,VWAP,,,,,,,,,,,,,,,
HDFCAMC,CASH VOL,1134071,908968,369528,61.38,57.33,,,,,,,,,,
HDFCAMC,F&O VOL,11317,9830,,,,,,,,,11317,11317,11317,11317,11317
HDFCAMC,F&O OI,33231,33231,,,,,,,,,32697,32697,32697,32697,32697
HDFCAMC,CALL VOL,2246,2529,,,,,,,,,2246,2246,2246,2246,2246
HDFCAMC,CALL OI,1167,1167,,,,,,,,,1186,1186,1186,1186,1186
HDFCAMC,PUT VOL,1051,1086,,,,,,,,,1051,1051,1051,1051,1051
HDFCAMC,PUT OI,1389,1389,,,,,,,,,1314,1314,1314,1314,1314
HDFCAMC,CALL SPRD,,,,,,,,,,,0.98,0.98,0.98,0.98,0.98
HDFCAMC,PUT SPRD,,,,,,,,,,,8.7,8.7,8.7,8.7,8.7
HDFCAMC,CALL OI FIX,1167,,,,,,,,,,1186,1186,1186,1186,1186
HDFCAMC,PUT OI FIX,1389,,,,,,,,,,1314,1314,1314,1314,1314
HDFCAMC,CALL DOI,,,,,,,,,,,193608,193608,193608,193608,193608
HDFCAMC,PUT DOI,,,,,,,,,,,-167812,-167812,-167812,-167812,-167812
HDFCAMC,CALL GEX,,,,,,,,,,,18721,18721,18721,18721,18721
HDFCAMC,PUT GEX,,,,,,,,,,,20159,20159,20159,20159,20159
HDFCAMC,GEX STRIKE,,,,,,,,,,,2300.0,2300.0,2300.0,2300.0,2300.0
HDFCAMC,EXPIRY,,,,,,,,,,,2026-10-27,2026-10-27,2026-10-27,2026-10-27,2026-10-27
HDFCBANK,PRICE,721.2,708.7,,,,,718.87,714.2,736.0,735.73,721.0,721.0,721.0,721.0,721.0
HDFCBANK,VWAP,,,,,,,,,,,,,,,
HDFCBANK,CASH VOL,37389857,39365496,11735370,63.31,66.62,,,,,,,,,,
HDFCBANK,F&O VOL,355049,287863,,,,,,,,,355049,355049,355049,355049,355049
HDFCBANK,F&O OI,854929,854929,,,,,,,,,862277,862277,862277,862277,862277
HDFCBANK,CALL VOL,164621,126096,,,,,,,,,164621,164621,164621,164621,164621
HDFCBANK,CALL OI,107541,107541,,,,,,,,,115952,115952,115952,115952,115952
HDFCBANK,PUT VOL,89853,62514,,,,,,,,,89853,89853,89853,89853,89853
HDFCBANK,PUT OI,78189,78189,,,,,,,,,79106,79106,79106,79106,79106
HDFCBANK,CALL SPRD,,,,,,,,,,,0.76,0.76,0.76,0.76,0.76
HDFCBANK,PUT SPRD,,,,,,,,,,,0.86,0.86,0.86,0.86,0.86
HDFCBANK,CALL OI FIX,107541,,,,,,,,,,115952,115952,115952,115952,115952
HDFCBANK,PUT OI FIX,78189,,,,,,,,,,79106,79106,79106,79106,79106
HDFCBANK,CALL DOI,,,,,,,,,,,31438506,31438506,31438506,31438506,31438506
HDFCBANK,PUT DOI,,,,,,,,,,,-21347772,-21347772,-21347772,-21347772,-21347772
HDFCBANK,CALL GEX,,,,,,,,,,,4585053,4585053,4585053,4585053,4585053
HDFCBANK,PUT GEX,,,,,,,,,,,2482145,2482145,2482145,2482145,2482145
HDFCBANK,GEX STRIKE,,,,,,,,,,,750.0,750.0,750.0,750.0,750.0
HDFCBANK,EXPIRY,,,,,,,,,,,2026-10-27,2026-10-27,2026-10-27,2026-10-27,2026-10-27
HDFCLIFE,PRICE,534.2,521.2,,,,,532.18,528.15,540.7,534.23,534.0,534.0,534.0,534.0,534.0
HDFCLIFE,VWAP,,,,,,,,,,,,,,,
HDFCLIFE,CASH VOL,4008935,5062593,932617,44.22,56.4,,,,,,,,,,
HDFCLIFE,F&O VOL,36461,27629,,,,,,,,,36461,36461,36461,36461,36461
HDFCLIFE,F&O OI,60847,60847,,,,,,,,,61561,61561,61561,61561,61561
HDFCLIFE,CALL VOL,16248,12880,,,,,,,,,16248,16248,16248,16248,16248
HDFCLIFE,CALL OI,7757,7757,,,,,,,,,7217,7217,7217,7217,7217
HDFCLIFE,PUT VOL,7737,5229,,,,,,,,,7737,7737,7737,7737,7737
HDFCLIFE,PUT OI,2843,2843,,,,,,,,,3864,3864,3864,3864,3864
HDFCLIFE,CALL SPRD,,,,,,,,,,,2.72,2.72,2.72,2.72,2.72
HDFCLIFE,PUT SPRD,,,,,,,,,,,3.46,3.46,3.46,3.46,3.46
HDFCLIFE,CALL OI FIX,7757,,,,,,,,,,7217,7217,7217,7217,7217
HDFCLIFE,PUT OI FIX,2843,,,,,,,,,,3864,3864,3864,3864,3864
HDFCLIFE,CALL DOI,,,,,,,,,,,3737671,3737671,3737671,3737671,3737671
HDFCLIFE,PUT DOI,,,,,,,,,,,-1748161,-1748161,-1748161,-1748161,-1748161
HDFCLIFE,CALL GEX,,,,,,,,,,,415680,415680,415680,415680,415680
HDFCLIFE,PUT GEX,,,,,,,,,,,209800,209800,209800,209800,209800
HDFCLIFE,GEX STRIKE,,,,,,,,,,,530.0,530.0,530.0,530.0,530.0
HDFCLIFE,EXPIRY,,,,,,,,,,,2026-10-27,2026-10-27,2026-10-27,2026-10-27,2026-10-27
HEROMOTOCO,PRICE,5168.0,5241.0,,,,,5170.5,5168.83,5371.25,5363.75,5168.0,5168.0,5168.0,5168.0,5168.0
HEROMOTOCO,VWAP,,,,,,,,,,,,,,,
HEROMOTOCO,CASH VOL,862662,567810,214344,46.48,62.94,,,,,,,,,,
HEROMOTOCO,F&O VOL,78085,32678,,,,,,,,,78085,78085,78085,78085,78085
HEROMOTOCO,F&O OI,36209,36209,,,,,,,,,42351,42351,42351,42351,42351
HEROMOTOCO,CALL VOL,20157,9520,,,,,,,,,20157,20157,20157,20157,20157
HEROMOTOCO,CALL OI,3773,3773,,,,,,,,,5467,5467,5467,5467,5467
HEROMOTOCO,PUT VOL,26486,7355,,,,,,,,,26486,26486,26486,26486,26486
HEROMOTOCO,PUT OI,3052,3052,,,,,,,,,4203,4203,4203,4203,4203
HEROMOTOCO,CALL SPRD,,,,,,,,,,,3.99,3.99,3.99,3.99,3.99
HEROMOTOCO,PUT SPRD,,,,,,,,,,,2.45,2.45,2.45,2.45,2.45
HEROMOTOCO,CALL OI FIX,3773,,,,,,,,,,5467,5467,5467,5467,5467
HEROMOTOCO,PUT OI FIX,3052,,,,,,,,,,4203,4203,4203,4203,4203
HEROMOTOCO,CALL DOI,,,,,,,,,,,351950,351950,351950,351950,351950
HEROMOTOCO,PUT DOI,,,,,,,,,,,-282840,-282840,-282840,-282840,-282840
HEROMOTOCO,CALL GEX,,,,,,,,,,,39589,39589,39589,39589,39589
HEROMOTOCO,PUT GEX,,,,,,,,,,,32089,32089,32089,32089,32089
HEROMOTOCO,GEX STRIKE,,,,,,,,,,,5300.0,5300.0,5300.0,5300.0,5300.0
HEROMOTOCO,EXPIRY,,,,,,,,,,,2026-10-27,2026-10-27,2026-10-27,2026-10-27,2026-10-27
HINDALCO,PRICE,941.85,941.8,,,,,939.59,935.08,985.45,979.82,941.0,941.0,941.0,941.0,941.0
HINDALCO,VWAP,,,,,,,,,,,,,,,
HINDALCO,CASH VOL,5877840,4420021,1366771,56.41,69.42,,,,,,,,,,
HINDALCO,F&O VOL,55578,40073,,,,,,,,,55578,55578,55578,55578,55578
HINDALCO,F&O OI,95100,95100,,,,,,,,,96120,96120,96120,96120,96120
HINDALCO,CALL VOL,16762,9311,,,,,,,,,16762,16762,16762,16762,16762
HINDALCO,CALL OI,5530,5530,,,,,,,,,6067,6067,6067,6067,6067
HINDALCO,PUT VOL,18343,13042,,,,,,,,,18343,18343,18343,18343,18343
HINDALCO,PUT OI,8367,8367,,,,,,,,,8991,8991,8991,8991,8991
HINDALCO,CALL SPRD,,,,,,,,,,,0.74,0.74,0.74,0.74,0.74
HINDALCO,PUT SPRD,,,,,,,,,,,2.32,2.32,2.32,2.32,2.32
HINDALCO,CALL OI FIX,5530,,,,,,,,,,6067,6067,6067,6067,6067
HINDALCO,PUT OI FIX,8367,,,,,,,,,,8991,8991,8991,8991,8991
HINDALCO,CALL DOI,,,,,,,,,,,1795426,1795426,1795426,1795426,1795426
HINDALCO,PUT DOI,,,,,,,,,,,-2982081,-2982081,-2982081,-2982081,-2982081
HINDALCO,CALL GEX,,,,,,,,,,,260552,260552,260552,260552,260552
HINDALCO,PUT GEX,,,,,,,,,,,314899,314899,314899,314899,314899
HINDALCO,GEX STRIKE,,,,,,,,,,,960.0,960.0,960.0,960.0,960.0
HINDALCO,EXPIRY,,,,,,,,,,,2026-10-27,2026-10-27,2026-10-27,2026-10-27,2026-10-27
HINDPETRO,PRICE,345.0,350.35,,,,,348.4,346.13,356.92,352.98,345.0,345.0,345.0,345.0,345.0
HINDPETRO,VWAP,,,,,,,,,,,,,,,
HINDPETRO,CASH VOL,5754484,2520543,2196767,53.35,47.46,,,,,,,,,,
HINDPETRO,F&O VOL,7076,7851,,,,,,,,,7076,7076,7076,7076,7076
HINDPETRO,F&O OI,26969,26969,,,,,,,,,27790,27790,27790,27790,27790
HINDPETRO,CALL VOL,2217,2582,,,,,,,,,2217,2217,2217,2217,2217
HINDPETRO,CALL OI,1741,1741,,,,,,,,,1951,1951,1951,1951,1951
HINDPETRO,PUT VOL,2092,1939,,,,,,,,,2092,2092,2092,2092,2092
HINDPETRO,PUT OI,1946,1946,,,,,,,,,2038,2038,2038,2038,2038
HINDPETRO,CALL SPRD,,,,,,,,,,,2.17,2.17,2.17,2.17,2.17
HINDPETRO,PUT SPRD,,,,,,,,,,,2.13,2.13,2.13,2.13,2.13
HINDPETRO,CALL OI FIX,1741,,,,,,,,,,1951,1951,1951,1951,1951
HINDPETRO,PUT OI FIX,1946,,,,,,,,,,2038,2038,2038,2038,2038
HINDPETRO,CALL DOI,,,,,,,,,,,1521609,1521609,1521609,1521609,1521609
HINDPETRO,PUT DOI,,,,,,,,,,,-1844527,-1844527,-1844527,-1844527,-1844527
HINDPETRO,CALL GEX,,,,,,,,,,,192018,192018,192018,192018,192018
HINDPETRO,PUT GEX,,,,,,,,,,,184893,184893,184893,184893,184893
HINDPETRO,GEX STRIKE,,,,,,,,,,,350.0,350.0,350.0,350.0,350.0
HINDPETRO,EXPIRY,,,,,,,,,,,2026-10-27,2026-10-27,2026-10-27,2026-10-27,2026-10-27
HINDUNILVR,PRICE,1836.0,1879.1,,,,,1850.25,1840.75,1940.57,1935.9,1836.0,1836.0,1836.0,1836.0,1836.0
HINDUNILVR,VWAP,,,,,,,,,,,,,,,
HINDUNILVR,CASH VOL,1331680,1430335,278740,52.1,63.36,,,,,,,,,,
HINDUNILVR,F&O VOL,39287,31489,,,,,,,,,39287,39287,39287,39287,39287
HINDUNILVR,F&O OI,92319,92319,,,,,,,,,95380,95380,95380,95380,95380
HINDUNILVR,CALL VOL,13137,10092,,,,,,,,,13137,13137,13137,13137,13137
HINDUNILVR,CALL OI,9045,9045,,,,,,,,,10230,10230,10230,10230,10230
HINDUNILVR,PUT VOL,8828,7075,,,,,,,,,8828,8828,8828,8828,8828
HINDUNILVR,PUT OI,9704,9704,,,,,,,,,9842,9842,9842,9842,9842
HINDUNILVR,CALL SPRD,,,,,,,,,,,0.65,0.65,0.65,0.65,0.65
HINDUNILVR,PUT SPRD,,,,,,,,,,,7.27,7.27,7.27,7.27,7.27
HINDUNILVR,CALL OI FIX,9045,,,,,,,,,,10230,10230,10230,10230,10230
HINDUNILVR,PUT OI FIX,9704,,,,,,,,,,9842,9842,9842,9842,9842
HINDUNILVR,CALL DOI,,,,,,,,,,,1109605,1109605,1109605,1109605,1109605
HINDUNILVR,PUT DOI,,,,,,,,,,,-1640424,-1640424,-1640424,-1640424,-1640424
HINDUNILVR,CALL GEX,,,,,,,,,,,190651,190651,190651,190651,190651
HINDUNILVR,PUT GEX,,,,,,,,,,,175167,175167,175167,175167,175167
HINDUNILVR,GEX STRIKE,,,,,,,,,,,1900.0,1900.0,1900.0,1900.0,1900.0
HINDUNILVR,EXPIRY,,,,,,,,,,,2026-10-27,2026-10-27,2026-10-27,2026-10-27,2026-10-27
HINDZINC,PRICE,555.05,566.0,,,,,556.78,555.62,591.9,589.93,555.0,555.0,555.0,555.0,555.0
HINDZINC,VWAP,,,,,,,,,,,,,,,
HINDZINC,CASH VOL,3165448,2880602,849382,50.51,52.48,,,,,,,,,,
HINDZINC,F&O VOL,18358,18370,,,,,,,,,18358,18358,18358,18358,18358
HINDZINC,F&O OI,38463,38463,,,,,,,,,38943,38943,38943,38943,38943
HINDZINC,CALL VOL,7639,7714,,,,,,,,,7639,7639,7639,7639,7639
HINDZINC,CALL OI,6183,6183,,,,,,,,,6433,6433,6433,6433,6433
HINDZINC,PUT VOL,5339,4972,,,,,,,,,5339,5339,5339,5339,5339
HINDZINC,PUT OI,5715,5715,,,,,,,,,6261,6261,6261,6261,6261
HINDZINC,CALL SPRD,,,,,,,,,,,1.81,1.81,1.81,1.81,1.81
HINDZINC,PUT SPRD,,,,,,,,,,,3.1,3.1,3.1,3.1,3.1
HINDZINC,CALL OI FIX,6183,,,,,,,,,,6433,6433,6433,6433,6433
HINDZINC,PUT OI FIX,5715,,,,,,,,,,6261,6261,6261,6261,6261
HINDZINC,CALL DOI,,,,,,,,,,,2318879,2318879,2318879,2318879,2318879
HINDZINC,PUT DOI,,,,,,,,,,,-4005440,-4005440,-4005440,-4005440,-4005440
HINDZINC,CALL GEX,,,,,,,,,,,292233,292233,292233,292233,292233
HINDZINC,PUT GEX,,,,,,,,,,,294382,294382,294382,294382,294382
HINDZINC,GEX STRIKE,,,,,,,,,,,600.0,600.0,600.0,600.0,600.0
HINDZINC,EXPIRY,,,,,,,,,,,2026-10-27,2026-10-27,2026-10-27,2026-10-27,2026-10-27
HYUNDAI,PRICE,2024.0,2031.0,,,,,2040.3,2029.43,2110.88,2102.65,2024.0,2024.0,2024.0,2024.0,2024.0
HYUNDAI,VWAP,,,,,,,,,,,,,,,
HYUNDAI,CASH VOL,1795808,644391,397304,52.25,50.4,,,,,,,,,,
HYUNDAI,F&O VOL,21464,7923,,,,,,,,,21464,21464,21464,21464,21464
HYUNDAI,F&O OI,18521,18521,,,,,,,,,20698,20698,20698,20698,20698
HYUNDAI,CALL VOL,8068,2012,,,,,,,,,8068,8068,8068,8068,8068
HYUNDAI,CALL OI,1343,1343,,,,,,,,,1594,1594,1594,1594,1594
HYUNDAI,PUT VOL,3648,1446,,,,,,,,,3648,3648,3648,3648,3648
HYUNDAI,PUT OI,1393,1393,,,,,,,,,1600,1600,1600,1600,1600
HYUNDAI,CALL SPRD,,,,,,,,,,,9.09,9.09,9.09,9.09,9.09
HYUNDAI,PUT SPRD,,,,,,,,,,,10.62,10.62,10.62,10.62,10.62
HYUNDAI,CALL OI FIX,1343,,,,,,,,,,1594,1594,1594,1594,1594
HYUNDAI,PUT OI FIX,1393,,,,,,,,,,1600,1600,1600,1600,1600
HYUNDAI,CALL DOI,,,,,,,,,,,194280,194280,194280,194280,194280
HYUNDAI,PUT DOI,,,,,,,,,,,-199881,-199881,-199881,-199881,-199881
HYUNDAI,CALL GEX,,,,,,,,,,,23144,23144,23144,23144,23144
HYUNDAI,PUT GEX,,,,,,,,,,,20212,20212,20212,20212,20212
HYUNDAI,GEX STRIKE,,,,,,,,,,,2100.0,2100.0,2100.0,2100.0,2100.0
HYUNDAI,EXPIRY,,,,,,,,,,,2026-10-27,2026-10-27,2026-10-27,2026-10-27,2026-10-27
ICICIBANK,PRICE,1310.6,1321.7,,,,,1319.15,1313.45,1329.9,1327.83,1310.0,1310.0,1310.0,1310.0,1310.0
ICICIBANK,VWAP,,,,,,,,,,,,,,,
ICICIBANK,CASH VOL,13163495,14095232,3707177,57.07,68.37,,,,,,,,,,
ICICIBANK,F&O VOL,81428,108794,,,,,,,,,81428,81428,81428,81428,81428
ICICIBANK,F&O OI,239618,239618,,,,,,,,,243518,243518,243518,243518,243518
ICICIBANK,CALL VOL,22865,35630,,,,,,,,,22865,22865,22865,22865,22865
ICICIBANK,CALL OI,17217,17217,,,,,,,,,17922,17922,17922,17922,17922
ICICIBANK,PUT VOL,24593,29793,,,,,,,,,24593,24593,24593,24593,24593
ICICIBANK,PUT OI,15595,15595,,,,,,,,,15513,15513,15513,15513,15513
ICICIBANK,CALL SPRD,,,,,,,,,,,1.76,1.76,1.76,1.76,1.76
ICICIBANK,PUT SPRD,,,,,,,,,,,1.76,1.76,1.76,1.76,1.76
ICICIBANK,CALL OI FIX,17217,,,,,,,,,,17922,17922,17922,17922,17922
ICICIBANK,PUT OI FIX,15595,,,,,,,,,,15513,15513,15513,15513,15513
ICICIBANK,CALL DOI,,,,,,,,,,,5812566,5812566,5812566,5812566,5812566
ICICIBANK,PUT DOI,,,,,,,,,,,-4988886,-4988886,-4988886,-4988886,-4988886
ICICIBANK,CALL GEX,,,,,,,,,,,850784,850784,850784,850784,850784
ICICIBANK,PUT GEX,,,,,,,,,,,691177,691177,691177,691177,691177
ICICIBANK,GEX STRIKE,,,,,,,,,,,1300.0,1300.0,1300.0,1300.0,1300.0
ICICIBANK,EXPIRY,,,,,,,,,,,2026-10-27,2026-10-27,2026-10-27,2026-10-27,2026-10-27
ICICIGI,PRICE,1563.0,1590.0,,,,,1578.65,1568.22,1544.42,1525.85,1563.0,1563.0,1563.0,1563.0,1563.0
ICICIGI,VWAP,,,,,,,,,,,,,,,
ICICIGI,CASH VOL,1189772,1952166,282069,60.54,67.69,,,,,,,,,,
ICICIGI,F&O VOL,11815,21068,,,,,,,,,11815,11815,11815,11815,11815
ICICIGI,F&O OI,23067,23067,,,,,,,,,22205,22205,22205,22205,22205
ICICIGI,CALL VOL,4804,9583,,,,,,,,,4804,4804,4804,4804,4804
ICICIGI,CALL OI,2367,2367,,,,,,,,,2235,2235,2235,2235,2235
ICICIGI,PUT VOL,2365,3888,,,,,,,,,2365,2365,2365,2365,2365
ICICIGI,PUT OI,1788,1788,,,,,,,,,1797,1797,1797,1797,1797
ICICIGI,CALL SPRD,,,,,,,,,,,31.63,31.63,31.63,31.63,31.63
ICICIGI,PUT SPRD,,,,,,,,,,,29.82,29.82,29.82,29.82,29.82
ICICIGI,CALL OI FIX,2367,,,,,,,,,,2235,2235,2235,2235,2235
ICICIGI,PUT OI FIX,1788,,,,,,,,,,1797,1797,1797,1797,1797
ICICIGI,CALL DOI,,,,,,,,,,,357264,357264,357264,357264,357264
ICICIGI,PUT DOI,,,,,,,,,,,-216722,-216722,-216722,-216722,-216722
ICICIGI,CALL GEX,,,,,,,,,,,36236,36236,36236,36236,36236
ICICIGI,PUT GEX,,,,,,,,,,,26490,26490,26490,26490,26490
ICICIGI,GEX STRIKE,,,,,,,,,,,1600.0,1600.0,1600.0,1600.0,1600.0
ICICIGI,EXPIRY,,,,,,,,,,,2026-10-27,2026-10-27,2026-10-27,2026-10-27,2026-10-27
ICICIPRULI,PRICE,448.05,443.8,,,,,447.43,446.18,471.62,465.88,448.0,448.0,448.0,448.0,448.0
ICICIPRULI,VWAP,,,,,,,,,,,,,,,
ICICIPRULI,CASH VOL,1267559,839768,331547,50.89,58.19,,,,,,,,,,
ICICIPRULI,F&O VOL,8015,5995,,,,,,,,,8015,8015,8015,8015,8015
ICICIPRULI,F&O OI,29064,29064,,,,,,,,,28842,28842,28842,28842,28842
ICICIPRULI,CALL VOL,2202,1659,,,,,,,,,2202,2202,2202,2202,2202
ICICIPRULI,CALL OI,2172,2172,,,,,,,,,2106,2106,2106,2106,2106
ICICIPRULI,PUT VOL,969,1261,,,,,,,,,969,969,969,969,969
ICICIPRULI,PUT OI,2364,2364,,,,,,,,,2260,2260,2260,2260,2260
ICICIPRULI,CALL SPRD,,,,,,,,,,,4.98,4.98,4.98,4.98,4.98
ICICIPRULI,PUT SPRD,,,,,,,,,,,15.1,15.1,15.1,15.1,15.1
ICICIPRULI,CALL OI FIX,2172,,,,,,,,,,2106,2106,2106,2106,2106
ICICIPRULI,PUT OI FIX,2364,,,,,,,,,,2260,2260,2260,2260,2260
ICICIPRULI,CALL DOI,,,,,,,,,,,884225,884225,884225,884225,884225
ICICIPRULI,PUT DOI,,,,,,,,,,,-963270,-963270,-963270,-963270,-963270
ICICIPRULI,CALL GEX,,,,,,,,,,,97199,97199,97199,97199,97199
ICICIPRULI,PUT GEX,,,,,,,,,,,81388,81388,81388,81388,81388
ICICIPRULI,GEX STRIKE,,,,,,,,,,,450.0,450.0,450.0,450.0,450.0
ICICIPRULI,EXPIRY,,,,,,,,,,,2026-10-27,2026-10-27,2026-10-27,2026-10-27,2026-10-27
IDEA,PRICE,12.64,12.95,,,,,12.82,12.7,14.22,14.13,12.0,12.0,12.0,12.0,12.0
IDEA,VWAP,,,,,,,,,,,,,,,
IDEA,CASH VOL,612490273,640485531,120469116,33.78,37.81,,,,,,,,,,
IDEA,F&O VOL,40367,39171,,,,,,,,,40367,40367,40367,40367,40367
IDEA,F&O OI,129604,129604,,,,,,,,,131631,131631,131631,131631,131631
IDEA,CALL VOL,22543,21079,,,,,,,,,22543,22543,22543,22543,22543
IDEA,CALL OI,20975,20975,,,,,,,,,22445,22445,22445,22445,22445
IDEA,PUT VOL,6908,8116,,,,,,,,,6908,6908,6908,6908,6908
IDEA,PUT OI,12864,12864,,,,,,,,,13230,13230,13230,13230,13230
IDEA,CALL SPRD,,,,,,,,,,,4.65,4.65,4.65,4.65,4.65
IDEA,PUT SPRD,,,,,,,,,,,1.4,1.4,1.4,1.4,1.4
IDEA,CALL OI FIX,20975,,,,,,,,,,22445,22445,22445,22445,22445
IDEA,PUT OI FIX,12864,,,,,,,,,,13230,13230,13230,13230,13230
IDEA,CALL DOI,,,,,,,,,,,304856061,304856061,304856061,304856061,304856061
IDEA,PUT DOI,,,,,,,,,,,-600647330,-600647330,-600647330,-600647330,-600647330
IDEA,CALL GEX,,,,,,,,,,,29753226,29753226,29753226,29753226,29753226
IDEA,PUT GEX,,,,,,,,,,,23101588,23101588,23101588,23101588,23101588
IDEA,GEX STRIKE,,,,,,,,,,,14.0,14.0,14.0,14.0,14.0
IDEA,EXPIRY,,,,,,,,,,,2026-10-27,2026-10-27,2026-10-27,2026-10-27,2026-10-27
IDFCFIRSTB,PRICE,80.39,81.44,,,,,80.45,80.41,86.44,84.68,80.0,80.0,80.0,80.0,80.0
IDFCFIRSTB,VWAP,,,,,,,,,,,,,,,
IDFCFIRSTB,CASH VOL,24434109,23332019,5316050,55.78,48.61,,,,,,,,,,
IDFCFIRSTB,F&O VOL,13745,30863,,,,,,,,,13745,13745,13745,13745,13745
IDFCFIRSTB,F&O OI,68341,68341,,,,,,,,,68057,68057,68057,68057,68057
IDFCFIRSTB,CALL VOL,3427,7764,,,,,,,,,3427,3427,3427,3427,3427
IDFCFIRSTB,CALL OI,5714,5714,,,,,,,,,5938,5938,5938,5938,5938
IDFCFIRSTB,PUT VOL,3229,8744,,,,,,,,,3229,3229,3229,3229,3229
IDFCFIRSTB,PUT OI,7396,7396,,,,,,,,,7555,7555,7555,7555,7555
IDFCFIRSTB,CALL SPRD,,,,,,,,,,,2.32,2.32,2.32,2.32,2.32
IDFCFIRSTB,PUT SPRD,,,,,,,,,,,2.84,2.84,2.84,2.84,2.84
IDFCFIRSTB,CALL OI FIX,5714,,,,,,,,,,5938,5938,5938,5938,5938
IDFCFIRSTB,PUT OI FIX,7396,,,,,,,,,,7555,7555,7555,7555,7555
IDFCFIRSTB,CALL DOI,,,,,,,,,,,22907133,22907133,22907133,22907133,22907133
IDFCFIRSTB,PUT DOI,,,,,,,,,,,-31971616,-31971616,-31971616,-31971616,-31971616
IDFCFIRSTB,CALL GEX,,,,,,,,,,,2552460,2552460,2552460,2552460,2552460
IDFCFIRSTB,PUT GEX,,,,,,,,,,,3209583,3209583,3209583,3209583,3209583
IDFCFIRSTB,GEX STRIKE,,,,,,,,,,,80.0,80.0,80.0,80.0,80.0
IDFCFIRSTB,EXPIRY,,,,,,,,,,,2026-10-27,2026-10-27,2026-10-27,2026-10-27,2026-10-27
IEX,PRICE,105.98,107.0,,,,,105.91,105.78,112.63,112.5,105.0,105.0,105.0,105.0,105.0
IEX,VWAP,,,,,,,,,,,,,,,
IEX,CASH VOL,3180623,3890920,699674,40.75,44.5,,,,,,,,,,
IEX,F&O VOL,5374,6760,,,,,,,,,5374,5374,5374,5374,5374
IEX,F&O OI,26736,26736,,,,,,,,,26864,26864,26864,26864,26864
IEX,CALL VOL,1616,1613,,,,,,,,,1616,1616,1616,1616,1616
IEX,CALL OI,1161,1161,,,,,,,,,1319,1319,1319,1319,1319
IEX,PUT VOL,594,1223,,,,,,,,,594,594,594,594,594
IEX,PUT OI,1591,1591,,,,,,,,,1530,1530,1530,1530,1530
IEX,CALL SPRD,,,,,,,,,,,162.57,162.57,162.57,162.57,162.57
IEX,PUT SPRD,,,,,,,,,,,4.02,4.02,4.02,4.02,4.02
IEX,CALL OI FIX,1161,,,,,,,,,,1319,1319,1319,1319,1319
IEX,PUT OI FIX,1591,,,,,,,,,,1530,1530,1530,1530,1530
IEX,CALL DOI,,,,,,,,,,,2316750,2316750,2316750,2316750,2316750
IEX,PUT DOI,,,,,,,,,,,-3362735,-3362735,-3362735,-3362735,-3362735
IEX,CALL GEX,,,,,,,,,,,275158,275158,275158,275158,275158
IEX,PUT GEX,,,,,,,,,,,281665,281665,281665,281665,281665
IEX,GEX STRIKE,,,,,,,,,,,110.0,110.0,110.0,110.0,110.0
IEX,EXPIRY,,,,,,,,,,,2026-10-27,2026-10-27,2026-10-27,2026-10-27,2026-10-27
INDHOTEL,PRICE,718.0,728.65,,,,,722.62,719.54,735.67,729.76,718.0,718.0,718.0,718.0,718.0
INDHOTEL,VWAP,,,,,,,,,,,,,,,
INDHOTEL,CASH VOL,4023940,3733640,846685,61.62,63.44,,,,,,,,,,
INDHOTEL,F&O VOL,14463,13636,,,,,,,,,14463,14463,14463,14463,14463
INDHOTEL,F&O OI,36960,36960,,,,,,,,,37686,37686,37686,37686,37686
INDHOTEL,CALL VOL,5840,6608,,,,,,,,,5840,5840,5840,5840,5840
INDHOTEL,CALL OI,2853,2853,,,,,,,,,3033,3033,3033,3033,3033
INDHOTEL,PUT VOL,3575,2918,,,,,,,,,3575,3575,3575,3575,3575
INDHOTEL,PUT OI,2347,2347,,,,,,,,,2384,2384,2384,2384,2384
INDHOTEL,CALL SPRD,,,,,,,,,,,8.0,8.0,8.0,8.0,8.0
INDHOTEL,PUT SPRD,,,,,,,,,,,13.14,13.14,13.14,13.14,13.14
INDHOTEL,CALL OI FIX,2853,,,,,,,,,,3033,3033,3033,3033,3033
INDHOTEL,PUT OI FIX,2347,,,,,,,,,,2384,2384,2384,2384,2384
INDHOTEL,CALL DOI,,,,,,,,,,,1218682,1218682,1218682,1218682,1218682
INDHOTEL,PUT DOI,,,,,,,,,,,-1030847,-1030847,-1030847,-1030847,-1030847
INDHOTEL,CALL GEX,,,,,,,,,,,176966,176966,176966,176966,176966
INDHOTEL,PUT GEX,,,,,,,,,,,127929,127929,127929,127929,127929
INDHOTEL,GEX STRIKE,,,,,,,,,,,730.0,730.0,730.0,730.0,730.0
INDHOTEL,EXPIRY,,,,,,,,,,,2026-10-27,2026-10-27,2026-10-27,2026-10-27,2026-10-27
INDIANB,PRICE,793.15,805.9,,,,,798.67,794.99,837.9,833.97,793.0,793.0,793.0,793.0,793.0
INDIANB,VWAP,,,,,,,,,,,,,,,
INDIANB,CASH VOL,671392,1068705,282410,41.36,56.08,,,,,,,,,,
INDIANB,F&O VOL,5602,5791,,,,,,,,,5602,5602,5602,5602,5602
INDIANB,F&O OI,15429,15429,,,,,,,,,15784,15784,15784,15784,15784
INDIANB,CALL VOL,1391,1470,,,,,,,,,1391,1391,1391,1391,1391
INDIANB,CALL OI,1311,1311,,,,,,,,,1578,1578,1578,1578,1578
INDIANB,PUT VOL,1619,1308,,,,,,,,,1619,1619,1619,1619,1619
INDIANB,PUT OI,1843,1843,,,,,,,,,2046,2046,2046,2046,2046
INDIANB,CALL SPRD,,,,,,,,,,,24.73,24.73,24.73,24.73,24.73
INDIANB,PUT SPRD,,,,,,,,,,,23.98,23.98,23.98,23.98,23.98
INDIANB,CALL OI FIX,1311,,,,,,,,,,1578,1578,1578,1578,1578
INDIANB,PUT OI FIX,1843,,,,,,,,,,2046,2046,2046,2046,2046
INDIANB,CALL DOI,,,,,,,,,,,660511,660511,660511,660511,660511
INDIANB,PUT DOI,,,,,,,,,,,-1013049,-1013049,-1013049,-1013049,-1013049
INDIANB,CALL GEX,,,,,,,,,,,69147,69147,69147,69147,69147
INDIANB,PUT GEX,,,,,,,,,,,92043,92043,92043,92043,92043
INDIANB,GEX STRIKE,,,,,,,,,,,800.0,800.0,800.0,800.0,800.0
INDIANB,EXPIRY,,,,,,,,,,,2026-10-27,2026-10-27,2026-10-27,2026-10-27,2026-10-27
INDIGO,PRICE,4929.9,4984.0,,,,,4947.1,4935.63,4969.25,4949.75,4929.0,4929.0,4929.0,4929.0,4929.0
INDIGO,VWAP,,,,,,,,,,,,,,,
INDIGO,CASH VOL,592514,624800,134896,48.94,46.93,,,,,,,,,,
INDIGO,F&O VOL,41661,42752,,,,,,,,,41661,41661,41661,41661,41661
INDIGO,F&O OI,57147,57147,,,,,,,,,57324,57324,57324,57324,57324
INDIGO,CALL VOL,15030,20072,,,,,,,,,15030,15030,15030,15030,15030
INDIGO,CALL OI,6385,6385,,,,,,,,,6785,6785,6785,6785,6785
INDIGO,PUT VOL,11263,9768,,,,,,,,,11263,11263,11263,11263,11263
INDIGO,PUT OI,4437,4437,,,,,,,,,4831,4831,4831,4831,4831
INDIGO,CALL SPRD,,,,,,,,,,,8.51,8.51,8.51,8.51,8.51
INDIGO,PUT SPRD,,,,,,,,,,,8.98,8.98,8.98,8.98,8.98
INDIGO,CALL OI FIX,6385,,,,,,,,,,6785,6785,6785,6785,6785
INDIGO,PUT OI FIX,4437,,,,,,,,,,4831,4831,4831,4831,4831
INDIGO,CALL DOI,,,,,,,,,,,480170,480170,480170,480170,480170
INDIGO,PUT DOI,,,,,,,,,,,-318033,-318033,-318033,-318033,-318033
INDIGO,CALL GEX,,,,,,,,,,,53250,53250,53250,53250,53250
INDIGO,PUT GEX,,,,,,,,,,,32671,32671,32671,32671,32671
INDIGO,GEX STRIKE,,,,,,,,,,,5000.0,5000.0,5000.0,5000.0,5000.0
INDIGO,EXPIRY,,,,,,,,,,,2026-10-27,2026-10-27,2026-10-27,2026-10-27,2026-10-27
INDUSINDBK,PRICE,886.85,901.4,,,,,890.52,888.08,938.85,921.08,886.0,886.0,886.0,886.0,886.0
INDUSINDBK,VWAP,,,,,,,,,,,,,,,
INDUSINDBK,CASH VOL,1761249,2428835,668146,52.0,55.47,,,,,,,,,,
INDUSINDBK,F&O VOL,13374,16351,,,,,,,,,13374,13374,13374,13374,13374
INDUSINDBK,F&O OI,75942,75942,,,,,,,,,76613,76613,76613,76613,76613
INDUSINDBK,CALL VOL,3754,5834,,,,,,,,,3754,3754,3754,3754,3754
INDUSINDBK,CALL OI,3433,3433,,,,,,,,,3784,3784,3784,3784,3784
INDUSINDBK,PUT VOL,4012,3780,,,,,,,,,4012,4012,4012,4012,4012
INDUSINDBK,PUT OI,4128,4128,,,,,,,,,4477,4477,4477,4477,4477
INDUSINDBK,CALL SPRD,,,,,,,,,,,16.57,16.57,16.57,16.57,16.57
INDUSINDBK,PUT SPRD,,,,,,,,,,,20.87,20.87,20.87,20.87,20.87
INDUSINDBK,CALL OI FIX,3433,,,,,,,,,,3784,3784,3784,3784,3784
INDUSINDBK,PUT OI FIX,4128,,,,,,,,,,4477,4477,4477,4477,4477
INDUSINDBK,CALL DOI,,,,,,,,,,,1141707,1141707,1141707,1141707,1141707
INDUSINDBK,PUT DOI,,,,,,,,,,,-1602649,-1602649,-1602649,-1602649,-1602649
INDUSINDBK,CALL GEX,,,,,,,,,,,128279,128279,128279,128279,128279
INDUSINDBK,PUT GEX,,,,,,,,,,,148779,148779,148779,148779,148779
INDUSINDBK,GEX STRIKE,,,,,,,,,,,900.0,900.0,900.0,900.0,900.0
INDUSINDBK,EXPIRY,,,,,,,,,,,2026-10-27,2026-10-27,2026-10-27,2026-10-27,2026-10-27
INDUSTOWER,PRICE,376.25,373.2,,,,,377.35,376.62,380.88,376.73,376.0,376.0,376.0,376.0,376.0
INDUSTOWER,VWAP,,,,,,,,,,,,,,,
INDUSTOWER,CASH VOL,9498411,6712752,1625886,55.45,60.42,,,,,,,,,,
INDUSTOWER,F&O VOL,28945,14500,,,,,,,,,28945,28945,28945,28945,28945
INDUSTOWER,F&O OI,67138,67138,,,,,,,,,65187,65187,65187,65187,65187
INDUSTOWER,CALL VOL,12940,7741,,,,,,,,,12940,12940,12940,12940,12940
INDUSTOWER,CALL OI,7019,7019,,,,,,,,,6918,6918,6918,6918,6918
INDUSTOWER,PUT VOL,4952,2225,,,,,,,,,4952,4952,4952,4952,4952
INDUSTOWER,PUT OI,2118,2118,,,,,,,,,2571,2571,2571,2571,2571
INDUSTOWER,CALL SPRD,,,,,,,,,,,6.3,6.3,6.3,6.3,6.3
INDUSTOWER,PUT SPRD,,,,,,,,,,,19.35,19.35,19.35,19.35,19.35
INDUSTOWER,CALL OI FIX,7019,,,,,,,,,,6918,6918,6918,6918,6918
INDUSTOWER,PUT OI FIX,2118,,,,,,,,,,2571,2571,2571,2571,2571
INDUSTOWER,CALL DOI,,,,,,,,,,,5314273,5314273,5314273,5314273,5314273
INDUSTOWER,PUT DOI,,,,,,,,,,,-1579261,-1579261,-1579261,-1579261,-1579261
INDUSTOWER,CALL GEX,,,,,,,,,,,761153,761153,761153,761153,761153
INDUSTOWER,PUT GEX,,,,,,,,,,,178590,178590,178590,178590,178590
INDUSTOWER,GEX STRIKE,,,,,,,,,,,380.0,380.0,380.0,380.0,380.0
INDUSTOWER,EXPIRY,,,,,,,,,,,2026-10-27,2026-10-27,2026-10-27,2026-10-27,2026-10-27
INFY,PRICE,1035.0,994.1,,,,,1029.03,1017.08,1016.3,1005.57,1035.0,1035.0,1035.0,1035.0,1035.0
INFY,VWAP,,,,,,,,,,,,,,,
INFY,CASH VOL,15166446,13508984,6285316,51.96,55.54,,,,,,,,,,
INFY,F&O VOL,268503,172473,,,,,,,,,268503,268503,268503,268503,268503
INFY,F&O OI,290680,290680,,,,,,,,,306784,306784,306784,306784,306784
INFY,CALL VOL,123405,83935,,,,,,,,,123405,123405,123405,123405,123405
INFY,CALL OI,41822,41822,,,,,,,,,46442,46442,46442,46442,46442
INFY,PUT VOL,59308,39228,,,,,,,,,59308,59308,59308,59308,59308
INFY,PUT OI,32742,32742,,,,,,,,,35571,35571,35571,35571,35571
INFY,CALL SPRD,,,,,,,,,,,0.85,0.85,0.85,0.85,0.85
INFY,PUT SPRD,,,,,,,,,,,0.97,0.97,0.97,0.97,0.97
INFY,CALL OI FIX,41822,,,,,,,,,,46442,46442,46442,46442,46442
INFY,PUT OI FIX,32742,,,,,,,,,,35571,35571,35571,35571,35571
INFY,CALL DOI,,,,,,,,,,,9212319,9212319,9212319,9212319,9212319
INFY,PUT DOI,,,,,,,,,,,-5193394,-5193394,-5193394,-5193394,-5193394
INFY,CALL GEX,,,,,,,,,,,698402,698402,698402,698402,698402
INFY,PUT GEX,,,,,,,,,,,474444,474444,474444,474444,474444
INFY,GEX STRIKE,,,,,,,,,,,1000.0,1000.0,1000.0,1000.0,1000.0
INFY,EXPIRY,,,,,,,,,,,2026-10-27,2026-10-27,2026-10-27,2026-10-27,2026-10-27
INOXWIND,PRICE,68.75,69.51,,,,,68.7,68.6,75.85,75.12,68.0,68.0,68.0,68.0,68.0
INOXWIND,VWAP,,,,,,,,,,,,,,,
INOXWIND,CASH VOL,9972133,9235114,1895050,39.0,43.26,,,,,,,,,,
INOXWIND,F&O VOL,5599,6122,,,,,,,,,5599,5599,5599,5599,5599
INOXWIND,F&O OI,24182,24182,,,,,,,,,24673,24673,24673,24673,24673
INOXWIND,CALL VOL,1684,1249,,,,,,,,,1684,1684,1684,1684,1684
INOXWIND,CALL OI,986,986,,,,,,,,,1421,1421,1421,1421,1421
INOXWIND,PUT VOL,732,780,,,,,,,,,732,732,732,732,732
INOXWIND,PUT OI,882,882,,,,,,,,,1032,1032,1032,1032,1032
INOXWIND,CALL SPRD,,,,,,,,,,,,,,,
INOXWIND,PUT SPRD,,,,,,,,,,,26.36,26.36,26.36,26.36,26.36
INOXWIND,CALL OI FIX,986,,,,,,,,,,1421,1421,1421,1421,1421
INOXWIND,PUT OI FIX,882,,,,,,,,,,1032,1032,1032,1032,1032
INOXWIND,CALL DOI,,,,,,,,,,,4244133,4244133,4244133,4244133,4244133
INOXWIND,PUT DOI,,,,,,,,,,,-3225497,-3225497,-3225497,-3225497,-3225497
INOXWIND,CALL GEX,,,,,,,,,,,334167,334167,334167,334167,334167
INOXWIND,PUT GEX,,,,,,,,,,,248973,248973,248973,248973,248973
INOXWIND,GEX STRIKE,,,,,,,,,,,70.0,70.0,70.0,70.0,70.0
INOXWIND,EXPIRY,,,,,,,,,,,2026-10-27,2026-10-27,2026-10-27,2026-10-27,2026-10-27
IOC,PRICE,131.34,134.93,,,,,132.65,131.78,137.31,136.24,131.0,131.0,131.0,131.0,131.0
IOC,VWAP,,,,,,,,,,,,,,,
IOC,CASH VOL,12239747,9545086,2368259,51.62,52.63,,,,,,,,,,
IOC,F&O VOL,11366,13221,,,,,,,,,11366,11366,11366,11366,11366
IOC,F&O OI,38931,38931,,,,,,,,,39795,39795,39795,39795,39795
IOC,CALL VOL,2444,2238,,,,,,,,,2444,2444,2444,2444,2444
IOC,CALL OI,1458,1458,,,,,,,,,1640,1640,1640,1640,1640
IOC,PUT VOL,2870,3104,,,,,,,,,2870,2870,2870,2870,2870
IOC,PUT OI,2100,2100,,,,,,,,,2351,2351,2351,2351,2351
IOC,CALL SPRD,,,,,,,,,,,153.66,153.66,153.66,153.66,153.66
IOC,PUT SPRD,,,,,,,,,,,2.58,2.58,2.58,2.58,2.58
IOC,CALL OI FIX,1458,,,,,,,,,,1640,1640,1640,1640,1640
IOC,PUT OI FIX,2100,,,,,,,,,,2351,2351,2351,2351,2351
IOC,CALL DOI,,,,,,,,,,,3701553,3701553,3701553,3701553,3701553
IOC,PUT DOI,,,,,,,,,,,-5561081,-5561081,-5561081,-5561081,-5561081
IOC,CALL GEX,,,,,,,,,,,475748,475748,475748,475748,475748
IOC,PUT GEX,,,,,,,,,,,679951,679951,679951,679951,679951
IOC,GEX STRIKE,,,,,,,,,,,135.0,135.0,135.0,135.0,135.0
IOC,EXPIRY,,,,,,,,,,,2026-10-27,2026-10-27,2026-10-27,2026-10-27,2026-10-27
IREDA,PRICE,111.0,111.68,,,,,110.73,110.19,112.74,111.8,111.0,111.0,111.0,111.0,111.0
IREDA,VWAP,,,,,,,,,,,,,,,
IREDA,CASH VOL,5290233,3872732,1465958,41.04,33.56,,,,,,,,,,
IREDA,F&O VOL,8699,10847,,,,,,,,,8699,8699,8699,8699,8699
IREDA,F&O OI,30801,30801,,,,,,,,,31643,31643,31643,31643,31643
IREDA,CALL VOL,3107,4169,,,,,,,,,3107,3107,3107,3107,3107
IREDA,CALL OI,3373,3373,,,,,,,,,3434,3434,3434,3434,3434
IREDA,PUT VOL,822,859,,,,,,,,,822,822,822,822,822
IREDA,PUT OI,2028,2028,,,,,,,,,2136,2136,2136,2136,2136
IREDA,CALL SPRD,,,,,,,,,,,6.25,6.25,6.25,6.25,6.25
IREDA,PUT SPRD,,,,,,,,,,,4.0,4.0,4.0,4.0,4.0
IREDA,CALL OI FIX,3373,,,,,,,,,,3434,3434,3434,3434,3434
IREDA,PUT OI FIX,2028,,,,,,,,,,2136,2136,2136,2136,2136
IREDA,CALL DOI,,,,,,,,,,,7577298,7577298,7577298,7577298,7577298
IREDA,PUT DOI,,,,,,,,,,,-4253697,-4253697,-4253697,-4253697,-4253697
IREDA,CALL GEX,,,,,,,,,,,1221769,1221769,1221769,1221769,1221769
IREDA,PUT GEX,,,,,,,,,,,245961,245961,245961,245961,245961
IREDA,GEX STRIKE,,,,,,,,,,,110.0,110.0,110.0,110.0,110.0
IREDA,EXPIRY,,,,,,,,,,,2026-10-27,2026-10-27,2026-10-27,2026-10-27,2026-10-27
IRFC,PRICE,77.06,79.28,,,,,77.72,77.28,80.18,80.03,77.0,77.0,77.0,77.0,77.0
IRFC,VWAP,,,,,,,,,,,,,,,
IRFC,CASH VOL,12764829,38110222,3386593,36.45,21.71,,,,,,,,,,
IRFC,F&O VOL,14764,41470,,,,,,,,,14764,14764,14764,14764,14764
IRFC,F&O OI,35226,35226,,,,,,,,,37050,37050,37050,37050,37050
IRFC,CALL VOL,5849,16356,,,,,,,,,5849,5849,5849,5849,5849
IRFC,CALL OI,4628,4628,,,,,,,,,5264,5264,5264,5264,5264
IRFC,PUT VOL,2414,6921,,,,,,,,,2414,2414,2414,2414,2414
IRFC,PUT OI,4691,4691,,,,,,,,,4589,4589,4589,4589,4589
IRFC,CALL SPRD,,,,,,,,,,,2.49,2.49,2.49,2.49,2.49
IRFC,PUT SPRD,,,,,,,,,,,2.52,2.52,2.52,2.52,2.52
IRFC,CALL OI FIX,4628,,,,,,,,,,5264,5264,5264,5264,5264
IRFC,PUT OI FIX,4691,,,,,,,,,,4589,4589,4589,4589,4589
IRFC,CALL DOI,,,,,,,,,,,10686111,10686111,10686111,10686111,10686111
IRFC,PUT DOI,,,,,,,,,,,-10971140,-10971140,-10971140,-10971140,-10971140
IRFC,CALL GEX,,,,,,,,,,,1588413,1588413,1588413,1588413,1588413
IRFC,PUT GEX,,,,,,,,,,,822555,822555,822555,822555,822555
IRFC,GEX STRIKE,,,,,,,,,,,80.0,80.0,80.0,80.0,80.0
IRFC,EXPIRY,,,,,,,,,,,2026-10-27,2026-10-27,2026-10-27,2026-10-27,2026-10-27
ITC,PRICE,255.9,262.75,,,,,258.68,256.82,268.63,267.9,255.0,255.0,255.0,255.0,255.0
ITC,VWAP,,,,,,,,,,,,,,,
ITC,CASH VOL,16447266,14079098,5749868,60.19,64.42,,,,,,,,,,
ITC,F&O VOL,75823,65526,,,,,,,,,75823,75823,75823,75823,75823
ITC,F&O OI,141585,141585,,,,,,,,,148842,148842,148842,148842,148842
ITC,CALL VOL,21803,9143,,,,,,,,,21803,21803,21803,21803,21803
ITC,CALL OI,6870,6870,,,,,,,,,11149,11149,11149,11149,11149
ITC,PUT VOL,16227,17106,,,,,,,,,16227,16227,16227,16227,16227
ITC,PUT OI,11012,11012,,,,,,,,,12506,12506,12506,12506,12506
ITC,CALL SPRD,,,,,,,,,,,1.42,1.42,1.42,1.42,1.42
ITC,PUT SPRD,,,,,,,,,,,3.59,3.59,3.59,3.59,3.59
ITC,CALL OI FIX,6870,,,,,,,,,,11149,11149,11149,11149,11149
ITC,PUT OI FIX,11012,,,,,,,,,,12506,12506,12506,12506,12506
ITC,CALL DOI,,,,,,,,,,,7836733,7836733,7836733,7836733,7836733
ITC,PUT DOI,,,,,,,,,,,-10854235,-10854235,-10854235,-10854235,-10854235
ITC,CALL GEX,,,,,,,,,,,1328888,1328888,1328888,1328888,1328888
ITC,PUT GEX,,,,,,,,,,,1459757,1459757,1459757,1459757,1459757
ITC,GEX STRIKE,,,,,,,,,,,260.0,260.0,260.0,260.0,260.0
ITC,EXPIRY,,,,,,,,,,,2026-10-27,2026-10-27,2026-10-27,2026-10-27,2026-10-27
JINDALSTEL,PRICE,1100.5,1134.9,,,,,1105.85,1102.28,1162.93,1159.2,1100.0,1100.0,1100.0,1100.0,1100.0
JINDALSTEL,VWAP,,,,,,,,,,,,,,,
JINDALSTEL,CASH VOL,862948,1535849,338057,42.8,56.06,,,,,,,,,,
JINDALSTEL,F&O VOL,21892,10379,,,,,,,,,21892,21892,21892,21892,21892
JINDALSTEL,F&O OI,33115,33115,,,,,,,,,35181,35181,35181,35181,35181
JINDALSTEL,CALL VOL,8920,3465,,,,,,,,,8920,8920,8920,8920,8920
JINDALSTEL,CALL OI,2952,2952,,,,,,,,,4774,4774,4774,4774,4774
JINDALSTEL,PUT VOL,8143,3185,,,,,,,,,8143,8143,8143,8143,8143
JINDALSTEL,PUT OI,4173,4173,,,,,,,,,4972,4972,4972,4972,4972
JINDALSTEL,CALL SPRD,,,,,,,,,,,15.1,15.1,15.1,15.1,15.1
JINDALSTEL,PUT SPRD,,,,,,,,,,,30.27,30.27,30.27,30.27,30.27
JINDALSTEL,CALL OI FIX,2952,,,,,,,,,,4774,4774,4774,4774,4774
JINDALSTEL,PUT OI FIX,4173,,,,,,,,,,4972,4972,4972,4972,4972
JINDALSTEL,CALL DOI,,,,,,,,,,,894567,894567,894567,894567,894567
JINDALSTEL,PUT DOI,,,,,,,,,,,-1571770,-1571770,-1571770,-1571770,-1571770
JINDALSTEL,CALL GEX,,,,,,,,,,,143776,143776,143776,143776,143776
JINDALSTEL,PUT GEX,,,,,,,,,,,145675,145675,145675,145675,145675
JINDALSTEL,GEX STRIKE,,,,,,,,,,,1140.0,1140.0,1140.0,1140.0,1140.0
JINDALSTEL,EXPIRY,,,,,,,,,,,2026-10-27,2026-10-27,2026-10-27,2026-10-27,2026-10-27
JIOFIN,PRICE,212.5,216.88,,,,,212.45,212.35,229.72,227.91,212.0,212.0,212.0,212.0,212.0
JIOFIN,VWAP,,,,,,,,,,,,,,,
JIOFIN,CASH VOL,28082023,14305215,4759373,41.21,47.51,,,,,,,,,,
JIOFIN,F&O VOL,76238,52978,,,,,,,,,76238,76238,76238,76238,76238
JIOFIN,F&O OI,157428,157428,,,,,,,,,165083,165083,165083,165083,165083
JIOFIN,CALL VOL,22717,11692,,,,,,,,,22717,22717,22717,22717,22717
JIOFIN,CALL OI,9010,9010,,,,,,,,,12461,12461,12461,12461,12461
JIOFIN,PUT VOL,18818,13101,,,,,,,,,18818,18818,18818,18818,18818
JIOFIN,PUT OI,14206,14206,,,,,,,,,14867,14867,14867,14867,14867
JIOFIN,CALL SPRD,,,,,,,,,,,3.76,3.76,3.76,3.76,3.76
JIOFIN,PUT SPRD,,,,,,,,,,,5.67,5.67,5.67,5.67,5.67
JIOFIN,CALL OI FIX,9010,,,,,,,,,,12461,12461,12461,12461,12461
JIOFIN,PUT OI FIX,14206,,,,,,,,,,14867,14867,14867,14867,14867
JIOFIN,CALL DOI,,,,,,,,,,,12222558,12222558,12222558,12222558,12222558
JIOFIN,PUT DOI,,,,,,,,,,,-17414293,-17414293,-17414293,-17414293,-17414293
JIOFIN,CALL GEX,,,,,,,,,,,1473331,1473331,1473331,1473331,1473331
JIOFIN,PUT GEX,,,,,,,,,,,1429975,1429975,1429975,1429975,1429975
JIOFIN,GEX STRIKE,,,,,,,,,,,220.0,220.0,220.0,220.0,220.0
JIOFIN,EXPIRY,,,,,,,,,,,2026-10-27,2026-10-27,2026-10-27,2026-10-27,2026-10-27
JSWENERGY,PRICE,485.0,494.7,,,,,484.68,484.05,514.5,509.2,485.0,485.0,485.0,485.0,485.0
JSWENERGY,VWAP,,,,,,,,,,,,,,,
JSWENERGY,CASH VOL,1851516,1797485,616642,54.74,54.71,,,,,,,,,,
JSWENERGY,F&O VOL,5574,5488,,,,,,,,,5574,5574,5574,5574,5574
JSWENERGY,F&O OI,31638,31638,,,,,,,,,32469,32469,32469,32469,32469
JSWENERGY,CALL VOL,2350,1869,,,,,,,,,2350,2350,2350,2350,2350
JSWENERGY,CALL OI,1418,1418,,,,,,,,,2082,2082,2082,2082,2082
JSWENERGY,PUT VOL,1324,1175,,,,,,,,,1324,1324,1324,1324,1324
JSWENERGY,PUT OI,1674,1674,,,,,,,,,1867,1867,1867,1867,1867
JSWENERGY,CALL SPRD,,,,,,,,,,,16.67,16.67,16.67,16.67,16.67
JSWENERGY,PUT SPRD,,,,,,,,,,,14.29,14.29,14.29,14.29,14.29
JSWENERGY,CALL OI FIX,1418,,,,,,,,,,2082,2082,2082,2082,2082
JSWENERGY,PUT OI FIX,1674,,,,,,,,,,1867,1867,1867,1867,1867
JSWENERGY,CALL DOI,,,,,,,,,,,791780,791780,791780,791780,791780
JSWENERGY,PUT DOI,,,,,,,,,,,-954322,-954322,-954322,-954322,-954322
JSWENERGY,CALL GEX,,,,,,,,,,,102343,102343,102343,102343,102343
JSWENERGY,PUT GEX,,,,,,,,,,,85045,85045,85045,85045,85045
JSWENERGY,GEX STRIKE,,,,,,,,,,,500.0,500.0,500.0,500.0,500.0
JSWENERGY,EXPIRY,,,,,,,,,,,2026-10-27,2026-10-27,2026-10-27,2026-10-27,2026-10-27
JSWSTEEL,PRICE,1233.0,1253.4,,,,,1235.6,1233.87,1284.2,1279.4,1233.0,1233.0,1233.0,1233.0,1233.0
JSWSTEEL,VWAP,,,,,,,,,,,,,,,
JSWSTEEL,CASH VOL,3158301,1329600,962593,58.44,64.39,,,,,,,,,,
JSWSTEEL,F&O VOL,29004,9128,,,,,,,,,29004,29004,29004,29004,29004
JSWSTEEL,F&O OI,71345,71345,,,,,,,,,72423,72423,72423,72423,72423
JSWSTEEL,CALL VOL,6074,1947,,,,,,,,,6074,6074,6074,6074,6074
JSWSTEEL,CALL OI,1312,1312,,,,,,,,,2672,2672,2672,2672,2672
JSWSTEEL,PUT VOL,8125,1829,,,,,,,,,8125,8125,8125,8125,8125
JSWSTEEL,PUT OI,2724,2724,,,,,,,,,3936,3936,3936,3936,3936
JSWSTEEL,CALL SPRD,,,,,,,,,,,15.38,15.38,15.38,15.38,15.38
JSWSTEEL,PUT SPRD,,,,,,,,,,,15.0,15.0,15.0,15.0,15.0
JSWSTEEL,CALL OI FIX,1312,,,,,,,,,,2672,2672,2672,2672,2672
JSWSTEEL,PUT OI FIX,2724,,,,,,,,,,3936,3936,3936,3936,3936
JSWSTEEL,CALL DOI,,,,,,,,,,,731037,731037,731037,731037,731037
JSWSTEEL,PUT DOI,,,,,,,,,,,-1256848,-1256848,-1256848,-1256848,-1256848
JSWSTEEL,CALL GEX,,,,,,,,,,,110714,110714,110714,110714,110714
JSWSTEEL,PUT GEX,,,,,,,,,,,137829,137829,137829,137829,137829
JSWSTEEL,GEX STRIKE,,,,,,,,,,,1280.0,1280.0,1280.0,1280.0,1280.0
JSWSTEEL,EXPIRY,,,,,,,,,,,2026-10-27,2026-10-27,2026-10-27,2026-10-27,2026-10-27
JUBLFOOD,PRICE,443.4,456.7,,,,,445.8,444.2,485.0,484.7,443.0,443.0,443.0,443.0,443.0
JUBLFOOD,VWAP,,,,,,,,,,,,,,,
JUBLFOOD,CASH VOL,1560787,797358,641785,46.12,43.16,,,,,,,,,,
JUBLFOOD,F&O VOL,9048,6808,,,,,,,,,9048,9048,9048,9048,9048
JUBLFOOD,F&O OI,22614,22614,,,,,,,,,23749,23749,23749,23749,23749
JUBLFOOD,CALL VOL,2596,1372,,,,,,,,,2596,2596,2596,2596,2596
JUBLFOOD,CALL OI,770,770,,,,,,,,,1332,1332,1332,1332,1332
JUBLFOOD,PUT VOL,2206,1276,,,,,,,,,2206,2206,2206,2206,2206
JUBLFOOD,PUT OI,1061,1061,,,,,,,,,1203,1203,1203,1203,1203
JUBLFOOD,CALL SPRD,,,,,,,,,,,27.27,27.27,27.27,27.27,27.27
JUBLFOOD,PUT SPRD,,,,,,,,,,,23.19,23.19,23.19,23.19,23.19
JUBLFOOD,CALL OI FIX,770,,,,,,,,,,1332,1332,1332,1332,1332
JUBLFOOD,PUT OI FIX,1061,,,,,,,,,,1203,1203,1203,1203,1203
JUBLFOOD,CALL DOI,,,,,,,,,,,706874,706874,706874,706874,706874
JUBLFOOD,PUT DOI,,,,,,,,,,,-631567,-631567,-631567,-631567,-631567
JUBLFOOD,CALL GEX,,,,,,,,,,,87557,87557,87557,87557,87557
JUBLFOOD,PUT GEX,,,,,,,,,,,52090,52090,52090,52090,52090
JUBLFOOD,GEX STRIKE,,,,,,,,,,,450.0,450.0,450.0,450.0,450.0
JUBLFOOD,EXPIRY,,,,,,,,,,,2026-10-27,2026-10-27,2026-10-27,2026-10-27,2026-10-27
KALYANKJIL,PRICE,528.5,553.15,,,,,539.02,532.01,578.67,574.89,528.0,528.0,528.0,528.0,528.0
KALYANKJIL,VWAP,,,,,,,,,,,,,,,
KALYANKJIL,CASH VOL,7831270,5559899,1667213,31.1,41.1,,,,,,,,,,
KALYANKJIL,F&O VOL,47538,25407,,,,,,,,,47538,47538,47538,47538,47538
KALYANKJIL,F&O OI,32694,32694,,,,,,,,,36888,36888,36888,36888,36888
KALYANKJIL,CALL VOL,11555,4637,,,,,,,,,11555,11555,11555,11555,11555
KALYANKJIL,CALL OI,2453,2453,,,,,,,,,4484,4484,4484,4484,4484
KALYANKJIL,PUT VOL,18759,9427,,,,,,,,,18759,18759,18759,18759,18759
KALYANKJIL,PUT OI,4994,4994,,,,,,,,,6094,6094,6094,6094,6094
KALYANKJIL,CALL SPRD,,,,,,,,,,,2.08,2.08,2.08,2.08,2.08
KALYANKJIL,PUT SPRD,,,,,,,,,,,1.36,1.36,1.36,1.36,1.36
KALYANKJIL,CALL OI FIX,2453,,,,,,,,,,4484,4484,4484,4484,4484
KALYANKJIL,PUT OI FIX,4994,,,,,,,,,,6094,6094,6094,6094,6094
KALYANKJIL,CALL DOI,,,,,,,,,,,2323931,2323931,2323931,2323931,2323931
KALYANKJIL,PUT DOI,,,,,,,,,,,-3796258,-3796258,-3796258,-3796258,-3796258
KALYANKJIL,CALL GEX,,,,,,,,,,,193374,193374,193374,193374,193374
KALYANKJIL,PUT GEX,,,,,,,,,,,233054,233054,233054,233054,233054
KALYANKJIL,GEX STRIKE,,,,,,,,,,,560.0,560.0,560.0,560.0,560.0
KALYANKJIL,EXPIRY,,,,,,,,,,,2026-10-27,2026-10-27,2026-10-27,2026-10-27,2026-10-27
KAYNES,PRICE,3399.0,3501.0,,,,,3443.4,3413.8,3612.22,3536.65,3399.0,3399.0,3399.0,3399.0,3399.0
KAYNES,VWAP,,,,,,,,,,,,,,,
KAYNES,CASH VOL,964281,720015,230268,24.82,25.29,,,,,,,,,,
KAYNES,F&O VOL,18733,17408,,,,,,,,,18733,18733,18733,18733,18733
KAYNES,F&O OI,36263,36263,,,,,,,,,38647,38647,38647,38647,38647
KAYNES,CALL VOL,5917,6737,,,,,,,,,5917,5917,5917,5917,5917
KAYNES,CALL OI,3319,3319,,,,,,,,,3847,3847,3847,3847,3847
KAYNES,PUT VOL,3219,2880,,,,,,,,,3219,3219,3219,3219,3219
KAYNES,PUT OI,3965,3965,,,,,,,,,4226,4226,4226,4226,4226
KAYNES,CALL SPRD,,,,,,,,,,,9.39,9.39,9.39,9.39,9.39
KAYNES,PUT SPRD,,,,,,,,,,,7.79,7.79,7.79,7.79,7.79
KAYNES,CALL OI FIX,3319,,,,,,,,,,3847,3847,3847,3847,3847
KAYNES,PUT OI FIX,3965,,,,,,,,,,4226,4226,4226,4226,4226
KAYNES,CALL DOI,,,,,,,,,,,217127,217127,217127,217127,217127
KAYNES,PUT DOI,,,,,,,,,,,-299587,-299587,-299587,-299587,-299587
KAYNES,CALL GEX,,,,,,,,,,,21189,21189,21189,21189,21189
KAYNES,PUT GEX,,,,,,,,,,,15997,15997,15997,15997,15997
KAYNES,GEX STRIKE,,,,,,,,,,,3600.0,3600.0,3600.0,3600.0,3600.0
KAYNES,EXPIRY,,,,,,,,,,,2026-10-27,2026-10-27,2026-10-27,2026-10-27,2026-10-27
KEI,PRICE,4502.0,4455.0,,,,,4498.37,4491.1,4667.0,4654.0,4502.0,4502.0,4502.0,4502.0,4502.0
KEI,VWAP,,,,,,,,,,,,,,,
KEI,CASH VOL,320912,182773,57313,43.82,47.5,,,,,,,,,,
KEI,F&O VOL,8961,7580,,,,,,,,,8961,8961,8961,8961,8961
KEI,F&O OI,20622,20622,,,,,,,,,20526,20526,20526,20526,20526
KEI,CALL VOL,4369,3799,,,,,,,,,4369,4369,4369,4369,4369
KEI,CALL OI,3573,3573,,,,,,,,,3669,3669,3669,3669,3669
KEI,PUT VOL,2305,2251,,,,,,,,,2305,2305,2305,2305,2305
KEI,PUT OI,3545,3545,,,,,,,,,3747,3747,3747,3747,3747
KEI,CALL SPRD,,,,,,,,,,,2.09,2.09,2.09,2.09,2.09
KEI,PUT SPRD,,,,,,,,,,,1.97,1.97,1.97,1.97,1.97
KEI,CALL OI FIX,3573,,,,,,,,,,3669,3669,3669,3669,3669
KEI,PUT OI FIX,3545,,,,,,,,,,3747,3747,3747,3747,3747
KEI,CALL DOI,,,,,,,,,,,205801,205801,205801,205801,205801
KEI,PUT DOI,,,,,,,,,,,-269115,-269115,-269115,-269115,-269115
KEI,CALL GEX,,,,,,,,,,,28649,28649,28649,28649,28649
KEI,PUT GEX,,,,,,,,,,,24254,24254,24254,24254,24254
KEI,GEX STRIKE,,,,,,,,,,,4700.0,4700.0,4700.0,4700.0,4700.0
KEI,EXPIRY,,,,,,,,,,,2026-10-27,2026-10-27,2026-10-27,2026-10-27,2026-10-27
KFINTECH,PRICE,832.0,840.0,,,,,832.6,832.2,902.65,893.42,832.0,832.0,832.0,832.0,832.0
KFINTECH,VWAP,,,,,,,,,,,,,,,
KFINTECH,CASH VOL,857914,489013,166094,45.86,36.78,,,,,,,,,,
KFINTECH,F&O VOL,3900,3974,,,,,,,,,3900,3900,3900,3900,3900
KFINTECH,F&O OI,12832,12832,,,,,,,,,13449,13449,13449,13449,13449
KFINTECH,CALL VOL,1330,1434,,,,,,,,,1330,1330,1330,1330,1330
KFINTECH,CALL OI,1355,1355,,,,,,,,,1488,1488,1488,1488,1488
KFINTECH,PUT VOL,949,1113,,,,,,,,,949,949,949,949,949
KFINTECH,PUT OI,1612,1612,,,,,,,,,1672,1672,1672,1672,1672
KFINTECH,CALL SPRD,,,,,,,,,,,2.86,2.86,2.86,2.86,2.86
KFINTECH,PUT SPRD,,,,,,,,,,,2.09,2.09,2.09,2.09,2.09
KFINTECH,CALL OI FIX,1355,,,,,,,,,,1488,1488,1488,1488,1488
KFINTECH,PUT OI FIX,1612,,,,,,,,,,1672,1672,1672,1672,1672
KFINTECH,CALL DOI,,,,,,,,,,,242941,242941,242941,242941,242941
KFINTECH,PUT DOI,,,,,,,,,,,-407195,-407195,-407195,-407195,-407195
KFINTECH,CALL GEX,,,,,,,,,,,36284,36284,36284,36284,36284
KFINTECH,PUT GEX,,,,,,,,,,,26735,26735,26735,26735,26735
KFINTECH,GEX STRIKE,,,,,,,,,,,900.0,900.0,900.0,900.0,900.0
KFINTECH,EXPIRY,,,,,,,,,,,2026-10-27,2026-10-27,2026-10-27,2026-10-27,2026-10-27
KOTAKBANK,PRICE,418.35,417.0,,,,,425.83,420.84,408.55,405.52,418.0,418.0,418.0,418.0,418.0
KOTAKBANK,VWAP,,,,,,,,,,,,,,,
KOTAKBANK,CASH VOL,76637247,32537029,9716175,58.17,76.63,,,,,,,,,,
KOTAKBANK,F&O VOL,190714,71287,,,,,,,,,190714,190714,190714,190714,190714
KOTAKBANK,F&O OI,113158,113158,,,,,,,,,122843,122843,122843,122843,122843
KOTAKBANK,CALL VOL,77339,34961,,,,,,,,,77339,77339,77339,77339,77339
KOTAKBANK,CALL OI,15533,15533,,,,,,,,,20237,20237,20237,20237,20237
KOTAKBANK,PUT VOL,53712,13570,,,,,,,,,53712,53712,53712,53712,53712
KOTAKBANK,PUT OI,5864,5864,,,,,,,,,9491,9491,9491,9491,9491
KOTAKBANK,CALL SPRD,,,,,,,,,,,2.54,2.54,2.54,2.54,2.54
KOTAKBANK,PUT SPRD,,,,,,,,,,,1.14,1.14,1.14,1.14,1.14
KOTAKBANK,CALL OI FIX,15533,,,,,,,,,,20237,20237,20237,20237,20237
KOTAKBANK,PUT OI FIX,5864,,,,,,,,,,9491,9491,9491,9491,9491
KOTAKBANK,CALL DOI,,,,,,,,,,,20571367,20571367,20571367,20571367,20571367
KOTAKBANK,PUT DOI,,,,,,,,,,,-8096219,-8096219,-8096219,-8096219,-8096219
KOTAKBANK,CALL GEX,,,,,,,,,,,2183456,2183456,2183456,2183456,2183456
KOTAKBANK,PUT GEX,,,,,,,,,,,1143870,1143870,1143870,1143870,1143870
KOTAKBANK,GEX STRIKE,,,,,,,,,,,410.0,410.0,410.0,410.0,410.0
KOTAKBANK,EXPIRY,,,,,,,,,,,2026-10-27,2026-10-27,2026-10-27,2026-10-27,2026-10-27
KPITTECH,PRICE,492.0,499.1,,,,,496.95,493.65,523.85,520.88,492.0,492.0,492.0,492.0,492.0
KPITTECH,VWAP,,,,,,,,,,,,,,,
KPITTECH,CASH VOL,1989750,1625467,549275,28.42,32.2,,,,,,,,,,
KPITTECH,F&O VOL,13837,12152,,,,,,,,,13837,13837,13837,13837,13837
KPITTECH,F&O OI,24210,24210,,,,,,,,,25428,25428,25428,25428,25428
KPITTECH,CALL VOL,6590,4637,,,,,,,,,6590,6590,6590,6590,6590
KPITTECH,CALL OI,2526,2526,,,,,,,,,3473,3473,3473,3473,3473
KPITTECH,PUT VOL,2928,2614,,,,,,,,,2928,2928,2928,2928,2928
KPITTECH,PUT OI,2677,2677,,,,,,,,,2880,2880,2880,2880,2880
KPITTECH,CALL SPRD,,,,,,,,,,,12.47,12.47,12.47,12.47,12.47
KPITTECH,PUT SPRD,,,,,,,,,,,25.61,25.61,25.61,25.61,25.61
KPITTECH,CALL OI FIX,2526,,,,,,,,,,3473,3473,3473,3473,3473
KPITTECH,PUT OI FIX,2677,,,,,,,,,,2880,2880,2880,2880,2880
KPITTECH,CALL DOI,,,,,,,,,,,992381,992381,992381,992381,992381
KPITTECH,PUT DOI,,,,,,,,,,,-1114039,-1114039,-1114039,-1114039,-1114039
KPITTECH,CALL GEX,,,,,,,,,,,93767,93767,93767,93767,93767
KPITTECH,PUT GEX,,,,,,,,,,,73247,73247,73247,73247,73247
KPITTECH,GEX STRIKE,,,,,,,,,,,520.0,520.0,520.0,520.0,520.0
KPITTECH,EXPIRY,,,,,,,,,,,2026-10-27,2026-10-27,2026-10-27,2026-10-27,2026-10-27
LAURUSLABS,PRICE,1984.0,1980.0,,,,,1982.5,1979.5,2017.25,2010.42,1984.0,1984.0,1984.0,1984.0,1984.0
LAURUSLABS,VWAP,,,,,,,,,,,,,,,
LAURUSLABS,CASH VOL,1459687,1397926,338587,46.24,53.35,,,,,,,,,,
LAURUSLABS,F&O VOL,25981,26003,,,,,,,,,25981,25981,25981,25981,25981
LAURUSLABS,F&O OI,37542,37542,,,,,,,,,39595,39595,39595,39595,39595
LAURUSLABS,CALL VOL,8821,7569,,,,,,,,,8821,8821,8821,8821,8821
LAURUSLABS,CALL OI,5069,5069,,,,,,,,,5482,5482,5482,5482,5482
LAURUSLABS,PUT VOL,6106,7452,,,,,,,,,6106,6106,6106,6106,6106
LAURUSLABS,PUT OI,3460,3460,,,,,,,,,3729,3729,3729,3729,3729
LAURUSLABS,CALL SPRD,,,,,,,,,,,1.37,1.37,1.37,1.37,1.37
LAURUSLABS,PUT SPRD,,,,,,,,,,,1.26,1.26,1.26,1.26,1.26
LAURUSLABS,CALL OI FIX,5069,,,,,,,,,,5482,5482,5482,5482,5482
LAURUSLABS,PUT OI FIX,3460,,,,,,,,,,3729,3729,3729,3729,3729
LAURUSLABS,CALL DOI,,,,,,,,,,,2407316,2407316,2407316,2407316,2407316
LAURUSLABS,PUT DOI,,,,,,,,,,,-1252956,-1252956,-1252956,-1252956,-1252956
LAURUSLABS,CALL GEX,,,,,,,,,,,221016,221016,221016,221016,221016
LAURUSLABS,PUT GEX,,,,,,,,,,,126311,126311,126311,126311,126311
LAURUSLABS,GEX STRIKE,,,,,,,,,,,2000.0,2000.0,2000.0,2000.0,2000.0
LAURUSLABS,EXPIRY,,,,,,,,,,,2026-10-27,2026-10-27,2026-10-27,2026-10-27,2026-10-27
LICHSGFIN,PRICE,509.0,530.2,,,,,515.48,511.16,567.65,566.55,509.0,509.0,509.0,509.0,509.0
LICHSGFIN,VWAP,,,,,,,,,,,,,,,
LICHSGFIN,CASH VOL,5986497,5474497,1071183,47.67,45.34,,,,,,,,,,
LICHSGFIN,F&O VOL,30391,34454,,,,,,,,,30391,30391,30391,30391,30391
LICHSGFIN,F&O OI,45813,45813,,,,,,,,,51214,51214,51214,51214,51214
LICHSGFIN,CALL VOL,6171,3659,,,,,,,,,6171,6171,6171,6171,6171
LICHSGFIN,CALL OI,120,1095,,,,,,,,,1789,1789,1789,1789,1789
LICHSGFIN,PUT VOL,8946,7040,,,,,,,,,8946,8946,8946,8946,8946
LICHSGFIN,PUT OI,897,1574,,,,,,,,,3156,3156,3156,3156,3156
LICHSGFIN,CALL SPRD,,,,,,,,,,,2.23,2.23,2.23,2.23,2.23
LICHSGFIN,PUT SPRD,,,,,,,,,,,2.65,2.65,2.65,2.65,2.65
LICHSGFIN,CALL OI FIX,120,,,,,,,,,,1789,1789,1789,1789,1789
LICHSGFIN,PUT OI FIX,897,,,,,,,,,,3156,3156,3156,3156,3156
LICHSGFIN,CALL DOI,,,,,,,,,,,789682,789682,789682,789682,789682
LICHSGFIN,PUT DOI,,,,,,,,,,,-1316809,-1316809,-1316809,-1316809,-1316809
LICHSGFIN,CALL GEX,,,,,,,,,,,86029,86029,86029,86029,86029
LICHSGFIN,PUT GEX,,,,,,,,,,,141699,141699,141699,141699,141699
LICHSGFIN,GEX STRIKE,,,,,,,,,,,500.0,500.0,500.0,500.0,500.0
LICHSGFIN,EXPIRY,,,,,,,,,,,2026-10-27,2026-10-27,2026-10-27,2026-10-27,2026-10-27
LICI,PRICE,391.85,395.2,,,,,391.69,391.38,408.75,408.15,391.0,391.0,391.0,391.0,391.0
LICI,VWAP,,,,,,,,,,,,,,,
LICI,CASH VOL,5862855,6311852,2265478,52.54,62.44,,,,,,,,,,
LICI,F&O VOL,15077,13364,,,,,,,,,15077,15077,15077,15077,15077
LICI,F&O OI,47707,47707,,,,,,,,,48676,48676,48676,48676,48676
LICI,CALL VOL,5877,4067,,,,,,,,,5877,5877,5877,5877,5877
LICI,CALL OI,4577,4577,,,,,,,,,4871,4871,4871,4871,4871
LICI,PUT VOL,3385,2805,,,,,,,,,3385,3385,3385,3385,3385
LICI,PUT OI,4633,4633,,,,,,,,,5287,5287,5287,5287,5287
LICI,CALL SPRD,,,,,,,,,,,2.79,2.79,2.79,2.79,2.79
LICI,PUT SPRD,,,,,,,,,,,4.08,4.08,4.08,4.08,4.08
LICI,CALL OI FIX,4577,,,,,,,,,,4871,4871,4871,4871,4871
LICI,PUT OI FIX,4633,,,,,,,,,,5287,5287,5287,5287,5287
LICI,CALL DOI,,,,,,,,,,,2578140,2578140,2578140,2578140,2578140
LICI,PUT DOI,,,,,,,,,,,-3371821,-3371821,-3371821,-3371821,-3371821
LICI,CALL GEX,,,,,,,,,,,443257,443257,443257,443257,443257
LICI,PUT GEX,,,,,,,,,,,387470,387470,387470,387470,387470
LICI,GEX STRIKE,,,,,,,,,,,400.0,400.0,400.0,400.0,400.0
LICI,EXPIRY,,,,,,,,,,,2026-10-27,2026-10-27,2026-10-27,2026-10-27,2026-10-27
LODHA,PRICE,1105.6,1135.0,,,,,1106.15,1105.78,1162.1,1156.3,1105.0,1105.0,1105.0,1105.0,1105.0
LODHA,VWAP,,,,,,,,,,,,,,,
LODHA,CASH VOL,2249380,1779057,485948,54.2,45.3,,,,,,,,,,
LODHA,F&O VOL,11973,12639,,,,,,,,,11973,11973,11973,11973,11973
LODHA,F&O OI,15089,15089,,,,,,,,,15609,15609,15609,15609,15609
LODHA,CALL VOL,3684,4044,,,,,,,,,3684,3684,3684,3684,3684
LODHA,CALL OI,1450,1450,,,,,,,,,1949,1949,1949,1949,1949
LODHA,PUT VOL,4516,3438,,,,,,,,,4516,4516,4516,4516,4516
LODHA,PUT OI,1695,1695,,,,,,,,,1788,1788,1788,1788,1788
LODHA,CALL SPRD,,,,,,,,,,,2.23,2.23,2.23,2.23,2.23
LODHA,PUT SPRD,,,,,,,,,,,2.59,2.59,2.59,2.59,2.59
LODHA,CALL OI FIX,1450,,,,,,,,,,1949,1949,1949,1949,1949
LODHA,PUT OI FIX,1695,,,,,,,,,,1788,1788,1788,1788,1788
LODHA,CALL DOI,,,,,,,,,,,523203,523203,523203,523203,523203
LODHA,PUT DOI,,,,,,,,,,,-460140,-460140,-460140,-460140,-460140
LODHA,CALL GEX,,,,,,,,,,,46960,46960,46960,46960,46960
LODHA,PUT GEX,,,,,,,,,,,40798,40798,40798,40798,40798
LODHA,GEX STRIKE,,,,,,,,,,,1100.0,1100.0,1100.0,1100.0,1100.0
LODHA,EXPIRY,,,,,,,,,,,2026-10-27,2026-10-27,2026-10-27,2026-10-27,2026-10-27
LT,PRICE,3693.4,3760.0,,,,,3696.6,3694.47,3893.7,3882.03,3693.0,3693.0,3693.0,3693.0,3693.0
LT,VWAP,,,,,,,,,,,,,,,
LT,CASH VOL,2220932,2396040,786331,59.8,70.23,,,,,,,,,,
LT,F&O VOL,60272,53226,,,,,,,,,60272,60272,60272,60272,60272
LT,F&O OI,114568,114568,,,,,,,,,118846,118846,118846,118846,118846
LT,CALL VOL,23668,21514,,,,,,,,,23668,23668,23668,23668,23668
LT,CALL OI,12007,12007,,,,,,,,,13324,13324,13324,13324,13324
LT,PUT VOL,15681,13696,,,,,,,,,15681,15681,15681,15681,15681
LT,PUT OI,13751,13751,,,,,,,,,14704,14704,14704,14704,14704
LT,CALL SPRD,,,,,,,,,,,1.99,1.99,1.99,1.99,1.99
LT,PUT SPRD,,,,,,,,,,,2.04,2.04,2.04,2.04,2.04
LT,CALL OI FIX,12007,,,,,,,,,,13324,13324,13324,13324,13324
LT,PUT OI FIX,13751,,,,,,,,,,14704,14704,14704,14704,14704
LT,CALL DOI,,,,,,,,,,,816542,816542,816542,816542,816542
LT,PUT DOI,,,,,,,,,,,-1381563,-1381563,-1381563,-1381563,-1381563
LT,CALL GEX,,,,,,,,,,,146036,146036,146036,146036,146036
LT,PUT GEX,,,,,,,,,,,142203,142203,142203,142203,142203
LT,GEX STRIKE,,,,,,,,,,,3800.0,3800.0,3800.0,3800.0,3800.0
LT,EXPIRY,,,,,,,,,,,2026-10-27,2026-10-27,2026-10-27,2026-10-27,2026-10-27
LTF,PRICE,264.35,265.0,,,,,266.77,265.16,295.85,287.95,264.0,264.0,264.0,264.0,264.0
LTF,VWAP,,,,,,,,,,,,,,,
LTF,CASH VOL,7097076,6415013,1058108,44.81,42.48,,,,,,,,,,
LTF,F&O VOL,22010,19378,,,,,,,,,22010,22010,22010,22010,22010
LTF,F&O OI,46774,46774,,,,,,,,,47570,47570,47570,47570,47570
LTF,CALL VOL,6259,5684,,,,,,,,,6259,6259,6259,6259,6259
LTF,CALL OI,5879,5879,,,,,,,,,6456,6456,6456,6456,6456
LTF,PUT VOL,7959,5902,,,,,,,,,7959,7959,7959,7959,7959
LTF,PUT OI,8544,8544,,,,,,,,,9386,9386,9386,9386,9386
LTF,CALL SPRD,,,,,,,,,,,2.44,2.44,2.44,2.44,2.44
LTF,PUT SPRD,,,,,,,,,,,3.46,3.46,3.46,3.46,3.46
LTF,CALL OI FIX,5879,,,,,,,,,,6456,6456,6456,6456,6456
LTF,PUT OI FIX,8544,,,,,,,,,,9386,9386,9386,9386,9386
LTF,CALL DOI,,,,,,,,,,,4446970,4446970,4446970,4446970,4446970
LTF,PUT DOI,,,,,,,,,,,-9326156,-9326156,-9326156,-9326156,-9326156
LTF,CALL GEX,,,,,,,,,,,523504,523504,523504,523504,523504
LTF,PUT GEX,,,,,,,,,,,686023,686023,686023,686023,686023
LTF,GEX STRIKE,,,,,,,,,,,280.0,280.0,280.0,280.0,280.0
LTF,EXPIRY,,,,,,,,,,,2026-10-27,2026-10-27,2026-10-27,2026-10-27,2026-10-27
LTM,PRICE,4007.0,4045.0,,,,,4012.45,4008.82,4093.3,4086.43,4007.0,4007.0,4007.0,4007.0,4007.0
LTM,VWAP,,,,,,,,,,,,,,,
LTM,CASH VOL,479221,463734,136620,38.92,22.98,,,,,,,,,,
LTM,F&O VOL,16187,29219,,,,,,,,,16187,16187,16187,16187,16187
LTM,F&O OI,42635,42635,,,,,,,,,42433,42433,42433,42433,42433
LTM,CALL VOL,6026,13165,,,,,,,,,6026,6026,6026,6026,6026
LTM,CALL OI,3485,3485,,,,,,,,,3623,3623,3623,3623,3623
LTM,PUT VOL,2819,4521,,,,,,,,,2819,2819,2819,2819,2819
LTM,PUT OI,2906,2906,,,,,,,,,3187,3187,3187,3187,3187
LTM,CALL SPRD,,,,,,,,,,,1.75,1.75,1.75,1.75,1.75
LTM,PUT SPRD,,,,,,,,,,,1.89,1.89,1.89,1.89,1.89
LTM,CALL OI FIX,3485,,,,,,,,,,3623,3623,3623,3623,3623
LTM,PUT OI FIX,2906,,,,,,,,,,3187,3187,3187,3187,3187
LTM,CALL DOI,,,,,,,,,,,274739,274739,274739,274739,274739
LTM,PUT DOI,,,,,,,,,,,-203872,-203872,-203872,-203872,-203872
LTM,CALL GEX,,,,,,,,,,,23305,23305,23305,23305,23305
LTM,PUT GEX,,,,,,,,,,,16184,16184,16184,16184,16184
LTM,GEX STRIKE,,,,,,,,,,,4000.0,4000.0,4000.0,4000.0,4000.0
LTM,EXPIRY,,,,,,,,,,,2026-10-27,2026-10-27,2026-10-27,2026-10-27,2026-10-27
LUPIN,PRICE,2031.2,2030.2,,,,,2028.85,2024.15,2106.25,2096.75,2031.0,2031.0,2031.0,2031.0,2031.0
LUPIN,VWAP,,,,,,,,,,,,,,,
LUPIN,CASH VOL,825892,1085192,288332,55.73,63.89,,,,,,,,,,
LUPIN,F&O VOL,14027,19202,,,,,,,,,14027,14027,14027,14027,14027
LUPIN,F&O OI,28298,28298,,,,,,,,,29036,29036,29036,29036,29036
LUPIN,CALL VOL,5984,7325,,,,,,,,,5984,5984,5984,5984,5984
LUPIN,CALL OI,3427,3427,,,,,,,,,3807,3807,3807,3807,3807
LUPIN,PUT VOL,4532,6951,,,,,,,,,4532,4532,4532,4532,4532
LUPIN,PUT OI,3696,3696,,,,,,,,,3813,3813,3813,3813,3813
LUPIN,CALL SPRD,,,,,,,,,,,4.13,4.13,4.13,4.13,4.13
LUPIN,PUT SPRD,,,,,,,,,,,16.12,16.12,16.12,16.12,16.12
LUPIN,CALL OI FIX,3427,,,,,,,,,,3807,3807,3807,3807,3807
LUPIN,PUT OI FIX,3696,,,,,,,,,,3813,3813,3813,3813,3813
LUPIN,CALL DOI,,,,,,,,,,,554269,554269,554269,554269,554269
LUPIN,PUT DOI,,,,,,,,,,,-833038,-833038,-833038,-833038,-833038
LUPIN,CALL GEX,,,,,,,,,,,114036,114036,114036,114036,114036
LUPIN,PUT GEX,,,,,,,,,,,88942,88942,88942,88942,88942
LUPIN,GEX STRIKE,,,,,,,,,,,2100.0,2100.0,2100.0,2100.0,2100.0
LUPIN,EXPIRY,,,,,,,,,,,2026-10-27,2026-10-27,2026-10-27,2026-10-27,2026-10-27
M&M,PRICE,2860.0,2950.0,,,,,2869.7,2863.23,3033.12,3029.35,2860.0,2860.0,2860.0,2860.0,2860.0
M&M,VWAP,,,,,,,,,,,,,,,
M&M,CASH VOL,5453321,2332540,1289580,58.85,61.01,,,,,,,,,,
M&M,F&O VOL,143206,57079,,,,,,,,,143206,143206,143206,143206,143206
M&M,F&O OI,106520,106520,,,,,,,,,112715,112715,112715,112715,112715
M&M,CALL VOL,61294,23385,,,,,,,,,61294,61294,61294,61294,61294
M&M,CALL OI,12641,12641,,,,,,,,,19962,19962,19962,19962,19962
M&M,PUT VOL,49880,14424,,,,,,,,,49880,49880,49880,49880,49880
M&M,PUT OI,11901,11901,,,,,,,,,12927,12927,12927,12927,12927
M&M,CALL SPRD,,,,,,,,,,,1.45,1.45,1.45,1.45,1.45
M&M,PUT SPRD,,,,,,,,,,,0.79,0.79,0.79,0.79,0.79
M&M,CALL OI FIX,12641,,,,,,,,,,19962,19962,19962,19962,19962
M&M,PUT OI FIX,11901,,,,,,,,,,12927,12927,12927,12927,12927
M&M,CALL DOI,,,,,,,,,,,1238578,1238578,1238578,1238578,1238578
M&M,PUT DOI,,,,,,,,,,,-1374412,-1374412,-1374412,-1374412,-1374412
M&M,CALL GEX,,,,,,,,,,,209047,209047,209047,209047,209047
M&M,PUT GEX,,,,,,,,,,,111491,111491,111491,111491,111491
M&M,GEX STRIKE,,,,,,,,,,,3000.0,3000.0,3000.0,3000.0,3000.0
M&M,EXPIRY,,,,,,,,,,,2026-10-27,2026-10-27,2026-10-27,2026-10-27,2026-10-27
MANAPPURAM,PRICE,308.9,315.85,,,,,310.4,309.4,330.57,323.7,308.0,308.0,308.0,308.0,308.0
MANAPPURAM,VWAP,,,,,,,,,,,,,,,
MANAPPURAM,CASH VOL,7653852,3430831,879108,49.09,31.88,,,,,,,,,,
MANAPPURAM,F&O VOL,10375,8104,,,,,,,,,10375,10375,10375,10375,10375
MANAPPURAM,F&O OI,25846,25846,,,,,,,,,26326,26326,26326,26326,26326
MANAPPURAM,CALL VOL,4149,3091,,,,,,,,,4149,4149,4149,4149,4149
MANAPPURAM,CALL OI,1512,1512,,,,,,,,,2121,2121,2121,2121,2121
MANAPPURAM,PUT VOL,2384,1514,,,,,,,,,2384,2384,2384,2384,2384
MANAPPURAM,PUT OI,1250,1250,,,,,,,,,1541,1541,1541,1541,1541
MANAPPURAM,CALL SPRD,,,,,,,,,,,3.31,3.31,3.31,3.31,3.31
MANAPPURAM,PUT SPRD,,,,,,,,,,,3.49,3.49,3.49,3.49,3.49
MANAPPURAM,CALL OI FIX,1512,,,,,,,,,,2121,2121,2121,2121,2121
MANAPPURAM,PUT OI FIX,1250,,,,,,,,,,1541,1541,1541,1541,1541
MANAPPURAM,CALL DOI,,,,,,,,,,,2514810,2514810,2514810,2514810,2514810
MANAPPURAM,PUT DOI,,,,,,,,,,,-2106028,-2106028,-2106028,-2106028,-2106028
MANAPPURAM,CALL GEX,,,,,,,,,,,327561,327561,327561,327561,327561
MANAPPURAM,PUT GEX,,,,,,,,,,,191544,191544,191544,191544,191544
MANAPPURAM,GEX STRIKE,,,,,,,,,,,320.0,320.0,320.0,320.0,320.0
MANAPPURAM,EXPIRY,,,,,,,,,,,2026-10-27,2026-10-27,2026-10-27,2026-10-27,2026-10-27
MANKIND,PRICE,2535.0,2503.8,,,,,2525.18,2505.55,2473.82,2471.65,2535.0,2535.0,2535.0,2535.0,2535.0
MANKIND,VWAP,,,,,,,,,,,,,,,
MANKIND,CASH VOL,427905,1311278,113799,53.59,59.04,,,,,,,,,,
MANKIND,F&O VOL,9638,25335,,,,,,,,,9638,9638,9638,9638,9638
MANKIND,F&O OI,17405,17405,,,,,,,,,17750,17750,17750,17750,17750
MANKIND,CALL VOL,3447,9445,,,,,,,,,3447,3447,3447,3447,3447
MANKIND,CALL OI,2113,2113,,,,,,,,,1964,1964,1964,1964,1964
MANKIND,PUT VOL,1397,5226,,,,,,,,,1397,1397,1397,1397,1397
MANKIND,PUT OI,1224,1224,,,,,,,,,1196,1196,1196,1196,1196
MANKIND,CALL SPRD,,,,,,,,,,,15.45,15.45,15.45,15.45,15.45
MANKIND,PUT SPRD,,,,,,,,,,,40.4,40.4,40.4,40.4,40.4
MANKIND,CALL OI FIX,2113,,,,,,,,,,1964,1964,1964,1964,1964
MANKIND,PUT OI FIX,1224,,,,,,,,,,1196,1196,1196,1196,1196
MANKIND,CALL DOI,,,,,,,,,,,283096,283096,283096,283096,283096
MANKIND,PUT DOI,,,,,,,,,,,-108690,-108690,-108690,-108690,-108690
MANKIND,CALL GEX,,,,,,,,,,,33345,33345,33345,33345,33345
MANKIND,PUT GEX,,,,,,,,,,,13193,13193,13193,13193,13193
MANKIND,GEX STRIKE,,,,,,,,,,,2500.0,2500.0,2500.0,2500.0,2500.0
MANKIND,EXPIRY,,,,,,,,,,,2026-10-27,2026-10-27,2026-10-27,2026-10-27,2026-10-27
MARICO,PRICE,781.35,786.0,,,,,780.44,778.62,820.12,819.38,781.0,781.0,781.0,781.0,781.0
MARICO,VWAP,,,,,,,,,,,,,,,
MARICO,CASH VOL,1777571,2455494,436721,57.74,63.87,,,,,,,,,,
MARICO,F&O VOL,20834,6979,,,,,,,,,20834,20834,20834,20834,20834
MARICO,F&O OI,19212,19212,,,,,,,,,21458,21458,21458,21458,21458
MARICO,CALL VOL,7285,2279,,,,,,,,,7285,7285,7285,7285,7285
MARICO,CALL OI,1243,1243,,,,,,,,,2142,2142,2142,2142,2142
MARICO,PUT VOL,7163,2193,,,,,,,,,7163,7163,7163,7163,7163
MARICO,PUT OI,1739,1739,,,,,,,,,2268,2268,2268,2268,2268
MARICO,CALL SPRD,,,,,,,,,,,6.1,6.1,6.1,6.1,6.1
MARICO,PUT SPRD,,,,,,,,,,,8.26,8.26,8.26,8.26,8.26
MARICO,CALL OI FIX,1243,,,,,,,,,,2142,2142,2142,2142,2142
MARICO,PUT OI FIX,1739,,,,,,,,,,2268,2268,2268,2268,2268
MARICO,CALL DOI,,,,,,,,,,,993234,993234,993234,993234,993234
MARICO,PUT DOI,,,,,,,,,,,-1287677,-1287677,-1287677,-1287677,-1287677
MARICO,CALL GEX,,,,,,,,,,,152924,152924,152924,152924,152924
MARICO,PUT GEX,,,,,,,,,,,163404,163404,163404,163404,163404
MARICO,GEX STRIKE,,,,,,,,,,,800.0,800.0,800.0,800.0,800.0
MARICO,EXPIRY,,,,,,,,,,,2026-10-27,2026-10-27,2026-10-27,2026-10-27,2026-10-27
MARUTI,PRICE,11386.0,11967.0,,,,,11606.0,11459.33,12125.0,12085.0,11386.0,11386.0,11386.0,11386.0,11386.0
MARUTI,VWAP,,,,,,,,,,,,,,,
MARUTI,CASH VOL,885820,430286,203027,45.98,55.68,,,,,,,,,,
MARUTI,F&O VOL,185571,90312,,,,,,,,,185571,185571,185571,185571,185571
MARUTI,F&O OI,103290,103290,,,,,,,,,125537,125537,125537,125537,125537
MARUTI,CALL VOL,30585,35226,,,,,,,,,30585,30585,30585,30585,30585
MARUTI,CALL OI,1682,14759,,,,,,,,,7838,7838,7838,7838,7838
MARUTI,PUT VOL,45855,18965,,,,,,,,,45855,45855,45855,45855,45855
MARUTI,PUT OI,9279,11931,,,,,,,,,10774,10774,10774,10774,10774
MARUTI,CALL SPRD,,,,,,,,,,,1.86,1.86,1.86,1.86,1.86
MARUTI,PUT SPRD,,,,,,,,,,,2.51,2.51,2.51,2.51,2.51
MARUTI,CALL OI FIX,1682,,,,,,,,,,7838,7838,7838,7838,7838
MARUTI,PUT OI FIX,9279,,,,,,,,,,10774,10774,10774,10774,10774
MARUTI,CALL DOI,,,,,,,,,,,166340,166340,166340,166340,166340
MARUTI,PUT DOI,,,,,,,,,,,-240997,-240997,-240997,-240997,-240997
MARUTI,CALL GEX,,,,,,,,,,,23793,23793,23793,23793,23793
MARUTI,PUT GEX,,,,,,,,,,,27355,27355,27355,27355,27355
MARUTI,GEX STRIKE,,,,,,,,,,,11500.0,11500.0,11500.0,11500.0,11500.0
MARUTI,EXPIRY,,,,,,,,,,,2026-10-27,2026-10-27,2026-10-27,2026-10-27,2026-10-27
MAXHEALTH,PRICE,940.95,929.8,,,,,935.98,926.02,1038.5,1022.17,940.0,940.0,940.0,940.0,940.0
MAXHEALTH,VWAP,,,,,,,,,,,,,,,
MAXHEALTH,CASH VOL,5464461,13817675,1233837,52.55,55.89,,,,,,,,,,
MAXHEALTH,F&O VOL,50749,135553,,,,,,,,,50749,50749,50749,50749,50749
MAXHEALTH,F&O OI,42236,42236,,,,,,,,,39820,39820,39820,39820,39820
MAXHEALTH,CALL VOL,16093,32628,,,,,,,,,16093,16093,16093,16093,16093
MAXHEALTH,CALL OI,5180,5180,,,,,,,,,3857,3857,3857,3857,3857
MAXHEALTH,PUT VOL,14264,51190,,,,,,,,,14264,14264,14264,14264,14264
MAXHEALTH,PUT OI,4548,4548,,,,,,,,,4457,4457,4457,4457,4457
MAXHEALTH,CALL SPRD,,,,,,,,,,,2.14,2.14,2.14,2.14,2.14
MAXHEALTH,PUT SPRD,,,,,,,,,,,1.97,1.97,1.97,1.97,1.97
MAXHEALTH,CALL OI FIX,5180,,,,,,,,,,3857,3857,3857,3857,3857
MAXHEALTH,PUT OI FIX,4548,,,,,,,,,,4457,4457,4457,4457,4457
MAXHEALTH,CALL DOI,,,,,,,,,,,1103044,1103044,1103044,1103044,1103044
MAXHEALTH,PUT DOI,,,,,,,,,,,-885630,-885630,-885630,-885630,-885630
MAXHEALTH,CALL GEX,,,,,,,,,,,104500,104500,104500,104500,104500
MAXHEALTH,PUT GEX,,,,,,,,,,,98742,98742,98742,98742,98742
MAXHEALTH,GEX STRIKE,,,,,,,,,,,900.0,900.0,900.0,900.0,900.0
MAXHEALTH,EXPIRY,,,,,,,,,,,2026-10-27,2026-10-27,2026-10-27,2026-10-27,2026-10-27
MAZDOCK,PRICE,2064.0,2113.0,,,,,2073.4,2067.13,2218.05,2205.75,2064.0,2064.0,2064.0,2064.0,2064.0
MAZDOCK,VWAP,,,,,,,,,,,,,,,
MAZDOCK,CASH VOL,648362,510455,198641,39.98,30.65,,,,,,,,,,
MAZDOCK,F&O VOL,22153,19399,,,,,,,,,22153,22153,22153,22153,22153
MAZDOCK,F&O OI,42122,42122,,,,,,,,,44435,44435,44435,44435,44435
MAZDOCK,CALL VOL,4115,2336,,,,,,,,,4115,4115,4115,4115,4115
MAZDOCK,CALL OI,1902,1902,,,,,,,,,3177,3177,3177,3177,3177
MAZDOCK,PUT VOL,4494,4224,,,,,,,,,4494,4494,4494,4494,4494
MAZDOCK,PUT OI,3544,3544,,,,,,,,,4024,4024,4024,4024,4024
MAZDOCK,CALL SPRD,,,,,,,,,,,3.97,3.97,3.97,3.97,3.97
MAZDOCK,PUT SPRD,,,,,,,,,,,10.28,10.28,10.28,10.28,10.28
MAZDOCK,CALL OI FIX,1902,,,,,,,,,,3177,3177,3177,3177,3177
MAZDOCK,PUT OI FIX,3544,,,,,,,,,,4024,4024,4024,4024,4024
MAZDOCK,CALL DOI,,,,,,,,,,,296735,296735,296735,296735,296735
MAZDOCK,PUT DOI,,,,,,,,,,,-442313,-442313,-442313,-442313,-442313
MAZDOCK,CALL GEX,,,,,,,,,,,34296,34296,34296,34296,34296
MAZDOCK,PUT GEX,,,,,,,,,,,36348,36348,36348,36348,36348
MAZDOCK,GEX STRIKE,,,,,,,,,,,2100.0,2100.0,2100.0,2100.0,2100.0
MAZDOCK,EXPIRY,,,,,,,,,,,2026-10-27,2026-10-27,2026-10-27,2026-10-27,2026-10-27
MCX,PRICE,3204.0,3300.4,,,,,3262.45,3223.48,3347.1,3332.3,3204.0,3204.0,3204.0,3204.0,3204.0
MCX,VWAP,,,,,,,,,,,,,,,
MCX,CASH VOL,2002629,2066935,608237,47.86,46.58,,,,,,,,,,
MCX,F&O VOL,50257,55959,,,,,,,,,50257,50257,50257,50257,50257
MCX,F&O OI,61252,61252,,,,,,,,,64250,64250,64250,64250,64250
MCX,CALL VOL,12158,15656,,,,,,,,,12158,12158,12158,12158,12158
MCX,CALL OI,7536,7536,,,,,,,,,9329,9329,9329,9329,9329
MCX,PUT VOL,17785,17865,,,,,,,,,17785,17785,17785,17785,17785
MCX,PUT OI,9168,9168,,,,,,,,,8946,8946,8946,8946,8946
MCX,CALL SPRD,,,,,,,,,,,2.14,2.14,2.14,2.14,2.14
MCX,PUT SPRD,,,,,,,,,,,1.86,1.86,1.86,1.86,1.86
MCX,CALL OI FIX,7536,,,,,,,,,,9329,9329,9329,9329,9329
MCX,PUT OI FIX,9168,,,,,,,,,,8946,8946,8946,8946,8946
MCX,CALL DOI,,,,,,,,,,,886895,886895,886895,886895,886895
MCX,PUT DOI,,,,,,,,,,,-890410,-890410,-890410,-890410,-890410
MCX,CALL GEX,,,,,,,,,,,79540,79540,79540,79540,79540
MCX,PUT GEX,,,,,,,,,,,69659,69659,69659,69659,69659
MCX,GEX STRIKE,,,,,,,,,,,3300.0,3300.0,3300.0,3300.0,3300.0
MCX,EXPIRY,,,,,,,,,,,2026-10-27,2026-10-27,2026-10-27,2026-10-27,2026-10-27
MFSL,PRICE,1392.0,1373.4,,,,,1389.25,1383.75,1470.6,1462.2,1392.0,1392.0,1392.0,1392.0,1392.0
MFSL,VWAP,,,,,,,,,,,,,,,
MFSL,CASH VOL,1151973,931017,213470,54.21,50.03,,,,,,,,,,
MFSL,F&O VOL,10280,13713,,,,,,,,,10280,10280,10280,10280,10280
MFSL,F&O OI,19821,19821,,,,,,,,,19532,19532,19532,19532,19532
MFSL,CALL VOL,3406,4415,,,,,,,,,3406,3406,3406,3406,3406
MFSL,CALL OI,2040,2040,,,,,,,,,1980,1980,1980,1980,1980
MFSL,PUT VOL,3108,4589,,,,,,,,,3108,3108,3108,3108,3108
MFSL,PUT OI,1934,1934,,,,,,,,,2005,2005,2005,2005,2005
MFSL,CALL SPRD,,,,,,,,,,,2.5,2.5,2.5,2.5,2.5
MFSL,PUT SPRD,,,,,,,,,,,2.04,2.04,2.04,2.04,2.04
MFSL,CALL OI FIX,2040,,,,,,,,,,1980,1980,1980,1980,1980
MFSL,PUT OI FIX,1934,,,,,,,,,,2005,2005,2005,2005,2005
MFSL,CALL DOI,,,,,,,,,,,299928,299928,299928,299928,299928
MFSL,PUT DOI,,,,,,,,,,,-327176,-327176,-327176,-327176,-327176
MFSL,CALL GEX,,,,,,,,,,,38525,38525,38525,38525,38525
MFSL,PUT GEX,,,,,,,,,,,32445,32445,32445,32445,32445
MFSL,GEX STRIKE,,,,,,,,,,,1400.0,1400.0,1400.0,1400.0,1400.0
MFSL,EXPIRY,,,,,,,,,,,2026-10-27,2026-10-27,2026-10-27,2026-10-27,2026-10-27
MOTHERSON,PRICE,157.03,163.26,,,,,158.04,157.37,164.96,163.47,157.0,157.0,157.0,157.0,157.0
MOTHERSON,VWAP,,,,,,,,,,,,,,,
MOTHERSON,CASH VOL,23039471,15307995,9362243,45.97,47.61,,,,,,,,,,
MOTHERSON,F&O VOL,16153,10672,,,,,,,,,16153,16153,16153,16153,16153
MOTHERSON,F&O OI,28192,28192,,,,,,,,,29433,29433,29433,29433,29433
MOTHERSON,CALL VOL,6213,4410,,,,,,,,,6213,6213,6213,6213,6213
MOTHERSON,CALL OI,2100,2100,,,,,,,,,2937,2937,2937,2937,2937
MOTHERSON,PUT VOL,4059,2460,,,,,,,,,4059,4059,4059,4059,4059
MOTHERSON,PUT OI,2120,2120,,,,,,,,,2185,2185,2185,2185,2185
MOTHERSON,CALL SPRD,,,,,,,,,,,2.54,2.54,2.54,2.54,2.54
MOTHERSON,PUT SPRD,,,,,,,,,,,2.99,2.99,2.99,2.99,2.99
MOTHERSON,CALL OI FIX,2100,,,,,,,,,,2937,2937,2937,2937,2937
MOTHERSON,PUT OI FIX,2120,,,,,,,,,,2185,2185,2185,2185,2185
MOTHERSON,CALL DOI,,,,,,,,,,,5476607,5476607,5476607,5476607,5476607
MOTHERSON,PUT DOI,,,,,,,,,,,-6245935,-6245935,-6245935,-6245935,-6245935
MOTHERSON,CALL GEX,,,,,,,,,,,766718,766718,766718,766718,766718
MOTHERSON,PUT GEX,,,,,,,,,,,616531,616531,616531,616531,616531
MOTHERSON,GEX STRIKE,,,,,,,,,,,170.0,170.0,170.0,170.0,170.0
MOTHERSON,EXPIRY,,,,,,,,,,,2026-10-27,2026-10-27,2026-10-27,2026-10-27,2026-10-27
MOTILALOFS,PRICE,989.9,994.0,,,,,986.89,980.88,1028.27,1026.8,989.0,989.0,989.0,989.0,989.0
MOTILALOFS,VWAP,,,,,,,,,,,,,,,
MOTILALOFS,CASH VOL,1607962,766759,374786,51.42,50.49,,,,,,,,,,
MOTILALOFS,F&O VOL,4888,4155,,,,,,,,,4888,4888,4888,4888,4888
MOTILALOFS,F&O OI,9314,9314,,,,,,,,,9645,9645,9645,9645,9645
MOTILALOFS,CALL VOL,1399,1284,,,,,,,,,1399,1399,1399,1399,1399
MOTILALOFS,CALL OI,892,892,,,,,,,,,1112,1112,1112,1112,1112
MOTILALOFS,PUT VOL,866,965,,,,,,,,,866,866,866,866,866
MOTILALOFS,PUT OI,983,983,,,,,,,,,1071,1071,1071,1071,1071
MOTILALOFS,CALL SPRD,,,,,,,,,,,2.5,2.5,2.5,2.5,2.5
MOTILALOFS,PUT SPRD,,,,,,,,,,,2.73,2.73,2.73,2.73,2.73
MOTILALOFS,CALL OI FIX,892,,,,,,,,,,1112,1112,1112,1112,1112
MOTILALOFS,PUT OI FIX,983,,,,,,,,,,1071,1071,1071,1071,1071
MOTILALOFS,CALL DOI,,,,,,,,,,,330260,330260,330260,330260,330260
MOTILALOFS,PUT DOI,,,,,,,,,,,-326475,-326475,-326475,-326475,-326475
MOTILALOFS,CALL GEX,,,,,,,,,,,35014,35014,35014,35014,35014
MOTILALOFS,PUT GEX,,,,,,,,,,,30476,30476,30476,30476,30476
MOTILALOFS,GEX STRIKE,,,,,,,,,,,1000.0,1000.0,1000.0,1000.0,1000.0
MOTILALOFS,EXPIRY,,,,,,,,,,,2026-10-27,2026-10-27,2026-10-27,2026-10-27,2026-10-27
MPHASIS,PRICE,2250.2,2154.4,,,,,2237.65,2212.55,2255.05,2241.02,2250.0,2250.0,2250.0,2250.0,2250.0
MPHASIS,VWAP,,,,,,,,,,,,,,,
MPHASIS,CASH VOL,1178274,701536,295494,25.8,50.06,,,,,,,,,,
MPHASIS,F&O VOL,29563,15645,,,,,,,,,29563,29563,29563,29563,29563
MPHASIS,F&O OI,25733,25733,,,,,,,,,26623,26623,26623,26623,26623
MPHASIS,CALL VOL,17044,9070,,,,,,,,,17044,17044,17044,17044,17044
MPHASIS,CALL OI,2169,2169,,,,,,,,,2291,2291,2291,2291,2291
MPHASIS,PUT VOL,6929,3364,,,,,,,,,6929,6929,6929,6929,6929
MPHASIS,PUT OI,1640,1640,,,,,,,,,2317,2317,2317,2317,2317
MPHASIS,CALL SPRD,,,,,,,,,,,1.17,1.17,1.17,1.17,1.17
MPHASIS,PUT SPRD,,,,,,,,,,,1.57,1.57,1.57,1.57,1.57
MPHASIS,CALL OI FIX,2169,,,,,,,,,,2291,2291,2291,2291,2291
MPHASIS,PUT OI FIX,1640,,,,,,,,,,2317,2317,2317,2317,2317
MPHASIS,CALL DOI,,,,,,,,,,,251618,251618,251618,251618,251618
MPHASIS,PUT DOI,,,,,,,,,,,-181929,-181929,-181929,-181929,-181929
MPHASIS,CALL GEX,,,,,,,,,,,23097,23097,23097,23097,23097
MPHASIS,PUT GEX,,,,,,,,,,,19508,19508,19508,19508,19508
MPHASIS,GEX STRIKE,,,,,,,,,,,2200.0,2200.0,2200.0,2200.0,2200.0
MPHASIS,EXPIRY,,,,,,,,,,,2026-10-27,2026-10-27,2026-10-27,2026-10-27,2026-10-27
MUTHOOTFIN,PRICE,2697.1,2737.1,,,,,2721.25,2705.15,2841.0,2837.0,2697.0,2697.0,2697.0,2697.0,2697.0
MUTHOOTFIN,VWAP,,,,,,,,,,,,,,,
MUTHOOTFIN,CASH VOL,553592,459482,118732,51.49,54.62,,,,,,,,,,
MUTHOOTFIN,F&O VOL,16532,11696,,,,,,,,,16532,16532,16532,16532,16532
MUTHOOTFIN,F&O OI,36854,36854,,,,,,,,,37188,37188,37188,37188,37188
MUTHOOTFIN,CALL VOL,6456,4999,,,,,,,,,6456,6456,6456,6456,6456
MUTHOOTFIN,CALL OI,4320,4320,,,,,,,,,4984,4984,4984,4984,4984
MUTHOOTFIN,PUT VOL,5357,2751,,,,,,,,,5357,5357,5357,5357,5357
MUTHOOTFIN,PUT OI,4051,4051,,,,,,,,,4010,4010,4010,4010,4010
MUTHOOTFIN,CALL SPRD,,,,,,,,,,,3.84,3.84,3.84,3.84,3.84
MUTHOOTFIN,PUT SPRD,,,,,,,,,,,2.14,2.14,2.14,2.14,2.14
MUTHOOTFIN,CALL OI FIX,4320,,,,,,,,,,4984,4984,4984,4984,4984
MUTHOOTFIN,PUT OI FIX,4051,,,,,,,,,,4010,4010,4010,4010,4010
MUTHOOTFIN,CALL DOI,,,,,,,,,,,433473,433473,433473,433473,433473
MUTHOOTFIN,PUT DOI,,,,,,,,,,,-514415,-514415,-514415,-514415,-514415
MUTHOOTFIN,CALL GEX,,,,,,,,,,,61081,61081,61081,61081,61081
MUTHOOTFIN,PUT GEX,,,,,,,,,,,43101,43101,43101,43101,43101
MUTHOOTFIN,GEX STRIKE,,,,,,,,,,,2800.0,2800.0,2800.0,2800.0,2800.0
MUTHOOTFIN,EXPIRY,,,,,,,,,,,2026-10-27,2026-10-27,2026-10-27,2026-10-27,2026-10-27
NAM-INDIA,PRICE,1046.0,1070.0,,,,,1048.5,1046.83,1155.63,1152.9,1046.0,1046.0,1046.0,1046.0,1046.0
NAM-INDIA,VWAP,,,,,,,,,,,,,,,
NAM-INDIA,CASH VOL,768278,728404,204345,49.09,60.36,,,,,,,,,,
NAM-INDIA,F&O VOL,2926,2171,,,,,,,,,2926,2926,2926,2926,2926
NAM-INDIA,F&O OI,8316,8316,,,,,,,,,8737,8737,8737,8737,8737
NAM-INDIA,CALL VOL,795,401,,,,,,,,,795,795,795,795,795
NAM-INDIA,CALL OI,333,333,,,,,,,,,453,453,453,453,453
NAM-INDIA,PUT VOL,860,332,,,,,,,,,860,860,860,860,860
NAM-INDIA,PUT OI,916,916,,,,,,,,,1063,1063,1063,1063,1063
NAM-INDIA,CALL SPRD,,,,,,,,,,,9.14,9.14,9.14,9.14,9.14
NAM-INDIA,PUT SPRD,,,,,,,,,,,14.79,14.79,14.79,14.79,14.79
NAM-INDIA,CALL OI FIX,333,,,,,,,,,,453,453,453,453,453
NAM-INDIA,PUT OI FIX,916,,,,,,,,,,1063,1063,1063,1063,1063
NAM-INDIA,CALL DOI,,,,,,,,,,,95332,95332,95332,95332,95332
NAM-INDIA,PUT DOI,,,,,,,,,,,-290145,-290145,-290145,-290145,-290145
NAM-INDIA,CALL GEX,,,,,,,,,,,12105,12105,12105,12105,12105
NAM-INDIA,PUT GEX,,,,,,,,,,,24294,24294,24294,24294,24294
NAM-INDIA,GEX STRIKE,,,,,,,,,,,1100.0,1100.0,1100.0,1100.0,1100.0
NAM-INDIA,EXPIRY,,,,,,,,,,,2026-10-27,2026-10-27,2026-10-27,2026-10-27,2026-10-27
NATIONALUM,PRICE,334.9,340.95,,,,,334.66,334.18,357.81,356.02,334.0,334.0,334.0,334.0,334.0
NATIONALUM,VWAP,,,,,,,,,,,,,,,
NATIONALUM,CASH VOL,4672624,5109676,1328320,44.18,53.48,,,,,,,,,,
NATIONALUM,F&O VOL,16879,13146,,,,,,,,,16879,16879,16879,16879,16879
NATIONALUM,F&O OI,37039,37039,,,,,,,,,38281,38281,38281,38281,38281
NATIONALUM,CALL VOL,5660,3742,,,,,,,,,5660,5660,5660,5660,5660
NATIONALUM,CALL OI,4616,4616,,,,,,,,,5434,5434,5434,5434,5434
NATIONALUM,PUT VOL,4519,3502,,,,,,,,,4519,4519,4519,4519,4519
NATIONALUM,PUT OI,5740,5740,,,,,,,,,6236,6236,6236,6236,6236
NATIONALUM,CALL SPRD,,,,,,,,,,,2.4,2.4,2.4,2.4,2.4
NATIONALUM,PUT SPRD,,,,,,,,,,,2.76,2.76,2.76,2.76,2.76
NATIONALUM,CALL OI FIX,4616,,,,,,,,,,5434,5434,5434,5434,5434
NATIONALUM,PUT OI FIX,5740,,,,,,,,,,6236,6236,6236,6236,6236
NATIONALUM,CALL DOI,,,,,,,,,,,3280033,3280033,3280033,3280033,3280033
NATIONALUM,PUT DOI,,,,,,,,,,,-5899791,-5899791,-5899791,-5899791,-5899791
NATIONALUM,CALL GEX,,,,,,,,,,,401204,401204,401204,401204,401204
NATIONALUM,PUT GEX,,,,,,,,,,,411542,411542,411542,411542,411542
NATIONALUM,GEX STRIKE,,,,,,,,,,,350.0,350.0,350.0,350.0,350.0
NATIONALUM,EXPIRY,,,,,,,,,,,2026-10-27,2026-10-27,2026-10-27,2026-10-27,2026-10-27
NAUKRI,PRICE,1200.0,1219.5,,,,,1200.75,1200.25,1262.5,1257.37,1200.0,1200.0,1200.0,1200.0,1200.0
NAUKRI,VWAP,,,,,,,,,,,,,,,
NAUKRI,CASH VOL,2219568,1589054,778627,62.17,55.74,,,,,,,,,,
NAUKRI,F&O VOL,11614,9811,,,,,,,,,11614,11614,11614,11614,11614
NAUKRI,F&O OI,29083,29083,,,,,,,,,30323,30323,30323,30323,30323
NAUKRI,CALL VOL,4925,3593,,,,,,,,,4925,4925,4925,4925,4925
NAUKRI,CALL OI,1359,1359,,,,,,,,,1847,1847,1847,1847,1847
NAUKRI,PUT VOL,3278,2437,,,,,,,,,3278,3278,3278,3278,3278
NAUKRI,PUT OI,1074,1074,,,,,,,,,1296,1296,1296,1296,1296
NAUKRI,CALL SPRD,,,,,,,,,,,2.4,2.4,2.4,2.4,2.4
NAUKRI,PUT SPRD,,,,,,,,,,,9.9,9.9,9.9,9.9,9.9
NAUKRI,CALL OI FIX,1359,,,,,,,,,,1847,1847,1847,1847,1847
NAUKRI,PUT OI FIX,1074,,,,,,,,,,1296,1296,1296,1296,1296
NAUKRI,CALL DOI,,,,,,,,,,,358178,358178,358178,358178,358178
NAUKRI,PUT DOI,,,,,,,,,,,-331833,-331833,-331833,-331833,-331833
NAUKRI,CALL GEX,,,,,,,,,,,43915,43915,43915,43915,43915
NAUKRI,PUT GEX,,,,,,,,,,,28337,28337,28337,28337,28337
NAUKRI,GEX STRIKE,,,,,,,,,,,1240.0,1240.0,1240.0,1240.0,1240.0
NAUKRI,EXPIRY,,,,,,,,,,,2026-10-27,2026-10-27,2026-10-27,2026-10-27,2026-10-27
NBCC,PRICE,77.4,78.5,,,,,77.47,77.42,82.89,82.87,77.0,77.0,77.0,77.0,77.0
NBCC,VWAP,,,,,,,,,,,,,,,
NBCC,CASH VOL,6195124,6032283,1383300,35.69,38.1,,,,,,,,,,
NBCC,F&O VOL,5501,5954,,,,,,,,,5501,5501,5501,5501,5501
NBCC,F&O OI,19077,19077,,,,,,,,,19137,19137,19137,19137,19137
NBCC,CALL VOL,1301,1113,,,,,,,,,1301,1301,1301,1301,1301
NBCC,CALL OI,575,575,,,,,,,,,859,859,859,859,859
NBCC,PUT VOL,886,952,,,,,,,,,886,886,886,886,886
NBCC,PUT OI,648,648,,,,,,,,,728,728,728,728,728
NBCC,CALL SPRD,,,,,,,,,,,14.89,14.89,14.89,14.89,14.89
NBCC,PUT SPRD,,,,,,,,,,,17.81,17.81,17.81,17.81,17.81
NBCC,CALL OI FIX,575,,,,,,,,,,859,859,859,859,859
NBCC,PUT OI FIX,648,,,,,,,,,,728,728,728,728,728
NBCC,CALL DOI,,,,,,,,,,,2444922,2444922,2444922,2444922,2444922
NBCC,PUT DOI,,,,,,,,,,,-2221538,-2221538,-2221538,-2221538,-2221538
NBCC,CALL GEX,,,,,,,,,,,245784,245784,245784,245784,245784
NBCC,PUT GEX,,,,,,,,,,,216227,216227,216227,216227,216227
NBCC,GEX STRIKE,,,,,,,,,,,80.0,80.0,80.0,80.0,80.0
NBCC,EXPIRY,,,,,,,,,,,2026-10-27,2026-10-27,2026-10-27,2026-10-27,2026-10-27
NESTLEIND,PRICE,1307.7,1310.0,,,,,1307.95,1307.78,1370.6,1365.27,1307.0,1307.0,1307.0,1307.0,1307.0
NESTLEIND,VWAP,,,,,,,,,,,,,,,
NESTLEIND,CASH VOL,1626876,1278279,428569,64.34,72.86,,,,,,,,,,
NESTLEIND,F&O VOL,13148,8953,,,,,,,,,13148,13148,13148,13148,13148
NESTLEIND,F&O OI,25739,25739,,,,,,,,,27644,27644,27644,27644,27644
NESTLEIND,CALL VOL,2685,1359,,,,,,,,,2685,2685,2685,2685,2685
NESTLEIND,CALL OI,737,737,,,,,,,,,1131,1131,1131,1131,1131
NESTLEIND,PUT VOL,3358,1885,,,,,,,,,3358,3358,3358,3358,3358
NESTLEIND,PUT OI,1305,1305,,,,,,,,,1960,1960,1960,1960,1960
NESTLEIND,CALL SPRD,,,,,,,,,,,3.43,3.43,3.43,3.43,3.43
NESTLEIND,PUT SPRD,,,,,,,,,,,3.8,3.8,3.8,3.8,3.8
NESTLEIND,CALL OI FIX,737,,,,,,,,,,1131,1131,1131,1131,1131
NESTLEIND,PUT OI FIX,1305,,,,,,,,,,1960,1960,1960,1960,1960
NESTLEIND,CALL DOI,,,,,,,,,,,244093,244093,244093,244093,244093
NESTLEIND,PUT DOI,,,,,,,,,,,-461886,-461886,-461886,-461886,-461886
NESTLEIND,CALL GEX,,,,,,,,,,,32976,32976,32976,32976,32976
NESTLEIND,PUT GEX,,,,,,,,,,,53716,53716,53716,53716,53716
NESTLEIND,GEX STRIKE,,,,,,,,,,,1360.0,1360.0,1360.0,1360.0,1360.0
NESTLEIND,EXPIRY,,,,,,,,,,,2026-10-27,2026-10-27,2026-10-27,2026-10-27,2026-10-27
NHPC,PRICE,71.75,72.81,,,,,71.69,71.58,76.13,76.04,71.0,71.0,71.0,71.0,71.0
NHPC,VWAP,,,,,,,,,,,,,,,
NHPC,CASH VOL,10903143,7849564,3187436,42.98,57.63,,,,,,,,,,
NHPC,F&O VOL,9427,5276,,,,,,,,,9427,9427,9427,9427,9427
NHPC,F&O OI,22279,22279,,,,,,,,,23676,23676,23676,23676,23676
NHPC,CALL VOL,3178,1330,,,,,,,,,3178,3178,3178,3178,3178
NHPC,CALL OI,1123,1123,,,,,,,,,1805,1805,1805,1805,1805
NHPC,PUT VOL,2837,1662,,,,,,,,,2837,2837,2837,2837,2837
NHPC,PUT OI,1979,1979,,,,,,,,,2209,2209,2209,2209,2209
NHPC,CALL SPRD,,,,,,,,,,,2.04,2.04,2.04,2.04,2.04
NHPC,PUT SPRD,,,,,,,,,,,2.34,2.34,2.34,2.34,2.34
NHPC,CALL OI FIX,1123,,,,,,,,,,1805,1805,1805,1805,1805
NHPC,PUT OI FIX,1979,,,,,,,,,,2209,2209,2209,2209,2209
NHPC,CALL DOI,,,,,,,,,,,4079054,4079054,4079054,4079054,4079054
NHPC,PUT DOI,,,,,,,,,,,-6327596,-6327596,-6327596,-6327596,-6327596
NHPC,CALL GEX,,,,,,,,,,,661509,661509,661509,661509,661509
NHPC,PUT GEX,,,,,,,,,,,781441,781441,781441,781441,781441
NHPC,GEX STRIKE,,,,,,,,,,,75.0,75.0,75.0,75.0,75.0
NHPC,EXPIRY,,,,,,,,,,,2026-10-27,2026-10-27,2026-10-27,2026-10-27,2026-10-27
NMDC,PRICE,74.64,76.54,,,,,75.34,74.87,80.83,80.21,74.0,74.0,74.0,74.0,74.0
NMDC,VWAP,,,,,,,,,,,,,,,
NMDC,CASH VOL,17077400,15817494,4635323,48.92,63.73,,,,,,,,,,
NMDC,F&O VOL,14792,11313,,,,,,,,,14792,14792,14792,14792,14792
NMDC,F&O OI,68585,68585,,,,,,,,,69717,69717,69717,69717,69717
NMDC,CALL VOL,6020,4472,,,,,,,,,6020,6020,6020,6020,6020
NMDC,CALL OI,3734,3734,,,,,,,,,4482,4482,4482,4482,4482
NMDC,PUT VOL,2405,2111,,,,,,,,,2405,2405,2405,2405,2405
NMDC,PUT OI,3667,3667,,,,,,,,,4064,4064,4064,4064,4064
NMDC,CALL SPRD,,,,,,,,,,,1.59,1.59,1.59,1.59,1.59
NMDC,PUT SPRD,,,,,,,,,,,2.79,2.79,2.79,2.79,2.79
NMDC,CALL OI FIX,3734,,,,,,,,,,4482,4482,4482,4482,4482
NMDC,PUT OI FIX,3667,,,,,,,,,,4064,4064,4064,4064,4064
NMDC,CALL DOI,,,,,,,,,,,9076716,9076716,9076716,9076716,9076716
NMDC,PUT DOI,,,,,,,,,,,-14863095,-14863095,-14863095,-14863095,-14863095
NMDC,CALL GEX,,,,,,,,,,,1462872,1462872,1462872,1462872,1462872
NMDC,PUT GEX,,,,,,,,,,,923319,923319,923319,923319,923319
NMDC,GEX STRIKE,,,,,,,,,,,80.0,80.0,80.0,80.0,80.0
NMDC,EXPIRY,,,,,,,,,,,2026-10-27,2026-10-27,2026-10-27,2026-10-27,2026-10-27
NTPC,PRICE,315.1,322.75,,,,,317.0,315.73,326.55,326.45,315.0,315.0,315.0,315.0,315.0
NTPC,VWAP,,,,,,,,,,,,,,,
NTPC,CASH VOL,10094465,6908628,2811669,61.51,69.43,,,,,,,,,,
NTPC,F&O VOL,19718,16484,,,,,,,,,19718,19718,19718,19718,19718
NTPC,F&O OI,77774,77774,,,,,,,,,79109,79109,79109,79109,79109
NTPC,CALL VOL,5554,5057,,,,,,,,,5554,5554,5554,5554,5554
NTPC,CALL OI,3110,3110,,,,,,,,,3844,3844,3844,3844,3844
NTPC,PUT VOL,3612,3011,,,,,,,,,3612,3612,3612,3612,3612
NTPC,PUT OI,2596,2596,,,,,,,,,3108,3108,3108,3108,3108
NTPC,CALL SPRD,,,,,,,,,,,4.0,4.0,4.0,4.0,4.0
NTPC,PUT SPRD,,,,,,,,,,,3.6,3.6,3.6,3.6,3.6
NTPC,CALL OI FIX,3110,,,,,,,,,,3844,3844,3844,3844,3844
NTPC,PUT OI FIX,2596,,,,,,,,,,3108,3108,3108,3108,3108
NTPC,CALL DOI,,,,,,,,,,,2192964,2192964,2192964,2192964,2192964
NTPC,PUT DOI,,,,,,,,,,,-2408744,-2408744,-2408744,-2408744,-2408744
NTPC,CALL GEX,,,,,,,,,,,431693,431693,431693,431693,431693
NTPC,PUT GEX,,,,,,,,,,,330624,330624,330624,330624,330624
NTPC,GEX STRIKE,,,,,,,,,,,325.0,325.0,325.0,325.0,325.0
NTPC,EXPIRY,,,,,,,,,,,2026-10-27,2026-10-27,2026-10-27,2026-10-27,2026-10-27
NYKAA,PRICE,324.95,320.0,,,,,323.46,320.48,336.8,334.73,324.0,324.0,324.0,324.0,324.0
NYKAA,VWAP,,,,,,,,,,,,,,,
NYKAA,CASH VOL,7907193,3980003,2579675,61.61,65.82,,,,,,,,,,
NYKAA,F&O VOL,8343,5099,,,,,,,,,8343,8343,8343,8343,8343
NYKAA,F&O OI,14489,14489,,,,,,,,,14735,14735,14735,14735,14735
NYKAA,CALL VOL,2424,1768,,,,,,,,,2424,2424,2424,2424,2424
NYKAA,CALL OI,1291,1291,,,,,,,,,1442,1442,1442,1442,1442
NYKAA,PUT VOL,2458,1451,,,,,,,,,2458,2458,2458,2458,2458
NYKAA,PUT OI,1180,1180,,,,,,,,,1390,1390,1390,1390,1390
NYKAA,CALL SPRD,,,,,,,,,,,3.17,3.17,3.17,3.17,3.17
NYKAA,PUT SPRD,,,,,,,,,,,3.37,3.37,3.37,3.37,3.37
NYKAA,CALL OI FIX,1291,,,,,,,,,,1442,1442,1442,1442,1442
NYKAA,PUT OI FIX,1180,,,,,,,,,,1390,1390,1390,1390,1390
NYKAA,CALL DOI,,,,,,,,,,,1765525,1765525,1765525,1765525,1765525
NYKAA,PUT DOI,,,,,,,,,,,-1562158,-1562158,-1562158,-1562158,-1562158
NYKAA,CALL GEX,,,,,,,,,,,206919,206919,206919,206919,206919
NYKAA,PUT GEX,,,,,,,,,,,181497,181497,181497,181497,181497
NYKAA,GEX STRIKE,,,,,,,,,,,320.0,320.0,320.0,320.0,320.0
NYKAA,EXPIRY,,,,,,,,,,,2026-10-27,2026-10-27,2026-10-27,2026-10-27,2026-10-27
OBEROIRLTY,PRICE,1754.6,1765.7,,,,,1754.25,1753.55,1853.25,1842.75,1754.0,1754.0,1754.0,1754.0,1754.0
OBEROIRLTY,VWAP,,,,,,,,,,,,,,,
OBEROIRLTY,CASH VOL,282807,573434,80704,47.96,60.15,,,,,,,,,,
OBEROIRLTY,F&O VOL,4973,5597,,,,,,,,,4973,4973,4973,4973,4973
OBEROIRLTY,F&O OI,14075,14075,,,,,,,,,15059,15059,15059,15059,15059
OBEROIRLTY,CALL VOL,855,1342,,,,,,,,,855,855,855,855,855
OBEROIRLTY,CALL OI,748,748,,,,,,,,,868,868,868,868,868
OBEROIRLTY,PUT VOL,1197,988,,,,,,,,,1197,1197,1197,1197,1197
OBEROIRLTY,PUT OI,804,804,,,,,,,,,1171,1171,1171,1171,1171
OBEROIRLTY,CALL SPRD,,,,,,,,,,,17.5,17.5,17.5,17.5,17.5
OBEROIRLTY,PUT SPRD,,,,,,,,,,,9.13,9.13,9.13,9.13,9.13
OBEROIRLTY,CALL OI FIX,748,,,,,,,,,,868,868,868,868,868
OBEROIRLTY,PUT OI FIX,804,,,,,,,,,,1171,1171,1171,1171,1171
OBEROIRLTY,CALL DOI,,,,,,,,,,,125576,125576,125576,125576,125576
OBEROIRLTY,PUT DOI,,,,,,,,,,,-185035,-185035,-185035,-185035,-185035
OBEROIRLTY,CALL GEX,,,,,,,,,,,13883,13883,13883,13883,13883
OBEROIRLTY,PUT GEX,,,,,,,,,,,17417,17417,17417,17417,17417
OBEROIRLTY,GEX STRIKE,,,,,,,,,,,1800.0,1800.0,1800.0,1800.0,1800.0
OBEROIRLTY,EXPIRY,,,,,,,,,,,2026-10-27,2026-10-27,2026-10-27,2026-10-27,2026-10-27
OFSS,PRICE,10420.0,10630.0,,,,,10462.0,10434.0,10753.83,10721.5,10420.0,10420.0,10420.0,10420.0,10420.0
OFSS,VWAP,,,,,,,,,,,,,,,
OFSS,CASH VOL,194062,272759,48227,35.18,41.84,,,,,,,,,,
OFSS,F&O VOL,11876,18600,,,,,,,,,11876,11876,11876,11876,11876
OFSS,F&O OI,22891,22891,,,,,,,,,23623,23623,23623,23623,23623
OFSS,CALL VOL,2115,3106,,,,,,,,,2115,2115,2115,2115,2115
OFSS,CALL OI,1171,1171,,,,,,,,,1480,1480,1480,1480,1480
OFSS,PUT VOL,3228,3477,,,,,,,,,3228,3228,3228,3228,3228
OFSS,PUT OI,2489,2489,,,,,,,,,2716,2716,2716,2716,2716
OFSS,CALL SPRD,,,,,,,,,,,3.15,3.15,3.15,3.15,3.15
OFSS,PUT SPRD,,,,,,,,,,,1.85,1.85,1.85,1.85,1.85
OFSS,CALL OI FIX,1171,,,,,,,,,,1480,1480,1480,1480,1480
OFSS,PUT OI FIX,2489,,,,,,,,,,2716,2716,2716,2716,2716
OFSS,CALL DOI,,,,,,,,,,,70161,70161,70161,70161,70161
OFSS,PUT DOI,,,,,,,,,,,-123759,-123759,-123759,-123759,-123759
OFSS,CALL GEX,,,,,,,,,,,5771,5771,5771,5771,5771
OFSS,PUT GEX,,,,,,,,,,,9299,9299,9299,9299,9299
OFSS,GEX STRIKE,,,,,,,,,,,10800.0,10800.0,10800.0,10800.0,10800.0
OFSS,EXPIRY,,,,,,,,,,,2026-10-27,2026-10-27,2026-10-27,2026-10-27,2026-10-27
OIL,PRICE,444.0,448.65,,,,,443.07,441.2,473.83,471.2,444.0,444.0,444.0,444.0,444.0
OIL,VWAP,,,,,,,,,,,,,,,
OIL,CASH VOL,2266203,3069066,751253,50.15,56.85,,,,,,,,,,
OIL,F&O VOL,5665,4745,,,,,,,,,5665,5665,5665,5665,5665
OIL,F&O OI,12973,12973,,,,,,,,,13178,13178,13178,13178,13178
OIL,CALL VOL,1866,1187,,,,,,,,,1866,1866,1866,1866,1866
OIL,CALL OI,645,645,,,,,,,,,772,772,772,772,772
OIL,PUT VOL,1116,1123,,,,,,,,,1116,1116,1116,1116,1116
OIL,PUT OI,757,757,,,,,,,,,864,864,864,864,864
OIL,CALL SPRD,,,,,,,,,,,3.92,3.92,3.92,3.92,3.92
OIL,PUT SPRD,,,,,,,,,,,4.26,4.26,4.26,4.26,4.26
OIL,CALL OI FIX,645,,,,,,,,,,772,772,772,772,772
OIL,PUT OI FIX,757,,,,,,,,,,864,864,864,864,864
OIL,CALL DOI,,,,,,,,,,,441565,441565,441565,441565,441565
OIL,PUT DOI,,,,,,,,,,,-502078,-502078,-502078,-502078,-502078
OIL,CALL GEX,,,,,,,,,,,58989,58989,58989,58989,58989
OIL,PUT GEX,,,,,,,,,,,52177,52177,52177,52177,52177
OIL,GEX STRIKE,,,,,,,,,,,450.0,450.0,450.0,450.0,450.0
OIL,EXPIRY,,,,,,,,,,,2026-10-27,2026-10-27,2026-10-27,2026-10-27,2026-10-27
ONGC,PRICE,222.37,225.8,,,,,222.8,222.51,236.38,236.03,222.0,222.0,222.0,222.0,222.0
ONGC,VWAP,,,,,,,,,,,,,,,
ONGC,CASH VOL,13099985,11131417,3938978,62.87,63.17,,,,,,,,,,
ONGC,F&O VOL,23515,26485,,,,,,,,,23515,23515,23515,23515,23515
ONGC,F&O OI,48320,48320,,,,,,,,,51321,51321,51321,51321,51321
ONGC,CALL VOL,7812,7438,,,,,,,,,7812,7812,7812,7812,7812
ONGC,CALL OI,4934,4934,,,,,,,,,5878,5878,5878,5878,5878
ONGC,PUT VOL,6114,8142,,,,,,,,,6114,6114,6114,6114,6114
ONGC,PUT OI,5872,5872,,,,,,,,,6476,6476,6476,6476,6476
ONGC,CALL SPRD,,,,,,,,,,,1.91,1.91,1.91,1.91,1.91
ONGC,PUT SPRD,,,,,,,,,,,2.18,2.18,2.18,2.18,2.18
ONGC,CALL OI FIX,4934,,,,,,,,,,5878,5878,5878,5878,5878
ONGC,PUT OI FIX,5872,,,,,,,,,,6476,6476,6476,6476,6476
ONGC,CALL DOI,,,,,,,,,,,4890279,4890279,4890279,4890279,4890279
ONGC,PUT DOI,,,,,,,,,,,-7239916,-7239916,-7239916,-7239916,-7239916
ONGC,CALL GEX,,,,,,,,,,,794976,794976,794976,794976,794976
ONGC,PUT GEX,,,,,,,,,,,844171,844171,844171,844171,844171
ONGC,GEX STRIKE,,,,,,,,,,,230.0,230.0,230.0,230.0,230.0
ONGC,EXPIRY,,,,,,,,,,,2026-10-27,2026-10-27,2026-10-27,2026-10-27,2026-10-27
PAGEIND,PRICE,36660.0,36385.0,,,,,36638.33,36595.0,37450.0,36960.0,36660.0,36660.0,36660.0,36660.0,36660.0
PAGEIND,VWAP,,,,,,,,,,,,,,,
PAGEIND,CASH VOL,40495,83553,7650,41.68,55.48,,,,,,,,,,
PAGEIND,F&O VOL,4895,9556,,,,,,,,,4895,4895,4895,4895,4895
PAGEIND,F&O OI,14143,14143,,,,,,,,,14415,14415,14415,14415,14415
PAGEIND,CALL VOL,1539,2348,,,,,,,,,1539,1539,1539,1539,1539
PAGEIND,CALL OI,749,749,,,,,,,,,784,784,784,784,784
PAGEIND,PUT VOL,917,2365,,,,,,,,,917,917,917,917,917
PAGEIND,PUT OI,1066,1066,,,,,,,,,1121,1121,1121,1121,1121
PAGEIND,CALL SPRD,,,,,,,,,,,26.12,26.12,26.12,26.12,26.12
PAGEIND,PUT SPRD,,,,,,,,,,,32.24,32.24,32.24,32.24,32.24
PAGEIND,CALL OI FIX,749,,,,,,,,,,784,784,784,784,784
PAGEIND,PUT OI FIX,1066,,,,,,,,,,1121,1121,1121,1121,1121
PAGEIND,CALL DOI,,,,,,,,,,,6852,6852,6852,6852,6852
PAGEIND,PUT DOI,,,,,,,,,,,-8574,-8574,-8574,-8574,-8574
PAGEIND,CALL GEX,,,,,,,,,,,895,895,895,895,895
PAGEIND,PUT GEX,,,,,,,,,,,1066,1066,1066,1066,1066
PAGEIND,GEX STRIKE,,,,,,,,,,,37000.0,37000.0,37000.0,37000.0,37000.0
PAGEIND,EXPIRY,,,,,,,,,,,2026-10-27,2026-10-27,2026-10-27,2026-10-27,2026-10-27
PATANJALI,PRICE,355.15,363.0,,,,,357.3,355.87,403.78,403.45,355.0,355.0,355.0,355.0,355.0
PATANJALI,VWAP,,,,,,,,,,,,,,,
PATANJALI,CASH VOL,4327803,1344954,803407,30.17,29.79,,,,,,,,,,
PATANJALI,F&O VOL,27124,18745,,,,,,,,,27124,27124,27124,27124,27124
PATANJALI,F&O OI,50004,50004,,,,,,,,,51021,51021,51021,51021,51021
PATANJALI,CALL VOL,7206,2828,,,,,,,,,7206,7206,7206,7206,7206
PATANJALI,CALL OI,2122,2122,,,,,,,,,3186,3186,3186,3186,3186
PATANJALI,PUT VOL,5183,4776,,,,,,,,,5183,5183,5183,5183,5183
PATANJALI,PUT OI,2478,2478,,,,,,,,,2672,2672,2672,2672,2672
PATANJALI,CALL SPRD,,,,,,,,,,,34.25,34.25,34.25,34.25,34.25
PATANJALI,PUT SPRD,,,,,,,,,,,3.23,3.23,3.23,3.23,3.23
PATANJALI,CALL OI FIX,2122,,,,,,,,,,3186,3186,3186,3186,3186
PATANJALI,PUT OI FIX,2478,,,,,,,,,,2672,2672,2672,2672,2672
PATANJALI,CALL DOI,,,,,,,,,,,1345335,1345335,1345335,1345335,1345335
PATANJALI,PUT DOI,,,,,,,,,,,-1350006,-1350006,-1350006,-1350006,-1350006
PATANJALI,CALL GEX,,,,,,,,,,,129579,129579,129579,129579,129579
PATANJALI,PUT GEX,,,,,,,,,,,96439,96439,96439,96439,96439
PATANJALI,GEX STRIKE,,,,,,,,,,,380.0,380.0,380.0,380.0,380.0
PATANJALI,EXPIRY,,,,,,,,,,,2026-10-27,2026-10-27,2026-10-27,2026-10-27,2026-10-27
PAYTM,PRICE,1656.0,1678.0,,,,,1659.5,1657.17,1743.45,1697.15,1656.0,1656.0,1656.0,1656.0,1656.0
PAYTM,VWAP,,,,,,,,,,,,,,,
PAYTM,CASH VOL,1936812,2424277,767279,42.24,45.21,,,,,,,,,,
PAYTM,F&O VOL,20681,27926,,,,,,,,,20681,20681,20681,20681,20681
PAYTM,F&O OI,37435,37435,,,,,,,,,37651,37651,37651,37651,37651
PAYTM,CALL VOL,5939,9192,,,,,,,,,5939,5939,5939,5939,5939
PAYTM,CALL OI,4261,4261,,,,,,,,,4473,4473,4473,4473,4473
PAYTM,PUT VOL,5699,6764,,,,,,,,,5699,5699,5699,5699,5699
PAYTM,PUT OI,4359,4359,,,,,,,,,4540,4540,4540,4540,4540
PAYTM,CALL SPRD,,,,,,,,,,,1.01,1.01,1.01,1.01,1.01
PAYTM,PUT SPRD,,,,,,,,,,,2.6,2.6,2.6,2.6,2.6
PAYTM,CALL OI FIX,4261,,,,,,,,,,4473,4473,4473,4473,4473
PAYTM,PUT OI FIX,4359,,,,,,,,,,4540,4540,4540,4540,4540
PAYTM,CALL DOI,,,,,,,,,,,1479466,1479466,1479466,1479466,1479466
PAYTM,PUT DOI,,,,,,,,,,,-1431519,-1431519,-1431519,-1431519,-1431519
PAYTM,CALL GEX,,,,,,,,,,,132360,132360,132360,132360,132360
PAYTM,PUT GEX,,,,,,,,,,,123807,123807,123807,123807,123807
PAYTM,GEX STRIKE,,,,,,,,,,,1700.0,1700.0,1700.0,1700.0,1700.0
PAYTM,EXPIRY,,,,,,,,,,,2026-10-27,2026-10-27,2026-10-27,2026-10-27,2026-10-27
PERSISTENT,PRICE,5367.0,5279.0,,,,,5352.42,5323.25,5356.5,5325.5,5367.0,5367.0,5367.0,5367.0,5367.0
PERSISTENT,VWAP,,,,,,,,,,,,,,,
PERSISTENT,CASH VOL,506268,611251,117693,36.47,40.25,,,,,,,,,,
PERSISTENT,F&O VOL,31783,34542,,,,,,,,,31783,31783,31783,31783,31783
PERSISTENT,F&O OI,34615,34615,,,,,,,,,34746,34746,34746,34746,34746
PERSISTENT,CALL VOL,16276,17962,,,,,,,,,16276,16276,16276,16276,16276
PERSISTENT,CALL OI,4668,4668,,,,,,,,,4451,4451,4451,4451,4451
PERSISTENT,PUT VOL,6995,7277,,,,,,,,,6995,6995,6995,6995,6995
PERSISTENT,PUT OI,3100,3100,,,,,,,,,3512,3512,3512,3512,3512
PERSISTENT,CALL SPRD,,,,,,,,,,,0.61,0.61,0.61,0.61,0.61
PERSISTENT,PUT SPRD,,,,,,,,,,,1.68,1.68,1.68,1.68,1.68
PERSISTENT,CALL OI FIX,4668,,,,,,,,,,4451,4451,4451,4451,4451
PERSISTENT,PUT OI FIX,3100,,,,,,,,,,3512,3512,3512,3512,3512
PERSISTENT,CALL DOI,,,,,,,,,,,266280,266280,266280,266280,266280
PERSISTENT,PUT DOI,,,,,,,,,,,-167935,-167935,-167935,-167935,-167935
PERSISTENT,CALL GEX,,,,,,,,,,,21139,21139,21139,21139,21139
PERSISTENT,PUT GEX,,,,,,,,,,,14918,14918,14918,14918,14918
PERSISTENT,GEX STRIKE,,,,,,,,,,,5300.0,5300.0,5300.0,5300.0,5300.0
PERSISTENT,EXPIRY,,,,,,,,,,,2026-10-27,2026-10-27,2026-10-27,2026-10-27,2026-10-27
PETRONET,PRICE,285.5,284.5,,,,,285.49,285.48,285.76,284.27,285.0,285.0,285.0,285.0,285.0
PETRONET,VWAP,,,,,,,,,,,,,,,
PETRONET,CASH VOL,1678508,2419296,528359,69.08,72.9,,,,,,,,,,
PETRONET,F&O VOL,3601,4006,,,,,,,,,3601,3601,3601,3601,3601
PETRONET,F&O OI,18399,18399,,,,,,,,,18568,18568,18568,18568,18568
PETRONET,CALL VOL,963,1358,,,,,,,,,963,963,963,963,963
PETRONET,CALL OI,1316,1316,,,,,,,,,1452,1452,1452,1452,1452
PETRONET,PUT VOL,961,848,,,,,,,,,961,961,961,961,961
PETRONET,PUT OI,878,878,,,,,,,,,829,829,829,829,829
PETRONET,CALL SPRD,,,,,,,,,,,4.29,4.29,4.29,4.29,4.29
PETRONET,PUT SPRD,,,,,,,,,,,4.96,4.96,4.96,4.96,4.96
PETRONET,CALL OI FIX,1316,,,,,,,,,,1452,1452,1452,1452,1452
PETRONET,PUT OI FIX,878,,,,,,,,,,829,829,829,829,829
PETRONET,CALL DOI,,,,,,,,,,,1260799,1260799,1260799,1260799,1260799
PETRONET,PUT DOI,,,,,,,,,,,-669939,-669939,-669939,-669939,-669939
PETRONET,CALL GEX,,,,,,,,,,,207047,207047,207047,207047,207047
PETRONET,PUT GEX,,,,,,,,,,,90776,90776,90776,90776,90776
PETRONET,GEX STRIKE,,,,,,,,,,,290.0,290.0,290.0,290.0,290.0
PETRONET,EXPIRY,,,,,,,,,,,2026-10-27,2026-10-27,2026-10-27,2026-10-27,2026-10-27
PFC,PRICE,318.0,325.5,,,,,319.93,318.64,343.12,339.71,318.0,318.0,318.0,318.0,318.0
PFC,VWAP,,,,,,,,,,,,,,,
PFC,CASH VOL,9777829,9986223,2914234,57.67,68.73,,,,,,,,,,
PFC,F&O VOL,28145,24590,,,,,,,,,28145,28145,28145,28145,28145
PFC,F&O OI,108806,108806,,,,,,,,,110213,110213,110213,110213,110213
PFC,CALL VOL,11106,7652,,,,,,,,,11106,11106,11106,11106,11106
PFC,CALL OI,7111,7111,,,,,,,,,8432,8432,8432,8432,8432
PFC,PUT VOL,5922,6026,,,,,,,,,5922,5922,5922,5922,5922
PFC,PUT OI,8206,8206,,,,,,,,,8138,8138,8138,8138,8138
PFC,CALL SPRD,,,,,,,,,,,1.83,1.83,1.83,1.83,1.83
PFC,PUT SPRD,,,,,,,,,,,1.96,1.96,1.96,1.96,1.96
PFC,CALL OI FIX,7111,,,,,,,,,,8432,8432,8432,8432,8432
PFC,PUT OI FIX,8206,,,,,,,,,,8138,8138,8138,8138,8138
PFC,CALL DOI,,,,,,,,,,,3767709,3767709,3767709,3767709,3767709
PFC,PUT DOI,,,,,,,,,,,-5508223,-5508223,-5508223,-5508223,-5508223
PFC,CALL GEX,,,,,,,,,,,554521,554521,554521,554521,554521
PFC,PUT GEX,,,,,,,,,,,449789,449789,449789,449789,449789
PFC,GEX STRIKE,,,,,,,,,,,330.0,330.0,330.0,330.0,330.0
PFC,EXPIRY,,,,,,,,,,,2026-10-27,2026-10-27,2026-10-27,2026-10-27,2026-10-27
PGEL,PRICE,481.1,493.45,,,,,486.38,482.86,526.73,521.24,481.0,481.0,481.0,481.0,481.0
PGEL,VWAP,,,,,,,,,,,,,,,
PGEL,CASH VOL,1012842,825728,360834,45.84,38.23,,,,,,,,,,
PGEL,F&O VOL,6632,5505,,,,,,,,,6632,6632,6632,6632,6632
PGEL,F&O OI,16769,16769,,,,,,,,,17263,17263,17263,17263,17263
PGEL,CALL VOL,2373,2020,,,,,,,,,2373,2373,2373,2373,2373
PGEL,CALL OI,1237,1237,,,,,,,,,1626,1626,1626,1626,1626
PGEL,PUT VOL,1588,1401,,,,,,,,,1588,1588,1588,1588,1588
PGEL,PUT OI,1829,1829,,,,,,,,,1871,1871,1871,1871,1871
PGEL,CALL SPRD,,,,,,,,,,,3.92,3.92,3.92,3.92,3.92
PGEL,PUT SPRD,,,,,,,,,,,3.06,3.06,3.06,3.06,3.06
PGEL,CALL OI FIX,1237,,,,,,,,,,1626,1626,1626,1626,1626
PGEL,PUT OI FIX,1829,,,,,,,,,,1871,1871,1871,1871,1871
PGEL,CALL DOI,,,,,,,,,,,466884,466884,466884,466884,466884
PGEL,PUT DOI,,,,,,,,,,,-862086,-862086,-862086,-862086,-862086
PGEL,CALL GEX,,,,,,,,,,,56621,56621,56621,56621,56621
PGEL,PUT GEX,,,,,,,,,,,61570,61570,61570,61570,61570
PGEL,GEX STRIKE,,,,,,,,,,,520.0,520.0,520.0,520.0,520.0
PGEL,EXPIRY,,,,,,,,,,,2026-10-27,2026-10-27,2026-10-27,2026-10-27,2026-10-27
PHOENIXLTD,PRICE,1930.0,1935.0,,,,,1937.45,1932.48,1974.88,1967.85,1930.0,1930.0,1930.0,1930.0,1930.0
PHOENIXLTD,VWAP,,,,,,,,,,,,,,,
PHOENIXLTD,CASH VOL,555494,421345,117876,59.45,63.39,,,,,,,,,,
PHOENIXLTD,F&O VOL,4241,2195,,,,,,,,,4241,4241,4241,4241,4241
PHOENIXLTD,F&O OI,11655,11655,,,,,,,,,12383,12383,12383,12383,12383
PHOENIXLTD,CALL VOL,1090,707,,,,,,,,,1090,1090,1090,1090,1090
PHOENIXLTD,CALL OI,486,486,,,,,,,,,763,763,763,763,763
PHOENIXLTD,PUT VOL,1105,375,,,,,,,,,1105,1105,1105,1105,1105
PHOENIXLTD,PUT OI,390,390,,,,,,,,,759,759,759,759,759
PHOENIXLTD,CALL SPRD,,,,,,,,,,,3.12,3.12,3.12,3.12,3.12
PHOENIXLTD,PUT SPRD,,,,,,,,,,,3.15,3.15,3.15,3.15,3.15
PHOENIXLTD,CALL OI FIX,486,,,,,,,,,,763,763,763,763,763
PHOENIXLTD,PUT OI FIX,390,,,,,,,,,,759,759,759,759,759
PHOENIXLTD,CALL DOI,,,,,,,,,,,119272,119272,119272,119272,119272
PHOENIXLTD,PUT DOI,,,,,,,,,,,-103215,-103215,-103215,-103215,-103215
PHOENIXLTD,CALL GEX,,,,,,,,,,,14066,14066,14066,14066,14066
PHOENIXLTD,PUT GEX,,,,,,,,,,,12542,12542,12542,12542,12542
PHOENIXLTD,GEX STRIKE,,,,,,,,,,,1940.0,1940.0,1940.0,1940.0,1940.0
PHOENIXLTD,EXPIRY,,,,,,,,,,,2026-10-27,2026-10-27,2026-10-27,2026-10-27,2026-10-27
PIDILITIND,PRICE,1464.0,1465.1,,,,,1471.85,1466.62,1543.7,1526.03,1464.0,1464.0,1464.0,1464.0,1464.0
PIDILITIND,VWAP,,,,,,,,,,,,,,,
PIDILITIND,CASH VOL,867267,940925,190144,60.78,68.12,,,,,,,,,,
PIDILITIND,F&O VOL,4061,5487,,,,,,,,,4061,4061,4061,4061,4061
PIDILITIND,F&O OI,12975,12975,,,,,,,,,13304,13304,13304,13304,13304
PIDILITIND,CALL VOL,1405,1862,,,,,,,,,1405,1405,1405,1405,1405
PIDILITIND,CALL OI,712,712,,,,,,,,,993,993,993,993,993
PIDILITIND,PUT VOL,1167,1654,,,,,,,,,1167,1167,1167,1167,1167
PIDILITIND,PUT OI,938,938,,,,,,,,,1113,1113,1113,1113,1113
PIDILITIND,CALL SPRD,,,,,,,,,,,3.1,3.1,3.1,3.1,3.1
PIDILITIND,PUT SPRD,,,,,,,,,,,4.03,4.03,4.03,4.03,4.03
PIDILITIND,CALL OI FIX,712,,,,,,,,,,993,993,993,993,993
PIDILITIND,PUT OI FIX,938,,,,,,,,,,1113,1113,1113,1113,1113
PIDILITIND,CALL DOI,,,,,,,,,,,183308,183308,183308,183308,183308
PIDILITIND,PUT DOI,,,,,,,,,,,-235366,-235366,-235366,-235366,-235366
PIDILITIND,CALL GEX,,,,,,,,,,,32293,32293,32293,32293,32293
PIDILITIND,PUT GEX,,,,,,,,,,,34150,34150,34150,34150,34150
PIDILITIND,GEX STRIKE,,,,,,,,,,,1500.0,1500.0,1500.0,1500.0,1500.0
PIDILITIND,EXPIRY,,,,,,,,,,,2026-10-27,2026-10-27,2026-10-27,2026-10-27,2026-10-27
PIIND,PRICE,2236.0,2310.0,,,,,2261.2,2244.4,2396.45,2389.35,2236.0,2236.0,2236.0,2236.0,2236.0
PIIND,VWAP,,,,,,,,,,,,,,,
PIIND,CASH VOL,125263,174009,37414,45.24,53.08,,,,,,,,,,
PIIND,F&O VOL,8205,6498,,,,,,,,,8205,8205,8205,8205,8205
PIIND,F&O OI,29303,29303,,,,,,,,,30163,30163,30163,30163,30163
PIIND,CALL VOL,1471,921,,,,,,,,,1471,1471,1471,1471,1471
PIIND,CALL OI,641,641,,,,,,,,,1185,1185,1185,1185,1185
PIIND,PUT VOL,1796,1331,,,,,,,,,1796,1796,1796,1796,1796
PIIND,PUT OI,1691,1691,,,,,,,,,1713,1713,1713,1713,1713
PIIND,CALL SPRD,,,,,,,,,,,3.45,3.45,3.45,3.45,3.45
PIIND,PUT SPRD,,,,,,,,,,,40.65,40.65,40.65,40.65,40.65
PIIND,CALL OI FIX,641,,,,,,,,,,1185,1185,1185,1185,1185
PIIND,PUT OI FIX,1691,,,,,,,,,,1713,1713,1713,1713,1713
PIIND,CALL DOI,,,,,,,,,,,100627,100627,100627,100627,100627
PIIND,PUT DOI,,,,,,,,,,,-138658,-138658,-138658,-138658,-138658
PIIND,CALL GEX,,,,,,,,,,,11557,11557,11557,11557,11557
PIIND,PUT GEX,,,,,,,,,,,14478,14478,14478,14478,14478
PIIND,GEX STRIKE,,,,,,,,,,,2300.0,2300.0,2300.0,2300.0,2300.0
PIIND,EXPIRY,,,,,,,,,,,2026-10-27,2026-10-27,2026-10-27,2026-10-27,2026-10-27
PNB,PRICE,109.57,113.06,,,,,111.38,110.17,117.56,116.92,109.0,109.0,109.0,109.0,109.0
PNB,VWAP,,,,,,,,,,,,,,,
PNB,CASH VOL,11365686,15255055,2768999,42.94,47.19,,,,,,,,,,
PNB,F&O VOL,12370,11629,,,,,,,,,12370,12370,12370,12370,12370
PNB,F&O OI,41447,41447,,,,,,,,,42494,42494,42494,42494,42494
PNB,CALL VOL,3100,2748,,,,,,,,,3100,3100,3100,3100,3100
PNB,CALL OI,1252,1252,,,,,,,,,1944,1944,1944,1944,1944
PNB,PUT VOL,3080,2512,,,,,,,,,3080,3080,3080,3080,3080
PNB,PUT OI,2684,2684,,,,,,,,,2671,2671,2671,2671,2671
PNB,CALL SPRD,,,,,,,,,,,3.96,3.96,3.96,3.96,3.96
PNB,PUT SPRD,,,,,,,,,,,4.5,4.5,4.5,4.5,4.5
PNB,CALL OI FIX,1252,,,,,,,,,,1944,1944,1944,1944,1944
PNB,PUT OI FIX,2684,,,,,,,,,,2671,2671,2671,2671,2671
PNB,CALL DOI,,,,,,,,,,,6317706,6317706,6317706,6317706,6317706
PNB,PUT DOI,,,,,,,,,,,-11489990,-11489990,-11489990,-11489990,-11489990
PNB,CALL GEX,,,,,,,,,,,718494,718494,718494,718494,718494
PNB,PUT GEX,,,,,,,,,,,1008257,1008257,1008257,1008257,1008257
PNB,GEX STRIKE,,,,,,,,,,,115.0,115.0,115.0,115.0,115.0
PNB,EXPIRY,,,,,,,,,,,2026-10-27,2026-10-27,2026-10-27,2026-10-27,2026-10-27
PNBHOUSING,PRICE,1092.0,1120.0,,,,,1100.3,1094.77,1113.1,1100.97,1092.0,1092.0,1092.0,1092.0,1092.0
PNBHOUSING,VWAP,,,,,,,,,,,,,,,
PNBHOUSING,CASH VOL,1090171,1164222,272526,55.91,65.76,,,,,,,,,,
PNBHOUSING,F&O VOL,5584,8249,,,,,,,,,5584,5584,5584,5584,5584
PNBHOUSING,F&O OI,19609,19609,,,,,,,,,19569,19569,19569,19569,19569
PNBHOUSING,CALL VOL,1883,3363,,,,,,,,,1883,1883,1883,1883,1883
PNBHOUSING,CALL OI,1241,1241,,,,,,,,,1315,1315,1315,1315,1315
PNBHOUSING,PUT VOL,1407,1764,,,,,,,,,1407,1407,1407,1407,1407
PNBHOUSING,PUT OI,1130,1130,,,,,,,,,997,997,997,997,997
PNBHOUSING,CALL SPRD,,,,,,,,,,,13.28,13.28,13.28,13.28,13.28
PNBHOUSING,PUT SPRD,,,,,,,,,,,19.88,19.88,19.88,19.88,19.88
PNBHOUSING,CALL OI FIX,1241,,,,,,,,,,1315,1315,1315,1315,1315
PNBHOUSING,PUT OI FIX,1130,,,,,,,,,,997,997,997,997,997
PNBHOUSING,CALL DOI,,,,,,,,,,,322789,322789,322789,322789,322789
PNBHOUSING,PUT DOI,,,,,,,,,,,-243655,-243655,-243655,-243655,-243655
PNBHOUSING,CALL GEX,,,,,,,,,,,34545,34545,34545,34545,34545
PNBHOUSING,PUT GEX,,,,,,,,,,,23550,23550,23550,23550,23550
PNBHOUSING,GEX STRIKE,,,,,,,,,,,1100.0,1100.0,1100.0,1100.0,1100.0
PNBHOUSING,EXPIRY,,,,,,,,,,,2026-10-27,2026-10-27,2026-10-27,2026-10-27,2026-10-27
POLICYBZR,PRICE,980.0,1063.9,,,,,1011.15,990.38,1509.95,1280.65,980.0,980.0,980.0,980.0,980.0
POLICYBZR,VWAP,,,,,,,,,,,,,,,
POLICYBZR,CASH VOL,14061779,8915211,5530398,42.62,37.84,,,,,,,,,,
POLICYBZR,F&O VOL,243134,181765,,,,,,,,,243134,243134,243134,243134,243134
POLICYBZR,F&O OI,144353,144353,,,,,,,,,160721,160721,160721,160721,160721
POLICYBZR,CALL VOL,41667,16882,,,,,,,,,41667,41667,41667,41667,41667
POLICYBZR,CALL OI,3566,3566,,,,,,,,,9370,9370,9370,9370,9370
POLICYBZR,PUT VOL,81742,50835,,,,,,,,,81742,81742,81742,81742,81742
POLICYBZR,PUT OI,10639,10639,,,,,,,,,13298,13298,13298,13298,13298
POLICYBZR,CALL SPRD,,,,,,,,,,,1.77,1.77,1.77,1.77,1.77
POLICYBZR,PUT SPRD,,,,,,,,,,,6.06,6.06,6.06,6.06,6.06
POLICYBZR,CALL OI FIX,3566,,,,,,,,,,9370,9370,9370,9370,9370
POLICYBZR,PUT OI FIX,10639,,,,,,,,,,13298,13298,13298,13298,13298
POLICYBZR,CALL DOI,,,,,,,,,,,1357061,1357061,1357061,1357061,1357061
POLICYBZR,PUT DOI,,,,,,,,,,,-2042470,-2042470,-2042470,-2042470,-2042470
POLICYBZR,CALL GEX,,,,,,,,,,,89529,89529,89529,89529,89529
POLICYBZR,PUT GEX,,,,,,,,,,,112771,112771,112771,112771,112771
POLICYBZR,GEX STRIKE,,,,,,,,,,,1000.0,1000.0,1000.0,1000.0,1000.0
POLICYBZR,EXPIRY,,,,,,,,,,,2026-10-27,2026-10-27,2026-10-27,2026-10-27,2026-10-27
POLYCAB,PRICE,7990.0,8026.0,,,,,8007.0,7995.67,8403.5,8393.5,7990.0,7990.0,7990.0,7990.0,7990.0
POLYCAB,VWAP,,,,,,,,,,,,,,,
POLYCAB,CASH VOL,463691,494724,135685,57.1,57.12,,,,,,,,,,
POLYCAB,F&O VOL,16535,18045,,,,,,,,,16535,16535,16535,16535,16535
POLYCAB,F&O OI,28872,28872,,,,,,,,,30020,30020,30020,30020,30020
POLYCAB,CALL VOL,6646,6086,,,,,,,,,6646,6646,6646,6646,6646
POLYCAB,CALL OI,3844,3844,,,,,,,,,4292,4292,4292,4292,4292
POLYCAB,PUT VOL,4307,6491,,,,,,,,,4307,4307,4307,4307,4307
POLYCAB,PUT OI,5717,5717,,,,,,,,,5962,5962,5962,5962,5962
POLYCAB,CALL SPRD,,,,,,,,,,,1.99,1.99,1.99,1.99,1.99
POLYCAB,PUT SPRD,,,,,,,,,,,5.53,5.53,5.53,5.53,5.53
POLYCAB,CALL OI FIX,3844,,,,,,,,,,4292,4292,4292,4292,4292
POLYCAB,PUT OI FIX,5717,,,,,,,,,,5962,5962,5962,5962,5962
POLYCAB,CALL DOI,,,,,,,,,,,204943,204943,204943,204943,204943
POLYCAB,PUT DOI,,,,,,,,,,,-346682,-346682,-346682,-346682,-346682
POLYCAB,CALL GEX,,,,,,,,,,,26563,26563,26563,26563,26563
POLYCAB,PUT GEX,,,,,,,,,,,36922,36922,36922,36922,36922
POLYCAB,GEX STRIKE,,,,,,,,,,,8200.0,8200.0,8200.0,8200.0,8200.0
POLYCAB,EXPIRY,,,,,,,,,,,2026-10-27,2026-10-27,2026-10-27,2026-10-27,2026-10-27
POWERGRID,PRICE,254.55,260.5,,,,,255.68,254.93,269.11,268.32,254.0,254.0,254.0,254.0,254.0
POWERGRID,VWAP,,,,,,,,,,,,,,,
POWERGRID,CASH VOL,10976701,9769840,3193026,66.25,68.73,,,,,,,,,,
POWERGRID,F&O VOL,24857,20926,,,,,,,,,24857,24857,24857,24857,24857
POWERGRID,F&O OI,49162,49162,,,,,,,,,51838,51838,51838,51838,51838
POWERGRID,CALL VOL,8008,5148,,,,,,,,,8008,8008,8008,8008,8008
POWERGRID,CALL OI,2973,2973,,,,,,,,,4540,4540,4540,4540,4540
POWERGRID,PUT VOL,6450,6371,,,,,,,,,6450,6450,6450,6450,6450
POWERGRID,PUT OI,3095,3095,,,,,,,,,3332,3332,3332,3332,3332
POWERGRID,CALL SPRD,,,,,,,,,,,1.6,1.6,1.6,1.6,1.6
POWERGRID,PUT SPRD,,,,,,,,,,,4.3,4.3,4.3,4.3,4.3
POWERGRID,CALL OI FIX,2973,,,,,,,,,,4540,4540,4540,4540,4540
POWERGRID,PUT OI FIX,3095,,,,,,,,,,3332,3332,3332,3332,3332
POWERGRID,CALL DOI,,,,,,,,,,,3382968,3382968,3382968,3382968,3382968
POWERGRID,PUT DOI,,,,,,,,,,,-3365602,-3365602,-3365602,-3365602,-3365602
POWERGRID,CALL GEX,,,,,,,,,,,578738,578738,578738,578738,578738
POWERGRID,PUT GEX,,,,,,,,,,,416295,416295,416295,416295,416295
POWERGRID,GEX STRIKE,,,,,,,,,,,260.0,260.0,260.0,260.0,260.0
POWERGRID,EXPIRY,,,,,,,,,,,2026-10-27,2026-10-27,2026-10-27,2026-10-27,2026-10-27
POWERINDIA,PRICE,31290.0,30630.0,,,,,31215.83,31067.5,31587.5,31219.17,31290.0,31290.0,31290.0,31290.0,31290.0
POWERINDIA,VWAP,,,,,,,,,,,,,,,
POWERINDIA,CASH VOL,145146,88522,28096,36.88,45.94,,,,,,,,,,
POWERINDIA,F&O VOL,37898,17037,,,,,,,,,37898,37898,37898,37898,37898
POWERINDIA,F&O OI,30979,30979,,,,,,,,,30694,30694,30694,30694,30694
POWERINDIA,CALL VOL,18932,8651,,,,,,,,,18932,18932,18932,18932,18932
POWERINDIA,CALL OI,5266,5266,,,,,,,,,5044,5044,5044,5044,5044
POWERINDIA,PUT VOL,8673,2676,,,,,,,,,8673,8673,8673,8673,8673
POWERINDIA,PUT OI,5289,5289,,,,,,,,,5488,5488,5488,5488,5488
POWERINDIA,CALL SPRD,,,,,,,,,,,1.16,1.16,1.16,1.16,1.16
POWERINDIA,PUT SPRD,,,,,,,,,,,2.24,2.24,2.24,2.24,2.24
POWERINDIA,CALL OI FIX,5266,,,,,,,,,,5044,5044,5044,5044,5044
POWERINDIA,PUT OI FIX,5289,,,,,,,,,,5488,5488,5488,5488,5488
POWERINDIA,CALL DOI,,,,,,,,,,,58523,58523,58523,58523,58523
POWERINDIA,PUT DOI,,,,,,,,,,,-50168,-50168,-50168,-50168,-50168
POWERINDIA,CALL GEX,,,,,,,,,,,5509,5509,5509,5509,5509
POWERINDIA,PUT GEX,,,,,,,,,,,5222,5222,5222,5222,5222
POWERINDIA,GEX STRIKE,,,,,,,,,,,31000.0,31000.0,31000.0,31000.0,31000.0
POWERINDIA,EXPIRY,,,,,,,,,,,2026-10-27,2026-10-27,2026-10-27,2026-10-27,2026-10-27
PREMIERENE,PRICE,878.05,870.1,,,,,876.78,874.25,902.3,898.37,878.0,878.0,878.0,878.0,878.0
PREMIERENE,VWAP,,,,,,,,,,,,,,,
PREMIERENE,CASH VOL,1259157,1144007,536049,38.06,38.08,,,,,,,,,,
PREMIERENE,F&O VOL,13776,16386,,,,,,,,,13776,13776,13776,13776,13776
PREMIERENE,F&O OI,31017,31017,,,,,,,,,32774,32774,32774,32774,32774
PREMIERENE,CALL VOL,5653,6315,,,,,,,,,5653,5653,5653,5653,5653
PREMIERENE,CALL OI,6311,6311,,,,,,,,,7053,7053,7053,7053,7053
PREMIERENE,PUT VOL,2530,3662,,,,,,,,,2530,2530,2530,2530,2530
PREMIERENE,PUT OI,4339,4339,,,,,,,,,4400,4400,4400,4400,4400
PREMIERENE,CALL SPRD,,,,,,,,,,,2.5,2.5,2.5,2.5,2.5
PREMIERENE,PUT SPRD,,,,,,,,,,,1.51,1.51,1.51,1.51,1.51
PREMIERENE,CALL OI FIX,6311,,,,,,,,,,7053,7053,7053,7053,7053
PREMIERENE,PUT OI FIX,4339,,,,,,,,,,4400,4400,4400,4400,4400
PREMIERENE,CALL DOI,,,,,,,,,,,1745282,1745282,1745282,1745282,1745282
PREMIERENE,PUT DOI,,,,,,,,,,,-1105612,-1105612,-1105612,-1105612,-1105612
PREMIERENE,CALL GEX,,,,,,,,,,,196262,196262,196262,196262,196262
PREMIERENE,PUT GEX,,,,,,,,,,,90746,90746,90746,90746,90746
PREMIERENE,GEX STRIKE,,,,,,,,,,,900.0,900.0,900.0,900.0,900.0
PREMIERENE,EXPIRY,,,,,,,,,,,2026-10-27,2026-10-27,2026-10-27,2026-10-27,2026-10-27
PRESTIGE,PRICE,1486.1,1481.9,,,,,1481.72,1472.95,1478.45,1478.02,1486.0,1486.0,1486.0,1486.0,1486.0
PRESTIGE,VWAP,,,,,,,,,,,,,,,
PRESTIGE,CASH VOL,1381292,1284002,244444,41.45,46.86,,,,,,,,,,
PRESTIGE,F&O VOL,16294,16671,,,,,,,,,16294,16294,16294,16294,16294
PRESTIGE,F&O OI,17133,17133,,,,,,,,,18352,18352,18352,18352,18352
PRESTIGE,CALL VOL,5926,6180,,,,,,,,,5926,5926,5926,5926,5926
PRESTIGE,CALL OI,1809,1809,,,,,,,,,2134,2134,2134,2134,2134
PRESTIGE,PUT VOL,4511,5524,,,,,,,,,4511,4511,4511,4511,4511
PRESTIGE,PUT OI,2323,2323,,,,,,,,,2231,2231,2231,2231,2231
PRESTIGE,CALL SPRD,,,,,,,,,,,9.25,9.25,9.25,9.25,9.25
PRESTIGE,PUT SPRD,,,,,,,,,,,15.09,15.09,15.09,15.09,15.09
PRESTIGE,CALL OI FIX,1809,,,,,,,,,,2134,2134,2134,2134,2134
PRESTIGE,PUT OI FIX,2323,,,,,,,,,,2231,2231,2231,2231,2231
PRESTIGE,CALL DOI,,,,,,,,,,,451465,451465,451465,451465,451465
PRESTIGE,PUT DOI,,,,,,,,,,,-355523,-355523,-355523,-355523,-355523
PRESTIGE,CALL GEX,,,,,,,,,,,44738,44738,44738,44738,44738
PRESTIGE,PUT GEX,,,,,,,,,,,37491,37491,37491,37491,37491
PRESTIGE,GEX STRIKE,,,,,,,,,,,1500.0,1500.0,1500.0,1500.0,1500.0
PRESTIGE,EXPIRY,,,,,,,,,,,2026-10-27,2026-10-27,2026-10-27,2026-10-27,2026-10-27
RADICO,PRICE,4237.0,4366.0,,,,,4314.5,4262.83,4546.42,4525.05,4237.0,4237.0,4237.0,4237.0,4237.0
RADICO,VWAP,,,,,,,,,,,,,,,
RADICO,CASH VOL,426809,387850,182726,56.11,55.03,,,,,,,,,,
RADICO,F&O VOL,6515,9986,,,,,,,,,6515,6515,6515,6515,6515
RADICO,F&O OI,12063,12063,,,,,,,,,13025,13025,13025,13025,13025
RADICO,CALL VOL,1003,1571,,,,,,,,,1003,1003,1003,1003,1003
RADICO,CALL OI,710,710,,,,,,,,,912,912,912,912,912
RADICO,PUT VOL,954,1711,,,,,,,,,954,954,954,954,954
RADICO,PUT OI,951,951,,,,,,,,,970,970,970,970,970
RADICO,CALL SPRD,,,,,,,,,,,32.41,32.41,32.41,32.41,32.41
RADICO,PUT SPRD,,,,,,,,,,,12.61,12.61,12.61,12.61,12.61
RADICO,CALL OI FIX,710,,,,,,,,,,912,912,912,912,912
RADICO,PUT OI FIX,951,,,,,,,,,,970,970,970,970,970
RADICO,CALL DOI,,,,,,,,,,,47374,47374,47374,47374,47374
RADICO,PUT DOI,,,,,,,,,,,-78486,-78486,-78486,-78486,-78486
RADICO,CALL GEX,,,,,,,,,,,5596,5596,5596,5596,5596
RADICO,PUT GEX,,,,,,,,,,,6028,6028,6028,6028,6028
RADICO,GEX STRIKE,,,,,,,,,,,4500.0,4500.0,4500.0,4500.0,4500.0
RADICO,EXPIRY,,,,,,,,,,,2026-10-27,2026-10-27,2026-10-27,2026-10-27,2026-10-27
RBLBANK,PRICE,411.4,403.35,,,,,411.43,411.41,416.23,415.44,411.0,411.0,411.0,411.0,411.0
RBLBANK,VWAP,,,,,,,,,,,,,,,
RBLBANK,CASH VOL,5387538,3855694,884090,29.82,39.08,,,,,,,,,,
RBLBANK,F&O VOL,18999,9316,,,,,,,,,18999,18999,18999,18999,18999
RBLBANK,F&O OI,21810,21810,,,,,,,,,23384,23384,23384,23384,23384
RBLBANK,CALL VOL,7176,3876,,,,,,,,,7176,7176,7176,7176,7176
RBLBANK,CALL OI,3066,3066,,,,,,,,,3627,3627,3627,3627,3627
RBLBANK,PUT VOL,4641,1873,,,,,,,,,4641,4641,4641,4641,4641
RBLBANK,PUT OI,1705,1705,,,,,,,,,2610,2610,2610,2610,2610
RBLBANK,CALL SPRD,,,,,,,,,,,12.98,12.98,12.98,12.98,12.98
RBLBANK,PUT SPRD,,,,,,,,,,,7.58,7.58,7.58,7.58,7.58
RBLBANK,CALL OI FIX,3066,,,,,,,,,,3627,3627,3627,3627,3627
RBLBANK,PUT OI FIX,1705,,,,,,,,,,2610,2610,2610,2610,2610
RBLBANK,CALL DOI,,,,,,,,,,,5768519,5768519,5768519,5768519,5768519
RBLBANK,PUT DOI,,,,,,,,,,,-3209566,-3209566,-3209566,-3209566,-3209566
RBLBANK,CALL GEX,,,,,,,,,,,547137,547137,547137,547137,547137
RBLBANK,PUT GEX,,,,,,,,,,,336218,336218,336218,336218,336218
RBLBANK,GEX STRIKE,,,,,,,,,,,400.0,400.0,400.0,400.0,400.0
RBLBANK,EXPIRY,,,,,,,,,,,2026-10-27,2026-10-27,2026-10-27,2026-10-27,2026-10-27
RECLTD,PRICE,287.75,299.0,,,,,292.2,289.23,312.05,310.25,287.0,287.0,287.0,287.0,287.0
RECLTD,VWAP,,,,,,,,,,,,,,,
RECLTD,CASH VOL,9069239,6842344,1732473,57.74,50.87,,,,,,,,,,
RECLTD,F&O VOL,23993,20443,,,,,,,,,23993,23993,23993,23993,23993
RECLTD,F&O OI,52777,52777,,,,,,,,,54120,54120,54120,54120,54120
RECLTD,CALL VOL,8818,7594,,,,,,,,,8818,8818,8818,8818,8818
RECLTD,CALL OI,4731,4731,,,,,,,,,5697,5697,5697,5697,5697
RECLTD,PUT VOL,7447,5364,,,,,,,,,7447,7447,7447,7447,7447
RECLTD,PUT OI,6224,6224,,,,,,,,,6620,6620,6620,6620,6620
RECLTD,CALL SPRD,,,,,,,,,,,1.87,1.87,1.87,1.87,1.87
RECLTD,PUT SPRD,,,,,,,,,,,2.57,2.57,2.57,2.57,2.57
RECLTD,CALL OI FIX,4731,,,,,,,,,,5697,5697,5697,5697,5697
RECLTD,PUT OI FIX,6224,,,,,,,,,,6620,6620,6620,6620,6620
RECLTD,CALL DOI,,,,,,,,,,,2917472,2917472,2917472,2917472,2917472
RECLTD,PUT DOI,,,,,,,,,,,-5750329,-5750329,-5750329,-5750329,-5750329
RECLTD,CALL GEX,,,,,,,,,,,406588,406588,406588,406588,406588
RECLTD,PUT GEX,,,,,,,,,,,424266,424266,424266,424266,424266
RECLTD,GEX STRIKE,,,,,,,,,,,300.0,300.0,300.0,300.0,300.0
RECLTD,EXPIRY,,,,,,,,,,,2026-10-27,2026-10-27,2026-10-27,2026-10-27,2026-10-27
RELIANCE,PRICE,1167.7,1187.0,,,,,1172.35,1169.25,1231.65,1227.88,1167.0,1167.0,1167.0,1167.0,1167.0
RELIANCE,VWAP,,,,,,,,,,,,,,,
RELIANCE,CASH VOL,16771221,16376789,4897862,61.24,69.68,,,,,,,,,,
RELIANCE,F&O VOL,248960,217712,,,,,,,,,248960,248960,248960,248960,248960
RELIANCE,F&O OI,544764,544764,,,,,,,,,574921,574921,574921,574921,574921
RELIANCE,CALL VOL,62264,48215,,,,,,,,,62264,62264,62264,62264,62264
RELIANCE,CALL OI,33270,33270,,,,,,,,,42447,42447,42447,42447,42447
RELIANCE,PUT VOL,51586,41081,,,,,,,,,51586,51586,51586,51586,51586
RELIANCE,PUT OI,40002,40002,,,,,,,,,43144,43144,43144,43144,43144
RELIANCE,CALL SPRD,,,,,,,,,,,0.46,0.46,0.46,0.46,0.46
RELIANCE,PUT SPRD,,,,,,,,,,,1.09,1.09,1.09,1.09,1.09
RELIANCE,CALL OI FIX,33270,,,,,,,,,,42447,42447,42447,42447,42447
RELIANCE,PUT OI FIX,40002,,,,,,,,,,43144,43144,43144,43144,43144
RELIANCE,CALL DOI,,,,,,,,,,,8872733,8872733,8872733,8872733,8872733
RELIANCE,PUT DOI,,,,,,,,,,,-10876017,-10876017,-10876017,-10876017,-10876017
RELIANCE,CALL GEX,,,,,,,,,,,1263087,1263087,1263087,1263087,1263087
RELIANCE,PUT GEX,,,,,,,,,,,1219190,1219190,1219190,1219190,1219190
RELIANCE,GEX STRIKE,,,,,,,,,,,1200.0,1200.0,1200.0,1200.0,1200.0
RELIANCE,EXPIRY,,,,,,,,,,,2026-10-27,2026-10-27,2026-10-27,2026-10-27,2026-10-27
RVNL,PRICE,197.0,201.76,,,,,198.25,197.42,208.89,207.63,197.0,197.0,197.0,197.0,197.0
RVNL,VWAP,,,,,,,,,,,,,,,
RVNL,CASH VOL,6247340,17689293,1076467,29.56,13.84,,,,,,,,,,
RVNL,F&O VOL,18564,57374,,,,,,,,,18564,18564,18564,18564,18564
RVNL,F&O OI,34367,34367,,,,,,,,,35214,35214,35214,35214,35214
RVNL,CALL VOL,7655,25122,,,,,,,,,7655,7655,7655,7655,7655
RVNL,CALL OI,4096,4096,,,,,,,,,4497,4497,4497,4497,4497
RVNL,PUT VOL,3412,9610,,,,,,,,,3412,3412,3412,3412,3412
RVNL,PUT OI,3870,3870,,,,,,,,,3940,3940,3940,3940,3940
RVNL,CALL SPRD,,,,,,,,,,,1.01,1.01,1.01,1.01,1.01
RVNL,PUT SPRD,,,,,,,,,,,1.87,1.87,1.87,1.87,1.87
RVNL,CALL OI FIX,4096,,,,,,,,,,4497,4497,4497,4497,4497
RVNL,PUT OI FIX,3870,,,,,,,,,,3940,3940,3940,3940,3940
RVNL,CALL DOI,,,,,,,,,,,3152342,3152342,3152342,3152342,3152342
RVNL,PUT DOI,,,,,,,,,,,-3837897,-3837897,-3837897,-3837897,-3837897
RVNL,CALL GEX,,,,,,,,,,,354625,354625,354625,354625,354625
RVNL,PUT GEX,,,,,,,,,,,261447,261447,261447,261447,261447
RVNL,GEX STRIKE,,,,,,,,,,,210.0,210.0,210.0,210.0,210.0
RVNL,EXPIRY,,,,,,,,,,,2026-10-27,2026-10-27,2026-10-27,2026-10-27,2026-10-27
SAIL,PRICE,174.5,181.49,,,,,176.17,175.06,184.23,182.68,174.0,174.0,174.0,174.0,174.0
SAIL,VWAP,,,,,,,,,,,,,,,
SAIL,CASH VOL,26206885,15646382,6690334,43.19,48.15,,,,,,,,,,
SAIL,F&O VOL,222,563,,,,,,,,,222,222,222,222,222
SAIL,F&O OI,37763,37763,,,,,,,,,37610,37610,37610,37610,37610
SAIL,CALL VOL,,,,,,,,,,,0,0,0,0,0
SAIL,CALL OI,17,17,,,,,,,,,17,17,17,17,17
SAIL,PUT VOL,,1,,,,,,,,,0,0,0,0,0
SAIL,PUT OI,13,13,,,,,,,,,13,13,13,13,13
SAIL,CALL SPRD,,,,,,,,,,,180.95,180.95,180.95,180.95,180.95
SAIL,PUT SPRD,,,,,,,,,,,182.89,182.89,182.89,182.89,182.89
SAIL,CALL OI FIX,17,,,,,,,,,,17,17,17,17,17
SAIL,PUT OI FIX,13,,,,,,,,,,13,13,13,13,13
SAIL,CALL DOI,,,,,,,,,,,32659,32659,32659,32659,32659
SAIL,PUT DOI,,,,,,,,,,,-30854,-30854,-30854,-30854,-30854
SAIL,CALL GEX,,,,,,,,,,,3561,3561,3561,3561,3561
SAIL,PUT GEX,,,,,,,,,,,2159,2159,2159,2159,2159
SAIL,GEX STRIKE,,,,,,,,,,,180.0,180.0,180.0,180.0,180.0
SAIL,EXPIRY,,,,,,,,,,,2026-10-27,2026-10-27,2026-10-27,2026-10-27,2026-10-27
SBICARD,PRICE,563.2,578.05,,,,,571.33,565.91,624.67,615.69,563.0,563.0,563.0,563.0,563.0
SBICARD,VWAP,,,,,,,,,,,,,,,
SBICARD,CASH VOL,962872,582328,252034,41.32,46.37,,,,,,,,,,
SBICARD,F&O VOL,15626,10421,,,,,,,,,15626,15626,15626,15626,15626
SBICARD,F&O OI,34346,34346,,,,,,,,,35920,35920,35920,35920,35920
SBICARD,CALL VOL,3709,2139,,,,,,,,,3709,3709,3709,3709,3709
SBICARD,CALL OI,2320,2320,,,,,,,,,3322,3322,3322,3322,3322
SBICARD,PUT VOL,3169,2212,,,,,,,,,3169,3169,3169,3169,3169
SBICARD,PUT OI,3971,3971,,,,,,,,,4371,4371,4371,4371,4371
SBICARD,CALL SPRD,,,,,,,,,,,2.67,2.67,2.67,2.67,2.67
SBICARD,PUT SPRD,,,,,,,,,,,2.99,2.99,2.99,2.99,2.99
SBICARD,CALL OI FIX,2320,,,,,,,,,,3322,3322,3322,3322,3322
SBICARD,PUT OI FIX,3971,,,,,,,,,,4371,4371,4371,4371,4371
SBICARD,CALL DOI,,,,,,,,,,,854134,854134,854134,854134,854134
SBICARD,PUT DOI,,,,,,,,,,,-1757709,-1757709,-1757709,-1757709,-1757709
SBICARD,CALL GEX,,,,,,,,,,,109022,109022,109022,109022,109022
SBICARD,PUT GEX,,,,,,,,,,,129940,129940,129940,129940,129940
SBICARD,GEX STRIKE,,,,,,,,,,,600.0,600.0,600.0,600.0,600.0
SBICARD,EXPIRY,,,,,,,,,,,2026-10-27,2026-10-27,2026-10-27,2026-10-27,2026-10-27
SBILIFE,PRICE,1721.6,1696.4,,,,,1715.25,1702.55,1745.65,1743.22,1721.0,1721.0,1721.0,1721.0,1721.0
SBILIFE,VWAP,,,,,,,,,,,,,,,
SBILIFE,CASH VOL,3329860,1813203,754334,63.76,64.08,,,,,,,,,,
SBILIFE,F&O VOL,12730,11611,,,,,,,,,12730,12730,12730,12730,12730
SBILIFE,F&O OI,23882,23882,,,,,,,,,24228,24228,24228,24228,24228
SBILIFE,CALL VOL,4630,3900,,,,,,,,,4630,4630,4630,4630,4630
SBILIFE,CALL OI,2081,2081,,,,,,,,,1902,1902,1902,1902,1902
SBILIFE,PUT VOL,3208,3832,,,,,,,,,3208,3208,3208,3208,3208
SBILIFE,PUT OI,1591,1591,,,,,,,,,1646,1646,1646,1646,1646
SBILIFE,CALL SPRD,,,,,,,,,,,26.57,26.57,26.57,26.57,26.57
SBILIFE,PUT SPRD,,,,,,,,,,,11.35,11.35,11.35,11.35,11.35
SBILIFE,CALL OI FIX,2081,,,,,,,,,,1902,1902,1902,1902,1902
SBILIFE,PUT OI FIX,1591,,,,,,,,,,1646,1646,1646,1646,1646
SBILIFE,CALL DOI,,,,,,,,,,,295542,295542,295542,295542,295542
SBILIFE,PUT DOI,,,,,,,,,,,-271640,-271640,-271640,-271640,-271640
SBILIFE,CALL GEX,,,,,,,,,,,39194,39194,39194,39194,39194
SBILIFE,PUT GEX,,,,,,,,,,,32813,32813,32813,32813,32813
SBILIFE,GEX STRIKE,,,,,,,,,,,1760.0,1760.0,1760.0,1760.0,1760.0
SBILIFE,EXPIRY,,,,,,,,,,,2026-10-27,2026-10-27,2026-10-27,2026-10-27,2026-10-27
SBIN,PRICE,954.1,959.5,,,,,955.6,954.6,987.95,984.65,954.0,954.0,954.0,954.0,954.0
SBIN,VWAP,,,,,,,,,,,,,,,
SBIN,CASH VOL,7390452,8010571,2325263,50.73,57.46,,,,,,,,,,
SBIN,F&O VOL,112766,110048,,,,,,,,,112766,112766,112766,112766,112766
SBIN,F&O OI,233003,233003,,,,,,,,,236879,236879,236879,236879,236879
SBIN,CALL VOL,42632,35635,,,,,,,,,42632,42632,42632,42632,42632
SBIN,CALL OI,22837,22837,,,,,,,,,24617,24617,24617,24617,24617
SBIN,PUT VOL,34983,29964,,,,,,,,,34983,34983,34983,34983,34983
SBIN,PUT OI,27295,27295,,,,,,,,,27473,27473,27473,27473,27473
SBIN,CALL SPRD,,,,,,,,,,,0.39,0.39,0.39,0.39,0.39
SBIN,PUT SPRD,,,,,,,,,,,1.17,1.17,1.17,1.17,1.17
SBIN,CALL OI FIX,22837,,,,,,,,,,24617,24617,24617,24617,24617
SBIN,PUT OI FIX,27295,,,,,,,,,,27473,27473,27473,27473,27473
SBIN,CALL DOI,,,,,,,,,,,7021212,7021212,7021212,7021212,7021212
SBIN,PUT DOI,,,,,,,,,,,-10214250,-10214250,-10214250,-10214250,-10214250
SBIN,CALL GEX,,,,,,,,,,,1238223,1238223,1238223,1238223,1238223
SBIN,PUT GEX,,,,,,,,,,,1225300,1225300,1225300,1225300,1225300
SBIN,GEX STRIKE,,,,,,,,,,,1000.0,1000.0,1000.0,1000.0,1000.0
SBIN,EXPIRY,,,,,,,,,,,2026-10-27,2026-10-27,2026-10-27,2026-10-27,2026-10-27
SHREECEM,PRICE,21900.0,22345.0,,,,,21871.67,21815.0,22495.0,22445.0,21900.0,21900.0,21900.0,21900.0,21900.0
SHREECEM,VWAP,,,,,,,,,,,,,,,
SHREECEM,CASH VOL,59306,20963,23221,60.82,55.93,,,,,,,,,,
SHREECEM,F&O VOL,9979,5122,,,,,,,,,9979,9979,9979,9979,9979
SHREECEM,F&O OI,19391,19391,,,,,,,,,19894,19894,19894,19894,19894
SHREECEM,CALL VOL,4462,2203,,,,,,,,,4462,4462,4462,4462,4462
SHREECEM,CALL OI,1268,1268,,,,,,,,,1957,1957,1957,1957,1957
SHREECEM,PUT VOL,1461,1112,,,,,,,,,1461,1461,1461,1461,1461
SHREECEM,PUT OI,1053,1053,,,,,,,,,1001,1001,1001,1001,1001
SHREECEM,CALL SPRD,,,,,,,,,,,15.0,15.0,15.0,15.0,15.0
SHREECEM,PUT SPRD,,,,,,,,,,,29.02,29.02,29.02,29.02,29.02
SHREECEM,CALL OI FIX,1268,,,,,,,,,,1957,1957,1957,1957,1957
SHREECEM,PUT OI FIX,1053,,,,,,,,,,1001,1001,1001,1001,1001
SHREECEM,CALL DOI,,,,,,,,,,,19065,19065,19065,19065,19065
SHREECEM,PUT DOI,,,,,,,,,,,-10830,-10830,-10830,-10830,-10830
SHREECEM,CALL GEX,,,,,,,,,,,3221,3221,3221,3221,3221
SHREECEM,PUT GEX,,,,,,,,,,,987,987,987,987,987
SHREECEM,GEX STRIKE,,,,,,,,,,,22000.0,22000.0,22000.0,22000.0,22000.0
SHREECEM,EXPIRY,,,,,,,,,,,2026-10-27,2026-10-27,2026-10-27,2026-10-27,2026-10-27
SHRIRAMFIN,PRICE,945.0,982.7,,,,,955.5,948.5,1000.7,996.3,945.0,945.0,945.0,945.0,945.0
SHRIRAMFIN,VWAP,,,,,,,,,,,,,,,
SHRIRAMFIN,CASH VOL,5599670,5552495,1937554,63.51,70.33,,,,,,,,,,
SHRIRAMFIN,F&O VOL,34253,21981,,,,,,,,,34253,34253,34253,34253,34253
SHRIRAMFIN,F&O OI,43975,43975,,,,,,,,,47227,47227,47227,47227,47227
SHRIRAMFIN,CALL VOL,12827,8308,,,,,,,,,12827,12827,12827,12827,12827
SHRIRAMFIN,CALL OI,5379,5379,,,,,,,,,7155,7155,7155,7155,7155
SHRIRAMFIN,PUT VOL,12174,5837,,,,,,,,,12174,12174,12174,12174,12174
SHRIRAMFIN,PUT OI,5395,5395,,,,,,,,,6633,6633,6633,6633,6633
SHRIRAMFIN,CALL SPRD,,,,,,,,,,,4.47,4.47,4.47,4.47,4.47
SHRIRAMFIN,PUT SPRD,,,,,,,,,,,7.54,7.54,7.54,7.54,7.54
SHRIRAMFIN,CALL OI FIX,5379,,,,,,,,,,7155,7155,7155,7155,7155
SHRIRAMFIN,PUT OI FIX,5395,,,,,,,,,,6633,6633,6633,6633,6633
SHRIRAMFIN,CALL DOI,,,,,,,,,,,1871248,1871248,1871248,1871248,1871248
SHRIRAMFIN,PUT DOI,,,,,,,,,,,-2744078,-2744078,-2744078,-2744078,-2744078
SHRIRAMFIN,CALL GEX,,,,,,,,,,,247470,247470,247470,247470,247470
SHRIRAMFIN,PUT GEX,,,,,,,,,,,208192,208192,208192,208192,208192
SHRIRAMFIN,GEX STRIKE,,,,,,,,,,,980.0,980.0,980.0,980.0,980.0
SHRIRAMFIN,EXPIRY,,,,,,,,,,,2026-10-27,2026-10-27,2026-10-27,2026-10-27,2026-10-27
SIEMENS,PRICE,3804.0,3725.6,,,,,3788.25,3756.75,3889.65,3881.22,3804.0,3804.0,3804.0,3804.0,3804.0
SIEMENS,VWAP,,,,,,,,,,,,,,,
SIEMENS,CASH VOL,243713,183302,76439,42.26,45.86,,,,,,,,,,
SIEMENS,F&O VOL,9593,5991,,,,,,,,,9593,9593,9593,9593,9593
SIEMENS,F&O OI,27041,27041,,,,,,,,,26934,26934,26934,26934,26934
SIEMENS,CALL VOL,4996,3321,,,,,,,,,4996,4996,4996,4996,4996
SIEMENS,CALL OI,2663,2663,,,,,,,,,2744,2744,2744,2744,2744
SIEMENS,PUT VOL,1409,571,,,,,,,,,1409,1409,1409,1409,1409
SIEMENS,PUT OI,2736,2736,,,,,,,,,2880,2880,2880,2880,2880
SIEMENS,CALL SPRD,,,,,,,,,,,10.36,10.36,10.36,10.36,10.36
SIEMENS,PUT SPRD,,,,,,,,,,,4.67,4.67,4.67,4.67,4.67
SIEMENS,CALL OI FIX,2663,,,,,,,,,,2744,2744,2744,2744,2744
SIEMENS,PUT OI FIX,2736,,,,,,,,,,2880,2880,2880,2880,2880
SIEMENS,CALL DOI,,,,,,,,,,,207198,207198,207198,207198,207198
SIEMENS,PUT DOI,,,,,,,,,,,-187148,-187148,-187148,-187148,-187148
SIEMENS,CALL GEX,,,,,,,,,,,30293,30293,30293,30293,30293
SIEMENS,PUT GEX,,,,,,,,,,,21143,21143,21143,21143,21143
SIEMENS,GEX STRIKE,,,,,,,,,,,3800.0,3800.0,3800.0,3800.0,3800.0
SIEMENS,EXPIRY,,,,,,,,,,,2026-10-27,2026-10-27,2026-10-27,2026-10-27,2026-10-27
SOLARINDS,PRICE,19400.0,19700.0,,,,,19343.17,19229.5,19842.5,19777.5,19400.0,19400.0,19400.0,19400.0,19400.0
SOLARINDS,VWAP,,,,,,,,,,,,,,,
SOLARINDS,CASH VOL,204788,302167,62824,35.8,37.93,,,,,,,,,,
SOLARINDS,F&O VOL,27724,59681,,,,,,,,,27724,27724,27724,27724,27724
SOLARINDS,F&O OI,37187,37187,,,,,,,,,37894,37894,37894,37894,37894
SOLARINDS,CALL VOL,9017,23260,,,,,,,,,9017,9017,9017,9017,9017
SOLARINDS,CALL OI,5135,5135,,,,,,,,,5520,5520,5520,5520,5520
SOLARINDS,PUT VOL,4076,8019,,,,,,,,,4076,4076,4076,4076,4076
SOLARINDS,PUT OI,4218,4218,,,,,,,,,3974,3974,3974,3974,3974
SOLARINDS,CALL SPRD,,,,,,,,,,,3.68,3.68,3.68,3.68,3.68
SOLARINDS,PUT SPRD,,,,,,,,,,,4.95,4.95,4.95,4.95,4.95
SOLARINDS,CALL OI FIX,5135,,,,,,,,,,5520,5520,5520,5520,5520
SOLARINDS,PUT OI FIX,4218,,,,,,,,,,3974,3974,3974,3974,3974
SOLARINDS,CALL DOI,,,,,,,,,,,125767,125767,125767,125767,125767
SOLARINDS,PUT DOI,,,,,,,,,,,-89648,-89648,-89648,-89648,-89648
SOLARINDS,CALL GEX,,,,,,,,,,,12958,12958,12958,12958,12958
SOLARINDS,PUT GEX,,,,,,,,,,,7325,7325,7325,7325,7325
SOLARINDS,GEX STRIKE,,,,,,,,,,,20000.0,20000.0,20000.0,20000.0,20000.0
SOLARINDS,EXPIRY,,,,,,,,,,,2026-10-27,2026-10-27,2026-10-27,2026-10-27,2026-10-27
SONACOMS,PRICE,805.0,830.0,,,,,806.1,805.37,821.51,815.52,805.0,805.0,805.0,805.0,805.0
SONACOMS,VWAP,,,,,,,,,,,,,,,
SONACOMS,CASH VOL,3497748,2734579,1474417,44.74,47.28,,,,,,,,,,
SONACOMS,F&O VOL,19044,13602,,,,,,,,,19044,19044,19044,19044,19044
SONACOMS,F&O OI,17856,17856,,,,,,,,,19637,19637,19637,19637,19637
SONACOMS,CALL VOL,6193,6359,,,,,,,,,6193,6193,6193,6193,6193
SONACOMS,CALL OI,2347,2347,,,,,,,,,3038,3038,3038,3038,3038
SONACOMS,PUT VOL,4058,2007,,,,,,,,,4058,4058,4058,4058,4058
SONACOMS,PUT OI,1810,1810,,,,,,,,,2297,2297,2297,2297,2297
SONACOMS,CALL SPRD,,,,,,,,,,,7.08,7.08,7.08,7.08,7.08
SONACOMS,PUT SPRD,,,,,,,,,,,12.06,12.06,12.06,12.06,12.06
SONACOMS,CALL OI FIX,2347,,,,,,,,,,3038,3038,3038,3038,3038
SONACOMS,PUT OI FIX,1810,,,,,,,,,,2297,2297,2297,2297,2297
SONACOMS,CALL DOI,,,,,,,,,,,1569288,1569288,1569288,1569288,1569288
SONACOMS,PUT DOI,,,,,,,,,,,-1253299,-1253299,-1253299,-1253299,-1253299
SONACOMS,CALL GEX,,,,,,,,,,,186977,186977,186977,186977,186977
SONACOMS,PUT GEX,,,,,,,,,,,94798,94798,94798,94798,94798
SONACOMS,GEX STRIKE,,,,,,,,,,,840.0,840.0,840.0,840.0,840.0
SONACOMS,EXPIRY,,,,,,,,,,,2026-10-27,2026-10-27,2026-10-27,2026-10-27,2026-10-27
SRF,PRICE,2486.2,2472.5,,,,,2478.57,2463.3,2536.18,2528.55,2486.0,2486.0,2486.0,2486.0,2486.0
SRF,VWAP,,,,,,,,,,,,,,,
SRF,CASH VOL,352530,292029,66354,61.36,54.71,,,,,,,,,,
SRF,F&O VOL,5207,10821,,,,,,,,,5207,5207,5207,5207,5207
SRF,F&O OI,27353,27353,,,,,,,,,26994,26994,26994,26994,26994
SRF,CALL VOL,1636,4909,,,,,,,,,1636,1636,1636,1636,1636
SRF,CALL OI,1961,1961,,,,,,,,,1811,1811,1811,1811,1811
SRF,PUT VOL,930,2257,,,,,,,,,930,930,930,930,930
SRF,PUT OI,1841,1841,,,,,,,,,1792,1792,1792,1792,1792
SRF,CALL SPRD,,,,,,,,,,,29.19,29.19,29.19,29.19,29.19
SRF,PUT SPRD,,,,,,,,,,,24.59,24.59,24.59,24.59,24.59
SRF,CALL OI FIX,1961,,,,,,,,,,1811,1811,1811,1811,1811
SRF,PUT OI FIX,1841,,,,,,,,,,1792,1792,1792,1792,1792
SRF,CALL DOI,,,,,,,,,,,192474,192474,192474,192474,192474
SRF,PUT DOI,,,,,,,,,,,-154061,-154061,-154061,-154061,-154061
SRF,CALL GEX,,,,,,,,,,,26513,26513,26513,26513,26513
SRF,PUT GEX,,,,,,,,,,,17456,17456,17456,17456,17456
SRF,GEX STRIKE,,,,,,,,,,,2500.0,2500.0,2500.0,2500.0,2500.0
SRF,EXPIRY,,,,,,,,,,,2026-10-27,2026-10-27,2026-10-27,2026-10-27,2026-10-27
SUNPHARMA,PRICE,1801.0,1816.6,,,,,1810.65,1804.22,1860.8,1855.07,1801.0,1801.0,1801.0,1801.0,1801.0
SUNPHARMA,VWAP,,,,,,,,,,,,,,,
SUNPHARMA,CASH VOL,2314700,2401495,908147,63.96,63.77,,,,,,,,,,
SUNPHARMA,F&O VOL,33516,46030,,,,,,,,,33516,33516,33516,33516,33516
SUNPHARMA,F&O OI,62484,62484,,,,,,,,,66185,66185,66185,66185,66185
SUNPHARMA,CALL VOL,12936,16509,,,,,,,,,12936,12936,12936,12936,12936
SUNPHARMA,CALL OI,4796,4796,,,,,,,,,5961,5961,5961,5961,5961
SUNPHARMA,PUT VOL,11818,14483,,,,,,,,,11818,11818,11818,11818,11818
SUNPHARMA,PUT OI,5661,5661,,,,,,,,,6544,6544,6544,6544,6544
SUNPHARMA,CALL SPRD,,,,,,,,,,,3.97,3.97,3.97,3.97,3.97
SUNPHARMA,PUT SPRD,,,,,,,,,,,1.93,1.93,1.93,1.93,1.93
SUNPHARMA,CALL OI FIX,4796,,,,,,,,,,5961,5961,5961,5961,5961
SUNPHARMA,PUT OI FIX,5661,,,,,,,,,,6544,6544,6544,6544,6544
SUNPHARMA,CALL DOI,,,,,,,,,,,696077,696077,696077,696077,696077
SUNPHARMA,PUT DOI,,,,,,,,,,,-1027709,-1027709,-1027709,-1027709,-1027709
SUNPHARMA,CALL GEX,,,,,,,,,,,143590,143590,143590,143590,143590
SUNPHARMA,PUT GEX,,,,,,,,,,,157051,157051,157051,157051,157051
SUNPHARMA,GEX STRIKE,,,,,,,,,,,1860.0,1860.0,1860.0,1860.0,1860.0
SUNPHARMA,EXPIRY,,,,,,,,,,,2026-10-27,2026-10-27,2026-10-27,2026-10-27,2026-10-27
SUPREMEIND,PRICE,3380.0,3451.0,,,,,3374.48,3363.45,3530.2,3490.6,3380.0,3380.0,3380.0,3380.0,3380.0
SUPREMEIND,VWAP,,,,,,,,,,,,,,,
SUPREMEIND,CASH VOL,167968,139486,62444,41.88,47.4,,,,,,,,,,
SUPREMEIND,F&O VOL,6789,4731,,,,,,,,,6789,6789,6789,6789,6789
SUPREMEIND,F&O OI,13701,13701,,,,,,,,,14647,14647,14647,14647,14647
SUPREMEIND,CALL VOL,2304,2671,,,,,,,,,2304,2304,2304,2304,2304
SUPREMEIND,CALL OI,672,672,,,,,,,,,934,934,934,934,934
SUPREMEIND,PUT VOL,1360,675,,,,,,,,,1360,1360,1360,1360,1360
SUPREMEIND,PUT OI,605,605,,,,,,,,,869,869,869,869,869
SUPREMEIND,CALL SPRD,,,,,,,,,,,11.4,11.4,11.4,11.4,11.4
SUPREMEIND,PUT SPRD,,,,,,,,,,,15.13,15.13,15.13,15.13,15.13
SUPREMEIND,CALL OI FIX,672,,,,,,,,,,934,934,934,934,934
SUPREMEIND,PUT OI FIX,605,,,,,,,,,,869,869,869,869,869
SUPREMEIND,CALL DOI,,,,,,,,,,,56837,56837,56837,56837,56837
SUPREMEIND,PUT DOI,,,,,,,,,,,-74723,-74723,-74723,-74723,-74723
SUPREMEIND,CALL GEX,,,,,,,,,,,7702,7702,7702,7702,7702
SUPREMEIND,PUT GEX,,,,,,,,,,,6138,6138,6138,6138,6138
SUPREMEIND,GEX STRIKE,,,,,,,,,,,3600.0,3600.0,3600.0,3600.0,3600.0
SUPREMEIND,EXPIRY,,,,,,,,,,,2026-10-27,2026-10-27,2026-10-27,2026-10-27,2026-10-27
SUZLON,PRICE,38.91,39.49,,,,,39.02,38.94,42.16,41.26,38.0,38.0,38.0,38.0,38.0
SUZLON,VWAP,,,,,,,,,,,,,,,
SUZLON,CASH VOL,53247107,47026942,13496319,38.56,48.72,,,,,,,,,,
SUZLON,F&O VOL,15479,13117,,,,,,,,,15479,15479,15479,15479,15479
SUZLON,F&O OI,53499,53499,,,,,,,,,54424,54424,54424,54424,54424
SUZLON,CALL VOL,5653,5026,,,,,,,,,5653,5653,5653,5653,5653
SUZLON,CALL OI,5507,5507,,,,,,,,,6487,6487,6487,6487,6487
SUZLON,PUT VOL,3638,2706,,,,,,,,,3638,3638,3638,3638,3638
SUZLON,PUT OI,4384,4384,,,,,,,,,4679,4679,4679,4679,4679
SUZLON,CALL SPRD,,,,,,,,,,,2.42,2.42,2.42,2.42,2.42
SUZLON,PUT SPRD,,,,,,,,,,,1.98,1.98,1.98,1.98,1.98
SUZLON,CALL OI FIX,5507,,,,,,,,,,6487,6487,6487,6487,6487
SUZLON,PUT OI FIX,4384,,,,,,,,,,4679,4679,4679,4679,4679
SUZLON,CALL DOI,,,,,,,,,,,26968463,26968463,26968463,26968463,26968463
SUZLON,PUT DOI,,,,,,,,,,,-28626728,-28626728,-28626728,-28626728,-28626728
SUZLON,CALL GEX,,,,,,,,,,,2627535,2627535,2627535,2627535,2627535
SUZLON,PUT GEX,,,,,,,,,,,1858387,1858387,1858387,1858387,1858387
SUZLON,GEX STRIKE,,,,,,,,,,,40.0,40.0,40.0,40.0,40.0
SUZLON,EXPIRY,,,,,,,,,,,2026-10-27,2026-10-27,2026-10-27,2026-10-27,2026-10-27
SWIGGY,PRICE,238.0,250.1,,,,,242.3,239.43,275.52,268.41,238.0,238.0,238.0,238.0,238.0
SWIGGY,VWAP,,,,,,,,,,,,,,,
SWIGGY,CASH VOL,13785398,9125415,5098772,44.9,43.36,,,,,,,,,,
SWIGGY,F&O VOL,28918,18936,,,,,,,,,28918,28918,28918,28918,28918
SWIGGY,F&O OI,58762,58762,,,,,,,,,63659,63659,63659,63659,63659
SWIGGY,CALL VOL,8319,5032,,,,,,,,,8319,8319,8319,8319,8319
SWIGGY,CALL OI,3570,3570,,,,,,,,,5476,5476,5476,5476,5476
SWIGGY,PUT VOL,6564,4286,,,,,,,,,6564,6564,6564,6564,6564
SWIGGY,PUT OI,5316,5316,,,,,,,,,5981,5981,5981,5981,5981
SWIGGY,CALL SPRD,,,,,,,,,,,2.58,2.58,2.58,2.58,2.58
SWIGGY,PUT SPRD,,,,,,,,,,,11.21,11.21,11.21,11.21,11.21
SWIGGY,CALL OI FIX,3570,,,,,,,,,,5476,5476,5476,5476,5476
SWIGGY,PUT OI FIX,5316,,,,,,,,,,5981,5981,5981,5981,5981
SWIGGY,CALL DOI,,,,,,,,,,,2998268,2998268,2998268,2998268,2998268
SWIGGY,PUT DOI,,,,,,,,,,,-6037743,-6037743,-6037743,-6037743,-6037743
SWIGGY,CALL GEX,,,,,,,,,,,309634,309634,309634,309634,309634
SWIGGY,PUT GEX,,,,,,,,,,,374481,374481,374481,374481,374481
SWIGGY,GEX STRIKE,,,,,,,,,,,240.0,240.0,240.0,240.0,240.0
SWIGGY,EXPIRY,,,,,,,,,,,2026-10-27,2026-10-27,2026-10-27,2026-10-27,2026-10-27
TATACONSUM,PRICE,957.0,949.5,,,,,956.3,954.9,992.6,986.33,957.0,957.0,957.0,957.0,957.0
TATACONSUM,VWAP,,,,,,,,,,,,,,,
TATACONSUM,CASH VOL,1829307,1708408,492013,62.53,68.61,,,,,,,,,,
TATACONSUM,F&O VOL,12132,10059,,,,,,,,,12132,12132,12132,12132,12132
TATACONSUM,F&O OI,39825,39825,,,,,,,,,40557,40557,40557,40557,40557
TATACONSUM,CALL VOL,4115,3355,,,,,,,,,4115,4115,4115,4115,4115
TATACONSUM,CALL OI,2318,2318,,,,,,,,,2431,2431,2431,2431,2431
TATACONSUM,PUT VOL,2778,2307,,,,,,,,,2778,2778,2778,2778,2778
TATACONSUM,PUT OI,2975,2975,,,,,,,,,2908,2908,2908,2908,2908
TATACONSUM,CALL SPRD,,,,,,,,,,,5.08,5.08,5.08,5.08,5.08
TATACONSUM,PUT SPRD,,,,,,,,,,,2.77,2.77,2.77,2.77,2.77
TATACONSUM,CALL OI FIX,2318,,,,,,,,,,2431,2431,2431,2431,2431
TATACONSUM,PUT OI FIX,2975,,,,,,,,,,2908,2908,2908,2908,2908
TATACONSUM,CALL DOI,,,,,,,,,,,520977,520977,520977,520977,520977
TATACONSUM,PUT DOI,,,,,,,,,,,-831257,-831257,-831257,-831257,-831257
TATACONSUM,CALL GEX,,,,,,,,,,,90939,90939,90939,90939,90939
TATACONSUM,PUT GEX,,,,,,,,,,,85992,85992,85992,85992,85992
TATACONSUM,GEX STRIKE,,,,,,,,,,,1000.0,1000.0,1000.0,1000.0,1000.0
TATACONSUM,EXPIRY,,,,,,,,,,,2026-10-27,2026-10-27,2026-10-27,2026-10-27,2026-10-27
TATAELXSI,PRICE,3092.8,3088.9,,,,,3105.3,3096.97,3219.5,3197.77,3092.0,3092.0,3092.0,3092.0,3092.0
TATAELXSI,VWAP,,,,,,,,,,,,,,,
TATAELXSI,CASH VOL,333513,356864,76596,26.48,36.42,,,,,,,,,,
TATAELXSI,F&O VOL,24368,25568,,,,,,,,,24368,24368,24368,24368,24368
TATAELXSI,F&O OI,32728,32728,,,,,,,,,34113,34113,34113,34113,34113
TATAELXSI,CALL VOL,10724,10589,,,,,,,,,10724,10724,10724,10724,10724
TATAELXSI,CALL OI,4572,4572,,,,,,,,,4453,4453,4453,4453,4453
TATAELXSI,PUT VOL,5065,7392,,,,,,,,,5065,5065,5065,5065,5065
TATAELXSI,PUT OI,4360,4360,,,,,,,,,4708,4708,4708,4708,4708
TATAELXSI,CALL SPRD,,,,,,,,,,,5.02,5.02,5.02,5.02,5.02
TATAELXSI,PUT SPRD,,,,,,,,,,,12.14,12.14,12.14,12.14,12.14
TATAELXSI,CALL OI FIX,4572,,,,,,,,,,4453,4453,4453,4453,4453
TATAELXSI,PUT OI FIX,4360,,,,,,,,,,4708,4708,4708,4708,4708
TATAELXSI,CALL DOI,,,,,,,,,,,222698,222698,222698,222698,222698
TATAELXSI,PUT DOI,,,,,,,,,,,-271084,-271084,-271084,-271084,-271084
TATAELXSI,CALL GEX,,,,,,,,,,,21761,21761,21761,21761,21761
TATAELXSI,PUT GEX,,,,,,,,,,,20785,20785,20785,20785,20785
TATAELXSI,GEX STRIKE,,,,,,,,,,,3200.0,3200.0,3200.0,3200.0,3200.0
TATAELXSI,EXPIRY,,,,,,,,,,,2026-10-27,2026-10-27,2026-10-27,2026-10-27,2026-10-27
TATAPOWER,PRICE,350.15,359.0,,,,,351.77,350.69,367.11,366.32,350.0,350.0,350.0,350.0,350.0
TATAPOWER,VWAP,,,,,,,,,,,,,,,
TATAPOWER,CASH VOL,4222986,5401745,861090,45.26,53.91,,,,,,,,,,
TATAPOWER,F&O VOL,21541,15078,,,,,,,,,21541,21541,21541,21541,21541
TATAPOWER,F&O OI,63024,63024,,,,,,,,,64997,64997,64997,64997,64997
TATAPOWER,CALL VOL,10770,5818,,,,,,,,,10770,10770,10770,10770,10770
TATAPOWER,CALL OI,4925,4925,,,,,,,,,5883,5883,5883,5883,5883
TATAPOWER,PUT VOL,5454,4578,,,,,,,,,5454,5454,5454,5454,5454
TATAPOWER,PUT OI,5556,5556,,,,,,,,,6033,6033,6033,6033,6033
TATAPOWER,CALL SPRD,,,,,,,,,,,1.14,1.14,1.14,1.14,1.14
TATAPOWER,PUT SPRD,,,,,,,,,,,2.86,2.86,2.86,2.86,2.86
TATAPOWER,CALL OI FIX,4925,,,,,,,,,,5883,5883,5883,5883,5883
TATAPOWER,PUT OI FIX,5556,,,,,,,,,,6033,6033,6033,6033,6033
TATAPOWER,CALL DOI,,,,,,,,,,,2775499,2775499,2775499,2775499,2775499
TATAPOWER,PUT DOI,,,,,,,,,,,-4949017,-4949017,-4949017,-4949017,-4949017
TATAPOWER,CALL GEX,,,,,,,,,,,530716,530716,530716,530716,530716
TATAPOWER,PUT GEX,,,,,,,,,,,497599,497599,497599,497599,497599
TATAPOWER,GEX STRIKE,,,,,,,,,,,360.0,360.0,360.0,360.0,360.0
TATAPOWER,EXPIRY,,,,,,,,,,,2026-10-27,2026-10-27,2026-10-27,2026-10-27,2026-10-27
TATASTEEL,PRICE,178.0,184.3,,,,,181.15,179.05,187.8,187.45,178.0,178.0,178.0,178.0,178.0
TATASTEEL,VWAP,,,,,,,,,,,,,,,
TATASTEEL,CASH VOL,47659952,32381754,13852078,52.38,58.07,,,,,,,,,,
TATASTEEL,F&O VOL,118854,68367,,,,,,,,,118854,118854,118854,118854,118854
TATASTEEL,F&O OI,164985,164985,,,,,,,,,178208,178208,178208,178208,178208
TATASTEEL,CALL VOL,43528,15033,,,,,,,,,43528,43528,43528,43528,43528
TATASTEEL,CALL OI,10932,10932,,,,,,,,,17665,17665,17665,17665,17665
TATASTEEL,PUT VOL,32558,18665,,,,,,,,,32558,32558,32558,32558,32558
TATASTEEL,PUT OI,13765,13765,,,,,,,,,17316,17316,17316,17316,17316
TATASTEEL,CALL SPRD,,,,,,,,,,,1.28,1.28,1.28,1.28,1.28
TATASTEEL,PUT SPRD,,,,,,,,,,,1.78,1.78,1.78,1.78,1.78
TATASTEEL,CALL OI FIX,10932,,,,,,,,,,17665,17665,17665,17665,17665
TATASTEEL,PUT OI FIX,13765,,,,,,,,,,17316,17316,17316,17316,17316
TATASTEEL,CALL DOI,,,,,,,,,,,17071180,17071180,17071180,17071180,17071180
TATASTEEL,PUT DOI,,,,,,,,,,,-24961238,-24961238,-24961238,-24961238,-24961238
TATASTEEL,CALL GEX,,,,,,,,,,,2156581,2156581,2156581,2156581,2156581
TATASTEEL,PUT GEX,,,,,,,,,,,2009440,2009440,2009440,2009440,2009440
TATASTEEL,GEX STRIKE,,,,,,,,,,,190.0,190.0,190.0,190.0,190.0
TATASTEEL,EXPIRY,,,,,,,,,,,2026-10-27,2026-10-27,2026-10-27,2026-10-27,2026-10-27
TCS,PRICE,2075.0,2050.6,,,,,2073.17,2069.5,2086.65,2083.55,2075.0,2075.0,2075.0,2075.0,2075.0
TCS,VWAP,,,,,,,,,,,,,,,
TCS,CASH VOL,3428501,3656425,1237491,54.9,50.49,,,,,,,,,,
TCS,F&O VOL,124119,120138,,,,,,,,,124119,124119,124119,124119,124119
TCS,F&O OI,210102,210102,,,,,,,,,224194,224194,224194,224194,224194
TCS,CALL VOL,48597,42703,,,,,,,,,48597,48597,48597,48597,48597
TCS,CALL OI,20480,20480,,,,,,,,,28981,28981,28981,28981,28981
TCS,PUT VOL,25285,27308,,,,,,,,,25285,25285,25285,25285,25285
TCS,PUT OI,20137,20137,,,,,,,,,23227,23227,23227,23227,23227
TCS,CALL SPRD,,,,,,,,,,,2.12,2.12,2.12,2.12,2.12
TCS,PUT SPRD,,,,,,,,,,,1.34,1.34,1.34,1.34,1.34
TCS,CALL OI FIX,20480,,,,,,,,,,28981,28981,28981,28981,28981
TCS,PUT OI FIX,20137,,,,,,,,,,23227,23227,23227,23227,23227
TCS,CALL DOI,,,,,,,,,,,3421688,3421688,3421688,3421688,3421688
TCS,PUT DOI,,,,,,,,,,,-2300466,-2300466,-2300466,-2300466,-2300466
TCS,CALL GEX,,,,,,,,,,,314438,314438,314438,314438,314438
TCS,PUT GEX,,,,,,,,,,,207809,207809,207809,207809,207809
TCS,GEX STRIKE,,,,,,,,,,,2100.0,2100.0,2100.0,2100.0,2100.0
TCS,EXPIRY,,,,,,,,,,,2026-10-27,2026-10-27,2026-10-27,2026-10-27,2026-10-27
TECHM,PRICE,1533.0,1524.0,,,,,1533.4,1533.13,1551.4,1549.13,1533.0,1533.0,1533.0,1533.0,1533.0
TECHM,VWAP,,,,,,,,,,,,,,,
TECHM,CASH VOL,2663224,2794174,827136,48.36,57.39,,,,,,,,,,
TECHM,F&O VOL,33997,30469,,,,,,,,,33997,33997,33997,33997,33997
TECHM,F&O OI,40542,40542,,,,,,,,,42851,42851,42851,42851,42851
TECHM,CALL VOL,15468,14737,,,,,,,,,15468,15468,15468,15468,15468
TECHM,CALL OI,6442,6442,,,,,,,,,6878,6878,6878,6878,6878
TECHM,PUT VOL,6531,7108,,,,,,,,,6531,6531,6531,6531,6531
TECHM,PUT OI,2859,2859,,,,,,,,,3083,3083,3083,3083,3083
TECHM,CALL SPRD,,,,,,,,,,,9.18,9.18,9.18,9.18,9.18
TECHM,PUT SPRD,,,,,,,,,,,7.18,7.18,7.18,7.18,7.18
TECHM,CALL OI FIX,6442,,,,,,,,,,6878,6878,6878,6878,6878
TECHM,PUT OI FIX,2859,,,,,,,,,,3083,3083,3083,3083,3083
TECHM,CALL DOI,,,,,,,,,,,1975206,1975206,1975206,1975206,1975206
TECHM,PUT DOI,,,,,,,,,,,-784017,-784017,-784017,-784017,-784017
TECHM,CALL GEX,,,,,,,,,,,206882,206882,206882,206882,206882
TECHM,PUT GEX,,,,,,,,,,,71362,71362,71362,71362,71362
TECHM,GEX STRIKE,,,,,,,,,,,1540.0,1540.0,1540.0,1540.0,1540.0
TECHM,EXPIRY,,,,,,,,,,,2026-10-27,2026-10-27,2026-10-27,2026-10-27,2026-10-27
TIINDIA,PRICE,2340.0,2375.0,,,,,2356.25,2345.42,2561.75,2527.98,2340.0,2340.0,2340.0,2340.0,2340.0
TIINDIA,VWAP,,,,,,,,,,,,,,,
TIINDIA,CASH VOL,471021,690294,132732,53.59,62.23,,,,,,,,,,
TIINDIA,F&O VOL,8018,5528,,,,,,,,,8018,8018,8018,8018,8018
TIINDIA,F&O OI,15215,15215,,,,,,,,,16580,16580,16580,16580,16580
TIINDIA,CALL VOL,2170,1913,,,,,,,,,2170,2170,2170,2170,2170
TIINDIA,CALL OI,884,884,,,,,,,,,1154,1154,1154,1154,1154
TIINDIA,PUT VOL,1200,1373,,,,,,,,,1200,1200,1200,1200,1200
TIINDIA,PUT OI,740,740,,,,,,,,,899,899,899,899,899
TIINDIA,CALL SPRD,,,,,,,,,,,7.64,7.64,7.64,7.64,7.64
TIINDIA,PUT SPRD,,,,,,,,,,,29.07,29.07,29.07,29.07,29.07
TIINDIA,CALL OI FIX,884,,,,,,,,,,1154,1154,1154,1154,1154
TIINDIA,PUT OI FIX,740,,,,,,,,,,899,899,899,899,899
TIINDIA,CALL DOI,,,,,,,,,,,64801,64801,64801,64801,64801
TIINDIA,PUT DOI,,,,,,,,,,,-93443,-93443,-93443,-93443,-93443
TIINDIA,CALL GEX,,,,,,,,,,,8826,8826,8826,8826,8826
TIINDIA,PUT GEX,,,,,,,,,,,6501,6501,6501,6501,6501
TIINDIA,GEX STRIKE,,,,,,,,,,,2500.0,2500.0,2500.0,2500.0,2500.0
TIINDIA,EXPIRY,,,,,,,,,,,2026-10-27,2026-10-27,2026-10-27,2026-10-27,2026-10-27
TITAN,PRICE,4515.7,4587.0,,,,,4556.4,4529.27,4901.75,4889.92,4515.0,4515.0,4515.0,4515.0,4515.0
TITAN,VWAP,,,,,,,,,,,,,,,
TITAN,CASH VOL,694098,927060,185390,57.67,64.46,,,,,,,,,,
TITAN,F&O VOL,47728,46483,,,,,,,,,47728,47728,47728,47728,47728
TITAN,F&O OI,51567,51567,,,,,,,,,57483,57483,57483,57483,57483
TITAN,CALL VOL,12323,8771,,,,,,,,,12323,12323,12323,12323,12323
TITAN,CALL OI,2961,2961,,,,,,,,,5128,5128,5128,5128,5128
TITAN,PUT VOL,15502,15471,,,,,,,,,15502,15502,15502,15502,15502
TITAN,PUT OI,4769,4769,,,,,,,,,6342,6342,6342,6342,6342
TITAN,CALL SPRD,,,,,,,,,,,1.54,1.54,1.54,1.54,1.54
TITAN,PUT SPRD,,,,,,,,,,,1.87,1.87,1.87,1.87,1.87
TITAN,CALL OI FIX,2961,,,,,,,,,,5128,5128,5128,5128,5128
TITAN,PUT OI FIX,4769,,,,,,,,,,6342,6342,6342,6342,6342
TITAN,CALL DOI,,,,,,,,,,,346646,346646,346646,346646,346646
TITAN,PUT DOI,,,,,,,,,,,-444249,-444249,-444249,-444249,-444249
TITAN,CALL GEX,,,,,,,,,,,56131,56131,56131,56131,56131
TITAN,PUT GEX,,,,,,,,,,,57845,57845,57845,57845,57845
TITAN,GEX STRIKE,,,,,,,,,,,4600.0,4600.0,4600.0,4600.0,4600.0
TITAN,EXPIRY,,,,,,,,,,,2026-10-27,2026-10-27,2026-10-27,2026-10-27,2026-10-27
TMPV,PRICE,279.4,283.5,,,,,278.71,277.33,295.4,292.1,279.0,279.0,279.0,279.0,279.0
TMPV,VWAP,,,,,,,,,,,,,,,
TMPV,CASH VOL,15258191,11539983,5028524,50.67,53.21,,,,,,,,,,
TMPV,F&O VOL,65166,60323,,,,,,,,,65166,65166,65166,65166,65166
TMPV,F&O OI,108860,108860,,,,,,,,,112940,112940,112940,112940,112940
TMPV,CALL VOL,26987,24896,,,,,,,,,26987,26987,26987,26987,26987
TMPV,CALL OI,14566,14566,,,,,,,,,16547,16547,16547,16547,16547
TMPV,PUT VOL,15020,13590,,,,,,,,,15020,15020,15020,15020,15020
TMPV,PUT OI,12738,12738,,,,,,,,,13224,13224,13224,13224,13224
TMPV,CALL SPRD,,,,,,,,,,,1.13,1.13,1.13,1.13,1.13
TMPV,PUT SPRD,,,,,,,,,,,2.07,2.07,2.07,2.07,2.07
TMPV,CALL OI FIX,14566,,,,,,,,,,16547,16547,16547,16547,16547
TMPV,PUT OI FIX,12738,,,,,,,,,,13224,13224,13224,13224,13224
TMPV,CALL DOI,,,,,,,,,,,9671491,9671491,9671491,9671491,9671491
TMPV,PUT DOI,,,,,,,,,,,-9965159,-9965159,-9965159,-9965159,-9965159
TMPV,CALL GEX,,,,,,,,,,,1155836,1155836,1155836,1155836,1155836
TMPV,PUT GEX,,,,,,,,,,,778910,778910,778910,778910,778910
TMPV,GEX STRIKE,,,,,,,,,,,300.0,300.0,300.0,300.0,300.0
TMPV,EXPIRY,,,,,,,,,,,2026-10-27,2026-10-27,2026-10-27,2026-10-27,2026-10-27
TORNTPHARM,PRICE,4767.3,4800.0,,,,,4766.17,4763.9,4974.67,4947.0,4767.0,4767.0,4767.0,4767.0,4767.0
TORNTPHARM,VWAP,,,,,,,,,,,,,,,
TORNTPHARM,CASH VOL,357701,397999,92755,57.18,56.45,,,,,,,,,,
TORNTPHARM,F&O VOL,8050,9148,,,,,,,,,8050,8050,8050,8050,8050
TORNTPHARM,F&O OI,32210,32210,,,,,,,,,32842,32842,32842,32842,32842
TORNTPHARM,CALL VOL,2024,2386,,,,,,,,,2024,2024,2024,2024,2024
TORNTPHARM,CALL OI,1467,1467,,,,,,,,,1566,1566,1566,1566,1566
TORNTPHARM,PUT VOL,3511,2811,,,,,,,,,3511,3511,3511,3511,3511
TORNTPHARM,PUT OI,1254,1254,,,,,,,,,1740,1740,1740,1740,1740
TORNTPHARM,CALL SPRD,,,,,,,,,,,2.65,2.65,2.65,2.65,2.65
TORNTPHARM,PUT SPRD,,,,,,,,,,,3.53,3.53,3.53,3.53,3.53
TORNTPHARM,CALL OI FIX,1467,,,,,,,,,,1566,1566,1566,1566,1566
TORNTPHARM,PUT OI FIX,1254,,,,,,,,,,1740,1740,1740,1740,1740
TORNTPHARM,CALL DOI,,,,,,,,,,,73750,73750,73750,73750,73750
TORNTPHARM,PUT DOI,,,,,,,,,,,-81228,-81228,-81228,-81228,-81228
TORNTPHARM,CALL GEX,,,,,,,,,,,12165,12165,12165,12165,12165
TORNTPHARM,PUT GEX,,,,,,,,,,,12495,12495,12495,12495,12495
TORNTPHARM,GEX STRIKE,,,,,,,,,,,4900.0,4900.0,4900.0,4900.0,4900.0
TORNTPHARM,EXPIRY,,,,,,,,,,,2026-10-27,2026-10-27,2026-10-27,2026-10-27,2026-10-27
TRENT,PRICE,2580.0,2621.6,,,,,2584.9,2581.63,2746.95,2695.18,2580.0,2580.0,2580.0,2580.0,2580.0
TRENT,VWAP,,,,,,,,,,,,,,,
TRENT,CASH VOL,896919,785465,225943,56.42,61.59,,,,,,,,,,
TRENT,F&O VOL,22571,18930,,,,,,,,,22571,22571,22571,22571,22571
TRENT,F&O OI,61609,61609,,,,,,,,,62511,62511,62511,62511,62511
TRENT,CALL VOL,7533,6653,,,,,,,,,7533,7533,7533,7533,7533
TRENT,CALL OI,5647,5647,,,,,,,,,6230,6230,6230,6230,6230
TRENT,PUT VOL,6688,4360,,,,,,,,,6688,6688,6688,6688,6688
TRENT,PUT OI,5774,5774,,,,,,,,,5645,5645,5645,5645,5645
TRENT,CALL SPRD,,,,,,,,,,,1.33,1.33,1.33,1.33,1.33
TRENT,PUT SPRD,,,,,,,,,,,1.49,1.49,1.49,1.49,1.49
TRENT,CALL OI FIX,5647,,,,,,,,,,6230,6230,6230,6230,6230
TRENT,PUT OI FIX,5774,,,,,,,,,,5645,5645,5645,5645,5645
TRENT,CALL DOI,,,,,,,,,,,514859,514859,514859,514859,514859
TRENT,PUT DOI,,,,,,,,,,,-656097,-656097,-656097,-656097,-656097
TRENT,CALL GEX,,,,,,,,,,,56040,56040,56040,56040,56040
TRENT,PUT GEX,,,,,,,,,,,48240,48240,48240,48240,48240
TRENT,GEX STRIKE,,,,,,,,,,,2600.0,2600.0,2600.0,2600.0,2600.0
TRENT,EXPIRY,,,,,,,,,,,2026-10-27,2026-10-27,2026-10-27,2026-10-27,2026-10-27
TVSMOTOR,PRICE,4021.0,4106.0,,,,,4019.02,4015.05,4145.72,4122.55,4021.0,4021.0,4021.0,4021.0,4021.0
TVSMOTOR,VWAP,,,,,,,,,,,,,,,
TVSMOTOR,CASH VOL,1234692,605529,273475,48.98,60.91,,,,,,,,,,
TVSMOTOR,F&O VOL,71204,25434,,,,,,,,,71204,71204,71204,71204,71204
TVSMOTOR,F&O OI,53228,53228,,,,,,,,,57200,57200,57200,57200,57200
TVSMOTOR,CALL VOL,23439,10020,,,,,,,,,23439,23439,23439,23439,23439
TVSMOTOR,CALL OI,2900,2900,,,,,,,,,5026,5026,5026,5026,5026
TVSMOTOR,PUT VOL,21602,6535,,,,,,,,,21602,21602,21602,21602,21602
TVSMOTOR,PUT OI,3406,3406,,,,,,,,,4594,4594,4594,4594,4594
TVSMOTOR,CALL SPRD,,,,,,,,,,,2.49,2.49,2.49,2.49,2.49
TVSMOTOR,PUT SPRD,,,,,,,,,,,2.14,2.14,2.14,2.14,2.14
TVSMOTOR,CALL OI FIX,2900,,,,,,,,,,5026,5026,5026,5026,5026
TVSMOTOR,PUT OI FIX,3406,,,,,,,,,,4594,4594,4594,4594,4594
TVSMOTOR,CALL DOI,,,,,,,,,,,371707,371707,371707,371707,371707
TVSMOTOR,PUT DOI,,,,,,,,,,,-377181,-377181,-377181,-377181,-377181
TVSMOTOR,CALL GEX,,,,,,,,,,,45197,45197,45197,45197,45197
TVSMOTOR,PUT GEX,,,,,,,,,,,37415,37415,37415,37415,37415
TVSMOTOR,GEX STRIKE,,,,,,,,,,,4100.0,4100.0,4100.0,4100.0,4100.0
TVSMOTOR,EXPIRY,,,,,,,,,,,2026-10-27,2026-10-27,2026-10-27,2026-10-27,2026-10-27
ULTRACEMCO,PRICE,10710.0,10956.0,,,,,10745.5,10721.83,11136.33,11099.0,10710.0,10710.0,10710.0,10710.0,10710.0
ULTRACEMCO,VWAP,,,,,,,,,,,,,,,
ULTRACEMCO,CASH VOL,570684,257558,175632,57.14,59.15,,,,,,,,,,
ULTRACEMCO,F&O VOL,28151,13747,,,,,,,,,28151,28151,28151,28151,28151
ULTRACEMCO,F&O OI,48641,48641,,,,,,,,,53480,53480,53480,53480,53480
ULTRACEMCO,CALL VOL,6421,3704,,,,,,,,,6421,6421,6421,6421,6421
ULTRACEMCO,CALL OI,3088,3088,,,,,,,,,3721,3721,3721,3721,3721
ULTRACEMCO,PUT VOL,5952,2843,,,,,,,,,5952,5952,5952,5952,5952
ULTRACEMCO,PUT OI,2895,2895,,,,,,,,,3167,3167,3167,3167,3167
ULTRACEMCO,CALL SPRD,,,,,,,,,,,16.24,16.24,16.24,16.24,16.24
ULTRACEMCO,PUT SPRD,,,,,,,,,,,15.64,15.64,15.64,15.64,15.64
ULTRACEMCO,CALL OI FIX,3088,,,,,,,,,,3721,3721,3721,3721,3721
ULTRACEMCO,PUT OI FIX,2895,,,,,,,,,,3167,3167,3167,3167,3167
ULTRACEMCO,CALL DOI,,,,,,,,,,,74127,74127,74127,74127,74127
ULTRACEMCO,PUT DOI,,,,,,,,,,,-79067,-79067,-79067,-79067,-79067
ULTRACEMCO,CALL GEX,,,,,,,,,,,12016,12016,12016,12016,12016
ULTRACEMCO,PUT GEX,,,,,,,,,,,9355,9355,9355,9355,9355
ULTRACEMCO,GEX STRIKE,,,,,,,,,,,11000.0,11000.0,11000.0,11000.0,11000.0
ULTRACEMCO,EXPIRY,,,,,,,,,,,2026-10-27,2026-10-27,2026-10-27,2026-10-27,2026-10-27
UNIONBANK,PRICE,167.59,171.0,,,,,168.5,167.89,179.56,178.29,167.0,167.0,167.0,167.0,167.0
UNIONBANK,VWAP,,,,,,,,,,,,,,,
UNIONBANK,CASH VOL,7875995,16921657,1817975,45.17,50.59,,,,,,,,,,
UNIONBANK,F&O VOL,10638,15495,,,,,,,,,10638,10638,10638,10638,10638
UNIONBANK,F&O OI,31157,31157,,,,,,,,,31718,31718,31718,31718,31718
UNIONBANK,CALL VOL,3760,5604,,,,,,,,,3760,3760,3760,3760,3760
UNIONBANK,CALL OI,2617,2617,,,,,,,,,3013,3013,3013,3013,3013
UNIONBANK,PUT VOL,2373,3783,,,,,,,,,2373,2373,2373,2373,2373
UNIONBANK,PUT OI,2762,2762,,,,,,,,,2797,2797,2797,2797,2797
UNIONBANK,CALL SPRD,,,,,,,,,,,2.63,2.63,2.63,2.63,2.63
UNIONBANK,PUT SPRD,,,,,,,,,,,2.86,2.86,2.86,2.86,2.86
UNIONBANK,CALL OI FIX,2617,,,,,,,,,,3013,3013,3013,3013,3013
UNIONBANK,PUT OI FIX,2762,,,,,,,,,,2797,2797,2797,2797,2797
UNIONBANK,CALL DOI,,,,,,,,,,,4729214,4729214,4729214,4729214,4729214
UNIONBANK,PUT DOI,,,,,,,,,,,-6432827,-6432827,-6432827,-6432827,-6432827
UNIONBANK,CALL GEX,,,,,,,,,,,577096,577096,577096,577096,577096
UNIONBANK,PUT GEX,,,,,,,,,,,484171,484171,484171,484171,484171
UNIONBANK,GEX STRIKE,,,,,,,,,,,175.0,175.0,175.0,175.0,175.0
UNIONBANK,EXPIRY,,,,,,,,,,,2026-10-27,2026-10-27,2026-10-27,2026-10-27,2026-10-27
UNITDSPR,PRICE,1335.1,1354.0,,,,,1333.97,1331.7,1421.23,1416.1,1335.0,1335.0,1335.0,1335.0,1335.0
UNITDSPR,VWAP,,,,,,,,,,,,,,,
UNITDSPR,CASH VOL,1003620,976345,325108,59.91,57.81,,,,,,,,,,
UNITDSPR,F&O VOL,7095,10479,,,,,,,,,7095,7095,7095,7095,7095
UNITDSPR,F&O OI,24668,24668,,,,,,,,,25049,25049,25049,25049,25049
UNITDSPR,CALL VOL,2256,3146,,,,,,,,,2256,2256,2256,2256,2256
UNITDSPR,CALL OI,2322,2322,,,,,,,,,2508,2508,2508,2508,2508
UNITDSPR,PUT VOL,1515,3957,,,,,,,,,1515,1515,1515,1515,1515
UNITDSPR,PUT OI,2692,2692,,,,,,,,,2772,2772,2772,2772,2772
UNITDSPR,CALL SPRD,,,,,,,,,,,3.06,3.06,3.06,3.06,3.06
UNITDSPR,PUT SPRD,,,,,,,,,,,3.29,3.29,3.29,3.29,3.29
UNITDSPR,CALL OI FIX,2322,,,,,,,,,,2508,2508,2508,2508,2508
UNITDSPR,PUT OI FIX,2692,,,,,,,,,,2772,2772,2772,2772,2772
UNITDSPR,CALL DOI,,,,,,,,,,,336502,336502,336502,336502,336502
UNITDSPR,PUT DOI,,,,,,,,,,,-522574,-522574,-522574,-522574,-522574
UNITDSPR,CALL GEX,,,,,,,,,,,50567,50567,50567,50567,50567
UNITDSPR,PUT GEX,,,,,,,,,,,53564,53564,53564,53564,53564
UNITDSPR,GEX STRIKE,,,,,,,,,,,1400.0,1400.0,1400.0,1400.0,1400.0
UNITDSPR,EXPIRY,,,,,,,,,,,2026-10-27,2026-10-27,2026-10-27,2026-10-27,2026-10-27
UNOMINDA,PRICE,1111.0,1170.0,,,,,1134.55,1118.85,1232.6,1222.87,1111.0,1111.0,1111.0,1111.0,1111.0
UNOMINDA,VWAP,,,,,,,,,,,,,,,
UNOMINDA,CASH VOL,788650,527106,181697,47.26,58.52,,,,,,,,,,
UNOMINDA,F&O VOL,6233,4200,,,,,,,,,6233,6233,6233,6233,6233
UNOMINDA,F&O OI,11380,11380,,,,,,,,,12425,12425,12425,12425,12425
UNOMINDA,CALL VOL,1789,1901,,,,,,,,,1789,1789,1789,1789,1789
UNOMINDA,CALL OI,449,449,,,,,,,,,810,810,810,810,810
UNOMINDA,PUT VOL,1904,872,,,,,,,,,1904,1904,1904,1904,1904
UNOMINDA,PUT OI,760,760,,,,,,,,,876,876,876,876,876
UNOMINDA,CALL SPRD,,,,,,,,,,,4.18,4.18,4.18,4.18,4.18
UNOMINDA,PUT SPRD,,,,,,,,,,,3.81,3.81,3.81,3.81,3.81
UNOMINDA,CALL OI FIX,449,,,,,,,,,,810,810,810,810,810
UNOMINDA,PUT OI FIX,760,,,,,,,,,,876,876,876,876,876
UNOMINDA,CALL DOI,,,,,,,,,,,135337,135337,135337,135337,135337
UNOMINDA,PUT DOI,,,,,,,,,,,-268751,-268751,-268751,-268751,-268751
UNOMINDA,CALL GEX,,,,,,,,,,,18815,18815,18815,18815,18815
UNOMINDA,PUT GEX,,,,,,,,,,,19261,19261,19261,19261,19261
UNOMINDA,GEX STRIKE,,,,,,,,,,,1160.0,1160.0,1160.0,1160.0,1160.0
UNOMINDA,EXPIRY,,,,,,,,,,,2026-10-27,2026-10-27,2026-10-27,2026-10-27,2026-10-27
UPL,PRICE,516.8,539.75,,,,,524.42,519.34,553.08,551.06,516.0,516.0,516.0,516.0,516.0
UPL,VWAP,,,,,,,,,,,,,,,
UPL,CASH VOL,2466891,3114983,1328976,60.28,65.92,,,,,,,,,,
UPL,F&O VOL,12519,7529,,,,,,,,,12519,12519,12519,12519,12519
UPL,F&O OI,29733,29733,,,,,,,,,31134,31134,31134,31134,31134
UPL,CALL VOL,3047,969,,,,,,,,,3047,3047,3047,3047,3047
UPL,CALL OI,591,591,,,,,,,,,1178,1178,1178,1178,1178
UPL,PUT VOL,3534,1789,,,,,,,,,3534,3534,3534,3534,3534
UPL,PUT OI,1325,1325,,,,,,,,,1378,1378,1378,1378,1378
UPL,CALL SPRD,,,,,,,,,,,22.15,22.15,22.15,22.15,22.15
UPL,PUT SPRD,,,,,,,,,,,40.51,40.51,40.51,40.51,40.51
UPL,CALL OI FIX,591,,,,,,,,,,1178,1178,1178,1178,1178
UPL,PUT OI FIX,1325,,,,,,,,,,1378,1378,1378,1378,1378
UPL,CALL DOI,,,,,,,,,,,624183,624183,624183,624183,624183
UPL,PUT DOI,,,,,,,,,,,-899193,-899193,-899193,-899193,-899193
UPL,CALL GEX,,,,,,,,,,,89017,89017,89017,89017,89017
UPL,PUT GEX,,,,,,,,,,,90924,90924,90924,90924,90924
UPL,GEX STRIKE,,,,,,,,,,,540.0,540.0,540.0,540.0,540.0
UPL,EXPIRY,,,,,,,,,,,2026-10-27,2026-10-27,2026-10-27,2026-10-27,2026-10-27
VBL,PRICE,425.3,432.0,,,,,424.56,423.08,433.67,431.4,425.0,425.0,425.0,425.0,425.0
VBL,VWAP,,,,,,,,,,,,,,,
VBL,CASH VOL,8516414,8815664,1709740,55.87,67.87,,,,,,,,,,
VBL,F&O VOL,22409,17743,,,,,,,,,22409,22409,22409,22409,22409
VBL,F&O OI,69522,69522,,,,,,,,,68865,68865,68865,68865,68865
VBL,CALL VOL,7690,5192,,,,,,,,,7690,7690,7690,7690,7690
VBL,CALL OI,5021,5021,,,,,,,,,5083,5083,5083,5083,5083
VBL,PUT VOL,5778,4166,,,,,,,,,5778,5778,5778,5778,5778
VBL,PUT OI,3989,3989,,,,,,,,,4369,4369,4369,4369,4369
VBL,CALL SPRD,,,,,,,,,,,2.74,2.74,2.74,2.74,2.74
VBL,PUT SPRD,,,,,,,,,,,3.17,3.17,3.17,3.17,3.17
VBL,CALL OI FIX,5021,,,,,,,,,,5083,5083,5083,5083,5083
VBL,PUT OI FIX,3989,,,,,,,,,,4369,4369,4369,4369,4369
VBL,CALL DOI,,,,,,,,,,,3165560,3165560,3165560,3165560,3165560
VBL,PUT DOI,,,,,,,,,,,-2299380,-2299380,-2299380,-2299380,-2299380
VBL,CALL GEX,,,,,,,,,,,342101,342101,342101,342101,342101
VBL,PUT GEX,,,,,,,,,,,233809,233809,233809,233809,233809
VBL,GEX STRIKE,,,,,,,,,,,430.0,430.0,430.0,430.0,430.0
VBL,EXPIRY,,,,,,,,,,,2026-10-27,2026-10-27,2026-10-27,2026-10-27,2026-10-27
VEDL,PRICE,252.05,259.0,,,,,252.22,252.11,266.16,265.77,252.0,252.0,252.0,252.0,252.0
VEDL,VWAP,,,,,,,,,,,,,,,
VEDL,CASH VOL,10131800,8639213,2259395,51.7,60.72,,,,,,,,,,
VEDL,F&O VOL,36093,28080,,,,,,,,,36093,36093,36093,36093,36093
VEDL,F&O OI,71609,71609,,,,,,,,,73511,73511,73511,73511,73511
VEDL,CALL VOL,16213,12813,,,,,,,,,16213,16213,16213,16213,16213
VEDL,CALL OI,8882,8882,,,,,,,,,10643,10643,10643,10643,10643
VEDL,PUT VOL,9531,7192,,,,,,,,,9531,9531,9531,9531,9531
VEDL,PUT OI,8557,8557,,,,,,,,,8924,8924,8924,8924,8924
VEDL,CALL SPRD,,,,,,,,,,,2.13,2.13,2.13,2.13,2.13
VEDL,PUT SPRD,,,,,,,,,,,3.02,3.02,3.02,3.02,3.02
VEDL,CALL OI FIX,8882,,,,,,,,,,10643,10643,10643,10643,10643
VEDL,PUT OI FIX,8557,,,,,,,,,,8924,8924,8924,8924,8924
VEDL,CALL DOI,,,,,,,,,,,4437365,4437365,4437365,4437365,4437365
VEDL,PUT DOI,,,,,,,,,,,-5159275,-5159275,-5159275,-5159275,-5159275
VEDL,CALL GEX,,,,,,,,,,,544645,544645,544645,544645,544645
VEDL,PUT GEX,,,,,,,,,,,361233,361233,361233,361233,361233
VEDL,GEX STRIKE,,,,,,,,,,,260.0,260.0,260.0,260.0,260.0
VEDL,EXPIRY,,,,,,,,,,,2026-10-27,2026-10-27,2026-10-27,2026-10-27,2026-10-27
VMM,PRICE,99.5,101.0,,,,,99.49,99.46,104.78,103.93,99.0,99.0,99.0,99.0,99.0
VMM,VWAP,,,,,,,,,,,,,,,
VMM,CASH VOL,11791052,16476797,2125098,58.63,43.34,,,,,,,,,,
VMM,F&O VOL,4303,6725,,,,,,,,,4303,4303,4303,4303,4303
VMM,F&O OI,16315,16315,,,,,,,,,17198,17198,17198,17198,17198
VMM,CALL VOL,596,894,,,,,,,,,596,596,596,596,596
VMM,CALL OI,557,557,,,,,,,,,769,769,769,769,769
VMM,PUT VOL,794,1672,,,,,,,,,794,794,794,794,794
VMM,PUT OI,1017,1017,,,,,,,,,1098,1098,1098,1098,1098
VMM,CALL SPRD,,,,,,,,,,,2.35,2.35,2.35,2.35,2.35
VMM,PUT SPRD,,,,,,,,,,,2.86,2.86,2.86,2.86,2.86
VMM,CALL OI FIX,557,,,,,,,,,,769,769,769,769,769
VMM,PUT OI FIX,1017,,,,,,,,,,1098,1098,1098,1098,1098
VMM,CALL DOI,,,,,,,,,,,1817958,1817958,1817958,1817958,1817958
VMM,PUT DOI,,,,,,,,,,,-2246761,-2246761,-2246761,-2246761,-2246761
VMM,CALL GEX,,,,,,,,,,,179596,179596,179596,179596,179596
VMM,PUT GEX,,,,,,,,,,,212773,212773,212773,212773,212773
VMM,GEX STRIKE,,,,,,,,,,,100.0,100.0,100.0,100.0,100.0
VMM,EXPIRY,,,,,,,,,,,2026-10-27,2026-10-27,2026-10-27,2026-10-27,2026-10-27
VOLTAS,PRICE,1053.2,1070.0,,,,,1059.6,1055.33,1117.78,1116.95,1053.0,1053.0,1053.0,1053.0,1053.0
VOLTAS,VWAP,,,,,,,,,,,,,,,
VOLTAS,CASH VOL,638996,1028057,249529,39.25,44.89,,,,,,,,,,
VOLTAS,F&O VOL,15084,26925,,,,,,,,,15084,15084,15084,15084,15084
VOLTAS,F&O OI,45307,45307,,,,,,,,,46164,46164,46164,46164,46164
VOLTAS,CALL VOL,6657,8747,,,,,,,,,6657,6657,6657,6657,6657
VOLTAS,CALL OI,5250,5250,,,,,,,,,6118,6118,6118,6118,6118
VOLTAS,PUT VOL,3593,9220,,,,,,,,,3593,3593,3593,3593,3593
VOLTAS,PUT OI,5705,5705,,,,,,,,,5758,5758,5758,5758,5758
VOLTAS,CALL SPRD,,,,,,,,,,,2.63,2.63,2.63,2.63,2.63
VOLTAS,PUT SPRD,,,,,,,,,,,3.53,3.53,3.53,3.53,3.53
VOLTAS,CALL OI FIX,5250,,,,,,,,,,6118,6118,6118,6118,6118
VOLTAS,PUT OI FIX,5705,,,,,,,,,,5758,5758,5758,5758,5758
VOLTAS,CALL DOI,,,,,,,,,,,670067,670067,670067,670067,670067
VOLTAS,PUT DOI,,,,,,,,,,,-1163366,-1163366,-1163366,-1163366,-1163366
VOLTAS,CALL GEX,,,,,,,,,,,92457,92457,92457,92457,92457
VOLTAS,PUT GEX,,,,,,,,,,,81698,81698,81698,81698,81698
VOLTAS,GEX STRIKE,,,,,,,,,,,1100.0,1100.0,1100.0,1100.0,1100.0
VOLTAS,EXPIRY,,,,,,,,,,,2026-10-27,2026-10-27,2026-10-27,2026-10-27,2026-10-27
WAAREEENER,PRICE,2340.0,2374.4,,,,,2341.0,2340.33,2508.5,2499.5,2340.0,2340.0,2340.0,2340.0,2340.0
WAAREEENER,VWAP,,,,,,,,,,,,,,,
WAAREEENER,CASH VOL,841593,402951,184737,41.1,41.84,,,,,,,,,,
WAAREEENER,F&O VOL,20312,10358,,,,,,,,,20312,20312,20312,20312,20312
WAAREEENER,F&O OI,51609,51609,,,,,,,,,52461,52461,52461,52461,52461
WAAREEENER,CALL VOL,5764,1863,,,,,,,,,5764,5764,5764,5764,5764
WAAREEENER,CALL OI,1418,1418,,,,,,,,,2358,2358,2358,2358,2358
WAAREEENER,PUT VOL,2128,2034,,,,,,,,,2128,2128,2128,2128,2128
WAAREEENER,PUT OI,1740,1740,,,,,,,,,1763,1763,1763,1763,1763
WAAREEENER,CALL SPRD,,,,,,,,,,,17.14,17.14,17.14,17.14,17.14
WAAREEENER,PUT SPRD,,,,,,,,,,,10.39,10.39,10.39,10.39,10.39
WAAREEENER,CALL OI FIX,1418,,,,,,,,,,2358,2358,2358,2358,2358
WAAREEENER,PUT OI FIX,1740,,,,,,,,,,1763,1763,1763,1763,1763
WAAREEENER,CALL DOI,,,,,,,,,,,192059,192059,192059,192059,192059
WAAREEENER,PUT DOI,,,,,,,,,,,-148124,-148124,-148124,-148124,-148124
WAAREEENER,CALL GEX,,,,,,,,,,,19646,19646,19646,19646,19646
WAAREEENER,PUT GEX,,,,,,,,,,,13546,13546,13546,13546,13546
WAAREEENER,GEX STRIKE,,,,,,,,,,,2400.0,2400.0,2400.0,2400.0,2400.0
WAAREEENER,EXPIRY,,,,,,,,,,,2026-10-27,2026-10-27,2026-10-27,2026-10-27,2026-10-27
WIPRO,PRICE,159.35,158.5,,,,,159.27,159.1,163.96,163.83,159.0,159.0,159.0,159.0,159.0
WIPRO,VWAP,,,,,,,,,,,,,,,
WIPRO,CASH VOL,18521731,15966068,4136004,58.02,46.44,,,,,,,,,,
WIPRO,F&O VOL,31502,36875,,,,,,,,,31502,31502,31502,31502,31502
WIPRO,F&O OI,103821,103821,,,,,,,,,102106,102106,102106,102106,102106
WIPRO,CALL VOL,11904,13455,,,,,,,,,11904,11904,11904,11904,11904
WIPRO,CALL OI,10879,10879,,,,,,,,,11298,11298,11298,11298,11298
WIPRO,PUT VOL,6739,9263,,,,,,,,,6739,6739,6739,6739,6739
WIPRO,PUT OI,10722,10722,,,,,,,,,10344,10344,10344,10344,10344
WIPRO,CALL SPRD,,,,,,,,,,,2.64,2.64,2.64,2.64,2.64
WIPRO,PUT SPRD,,,,,,,,,,,7.7,7.7,7.7,7.7,7.7
WIPRO,CALL OI FIX,10879,,,,,,,,,,11298,11298,11298,11298,11298
WIPRO,PUT OI FIX,10722,,,,,,,,,,10344,10344,10344,10344,10344
WIPRO,CALL DOI,,,,,,,,,,,14491545,14491545,14491545,14491545,14491545
WIPRO,PUT DOI,,,,,,,,,,,-15017489,-15017489,-15017489,-15017489,-15017489
WIPRO,CALL GEX,,,,,,,,,,,1431366,1431366,1431366,1431366,1431366
WIPRO,PUT GEX,,,,,,,,,,,1265498,1265498,1265498,1265498,1265498
WIPRO,GEX STRIKE,,,,,,,,,,,160.0,160.0,160.0,160.0,160.0
WIPRO,EXPIRY,,,,,,,,,,,2026-10-27,2026-10-27,2026-10-27,2026-10-27,2026-10-27
YESBANK,PRICE,20.75,20.95,,,,,20.84,20.78,22.87,22.62,20.0,20.0,20.0,20.0,20.0
YESBANK,VWAP,,,,,,,,,,,,,,,
YESBANK,CASH VOL,80611659,94081938,26974262,51.2,43.93,,,,,,,,,,
YESBANK,F&O VOL,12432,14376,,,,,,,,,12432,12432,12432,12432,12432
YESBANK,F&O OI,56636,56636,,,,,,,,,57318,57318,57318,57318,57318
YESBANK,CALL VOL,5962,7644,,,,,,,,,5962,5962,5962,5962,5962
YESBANK,CALL OI,8806,8806,,,,,,,,,9234,9234,9234,9234,9234
YESBANK,PUT VOL,2623,2666,,,,,,,,,2623,2623,2623,2623,2623
YESBANK,PUT OI,6538,6538,,,,,,,,,6835,6835,6835,6835,6835
YESBANK,CALL SPRD,,,,,,,,,,,4.51,4.51,4.51,4.51,4.51
YESBANK,PUT SPRD,,,,,,,,,,,5.33,5.33,5.33,5.33,5.33
YESBANK,CALL OI FIX,8806,,,,,,,,,,9234,9234,9234,9234,9234
YESBANK,PUT OI FIX,6538,,,,,,,,,,6835,6835,6835,6835,6835
YESBANK,CALL DOI,,,,,,,,,,,60387975,60387975,60387975,60387975,60387975
YESBANK,PUT DOI,,,,,,,,,,,-132332242,-132332242,-132332242,-132332242,-132332242
YESBANK,CALL GEX,,,,,,,,,,,7714196,7714196,7714196,7714196,7714196
YESBANK,PUT GEX,,,,,,,,,,,7171430,7171430,7171430,7171430,7171430
YESBANK,GEX STRIKE,,,,,,,,,,,22.0,22.0,22.0,22.0,22.0
YESBANK,EXPIRY,,,,,,,,,,,2026-10-27,2026-10-27,2026-10-27,2026-10-27,2026-10-27
ZYDUSLIFE,PRICE,1145.7,1162.0,,,,,1144.08,1140.85,1196.7,1182.3,1145.0,1145.0,1145.0,1145.0,1145.0
ZYDUSLIFE,VWAP,,,,,,,,,,,,,,,
ZYDUSLIFE,CASH VOL,2547369,1614233,845131,58.46,51.35,,,,,,,,,,
ZYDUSLIFE,F&O VOL,11833,20876,,,,,,,,,11833,11833,11833,11833,11833
ZYDUSLIFE,F&O OI,17460,17460,,,,,,,,,17584,17584,17584,17584,17584
ZYDUSLIFE,CALL VOL,2585,3242,,,,,,,,,2585,2585,2585,2585,2585
ZYDUSLIFE,CALL OI,1286,1286,,,,,,,,,1670,1670,1670,1670,1670
ZYDUSLIFE,PUT VOL,2588,7347,,,,,,,,,2588,2588,2588,2588,2588
ZYDUSLIFE,PUT OI,1826,1826,,,,,,,,,1913,1913,1913,1913,1913
ZYDUSLIFE,CALL SPRD,,,,,,,,,,,2.72,2.72,2.72,2.72,2.72
ZYDUSLIFE,PUT SPRD,,,,,,,,,,,2.74,2.74,2.74,2.74,2.74
ZYDUSLIFE,CALL OI FIX,1286,,,,,,,,,,1670,1670,1670,1670,1670
ZYDUSLIFE,PUT OI FIX,1826,,,,,,,,,,1913,1913,1913,1913,1913
ZYDUSLIFE,CALL DOI,,,,,,,,,,,569342,569342,569342,569342,569342
ZYDUSLIFE,PUT DOI,,,,,,,,,,,-849803,-849803,-849803,-849803,-849803
ZYDUSLIFE,CALL GEX,,,,,,,,,,,78880,78880,78880,78880,78880
ZYDUSLIFE,PUT GEX,,,,,,,,,,,81246,81246,81246,81246,81246
ZYDUSLIFE,GEX STRIKE,,,,,,,,,,,1200.0,1200.0,1200.0,1200.0,1200.0
ZYDUSLIFE,EXPIRY,,,,,,,,,,,2026-10-27,2026-10-27,2026-10-27,2026-10-27,2026-10-27
