Symbol,Metric,PrevDay,PrevDay2,PrevLastHr,DelivPct,DelivPctPrev,Open,dTC,dBC,wTC,wBC,09:20,09:30,09:50,10:10,10:20,10:30,10:50
360ONE,PRICE,1091.0,1091.0,,,,1092.0,1087.98,1081.95,1104.55,1095.52,1080.0,1074.0,1075.0,1070.0,1068.0,1067.0,1061.0
360ONE,VWAP,,,,,,,,,,,1081.63,1078.35,1076.45,1075.61,1074.85,1074.05,1072.24
360ONE,CASH VOL,835305,835305,,53.91,53.91,,,,,,36132,57850,117946,137321,158052,175344,207173
360ONE,F&O VOL,6692,4688,,,,,,,,,233,574,1035,1314,1458,1564,1929
360ONE,F&O OI,16791,16679,,,,,,,,,16825,16833,16900,16894,16937,16978,16983
360ONE,CALL VOL,1984,1455,,,,,,,,,113,323,509,578,653,692,851
360ONE,CALL OI,1087,947,,,,,,,,,1413,1395,1417,1098,1125,1161,1185
360ONE,PUT VOL,1370,874,,,,,,,,,18,53,155,217,252,266,346
360ONE,PUT OI,2644,2640,,,,,,,,,2667,2675,2696,2677,2696,2695,2695
ABB,PRICE,7274.0,7274.0,,,,7268.0,7265.5,7248.5,7326.5,7291.5,7217.0,7127.0,7151.0,7117.0,7117.0,7111.0,7092.0
ABB,VWAP,,,,,,,,,,,7204.71,7158.66,7155.7,7148.32,7145.68,7140.68,7133.44
ABB,CASH VOL,192422,192422,,49.7,49.7,,,,,,12586,33370,44008,57408,63280,72062,86286
ABB,F&O VOL,16932,8151,,,,,,,,,1488,4779,6260,7314,7829,9304,11250
ABB,F&O OI,27605,27227,,,,,,,,,27915,28360,28486,28525,28512,28752,28903
ABB,CALL VOL,5286,2735,,,,,,,,,832,2229,2727,3223,3485,4067,4791
ABB,CALL OI,3474,3357,,,,,,,,,4206,4480,4076,4122,4135,4349,4454
ABB,PUT VOL,7241,2217,,,,,,,,,315,1464,1974,2268,2399,3047,4111
ABB,PUT OI,5491,5382,,,,,,,,,5743,5791,5572,5577,5569,5637,5555
ABCAPITAL,PRICE,395.0,395.0,,,,395.15,394.53,393.6,397.88,395.96,391.0,391.0,390.0,388.0,386.0,385.0,385.0
ABCAPITAL,VWAP,,,,,,,,,,,392.37,391.76,391.4,391.11,390.65,390.4,390.1
ABCAPITAL,CASH VOL,1630117,1630117,,44.2,44.2,,,,,,343440,661611,812437,891203,993144,1043452,1117773
ABCAPITAL,F&O VOL,11344,4134,,,,,,,,,843,1930,2846,3573,5169,6001,6488
ABCAPITAL,F&O OI,21073,20476,,,,,,,,,21270,21361,21498,21544,21833,21855,21825
ABCAPITAL,CALL VOL,3873,1371,,,,,,,,,454,1106,1496,1843,1867,2194,2507
ABCAPITAL,CALL OI,1844,1552,,,,,,,,,2292,2360,2458,2459,2203,2250,2292
ABCAPITAL,PUT VOL,3178,1129,,,,,,,,,148,390,676,814,1346,1630,1779
ABCAPITAL,PUT OI,3594,3529,,,,,,,,,3548,3568,3599,3612,3701,3690,3684
ADANIENSOL,PRICE,1373.0,1373.0,,,,1377.6,1373.1,1373.03,1405.1,1383.7,1366.0,1366.0,1365.0,1364.0,1364.0,1363.0,1362.0
ADANIENSOL,VWAP,,,,,,,,,,,1365.02,1364.97,1364.99,1365.14,1365.16,1365.05,1364.49
ADANIENSOL,CASH VOL,1154404,1154404,,44.53,44.53,,,,,,106116,152820,185110,212718,226688,240390,274339
ADANIENSOL,F&O VOL,12513,18818,,,,,,,,,1059,2532,3333,4004,4318,4517,4866
ADANIENSOL,F&O OI,54935,54910,,,,,,,,,55114,55235,55427,55432,55429,55433,55363
ADANIENSOL,CALL VOL,4231,6063,,,,,,,,,488,1108,1517,1831,1942,2031,2175
ADANIENSOL,CALL OI,4575,4329,,,,,,,,,4738,4827,5064,5056,5051,5042,5028
ADANIENSOL,PUT VOL,2378,4794,,,,,,,,,174,487,586,714,783,823,883
ADANIENSOL,PUT OI,3755,3869,,,,,,,,,3752,3762,3750,3740,3747,3749,3741
ADANIENT,PRICE,3060.0,3060.0,,,,3080.0,3050.67,3032.0,3050.0,3030.0,3052.0,3019.0,3015.0,3005.0,3012.0,3018.0,3017.0
ADANIENT,VWAP,,,,,,,,,,,3044.13,3033.6,3028.11,3024.19,3022.72,3022.16,3021.82
ADANIENT,CASH VOL,1815342,1815342,,47.55,47.55,,,,,,96686,168305,236383,297141,336011,359655,369486
ADANIENT,F&O VOL,80845,94517,,,,,,,,,5306,11386,14870,17815,19872,21131,22728
ADANIENT,F&O OI,96804,98254,,,,,,,,,97222,97331,97618,97560,97404,97415,97145
ADANIENT,CALL VOL,34549,34929,,,,,,,,,2742,5487,7238,8664,9666,10179,10808
ADANIENT,CALL OI,18906,19584,,,,,,,,,21263,19399,19576,19523,19493,19551,19546
ADANIENT,PUT VOL,32187,38251,,,,,,,,,1429,3942,5137,6127,6951,7314,7905
ADANIENT,PUT OI,13368,14666,,,,,,,,,13672,13353,13265,13297,13157,13092,13047
ADANIGREEN,PRICE,1281.3,1281.3,,,,1282.3,1287.8,1283.47,1306.45,1289.68,1290.0,1282.0,1276.0,1278.0,1278.0,1277.0,1276.0
ADANIGREEN,VWAP,,,,,,,,,,,1285.99,1285.18,1283.34,1282.9,1282.52,1282.27,1281.83
ADANIGREEN,CASH VOL,997068,997068,,37.35,37.35,,,,,,102447,179762,218779,237037,257510,269422,288132
ADANIGREEN,F&O VOL,15917,17445,,,,,,,,,860,2021,3223,3910,4367,4647,4853
ADANIGREEN,F&O OI,57513,57536,,,,,,,,,57639,57764,57618,57659,57616,57595,57579
ADANIGREEN,CALL VOL,7394,7101,,,,,,,,,458,998,1649,1962,2195,2329,2438
ADANIGREEN,CALL OI,5848,5657,,,,,,,,,5884,5920,5874,5879,5852,5851,5857
ADANIGREEN,PUT VOL,4205,5589,,,,,,,,,203,519,866,1044,1166,1246,1282
ADANIGREEN,PUT OI,4319,4347,,,,,,,,,4349,4407,4411,4440,4431,4427,4435
ADANIPORTS,PRICE,1764.6,1764.6,,,,1791.4,1763.52,1761.35,1754.92,1735.55,1765.0,1745.0,1746.0,1741.0,1742.0,1744.0,1741.0
ADANIPORTS,VWAP,,,,,,,,,,,1764.05,1759.73,1757.04,1754.95,1754.4,1753.76,1752.74
ADANIPORTS,CASH VOL,1674823,1674823,,61.38,61.38,,,,,,283523,364196,413876,458326,474915,497390,535865
ADANIPORTS,F&O VOL,38280,52655,,,,,,,,,4009,6878,9628,11625,12925,13698,14711
ADANIPORTS,F&O OI,73397,73704,,,,,,,,,73390,73549,73558,73541,73540,73605,73537
ADANIPORTS,CALL VOL,17277,21987,,,,,,,,,1900,3418,4596,5511,6188,6569,7055
ADANIPORTS,CALL OI,15461,15461,,,,,,,,,15286,15560,15640,15621,15621,15613,15638
ADANIPORTS,PUT VOL,13924,19010,,,,,,,,,941,2148,3083,3644,3993,4235,4575
ADANIPORTS,PUT OI,11988,12028,,,,,,,,,11296,11866,11797,11750,11734,11751,11732
ADANIPOWER,PRICE,209.97,209.97,,,,211.05,210.44,210.13,210.11,210.02,209.0,206.0,206.0,206.0,205.0,205.0,205.0
ADANIPOWER,VWAP,,,,,,,,,,,209.24,207.86,207.52,207.41,207.08,207.0,206.85
ADANIPOWER,CASH VOL,10271412,10271412,,37.17,37.17,,,,,,1273426,2533003,3279814,3672727,4503921,4740731,5192358
ADANIPOWER,F&O VOL,27434,23488,,,,,,,,,1606,4392,7578,8758,11283,12109,13364
ADANIPOWER,F&O OI,83451,83872,,,,,,,,,83763,84058,84275,84409,84642,84724,84812
ADANIPOWER,CALL VOL,12846,10254,,,,,,,,,922,2510,4564,5232,6489,6936,7713
ADANIPOWER,CALL OI,13465,13433,,,,,,,,,14776,14004,14111,14194,14373,14448,14563
ADANIPOWER,PUT VOL,7830,7428,,,,,,,,,352,1113,1760,2046,2900,3100,3380
ADANIPOWER,PUT OI,10555,10794,,,,,,,,,9800,10442,10419,10397,10384,10358,10322
ALKEM,PRICE,5087.5,5087.5,,,,5170.0,5089.5,5088.17,5146.75,5107.25,5169.0,5225.0,5253.0,5259.0,5282.0,5280.0,5278.0
ALKEM,VWAP,,,,,,,,,,,5168.18,5194.2,5219.81,5225.61,5239.29,5244.86,5247.53
ALKEM,CASH VOL,238760,238760,,78.42,78.42,,,,,,15971,29148,45351,52461,72740,80010,86740
ALKEM,F&O VOL,4020,3425,,,,,,,,,769,2144,5464,7209,10067,10979,11445
ALKEM,F&O OI,19287,18934,,,,,,,,,19344,19319,19209,19412,19670,19778,19770
ALKEM,CALL VOL,1736,1843,,,,,,,,,415,1269,3546,4714,6621,7154,7411
ALKEM,CALL OI,2607,2471,,,,,,,,,2343,2621,2492,2577,2666,2639,2618
ALKEM,PUT VOL,668,682,,,,,,,,,196,565,1054,1387,2062,1525,2324
ALKEM,PUT OI,1961,1928,,,,,,,,,2078,1894,1885,1965,2099,1941,2148
AMBER,PRICE,7245.0,7245.0,,,,7280.5,7227.75,7193.25,7299.5,7263.17,7212.0,7198.0,7191.0,7158.0,7163.0,7145.0,7120.0
AMBER,VWAP,,,,,,,,,,,7207.42,7194.49,7191.86,7182.58,7180.78,7177.12,7169.0
AMBER,CASH VOL,111991,111991,,36.22,36.22,,,,,,11868,19152,25636,34619,38168,43275,50240
AMBER,F&O VOL,13409,14148,,,,,,,,,1248,2113,2820,3519,4033,4393,5238
AMBER,F&O OI,27806,28172,,,,,,,,,27939,28032,28095,28125,28193,28224,28395
AMBER,CALL VOL,4048,3767,,,,,,,,,463,830,1138,1350,1520,1539,1895
AMBER,CALL OI,4657,4367,,,,,,,,,5645,5699,5782,5824,5838,4934,5078
AMBER,PUT VOL,4200,6213,,,,,,,,,202,435,586,744,864,934,1110
AMBER,PUT OI,4590,4941,,,,,,,,,4803,4810,4802,4809,4854,4661,4670
AMBUJACEM,PRICE,391.85,391.85,,,,392.6,391.43,390.6,396.5,393.4,393.0,391.0,391.0,390.0,391.0,389.0,388.0
AMBUJACEM,VWAP,,,,,,,,,,,392.29,391.95,391.61,391.29,391.22,391.04,390.66
AMBUJACEM,CASH VOL,1311052,1311052,,38.73,38.73,,,,,,50122,116529,170422,231428,274297,316383,377674
AMBUJACEM,F&O VOL,15383,6699,,,,,,,,,421,1580,2611,2900,3860,4240,4745
AMBUJACEM,F&O OI,100791,100191,,,,,,,,,100927,101025,101099,101139,101073,101082,101157
AMBUJACEM,CALL VOL,6640,3012,,,,,,,,,295,1011,1444,1551,1819,2028,2256
AMBUJACEM,CALL OI,6557,6488,,,,,,,,,6672,6710,6743,6757,6742,6748,6758
AMBUJACEM,PUT VOL,2753,1049,,,,,,,,,15,216,399,470,643,685,731
AMBUJACEM,PUT OI,4224,4147,,,,,,,,,4219,4218,4259,4293,4309,4335,4348
ANGELONE,PRICE,305.0,305.0,,,,306.45,302.74,298.23,302.74,298.23,307.0,302.0,304.0,303.0,303.0,303.0,302.0
ANGELONE,VWAP,,,,,,,,,,,306.04,304.54,304.38,304.3,304.25,304.2,304.09
ANGELONE,CASH VOL,5942668,5942668,,36.56,36.56,,,,,,1240496,1798557,2089741,2294629,2437262,2532553,2680614
ANGELONE,F&O VOL,33125,10090,,,,,,,,,6274,10454,12882,14019,14941,15610,16275
ANGELONE,F&O OI,29940,29654,,,,,,,,,30271,30507,30702,30669,30634,30705,30679
ANGELONE,CALL VOL,16143,5060,,,,,,,,,3228,5898,7278,7935,8418,8807,8472
ANGELONE,CALL OI,7940,8170,,,,,,,,,8872,9268,9341,9342,9335,9419,8653
ANGELONE,PUT VOL,6567,2620,,,,,,,,,1283,2287,2669,2862,3040,3176,3332
ANGELONE,PUT OI,4649,4242,,,,,,,,,4380,4334,4303,4273,4269,4272,4429
APLAPOLLO,PRICE,2153.5,2153.5,,,,2157.0,2150.0,2143.0,2182.4,2163.13,2146.0,2120.0,2120.0,2111.0,2117.0,2118.0,2120.0
APLAPOLLO,VWAP,,,,,,,,,,,2141.93,2132.83,2130.76,2123.02,2122.22,2120.69,2120.57
APLAPOLLO,CASH VOL,591497,591497,,45.68,45.68,,,,,,30802,46564,54132,86255,96589,119529,137584
APLAPOLLO,F&O VOL,10502,4777,,,,,,,,,476,1445,2452,2947,3284,3492,3780
APLAPOLLO,F&O OI,48585,47407,,,,,,,,,48638,48644,48818,48867,48902,48910,48949
APLAPOLLO,CALL VOL,2908,1144,,,,,,,,,196,384,800,1005,1124,1196,1329
APLAPOLLO,CALL OI,3524,3204,,,,,,,,,3932,3590,3607,3630,3637,3638,3645
APLAPOLLO,PUT VOL,2118,955,,,,,,,,,106,252,450,575,664,701,759
APLAPOLLO,PUT OI,2819,2729,,,,,,,,,3017,2800,2837,2842,2843,2825,2813
APOLLOHOSP,PRICE,8836.0,8836.0,,,,8937.0,8878.0,8850.0,8837.0,8836.33,8900.0,8886.0,8863.0,8847.0,8824.0,8833.0,8821.0
APOLLOHOSP,VWAP,,,,,,,,,,,8896.33,8885.84,8880.39,8872.0,8869.31,8867.98,8865.64
APOLLOHOSP,CASH VOL,207930,207930,,61.09,61.09,,,,,,48690,72256,83146,97314,102453,105029,109363
APOLLOHOSP,F&O VOL,24609,28693,,,,,,,,,1668,3359,4864,6755,7466,7811,8401
APOLLOHOSP,F&O OI,39043,39475,,,,,,,,,39143,39322,39513,39521,39677,39749,39820
APOLLOHOSP,CALL VOL,13500,12987,,,,,,,,,954,1952,2627,3519,3862,4036,4368
APOLLOHOSP,CALL OI,7436,7620,,,,,,,,,7505,7594,7637,7658,7750,7800,7900
APOLLOHOSP,PUT VOL,7830,8622,,,,,,,,,441,1070,1611,2340,2647,2785,3002
APOLLOHOSP,PUT OI,5650,5856,,,,,,,,,4523,4572,5759,5804,5825,5845,5885
ASHOKLEY,PRICE,163.75,163.75,,,,164.5,163.34,162.52,166.06,164.52,164.0,162.0,162.0,161.0,161.0,161.0,160.0
ASHOKLEY,VWAP,,,,,,,,,,,164.3,163.65,163.34,163.02,162.87,162.76,162.49
ASHOKLEY,CASH VOL,19044403,19044403,,48.72,48.72,,,,,,1312462,2106407,2616112,3169530,3461428,3676506,4209518
ASHOKLEY,F&O VOL,39664,29818,,,,,,,,,1113,3194,4925,6672,7878,8677,9655
ASHOKLEY,F&O OI,58130,58110,,,,,,,,,58305,58508,58716,58943,58996,59122,59139
ASHOKLEY,CALL VOL,12234,7557,,,,,,,,,608,1593,2413,2618,3711,4115,3853
ASHOKLEY,CALL OI,4364,3958,,,,,,,,,6547,6680,6829,4733,7038,7149,4955
ASHOKLEY,PUT VOL,10519,8226,,,,,,,,,203,589,1011,1507,1864,2030,2210
ASHOKLEY,PUT OI,7382,7194,,,,,,,,,8204,8246,8246,7461,8266,8267,7452
ASIANPAINT,PRICE,2472.5,2472.5,,,,2472.5,2467.55,2457.65,2483.15,2476.05,2455.0,2457.0,2461.0,2441.0,2445.0,2440.0,2439.0
ASIANPAINT,VWAP,,,,,,,,,,,2455.21,2455.85,2456.41,2452.65,2451.94,2451.2,2449.77
ASIANPAINT,CASH VOL,653006,653006,,54.05,54.05,,,,,,47277,67696,86402,129223,139373,148841,166450
ASIANPAINT,F&O VOL,33549,16885,,,,,,,,,1704,2988,4057,5718,6404,6907,7592
ASIANPAINT,F&O OI,65258,64837,,,,,,,,,65519,65672,65846,65999,66095,66120,65872
ASIANPAINT,CALL VOL,9125,4031,,,,,,,,,689,1162,1456,1912,2098,2259,2525
ASIANPAINT,CALL OI,4094,3015,,,,,,,,,4852,4930,4965,4491,4558,4592,4580
ASIANPAINT,PUT VOL,12140,6203,,,,,,,,,448,749,1076,1589,1802,1914,2077
ASIANPAINT,PUT OI,6936,6963,,,,,,,,,7938,7954,7970,7009,7033,7036,7045
ASTRAL,PRICE,1411.4,1411.4,,,,1410.0,1429.25,1417.35,1454.95,1425.92,1410.0,1399.0,1400.0,1393.0,1396.0,1391.0,1383.0
ASTRAL,VWAP,,,,,,,,,,,1409.83,1405.72,1403.6,1402.5,1401.61,1401.11,1398.36
ASTRAL,CASH VOL,872167,872167,,60.09,60.09,,,,,,40356,85546,116852,132715,154222,162453,197295
ASTRAL,F&O VOL,19893,12693,,,,,,,,,1283,2658,3350,4603,5095,5346,6211
ASTRAL,F&O OI,27780,24614,,,,,,,,,27861,28000,28181,27974,27978,28012,27973
ASTRAL,CALL VOL,3513,1430,,,,,,,,,424,774,1002,1393,1542,1619,1259
ASTRAL,CALL OI,1113,3232,,,,,,,,,2727,2162,2211,2173,2223,2239,1357
ASTRAL,PUT VOL,6051,3211,,,,,,,,,286,462,585,873,977,1039,1346
ASTRAL,PUT OI,1958,2557,,,,,,,,,2549,2522,2520,2486,2500,2504,1949
AUBANK,PRICE,1058.9,1058.9,,,,1061.4,1055.0,1047.2,1057.78,1055.55,1057.0,1052.0,1054.0,1049.0,1050.0,1050.0,1045.0
AUBANK,VWAP,,,,,,,,,,,1055.62,1054.33,1053.56,1053.1,1052.79,1052.54,1051.52
AUBANK,CASH VOL,1058773,1058773,,47.94,47.94,,,,,,41455,60908,85069,95433,104517,114010,138597
AUBANK,F&O VOL,16182,17558,,,,,,,,,1118,1678,2277,2645,2831,3041,3639
AUBANK,F&O OI,38649,38329,,,,,,,,,38730,38741,38797,38811,38831,38825,38841
AUBANK,CALL VOL,8603,9033,,,,,,,,,590,964,1207,1389,1486,1701,1878
AUBANK,CALL OI,5734,5505,,,,,,,,,6774,6880,5899,5922,5929,6945,5992
AUBANK,PUT VOL,4739,5150,,,,,,,,,286,394,544,662,711,757,1009
AUBANK,PUT OI,6055,6043,,,,,,,,,6158,6178,6106,6098,6103,6196,6059
AUROPHARMA,PRICE,1679.8,1679.8,,,,1688.0,1676.02,1668.45,1678.2,1675.0,1671.0,1678.0,1677.0,1669.0,1672.0,1672.0,1672.0
AUROPHARMA,VWAP,,,,,,,,,,,1674.12,1675.35,1675.55,1674.91,1674.7,1674.61,1674.48
AUROPHARMA,CASH VOL,494251,494251,,50.35,50.35,,,,,,29515,57346,74666,84133,91014,93881,99361
AUROPHARMA,F&O VOL,10093,13134,,,,,,,,,754,1851,2783,3298,3711,3954,4086
AUROPHARMA,F&O OI,36668,36549,,,,,,,,,36829,37085,37269,37245,37231,37274,37305
AUROPHARMA,CALL VOL,5222,4449,,,,,,,,,532,1270,1757,2072,2303,2432,2537
AUROPHARMA,CALL OI,8663,8551,,,,,,,,,8805,8997,9031,8893,8992,8995,9022
AUROPHARMA,PUT VOL,2797,5733,,,,,,,,,139,332,539,666,756,815,840
AUROPHARMA,PUT OI,3790,3829,,,,,,,,,3773,3785,3785,4045,3764,3800,3805
AXISBANK,PRICE,1246.0,1246.0,,,,1254.0,1244.43,1241.3,1250.85,1247.62,1240.0,1241.0,1241.0,1237.0,1239.0,1240.0,1237.0
AXISBANK,VWAP,,,,,,,,,,,1242.59,1241.32,1240.94,1240.48,1240.33,1240.3,1240.17
AXISBANK,CASH VOL,4562285,4562285,,57.75,57.75,,,,,,327579,692687,809383,1387640,1566324,1740599,1976464
AXISBANK,F&O VOL,84763,81231,,,,,,,,,5803,10641,15330,20114,23031,24659,26734
AXISBANK,F&O OI,201686,202378,,,,,,,,,201546,201849,202346,202793,203107,203297,203443
AXISBANK,CALL VOL,39163,40305,,,,,,,,,2706,5444,7796,10491,11866,12678,13846
AXISBANK,CALL OI,25156,25381,,,,,,,,,25033,25354,25592,25912,26043,26097,26140
AXISBANK,PUT VOL,32184,31096,,,,,,,,,2128,3654,5204,6833,8032,8513,9364
AXISBANK,PUT OI,17341,16992,,,,,,,,,17067,16946,17032,16886,17052,17063,17103
BAJAJ-AUTO,PRICE,11678.0,11678.0,,,,11693.0,11660.67,11626.0,11712.5,11689.5,11654.0,11642.0,11621.0,11603.0,11575.0,11575.0,11559.0
BAJAJ-AUTO,VWAP,,,,,,,,,,,11655.3,11647.14,11625.08,11614.13,11608.16,11606.29,11589.0
BAJAJ-AUTO,CASH VOL,214731,214731,,64.81,64.81,,,,,,11273,16837,29685,41684,48790,52291,69547
BAJAJ-AUTO,F&O VOL,41178,27410,,,,,,,,,1992,3865,6154,8213,10003,10981,15077
BAJAJ-AUTO,F&O OI,59004,58463,,,,,,,,,59284,59565,59695,59799,59720,59720,59553
BAJAJ-AUTO,CALL VOL,8745,6335,,,,,,,,,712,1275,2065,3083,3554,3787,4590
BAJAJ-AUTO,CALL OI,5861,5512,,,,,,,,,6621,6690,6700,6709,6668,6672,5965
BAJAJ-AUTO,PUT VOL,15211,8907,,,,,,,,,506,988,1680,2429,2758,3084,5269
BAJAJ-AUTO,PUT OI,12170,11678,,,,,,,,,11041,11060,11041,10999,10931,10933,11989
BAJAJFINSV,PRICE,1913.5,1913.5,,,,1921.4,1912.5,1910.5,1934.0,1920.33,1900.0,1892.0,1891.0,1884.0,1884.0,1880.0,1879.0
BAJAJFINSV,VWAP,,,,,,,,,,,1901.59,1897.88,1894.47,1893.06,1892.17,1890.35,1889.04
BAJAJFINSV,CASH VOL,762375,762375,,52.03,52.03,,,,,,44073,74113,92610,105861,116297,134776,150140
BAJAJFINSV,F&O VOL,31893,10016,,,,,,,,,2363,3847,5375,6365,7090,9195,9985
BAJAJFINSV,F&O OI,59705,57888,,,,,,,,,60027,60207,60288,60238,60276,60765,60476
BAJAJFINSV,CALL VOL,10174,3096,,,,,,,,,1224,1774,2362,2714,2966,3858,4222
BAJAJFINSV,CALL OI,5905,2799,,,,,,,,,9896,6252,6342,6360,6469,6886,6941
BAJAJFINSV,PUT VOL,9592,2813,,,,,,,,,534,885,1195,1465,1686,2358,2604
BAJAJFINSV,PUT OI,7925,7112,,,,,,,,,8870,7976,8002,7979,7983,8032,8041
BAJAJHLDNG,PRICE,11134.0,11134.0,,,,11134.0,11100.67,11034.0,11109.67,11061.0,11153.0,11113.0,11135.0,11157.0,11152.0,11160.0,11104.0
BAJAJHLDNG,VWAP,,,,,,,,,,,11148.54,11133.76,11136.18,11139.25,11141.46,11142.69,11133.36
BAJAJHLDNG,CASH VOL,49910,49910,,48.4,48.4,,,,,,4749,6624,8687,11346,12826,13966,18398
BAJAJHLDNG,F&O VOL,1945,411,,,,,,,,,113,187,272,361,419,456,1091
BAJAJHLDNG,F&O OI,4893,4919,,,,,,,,,4914,4905,4911,4943,4945,4940,4989
BAJAJHLDNG,CALL VOL,1285,141,,,,,,,,,74,124,179,238,259,269,336
BAJAJHLDNG,CALL OI,823,749,,,,,,,,,844,837,828,844,854,850,854
BAJAJHLDNG,PUT VOL,83,39,,,,,,,,,0,5,14,19,20,20,41
BAJAJHLDNG,PUT OI,436,447,,,,,,,,,436,436,349,357,356,356,451
BAJFINANCE,PRICE,1034.5,1034.5,,,,1035.0,1031.35,1025.05,1042.55,1037.18,1029.0,1025.0,1022.0,1018.0,1018.0,1016.0,1016.0
BAJFINANCE,VWAP,,,,,,,,,,,1028.94,1028.55,1027.15,1025.89,1025.43,1024.85,1023.87
BAJFINANCE,CASH VOL,5411299,5411299,,64.25,64.25,,,,,,709994,1012301,1223767,1408902,1497296,1586251,1751971
BAJFINANCE,F&O VOL,54142,20388,,,,,,,,,3361,6043,8741,10784,11704,12624,14288
BAJFINANCE,F&O OI,141662,138570,,,,,,,,,141924,142426,142918,143168,143296,143379,142901
BAJFINANCE,CALL VOL,13141,5449,,,,,,,,,1709,2490,3237,4000,4464,4745,5576
BAJFINANCE,CALL OI,7185,6318,,,,,,,,,8725,7388,7511,7596,7669,7703,7611
BAJFINANCE,PUT VOL,16903,5598,,,,,,,,,664,1153,1767,2188,2411,2661,2981
BAJFINANCE,PUT OI,12264,11372,,,,,,,,,12797,12397,12434,12443,12446,12440,12457
BANDHANBNK,PRICE,176.52,176.52,,,,177.0,175.91,174.69,174.38,170.1,178.0,174.0,174.0,176.0,177.0,177.0,178.0
BANDHANBNK,VWAP,,,,,,,,,,,177.53,176.95,176.5,176.44,176.73,176.89,177.02
BANDHANBNK,CASH VOL,25334991,25334991,,57.58,57.58,,,,,,1177793,1696661,2223656,2334475,3418452,3770776,4223687
BANDHANBNK,F&O VOL,5023,1923,,,,,,,,,103,150,201,216,366,406,484
BANDHANBNK,F&O OI,50689,54468,,,,,,,,,50678,50665,50653,50628,50605,50576,50536
BANDHANBNK,CALL VOL,1535,765,,,,,,,,,45,57,78,82,121,129,161
BANDHANBNK,CALL OI,8425,9391,,,,,,,,,8365,8361,8362,8348,8387,8382,8375
BANDHANBNK,PUT VOL,841,365,,,,,,,,,11,26,33,37,75,84,93
BANDHANBNK,PUT OI,5505,5972,,,,,,,,,5620,5612,5608,5603,5489,5465,5460
BANKBARODA,PRICE,238.13,238.13,,,,238.13,237.49,236.22,237.91,237.48,236.0,236.0,236.0,235.0,235.0,235.0,235.0
BANKBARODA,VWAP,,,,,,,,,,,237.26,237.15,236.64,236.49,236.45,236.42,236.36
BANKBARODA,CASH VOL,7018275,7018275,,52.12,52.12,,,,,,1625556,1909050,2617927,2890818,3035559,3125918,3346807
BANKBARODA,F&O VOL,21648,42820,,,,,,,,,1830,3940,7436,8842,9473,9728,10971
BANKBARODA,F&O OI,83631,84184,,,,,,,,,83811,84059,84285,84258,84187,84188,84153
BANKBARODA,CALL VOL,11916,24014,,,,,,,,,1225,2509,4449,5107,5405,5534,6193
BANKBARODA,CALL OI,13840,14224,,,,,,,,,13970,14192,14221,14177,14174,14173,14147
BANKBARODA,PUT VOL,5990,12070,,,,,,,,,394,944,1974,2434,2554,2596,2961
BANKBARODA,PUT OI,11518,11480,,,,,,,,,11544,11569,11654,11629,11638,11645,11649
BANKINDIA,PRICE,140.0,140.0,,,,140.0,139.56,138.68,141.38,140.46,140.0,139.0,139.0,138.0,139.0,139.0,139.0
BANKINDIA,VWAP,,,,,,,,,,,139.71,139.41,139.17,139.13,139.14,139.15,139.15
BANKINDIA,CASH VOL,4385344,4385344,,36.27,36.27,,,,,,255832,891808,1242499,1389301,1567248,1660677,1760744
BANKINDIA,F&O VOL,6516,6059,,,,,,,,,244,546,1159,1404,1581,1745,1849
BANKINDIA,F&O OI,27430,27250,,,,,,,,,27461,27490,27597,27639,27653,27680,27682
BANKINDIA,CALL VOL,2560,3274,,,,,,,,,105,252,536,626,721,825,897
BANKINDIA,CALL OI,4664,4554,,,,,,,,,4678,4714,4773,4779,4780,4790,4776
BANKINDIA,PUT VOL,2496,986,,,,,,,,,29,120,233,254,287,305,322
BANKINDIA,PUT OI,5467,5433,,,,,,,,,5468,5457,5448,5454,5459,5458,5466
BDL,PRICE,1190.0,1190.0,,,,1191.0,1186.17,1178.5,1216.0,1198.67,1185.0,1179.0,1180.0,1168.0,1168.0,1169.0,1157.0
BDL,VWAP,,,,,,,,,,,1183.57,1182.23,1180.59,1177.16,1176.17,1175.55,1171.63
BDL,CASH VOL,974802,974802,,33.34,33.34,,,,,,65317,97809,147210,218696,245644,264075,367281
BDL,F&O VOL,29883,33162,,,,,,,,,1645,3093,5212,8099,9332,9893,12450
BDL,F&O OI,60994,59448,,,,,,,,,61412,61671,62087,62373,62552,62642,62955
BDL,CALL VOL,9436,7869,,,,,,,,,694,1263,2040,3066,3444,3628,4702
BDL,CALL OI,6957,6094,,,,,,,,,8786,8854,9110,7499,7604,7652,7731
BDL,PUT VOL,7734,10751,,,,,,,,,147,446,756,1334,1631,1726,2212
BDL,PUT OI,7773,7680,,,,,,,,,8229,8259,8266,7773,7775,7787,7772
BEL,PRICE,404.35,404.35,,,,402.0,403.68,402.32,407.62,405.44,400.0,393.0,394.0,392.0,392.0,393.0,389.0
BEL,VWAP,,,,,,,,,,,399.09,396.98,396.39,395.64,395.39,395.22,394.26
BEL,CASH VOL,7805974,7805974,,61.42,61.42,,,,,,1069676,2336556,3001025,3856628,4222175,4487551,5698417
BEL,F&O VOL,35709,45122,,,,,,,,,6663,18515,26576,34312,38147,40942,52159
BEL,F&O OI,135939,136812,,,,,,,,,137680,139538,141003,142648,143471,144079,145729
BEL,CALL VOL,12776,13765,,,,,,,,,2897,8571,12139,13889,18090,19416,22357
BEL,CALL OI,17157,16892,,,,,,,,,22642,23737,24502,20890,25678,25806,22101
BEL,PUT VOL,8923,11236,,,,,,,,,1754,5549,7645,9507,10643,11118,14711
BEL,PUT OI,15168,15204,,,,,,,,,17022,17232,17286,15697,17523,17533,16148
BHARATFORG,PRICE,1944.9,1944.9,,,,1944.9,1939.35,1928.25,1968.05,1952.62,1928.0,1927.0,1922.0,1905.0,1904.0,1907.0,1902.0
BHARATFORG,VWAP,,,,,,,,,,,1928.75,1928.25,1924.34,1919.63,1917.96,1916.41,1915.58
BHARATFORG,CASH VOL,283776,283776,,40.07,40.07,,,,,,23462,36342,56011,75814,85192,95438,102268
BHARATFORG,F&O VOL,11921,7794,,,,,,,,,778,1231,2274,2938,3612,4091,4507
BHARATFORG,F&O OI,30197,29567,,,,,,,,,30303,30343,30526,30648,30627,30668,30668
BHARATFORG,CALL VOL,4014,1631,,,,,,,,,498,709,1138,1373,1650,1772,1937
BHARATFORG,CALL OI,2280,1905,,,,,,,,,2730,2771,2844,2602,2610,2631,2646
BHARATFORG,PUT VOL,2604,2529,,,,,,,,,88,159,385,584,723,858,969
BHARATFORG,PUT OI,3409,3360,,,,,,,,,3260,3272,3284,3449,3465,3451,3450
BHARTIARTL,PRICE,1831.1,1831.1,,,,1844.0,1841.25,1834.48,1834.25,1832.15,1833.0,1832.0,1833.0,1829.0,1827.0,1826.0,1830.0
BHARTIARTL,VWAP,,,,,,,,,,,1832.89,1831.55,1832.28,1831.44,1830.56,1830.25,1830.36
BHARTIARTL,CASH VOL,4181325,4181325,,71.18,71.18,,,,,,379574,512103,743955,918525,1143057,1218279,1470665
BHARTIARTL,F&O VOL,88972,82709,,,,,,,,,7064,13329,16848,20437,23923,27226,34869
BHARTIARTL,F&O OI,216743,214665,,,,,,,,,217468,218108,218424,218821,219230,219191,219871
BHARTIARTL,CALL VOL,48660,46479,,,,,,,,,3142,7407,9195,10351,12366,13657,18055
BHARTIARTL,CALL OI,31120,27442,,,,,,,,,31592,32096,32125,27892,28140,28235,32819
BHARTIARTL,PUT VOL,24335,22731,,,,,,,,,1957,3905,4729,5958,7111,7968,10836
BHARTIARTL,PUT OI,23012,23077,,,,,,,,,22976,23083,23108,21533,21548,21507,22729
BHEL,PRICE,431.0,431.0,,,,431.25,429.2,425.6,429.7,427.1,427.0,425.0,424.0,423.0,423.0,424.0,421.0
BHEL,VWAP,,,,,,,,,,,427.59,425.92,425.69,425.26,425.02,424.89,424.42
BHEL,CASH VOL,6548117,6548117,,35.09,35.09,,,,,,447564,893557,1120642,1404147,1574982,1703475,2200860
BHEL,F&O VOL,36248,18842,,,,,,,,,2121,5515,7002,8491,9180,9713,10931
BHEL,F&O OI,52347,52738,,,,,,,,,52499,52585,52608,52730,52737,52757,52796
BHEL,CALL VOL,15525,7261,,,,,,,,,813,2432,3048,3630,3942,4188,4795
BHEL,CALL OI,8597,8951,,,,,,,,,8810,9106,9113,9238,9299,9284,9347
BHEL,PUT VOL,9969,6099,,,,,,,,,824,1919,2313,2768,2979,3114,3432
BHEL,PUT OI,6300,6275,,,,,,,,,6246,5979,5952,5920,5919,5912,5897
BIOCON,PRICE,390.65,390.65,,,,391.95,390.75,390.68,394.3,391.87,388.0,388.0,388.0,387.0,388.0,388.0,386.0
BIOCON,VWAP,,,,,,,,,,,388.91,388.82,388.68,388.44,388.41,388.38,388.19
BIOCON,CASH VOL,3665623,3665623,,44.08,44.08,,,,,,88835,183614,245301,319550,363885,411800,502480
BIOCON,F&O VOL,46754,25174,,,,,,,,,884,1962,2484,3631,3985,4368,4999
BIOCON,F&O OI,44497,45518,,,,,,,,,44611,44691,44686,44709,44672,44693,44741
BIOCON,CALL VOL,23453,12326,,,,,,,,,535,1173,1512,1995,2324,2436,2676
BIOCON,CALL OI,5820,7717,,,,,,,,,6506,6554,6570,6004,6572,6607,6072
BIOCON,PUT VOL,12037,5533,,,,,,,,,123,386,482,835,945,978,1141
BIOCON,PUT OI,4684,4743,,,,,,,,,4870,4889,4883,4715,4892,4888,4728
BLUESTARCO,PRICE,1558.0,1558.0,,,,1559.5,1547.68,1527.05,1538.23,1498.7,1547.0,1549.0,1540.0,1528.0,1534.0,1537.0,1524.0
BLUESTARCO,VWAP,,,,,,,,,,,1546.5,1547.18,1543.31,1539.99,1538.96,1538.51,1537.18
BLUESTARCO,CASH VOL,1336366,1336366,,38.69,38.69,,,,,,22983,48741,79095,103835,119160,133098,162858
BLUESTARCO,F&O VOL,41413,23777,,,,,,,,,919,1787,2667,4751,5372,5737,6902
BLUESTARCO,F&O OI,31260,31746,,,,,,,,,31252,31163,31172,31210,31151,31195,31257
BLUESTARCO,CALL VOL,23953,14195,,,,,,,,,517,1073,1583,1986,2310,2469,2838
BLUESTARCO,CALL OI,4116,4810,,,,,,,,,4322,4241,4273,4026,4274,4278,4119
BLUESTARCO,PUT VOL,7881,3735,,,,,,,,,208,390,592,1777,1994,2113,2600
BLUESTARCO,PUT OI,3558,3104,,,,,,,,,3259,3238,3252,3637,3267,3284,3496
BOSCHLTD,PRICE,48385.0,48385.0,,,,48725.0,48520.0,48430.0,48195.83,47817.5,48505.0,48305.0,47925.0,47910.0,47860.0,47850.0,47820.0
BOSCHLTD,VWAP,,,,,,,,,,,48477.03,48437.13,48213.07,48170.24,48102.82,48089.72,48063.06
BOSCHLTD,CASH VOL,19898,19898,,48.29,48.29,,,,,,1101,2660,4930,5789,7174,7508,8358
BOSCHLTD,F&O VOL,15974,17137,,,,,,,,,446,1238,3341,4275,5837,6219,6652
BOSCHLTD,F&O OI,19779,20171,,,,,,,,,19901,19965,20185,20097,20160,20183,20182
BOSCHLTD,CALL VOL,3298,2940,,,,,,,,,168,348,762,936,1521,1557,1635
BOSCHLTD,CALL OI,2384,2549,,,,,,,,,3167,2433,2474,2462,2601,2610,2597
BOSCHLTD,PUT VOL,3196,3104,,,,,,,,,41,174,993,1500,1373,1399,1450
BOSCHLTD,PUT OI,2771,3029,,,,,,,,,2684,2782,2911,3400,2842,2839,2843
BPCL,PRICE,304.5,304.5,,,,304.2,303.41,301.23,306.35,305.12,304.0,304.0,305.0,306.0,307.0,304.0,304.0
BPCL,VWAP,,,,,,,,,,,304.69,304.94,305.04,305.28,305.57,305.52,305.45
BPCL,CASH VOL,4137678,4137678,,37.63,37.63,,,,,,361788,594453,712508,1029628,1222157,1361558,1462765
BPCL,F&O VOL,22145,9095,,,,,,,,,943,2050,2550,4333,5577,6363,6761
BPCL,F&O OI,30107,30281,,,,,,,,,30146,30318,30372,30383,30531,30557,30544
BPCL,CALL VOL,10432,3722,,,,,,,,,364,850,1014,1764,2483,2669,2795
BPCL,CALL OI,4751,5186,,,,,,,,,4718,4739,4756,4741,4765,4782,4777
BPCL,PUT VOL,7785,4029,,,,,,,,,330,800,954,1688,2216,2404,2595
BPCL,PUT OI,4613,4655,,,,,,,,,4635,4669,4650,4739,4763,4735,4758
BRITANNIA,PRICE,4962.0,4962.0,,,,4990.0,4978.75,4967.58,5035.5,4986.5,4995.0,5000.0,5000.0,4995.0,5006.0,5000.0,4996.0
BRITANNIA,VWAP,,,,,,,,,,,5002.97,5005.41,5003.31,5002.27,5002.26,5002.22,5001.53
BRITANNIA,CASH VOL,194857,194857,,51.29,51.29,,,,,,15811,29459,37174,41562,45223,48658,57964
BRITANNIA,F&O VOL,15353,13361,,,,,,,,,817,1741,2443,2859,3533,3916,4499
BRITANNIA,F&O OI,38118,37832,,,,,,,,,38115,38089,38079,38042,37931,37908,37879
BRITANNIA,CALL VOL,5881,5010,,,,,,,,,298,800,1123,1329,1619,1797,2076
BRITANNIA,CALL OI,3241,2613,,,,,,,,,3229,3294,3303,3286,3277,3246,3232
BRITANNIA,PUT VOL,4528,4064,,,,,,,,,238,442,577,681,823,907,1057
BRITANNIA,PUT OI,5046,5034,,,,,,,,,5064,5066,5053,5057,5065,5048,5071
BSE,PRICE,3384.0,3384.0,,,,3417.0,3353.93,3293.8,3367.28,3333.85,3381.0,3371.0,3376.0,3383.0,3384.0,3393.0,3366.0
BSE,VWAP,,,,,,,,,,,3392.93,3384.35,3382.18,3382.74,3382.98,3383.55,3382.45
BSE,CASH VOL,4326473,4326473,,29.36,29.36,,,,,,623349,957509,1123018,1331584,1436321,1562888,1743213
BSE,F&O VOL,251101,89763,,,,,,,,,28465,45242,55105,66068,74702,79737,86764
BSE,F&O OI,149263,143580,,,,,,,,,151037,151788,152195,153113,154755,155206,155346
BSE,CALL VOL,135778,47750,,,,,,,,,15371,24794,30133,36207,40390,43127,47398
BSE,CALL OI,39415,41467,,,,,,,,,40782,41600,42270,42857,43295,43401,43656
BSE,PUT VOL,73064,27223,,,,,,,,,8155,12797,15625,18402,20115,21344,23302
BSE,PUT OI,31438,30967,,,,,,,,,31059,31112,31095,31069,31009,31093,30959
CAMS,PRICE,711.0,711.0,,,,711.3,708.61,703.83,714.9,712.3,715.0,730.0,730.0,717.0,724.0,722.0,720.0
CAMS,VWAP,,,,,,,,,,,715.12,723.02,725.07,723.76,723.62,723.47,723.33
CAMS,CASH VOL,1442644,1442644,,48.22,48.22,,,,,,122391,386413,622503,762119,871264,939191,1006161
CAMS,F&O VOL,11786,8160,,,,,,,,,1041,5284,9099,11475,12732,13810,14493
CAMS,F&O OI,24152,23474,,,,,,,,,24178,24342,24434,24441,24549,24557,24633
CAMS,CALL VOL,4808,3531,,,,,,,,,554,3318,5681,7133,7945,8425,8701
CAMS,CALL OI,3391,2882,,,,,,,,,3353,4147,3353,3371,3329,3326,3383
CAMS,PUT VOL,2576,1360,,,,,,,,,334,1096,1915,2465,2798,3000,3240
CAMS,PUT OI,3525,3376,,,,,,,,,3588,3771,3694,3640,3632,3625,3645
CANBK,PRICE,124.0,124.0,,,,123.25,123.79,123.36,125.12,124.38,123.0,123.0,123.0,123.0,123.0,123.0,123.0
CANBK,VWAP,,,,,,,,,,,123.77,123.91,123.81,123.66,123.64,123.62,123.58
CANBK,CASH VOL,11131129,11131129,,44.87,44.87,,,,,,2216814,3122129,4316296,5123401,5391125,5599829,5961220
CANBK,F&O VOL,13689,40810,,,,,,,,,971,1978,4141,6049,6539,6804,7173
CANBK,F&O OI,80229,79745,,,,,,,,,80351,80440,80795,81170,81166,81199,81199
CANBK,CALL VOL,7558,24656,,,,,,,,,705,1632,2717,3642,3925,4052,4285
CANBK,CALL OI,10559,10180,,,,,,,,,11153,10874,11013,11286,11284,11285,11280
CANBK,PUT VOL,2716,9596,,,,,,,,,118,428,882,1336,1457,1511,1577
CANBK,PUT OI,8073,8011,,,,,,,,,7864,8089,8106,8160,8161,8171,8175
CDSL,PRICE,1360.0,1360.0,,,,1360.0,1352.58,1337.75,1376.75,1365.58,1354.0,1340.0,1340.0,1333.0,1336.0,1331.0,1327.0
CDSL,VWAP,,,,,,,,,,,1350.76,1343.68,1342.28,1340.51,1340.07,1338.47,1337.57
CDSL,CASH VOL,1040559,1040559,,35.43,35.43,,,,,,87303,195103,262816,331342,378444,446946,489955
CDSL,F&O VOL,32618,19470,,,,,,,,,1479,4105,5643,7197,8004,10057,10922
CDSL,F&O OI,60106,58980,,,,,,,,,60310,60523,60659,60833,60871,61145,61294
CDSL,CALL VOL,12056,5917,,,,,,,,,795,2136,2937,3479,4223,4840,4621
CDSL,CALL OI,8631,8345,,,,,,,,,10986,11040,11040,11084,11203,11221,8993
CDSL,PUT VOL,9404,5676,,,,,,,,,252,899,1151,1562,1873,2212,2423
CDSL,PUT OI,8809,8686,,,,,,,,,9165,9232,9276,9231,9214,9198,8827
CGPOWER,PRICE,909.0,909.0,,,,909.0,906.25,900.75,910.0,909.33,903.0,893.0,889.0,880.0,878.0,877.0,874.0
CGPOWER,VWAP,,,,,,,,,,,900.9,895.79,892.44,888.79,887.29,885.99,884.55
CGPOWER,CASH VOL,2163164,2163164,,52.05,52.05,,,,,,126761,288220,464710,640253,776919,883185,1007081
CGPOWER,F&O VOL,17415,16072,,,,,,,,,1606,4245,6798,10633,12372,14268,16314
CGPOWER,F&O OI,37202,37321,,,,,,,,,37365,37491,37767,38213,38418,38624,38835
CGPOWER,CALL VOL,9557,6749,,,,,,,,,898,2273,3232,4710,5631,6421,7341
CGPOWER,CALL OI,7536,7563,,,,,,,,,8497,8674,8009,8217,8342,8451,8560
CGPOWER,PUT VOL,4132,4892,,,,,,,,,494,1555,2397,4198,4856,5661,6513
CGPOWER,PUT OI,6947,7016,,,,,,,,,6860,6797,6848,6966,7013,7108,7175
CHOLAFIN,PRICE,1845.9,1845.9,,,,1834.8,1838.15,1822.65,1841.15,1831.65,1825.0,1826.0,1823.0,1819.0,1823.0,1813.0,1808.0
CHOLAFIN,VWAP,,,,,,,,,,,1820.68,1820.67,1821.98,1821.82,1821.87,1820.02,1815.4
CHOLAFIN,CASH VOL,1505149,1505149,,53.11,53.11,,,,,,63857,98426,138719,178937,191977,258911,442794
CHOLAFIN,F&O VOL,15657,18702,,,,,,,,,704,1320,1641,2023,2245,2860,4038
CHOLAFIN,F&O OI,30312,30889,,,,,,,,,30416,30489,30519,30640,30680,30818,31052
CHOLAFIN,CALL VOL,5794,6604,,,,,,,,,393,744,897,999,1087,1344,1620
CHOLAFIN,CALL OI,2370,2365,,,,,,,,,2818,2905,2923,2959,2956,2989,2671
CHOLAFIN,PUT VOL,4934,5441,,,,,,,,,149,256,346,490,544,628,942
CHOLAFIN,PUT OI,3407,3648,,,,,,,,,3214,3223,3234,3307,3331,3334,3560
CIPLA,PRICE,1366.0,1366.0,,,,1355.0,1364.12,1360.35,1373.05,1368.35,1353.0,1353.0,1352.0,1355.0,1355.0,1356.0,1355.0
CIPLA,VWAP,,,,,,,,,,,1354.7,1354.3,1353.66,1354.73,1354.75,1354.77,1354.82
CIPLA,CASH VOL,1681155,1681155,,62.08,62.08,,,,,,62992,101033,136786,271209,287559,301488,319568
CIPLA,F&O VOL,22594,15008,,,,,,,,,1403,2390,4086,5700,6185,6454,6849
CIPLA,F&O OI,48441,48760,,,,,,,,,48627,48710,48850,48820,48821,48820,48792
CIPLA,CALL VOL,8629,6381,,,,,,,,,486,866,1495,2131,2174,2438,2556
CIPLA,CALL OI,3333,3093,,,,,,,,,2942,3015,3464,3490,3091,3523,3543
CIPLA,PUT VOL,6175,3612,,,,,,,,,569,984,1714,2293,2591,2523,2681
CIPLA,PUT OI,4407,4008,,,,,,,,,6302,6308,4616,4550,6353,4559,4549
COALINDIA,PRICE,426.4,426.4,,,,426.4,429.25,427.35,425.87,424.8,425.0,424.0,424.0,424.0,424.0,423.0,424.0
COALINDIA,VWAP,,,,,,,,,,,425.13,424.66,424.5,424.44,424.46,424.44,424.4
COALINDIA,CASH VOL,3868222,3868222,,47.38,47.38,,,,,,342360,509849,900261,1007620,1100982,1160121,1252251
COALINDIA,F&O VOL,60070,71099,,,,,,,,,5018,8161,11390,13599,14939,15968,16848
COALINDIA,F&O OI,130030,134030,,,,,,,,,130166,130197,130243,129995,129893,129874,129726
COALINDIA,CALL VOL,28631,33563,,,,,,,,,2436,4216,6010,7072,7862,8462,8930
COALINDIA,CALL OI,25586,26179,,,,,,,,,25800,25912,25940,25831,25791,25832,25782
COALINDIA,PUT VOL,21785,26057,,,,,,,,,1724,2930,3882,4704,5145,5451,5786
COALINDIA,PUT OI,16831,19576,,,,,,,,,16670,16605,16582,16478,16426,16360,16378
COCHINSHIP,PRICE,1381.0,1381.0,,,,1389.0,1441.0,1401.0,1471.9,1411.3,1375.0,1373.0,1371.0,1366.0,1367.0,1364.0,1347.0
COCHINSHIP,VWAP,,,,,,,,,,,1379.26,1378.08,1376.3,1374.35,1373.81,1373.17,1368.67
COCHINSHIP,CASH VOL,6390480,6390480,,40.86,40.86,,,,,,241678,389886,474594,551267,594705,628081,781046
COCHINSHIP,F&O VOL,115908,21104,,,,,,,,,4966,10048,12749,14965,16125,17108,21044
COCHINSHIP,F&O OI,42167,30361,,,,,,,,,42462,42879,43158,43156,43232,43263,43539
COCHINSHIP,CALL VOL,16602,10531,,,,,,,,,1874,3878,4989,5687,6018,6400,6777
COCHINSHIP,CALL OI,3841,5949,,,,,,,,,5419,5235,5368,5392,5440,5443,4645
COCHINSHIP,PUT VOL,38241,4145,,,,,,,,,1224,2224,2729,3304,3649,3774,4738
COCHINSHIP,PUT OI,5102,3693,,,,,,,,,5019,5159,5208,5207,5125,5129,4960
COFORGE,PRICE,1846.5,1846.5,,,,1887.3,1841.98,1832.95,1869.65,1854.22,1872.0,1866.0,1850.0,1788.0,1807.0,1813.0,1819.0
COFORGE,VWAP,,,,,,,,,,,1872.29,1871.1,1856.15,1837.19,1830.33,1828.9,1828.1
COFORGE,CASH VOL,2687329,2687329,,52.76,52.76,,,,,,416939,654559,1103994,1554325,1867360,2029361,2182877
COFORGE,F&O VOL,44358,82726,,,,,,,,,10882,20091,35762,54053,63226,68612,72180
COFORGE,F&O OI,67632,68560,,,,,,,,,68321,69463,70800,71983,72507,72794,72950
COFORGE,CALL VOL,17149,30324,,,,,,,,,4978,8810,13370,11485,23123,25038,26618
COFORGE,CALL OI,7874,8483,,,,,,,,,11141,10615,9547,6506,10406,10525,10513
COFORGE,PUT VOL,11354,21839,,,,,,,,,3042,5889,11673,19085,20803,22179,23232
COFORGE,PUT OI,10191,10022,,,,,,,,,10971,11312,10818,10656,10454,10512,10543
COLPAL,PRICE,1797.4,1797.4,,,,1797.4,1795.27,1791.0,1811.7,1802.17,1802.0,1812.0,1811.0,1812.0,1816.0,1813.0,1814.0
COLPAL,VWAP,,,,,,,,,,,1806.84,1809.9,1810.45,1810.57,1811.24,1811.6,1811.77
COLPAL,CASH VOL,280878,280878,,58.26,58.26,,,,,,15327,24319,36267,47066,54912,60736,69167
COLPAL,F&O VOL,7246,6473,,,,,,,,,890,1875,2525,3129,3671,3954,4385
COLPAL,F&O OI,43384,42726,,,,,,,,,43464,43378,43391,43406,43411,43371,43347
COLPAL,CALL VOL,3680,3923,,,,,,,,,651,1205,1584,1991,2297,2467,2729
COLPAL,CALL OI,7063,6795,,,,,,,,,7132,7087,7092,7105,7104,7087,7073
COLPAL,PUT VOL,1252,960,,,,,,,,,127,294,411,511,616,669,741
COLPAL,PUT OI,5621,5536,,,,,,,,,5614,5586,5604,5595,5581,5557,5563
CONCOR,PRICE,499.25,499.25,,,,499.95,499.11,498.82,503.47,500.66,500.0,497.0,498.0,495.0,497.0,495.0,494.0
CONCOR,VWAP,,,,,,,,,,,500.29,499.22,498.37,497.48,497.39,497.23,496.83
CONCOR,CASH VOL,556686,556686,,38.94,38.94,,,,,,27716,45657,68110,92616,103857,115072,134108
CONCOR,F&O VOL,6344,4055,,,,,,,,,308,636,1051,1405,1646,1845,2120
CONCOR,F&O OI,30103,29671,,,,,,,,,30140,30155,30216,30278,30259,30260,30274
CONCOR,CALL VOL,2883,1694,,,,,,,,,190,373,617,810,957,1019,1110
CONCOR,CALL OI,2978,2767,,,,,,,,,3181,3200,3086,3125,3110,3104,3122
CONCOR,PUT VOL,947,618,,,,,,,,,29,82,125,201,230,246,305
CONCOR,PUT OI,2631,2581,,,,,,,,,2513,2522,2632,2646,2643,2640,2638
CROMPTON,PRICE,231.0,231.0,,,,231.0,230.39,229.16,230.84,230.52,230.0,231.0,231.0,229.0,230.0,229.0,229.0
CROMPTON,VWAP,,,,,,,,,,,230.53,230.76,230.79,230.68,230.62,230.58,230.45
CROMPTON,CASH VOL,1077937,1077937,,42.16,42.16,,,,,,96611,152538,195523,219242,238965,252997,280394
CROMPTON,F&O VOL,6079,4787,,,,,,,,,444,742,1149,1436,1640,1732,2050
CROMPTON,F&O OI,52865,52351,,,,,,,,,52940,52996,52933,52941,52935,52932,52917
CROMPTON,CALL VOL,3119,2144,,,,,,,,,264,435,640,792,888,941,1120
CROMPTON,CALL OI,7259,6986,,,,,,,,,7315,7350,7345,7361,7368,7365,7366
CROMPTON,PUT VOL,1067,1082,,,,,,,,,63,149,260,353,414,430,520
CROMPTON,PUT OI,5702,5733,,,,,,,,,5718,5732,5693,5696,5704,5702,5699
CUMMINSIND,PRICE,5070.0,5070.0,,,,5070.0,5086.25,5075.42,5101.0,5080.33,5040.0,5015.0,5003.0,4985.0,4974.0,4982.0,4980.0
CUMMINSIND,VWAP,,,,,,,,,,,5044.64,5037.84,5026.2,5019.2,5013.55,5005.74,5000.47
CUMMINSIND,CASH VOL,331010,331010,,51.39,51.39,,,,,,23532,33814,47821,57721,66251,80277,94860
CUMMINSIND,F&O VOL,12994,22524,,,,,,,,,1239,2167,3226,4014,4607,5798,6208
CUMMINSIND,F&O OI,42288,41519,,,,,,,,,42275,42460,42606,42712,42806,43075,42902
CUMMINSIND,CALL VOL,6681,10756,,,,,,,,,897,1457,2023,2350,2618,3242,3457
CUMMINSIND,CALL OI,5045,4609,,,,,,,,,4976,5062,5168,5196,5303,5434,5313
CUMMINSIND,PUT VOL,3806,6299,,,,,,,,,179,315,603,832,964,1288,1413
CUMMINSIND,PUT OI,5378,5211,,,,,,,,,5394,5408,5412,5458,5468,5525,5509
DABUR,PRICE,376.0,376.0,,,,379.0,375.52,374.55,375.64,374.93,379.0,382.0,382.0,379.0,383.0,383.0,383.0
DABUR,VWAP,,,,,,,,,,,380.0,382.8,382.58,382.23,382.16,382.57,382.84
DABUR,CASH VOL,863561,863561,,62.71,62.71,,,,,,82597,367834,460267,520788,1163621,1499054,2830846
DABUR,F&O VOL,8267,15556,,,,,,,,,2038,9236,11294,12772,14837,16380,20099
DABUR,F&O OI,51745,51953,,,,,,,,,51396,50760,50925,51047,51179,51290,51915
DABUR,CALL VOL,4695,9014,,,,,,,,,1404,5589,6844,7618,9328,10142,11744
DABUR,CALL OI,10378,10466,,,,,,,,,8542,7951,8043,8055,9525,9620,9725
DABUR,PUT VOL,1531,3095,,,,,,,,,279,2107,2614,3027,3468,3795,4960
DABUR,PUT OI,6957,6946,,,,,,,,,6635,6705,6745,6773,7163,7056,7020
DALBHARAT,PRICE,1746.6,1746.6,,,,1746.6,1741.57,1731.5,1736.73,1717.0,,,,,,,
DALBHARAT,VWAP,,,,,,,,,,,1741.69,1739.07,1735.66,1734.0,1733.38,1732.77,1731.43
DALBHARAT,CASH VOL,41100,41100,,44.4,44.4,,,,,,1148,1801,2777,3574,3964,4395,5343
DALBHARAT,F&O VOL,,,,,,,,,,,,,,,,,
DALBHARAT,F&O OI,,,,,,,,,,,,,,,,,
DALBHARAT,CALL VOL,,,,,,,,,,,,,,,,,
DALBHARAT,CALL OI,,,,,,,,,,,,,,,,,
DALBHARAT,PUT VOL,,,,,,,,,,,,,,,,,
DALBHARAT,PUT OI,,,,,,,,,,,,,,,,,
DELHIVERY,PRICE,439.0,439.0,,,,439.0,441.12,439.71,446.8,441.6,434.0,428.0,429.0,427.0,428.0,426.0,424.0
DELHIVERY,VWAP,,,,,,,,,,,434.75,431.76,430.27,429.83,429.68,429.35,428.92
DELHIVERY,CASH VOL,1047933,1047933,,48.12,48.12,,,,,,163754,330621,533201,640053,699480,779891,873937
DELHIVERY,F&O VOL,7488,4672,,,,,,,,,373,2137,3124,3588,3830,4316,5169
DELHIVERY,F&O OI,21678,21381,,,,,,,,,21703,22075,22251,22225,22235,22197,22371
DELHIVERY,CALL VOL,1468,584,,,,,,,,,168,550,816,961,1032,1089,1360
DELHIVERY,CALL OI,960,2936,,,,,,,,,1867,1305,1424,1445,1449,1319,1426
DELHIVERY,PUT VOL,2181,1196,,,,,,,,,100,1018,1396,1586,1707,1996,2345
DELHIVERY,PUT OI,2847,2182,,,,,,,,,2993,2927,2940,2889,2872,2922,2964
DIVISLAB,PRICE,9322.0,9322.0,,,,9367.5,9362.75,9335.58,9367.25,9337.08,9283.0,9226.0,9237.0,9231.0,9248.0,9261.0,9233.0
DIVISLAB,VWAP,,,,,,,,,,,9292.52,9272.21,9260.0,9255.47,9254.2,9254.01,9252.67
DIVISLAB,CASH VOL,516756,516756,,75.46,75.46,,,,,,20965,29606,41035,48864,54966,63656,76265
DIVISLAB,F&O VOL,48771,49531,,,,,,,,,4074,8312,10719,12501,13476,14738,16426
DIVISLAB,F&O OI,76861,75706,,,,,,,,,76458,75928,75896,75771,75718,75641,75721
DIVISLAB,CALL VOL,16927,16968,,,,,,,,,1416,2818,3672,4103,5120,5609,5658
DIVISLAB,CALL OI,13160,12986,,,,,,,,,14861,13068,13109,13083,14791,14789,13086
DIVISLAB,PUT VOL,14409,15512,,,,,,,,,1755,3205,4088,4388,4530,4996,6032
DIVISLAB,PUT OI,10752,11425,,,,,,,,,9655,10161,10119,10046,9256,9148,9896
DIXON,PRICE,13425.0,13425.0,,,,13490.0,13361.67,13235.0,13704.5,13518.17,13447.0,13558.0,13511.0,13434.0,13424.0,13444.0,13379.0
DIXON,VWAP,,,,,,,,,,,13444.41,13469.9,13479.75,13476.81,13470.9,13468.01,13460.03
DIXON,CASH VOL,549928,549928,,45.45,45.45,,,,,,27602,48988,63618,70281,78096,81925,91740
DIXON,F&O VOL,165990,186710,,,,,,,,,6131,15199,21082,24726,27411,29175,32487
DIXON,F&O OI,152379,150458,,,,,,,,,153445,153279,153588,153785,154286,154424,154501
DIXON,CALL VOL,72146,65107,,,,,,,,,3376,8504,11383,13292,14856,15834,16467
DIXON,CALL OI,23580,21882,,,,,,,,,28906,29068,29296,29526,30098,30120,25523
DIXON,PUT VOL,53586,62183,,,,,,,,,1379,3288,4514,5490,6302,6824,8331
DIXON,PUT OI,19145,18540,,,,,,,,,18538,18604,18635,18648,18553,18634,19142
DLF,PRICE,644.5,644.5,,,,644.5,643.23,640.7,657.5,648.83,643.0,638.0,638.0,634.0,634.0,633.0,632.0
DLF,VWAP,,,,,,,,,,,642.63,640.21,639.42,638.1,637.78,637.31,636.73
DLF,CASH VOL,4502321,4502321,,46.21,46.21,,,,,,156698,262786,356703,512514,554767,620124,690032
DLF,F&O VOL,54002,28034,,,,,,,,,1654,3672,5031,7163,7965,9026,10424
DLF,F&O OI,71429,69192,,,,,,,,,71552,71917,71962,72264,72284,72382,72542
DLF,CALL VOL,20283,8479,,,,,,,,,788,1555,2141,2834,3097,3418,4087
DLF,CALL OI,5154,3906,,,,,,,,,6489,6683,6782,5749,5740,5830,6008
DLF,PUT VOL,18591,8418,,,,,,,,,655,1497,1898,2632,2973,3293,3694
DLF,PUT OI,5685,4750,,,,,,,,,5764,5935,5874,5733,5706,5688,5656
DMART,PRICE,3688.0,3688.0,,,,3692.9,3684.7,3678.1,3709.45,3695.15,3718.0,3720.0,3720.0,3718.0,3723.0,3717.0,3711.0
DMART,VWAP,,,,,,,,,,,3712.94,3712.04,3714.04,3714.62,3715.1,3715.27,3715.07
DMART,CASH VOL,710188,710188,,64.45,64.45,,,,,,45973,66229,95815,104981,112989,118836,128071
DMART,F&O VOL,26226,15002,,,,,,,,,2359,4816,7433,8299,9023,9386,9904
DMART,F&O OI,61180,59695,,,,,,,,,61392,61517,61438,61409,61320,61325,61259
DMART,CALL VOL,11483,7089,,,,,,,,,1331,2457,4009,4531,4889,5044,5258
DMART,CALL OI,8010,8178,,,,,,,,,8148,8061,7968,7973,7894,7886,7863
DMART,PUT VOL,5951,3324,,,,,,,,,568,1481,2072,2228,2367,2437,2613
DMART,PUT OI,7142,6691,,,,,,,,,7321,7683,7741,7761,7748,7757,7759
DRREDDY,PRICE,1165.5,1165.5,,,,1163.7,1162.33,1156.0,1162.33,1156.0,1158.0,1157.0,1160.0,1159.0,1160.0,1166.0,1161.0
DRREDDY,VWAP,,,,,,,,,,,1161.36,1160.82,1159.59,1159.05,1159.09,1160.04,1161.09
DRREDDY,CASH VOL,2403285,2403285,,38.16,38.16,,,,,,87008,156782,331513,470628,525346,677800,823040
DRREDDY,F&O VOL,91886,15690,,,,,,,,,3062,6118,8691,10659,11539,12753,14777
DRREDDY,F&O OI,57692,55870,,,,,,,,,57480,57454,57418,57491,57591,57727,57954
DRREDDY,CALL VOL,54138,8297,,,,,,,,,1812,3218,4327,4983,5411,6074,6908
DRREDDY,CALL OI,7052,7546,,,,,,,,,6821,6842,6842,6923,6946,7523,7149
DRREDDY,PUT VOL,16720,2352,,,,,,,,,774,1797,2567,3044,3253,3530,4033
DRREDDY,PUT OI,5271,4320,,,,,,,,,5210,5102,4982,4901,4908,4784,4871
EICHERMOT,PRICE,7530.0,7530.0,,,,7567.5,7581.5,7547.17,7657.25,7572.42,7547.0,7550.0,7533.0,7491.0,7480.0,7472.0,7473.0
EICHERMOT,VWAP,,,,,,,,,,,7540.12,7544.29,7538.9,7523.75,7518.96,7515.91,7510.64
EICHERMOT,CASH VOL,444280,444280,,62.66,62.66,,,,,,20032,27447,37578,49970,56087,59609,65921
EICHERMOT,F&O VOL,37275,27737,,,,,,,,,2000,3294,5455,8142,9537,10098,12933
EICHERMOT,F&O OI,68194,68445,,,,,,,,,68474,68558,68852,68796,68811,68826,68736
EICHERMOT,CALL VOL,14598,10024,,,,,,,,,941,1633,2555,3710,4180,4402,5950
EICHERMOT,CALL OI,9393,8320,,,,,,,,,9600,9590,9729,9817,9806,9789,9777
EICHERMOT,PUT VOL,14190,11958,,,,,,,,,669,1117,1978,2963,3550,3725,4690
EICHERMOT,PUT OI,13405,13858,,,,,,,,,13400,13465,13565,13485,13522,13554,13677
ETERNAL,PRICE,323.5,323.5,,,,327.5,322.47,320.43,322.63,320.9,324.0,323.0,324.0,322.0,322.0,321.0,320.0
ETERNAL,VWAP,,,,,,,,,,,324.56,323.8,323.8,323.63,323.48,323.41,323.07
ETERNAL,CASH VOL,22712054,22712054,,57.46,57.46,,,,,,1716195,2359752,3200218,3720876,4047390,4193435,4764495
ETERNAL,F&O VOL,61947,33734,,,,,,,,,2762,6295,11435,13039,14842,15537,17561
ETERNAL,F&O OI,103776,104276,,,,,,,,,103866,104199,104411,104500,104501,104661,104610
ETERNAL,CALL VOL,27961,14314,,,,,,,,,1292,3364,6348,6932,8286,8260,9215
ETERNAL,CALL OI,19752,19867,,,,,,,,,22133,22298,22398,20099,22606,20250,20453
ETERNAL,PUT VOL,19008,10975,,,,,,,,,664,1628,3034,3464,4099,4297,4980
ETERNAL,PUT OI,10640,10378,,,,,,,,,10546,10625,10789,10825,10644,10790,10751
FEDERALBNK,PRICE,344.5,344.5,,,,344.45,344.08,343.23,343.77,342.33,343.0,342.0,342.0,340.0,340.0,339.0,339.0
FEDERALBNK,VWAP,,,,,,,,,,,342.73,342.7,342.55,342.36,342.26,342.04,341.81
FEDERALBNK,CASH VOL,3188640,3188640,,56.28,56.28,,,,,,299513,379197,497250,558309,592541,652919,722380
FEDERALBNK,F&O VOL,14010,12177,,,,,,,,,1411,2098,3332,4109,4857,5629,6234
FEDERALBNK,F&O OI,53447,52796,,,,,,,,,53478,53480,53443,53526,53581,53654,53690
FEDERALBNK,CALL VOL,6599,5820,,,,,,,,,771,1265,1862,2346,2748,3104,3403
FEDERALBNK,CALL OI,8532,8299,,,,,,,,,9384,9463,8582,8676,8742,8824,8840
FEDERALBNK,PUT VOL,4488,3568,,,,,,,,,361,547,877,1068,1324,1505,1674
FEDERALBNK,PUT OI,6041,5840,,,,,,,,,6120,6154,6098,6076,6058,6040,6031
FORCEMOT,PRICE,17705.0,17705.0,,,,17710.0,17839.0,17749.67,17839.5,17749.83,17666.0,17612.0,17619.0,17536.0,17545.0,17539.0,17488.0
FORCEMOT,VWAP,,,,,,,,,,,17680.25,17641.04,17626.54,17607.57,17602.78,17600.83,17587.87
FORCEMOT,CASH VOL,65131,65131,,37.77,37.77,,,,,,7164,13402,17096,20473,22190,22774,25974
FORCEMOT,F&O VOL,26258,108911,,,,,,,,,1193,2106,3056,3846,4118,4216,4957
FORCEMOT,F&O OI,20857,21021,,,,,,,,,20917,20958,21115,20979,20921,20924,20950
FORCEMOT,CALL VOL,12159,70365,,,,,,,,,895,1548,2177,2630,2812,2856,3240
FORCEMOT,CALL OI,6244,5553,,,,,,,,,6301,6313,6455,6351,6323,6336,6366
FORCEMOT,PUT VOL,10000,22388,,,,,,,,,128,230,470,643,687,706,1047
FORCEMOT,PUT OI,2983,3997,,,,,,,,,2993,2983,2973,2975,2960,2960,2994
FORTIS,PRICE,887.8,887.8,,,,894.0,892.5,889.37,901.7,892.43,890.0,893.0,894.0,887.0,890.0,890.0,889.0
FORTIS,VWAP,,,,,,,,,,,890.33,891.8,892.97,891.89,891.7,891.59,891.38
FORTIS,CASH VOL,784589,784589,,45.2,45.2,,,,,,28819,68235,138374,189611,204307,222938,243855
FORTIS,F&O VOL,10959,4921,,,,,,,,,449,864,1466,2010,2124,2275,2383
FORTIS,F&O OI,21061,20681,,,,,,,,,21128,21092,21115,21143,21149,21149,21156
FORTIS,CALL VOL,3989,1526,,,,,,,,,289,537,839,1074,1131,1183,1229
FORTIS,CALL OI,1365,1339,,,,,,,,,1408,1364,1360,1359,1362,1367,1357
FORTIS,PUT VOL,4276,1579,,,,,,,,,99,220,373,520,537,578,613
FORTIS,PUT OI,1696,1653,,,,,,,,,1709,1703,1708,1686,1684,1683,1680
GAIL,PRICE,173.62,173.62,,,,173.62,174.09,173.78,175.05,174.1,173.0,172.0,172.0,172.0,172.0,172.0,171.0
GAIL,VWAP,,,,,,,,,,,173.28,173.03,172.77,172.73,172.69,172.65,172.58
GAIL,CASH VOL,6770227,6770227,,70.78,70.78,,,,,,477217,797795,1098958,1273696,1488061,1621764,1829004
GAIL,F&O VOL,7045,9234,,,,,,,,,375,1092,1975,2616,2886,3248,3520
GAIL,F&O OI,34027,34358,,,,,,,,,34003,34041,33963,34191,34208,34248,34256
GAIL,CALL VOL,3680,4826,,,,,,,,,216,586,983,1440,1559,1697,1843
GAIL,CALL OI,5584,5723,,,,,,,,,5562,5534,5547,5765,5785,5791,5809
GAIL,PUT VOL,1959,2312,,,,,,,,,93,285,528,625,693,766,825
GAIL,PUT OI,3299,3409,,,,,,,,,3281,3297,3284,3294,3314,3322,3319
GLENMARK,PRICE,2419.2,2419.2,,,,2420.8,2415.47,2408.0,2438.05,2425.48,2405.0,2400.0,2400.0,2393.0,2394.0,2391.0,2386.0
GLENMARK,VWAP,,,,,,,,,,,2411.47,2406.15,2404.28,2401.7,2400.67,2399.88,2397.1
GLENMARK,CASH VOL,346692,346692,,55.31,55.31,,,,,,18277,34608,45041,57219,65242,70821,85157
GLENMARK,F&O VOL,6526,4109,,,,,,,,,218,871,1037,1614,1779,2026,2450
GLENMARK,F&O OI,39196,38925,,,,,,,,,39232,39267,39291,39417,39417,39455,39410
GLENMARK,CALL VOL,2294,935,,,,,,,,,106,455,528,820,905,1100,894
GLENMARK,CALL OI,2341,2253,,,,,,,,,3372,3319,3323,3399,3408,3448,2412
GLENMARK,PUT VOL,1212,990,,,,,,,,,45,139,163,210,230,249,323
GLENMARK,PUT OI,1772,1856,,,,,,,,,1817,1838,1840,1850,1843,1842,1791
GMRAIRPORT,PRICE,97.98,97.98,,,,98.0,97.53,96.63,97.66,97.0,96.0,95.0,95.0,94.0,94.0,95.0,94.0
GMRAIRPORT,VWAP,,,,,,,,,,,96.38,95.79,95.54,95.39,95.35,95.31,95.27
GMRAIRPORT,CASH VOL,7112955,7112955,,56.83,56.83,,,,,,1106110,1648746,2160709,2646793,2792353,2983516,3233101
GMRAIRPORT,F&O VOL,4786,4284,,,,,,,,,531,1781,2923,3636,4003,4347,4672
GMRAIRPORT,F&O OI,37705,37643,,,,,,,,,37817,37978,38141,38274,38325,38407,38450
GMRAIRPORT,CALL VOL,1701,1588,,,,,,,,,231,649,1065,1253,1379,1547,1666
GMRAIRPORT,CALL OI,3817,3758,,,,,,,,,4025,3964,4121,4203,4243,4307,4343
GMRAIRPORT,PUT VOL,898,994,,,,,,,,,120,504,793,1092,1193,1277,1381
GMRAIRPORT,PUT OI,5822,5834,,,,,,,,,5631,5786,5785,5802,5788,5789,5829
GODFRYPHLP,PRICE,1927.0,1927.0,,,,1931.0,1943.5,1932.5,1990.05,1948.02,1951.0,1945.0,1944.0,1929.0,1936.0,1930.0,1927.0
GODFRYPHLP,VWAP,,,,,,,,,,,1944.42,1945.38,1944.64,1941.84,1940.64,1940.26,1939.34
GODFRYPHLP,CASH VOL,229401,229401,,45.17,45.17,,,,,,22853,34415,45761,56261,63059,65511,70098
GODFRYPHLP,F&O VOL,3662,2554,,,,,,,,,180,382,533,841,912,932,991
GODFRYPHLP,F&O OI,10765,10193,,,,,,,,,10773,10759,10766,10764,10767,10775,10797
GODFRYPHLP,CALL VOL,1999,1237,,,,,,,,,109,215,319,480,526,541,572
GODFRYPHLP,CALL OI,2496,2094,,,,,,,,,2491,2505,2511,2463,2460,2465,2481
GODFRYPHLP,PUT VOL,902,612,,,,,,,,,20,75,96,168,174,174,182
GODFRYPHLP,PUT OI,1431,1322,,,,,,,,,1427,1416,1420,1454,1457,1457,1462
GODREJCP,PRICE,865.0,865.0,,,,867.0,865.8,865.27,867.1,865.7,870.0,871.0,871.0,866.0,869.0,871.0,869.0
GODREJCP,VWAP,,,,,,,,,,,870.48,872.09,871.72,871.32,871.18,871.16,870.78
GODREJCP,CASH VOL,772816,772816,,54.54,54.54,,,,,,91804,161800,200466,218030,228382,273039,388489
GODREJCP,F&O VOL,8266,8875,,,,,,,,,1062,2455,3532,3864,4139,4626,5085
GODREJCP,F&O OI,53684,53994,,,,,,,,,53662,53623,53657,53730,53729,53670,53750
GODREJCP,CALL VOL,3625,3860,,,,,,,,,790,1614,2287,2489,2646,2952,3152
GODREJCP,CALL OI,7118,6789,,,,,,,,,7054,7012,7076,7131,7153,7097,7136
GODREJCP,PUT VOL,1665,1892,,,,,,,,,85,251,468,495,542,634,750
GODREJCP,PUT OI,6467,6490,,,,,,,,,6466,6442,6431,6426,6410,6404,6414
GODREJPROP,PRICE,1748.0,1748.0,,,,1754.0,1787.0,1761.0,1851.5,1782.5,1744.0,1718.0,1718.0,1689.0,1694.0,1692.0,1689.0
GODREJPROP,VWAP,,,,,,,,,,,1728.07,1724.65,1719.94,1710.74,1706.15,1704.84,1703.32
GODREJPROP,CASH VOL,2684348,2684348,,29.45,29.45,,,,,,85680,118684,171445,257389,351267,386099,426342
GODREJPROP,F&O VOL,93058,20266,,,,,,,,,3371,5875,9179,14476,18354,20635,22558
GODREJPROP,F&O OI,54310,45148,,,,,,,,,54601,54948,55535,56447,56905,57111,57344
GODREJPROP,CALL VOL,11265,4405,,,,,,,,,1083,1785,2551,2792,5705,6449,4928
GODREJPROP,CALL OI,1473,2578,,,,,,,,,2867,3103,3129,2210,3763,3831,2518
GODREJPROP,PUT VOL,32891,5402,,,,,,,,,925,1582,2626,4511,6135,6854,7359
GODREJPROP,PUT OI,3223,3287,,,,,,,,,3972,3976,4184,3531,4447,4504,3690
GRASIM,PRICE,3281.9,3281.9,,,,3263.3,3284.7,3282.83,3297.35,3287.05,3246.0,3233.0,3226.0,3218.0,3218.0,3218.0,3213.0
GRASIM,VWAP,,,,,,,,,,,3246.78,3242.48,3233.22,3230.86,3229.67,3229.15,3224.26
GRASIM,CASH VOL,515990,515990,,63.08,63.08,,,,,,83596,114848,206777,250822,282562,295556,421797
GRASIM,F&O VOL,29735,12849,,,,,,,,,3066,5869,9150,11135,12201,12485,14130
GRASIM,F&O OI,50389,44863,,,,,,,,,49860,49818,49829,49817,49889,49928,49937
GRASIM,CALL VOL,4375,3425,,,,,,,,,703,1623,2413,2798,3128,3214,3687
GRASIM,CALL OI,3667,3435,,,,,,,,,3910,4071,4023,4070,4119,4103,4155
GRASIM,PUT VOL,4120,2316,,,,,,,,,305,808,1431,1820,2037,2089,2362
GRASIM,PUT OI,2351,2344,,,,,,,,,2243,2243,2341,2336,2331,2330,2341
GVT&D,PRICE,4548.1,4548.1,,,,4520.0,4528.2,4488.4,4573.05,4556.42,4473.0,4440.0,4415.0,4394.0,4377.0,4387.0,4338.0
GVT&D,VWAP,,,,,,,,,,,4459.67,4451.15,4437.94,4429.77,4422.4,4413.66,4403.79
GVT&D,CASH VOL,588462,588462,,42.74,42.74,,,,,,70890,115460,167907,202386,234020,273388,325300
GVT&D,F&O VOL,30953,43422,,,,,,,,,2541,5461,10387,13132,15054,17732,21570
GVT&D,F&O OI,51403,51660,,,,,,,,,51807,52055,53018,53437,53461,53625,53690
GVT&D,CALL VOL,9761,12189,,,,,,,,,1094,1911,3356,4372,4986,6036,7275
GVT&D,CALL OI,8699,9031,,,,,,,,,12554,9535,9907,10144,10298,10253,9478
GVT&D,PUT VOL,11503,18595,,,,,,,,,909,2261,4406,5443,6418,7347,8879
GVT&D,PUT OI,9986,10085,,,,,,,,,9651,10215,10419,10485,10304,10274,10162
HAL,PRICE,4905.0,4905.0,,,,4920.0,4904.17,4902.5,4966.4,4925.47,4885.0,4824.0,4826.0,4781.0,4777.0,4797.0,4732.0
HAL,VWAP,,,,,,,,,,,4884.94,4861.01,4849.64,4834.31,4827.36,4823.22,4809.44
HAL,CASH VOL,762754,762754,,57.15,57.15,,,,,,60334,99408,128228,168781,191916,210173,263098
HAL,F&O VOL,54398,73116,,,,,,,,,4659,12396,17593,24282,28773,31523,39686
HAL,F&O OI,82626,79947,,,,,,,,,82760,82949,83453,84091,84342,84382,85231
HAL,CALL VOL,16836,15170,,,,,,,,,2340,4391,6117,8615,10128,11038,12681
HAL,CALL OI,9417,8111,,,,,,,,,14983,11337,11538,11892,11976,12009,10846
HAL,PUT VOL,16839,21186,,,,,,,,,1107,3941,5561,7914,9568,10323,13921
HAL,PUT OI,12226,11409,,,,,,,,,12567,11603,11635,11571,11668,11625,12166
HAVELLS,PRICE,1111.0,1111.0,,,,1117.0,1109.15,1105.45,1127.95,1116.65,1113.0,1107.0,1109.0,1106.0,1104.0,1103.0,1099.0
HAVELLS,VWAP,,,,,,,,,,,1109.43,1109.08,1108.99,1108.26,1107.94,1107.56,1106.73
HAVELLS,CASH VOL,699007,699007,,61.47,61.47,,,,,,61119,84012,107487,136005,152726,166201,188760
HAVELLS,F&O VOL,12757,11225,,,,,,,,,1300,1992,3044,3737,4110,4376,4867
HAVELLS,F&O OI,39481,38769,,,,,,,,,39723,39585,39690,39530,39550,39645,39704
HAVELLS,CALL VOL,6097,5413,,,,,,,,,714,1142,1723,2018,2215,2329,2644
HAVELLS,CALL OI,5392,5246,,,,,,,,,5477,5522,5514,5515,5485,5552,5587
HAVELLS,PUT VOL,2329,2417,,,,,,,,,204,319,544,656,721,748,839
HAVELLS,PUT OI,4026,4051,,,,,,,,,4025,4023,4028,4036,4041,4045,4052
HCLTECH,PRICE,1206.1,1206.1,,,,1252.0,1209.55,1207.25,1242.85,1218.35,1269.0,1288.0,1286.0,1274.0,1281.0,1282.0,1282.0
HCLTECH,VWAP,,,,,,,,,,,1271.8,1278.61,1279.94,1279.1,1279.17,1279.21,1279.22
HCLTECH,CASH VOL,2272845,2272845,,49.59,49.59,,,,,,793587,1419912,1832873,2167425,2329437,2414148,2550410
HCLTECH,F&O VOL,59353,70203,,,,,,,,,28565,58380,75908,90030,99219,104614,110955
HCLTECH,F&O OI,110265,108241,,,,,,,,,109357,112177,112874,111115,111768,112531,112545
HCLTECH,CALL VOL,21757,21483,,,,,,,,,14164,27199,32333,36093,40832,42752,45627
HCLTECH,CALL OI,13375,11805,,,,,,,,,12419,13241,12723,12437,13197,13401,12890
HCLTECH,PUT VOL,13440,19092,,,,,,,,,3354,9239,14808,22539,22278,23884,25870
HCLTECH,PUT OI,6353,6337,,,,,,,,,7874,10002,11014,10102,9775,10260,10658
HDFCAMC,PRICE,2403.9,2403.9,,,,2416.9,2401.05,2395.35,2419.85,2409.22,2412.0,2407.0,2406.0,2402.0,2401.0,2400.0,2397.0
HDFCAMC,VWAP,,,,,,,,,,,2412.48,2411.31,2408.93,2408.31,2407.69,2405.65,2405.35
HDFCAMC,CASH VOL,677643,677643,,55.36,55.36,,,,,,42104,73890,110231,119514,185152,190559,198447
HDFCAMC,F&O VOL,10621,10388,,,,,,,,,403,771,1142,1567,1776,1960,2236
HDFCAMC,F&O OI,37454,37067,,,,,,,,,37494,37529,37547,37508,37512,37521,37587
HDFCAMC,CALL VOL,6121,6160,,,,,,,,,293,518,757,1028,1133,1215,1385
HDFCAMC,CALL OI,4609,4462,,,,,,,,,4621,4623,4618,4584,4600,4607,4670
HDFCAMC,PUT VOL,2100,1970,,,,,,,,,30,81,143,226,301,340,396
HDFCAMC,PUT OI,4524,4443,,,,,,,,,4525,4526,4542,4533,4509,4514,4528
HDFCBANK,PRICE,708.25,708.25,,,,722.4,703.98,695.45,704.65,697.45,727.0,721.0,722.0,726.0,722.0,721.0,720.0
HDFCBANK,VWAP,,,,,,,,,,,727.04,725.99,725.54,725.69,725.64,725.43,725.15
HDFCBANK,CASH VOL,31411934,31411934,,47.31,47.31,,,,,,14610912,17591808,20814606,24858144,26532365,27777193,29604243
HDFCBANK,F&O VOL,1009637,380742,,,,,,,,,221800,313990,409115,484863,555888,588077,624863
HDFCBANK,F&O OI,1105851,1068218,,,,,,,,,1097042,1091605,1094126,1093263,1097450,1098875,1098248
HDFCBANK,CALL VOL,575729,207440,,,,,,,,,110770,148390,194242,235187,266318,279747,298092
HDFCBANK,CALL OI,203437,192872,,,,,,,,,199429,192340,196620,195308,195306,196753,196722
HDFCBANK,PUT VOL,205755,78849,,,,,,,,,55269,91244,114145,135613,163431,173660,187985
HDFCBANK,PUT OI,111700,102787,,,,,,,,,109999,114475,110844,112989,116323,115527,115530
HDFCLIFE,PRICE,530.0,530.0,,,,530.0,528.28,524.85,529.42,528.25,529.0,529.0,527.0,526.0,527.0,525.0,522.0
HDFCLIFE,VWAP,,,,,,,,,,,528.71,528.68,528.42,528.11,528.01,527.96,527.51
HDFCLIFE,CASH VOL,4127867,4127867,,62.15,62.15,,,,,,216477,411862,482490,553034,596684,617183,693146
HDFCLIFE,F&O VOL,34716,55518,,,,,,,,,2356,4009,5177,6007,6382,6771,8029
HDFCLIFE,F&O OI,89711,91005,,,,,,,,,90059,90025,90167,90341,90406,90462,90470
HDFCLIFE,CALL VOL,16976,26756,,,,,,,,,1191,1864,2421,2753,2901,3028,3657
HDFCLIFE,CALL OI,12900,12963,,,,,,,,,13245,13324,13186,13284,13331,13325,13403
HDFCLIFE,PUT VOL,9945,14242,,,,,,,,,517,990,1471,1664,1789,1921,2209
HDFCLIFE,PUT OI,10949,10919,,,,,,,,,8528,8467,10978,10983,10970,11014,11008
HEROMOTOCO,PRICE,5221.5,5221.5,,,,5287.5,5219.17,5214.5,5258.25,5233.75,5314.0,5323.0,5303.0,5274.0,5257.0,5248.0,5280.0
HEROMOTOCO,VWAP,,,,,,,,,,,5297.77,5304.21,5303.04,5298.19,5291.43,5288.72,5286.78
HEROMOTOCO,CASH VOL,251663,251663,,52.46,52.46,,,,,,63687,98247,123680,156486,187826,198830,221387
HEROMOTOCO,F&O VOL,20518,29990,,,,,,,,,3286,6805,9518,11766,13559,14810,16474
HEROMOTOCO,F&O OI,59030,58742,,,,,,,,,58832,58928,58844,58902,59166,59290,59170
HEROMOTOCO,CALL VOL,10058,14486,,,,,,,,,2432,4798,6393,7580,8344,8483,9912
HEROMOTOCO,CALL OI,15606,15324,,,,,,,,,15349,15348,15322,15377,15487,13779,15441
HEROMOTOCO,PUT VOL,7627,10148,,,,,,,,,497,1328,2071,2740,3411,3754,4310
HEROMOTOCO,PUT OI,9635,9427,,,,,,,,,9647,9706,9718,9661,9657,9326,9656
HINDALCO,PRICE,981.5,981.5,,,,980.1,982.95,981.98,1002.75,988.58,971.0,974.0,973.0,972.0,975.0,972.0,972.0
HINDALCO,VWAP,,,,,,,,,,,973.54,973.72,973.64,973.61,973.69,973.62,973.47
HINDALCO,CASH VOL,4754493,4754493,,56.75,56.75,,,,,,401814,544957,635242,701974,753692,805277,885781
HINDALCO,F&O VOL,73495,30364,,,,,,,,,5262,8634,10581,12225,13289,14722,15836
HINDALCO,F&O OI,105092,102671,,,,,,,,,105371,105689,106091,106369,106406,106366,106379
HINDALCO,CALL VOL,35777,11032,,,,,,,,,2449,4524,5453,6238,6740,7492,8083
HINDALCO,CALL OI,12853,10902,,,,,,,,,13197,13603,13764,13934,13967,13989,14110
HINDALCO,PUT VOL,25639,8763,,,,,,,,,2042,2851,3436,3892,4298,4722,5074
HINDALCO,PUT OI,12728,12204,,,,,,,,,12686,12732,12809,12804,12792,12738,12749
HINDPETRO,PRICE,352.0,352.0,,,,352.65,350.5,347.5,350.83,348.5,351.0,353.0,353.0,353.0,354.0,351.0,351.0
HINDPETRO,VWAP,,,,,,,,,,,351.79,352.32,352.44,352.87,353.13,353.04,352.93
HINDPETRO,CASH VOL,5835890,5835890,,39.72,39.72,,,,,,231382,352649,407502,658791,771052,865705,938680
HINDPETRO,F&O VOL,24809,7791,,,,,,,,,697,1225,1538,3185,3706,4033,4192
HINDPETRO,F&O OI,32978,32823,,,,,,,,,32936,32948,32990,33003,32985,32950,32876
HINDPETRO,CALL VOL,10598,2866,,,,,,,,,326,549,661,1301,1539,1665,1733
HINDPETRO,CALL OI,4368,4418,,,,,,,,,4353,4318,4304,4274,4260,4246,4256
HINDPETRO,PUT VOL,7938,2910,,,,,,,,,270,451,578,1143,1309,1410,1483
HINDPETRO,PUT OI,4296,4251,,,,,,,,,4275,4301,4328,4371,4359,4343,4344
HINDUNILVR,PRICE,1927.0,1927.0,,,,1944.0,1936.4,1930.13,1958.5,1937.5,1948.0,1955.0,1955.0,1947.0,1951.0,1947.0,1946.0
HINDUNILVR,VWAP,,,,,,,,,,,1950.52,1954.6,1954.83,1954.02,1953.8,1953.59,1953.23
HINDUNILVR,CASH VOL,1100313,1100313,,60.65,60.65,,,,,,140393,220411,264400,318956,334469,353108,372697
HINDUNILVR,F&O VOL,33152,34661,,,,,,,,,5690,14305,17624,20058,21022,22421,23531
HINDUNILVR,F&O OI,117919,119409,,,,,,,,,117736,117280,117614,117934,118024,118080,117953
HINDUNILVR,CALL VOL,18702,14517,,,,,,,,,3517,8834,10609,11410,12571,12796,13515
HINDUNILVR,CALL OI,20141,21071,,,,,,,,,21368,20950,21128,19584,21349,19655,19700
HINDUNILVR,PUT VOL,7194,11935,,,,,,,,,1368,3399,4079,4760,4847,5323,5666
HINDUNILVR,PUT OI,15233,15347,,,,,,,,,16020,16098,16047,15385,16004,15449,15426
HINDZINC,PRICE,576.45,576.45,,,,574.95,575.78,574.42,588.22,580.38,571.0,570.0,571.0,570.0,569.0,568.0,568.0
HINDZINC,VWAP,,,,,,,,,,,571.82,571.15,571.03,570.79,570.69,570.54,570.41
HINDZINC,CASH VOL,7158790,7158790,,42.21,42.21,,,,,,300013,535645,639577,759807,838372,910177,968272
HINDZINC,F&O VOL,73758,38398,,,,,,,,,3113,6210,7672,8708,9451,10252,10791
HINDZINC,F&O OI,62812,59797,,,,,,,,,62775,62825,62909,62876,62782,62874,62821
HINDZINC,CALL VOL,29059,13485,,,,,,,,,1365,3087,3684,4130,4482,4830,5049
HINDZINC,CALL OI,11210,9288,,,,,,,,,11470,11680,11762,11779,11740,11810,11818
HINDZINC,PUT VOL,26976,10804,,,,,,,,,1152,1828,2151,2384,2572,2836,2946
HINDZINC,PUT OI,10495,10802,,,,,,,,,10300,10303,10330,10281,10259,10267,10240
HYUNDAI,PRICE,2174.0,2174.0,,,,2187.9,2183.05,2177.02,2189.75,2179.25,2210.0,2213.0,2213.0,2204.0,2201.0,2188.0,2188.0
HYUNDAI,VWAP,,,,,,,,,,,2203.91,2207.61,2209.68,2209.55,2206.89,2204.36,2203.12
HYUNDAI,CASH VOL,484805,484805,,49.58,49.58,,,,,,36260,63699,92473,110847,168150,204181,219452
HYUNDAI,F&O VOL,6092,12264,,,,,,,,,329,728,1197,1565,1933,2387,2678
HYUNDAI,F&O OI,25296,25385,,,,,,,,,25353,25391,25414,25464,25496,25572,25573
HYUNDAI,CALL VOL,1702,5463,,,,,,,,,204,495,712,940,1119,1066,1142
HYUNDAI,CALL OI,2434,2500,,,,,,,,,3692,3590,3560,3661,3670,2454,2428
HYUNDAI,PUT VOL,805,1741,,,,,,,,,12,17,89,207,275,338,388
HYUNDAI,PUT OI,3515,3580,,,,,,,,,3658,2521,2548,3715,3715,3568,3552
ICICIBANK,PRICE,1379.3,1379.3,,,,1379.3,1378.97,1378.3,1401.0,1386.53,1373.0,1365.0,1364.0,1356.0,1356.0,1357.0,1357.0
ICICIBANK,VWAP,,,,,,,,,,,1373.7,1371.41,1369.45,1366.96,1365.54,1364.83,1364.37
ICICIBANK,CASH VOL,7064417,7064417,,63.26,63.26,,,,,,1351862,1611355,1937658,2341805,2591964,2768480,2922167
ICICIBANK,F&O VOL,129524,117873,,,,,,,,,12161,25451,37241,47207,53552,62633,66241
ICICIBANK,F&O OI,248808,247477,,,,,,,,,250393,251471,253006,254187,254943,256910,257477
ICICIBANK,CALL VOL,32738,29869,,,,,,,,,5268,10466,,16622,19303,22361,23865
ICICIBANK,CALL OI,14695,13413,,,,,,,,,20077,21038,,18121,18541,19109,19388
ICICIBANK,PUT VOL,37710,38006,,,,,,,,,3159,7822,,13531,15555,17765,18783
ICICIBANK,PUT OI,18828,18145,,,,,,,,,20552,20330,,18493,18462,18348,18336
ICICIGI,PRICE,1459.8,1459.8,,,,1460.0,1457.98,1454.35,1480.35,1466.65,1461.0,1453.0,1451.0,1445.0,1447.0,1448.0,1445.0
ICICIGI,VWAP,,,,,,,,,,,1455.0,1454.26,1453.72,1453.05,1452.8,1452.65,1452.45
ICICIGI,CASH VOL,663654,663654,,59.04,59.04,,,,,,56155,82952,107417,117082,124796,128563,132685
ICICIGI,F&O VOL,8803,3987,,,,,,,,,919,1422,2558,2807,3038,3580,3724
ICICIGI,F&O OI,34239,33360,,,,,,,,,34343,34465,34685,34724,34731,34748,34781
ICICIGI,CALL VOL,3364,1515,,,,,,,,,462,674,1242,1328,1416,1878,1963
ICICIGI,CALL OI,2545,2166,,,,,,,,,2940,3004,2722,2741,2731,2757,2795
ICICIGI,PUT VOL,1854,836,,,,,,,,,78,172,441,494,549,579,596
ICICIGI,PUT OI,2813,2735,,,,,,,,,3193,3176,2816,2823,2831,2834,2843
ICICIPRULI,PRICE,471.5,471.5,,,,471.6,470.46,468.38,473.65,472.22,471.0,470.0,470.0,469.0,470.0,469.0,467.0
ICICIPRULI,VWAP,,,,,,,,,,,469.94,469.89,470.23,470.09,470.05,469.99,469.69
ICICIPRULI,CASH VOL,1354875,1354875,,56.47,56.47,,,,,,33305,59553,118319,151257,175773,190379,220959
ICICIPRULI,F&O VOL,8865,13530,,,,,,,,,461,787,1038,1351,1438,1585,1914
ICICIPRULI,F&O OI,30864,31535,,,,,,,,,30878,30905,30943,30929,30940,31005,31042
ICICIPRULI,CALL VOL,3638,5887,,,,,,,,,172,291,,525,565,633,678
ICICIPRULI,CALL OI,1850,2067,,,,,,,,,2055,2074,,2076,2071,2092,1897
ICICIPRULI,PUT VOL,1586,2649,,,,,,,,,154,259,,339,357,371,473
ICICIPRULI,PUT OI,2682,2644,,,,,,,,,2464,2451,,2462,2466,2468,2631
IDEA,PRICE,14.97,14.97,,,,15.06,15.02,14.99,15.3,15.08,14.0,14.0,14.0,14.0,14.0,14.0,14.0
IDEA,VWAP,,,,,,,,,,,14.92,14.86,14.85,14.83,14.83,14.82,14.81
IDEA,CASH VOL,547907103,547907103,,27.88,27.88,,,,,,45459246,74402159,93649419,116186595,124662117,133794297,151091969
IDEA,F&O VOL,51338,63631,,,,,,,,,2446,5081,8446,14294,15053,15737,16994
IDEA,F&O OI,134393,130777,,,,,,,,,134783,135195,134957,135432,135470,135401,135445
IDEA,CALL VOL,30891,32284,,,,,,,,,1537,3113,,9403,9837,10281,10853
IDEA,CALL OI,28353,27312,,,,,,,,,28545,28645,,28781,28788,28691,28687
IDEA,PUT VOL,8851,13000,,,,,,,,,361,885,,2311,2495,2592,2785
IDEA,PUT OI,12951,11975,,,,,,,,,12911,13013,,12726,12727,12732,12711
IDFCFIRSTB,PRICE,86.21,86.21,,,,86.56,86.16,86.07,86.41,86.27,86.0,85.0,85.0,85.0,85.0,85.0,85.0
IDFCFIRSTB,VWAP,,,,,,,,,,,86.11,86.02,85.93,85.83,85.8,85.79,85.79
IDFCFIRSTB,CASH VOL,13937814,13937814,,61.64,61.64,,,,,,1295699,1714496,2177790,2553615,2911538,3318349,4454174
IDFCFIRSTB,F&O VOL,14653,19714,,,,,,,,,1135,1964,3271,4735,5480,5957,6805
IDFCFIRSTB,F&O OI,68201,67946,,,,,,,,,68186,68156,68205,68266,68291,68302,68250
IDFCFIRSTB,CALL VOL,5645,8786,,,,,,,,,441,869,1299,2010,2484,2680,3056
IDFCFIRSTB,CALL OI,11026,10930,,,,,,,,,11066,11105,10108,10245,11271,11299,11284
IDFCFIRSTB,PUT VOL,4611,5644,,,,,,,,,163,353,650,1034,1112,1231,1531
IDFCFIRSTB,PUT OI,7763,7786,,,,,,,,,7753,7731,8655,8555,7643,7634,7623
IEX,PRICE,113.88,113.88,,,,113.88,114.45,114.07,116.44,114.73,113.0,113.0,113.0,113.0,113.0,113.0,113.0
IEX,VWAP,,,,,,,,,,,113.48,113.53,113.58,113.5,113.47,113.46,113.44
IEX,CASH VOL,6657040,6657040,,48.81,48.81,,,,,,269488,474975,638091,814679,948829,985456,1173029
IEX,F&O VOL,10864,4264,,,,,,,,,477,932,1593,2410,2766,2939,3116
IEX,F&O OI,32162,30750,,,,,,,,,32275,32351,32461,32495,32501,32518,32518
IEX,CALL VOL,5107,2254,,,,,,,,,209,451,780,1023,1161,1219,1291
IEX,CALL OI,5680,4932,,,,,,,,,5776,5842,5982,6045,6074,6097,6108
IEX,PUT VOL,3256,880,,,,,,,,,184,319,537,946,1122,1181,1226
IEX,PUT OI,3634,3047,,,,,,,,,3629,3607,3562,3561,3521,3503,3494
INDHOTEL,PRICE,718.5,718.5,,,,724.0,717.22,714.67,717.69,716.08,731.0,726.0,726.0,725.0,731.0,730.0,726.0
INDHOTEL,VWAP,,,,,,,,,,,732.57,730.61,729.7,729.25,729.76,729.9,729.73
INDHOTEL,CASH VOL,1019599,1019599,,54.17,54.17,,,,,,441268,591343,693459,749812,980818,1099726,1441743
INDHOTEL,F&O VOL,6064,10096,,,,,,,,,3456,4533,5159,5610,6781,7657,8523
INDHOTEL,F&O OI,39087,38891,,,,,,,,,39219,39164,39184,39189,39171,39240,39185
INDHOTEL,CALL VOL,3205,5001,,,,,,,,,1709,2314,2608,2861,3405,3817,4252
INDHOTEL,CALL OI,4537,4458,,,,,,,,,4439,4437,4445,4451,4428,4476,4397
INDHOTEL,PUT VOL,1581,2780,,,,,,,,,686,899,1101,1195,1664,1956,2246
INDHOTEL,PUT OI,2831,2869,,,,,,,,,2876,2857,2854,2861,2871,2912,2918
INDIANB,PRICE,853.5,853.5,,,,854.2,851.45,847.35,859.27,855.43,854.0,850.0,850.0,845.0,846.0,845.0,845.0
INDIANB,VWAP,,,,,,,,,,,855.07,852.94,851.37,850.39,850.06,849.82,849.35
INDIANB,CASH VOL,1579708,1579708,,48.98,48.98,,,,,,49788,89401,131519,158938,172837,180259,202573
INDIANB,F&O VOL,18967,14158,,,,,,,,,425,1164,1912,2369,2480,2637,3117
INDIANB,F&O OI,24087,23588,,,,,,,,,24137,24143,24130,24138,24127,24136,24093
INDIANB,CALL VOL,6576,5087,,,,,,,,,227,656,,1018,1086,1156,1164
INDIANB,CALL OI,2743,2700,,,,,,,,,4594,4577,,4604,4593,4601,2784
INDIANB,PUT VOL,5578,3601,,,,,,,,,136,501,,777,812,839,1039
INDIANB,PUT OI,4667,4174,,,,,,,,,4977,4982,,4965,4967,4966,4624
INDIGO,PRICE,4973.0,4973.0,,,,4955.5,4947.83,4897.5,4956.08,4922.25,4928.0,4926.0,4917.0,4884.0,4893.0,4889.0,4883.0
INDIGO,VWAP,,,,,,,,,,,4927.13,4922.83,4920.47,4912.38,4909.58,4907.05,4903.38
INDIGO,CASH VOL,923733,923733,,53.12,53.12,,,,,,39025,55078,72646,97749,111184,122831,141440
INDIGO,F&O VOL,93607,74133,,,,,,,,,5188,8608,11166,14401,16248,17686,19205
INDIGO,F&O OI,86646,83268,,,,,,,,,86274,86559,86721,86630,86712,86596,86444
INDIGO,CALL VOL,42377,29591,,,,,,,,,2940,4924,,7533,8364,8935,9586
INDIGO,CALL OI,21487,19975,,,,,,,,,21413,21888,,22069,22055,22072,22102
INDIGO,PUT VOL,42328,33914,,,,,,,,,1795,2984,,5353,6144,6737,7310
INDIGO,PUT OI,16151,14579,,,,,,,,,15937,15762,,15525,15527,15426,15383
INDUSINDBK,PRICE,978.2,978.2,,,,978.2,980.5,978.97,995.1,983.83,971.0,967.0,967.0,965.0,967.0,964.0,962.0
INDUSINDBK,VWAP,,,,,,,,,,,972.11,970.62,969.47,969.11,969.0,967.54,966.98
INDUSINDBK,CASH VOL,2504608,2504608,,62.44,62.44,,,,,,190370,259857,318733,348666,366629,519691,600264
INDUSINDBK,F&O VOL,21076,11949,,,,,,,,,1604,3326,4908,5485,6055,6825,7544
INDUSINDBK,F&O OI,69611,66009,,,,,,,,,69719,70106,70386,70453,70507,70730,70799
INDUSINDBK,CALL VOL,8130,3135,,,,,,,,,920,2003,,2802,3067,3370,3408
INDUSINDBK,CALL OI,4379,3031,,,,,,,,,5342,5628,,5896,5840,5865,5022
INDUSINDBK,PUT VOL,5853,3909,,,,,,,,,228,634,,1047,1148,1298,1425
INDUSINDBK,PUT OI,5354,5099,,,,,,,,,5968,6011,,6079,6081,6118,5502
INDUSTOWER,PRICE,388.0,388.0,,,,390.8,385.81,381.43,385.26,379.77,387.0,384.0,385.0,384.0,384.0,384.0,383.0
INDUSTOWER,VWAP,,,,,,,,,,,387.9,386.78,386.54,386.27,386.11,385.96,385.71
INDUSTOWER,CASH VOL,16707001,16707001,,41.12,41.12,,,,,,328648,512702,626489,710136,757210,804252,877591
INDUSTOWER,F&O VOL,97494,10356,,,,,,,,,1742,3203,5020,6053,6612,7080,7669
INDUSTOWER,F&O OI,77127,77563,,,,,,,,,77102,77001,76929,76729,76691,76637,76484
INDUSTOWER,CALL VOL,46444,4691,,,,,,,,,1022,1197,1874,2205,2386,2557,2722
INDUSTOWER,CALL OI,6357,7325,,,,,,,,,8405,6475,6482,6494,6522,6517,6500
INDUSTOWER,PUT VOL,14499,694,,,,,,,,,199,528,1036,1350,1537,1664,1891
INDUSTOWER,PUT OI,3672,2347,,,,,,,,,3600,3584,3480,3391,3342,3300,3194
INFY,PRICE,1037.7,1037.7,,,,1085.0,1038.5,1037.97,1068.2,1047.87,1086.0,1090.0,1087.0,1082.0,1086.0,1085.0,1088.0
INFY,VWAP,,,,,,,,,,,1090.02,1091.45,1089.88,1088.4,1088.26,1088.16,1088.06
INFY,CASH VOL,6168088,6168088,,56.59,56.59,,,,,,3499572,4991234,6352420,7140379,7471777,7716171,8008537
INFY,F&O VOL,188841,174938,,,,,,,,,116461,178384,233054,268997,284581,293514,303697
INFY,F&O OI,376709,379158,,,,,,,,,367405,369425,359033,359708,360673,361217,360446
INFY,CALL VOL,111186,97789,,,,,,,,,65994,87334,109009,124788,132566,135907,139943
INFY,CALL OI,77107,75746,,,,,,,,,81543,66672,66909,68381,68142,67924,68047
INFY,PUT VOL,39512,39572,,,,,,,,,23911,48299,67321,81706,86295,89816,94352
INFY,PUT OI,39354,39562,,,,,,,,,41950,43001,40979,40878,41359,41879,42221
INOXWIND,PRICE,76.5,76.5,,,,76.88,76.05,75.14,76.25,75.75,76.0,75.0,75.0,75.0,75.0,75.0,75.0
INOXWIND,VWAP,,,,,,,,,,,76.32,76.08,75.95,75.8,75.77,75.69,75.63
INOXWIND,CASH VOL,7415115,7415115,,34.59,34.59,,,,,,721025,1025921,1314380,1622219,1705405,1905885,2090390
INOXWIND,F&O VOL,402,425,,,,,,,,,36,37,41,45,56,62,64
INOXWIND,F&O OI,28438,28684,,,,,,,,,28437,28435,28431,28433,28425,28425,28425
INOXWIND,CALL VOL,73,103,,,,,,,,,7,7,,8,8,8,8
INOXWIND,CALL OI,5412,5447,,,,,,,,,5412,5412,,5412,5412,5412,5412
INOXWIND,PUT VOL,40,62,,,,,,,,,5,5,,5,5,7,7
INOXWIND,PUT OI,3007,3034,,,,,,,,,3007,3007,,3009,3009,3009,3009
IOC,PRICE,135.11,135.11,,,,135.5,134.98,134.7,135.26,135.16,135.0,134.0,134.0,134.0,135.0,134.0,134.0
IOC,VWAP,,,,,,,,,,,135.13,134.96,134.92,134.86,134.92,134.91,134.89
IOC,CASH VOL,7203039,7203039,,46.42,46.42,,,,,,809032,1364419,1679723,2279634,2625708,2903588,3140224
IOC,F&O VOL,13287,8300,,,,,,,,,496,908,1345,1806,2422,2731,2873
IOC,F&O OI,45526,45635,,,,,,,,,45533,45532,45483,45511,45511,45521,45457
IOC,CALL VOL,5149,2779,,,,,,,,,218,458,,998,1276,1383,1482
IOC,CALL OI,6001,5888,,,,,,,,,6004,6006,,5968,5949,5958,5992
IOC,PUT VOL,5171,3381,,,,,,,,,80,159,,363,571,653,687
IOC,PUT OI,5380,5239,,,,,,,,,5386,5362,,5353,5394,5390,5391
IREDA,PRICE,111.71,111.71,,,,111.71,111.94,111.79,113.03,112.15,111.0,111.0,111.0,111.0,111.0,110.0,110.0
IREDA,VWAP,,,,,,,,,,,111.68,111.64,111.52,111.37,111.34,111.27,111.2
IREDA,CASH VOL,3342411,3342411,,33.34,33.34,,,,,,285012,436978,607027,782686,870209,1006566,1134235
IREDA,F&O VOL,5662,14504,,,,,,,,,251,660,1200,1701,1852,2113,2424
IREDA,F&O OI,41935,41791,,,,,,,,,41983,42000,42140,42250,42270,42353,42465
IREDA,CALL VOL,2854,8535,,,,,,,,,136,400,710,1006,1107,1243,1416
IREDA,CALL OI,8010,7730,,,,,,,,,8964,8962,8112,8192,8223,8257,8330
IREDA,PUT VOL,1031,2596,,,,,,,,,21,91,214,284,314,341,394
IREDA,PUT OI,4832,4890,,,,,,,,,4850,4856,4850,4828,4811,4809,4814
IRFC,PRICE,81.09,81.09,,,,81.09,80.93,80.59,82.0,81.39,81.0,81.0,81.0,80.0,80.0,80.0,80.0
IRFC,VWAP,,,,,,,,,,,81.43,81.41,81.36,81.27,81.22,81.19,81.12
IRFC,CASH VOL,8029026,8029026,,47.94,47.94,,,,,,904803,1270634,1553272,1946554,2248811,2415663,2701003
IRFC,F&O VOL,8201,7966,,,,,,,,,720,1232,1725,2114,2317,2550,2885
IRFC,F&O OI,39907,39131,,,,,,,,,39806,39864,39913,39978,39989,40026,40131
IRFC,CALL VOL,2868,3345,,,,,,,,,389,586,791,972,1055,1133,1228
IRFC,CALL OI,3718,3581,,,,,,,,,4800,4155,4197,4233,4255,4271,3789
IRFC,PUT VOL,1096,1053,,,,,,,,,110,217,327,385,400,428,518
IRFC,PUT OI,4210,4098,,,,,,,,,4299,4277,4299,4286,4290,4293,4232
ITC,PRICE,259.85,259.85,,,,261.0,259.79,259.67,261.8,260.5,262.0,263.0,263.0,262.0,262.0,262.0,260.0
ITC,VWAP,,,,,,,,,,,262.77,263.0,263.13,262.98,262.96,262.91,262.6
ITC,CASH VOL,11116049,11116049,,58.39,58.39,,,,,,1308455,2023463,2744114,3342732,3551912,3856041,5178343
ITC,F&O VOL,65317,71584,,,,,,,,,8211,17647,23321,29105,30900,32978,38840
ITC,F&O OI,205828,206181,,,,,,,,,205799,206584,206993,206920,207161,207347,207484
ITC,CALL VOL,32213,33520,,,,,,,,,3513,8853,,13722,14686,15760,17013
ITC,CALL OI,27482,27248,,,,,,,,,35049,35180,,35363,35518,35512,27807
ITC,PUT VOL,17887,20180,,,,,,,,,2138,5691,,9531,10156,10790,12796
ITC,PUT OI,22843,22399,,,,,,,,,24361,24724,,24702,24815,24919,23457
JINDALSTEL,PRICE,1120.5,1120.5,,,,1119.7,1110.33,1090.0,1118.0,1113.0,1107.0,1106.0,1107.0,1101.0,1103.0,1103.0,1097.0
JINDALSTEL,VWAP,,,,,,,,,,,1108.8,1108.73,1107.93,1106.46,1106.33,1106.14,1104.88
JINDALSTEL,CASH VOL,549857,549857,,25.46,25.46,,,,,,67231,84182,106115,133187,139778,144430,170626
JINDALSTEL,F&O VOL,23715,6824,,,,,,,,,987,1871,3003,3677,3945,4189,6222
JINDALSTEL,F&O OI,38202,39101,,,,,,,,,38190,38288,38470,38562,38592,38605,39421
JINDALSTEL,CALL VOL,7444,2616,,,,,,,,,492,1081,,1937,2062,2162,2617
JINDALSTEL,CALL OI,4490,4238,,,,,,,,,4902,4526,,4611,4597,4595,4720
JINDALSTEL,PUT VOL,6536,1370,,,,,,,,,234,374,,867,940,967,1377
JINDALSTEL,PUT OI,5926,6101,,,,,,,,,5831,5940,,5926,5920,5922,5994
JIOFIN,PRICE,229.9,229.9,,,,230.5,229.57,228.91,232.87,230.89,231.0,230.0,231.0,230.0,230.0,230.0,230.0
JIOFIN,VWAP,,,,,,,,,,,230.93,230.64,230.86,230.82,230.8,230.79,230.76
JIOFIN,CASH VOL,22102551,22102551,,50.88,50.88,,,,,,1562245,2419938,3516449,4449439,4731462,4917057,5214032
JIOFIN,F&O VOL,85228,34368,,,,,,,,,2571,6130,9354,11721,12721,13513,14667
JIOFIN,F&O OI,182235,179180,,,,,,,,,182688,182742,182903,183115,183266,183262,183305
JIOFIN,CALL VOL,33915,12304,,,,,,,,,1170,2777,,5314,5793,6175,6618
JIOFIN,CALL OI,17745,16941,,,,,,,,,18028,18106,,18114,18180,18138,18212
JIOFIN,PUT VOL,23242,6253,,,,,,,,,379,1138,,2307,2489,2598,2856
JIOFIN,PUT OI,17572,16476,,,,,,,,,17538,17566,,17645,17652,17660,17635
JSWENERGY,PRICE,526.45,526.45,,,,526.45,525.92,524.88,531.6,528.17,523.0,520.0,519.0,518.0,518.0,518.0,517.0
JSWENERGY,VWAP,,,,,,,,,,,522.17,521.35,520.61,520.13,520.01,519.94,519.7
JSWENERGY,CASH VOL,583365,583365,,51.97,51.97,,,,,,62071,114582,166574,203338,221492,231214,258279
JSWENERGY,F&O VOL,5901,6546,,,,,,,,,288,717,1397,1712,2021,2115,2389
JSWENERGY,F&O OI,35773,35697,,,,,,,,,35831,35925,36059,36119,36112,36106,36110
JSWENERGY,CALL VOL,3487,3944,,,,,,,,,180,426,817,962,1087,1127,1248
JSWENERGY,CALL OI,5028,4703,,,,,,,,,5042,5101,5171,5187,5179,5173,5190
JSWENERGY,PUT VOL,747,1107,,,,,,,,,33,165,342,428,534,566,651
JSWENERGY,PUT OI,2660,2647,,,,,,,,,2669,2696,2726,2736,2741,2739,2745
JSWSTEEL,PRICE,1265.0,1265.0,,,,1265.0,1275.95,1268.65,1300.0,1276.67,1256.0,1257.0,1255.0,1252.0,1254.0,1252.0,1250.0
JSWSTEEL,VWAP,,,,,,,,,,,1259.28,1259.72,1258.47,1257.35,1257.15,1256.74,1255.98
JSWSTEEL,CASH VOL,1580944,1580944,,53.87,53.87,,,,,,136095,203251,263188,311966,327548,354152,406888
JSWSTEEL,F&O VOL,22787,13159,,,,,,,,,2357,4111,5838,7124,7743,8467,9291
JSWSTEEL,F&O OI,81216,79824,,,,,,,,,81795,82068,82160,82375,82522,82654,82769
JSWSTEEL,CALL VOL,8406,3627,,,,,,,,,1465,2609,3696,4256,4677,5154,5060
JSWSTEEL,CALL OI,6069,5116,,,,,,,,,8465,8689,8611,8714,8791,8884,6851
JSWSTEEL,PUT VOL,7734,2805,,,,,,,,,544,919,1287,1549,1687,1882,2165
JSWSTEEL,PUT OI,8027,7745,,,,,,,,,8259,8316,8345,8376,8427,8448,8326
JUBLFOOD,PRICE,470.25,470.25,,,,468.95,469.92,469.25,474.92,471.81,471.0,470.0,472.0,468.0,469.0,468.0,467.0
JUBLFOOD,VWAP,,,,,,,,,,,470.99,470.69,470.86,470.5,470.33,470.19,469.7
JUBLFOOD,CASH VOL,354487,354487,,33.96,33.96,,,,,,19617,26571,44791,52983,62932,68428,81837
JUBLFOOD,F&O VOL,5061,7037,,,,,,,,,135,272,570,828,1016,1097,1251
JUBLFOOD,F&O OI,29701,29547,,,,,,,,,29723,29727,29733,29745,29752,29772,29767
JUBLFOOD,CALL VOL,1391,2385,,,,,,,,,31,70,143,198,224,240,313
JUBLFOOD,CALL OI,971,878,,,,,,,,,1077,1087,1101,1113,1117,1119,1025
JUBLFOOD,PUT VOL,1313,1760,,,,,,,,,21,43,69,110,126,135,199
JUBLFOOD,PUT OI,1732,1706,,,,,,,,,1649,1649,1651,1643,1645,1644,1718
KALYANKJIL,PRICE,601.15,601.15,,,,610.0,600.61,599.52,603.73,602.01,609.0,612.0,614.0,612.0,611.0,615.0,614.0
KALYANKJIL,VWAP,,,,,,,,,,,609.63,609.85,610.93,611.33,611.37,611.69,612.05
KALYANKJIL,CASH VOL,6340796,6340796,,26.72,26.72,,,,,,945984,1608339,2238803,2612430,3021478,3401921,3829112
KALYANKJIL,F&O VOL,45246,33160,,,,,,,,,4981,9807,15394,18009,20309,22760,24470
KALYANKJIL,F&O OI,55979,56585,,,,,,,,,56608,56804,57093,57100,57055,57122,57119
KALYANKJIL,CALL VOL,17977,14181,,,,,,,,,2751,5101,,9185,9401,11045,12106
KALYANKJIL,CALL OI,11738,11677,,,,,,,,,11587,11706,,12281,11627,12213,12174
KALYANKJIL,PUT VOL,7032,6029,,,,,,,,,568,1628,,2916,3768,3998,4462
KALYANKJIL,PUT OI,5659,6095,,,,,,,,,5672,5727,,5966,5998,6065,6111
KAYNES,PRICE,3505.0,3505.0,,,,3505.0,3500.57,3491.7,3584.1,3531.37,3496.0,3498.0,3491.0,3466.0,3465.0,3465.0,3456.0
KAYNES,VWAP,,,,,,,,,,,3506.47,3504.58,3498.09,3494.88,3491.28,3489.33,3487.73
KAYNES,CASH VOL,555805,555805,,26.48,26.48,,,,,,57744,86926,126889,142816,162737,176536,189223
KAYNES,F&O VOL,1068,1070,,,,,,,,,8,45,80,126,141,176,193
KAYNES,F&O OI,52999,53562,,,,,,,,,52994,52985,52978,52974,52938,52926,52908
KAYNES,CALL VOL,69,85,,,,,,,,,0,0,,1,4,4,5
KAYNES,CALL OI,3594,3609,,,,,,,,,4064,4064,,3594,3594,3594,3593
KAYNES,PUT VOL,61,39,,,,,,,,,2,22,,25,25,26,27
KAYNES,PUT OI,5929,5969,,,,,,,,,5452,5452,,5927,5927,5927,5928
KEI,PRICE,4578.0,4578.0,,,,4570.0,4559.67,4523.0,4659.0,4605.0,4548.0,4540.0,4512.0,4491.0,4497.0,4495.0,4492.0
KEI,VWAP,,,,,,,,,,,4532.03,4531.26,4528.18,4517.75,4514.51,4513.59,4512.47
KEI,CASH VOL,1138228,1138228,,49.83,49.83,,,,,,34315,59245,82431,124083,143615,149899,159158
KEI,F&O VOL,62204,28937,,,,,,,,,1810,3830,6062,7742,8484,9119,9767
KEI,F&O OI,54275,50896,,,,,,,,,54478,54198,54325,54311,54371,54362,54328
KEI,CALL VOL,24138,10753,,,,,,,,,987,2166,,4043,4381,4629,4853
KEI,CALL OI,11461,9718,,,,,,,,,11608,11439,,11816,11846,11880,11896
KEI,PUT VOL,24208,7494,,,,,,,,,414,801,,1449,1720,1844,2112
KEI,PUT OI,10149,8934,,,,,,,,,10178,10155,,10139,10157,10152,10127
KFINTECH,PRICE,900.0,900.0,,,,901.8,897.85,893.55,907.6,902.53,899.0,897.0,897.0,889.0,890.0,890.0,889.0
KFINTECH,VWAP,,,,,,,,,,,899.62,898.7,898.21,896.46,896.04,895.39,894.82
KFINTECH,CASH VOL,622342,622342,,44.27,44.27,,,,,,44661,109512,133688,166839,182903,197950,216890
KFINTECH,F&O VOL,6512,3953,,,,,,,,,225,702,1120,1580,1706,1951,2121
KFINTECH,F&O OI,19702,19810,,,,,,,,,19744,19815,19898,19902,19905,19926,19889
KFINTECH,CALL VOL,2917,1747,,,,,,,,,112,414,,959,1023,1131,1077
KFINTECH,CALL OI,3457,3417,,,,,,,,,5223,5325,,5428,5442,5464,3716
KFINTECH,PUT VOL,1179,654,,,,,,,,,19,113,,257,279,298,323
KFINTECH,PUT OI,2797,2752,,,,,,,,,2986,2965,,2968,2970,2973,2785
KOTAKBANK,PRICE,419.0,419.0,,,,420.5,417.54,414.62,418.49,417.48,414.0,414.0,414.0,412.0,412.0,413.0,412.0
KOTAKBANK,VWAP,,,,,,,,,,,414.02,413.77,413.98,413.87,413.82,413.63,413.42
KOTAKBANK,CASH VOL,15197483,15197483,,68.41,68.41,,,,,,730666,1388711,1881823,2178048,2299465,2983230,3916997
KOTAKBANK,F&O VOL,72531,22333,,,,,,,,,8194,11625,14432,19036,20515,21824,26844
KOTAKBANK,F&O OI,149943,151933,,,,,,,,,150586,150514,150599,151327,151152,151205,152329
KOTAKBANK,CALL VOL,29602,8829,,,,,,,,,2774,5641,,9515,10247,10862,11752
KOTAKBANK,CALL OI,27010,27514,,,,,,,,,27205,28877,,29674,29676,29710,28160
KOTAKBANK,PUT VOL,25141,7903,,,,,,,,,1818,3223,,5737,6349,6756,8681
KOTAKBANK,PUT OI,16771,17043,,,,,,,,,16649,16366,,16208,15989,15984,16271
KPITTECH,PRICE,553.75,553.75,,,,560.0,552.76,550.78,560.75,556.08,568.0,578.0,578.0,568.0,574.0,578.0,577.0
KPITTECH,VWAP,,,,,,,,,,,567.54,571.7,572.99,572.37,572.55,573.72,574.08
KPITTECH,CASH VOL,860098,860098,,26.62,26.62,,,,,,382038,881114,1168248,1378331,1574008,1910495,2081698
KPITTECH,F&O VOL,11718,6507,,,,,,,,,2979,10762,16077,20351,23154,28326,31236
KPITTECH,F&O OI,29463,29480,,,,,,,,,29416,29280,29190,29452,29185,29079,28868
KPITTECH,CALL VOL,6938,3648,,,,,,,,,2199,7749,,14408,16944,20776,22589
KPITTECH,CALL OI,7295,7130,,,,,,,,,6930,7323,,7243,7326,7400,7332
KPITTECH,PUT VOL,2222,1100,,,,,,,,,198,1344,,2840,3063,3669,4420
KPITTECH,PUT OI,3510,3733,,,,,,,,,3743,3499,,3865,3530,3533,3556
LAURUSLABS,PRICE,1969.0,1969.0,,,,1975.0,1962.65,1949.95,1948.42,1907.25,1955.0,1941.0,1935.0,1936.0,1944.0,1941.0,1939.0
LAURUSLABS,VWAP,,,,,,,,,,,1958.17,1952.85,1946.19,1944.58,1944.35,1944.11,1943.78
LAURUSLABS,CASH VOL,2277375,2277375,,46.96,46.96,,,,,,135437,277096,424996,491360,543182,579598,615031
LAURUSLABS,F&O VOL,48399,20302,,,,,,,,,2797,5609,10183,11592,13494,14457,14920
LAURUSLABS,F&O OI,46691,45551,,,,,,,,,46885,47136,47250,47301,47347,47364,47387
LAURUSLABS,CALL VOL,25856,10185,,,,,,,,,1355,2821,,5396,6400,6739,6918
LAURUSLABS,CALL OI,9407,10129,,,,,,,,,9200,9872,,10156,10108,10145,10192
LAURUSLABS,PUT VOL,10062,4774,,,,,,,,,721,1485,,3153,3670,3915,4064
LAURUSLABS,PUT OI,5730,4828,,,,,,,,,4908,5548,,5458,5442,5407,5406
LICHSGFIN,PRICE,562.9,562.9,,,,563.9,561.66,559.17,561.29,558.08,554.0,550.0,554.0,551.0,553.0,553.0,553.0
LICHSGFIN,VWAP,,,,,,,,,,,555.75,554.14,553.56,553.21,553.26,553.21,553.26
LICHSGFIN,CASH VOL,11556446,11556446,,42.53,42.53,,,,,,417869,687714,948577,1156210,1298830,1389280,1511907
LICHSGFIN,F&O VOL,82432,443,,,,,,,,,4113,6042,7010,7743,9224,9795,10324
LICHSGFIN,F&O OI,59399,51159,,,,,,,,,60155,60065,60078,60085,60307,60378,60414
LICHSGFIN,CALL VOL,30990,12,,,,,,,,,2620,3676,,4571,5501,5870,6160
LICHSGFIN,CALL OI,7282,6578,,,,,,,,,8057,7951,,7967,8099,8110,8118
LICHSGFIN,PUT VOL,14763,12,,,,,,,,,955,1520,,2021,2336,2433,2537
LICHSGFIN,PUT OI,5879,5753,,,,,,,,,5795,5742,,5721,5699,5701,5680
LICI,PRICE,404.1,404.1,,,,402.6,403.72,402.95,409.93,406.04,402.0,397.0,398.0,398.0,398.0,396.0,396.0
LICI,VWAP,,,,,,,,,,,400.38,398.72,398.61,398.52,398.46,398.34,398.23
LICI,CASH VOL,8144654,8144654,,64.9,64.9,,,,,,816164,1631630,2599616,3268828,3623724,3964508,4245381
LICI,F&O VOL,20509,13215,,,,,,,,,1040,3452,6094,7171,9013,10275,11188
LICI,F&O OI,62547,61130,,,,,,,,,62677,62941,63156,63283,63525,63774,63863
LICI,CALL VOL,8084,4447,,,,,,,,,581,1764,,3630,4995,5242,5586
LICI,CALL OI,7163,6343,,,,,,,,,7872,7409,,8129,8311,7694,7743
LICI,PUT VOL,4941,3936,,,,,,,,,214,740,,1678,1930,2365,2693
LICI,PUT OI,8458,8712,,,,,,,,,8416,8441,,8458,8473,8563,8555
LODHA,PRICE,1116.9,1116.9,,,,1128.0,1114.82,1110.65,1153.7,1129.17,1117.0,1103.0,1104.0,1095.0,1093.0,1090.0,1087.0
LODHA,VWAP,,,,,,,,,,,1116.6,1111.28,1108.16,1105.89,1103.85,1102.48,1097.44
LODHA,CASH VOL,4191874,4191874,,38.99,38.99,,,,,,147753,224307,287846,335093,388962,424491,640666
LODHA,F&O VOL,80630,28436,,,,,,,,,2659,5491,7945,10137,12156,14301,15565
LODHA,F&O OI,37414,32697,,,,,,,,,37458,37416,37405,37266,37189,37341,37240
LODHA,CALL VOL,20320,2910,,,,,,,,,921,1850,,3694,4563,5281,4041
LODHA,CALL OI,2365,1114,,,,,,,,,4019,3562,,3728,3684,3729,2897
LODHA,PUT VOL,38698,12245,,,,,,,,,692,2032,,3478,4334,5150,6574
LODHA,PUT OI,8669,6331,,,,,,,,,6012,6531,,6360,6341,6306,8284
LT,PRICE,3930.7,3930.7,,,,3959.0,3925.25,3914.35,3950.45,3937.28,3906.0,3877.0,3870.0,3855.0,3856.0,3855.0,3854.0
LT,VWAP,,,,,,,,,,,3907.08,3891.51,3880.29,3873.48,3872.34,3870.64,3869.64
LT,CASH VOL,1195489,1195489,,50.54,50.54,,,,,,167730,248727,381830,491075,526037,568538,600878
LT,F&O VOL,63000,46340,,,,,,,,,6859,12465,19697,25657,28556,31256,32981
LT,F&O OI,133353,134635,,,,,,,,,134407,135600,136810,137790,137960,138477,138295
LT,CALL VOL,28427,22212,,,,,,,,,2977,5974,,12185,13644,15000,15748
LT,CALL OI,26177,25133,,,,,,,,,30244,27457,,28334,28454,28773,28823
LT,PUT VOL,19864,14918,,,,,,,,,1496,2760,,6693,7554,8290,8737
LT,PUT OI,16101,15824,,,,,,,,,16179,16123,,16260,16222,16233,16310
LTF,PRICE,309.1,309.1,,,,310.6,308.44,307.12,309.07,309.0,308.0,306.0,306.0,303.0,304.0,303.0,302.0
LTF,VWAP,,,,,,,,,,,307.44,307.23,306.72,306.18,305.94,305.38,304.73
LTF,CASH VOL,3956142,3956142,,38.25,38.25,,,,,,220237,315802,452275,574935,646059,829592,1038494
LTF,F&O VOL,15529,7865,,,,,,,,,336,790,1448,2325,2759,3789,5073
LTF,F&O OI,38215,37705,,,,,,,,,38280,38378,38432,38738,38795,38925,39009
LTF,CALL VOL,6231,2813,,,,,,,,,197,427,,1163,1380,1933,2162
LTF,CALL OI,4048,3813,,,,,,,,,5560,5610,,5824,5844,5921,4503
LTF,PUT VOL,3880,1971,,,,,,,,,40,117,,519,625,1029,1509
LTF,PUT OI,7008,7141,,,,,,,,,7185,7192,,7277,7256,7314,7082
LTM,PRICE,4275.0,4275.0,,,,4404.3,4320.9,4290.3,4397.2,4315.73,4505.0,4539.0,4524.0,4462.0,4472.0,4456.0,4484.0
LTM,VWAP,,,,,,,,,,,4508.55,4529.28,4522.08,4513.85,4510.43,4508.49,4503.8
LTM,CASH VOL,349314,349314,,44.3,44.3,,,,,,104171,183884,256602,296489,320608,332482,372886
LTM,F&O VOL,19413,23108,,,,,,,,,11650,23204,31336,37359,40808,42294,44411
LTM,F&O OI,50725,47891,,,,,,,,,50131,51175,50712,50490,50608,50784,50798
LTM,CALL VOL,9713,12127,,,,,,,,,8001,14569,,19856,21745,22428,24085
LTM,CALL OI,7036,6248,,,,,,,,,6514,7211,,6574,6674,6705,6729
LTM,PUT VOL,2555,2586,,,,,,,,,1567,3682,,8707,9483,9848,9300
LTM,PUT OI,3059,2776,,,,,,,,,3175,3632,,3871,3902,3919,3506
LUPIN,PRICE,2095.0,2095.0,,,,2095.0,2091.08,2083.25,2096.75,2095.58,2081.0,2080.0,2082.0,2074.0,2075.0,2079.0,2084.0
LUPIN,VWAP,,,,,,,,,,,2083.81,2083.7,2082.98,2082.0,2081.21,2080.68,2081.18
LUPIN,CASH VOL,621899,621899,,59.84,59.84,,,,,,63938,102624,131900,153479,171429,193287,242915
LUPIN,F&O VOL,11671,15543,,,,,,,,,811,1442,1940,2427,2809,3197,3518
LUPIN,F&O OI,37204,37712,,,,,,,,,37340,37405,37452,37502,37502,37513,37460
LUPIN,CALL VOL,5401,5166,,,,,,,,,386,700,,1136,1242,1393,1547
LUPIN,CALL OI,3177,3227,,,,,,,,,3269,3285,,3373,3360,3364,3348
LUPIN,PUT VOL,1955,5304,,,,,,,,,132,237,,471,552,631,682
LUPIN,PUT OI,4755,4833,,,,,,,,,4756,4757,,4780,4796,4796,4789
M&M,PRICE,3107.0,3107.0,,,,3114.6,3103.55,3096.65,3123.55,3112.52,3100.0,3107.0,3107.0,3094.0,3093.0,3090.0,3085.0
M&M,VWAP,,,,,,,,,,,3098.83,3099.84,3103.72,3102.65,3101.97,3101.36,3099.52
M&M,CASH VOL,1311484,1311484,,52.96,52.96,,,,,,135466,209437,387730,450804,482352,515581,578995
M&M,F&O VOL,61702,61101,,,,,,,,,3515,6678,9341,11529,12859,14523,17195
M&M,F&O OI,125424,123946,,,,,,,,,126296,126482,126838,127145,127449,127573,127825
M&M,CALL VOL,28433,25982,,,,,,,,,1828,3357,,5607,6270,8040,9307
M&M,CALL OI,15992,15198,,,,,,,,,16557,16627,,16902,17106,17255,17788
M&M,PUT VOL,19226,22338,,,,,,,,,678,1370,,2439,2809,3107,3628
M&M,PUT OI,13631,13685,,,,,,,,,13689,13748,,13714,13745,13693,13702
MANAPPURAM,PRICE,329.0,329.0,,,,327.1,328.03,326.1,327.23,323.7,327.0,323.0,323.0,322.0,323.0,323.0,322.0
MANAPPURAM,VWAP,,,,,,,,,,,325.0,324.53,324.36,324.19,324.11,324.07,323.98
MANAPPURAM,CASH VOL,3460959,3460959,,38.32,38.32,,,,,,532866,689515,783062,869305,933697,1012467,1100088
MANAPPURAM,F&O VOL,442,1507,,,,,,,,,10,27,47,55,60,68,82
MANAPPURAM,F&O OI,35874,36114,,,,,,,,,35876,35867,35864,35839,35839,35837,35835
MANAPPURAM,CALL VOL,94,391,,,,,,,,,1,8,,27,27,33,36
MANAPPURAM,CALL OI,3581,3609,,,,,,,,,3581,3576,,3557,3557,3553,3550
MANAPPURAM,PUT VOL,23,216,,,,,,,,,0,1,,1,1,1,1
MANAPPURAM,PUT OI,2914,2917,,,,,,,,,2914,2914,,2913,2913,2913,2913
MANKIND,PRICE,2280.0,2280.0,,,,2280.0,2270.33,2251.0,2278.93,2276.8,2273.0,2275.0,2281.0,2278.0,2279.0,2281.0,2276.0
MANKIND,VWAP,,,,,,,,,,,2271.92,2275.4,2276.49,2278.24,2278.53,2279.14,2279.04
MANKIND,CASH VOL,530698,530698,,71.5,71.5,,,,,,6732,12573,17087,26751,30530,60852,68832
MANKIND,F&O VOL,8720,6883,,,,,,,,,94,199,446,589,673,763,872
MANKIND,F&O OI,19876,18903,,,,,,,,,19883,19898,19892,19876,19882,19886,19892
MANKIND,CALL VOL,3653,1206,,,,,,,,,20,79,,181,216,258,323
MANKIND,CALL OI,1300,1010,,,,,,,,,1302,1316,,1319,1331,1331,1341
MANKIND,PUT VOL,1549,3300,,,,,,,,,23,53,,107,114,120,131
MANKIND,PUT OI,2899,2402,,,,,,,,,2902,2907,,2906,2907,2906,2905
MARICO,PRICE,802.1,802.1,,,,809.65,802.85,802.35,810.58,804.92,805.0,804.0,802.0,799.0,799.0,798.0,798.0
MARICO,VWAP,,,,,,,,,,,807.63,807.05,806.03,805.18,804.62,804.16,803.53
MARICO,CASH VOL,1533624,1533624,,63.99,63.99,,,,,,145375,224404,274864,312181,339728,365402,402405
MARICO,F&O VOL,6797,7103,,,,,,,,,119,314,583,835,1020,1148,1291
MARICO,F&O OI,23666,23481,,,,,,,,,23680,23690,23744,23759,23766,23787,23799
MARICO,CALL VOL,3432,3289,,,,,,,,,73,167,,408,506,564,631
MARICO,CALL OI,2588,2579,,,,,,,,,2994,2620,,2659,2672,2690,2706
MARICO,PUT VOL,1709,1944,,,,,,,,,7,60,,171,209,245,270
MARICO,PUT OI,2968,2888,,,,,,,,,3111,2964,,2977,2977,2986,2989
MARUTI,PRICE,12400.0,12400.0,,,,12470.0,12461.0,12420.33,12607.0,12469.0,12424.0,12426.0,12412.0,12390.0,12376.0,12360.0,12330.0
MARUTI,VWAP,,,,,,,,,,,12413.84,12410.36,12411.99,12409.89,12407.22,12404.57,12398.02
MARUTI,CASH VOL,514868,514868,,61.44,61.44,,,,,,15565,26734,51653,58112,62248,67318,73253
MARUTI,F&O VOL,133655,98935,,,,,,,,,5992,12754,18173,23960,27935,32073,39012
MARUTI,F&O OI,162562,157703,,,,,,,,,163812,164470,164756,164746,165055,165512,165863
MARUTI,CALL VOL,39859,21522,,,,,,,,,2077,4593,,8242,9417,11006,11910
MARUTI,CALL OI,14001,10947,,,,,,,,,16336,16320,,16826,16998,17141,15739
MARUTI,PUT VOL,36433,28338,,,,,,,,,1159,2943,,5428,6232,7320,9673
MARUTI,PUT OI,16254,15734,,,,,,,,,16597,16753,,16700,16617,16741,16446
MAXHEALTH,PRICE,1037.7,1037.7,,,,1048.0,1035.83,1032.1,1027.72,1007.75,1035.0,1039.0,1036.0,1033.0,1033.0,1033.0,1033.0
MAXHEALTH,VWAP,,,,,,,,,,,1035.74,1036.32,1036.11,1034.97,1034.86,1034.82,1034.51
MAXHEALTH,CASH VOL,2506618,2506618,,58.79,58.79,,,,,,123110,195261,449813,659962,699686,718543,902738
MAXHEALTH,F&O VOL,18563,14318,,,,,,,,,1001,2156,3395,4413,4841,5001,5419
MAXHEALTH,F&O OI,31435,32820,,,,,,,,,31569,31636,31785,31958,32014,32040,32033
MAXHEALTH,CALL VOL,8071,5958,,,,,,,,,512,1228,,2258,2507,2608,2821
MAXHEALTH,CALL OI,4699,4390,,,,,,,,,4768,4802,,4868,4899,4897,4905
MAXHEALTH,PUT VOL,5026,4165,,,,,,,,,224,529,,1090,1173,1197,1328
MAXHEALTH,PUT OI,2881,3083,,,,,,,,,2918,2655,,2911,2905,2911,2928
MAZDOCK,PRICE,2339.0,2339.0,,,,2339.0,2341.5,2339.83,2410.35,2362.78,2328.0,2311.0,2313.0,2292.0,2290.0,2298.0,2278.0
MAZDOCK,VWAP,,,,,,,,,,,2321.59,2316.48,2311.09,2306.73,2305.01,2303.56,2300.38
MAZDOCK,CASH VOL,509510,509510,,38.02,38.02,,,,,,47936,83167,132808,166397,185340,208279,245860
MAZDOCK,F&O VOL,22414,23331,,,,,,,,,789,2231,4133,5983,6965,7928,9108
MAZDOCK,F&O OI,49678,48039,,,,,,,,,49821,49899,50154,50596,50658,50585,50717
MAZDOCK,CALL VOL,8663,5844,,,,,,,,,437,1082,,2428,2747,2964,3439
MAZDOCK,CALL OI,6957,5982,,,,,,,,,7068,7199,,7443,7505,7494,7546
MAZDOCK,PUT VOL,7236,8457,,,,,,,,,132,556,,1816,2054,2320,2606
MAZDOCK,PUT OI,7010,7034,,,,,,,,,6993,6975,,7107,7125,7078,7050
MCX,PRICE,3276.0,3276.0,,,,3265.0,3318.1,3290.03,3322.6,3291.53,3184.0,3172.0,3193.0,3200.0,3207.0,3202.0,3193.0
MCX,VWAP,,,,,,,,,,,3198.94,3188.0,3189.43,3190.89,3192.55,3193.94,3193.87
MCX,CASH VOL,1686562,1686562,,37.41,37.41,,,,,,297109,454015,638375,734367,804147,894431,1108755
MCX,F&O VOL,79620,44774,,,,,,,,,17611,34373,44191,49621,52961,55481,61006
MCX,F&O OI,83567,78887,,,,,,,,,84715,85637,85792,85585,85555,85594,85771
MCX,CALL VOL,26266,15995,,,,,,,,,5987,11834,,18100,19515,20475,22430
MCX,CALL OI,17834,17325,,,,,,,,,18712,19647,,20032,19973,20019,20057
MCX,PUT VOL,30104,14151,,,,,,,,,6621,14008,,19298,20364,21143,23254
MCX,PUT OI,17482,14843,,,,,,,,,16831,16173,,15754,15742,15729,15683
MFSL,PRICE,1477.0,1477.0,,,,1478.4,1474.93,1470.8,1498.15,1484.05,1479.0,1469.0,1468.0,1458.0,1457.0,1459.0,1456.0
MFSL,VWAP,,,,,,,,,,,1472.2,1470.26,1469.96,1467.29,1465.08,1464.17,1462.47
MFSL,CASH VOL,350366,350366,,64.67,64.67,,,,,,6224,16835,18283,25280,32141,37773,56533
MFSL,F&O VOL,3492,4865,,,,,,,,,215,433,679,922,1095,1148,1254
MFSL,F&O OI,22746,22739,,,,,,,,,22791,22794,22822,22843,22860,22856,22869
MFSL,CALL VOL,1684,1341,,,,,,,,,160,279,,480,572,602,650
MFSL,CALL OI,1360,1180,,,,,,,,,1407,1413,,1454,1474,1474,1482
MFSL,PUT VOL,673,807,,,,,,,,,15,71,,176,214,220,233
MFSL,PUT OI,1298,1323,,,,,,,,,1297,1291,,1287,1275,1278,1283
MOTHERSON,PRICE,164.45,164.45,,,,165.0,164.02,163.15,163.92,162.85,164.0,163.0,163.0,162.0,162.0,163.0,162.0
MOTHERSON,VWAP,,,,,,,,,,,164.43,164.28,164.08,163.88,163.73,163.66,163.52
MOTHERSON,CASH VOL,13200183,13200183,,59.1,59.1,,,,,,823208,1102714,1433691,1713783,1911974,2071145,2368867
MOTHERSON,F&O VOL,9386,4166,,,,,,,,,429,731,1256,1788,2100,2240,2530
MOTHERSON,F&O OI,34713,35191,,,,,,,,,34724,34724,34695,34698,34723,34708,34711
MOTHERSON,CALL VOL,4283,1685,,,,,,,,,234,427,,880,1023,1090,1226
MOTHERSON,CALL OI,3734,3946,,,,,,,,,3722,3725,,3793,3841,3837,3839
MOTHERSON,PUT VOL,2429,1133,,,,,,,,,72,153,,508,586,615,708
MOTHERSON,PUT OI,5044,5166,,,,,,,,,4580,5038,,4974,4964,4959,4952
MOTILALOFS,PRICE,1026.5,1026.5,,,,1029.0,1020.78,1009.35,1025.7,1024.1,1023.0,1012.0,1011.0,1003.0,1000.0,999.0,994.0
MOTILALOFS,VWAP,,,,,,,,,,,1019.15,1017.18,1013.91,1011.93,1009.07,1007.95,1005.7
MOTILALOFS,CASH VOL,625141,625141,,35.43,35.43,,,,,,33967,45803,66831,81216,107383,119902,148447
MOTILALOFS,F&O VOL,9319,3656,,,,,,,,,550,966,1374,1805,2138,2311,2716
MOTILALOFS,F&O OI,12782,12986,,,,,,,,,12882,12888,12916,12960,12969,12913,12916
MOTILALOFS,CALL VOL,4192,1622,,,,,,,,,272,501,,894,1048,1131,1358
MOTILALOFS,CALL OI,3055,3095,,,,,,,,,3372,3368,,3229,3280,3269,3285
MOTILALOFS,PUT VOL,2576,1115,,,,,,,,,136,207,,411,516,577,675
MOTILALOFS,PUT OI,1867,1960,,,,,,,,,1678,1669,,1840,1771,1764,1760
MPHASIS,PRICE,2295.0,2295.0,,,,2353.0,2293.75,2291.25,2341.6,2310.53,2409.0,2445.0,2422.0,2373.0,2390.0,2405.0,2418.0
MPHASIS,VWAP,,,,,,,,,,,2413.06,2432.85,2428.3,2421.88,2413.0,2412.21,2412.66
MPHASIS,CASH VOL,184932,184932,,49.53,49.53,,,,,,138665,291829,381765,435741,586679,628500,715997
MPHASIS,F&O VOL,6624,5715,,,,,,,,,4332,39975,44378,47636,50134,51693,54130
MPHASIS,F&O OI,26518,25692,,,,,,,,,26547,27965,27637,27443,27557,27625,27735
MPHASIS,CALL VOL,3468,2726,,,,,,,,,2764,19415,,18258,19626,20560,21963
MPHASIS,CALL OI,3885,3350,,,,,,,,,3861,4751,,4169,4149,4179,4055
MPHASIS,PUT VOL,1652,973,,,,,,,,,742,12776,,19391,20057,20338,20774
MPHASIS,PUT OI,2202,2127,,,,,,,,,2099,2491,,2617,2599,2609,2654
MUTHOOTFIN,PRICE,2792.1,2792.1,,,,2792.1,2786.17,2774.3,2824.3,2802.83,2781.0,2778.0,2781.0,2772.0,2771.0,2772.0,2763.0
MUTHOOTFIN,VWAP,,,,,,,,,,,2776.3,2776.77,2777.38,2776.47,2776.1,2775.93,2774.37
MUTHOOTFIN,CASH VOL,1015297,1015297,,26.11,26.11,,,,,,49237,69585,88277,104793,113788,119614,135277
MUTHOOTFIN,F&O VOL,55669,18691,,,,,,,,,2292,3838,5555,6151,6545,6970,7752
MUTHOOTFIN,F&O OI,66015,62772,,,,,,,,,66219,66369,66309,66318,66365,66381,66485
MUTHOOTFIN,CALL VOL,23537,7835,,,,,,,,,1538,2578,,3893,4077,4264,4668
MUTHOOTFIN,CALL OI,8598,6986,,,,,,,,,8740,10688,,8737,8762,8785,8869
MUTHOOTFIN,PUT VOL,19032,5019,,,,,,,,,410,709,,1203,1309,1384,1605
MUTHOOTFIN,PUT OI,8005,7441,,,,,,,,,8044,8048,,8041,8051,8052,8066
NAM-INDIA,PRICE,1189.6,1189.6,,,,1184.0,1184.97,1175.7,1184.4,1174.0,1185.0,1187.0,1192.0,1191.0,1189.0,1189.0,1181.0
NAM-INDIA,VWAP,,,,,,,,,,,1183.02,1184.03,1187.39,1189.13,1189.33,1189.22,1188.23
NAM-INDIA,CASH VOL,776467,776467,,54.65,54.65,,,,,,38812,89092,151560,263147,360454,417211,525964
NAM-INDIA,F&O VOL,2553,5889,,,,,,,,,65,155,449,714,956,1076,1410
NAM-INDIA,F&O OI,18303,18248,,,,,,,,,18299,18333,18387,18419,18473,18491,18572
NAM-INDIA,CALL VOL,1140,3164,,,,,,,,,26,52,,382,,399,512
NAM-INDIA,CALL OI,1773,1658,,,,,,,,,1773,1775,,2533,,1811,1777
NAM-INDIA,PUT VOL,495,886,,,,,,,,,8,50,,130,,150,193
NAM-INDIA,PUT OI,1790,1821,,,,,,,,,1785,1804,,1812,,1840,1840
NATIONALUM,PRICE,361.0,361.0,,,,359.6,360.22,358.68,369.18,363.72,357.0,359.0,358.0,357.0,358.0,357.0,356.0
NATIONALUM,VWAP,,,,,,,,,,,358.42,358.7,358.66,358.45,358.41,358.29,357.84
NATIONALUM,CASH VOL,6560514,6560514,,36.71,36.71,,,,,,465902,711643,900948,1046884,1124859,1239499,1524106
NATIONALUM,F&O VOL,50668,20767,,,,,,,,,1411,3030,4241,5225,5570,6103,7073
NATIONALUM,F&O OI,48341,47364,,,,,,,,,48398,48429,48433,48386,48421,48457,48373
NATIONALUM,CALL VOL,24091,10480,,,,,,,,,734,1630,,2740,,3222,3640
NATIONALUM,CALL OI,10318,8964,,,,,,,,,10417,10499,,10554,,10586,10653
NATIONALUM,PUT VOL,16435,6369,,,,,,,,,492,853,,1381,,1551,1803
NATIONALUM,PUT OI,9259,8177,,,,,,,,,9205,9215,,9200,,9203,9176
NAUKRI,PRICE,1250.8,1250.8,,,,1268.1,1253.45,1251.68,1283.3,1261.63,1300.0,1298.0,1296.0,1281.0,1289.0,1293.0,1290.0
NAUKRI,VWAP,,,,,,,,,,,1300.26,1300.36,1298.72,1296.0,1294.15,1294.33,1293.89
NAUKRI,CASH VOL,524171,524171,,55.62,55.62,,,,,,228910,324805,388592,447555,607092,635127,725305
NAUKRI,F&O VOL,6937,9087,,,,,,,,,6900,9662,11133,12509,13503,14346,15835
NAUKRI,F&O OI,34537,33343,,,,,,,,,34316,34478,34568,34770,34819,34836,34623
NAUKRI,CALL VOL,2811,3710,,,,,,,,,3863,5429,,5629,,8026,7109
NAUKRI,CALL OI,3350,3068,,,,,,,,,4611,4671,,3237,,4848,3260
NAUKRI,PUT VOL,1545,2260,,,,,,,,,1814,2531,,3176,,3692,4059
NAUKRI,PUT OI,2285,2255,,,,,,,,,2422,2438,,2375,,2443,2413
NBCC,PRICE,82.9,82.9,,,,83.25,82.79,82.57,84.3,83.36,82.0,82.0,82.0,82.0,82.0,82.0,81.0
NBCC,VWAP,,,,,,,,,,,82.79,82.64,82.58,82.48,82.43,82.36,82.32
NBCC,CASH VOL,6012573,6012573,,39.34,39.34,,,,,,326478,649870,888507,1105418,1260265,1513483,1753382
NBCC,F&O VOL,5621,3131,,,,,,,,,165,804,1113,1446,1737,2021,2230
NBCC,F&O OI,24171,24083,,,,,,,,,24205,24342,24327,24399,24442,24516,24546
NBCC,CALL VOL,3871,2087,,,,,,,,,143,650,,1107,1373,1562,1699
NBCC,CALL OI,4992,4875,,,,,,,,,5019,5145,,5227,5266,5339,5381
NBCC,PUT VOL,739,402,,,,,,,,,10,82,,176,201,223,257
NBCC,PUT OI,1963,1952,,,,,,,,,1967,1976,,1952,1946,1952,1933
NESTLEIND,PRICE,1383.3,1383.3,,,,1383.3,1387.35,1384.65,1394.3,1386.97,1388.0,1385.0,1383.0,1379.0,1380.0,1372.0,1368.0
NESTLEIND,VWAP,,,,,,,,,,,1390.4,1390.3,1389.32,1388.18,1387.37,1386.02,1384.73
NESTLEIND,CASH VOL,1238699,1238699,,56.15,56.15,,,,,,178473,305033,353487,402701,447940,497912,537262
NESTLEIND,F&O VOL,15287,6086,,,,,,,,,605,1079,1831,2306,2565,2987,4173
NESTLEIND,F&O OI,28990,28939,,,,,,,,,29047,29048,29194,29245,29240,29291,29376
NESTLEIND,CALL VOL,5003,1521,,,,,,,,,248,437,,799,,1021,1200
NESTLEIND,CALL OI,1130,1008,,,,,,,,,1468,1440,,1241,,1143,1183
NESTLEIND,PUT VOL,3403,1088,,,,,,,,,98,217,,488,,690,1265
NESTLEIND,PUT OI,2342,2183,,,,,,,,,2393,2393,,2350,,2363,2428
NHPC,PRICE,76.38,76.38,,,,76.55,76.64,76.46,76.4,76.38,76.0,76.0,76.0,76.0,76.0,76.0,76.0
NHPC,VWAP,,,,,,,,,,,76.61,76.55,76.51,76.49,76.51,76.57,76.6
NHPC,CASH VOL,12031109,12031109,,49.45,49.45,,,,,,432641,676739,1014865,1164322,1501991,1787398,2197901
NHPC,F&O VOL,8605,4094,,,,,,,,,204,622,993,1373,1825,2076,2260
NHPC,F&O OI,30732,30690,,,,,,,,,30760,30791,30854,30847,30837,30836,30840
NHPC,CALL VOL,3974,1674,,,,,,,,,99,283,,576,,1022,1140
NHPC,CALL OI,3502,3494,,,,,,,,,3508,3334,,3326,,3542,3550
NHPC,PUT VOL,2211,811,,,,,,,,,47,111,,287,,467,498
NHPC,PUT OI,4149,3979,,,,,,,,,4150,4162,,4179,,4149,4151
NMDC,PRICE,82.4,82.4,,,,82.8,83.02,82.61,84.19,83.0,82.0,82.0,82.0,81.0,81.0,81.0,81.0
NMDC,VWAP,,,,,,,,,,,82.55,82.36,82.27,82.21,82.17,82.14,82.11
NMDC,CASH VOL,9234255,9234255,,48.7,48.7,,,,,,1125211,2033663,2554050,2893517,3204447,3430267,3662781
NMDC,F&O VOL,10153,7152,,,,,,,,,777,1995,2751,3393,3737,3955,4630
NMDC,F&O OI,73589,72927,,,,,,,,,73892,74169,74398,74444,74477,74510,74759
NMDC,CALL VOL,3480,2463,,,,,,,,,410,846,,1331,1455,1547,1655
NMDC,CALL OI,4201,3767,,,,,,,,,5576,4524,,4634,4656,4688,4682
NMDC,PUT VOL,1747,1241,,,,,,,,,47,175,,331,437,481,938
NMDC,PUT OI,3926,3892,,,,,,,,,4223,3920,,3929,3929,3928,4190
NTPC,PRICE,333.4,333.4,,,,333.0,333.93,333.57,333.29,333.07,330.0,328.0,328.0,327.0,327.0,327.0,327.0
NTPC,VWAP,,,,,,,,,,,330.8,329.9,329.35,329.09,329.01,328.92,328.73
NTPC,CASH VOL,4968535,4968535,,69.03,69.03,,,,,,454138,735285,988313,1151647,1244609,1348882,1725568
NTPC,F&O VOL,22895,19270,,,,,,,,,3277,6910,9256,10929,11700,12862,14742
NTPC,F&O OI,117142,118418,,,,,,,,,117274,117552,117880,118048,118029,118131,117805
NTPC,CALL VOL,12417,10195,,,,,,,,,1750,3796,,5867,,6944,8032
NTPC,CALL OI,19819,19729,,,,,,,,,19877,19994,,19766,,20336,20450
NTPC,PUT VOL,5813,5240,,,,,,,,,935,2035,,3182,,3835,4560
NTPC,PUT OI,7812,8034,,,,,,,,,7797,7695,,8559,,7607,7617
NYKAA,PRICE,344.5,344.5,,,,345.4,343.59,341.77,342.25,337.75,345.0,344.0,344.0,343.0,344.0,344.0,343.0
NYKAA,VWAP,,,,,,,,,,,345.1,345.1,345.03,344.5,344.45,344.42,344.31
NYKAA,CASH VOL,3977712,3977712,,56.77,56.77,,,,,,246627,388763,472677,762223,824598,884430,987842
NYKAA,F&O VOL,5156,5870,,,,,,,,,445,833,986,1675,1984,2137,2367
NYKAA,F&O OI,14973,15042,,,,,,,,,15122,15178,15184,15075,15095,15095,15146
NYKAA,CALL VOL,2573,2860,,,,,,,,,300,520,,1147,,1367,1475
NYKAA,CALL OI,2528,2452,,,,,,,,,2635,2677,,2567,,2595,2616
NYKAA,PUT VOL,1455,1295,,,,,,,,,61,153,,309,,378,453
NYKAA,PUT OI,1353,1335,,,,,,,,,1366,1382,,1399,,1388,1416
OBEROIRLTY,PRICE,1741.1,1741.1,,,,1746.0,1747.4,1743.2,1800.15,1760.78,1734.0,1734.0,1732.0,1717.0,1714.0,1704.0,1703.0
OBEROIRLTY,VWAP,,,,,,,,,,,1733.6,1732.31,1731.49,1729.08,1727.05,1724.17,1721.04
OBEROIRLTY,CASH VOL,543198,543198,,45.92,45.92,,,,,,19879,40910,57427,72203,83690,96607,113907
OBEROIRLTY,F&O VOL,15928,6390,,,,,,,,,383,938,1482,1936,2342,3230,3762
OBEROIRLTY,F&O OI,26216,26617,,,,,,,,,26237,26288,26332,26414,26471,26576,26530
OBEROIRLTY,CALL VOL,2215,488,,,,,,,,,92,176,,292,,527,597
OBEROIRLTY,CALL OI,713,2546,,,,,,,,,849,1063,,883,,885,890
OBEROIRLTY,PUT VOL,6538,2157,,,,,,,,,94,235,,501,,822,940
OBEROIRLTY,PUT OI,1710,3911,,,,,,,,,1750,1962,,1795,,1699,1706
OFSS,PRICE,11763.0,11763.0,,,,11910.0,11746.17,11712.5,11830.0,11785.33,11940.0,12072.0,11994.0,11901.0,11945.0,11951.0,11952.0
OFSS,VWAP,,,,,,,,,,,11969.1,11999.08,11995.9,11984.39,11981.47,11980.39,11978.23
OFSS,CASH VOL,246099,246099,,52.37,52.37,,,,,,26611,56686,78295,92580,98842,102692,107976
OFSS,F&O VOL,26196,15960,,,,,,,,,3829,8184,12149,13999,14865,15304,16058
OFSS,F&O OI,29269,29162,,,,,,,,,28696,28566,28809,28962,29039,29070,29074
OFSS,CALL VOL,11085,7062,,,,,,,,,2686,5656,,,,9564,7704
OFSS,CALL OI,5919,5727,,,,,,,,,6908,6425,,,,7245,5813
OFSS,PUT VOL,6548,2474,,,,,,,,,342,673,,,,1923,2152
OFSS,PUT OI,3710,3781,,,,,,,,,3857,3051,,,,3960,3861
OIL,PRICE,489.8,489.8,,,,494.4,498.67,492.76,497.95,492.52,490.0,487.0,486.0,487.0,489.0,490.0,488.0
OIL,VWAP,,,,,,,,,,,488.89,488.39,487.99,487.91,488.03,488.19,488.3
OIL,CASH VOL,5273521,5273521,,36.27,36.27,,,,,,140543,202861,254381,353372,401351,441646,499974
OIL,F&O VOL,30908,37947,,,,,,,,,759,1310,1751,2426,2792,3258,3551
OIL,F&O OI,20084,17833,,,,,,,,,20134,20177,20215,20257,20261,20279,20264
OIL,CALL VOL,15378,14932,,,,,,,,,533,729,,,,1739,1904
OIL,CALL OI,3971,2824,,,,,,,,,4016,3887,,,,4021,4008
OIL,PUT VOL,6013,7375,,,,,,,,,48,162,,,,496,547
OIL,PUT OI,2351,1801,,,,,,,,,2349,2240,,,,2344,2344
ONGC,PRICE,232.5,232.5,,,,234.9,237.83,234.28,237.69,234.23,234.0,234.0,234.0,235.0,236.0,235.0,235.0
ONGC,VWAP,,,,,,,,,,,234.13,234.12,234.21,234.46,234.69,234.79,234.86
ONGC,CASH VOL,27128531,27128531,,35.06,35.06,,,,,,1112696,1768070,2326215,3000511,3445753,3756903,4013321
ONGC,F&O VOL,164771,86769,,,,,,,,,5780,8825,12021,18030,21098,23095,24069
ONGC,F&O OI,72211,66610,,,,,,,,,72713,72749,72623,72148,71882,71872,71788
ONGC,CALL VOL,92121,51551,,,,,,,,,4190,6051,,,,14525,15088
ONGC,CALL OI,24744,20105,,,,,,,,,25182,25194,,,,23982,23963
ONGC,PUT VOL,40954,19261,,,,,,,,,950,1591,,,,4685,4921
ONGC,PUT OI,7419,7296,,,,,,,,,7367,7418,,,,7453,7505
PAGEIND,PRICE,35365.0,35365.0,,,,35465.0,35325.0,35245.0,35750.0,35493.33,35400.0,35370.0,35335.0,35225.0,35230.0,35185.0,35050.0
PAGEIND,VWAP,,,,,,,,,,,35364.05,35354.88,35346.55,35331.51,35308.88,35302.44,35264.96
PAGEIND,CASH VOL,11287,11287,,48.0,48.0,,,,,,1055,1412,1779,2035,2441,2583,3124
PAGEIND,F&O VOL,6083,7550,,,,,,,,,197,532,1198,1554,2032,2524,2833
PAGEIND,F&O OI,19271,18895,,,,,,,,,19266,19248,19225,19232,19272,19261,19265
PAGEIND,CALL VOL,2788,2123,,,,,,,,,132,223,,,,563,605
PAGEIND,CALL OI,2091,1798,,,,,,,,,2731,2718,,,,2011,2015
PAGEIND,PUT VOL,902,1053,,,,,,,,,22,48,,,,177,196
PAGEIND,PUT OI,1718,1701,,,,,,,,,1826,1839,,,,1780,1783
PATANJALI,PRICE,341.0,341.0,,,,341.0,340.17,338.5,340.67,340.0,341.0,340.0,340.0,338.0,338.0,338.0,338.0
PATANJALI,VWAP,,,,,,,,,,,341.04,340.77,340.69,340.2,340.03,339.92,339.83
PATANJALI,CASH VOL,1986378,1986378,,41.91,41.91,,,,,,158160,216607,254446,361488,402843,441561,476264
PATANJALI,F&O VOL,8085,3474,,,,,,,,,682,904,1243,1888,2203,2369,2493
PATANJALI,F&O OI,42655,42802,,,,,,,,,42730,42717,42728,42878,42923,42930,42889
PATANJALI,CALL VOL,3239,1163,,,,,,,,,331,458,,,,1008,1042
PATANJALI,CALL OI,4419,4346,,,,,,,,,4488,4506,,,,4600,4597
PATANJALI,PUT VOL,1636,604,,,,,,,,,90,139,,,,562,619
PATANJALI,PUT OI,2958,3141,,,,,,,,,2964,2961,,,,3049,2996
PAYTM,PRICE,1807.5,1807.5,,,,1808.0,1799.47,1783.4,1784.33,1738.0,1771.0,1776.0,1768.0,1769.0,1766.0,1772.0,1769.0
PAYTM,VWAP,,,,,,,,,,,1779.68,1777.23,1776.16,1775.72,1774.9,1774.03,1773.72
PAYTM,CASH VOL,9269434,9269434,,35.19,35.19,,,,,,581715,758217,970449,1177215,1284313,1504691,1600544
PAYTM,F&O VOL,191498,41762,,,,,,,,,15716,23717,27963,32304,34351,37061,38250
PAYTM,F&O OI,65236,60486,,,,,,,,,64560,64429,64563,64622,64571,64537,64283
PAYTM,CALL VOL,79964,16956,,,,,,,,,5097,8183,,,,13335,12808
PAYTM,CALL OI,14041,15543,,,,,,,,,14205,14314,,,,14393,14845
PAYTM,PUT VOL,44009,9812,,,,,,,,,5412,7433,,,,10423,11166
PAYTM,PUT OI,9532,6193,,,,,,,,,7187,7092,,,,7120,8491
PERSISTENT,PRICE,5516.0,5516.0,,,,5654.0,5509.0,5495.0,5509.42,5496.25,5720.0,5750.0,5716.0,5647.0,5630.0,5664.0,5665.0
PERSISTENT,VWAP,,,,,,,,,,,5722.28,5732.84,5726.87,5716.67,5706.18,5702.33,5699.5
PERSISTENT,CASH VOL,335360,335360,,30.0,30.0,,,,,,107267,201565,262989,299756,337435,364002,388609
PERSISTENT,F&O VOL,33197,56772,,,,,,,,,16020,29238,39508,45367,50114,54129,58070
PERSISTENT,F&O OI,54194,54333,,,,,,,,,53666,53605,53564,52753,52577,52700,52470
PERSISTENT,CALL VOL,20407,36049,,,,,,,,,12237,20330,,,,34332,33187
PERSISTENT,CALL OI,12875,13267,,,,,,,,,13332,13125,,,,12989,11912
PERSISTENT,PUT VOL,7932,13362,,,,,,,,,2607,6067,,,,13897,15405
PERSISTENT,PUT OI,8588,8770,,,,,,,,,8633,9204,,,,8413,8585
PETRONET,PRICE,287.2,287.2,,,,287.05,286.64,285.52,288.43,287.61,286.0,286.0,287.0,287.0,287.0,285.0,285.0
PETRONET,VWAP,,,,,,,,,,,285.99,286.06,286.49,286.78,286.94,286.8,286.69
PETRONET,CASH VOL,781806,781806,,57.9,57.9,,,,,,39231,76804,143260,209477,315871,371001,408229
PETRONET,F&O VOL,3773,5568,,,,,,,,,81,295,417,671,846,1332,1430
PETRONET,F&O OI,23317,23096,,,,,,,,,23313,23273,23271,23299,23336,23460,23475
PETRONET,CALL VOL,1801,2873,,,,,,,,,37,162,,,,656,710
PETRONET,CALL OI,4176,4045,,,,,,,,,4178,4182,,,,4251,4267
PETRONET,PUT VOL,1160,1445,,,,,,,,,20,104,,,,400,449
PETRONET,PUT OI,2475,2482,,,,,,,,,2466,2421,,,,2429,2423
PFC,PRICE,353.45,353.45,,,,352.45,352.54,350.73,353.57,353.49,351.0,350.0,350.0,348.0,348.0,348.0,348.0
PFC,VWAP,,,,,,,,,,,351.22,350.61,350.35,349.83,349.68,349.49,349.3
PFC,CASH VOL,6198609,6198609,,72.18,72.18,,,,,,339798,632501,907500,1201901,1413522,1586305,2214666
PFC,F&O VOL,17343,33443,,,,,,,,,488,1262,3430,5184,6059,6814,8573
PFC,F&O OI,121478,122386,,,,,,,,,121487,121525,121229,121262,121086,121137,121079
PFC,CALL VOL,6795,12596,,,,,,,,,207,685,,,,3042,4032
PFC,CALL OI,13819,13558,,,,,,,,,13817,13835,,,,13907,13876
PFC,PUT VOL,4931,10220,,,,,,,,,148,292,,,,1228,1613
PFC,PUT OI,12278,13075,,,,,,,,,12268,12258,,,,12167,12185
PGEL,PRICE,545.0,545.0,,,,543.75,542.08,536.25,546.08,545.36,542.0,542.0,542.0,537.0,536.0,536.0,533.0
PGEL,VWAP,,,,,,,,,,,542.03,541.91,541.71,540.61,540.11,539.72,539.25
PGEL,CASH VOL,852250,852250,,42.58,42.58,,,,,,52395,87119,106931,142089,161638,176377,195656
PGEL,F&O VOL,7259,4941,,,,,,,,,238,413,673,1040,1229,1363,1685
PGEL,F&O OI,22978,22210,,,,,,,,,23035,23058,23088,23204,23228,23259,23273
PGEL,CALL VOL,2807,1821,,,,,,,,,106,186,,,,611,720
PGEL,CALL OI,2524,2348,,,,,,,,,3034,3055,,,,3176,2717
PGEL,PUT VOL,1886,1412,,,,,,,,,42,69,,,,322,406
PGEL,PUT OI,2692,2446,,,,,,,,,2736,2746,,,,2791,2736
PHOENIXLTD,PRICE,1890.0,1890.0,,,,1890.0,1882.52,1867.55,1887.85,1883.55,1880.0,1877.0,1884.0,1869.0,1868.0,1873.0,1870.0
PHOENIXLTD,VWAP,,,,,,,,,,,1874.27,1876.39,1878.0,1876.39,1874.87,1874.39,1873.89
PHOENIXLTD,CASH VOL,723014,723014,,60.08,60.08,,,,,,23297,38983,55630,73025,86454,96406,114254
PHOENIXLTD,F&O VOL,8166,4261,,,,,,,,,197,532,771,1052,1228,1327,1415
PHOENIXLTD,F&O OI,16235,16431,,,,,,,,,16209,16228,16176,16141,16166,16156,16166
PHOENIXLTD,CALL VOL,1943,1345,,,,,,,,,28,154,,,,413,402
PHOENIXLTD,CALL OI,991,1027,,,,,,,,,1103,1090,,,,1067,972
PHOENIXLTD,PUT VOL,1774,359,,,,,,,,,64,127,,,,319,369
PHOENIXLTD,PUT OI,1271,1312,,,,,,,,,1287,1277,,,,1276,1250
PIDILITIND,PRICE,1566.9,1566.9,,,,1566.9,1562.65,1554.15,1584.65,1572.82,1565.0,1563.0,1561.0,1555.0,1558.0,1555.0,1554.0
PIDILITIND,VWAP,,,,,,,,,,,1569.96,1567.63,1565.58,1563.33,1562.62,1562.31,1561.23
PIDILITIND,CASH VOL,389368,389368,,58.99,58.99,,,,,,21428,42941,57563,73201,83327,87800,100495
PIDILITIND,F&O VOL,3501,4386,,,,,,,,,77,355,505,659,766,820,897
PIDILITIND,F&O OI,15216,15180,,,,,,,,,15211,15259,15269,15281,15286,15280,15297
PIDILITIND,CALL VOL,1160,1386,,,,,,,,,39,141,,,,317,353
PIDILITIND,CALL OI,1252,1227,,,,,,,,,1370,1231,,,,1244,1253
PIDILITIND,PUT VOL,1288,1647,,,,,,,,,27,92,,,,233,253
PIDILITIND,PUT OI,1661,1713,,,,,,,,,1697,1661,,,,1644,1648
PIIND,PRICE,2259.0,2259.0,,,,2260.0,2278.0,2265.33,2329.75,2282.58,2255.0,2268.0,2265.0,2278.0,2284.0,2275.0,2270.0
PIIND,VWAP,,,,,,,,,,,2266.57,2272.41,2272.0,2272.7,2273.74,2273.89,2273.7
PIIND,CASH VOL,1124887,1124887,,31.78,31.78,,,,,,27198,46446,58646,65675,75937,79675,88372
PIIND,F&O VOL,135694,6132,,,,,,,,,2157,5301,7169,8337,9239,9899,10651
PIIND,F&O OI,49985,38731,,,,,,,,,49976,49739,49897,49863,49880,49791,49628
PIIND,CALL VOL,55448,2374,,,,,,,,,1400,3212,,,,5307,5739
PIIND,CALL OI,8800,4708,,,,,,,,,9245,8709,,,,9137,8528
PIIND,PUT VOL,63800,1464,,,,,,,,,394,1285,,,,2335,2693
PIIND,PUT OI,7442,4664,,,,,,,,,7032,7264,,,,6724,7088
PNB,PRICE,116.75,116.75,,,,116.75,116.55,116.16,116.62,116.36,116.0,116.0,116.0,115.0,115.0,115.0,115.0
PNB,VWAP,,,,,,,,,,,116.84,116.67,116.46,116.2,116.17,116.15,116.11
PNB,CASH VOL,11479971,11479971,,42.3,42.3,,,,,,630953,1177698,1625670,2165485,2348634,2492127,2711651
PNB,F&O VOL,22044,28539,,,,,,,,,832,2184,3992,5030,5511,5743,6105
PNB,F&O OI,49387,48867,,,,,,,,,49462,49544,49732,49795,49849,49856,49806
PNB,CALL VOL,9475,12369,,,,,,,,,505,1322,,,,2753,2926
PNB,CALL OI,5286,5390,,,,,,,,,5657,5422,,,,5704,5687
PNB,PUT VOL,6185,7933,,,,,,,,,183,680,,,,1452,1569
PNB,PUT OI,4705,4019,,,,,,,,,4544,4701,,,,4691,4684
PNBHOUSING,PRICE,1178.9,1178.9,,,,1178.8,1177.87,1175.8,1173.0,1161.2,1170.0,1153.0,1156.0,1152.0,1151.0,1150.0,1150.0
PNBHOUSING,VWAP,,,,,,,,,,,1169.33,1165.0,1162.76,1161.43,1160.13,1159.49,1159.18
PNBHOUSING,CASH VOL,1152599,1152599,,45.9,45.9,,,,,,28316,42838,53665,61821,71193,75674,78664
PNBHOUSING,F&O VOL,17177,12153,,,,,,,,,645,1343,1854,2140,2290,2606,2791
PNBHOUSING,F&O OI,21684,21394,,,,,,,,,21805,21836,21870,21883,21878,21899,21917
PNBHOUSING,CALL VOL,9888,6914,,,,,,,,,343,778,,,,1339,1425
PNBHOUSING,CALL OI,2798,2677,,,,,,,,,3242,3297,,,,2848,2851
PNBHOUSING,PUT VOL,3672,2352,,,,,,,,,100,254,,,,535,586
PNBHOUSING,PUT OI,1704,1815,,,,,,,,,1674,1656,,,,1696,1699
POLICYBZR,PRICE,1797.3,1797.3,,,,1799.0,1793.3,1785.3,1797.75,1797.45,1802.0,1795.0,1797.0,1790.0,1790.0,1787.0,1787.0
POLICYBZR,VWAP,,,,,,,,,,,1789.58,1794.74,1795.0,1794.93,1793.99,1793.25,1793.14
POLICYBZR,CASH VOL,564406,564406,,48.37,48.37,,,,,,26981,161756,178945,252913,305936,343798,351307
POLICYBZR,F&O VOL,8617,4223,,,,,,,,,181,561,741,1288,1685,1971,2086
POLICYBZR,F&O OI,27500,27666,,,,,,,,,27513,27574,27619,27680,27767,27849,27865
POLICYBZR,CALL VOL,2618,1106,,,,,,,,,106,354,,,,759,792
POLICYBZR,CALL OI,2308,2352,,,,,,,,,2891,2940,,,,2384,2385
POLICYBZR,PUT VOL,1596,949,,,,,,,,,30,110,,,,385,397
POLICYBZR,PUT OI,3928,3927,,,,,,,,,3993,4000,,,,3966,3964
POLYCAB,PRICE,8241.0,8241.0,,,,8258.5,8233.5,8218.5,8275.5,8252.5,8267.0,8232.0,8210.0,8166.0,8172.0,8180.0,8163.0
POLYCAB,VWAP,,,,,,,,,,,8227.22,8225.86,8224.74,8210.69,8207.66,8204.72,8201.95
POLYCAB,CASH VOL,400369,400369,,47.89,47.89,,,,,,29069,37254,47189,67887,73802,82363,88346
POLYCAB,F&O VOL,44690,23372,,,,,,,,,1720,3110,4460,6727,7659,8479,9838
POLYCAB,F&O OI,65888,65730,,,,,,,,,66005,66045,66079,65956,65842,65914,65899
POLYCAB,CALL VOL,16600,7918,,,,,,,,,734,1333,,,,3367,3855
POLYCAB,CALL OI,8472,8104,,,,,,,,,8446,8537,,,,8832,8867
POLYCAB,PUT VOL,13254,5597,,,,,,,,,418,854,,,,2306,2563
POLYCAB,PUT OI,9898,9671,,,,,,,,,9968,9903,,,,9745,9787
POWERGRID,PRICE,269.1,269.1,,,,267.15,271.2,269.8,268.91,268.52,267.0,265.0,266.0,264.0,265.0,265.0,264.0
POWERGRID,VWAP,,,,,,,,,,,266.78,266.26,266.15,265.95,265.89,265.85,265.77
POWERGRID,CASH VOL,11423068,11423068,,54.86,54.86,,,,,,422939,873609,1473798,1744213,1901189,2016932,2176460
POWERGRID,F&O VOL,37497,40753,,,,,,,,,3482,7299,9824,11781,12570,13126,13826
POWERGRID,F&O OI,69216,70091,,,,,,,,,69219,69802,69998,70111,70109,70138,69981
POWERGRID,CALL VOL,18384,19737,,,,,,,,,1708,4355,,,,4974,5262
POWERGRID,CALL OI,7143,6779,,,,,,,,,11261,11644,,,,7198,7246
POWERGRID,PUT VOL,8309,9679,,,,,,,,,896,1715,,,,2883,3073
POWERGRID,PUT OI,6021,6499,,,,,,,,,6110,6140,,,,5923,5938
POWERINDIA,PRICE,31435.0,31435.0,,,,31260.0,31325.83,31107.5,31410.83,31362.5,31040.0,30890.0,30880.0,30675.0,30325.0,30480.0,30365.0
POWERINDIA,VWAP,,,,,,,,,,,30930.33,30886.22,30867.35,30825.8,30698.77,30652.78,30635.2
POWERINDIA,CASH VOL,53538,53538,,33.03,33.03,,,,,,9490,14684,20000,25012,34249,38802,41994
POWERINDIA,F&O VOL,26770,17836,,,,,,,,,3621,6975,9938,13010,17812,20677,22575
POWERINDIA,F&O OI,56528,56064,,,,,,,,,57174,57496,57946,58562,59126,59428,59582
POWERINDIA,CALL VOL,8326,4863,,,,,,,,,1744,3612,,,,8364,9178
POWERINDIA,CALL OI,8139,8000,,,,,,,,,9925,10133,,,,9648,9744
POWERINDIA,PUT VOL,4699,3081,,,,,,,,,582,1048,,,,4576,5053
POWERINDIA,PUT OI,7104,7261,,,,,,,,,7506,7545,,,,6996,7069
PREMIERENE,PRICE,974.2,974.2,,,,967.1,971.23,965.3,978.35,975.58,963.0,962.0,965.0,966.0,966.0,966.0,964.0
PREMIERENE,VWAP,,,,,,,,,,,964.26,964.0,964.14,964.37,964.75,964.89,964.7
PREMIERENE,CASH VOL,1528118,1528118,,49.6,49.6,,,,,,46449,69588,88882,105273,116134,122700,154615
PREMIERENE,F&O VOL,12561,4829,,,,,,,,,712,1115,1456,1809,2074,2385,2853
PREMIERENE,F&O OI,26888,27788,,,,,,,,,27054,27095,27105,27108,27078,27088,27164
PREMIERENE,CALL VOL,5833,1977,,,,,,,,,427,721,,,,1335,1553
PREMIERENE,CALL OI,5124,4756,,,,,,,,,5267,5324,,,,5288,5331
PREMIERENE,PUT VOL,1884,989,,,,,,,,,197,258,,,,661,840
PREMIERENE,PUT OI,4902,4688,,,,,,,,,4917,4919,,,,4939,5019
PRESTIGE,PRICE,1498.0,1498.0,,,,1498.2,1499.0,1498.33,1531.1,1509.03,1494.0,1477.0,1476.0,1459.0,1462.0,1458.0,1457.0
PRESTIGE,VWAP,,,,,,,,,,,1487.0,1478.9,1476.73,1472.04,1471.21,1470.13,1469.67
PRESTIGE,CASH VOL,746627,746627,,37.94,37.94,,,,,,40489,65436,82941,118514,125994,136282,141051
PRESTIGE,F&O VOL,19842,6811,,,,,,,,,896,1785,2266,3005,3441,3823,4093
PRESTIGE,F&O OI,23072,21923,,,,,,,,,22990,22945,22912,22958,22993,22994,22984
PRESTIGE,CALL VOL,2869,963,,,,,,,,,256,418,,,,865,914
PRESTIGE,CALL OI,1300,957,,,,,,,,,1322,1627,,,,1459,1480
PRESTIGE,PUT VOL,8600,2359,,,,,,,,,482,608,,,,1519,1653
PRESTIGE,PUT OI,3453,2130,,,,,,,,,3349,2944,,,,3364,3380
RADICO,PRICE,4368.1,4368.1,,,,4370.1,4400.05,4378.75,4430.05,4388.75,4354.0,4348.0,4344.0,4363.0,4361.0,4381.0,4385.0
RADICO,VWAP,,,,,,,,,,,4354.72,4351.41,4349.44,4351.88,4352.94,4359.06,4361.12
RADICO,CASH VOL,104310,104310,,44.29,44.29,,,,,,13283,18882,25253,49894,53993,67242,71996
RADICO,F&O VOL,4354,5219,,,,,,,,,248,845,1130,1639,1753,2045,2279
RADICO,F&O OI,13174,13146,,,,,,,,,13221,13236,13245,13310,13308,13330,13303
RADICO,CALL VOL,1065,2072,,,,,,,,,96,262,,,,722,856
RADICO,CALL OI,2458,2458,,,,,,,,,2418,2446,,,,2505,2493
RADICO,PUT VOL,1374,696,,,,,,,,,80,186,,,,459,504
RADICO,PUT OI,1559,1503,,,,,,,,,1641,1614,,,,1576,1576
RBLBANK,PRICE,412.55,412.55,,,,412.65,412.12,411.25,413.2,412.77,412.0,410.0,410.0,408.0,409.0,409.0,408.0
RBLBANK,VWAP,,,,,,,,,,,411.93,410.65,410.39,409.99,409.93,409.87,409.79
RBLBANK,CASH VOL,3209425,3209425,,54.34,54.34,,,,,,50253,117869,148303,205674,241485,275787,297175
RBLBANK,F&O VOL,10321,9066,,,,,,,,,373,924,1298,1725,1951,2129,2344
RBLBANK,F&O OI,26061,26057,,,,,,,,,26051,26074,26110,26102,26087,26073,26044
RBLBANK,CALL VOL,3662,3443,,,,,,,,,186,469,,,,1032,1126
RBLBANK,CALL OI,5615,5624,,,,,,,,,5614,5652,,,,5688,5679
RBLBANK,PUT VOL,4217,2760,,,,,,,,,114,287,,,,638,725
RBLBANK,PUT OI,4032,4088,,,,,,,,,4034,4006,,,,4008,4007
RECLTD,PRICE,312.7,312.7,,,,313.0,313.15,312.85,316.32,313.91,313.0,314.0,314.0,313.0,313.0,312.0,313.0
RECLTD,VWAP,,,,,,,,,,,313.63,313.9,314.03,313.79,313.78,313.72,313.69
RECLTD,CASH VOL,4509899,4509899,,54.99,54.99,,,,,,168219,246406,480563,738290,827457,892814,1265390
RECLTD,F&O VOL,14045,15289,,,,,,,,,690,1142,2059,3336,3740,4147,4845
RECLTD,F&O OI,62125,63673,,,,,,,,,62091,62121,62221,62319,62341,62385,62408
RECLTD,CALL VOL,6995,6938,,,,,,,,,276,537,,,,1832,2150
RECLTD,CALL OI,9427,9961,,,,,,,,,9463,9488,,,,9509,9529
RECLTD,PUT VOL,2414,4022,,,,,,,,,119,252,,,,1004,1199
RECLTD,PUT OI,6974,7155,,,,,,,,,6955,6956,,,,6970,7009
RELIANCE,PRICE,1257.5,1257.5,,,,1252.5,1260.2,1258.4,1288.6,1267.87,1256.0,1257.0,1256.0,1256.0,1255.0,1255.0,1254.0
RELIANCE,VWAP,,,,,,,,,,,1253.39,1253.25,1254.2,1254.28,1254.42,1254.5,1254.52
RELIANCE,CASH VOL,8777736,8777736,,54.5,54.5,,,,,,2137511,2892440,3536836,3923507,4125195,4355379,4832946
RELIANCE,F&O VOL,328905,288715,,,,,,,,,25599,56447,83177,98776,106758,114256,126449
RELIANCE,F&O OI,601205,579537,,,,,,,,,607220,611697,616544,619041,620210,621277,621913
RELIANCE,CALL VOL,122606,79513,,,,,,,,,11123,26614,,,,49247,52085
RELIANCE,CALL OI,56894,47901,,,,,,,,,60019,72400,,,,76150,67714
RELIANCE,PUT VOL,71789,73353,,,,,,,,,5645,11625,,,,21484,26662
RELIANCE,PUT OI,48639,46377,,,,,,,,,49099,48356,,,,48931,50043
RVNL,PRICE,204.9,204.9,,,,205.0,204.44,203.51,209.25,206.35,206.0,205.0,204.0,203.0,204.0,203.0,203.0
RVNL,VWAP,,,,,,,,,,,205.71,205.63,205.27,204.95,204.83,204.77,204.67
RVNL,CASH VOL,3816727,3816727,,35.51,35.51,,,,,,537791,741895,983811,1168324,1301132,1362783,1445794
RVNL,F&O VOL,13570,15405,,,,,,,,,944,1768,3299,4280,4779,5148,5432
RVNL,F&O OI,50755,48988,,,,,,,,,50607,50682,50979,51234,51213,51232,51282
RVNL,CALL VOL,8094,10912,,,,,,,,,687,1237,,,,3388,3592
RVNL,CALL OI,13814,12511,,,,,,,,,13658,13761,,,,14318,14350
RVNL,PUT VOL,2103,1747,,,,,,,,,73,121,,,,555,590
RVNL,PUT OI,6731,6764,,,,,,,,,6736,6729,,,,6718,6718
SAIL,PRICE,179.0,179.0,,,,179.53,180.54,179.51,187.82,181.94,177.0,177.0,177.0,177.0,177.0,176.0,176.0
SAIL,VWAP,,,,,,,,,,,178.29,178.03,177.87,177.77,177.7,177.53,177.42
SAIL,CASH VOL,8764231,8764231,,40.33,40.33,,,,,,785512,1077021,1391286,1619029,1835453,2252329,2493939
SAIL,F&O VOL,416,113,,,,,,,,,26,34,66,79,86,184,194
SAIL,F&O OI,51251,51345,,,,,,,,,51235,51232,51227,51228,51225,51198,51186
SAIL,CALL VOL,29,10,,,,,,,,,8,10,,,,48,48
SAIL,CALL OI,1436,1432,,,,,,,,,1434,1433,,,,1438,1438
SAIL,PUT VOL,160,26,,,,,,,,,11,14,,,,56,59
SAIL,PUT OI,2890,2922,,,,,,,,,2880,2880,,,,2863,2858
SBICARD,PRICE,655.2,655.2,,,,652.1,657.6,656.0,661.88,657.42,650.0,642.0,640.0,635.0,636.0,636.0,631.0
SBICARD,VWAP,,,,,,,,,,,648.43,644.07,642.49,640.39,639.66,639.39,638.06
SBICARD,CASH VOL,1571692,1571692,,61.18,61.18,,,,,,44860,145393,241595,351729,415477,457837,574487
SBICARD,F&O VOL,15950,10912,,,,,,,,,1024,3201,5861,9217,11379,11916,14550
SBICARD,F&O OI,45796,46474,,,,,,,,,45799,45976,46492,46482,46406,46431,46679
SBICARD,CALL VOL,4548,2725,,,,,,,,,471,1267,,,,3890,4447
SBICARD,CALL OI,4963,4978,,,,,,,,,5551,5693,,,,5747,5458
SBICARD,PUT VOL,4064,2605,,,,,,,,,145,739,,,,4275,5527
SBICARD,PUT OI,6310,6783,,,,,,,,,5892,5894,,,,6062,6546
SBILIFE,PRICE,1684.7,1684.7,,,,1672.1,1684.58,1684.35,1723.0,1697.47,1680.0,1681.0,1678.0,1668.0,1671.0,1675.0,1672.0
SBILIFE,VWAP,,,,,,,,,,,1676.95,1677.06,1677.12,1675.52,1675.22,1675.15,1674.93
SBILIFE,CASH VOL,308631,308631,,56.15,56.15,,,,,,41563,69383,82329,102571,111272,118740,133679
SBILIFE,F&O VOL,9644,11630,,,,,,,,,874,1606,2232,3041,3317,3567,3818
SBILIFE,F&O OI,39557,40188,,,,,,,,,39721,39746,39929,40175,40200,40280,40226
SBILIFE,CALL VOL,4267,5477,,,,,,,,,411,916,,,,1847,1936
SBILIFE,CALL OI,4364,4317,,,,,,,,,4458,4463,,,,4732,4731
SBILIFE,PUT VOL,2220,2791,,,,,,,,,153,282,,,,723,836
SBILIFE,PUT OI,4251,4050,,,,,,,,,4246,4236,,,,4322,4356
SBIN,PRICE,995.7,995.7,,,,994.0,997.45,996.28,1007.05,999.48,993.0,988.0,987.0,982.0,981.0,980.0,980.0
SBIN,VWAP,,,,,,,,,,,994.34,991.5,989.3,987.37,986.49,985.84,985.47
SBIN,CASH VOL,7771109,7771109,,53.86,53.86,,,,,,699240,1261571,1888616,2466773,2840160,3156776,3391372
SBIN,F&O VOL,152836,104092,,,,,,,,,9917,28558,49114,69115,79683,87694,94831
SBIN,F&O OI,292628,286902,,,,,,,,,294738,297311,300482,302605,303504,304256,304789
SBIN,CALL VOL,47498,28889,,,,,,,,,4507,13195,,,,31364,34727
SBIN,CALL OI,23226,19536,,,,,,,,,32747,34148,,,,30615,31183
SBIN,PUT VOL,48811,32631,,,,,,,,,2166,7143,,,,21034,23385
SBIN,PUT OI,27805,27032,,,,,,,,,30918,31076,,,,28666,28664
SHREECEM,PRICE,22570.0,22570.0,,,,22620.0,22555.0,22525.0,23145.0,22761.67,22530.0,22590.0,22585.0,22545.0,22500.0,22495.0,22435.0
SHREECEM,VWAP,,,,,,,,,,,22528.37,22554.06,22557.04,22553.53,22550.11,22545.26,22532.47
SHREECEM,CASH VOL,16171,16171,,54.13,54.13,,,,,,564,1308,1577,1845,2145,2284,2645
SHREECEM,F&O VOL,7278,7103,,,,,,,,,170,566,880,1124,1376,1664,2000
SHREECEM,F&O OI,23624,23282,,,,,,,,,23650,23705,23714,23720,23715,23714,23745
SHREECEM,CALL VOL,803,288,,,,,,,,,33,125,,,,317,393
SHREECEM,CALL OI,580,421,,,,,,,,,589,629,,,,622,643
SHREECEM,PUT VOL,880,439,,,,,,,,,0,43,,,,159,216
SHREECEM,PUT OI,1190,1162,,,,,,,,,1190,1190,,,,1165,1159
SHRIRAMFIN,PRICE,1028.6,1028.6,,,,1044.9,1027.02,1023.85,1029.55,1028.92,1022.0,1014.0,1010.0,1002.0,1001.0,997.0,997.0
SHRIRAMFIN,VWAP,,,,,,,,,,,1021.85,1018.78,1015.87,1013.8,1011.06,1009.46,1008.93
SHRIRAMFIN,CASH VOL,3171217,3171217,,57.19,57.19,,,,,,548126,937634,1247448,1549366,1860904,2090513,2179388
SHRIRAMFIN,F&O VOL,26151,17764,,,,,,,,,2222,4111,7405,9938,11937,14469,15793
SHRIRAMFIN,F&O OI,63922,63888,,,,,,,,,63939,64232,64823,65244,65451,65897,65582
SHRIRAMFIN,CALL VOL,10097,8375,,,,,,,,,1108,2220,,,,6605,7254
SHRIRAMFIN,CALL OI,8704,8869,,,,,,,,,10347,8932,,,,9915,10044
SHRIRAMFIN,PUT VOL,10931,4519,,,,,,,,,556,1071,,,,4113,4485
SHRIRAMFIN,PUT OI,9553,9158,,,,,,,,,9693,9430,,,,9557,9502
SIEMENS,PRICE,3957.0,3957.0,,,,3957.4,3940.57,3907.7,3948.23,3930.7,3924.0,3899.0,3900.0,3873.0,3874.0,3857.0,3842.0
SIEMENS,VWAP,,,,,,,,,,,3914.98,3907.49,3905.44,3899.34,3896.33,3889.48,3883.6
SIEMENS,CASH VOL,172514,172514,,27.0,27.0,,,,,,15742,28459,38389,50308,56948,70206,81000
SIEMENS,F&O VOL,10781,6065,,,,,,,,,999,2293,3048,3991,4531,5515,6223
SIEMENS,F&O OI,37541,37223,,,,,,,,,37809,37899,38056,38197,38218,38170,38237
SIEMENS,CALL VOL,4836,2605,,,,,,,,,550,1291,,,,2592,2860
SIEMENS,CALL OI,5239,4957,,,,,,,,,5711,5815,,,,5580,5614
SIEMENS,PUT VOL,2528,1202,,,,,,,,,143,448,,,,1098,1293
SIEMENS,PUT OI,5303,5176,,,,,,,,,5261,5226,,,,5240,5275
SOLARINDS,PRICE,22290.0,22290.0,,,,22320.0,22315.0,22298.33,22205.83,22037.5,21625.0,21095.0,20740.0,20305.0,20500.0,20345.0,20440.0
SOLARINDS,VWAP,,,,,,,,,,,21748.64,21553.23,21316.39,21055.84,20949.49,20895.89,20752.5
SOLARINDS,CASH VOL,148838,148838,,46.78,46.78,,,,,,106988,176293,238973,316592,374251,410133,560354
SOLARINDS,F&O VOL,49310,23712,,,,,,,,,22555,48788,87867,118952,141221,153520,172589
SOLARINDS,F&O OI,47483,46311,,,,,,,,,48283,50872,56472,60563,62778,64927,66364
SOLARINDS,CALL VOL,21265,9134,,,,,,,,,7361,8160,,,,17850,22460
SOLARINDS,CALL OI,3861,4011,,,,,,,,,10309,7711,,,,8356,8798
SOLARINDS,PUT VOL,10057,5982,,,,,,,,,7140,17955,,,,51316,56869
SOLARINDS,PUT OI,8823,8809,,,,,,,,,7233,8582,,,,9913,10189
SONACOMS,PRICE,788.0,788.0,,,,788.0,793.42,789.81,795.58,790.53,786.0,787.0,787.0,781.0,781.0,781.0,779.0
SONACOMS,VWAP,,,,,,,,,,,786.75,786.55,787.11,786.26,785.72,785.53,784.42
SONACOMS,CASH VOL,832096,832096,,48.61,48.61,,,,,,27564,46643,84495,106682,117296,122939,147772
SONACOMS,F&O VOL,7584,9890,,,,,,,,,695,955,1691,2078,2627,2771,3167
SONACOMS,F&O OI,19369,19955,,,,,,,,,19368,19356,19525,19513,19417,19403,19400
SONACOMS,CALL VOL,2371,4382,,,,,,,,,486,603,,,,1186,1321
SONACOMS,CALL OI,2502,2454,,,,,,,,,3045,3053,,,,2544,2534
SONACOMS,PUT VOL,1102,1445,,,,,,,,,31,67,,,,297,377
SONACOMS,PUT OI,3031,3052,,,,,,,,,3093,3088,,,,3031,3038
SRF,PRICE,2482.4,2482.4,,,,2482.4,2484.0,2482.93,2510.0,2491.6,2474.0,2473.0,2471.0,2466.0,2473.0,2471.0,2462.0
SRF,VWAP,,,,,,,,,,,2473.79,2473.41,2472.27,2470.22,2470.37,2470.5,2470.26
SRF,CASH VOL,288552,288552,,53.12,53.12,,,,,,9229,14798,20577,34538,37894,41498,44573
SRF,F&O VOL,11905,11206,,,,,,,,,424,789,1212,1548,1821,1929,2240
SRF,F&O OI,33738,33488,,,,,,,,,33843,33891,34044,34064,34043,34035,34057
SRF,CALL VOL,6088,7439,,,,,,,,,326,623,,,,1301,1504
SRF,CALL OI,5487,5211,,,,,,,,,5599,5607,,,,5688,5720
SRF,PUT VOL,2769,1811,,,,,,,,,49,96,,,,278,356
SRF,PUT OI,4374,4479,,,,,,,,,4296,4384,,,,4402,4388
SUNPHARMA,PRICE,1840.0,1840.0,,,,1854.6,1844.25,1841.42,1870.9,1850.3,1836.0,1839.0,1836.0,1830.0,1834.0,1834.0,1830.0
SUNPHARMA,VWAP,,,,,,,,,,,1841.59,1841.61,1840.15,1838.56,1838.06,1837.78,1837.44
SUNPHARMA,CASH VOL,1445071,1445071,,71.97,71.97,,,,,,106679,143523,170951,194773,209190,223280,235785
SUNPHARMA,F&O VOL,42405,30309,,,,,,,,,3879,6202,8380,10433,11701,12541,13486
SUNPHARMA,F&O OI,86582,85809,,,,,,,,,86752,86779,86895,87144,87248,87482,87303
SUNPHARMA,CALL VOL,19788,11941,,,,,,,,,1695,3182,,,,6419,6580
SUNPHARMA,CALL OI,9508,6738,,,,,,,,,15327,15371,,,,15760,10134
SUNPHARMA,PUT VOL,10590,8774,,,,,,,,,1052,1846,,,,3648,3828
SUNPHARMA,PUT OI,10047,10058,,,,,,,,,10728,10757,,,,10794,10119
SUPREMEIND,PRICE,3364.4,3364.4,,,,3369.0,3431.75,3386.85,3483.75,3404.18,3397.0,3389.0,3385.0,3378.0,3405.0,3391.0,3373.0
SUPREMEIND,VWAP,,,,,,,,,,,3377.53,3380.0,3381.45,3381.18,3386.48,3390.52,3389.94
SUPREMEIND,CASH VOL,130229,130229,,39.45,39.45,,,,,,13524,17249,20400,23241,31295,45486,48611
SUPREMEIND,F&O VOL,9996,2280,,,,,,,,,692,969,1293,1784,2455,3425,3971
SUPREMEIND,F&O OI,20110,19479,,,,,,,,,20127,20105,20044,20126,20241,20276,20239
SUPREMEIND,CALL VOL,2914,615,,,,,,,,,253,433,,,,1772,1994
SUPREMEIND,CALL OI,1417,1194,,,,,,,,,1723,1714,,,,1845,1484
SUPREMEIND,PUT VOL,3040,396,,,,,,,,,100,168,,,,627,757
SUPREMEIND,PUT OI,1803,1606,,,,,,,,,1926,1924,,,,1943,1826
SUZLON,PRICE,44.12,44.12,,,,44.53,44.03,43.86,44.8,44.35,44.0,44.0,44.0,44.0,44.0,43.0,43.0
SUZLON,VWAP,,,,,,,,,,,44.56,44.39,44.36,44.3,44.27,44.24,44.2
SUZLON,CASH VOL,52777120,52777120,,39.65,39.65,,,,,,3751703,6226009,7977073,9717929,10669871,11703417,13723199
SUZLON,F&O VOL,18126,18436,,,,,,,,,805,1694,2198,2941,3452,3770,4262
SUZLON,F&O OI,61327,60583,,,,,,,,,61195,61255,61347,61450,61646,61741,61771
SUZLON,CALL VOL,8652,9089,,,,,,,,,440,997,,,,2074,2339
SUZLON,CALL OI,7904,7324,,,,,,,,,7827,7898,,,,8194,8248
SUZLON,PUT VOL,3126,2965,,,,,,,,,92,223,,,,670,750
SUZLON,PUT OI,4284,4212,,,,,,,,,4284,4249,,,,4364,4372
SWIGGY,PRICE,278.2,278.2,,,,278.2,278.38,278.26,278.68,278.36,279.0,279.0,281.0,280.0,280.0,279.0,279.0
SWIGGY,VWAP,,,,,,,,,,,279.21,278.96,279.88,279.85,279.85,279.86,279.83
SWIGGY,CASH VOL,17233642,17233642,,45.42,45.42,,,,,,672206,1497558,2846326,3684476,3905522,4040629,4368825
SWIGGY,F&O VOL,31394,28107,,,,,,,,,541,1693,5160,6880,7623,8093,8695
SWIGGY,F&O OI,92625,92120,,,,,,,,,92671,92698,92689,92825,92790,92816,92789
SWIGGY,CALL VOL,16237,15030,,,,,,,,,313,1057,,,,4289,4595
SWIGGY,CALL OI,16052,15094,,,,,,,,,16106,16135,,,,16176,16193
SWIGGY,PUT VOL,6175,5846,,,,,,,,,99,296,,,,1839,1995
SWIGGY,PUT OI,13225,13198,,,,,,,,,13229,13236,,,,13168,13189
TATACONSUM,PRICE,991.0,991.0,,,,990.1,994.0,992.0,1003.95,995.32,992.0,1000.0,998.0,998.0,999.0,997.0,994.0
TATACONSUM,VWAP,,,,,,,,,,,1002.61,1002.39,1001.88,1001.59,1001.48,1001.4,1001.03
TATACONSUM,CASH VOL,905959,905959,,58.13,58.13,,,,,,476881,604226,720549,759823,791684,814489,865661
TATACONSUM,F&O VOL,9882,8966,,,,,,,,,2212,4016,6130,7316,8216,8962,9944
TATACONSUM,F&O OI,51161,51032,,,,,,,,,51352,51587,52122,52470,52715,53041,53134
TATACONSUM,CALL VOL,3988,3285,,,,,,,,,1404,2014,,,,4152,4027
TATACONSUM,CALL OI,3062,2804,,,,,,,,,4766,4203,,,,4766,3669
TATACONSUM,PUT VOL,2163,2299,,,,,,,,,296,973,,,,2557,2847
TATACONSUM,PUT OI,5845,5737,,,,,,,,,5130,6480,,,,7028,6620
TATAELXSI,PRICE,3383.0,3383.0,,,,3450.0,3392.35,3386.12,3458.95,3408.32,3488.0,3518.0,3527.0,3491.0,3516.0,3517.0,3518.0
TATAELXSI,VWAP,,,,,,,,,,,3493.76,3503.22,3503.25,3500.26,3502.61,3503.1,3504.22
TATAELXSI,CASH VOL,112924,112924,,43.19,43.19,,,,,,65724,123233,184319,208496,242649,260277,279298
TATAELXSI,F&O VOL,10844,17016,,,,,,,,,5023,11675,19593,23177,27586,29732,32015
TATAELXSI,F&O OI,37078,36247,,,,,,,,,36231,36499,37250,37879,37305,37258,37325
TATAELXSI,CALL VOL,5075,9751,,,,,,,,,3174,7779,,,,19181,20220
TATAELXSI,CALL OI,5929,5404,,,,,,,,,5365,5940,,,,6372,6348
TATAELXSI,PUT VOL,1482,2254,,,,,,,,,614,1662,,,,4586,5335
TATAELXSI,PUT OI,3704,3630,,,,,,,,,3646,3806,,,,3968,4266
TATAPOWER,PRICE,364.65,364.65,,,,375.0,365.17,364.83,367.98,365.76,371.0,370.0,369.0,367.0,368.0,368.0,367.0
TATAPOWER,VWAP,,,,,,,,,,,371.44,370.72,370.39,370.15,369.96,369.85,369.74
TATAPOWER,CASH VOL,2425732,2425732,,53.5,53.5,,,,,,878181,1137610,1277242,1356846,1438020,1508109,1571629
TATAPOWER,F&O VOL,16505,16155,,,,,,,,,6188,9734,12264,13675,14916,15949,16969
TATAPOWER,F&O OI,94537,94209,,,,,,,,,94757,94917,95330,95551,95712,95892,95991
TATAPOWER,CALL VOL,9217,8536,,,,,,,,,3115,4523,,,,7631,8225
TATAPOWER,CALL OI,15951,15738,,,,,,,,,16111,16280,,,,16745,16445
TATAPOWER,PUT VOL,4698,4669,,,,,,,,,1280,2842,,,,4480,4764
TATAPOWER,PUT OI,14964,15194,,,,,,,,,14587,14353,,,,14418,14948
TATASTEEL,PRICE,183.0,183.0,,,,186.1,182.84,182.51,185.52,183.84,182.0,183.0,183.0,182.0,183.0,183.0,184.0
TATASTEEL,VWAP,,,,,,,,,,,184.2,184.13,183.98,183.76,183.68,183.7,183.83
TATASTEEL,CASH VOL,31510206,31510206,,50.34,50.34,,,,,,3804454,4984839,5896572,7122982,8236224,9576484,12193254
TATASTEEL,F&O VOL,75791,65875,,,,,,,,,11825,19441,23159,27344,30537,34182,37964
TATASTEEL,F&O OI,179036,175934,,,,,,,,,181687,182448,183258,183768,184176,184276,184198
TATASTEEL,CALL VOL,36575,28830,,,,,,,,,6352,9620,,,,16910,18725
TATASTEEL,CALL OI,26936,24851,,,,,,,,,27698,25947,,,,28363,28194
TATASTEEL,PUT VOL,16470,20412,,,,,,,,,1978,3691,,,,6355,7283
TATASTEEL,PUT OI,19064,18629,,,,,,,,,19390,21066,,,,19499,19495
TCS,PRICE,2200.8,2200.8,,,,2275.5,2209.05,2203.55,2242.7,2214.77,2303.0,2318.0,2315.0,2292.0,2300.0,2301.0,2308.0
TCS,VWAP,,,,,,,,,,,2305.05,2309.66,2309.32,2303.28,2302.82,2302.69,2302.65
TCS,CASH VOL,2634124,2634124,,50.96,50.96,,,,,,717784,1098064,1404538,1926299,2323250,2423905,2547634
TCS,F&O VOL,110966,101033,,,,,,,,,53077,90679,127066,152256,167493,173993,180416
TCS,F&O OI,242569,243938,,,,,,,,,242094,244363,244095,244782,245493,245619,245685
TCS,CALL VOL,56206,48006,,,,,,,,,25206,44418,,,,80414,83268
TCS,CALL OI,35766,35595,,,,,,,,,32488,33753,,,,36510,36299
TCS,PUT VOL,17106,13978,,,,,,,,,7180,15841,,,,46566,49025
TCS,PUT OI,17522,17281,,,,,,,,,15038,17371,,,,20872,21234
TECHM,PRICE,1541.0,1541.0,,,,1588.0,1539.98,1537.95,1545.8,1542.6,1622.0,1626.0,1621.0,1612.0,1617.0,1617.0,1619.0
TECHM,VWAP,,,,,,,,,,,1620.67,1621.39,1621.02,1619.59,1619.38,1619.29,1619.14
TECHM,CASH VOL,2007328,2007328,,43.57,43.57,,,,,,600557,846207,1020827,1129428,1208673,1254028,1314739
TECHM,F&O VOL,40784,45628,,,,,,,,,19999,32033,41247,46180,52441,54105,56129
TECHM,F&O OI,55888,56001,,,,,,,,,56245,56419,56284,56110,58839,59118,59352
TECHM,CALL VOL,22530,24975,,,,,,,,,11202,17246,,,,28221,29174
TECHM,CALL OI,9366,9203,,,,,,,,,8653,8715,,,,11361,11423
TECHM,PUT VOL,7115,4617,,,,,,,,,4058,8413,,,,14341,15057
TECHM,PUT OI,3847,3817,,,,,,,,,4495,5225,,,,5524,5706
TIINDIA,PRICE,2606.1,2606.1,,,,2606.1,2608.6,2606.93,2644.55,2618.92,2606.0,2596.0,2603.0,2589.0,2593.0,2593.0,2576.0
TIINDIA,VWAP,,,,,,,,,,,2595.32,2594.88,2597.19,2595.76,2595.53,2595.43,2593.5
TIINDIA,CASH VOL,135215,135215,,45.21,45.21,,,,,,19139,27154,40984,50142,53621,55931,64799
TIINDIA,F&O VOL,5327,5558,,,,,,,,,144,523,921,1136,1277,1409,1677
TIINDIA,F&O OI,19546,19328,,,,,,,,,19584,19606,19623,19643,19640,19644,19668
TIINDIA,CALL VOL,2308,1770,,,,,,,,,102,344,,,,757,906
TIINDIA,CALL OI,1926,1660,,,,,,,,,1951,1974,,,,2037,2063
TIINDIA,PUT VOL,1434,1497,,,,,,,,,10,82,,,,243,294
TIINDIA,PUT OI,1670,1720,,,,,,,,,1669,1665,,,,1669,1681
TITAN,PRICE,5009.5,5009.5,,,,5003.0,4999.33,4979.0,5001.5,4985.5,4961.0,4950.0,4952.0,4935.0,4924.0,4919.0,4915.0
TITAN,VWAP,,,,,,,,,,,4960.19,4950.63,4950.4,4947.35,4944.53,4942.45,4940.76
TITAN,CASH VOL,403235,403235,,52.36,52.36,,,,,,50700,79704,109689,142075,158113,170601,181173
TITAN,F&O VOL,28071,17740,,,,,,,,,3037,5972,7583,9329,11790,14117,15619
TITAN,F&O OI,58491,59149,,,,,,,,,58910,59150,59203,59350,59411,59523,59468
TITAN,CALL VOL,10383,8779,,,,,,,,,1648,3006,,,,5054,5574
TITAN,CALL OI,9676,9924,,,,,,,,,12935,13282,,,,10566,10654
TITAN,PUT VOL,11009,5078,,,,,,,,,945,2219,,,,5584,6355
TITAN,PUT OI,9854,9898,,,,,,,,,10085,9943,,,,9737,9853
TMPV,PRICE,301.1,301.1,,,,320.0,300.88,300.45,304.25,302.15,315.0,314.0,314.0,315.0,314.0,313.0,312.0
TMPV,VWAP,,,,,,,,,,,314.83,314.74,314.87,314.96,314.93,314.86,314.71
TMPV,CASH VOL,7683193,7683193,,42.5,42.5,,,,,,4182670,5885177,7428335,8559907,9246307,9816196,10509481
TMPV,F&O VOL,63719,54187,,,,,,,,,37039,59335,70321,80045,86747,91719,97526
TMPV,F&O OI,118490,119411,,,,,,,,,116883,115868,115725,116160,116297,116543,116024
TMPV,CALL VOL,32644,28278,,,,,,,,,19258,27960,,,,41347,40576
TMPV,CALL OI,20264,20206,,,,,,,,,20480,20014,,,,19863,18149
TMPV,PUT VOL,15558,14824,,,,,,,,,8191,17081,,,,27301,30876
TMPV,PUT OI,16545,16381,,,,,,,,,16176,16589,,,,16748,16621
TORNTPHARM,PRICE,4965.5,4965.5,,,,4931.0,4957.33,4941.0,4947.5,4911.5,4924.0,4925.0,4930.0,4910.0,4914.0,4911.0,4905.0
TORNTPHARM,VWAP,,,,,,,,,,,4926.37,4925.01,4927.08,4922.0,4921.56,4921.2,4917.73
TORNTPHARM,CASH VOL,263114,263114,,58.9,58.9,,,,,,16239,25275,42657,74041,77688,80393,98663
TORNTPHARM,F&O VOL,9801,14692,,,,,,,,,276,566,858,1257,1407,1484,1967
TORNTPHARM,F&O OI,33944,34508,,,,,,,,,34007,33975,33931,33926,33933,33920,33962
TORNTPHARM,CALL VOL,5452,7610,,,,,,,,,175,355,,,,764,1004
TORNTPHARM,CALL OI,3450,3575,,,,,,,,,3508,3506,,,,3518,3536
TORNTPHARM,PUT VOL,1897,1433,,,,,,,,,30,88,,,,379,494
TORNTPHARM,PUT OI,2299,2536,,,,,,,,,2301,2289,,,,2240,2257
TRENT,PRICE,2802.4,2802.4,,,,2802.4,2797.18,2786.75,2805.95,2803.58,2805.0,2805.0,2806.0,2791.0,2796.0,2787.0,2780.0
TRENT,VWAP,,,,,,,,,,,2804.1,2805.82,2804.65,2802.03,2801.28,2799.54,2798.08
TRENT,CASH VOL,677898,677898,,54.2,54.2,,,,,,31475,51134,67963,85924,93641,110267,120281
TRENT,F&O VOL,26911,18675,,,,,,,,,2011,3384,5099,5996,6520,7012,8507
TRENT,F&O OI,75998,75384,,,,,,,,,76136,76275,76589,76720,76668,76670,76756
TRENT,CALL VOL,12713,9104,,,,,,,,,1150,1945,,,,3844,4914
TRENT,CALL OI,14179,13613,,,,,,,,,14279,14366,,,,14587,14712
TRENT,PUT VOL,8522,4596,,,,,,,,,421,687,,,,1493,1796
TRENT,PUT OI,7421,7270,,,,,,,,,7452,7411,,,,7447,7479
TVSMOTOR,PRICE,4125.0,4125.0,,,,4150.0,4119.12,4107.35,4140.15,4130.05,4138.0,4125.0,4108.0,4090.0,4088.0,4081.0,4082.0
TVSMOTOR,VWAP,,,,,,,,,,,4128.83,4126.5,4120.3,4113.93,4110.69,4108.32,4105.61
TVSMOTOR,CASH VOL,454748,454748,,43.87,43.87,,,,,,32745,47212,69073,84199,94845,102869,114057
TVSMOTOR,F&O VOL,27370,20876,,,,,,,,,911,2262,3975,5040,5818,6198,6925
TVSMOTOR,F&O OI,73156,73622,,,,,,,,,73212,73325,73559,73603,73578,73569,73635
TVSMOTOR,CALL VOL,10926,7014,,,,,,,,,447,1362,,,,3133,3467
TVSMOTOR,CALL OI,7969,7857,,,,,,,,,7984,10365,,,,8300,8390
TVSMOTOR,PUT VOL,8349,5730,,,,,,,,,170,422,,,,1330,1530
TVSMOTOR,PUT OI,7331,7569,,,,,,,,,7347,8035,,,,7388,7346
ULTRACEMCO,PRICE,11000.0,11000.0,,,,11045.0,10975.0,10925.0,11080.0,11026.67,10916.0,10899.0,10886.0,10846.0,10797.0,10789.0,10781.0
ULTRACEMCO,VWAP,,,,,,,,,,,10927.09,10917.2,10905.16,10891.33,10873.72,10866.52,10847.94
ULTRACEMCO,CASH VOL,223277,223277,,64.97,64.97,,,,,,16091,21172,28669,37147,45296,49010,61305
ULTRACEMCO,F&O VOL,26897,14799,,,,,,,,,1104,2445,3895,5237,6710,7477,8814
ULTRACEMCO,F&O OI,68361,68357,,,,,,,,,68498,68625,68796,69159,69403,69630,69649
ULTRACEMCO,CALL VOL,6230,4085,,,,,,,,,336,895,,,,2406,2799
ULTRACEMCO,CALL OI,2341,1947,,,,,,,,,3012,3044,,,,2970,3111
ULTRACEMCO,PUT VOL,5092,3040,,,,,,,,,206,433,,,,1394,1922
ULTRACEMCO,PUT OI,3730,3666,,,,,,,,,3793,3793,,,,3874,3951
UNIONBANK,PRICE,178.1,178.1,,,,179.57,177.93,177.59,181.99,179.4,179.0,178.0,177.0,177.0,177.0,177.0,177.0
UNIONBANK,VWAP,,,,,,,,,,,179.15,178.58,178.21,177.98,177.92,177.88,177.81
UNIONBANK,CASH VOL,7422504,7422504,,52.61,52.61,,,,,,353995,610086,922118,1119942,1240652,1332352,1469732
UNIONBANK,F&O VOL,18714,26881,,,,,,,,,416,1254,2344,3136,3503,3747,4032
UNIONBANK,F&O OI,43530,41899,,,,,,,,,43554,43606,43630,43624,43632,43627,43622
UNIONBANK,CALL VOL,7269,8465,,,,,,,,,189,599,,,,1452,1620
UNIONBANK,CALL OI,6372,5739,,,,,,,,,6399,6434,,,,6454,6445
UNIONBANK,PUT VOL,6721,8078,,,,,,,,,97,372,,,,951,993
UNIONBANK,PUT OI,7627,6647,,,,,,,,,7637,7680,,,,7629,7624
UNITDSPR,PRICE,1395.0,1395.0,,,,1392.1,1395.75,1395.25,1426.35,1405.45,1402.0,1394.0,1396.0,1395.0,1398.0,1393.0,1387.0
UNITDSPR,VWAP,,,,,,,,,,,1399.75,1398.07,1397.44,1397.34,1397.45,1396.63,1395.75
UNITDSPR,CASH VOL,552853,552853,,57.5,57.5,,,,,,8741,18352,28945,33815,38913,65178,74086
UNITDSPR,F&O VOL,7036,8171,,,,,,,,,158,415,727,958,1124,1298,1540
UNITDSPR,F&O OI,29743,29335,,,,,,,,,29775,29790,29833,29894,29908,29930,29905
UNITDSPR,CALL VOL,2649,2571,,,,,,,,,78,258,,,,731,805
UNITDSPR,CALL OI,1874,1587,,,,,,,,,2443,2452,,,,2569,2021
UNITDSPR,PUT VOL,1347,1748,,,,,,,,,33,92,,,,228,300
UNITDSPR,PUT OI,1911,1829,,,,,,,,,2228,2231,,,,2258,1948
UNOMINDA,PRICE,1201.6,1201.6,,,,1212.3,1208.55,1203.92,1225.8,1209.67,1208.0,1200.0,1199.0,1190.0,1198.0,1193.0,1192.0
UNOMINDA,VWAP,,,,,,,,,,,1205.28,1203.85,1201.01,1198.74,1197.16,1196.75,1196.5
UNOMINDA,CASH VOL,374682,374682,,50.67,50.67,,,,,,15874,28480,40950,51512,78330,94872,101954
UNOMINDA,F&O VOL,6019,5467,,,,,,,,,266,431,684,1386,1921,2482,2654
UNOMINDA,F&O OI,15194,14965,,,,,,,,,15224,15174,15146,15317,15347,15608,15672
UNOMINDA,CALL VOL,2018,1418,,,,,,,,,182,293,,,,788,850
UNOMINDA,CALL OI,2623,2453,,,,,,,,,2663,2635,,,,2648,2670
UNOMINDA,PUT VOL,2132,2668,,,,,,,,,50,81,,,,1432,1534
UNOMINDA,PUT OI,2013,2151,,,,,,,,,2006,1991,,,,2398,2427
UPL,PRICE,572.95,572.95,,,,573.4,572.83,572.6,577.15,574.35,573.0,571.0,570.0,568.0,569.0,568.0,566.0
UPL,VWAP,,,,,,,,,,,573.08,571.6,571.33,570.7,570.47,570.39,569.95
UPL,CASH VOL,1449635,1449635,,56.61,56.61,,,,,,36782,146420,183201,252231,280856,292720,337274
UPL,F&O VOL,6583,3078,,,,,,,,,209,521,1476,2029,2371,2552,2977
UPL,F&O OI,33352,33168,,,,,,,,,33377,33395,33571,33719,33817,33877,33963
UPL,CALL VOL,2789,1469,,,,,,,,,135,552,,,,1442,1755
UPL,CALL OI,4793,4706,,,,,,,,,4810,4922,,,,5190,5303
UPL,PUT VOL,1583,863,,,,,,,,,45,334,,,,651,738
UPL,PUT OI,4273,4159,,,,,,,,,4273,4259,,,,4304,4274
VBL,PRICE,416.5,416.5,,,,417.5,414.36,410.07,413.23,406.67,416.0,414.0,414.0,413.0,414.0,414.0,413.0
VBL,VWAP,,,,,,,,,,,416.77,416.02,415.64,415.3,415.21,415.13,415.02
VBL,CASH VOL,9719304,9719304,,56.87,56.87,,,,,,459786,626618,790110,905509,975335,1036109,1098669
VBL,F&O VOL,40298,39205,,,,,,,,,1360,2461,3858,5068,5710,6356,7040
VBL,F&O OI,101338,100450,,,,,,,,,101410,101560,101805,101992,101989,102034,102113
VBL,CALL VOL,21854,23516,,,,,,,,,785,1451,,,,3223,3432
VBL,CALL OI,22293,23484,,,,,,,,,23373,22519,,,,22563,22598
VBL,PUT VOL,9349,7661,,,,,,,,,244,471,,,,1412,1639
VBL,PUT OI,13217,13470,,,,,,,,,13083,13209,,,,13320,13257
VEDL,PRICE,263.7,263.7,,,,263.7,262.69,260.68,266.12,264.51,261.0,261.0,261.0,260.0,260.0,259.0,259.0
VEDL,VWAP,,,,,,,,,,,261.33,261.0,260.84,260.74,260.64,260.5,260.35
VEDL,CASH VOL,11843976,11843976,,51.49,51.49,,,,,,1210484,1731732,2233278,2446749,2746909,3129641,3434683
VEDL,F&O VOL,83650,17624,,,,,,,,,4099,6541,9066,10522,11698,14127,15886
VEDL,F&O OI,115729,113843,,,,,,,,,116686,117125,117612,117854,118014,118301,118593
VEDL,CALL VOL,29918,7273,,,,,,,,,2032,3261,,,,6834,7994
VEDL,CALL OI,15871,12738,,,,,,,,,16439,16649,,,,17550,17769
VEDL,PUT VOL,27799,3673,,,,,,,,,962,1554,,,,3323,3774
VEDL,PUT OI,16219,13858,,,,,,,,,16188,16300,,,,16317,16347
VMM,PRICE,101.71,101.71,,,,102.25,101.86,101.76,103.81,102.41,101.0,101.0,102.0,101.0,101.0,101.0,101.0
VMM,VWAP,,,,,,,,,,,101.75,101.85,101.87,101.82,101.78,101.76,101.68
VMM,CASH VOL,7712844,7712844,,57.43,57.43,,,,,,598926,1307235,1825885,2100956,2270922,2400741,2766258
VMM,F&O VOL,4625,4200,,,,,,,,,303,657,983,1214,1368,1437,1977
VMM,F&O OI,23522,22912,,,,,,,,,23540,23507,23534,23570,23589,23565,23927
VMM,CALL VOL,1812,1543,,,,,,,,,198,424,,,,908,1213
VMM,CALL OI,3387,2958,,,,,,,,,4713,4701,,,,4772,3830
VMM,PUT VOL,752,756,,,,,,,,,55,103,,,,202,280
VMM,PUT OI,3121,3121,,,,,,,,,3437,3423,,,,3450,3153
VOLTAS,PRICE,1165.0,1165.0,,,,1168.0,1161.17,1153.5,1161.3,1153.9,1173.0,1176.0,1177.0,1171.0,1173.0,1171.0,1163.0
VOLTAS,VWAP,,,,,,,,,,,1168.49,1171.14,1172.8,1172.95,1172.96,1172.86,1171.74
VOLTAS,CASH VOL,762254,762254,,46.42,46.42,,,,,,46742,74310,106851,131105,140058,149133,179003
VOLTAS,F&O VOL,28269,18890,,,,,,,,,2558,4534,6482,7580,8245,8923,10429
VOLTAS,F&O OI,58910,59879,,,,,,,,,59119,58863,58793,58760,58749,58731,58766
VOLTAS,CALL VOL,15577,10963,,,,,,,,,1418,2641,,,,5177,5928
VOLTAS,CALL OI,9474,9491,,,,,,,,,10349,10340,,,,10364,9487
VOLTAS,PUT VOL,6650,4419,,,,,,,,,625,1128,,,,2258,2736
VOLTAS,PUT OI,8797,9041,,,,,,,,,9119,9145,,,,9164,8827
WAAREEENER,PRICE,2625.0,2625.0,,,,2590.0,2608.35,2575.05,2611.35,2584.05,2595.0,2613.0,2622.0,2615.0,2616.0,2615.0,2599.0
WAAREEENER,VWAP,,,,,,,,,,,2594.81,2601.04,2607.2,2608.16,2608.63,2609.15,2608.27
WAAREEENER,CASH VOL,1067044,1067044,,49.28,49.28,,,,,,75820,141888,201693,251818,266268,302928,368724
WAAREEENER,F&O VOL,42244,16019,,,,,,,,,4981,7095,11452,13046,14254,15205,17466
WAAREEENER,F&O OI,62476,62941,,,,,,,,,63212,63278,63818,64131,64577,64779,65268
WAAREEENER,CALL VOL,29586,11134,,,,,,,,,2949,4403,,,,8728,9968
WAAREEENER,CALL OI,10995,12413,,,,,,,,,11447,11438,,,,12078,12214
WAAREEENER,PUT VOL,6391,2296,,,,,,,,,1545,2035,,,,3801,4344
WAAREEENER,PUT OI,6029,5896,,,,,,,,,6256,6252,,,,6311,6255
WIPRO,PRICE,167.4,167.4,,,,172.2,167.08,166.45,170.81,168.54,172.0,172.0,172.0,171.0,172.0,172.0,172.0
WIPRO,VWAP,,,,,,,,,,,172.54,172.58,172.45,172.36,172.35,172.35,172.33
WIPRO,CASH VOL,8484897,8484897,,45.78,45.78,,,,,,3093733,4315511,5247222,5708825,6203488,6475267,6869469
WIPRO,F&O VOL,34177,42317,,,,,,,,,16202,25196,31640,36282,40200,42546,45234
WIPRO,F&O OI,136321,133192,,,,,,,,,134915,133850,133764,134197,133864,133609,132666
WIPRO,CALL VOL,16462,18684,,,,,,,,,9608,14235,,,,22347,23647
WIPRO,CALL OI,20848,20131,,,,,,,,,19545,19469,,,,18961,18667
WIPRO,PUT VOL,6251,11141,,,,,,,,,2697,5451,,,,10649,11387
WIPRO,PUT OI,14061,13844,,,,,,,,,14252,14159,,,,14167,14131
YESBANK,PRICE,23.48,23.48,,,,23.68,23.32,23.01,23.32,23.01,23.0,23.0,23.0,23.0,23.0,23.0,23.0
YESBANK,VWAP,,,,,,,,,,,23.59,23.5,23.46,23.43,23.41,23.39,23.37
YESBANK,CASH VOL,234792571,234792571,,38.64,38.64,,,,,,15343631,23440635,28083490,31338803,33928845,37021701,40786389
YESBANK,F&O VOL,80936,7930,,,,,,,,,2698,5136,7110,8101,9068,10160,11721
YESBANK,F&O OI,62157,56141,,,,,,,,,62334,62424,62353,62324,62268,62251,62396
YESBANK,CALL VOL,52344,4458,,,,,,,,,1491,3109,,,,5664,6295
YESBANK,CALL OI,13354,9465,,,,,,,,,13504,13625,,,,13516,13628
YESBANK,PUT VOL,16149,1475,,,,,,,,,629,1134,,,,2447,3040
YESBANK,PUT OI,7864,6863,,,,,,,,,7809,7774,,,,7591,7584
ZYDUSLIFE,PRICE,1119.1,1119.1,,,,1120.1,1120.05,1119.42,1136.15,1124.78,1117.0,1114.0,1115.0,1110.0,1110.0,1110.0,1113.0
ZYDUSLIFE,VWAP,,,,,,,,,,,1117.96,1117.72,1116.7,1115.72,1114.67,1113.11,1113.4
ZYDUSLIFE,CASH VOL,1038797,1038797,,48.46,48.46,,,,,,28645,46537,61657,74842,92169,134387,242157
ZYDUSLIFE,F&O VOL,12441,6151,,,,,,,,,342,639,1330,1674,2129,2951,3338
ZYDUSLIFE,F&O OI,22603,22294,,,,,,,,,22645,22615,22781,22760,22737,22679,22649
ZYDUSLIFE,CALL VOL,3633,1477,,,,,,,,,122,173,,,,774,934
ZYDUSLIFE,CALL OI,1711,1625,,,,,,,,,1987,1719,,,,1740,1750
ZYDUSLIFE,PUT VOL,2403,1139,,,,,,,,,81,110,,,,972,1069
ZYDUSLIFE,PUT OI,2191,2075,,,,,,,,,2254,2208,,,,2256,2267
