Symbol,Metric,PrevDay,PrevDay2,PrevLastHr,DelivPct,DelivPctPrev,Open,dTC,dBC,wTC,wBC,09:20,09:30
360ONE,PRICE,1069.5,1050.0,,,,1060.2,1067.08,1062.25,1041.4,1040.47,1065.2,1063.9
360ONE,VWAP,,,,,,,,,,,1061.67,1065.18
360ONE,CASH VOL,734690,564932,167951,66.53,53.79,,,,,,12817,52274
360ONE,F&O VOL,7755,4282,,,,,,,,,125,211
360ONE,F&O OI,14772,14316,,,,,,,,,14777,14777
360ONE,CALL VOL,4625,2112,,,,,,,,,82,109
360ONE,CALL OI,3075,2821,,,,,,,,,3066,3064
360ONE,PUT VOL,1283,784,,,,,,,,,20,59
360ONE,PUT OI,2271,2202,,,,,,,,,2278,2285
360ONE,CALL SPRD,,,,,,,,,,,2.09,1.54
360ONE,PUT SPRD,,,,,,,,,,,1.94,2.02
360ONE,CALL OI FIX,3075,,,,,,,,,,3066,3064
360ONE,PUT OI FIX,2271,,,,,,,,,,2278,2285
360ONE,CALL DOI,,,,,,,,,,,650595,635762
360ONE,PUT DOI,,,,,,,,,,,-352518,-361709
360ONE,CALL GEX,,,,,,,,,,,70682,71308
360ONE,PUT GEX,,,,,,,,,,,43293,42760
360ONE,GEX STRIKE,,,,,,,,,,,1100.0,1100.0
360ONE,EXPIRY,,,,,,,,,,,2026-10-27,2026-10-27
360ONE,ATM IV,,,,,,,,,,,30.6,32.65
ABB,PRICE,7122.5,6895.0,,,,7122.5,7083.92,7006.75,6883.67,6851.0,7013.5,7033.0
ABB,VWAP,,,,,,,,,,,7042.33,7029.39
ABB,CASH VOL,241531,157334,54932,44.63,47.14,,,,,,8292,13614
ABB,F&O VOL,24577,9869,,,,,,,,,1305,2672
ABB,F&O OI,23653,23020,,,,,,,,,23509,23462
ABB,CALL VOL,11274,4250,,,,,,,,,247,765
ABB,CALL OI,4247,4339,,,,,,,,,4266,4233
ABB,PUT VOL,6687,2918,,,,,,,,,464,1071
ABB,PUT OI,4122,3679,,,,,,,,,4038,4059
ABB,CALL SPRD,,,,,,,,,,,2.26,1.02
ABB,PUT SPRD,,,,,,,,,,,1.09,0.99
ABB,CALL OI FIX,4532,,,,,,,,,,4546,4497
ABB,PUT OI FIX,3895,,,,,,,,,,3823,3836
ABB,CALL DOI,,,,,,,,,,,216644,234627
ABB,PUT DOI,,,,,,,,,,,-201874,-193283
ABB,CALL GEX,,,,,,,,,,,33253,27024
ABB,PUT GEX,,,,,,,,,,,20736,22180
ABB,GEX STRIKE,,,,,,,,,,,7000.0,7000.0
ABB,EXPIRY,,,,,,,,,,,2026-10-27,2026-10-27
ABB,ATM IV,,,,,,,,,,,29.86,32.15
ABCAPITAL,PRICE,378.9,377.4,,,,377.5,377.8,375.6,379.52,376.54,378.0,378.85
ABCAPITAL,VWAP,,,,,,,,,,,376.97,378.71
ABCAPITAL,CASH VOL,4873650,1609846,3095374,70.32,52.19,,,,,,33168,113152
ABCAPITAL,F&O VOL,7270,5644,,,,,,,,,195,601
ABCAPITAL,F&O OI,19011,19524,,,,,,,,,19030,19086
ABCAPITAL,CALL VOL,2599,2990,,,,,,,,,127,354
ABCAPITAL,CALL OI,2546,2422,,,,,,,,,2559,2577
ABCAPITAL,PUT VOL,1569,859,,,,,,,,,25,93
ABCAPITAL,PUT OI,2673,2651,,,,,,,,,2676,2692
ABCAPITAL,CALL SPRD,,,,,,,,,,,2.03,1.45
ABCAPITAL,PUT SPRD,,,,,,,,,,,2.82,2.46
ABCAPITAL,CALL OI FIX,2546,,,,,,,,,,2559,2577
ABCAPITAL,PUT OI FIX,2673,,,,,,,,,,2676,2692
ABCAPITAL,CALL DOI,,,,,,,,,,,2765362,3010194
ABCAPITAL,PUT DOI,,,,,,,,,,,-3818095,-3711915
ABCAPITAL,CALL GEX,,,,,,,,,,,430893,400823
ABCAPITAL,PUT GEX,,,,,,,,,,,414836,451682
ABCAPITAL,GEX STRIKE,,,,,,,,,,,380.0,380.0
ABCAPITAL,EXPIRY,,,,,,,,,,,2026-10-27,2026-10-27
ABCAPITAL,ATM IV,,,,,,,,,,,29.13,29.2
ADANIENSOL,PRICE,1350.1,1353.4,,,,1349.9,1354.95,1351.72,1332.4,1328.4,1361.7,1369.2
ADANIENSOL,VWAP,,,,,,,,,,,1357.33,1360.4
ADANIENSOL,CASH VOL,1566344,2095376,545067,49.37,44.54,,,,,,68642,148137
ADANIENSOL,F&O VOL,9651,11273,,,,,,,,,461,2226
ADANIENSOL,F&O OI,42727,42022,,,,,,,,,42870,43031
ADANIENSOL,CALL VOL,4234,4933,,,,,,,,,399,1333
ADANIENSOL,CALL OI,3592,3254,,,,,,,,,3653,3764
ADANIENSOL,PUT VOL,1922,1747,,,,,,,,,65,256
ADANIENSOL,PUT OI,1779,1801,,,,,,,,,1782,1810
ADANIENSOL,CALL SPRD,,,,,,,,,,,2.57,1.58
ADANIENSOL,PUT SPRD,,,,,,,,,,,2.36,1.52
ADANIENSOL,CALL OI FIX,3592,,,,,,,,,,3653,3764
ADANIENSOL,PUT OI FIX,1779,,,,,,,,,,1782,1810
ADANIENSOL,CALL DOI,,,,,,,,,,,1297425,1394372
ADANIENSOL,PUT DOI,,,,,,,,,,,-466962,-447168
ADANIENSOL,CALL GEX,,,,,,,,,,,99390,95102
ADANIENSOL,PUT GEX,,,,,,,,,,,45985,46083
ADANIENSOL,GEX STRIKE,,,,,,,,,,,1400.0,1400.0
ADANIENSOL,EXPIRY,,,,,,,,,,,2026-10-27,2026-10-27
ADANIENSOL,ATM IV,,,,,,,,,,,38.91,40.29
ADANIENT,PRICE,2849.9,2864.0,,,,2827.0,2861.3,2853.7,2872.45,2835.35,2844.9,2838.6
ADANIENT,VWAP,,,,,,,,,,,2833.9,2836.48
ADANIENT,CASH VOL,1240051,1782260,214677,49.03,52.82,,,,,,57069,97974
ADANIENT,F&O VOL,23984,36671,,,,,,,,,1771,3826
ADANIENT,F&O OI,88517,85264,,,,,,,,,88609,88849
ADANIENT,CALL VOL,11550,17797,,,,,,,,,829,2374
ADANIENT,CALL OI,16207,14561,,,,,,,,,16262,16580
ADANIENT,PUT VOL,6172,10250,,,,,,,,,358,787
ADANIENT,PUT OI,11213,10725,,,,,,,,,11106,11138
ADANIENT,CALL SPRD,,,,,,,,,,,1.57,0.81
ADANIENT,PUT SPRD,,,,,,,,,,,1.11,1.21
ADANIENT,CALL OI FIX,16207,,,,,,,,,,16262,16580
ADANIENT,PUT OI FIX,11213,,,,,,,,,,11106,11138
ADANIENT,CALL DOI,,,,,,,,,,,1814962,1773189
ADANIENT,PUT DOI,,,,,,,,,,,-1670834,-1711586
ADANIENT,CALL GEX,,,,,,,,,,,230434,239821
ADANIENT,PUT GEX,,,,,,,,,,,160433,156573
ADANIENT,GEX STRIKE,,,,,,,,,,,2900.0,2900.0
ADANIENT,EXPIRY,,,,,,,,,,,2026-10-27,2026-10-27
ADANIENT,ATM IV,,,,,,,,,,,31.91,31.68
ADANIGREEN,PRICE,1313.0,1284.0,,,,1313.0,1310.32,1304.95,1271.0,1260.8,1370.2,1360.9
ADANIGREEN,VWAP,,,,,,,,,,,1348.07,1355.68
ADANIGREEN,CASH VOL,2570708,1014292,469450,51.9,34.71,,,,,,626114,1497652
ADANIGREEN,F&O VOL,22851,14216,,,,,,,,,7068,20994
ADANIGREEN,F&O OI,49707,48701,,,,,,,,,50223,50388
ADANIGREEN,CALL VOL,12435,7553,,,,,,,,,3020,10915
ADANIGREEN,CALL OI,4716,4289,,,,,,,,,4818,5184
ADANIGREEN,PUT VOL,3574,1918,,,,,,,,,468,3617
ADANIGREEN,PUT OI,2929,2336,,,,,,,,,2545,3383
ADANIGREEN,CALL SPRD,,,,,,,,,,,1.42,0.57
ADANIGREEN,PUT SPRD,,,,,,,,,,,,1.24
ADANIGREEN,CALL OI FIX,4708,,,,,,,,,,4751,5138
ADANIGREEN,PUT OI FIX,3351,,,,,,,,,,3447,3821
ADANIGREEN,CALL DOI,,,,,,,,,,,1625180,1841103
ADANIGREEN,PUT DOI,,,,,,,,,,,-543586,-611429
ADANIGREEN,CALL GEX,,,,,,,,,,,101102,138900
ADANIGREEN,PUT GEX,,,,,,,,,,,62830,68937
ADANIGREEN,GEX STRIKE,,,,,,,,,,,1300.0,1300.0
ADANIGREEN,EXPIRY,,,,,,,,,,,2026-10-27,2026-10-27
ADANIGREEN,ATM IV,,,,,,,,,,,42.74,37.66
ADANIPORTS,PRICE,1783.4,1774.0,,,,1782.5,1780.63,1775.1,1769.0,1748.2,1776.6,1772.1
ADANIPORTS,VWAP,,,,,,,,,,,1775.27,1773.7
ADANIPORTS,CASH VOL,1684154,2792824,325274,52.44,59.24,,,,,,63006,100499
ADANIPORTS,F&O VOL,17930,27632,,,,,,,,,948,1836
ADANIPORTS,F&O OI,50680,50394,,,,,,,,,50830,50865
ADANIPORTS,CALL VOL,7888,12159,,,,,,,,,396,719
ADANIPORTS,CALL OI,6875,6579,,,,,,,,,6948,6969
ADANIPORTS,PUT VOL,5138,7420,,,,,,,,,406,724
ADANIPORTS,PUT OI,6785,6826,,,,,,,,,6828,6846
ADANIPORTS,CALL SPRD,,,,,,,,,,,0.9,0.92
ADANIPORTS,PUT SPRD,,,,,,,,,,,1.02,1.39
ADANIPORTS,CALL OI FIX,6875,,,,,,,,,,6948,6969
ADANIPORTS,PUT OI FIX,6785,,,,,,,,,,6828,6846
ADANIPORTS,CALL DOI,,,,,,,,,,,1498120,1462032
ADANIPORTS,PUT DOI,,,,,,,,,,,-1182226,-1221274
ADANIPORTS,CALL GEX,,,,,,,,,,,254211,235764
ADANIPORTS,PUT GEX,,,,,,,,,,,173690,182128
ADANIPORTS,GEX STRIKE,,,,,,,,,,,1800.0,1800.0
ADANIPORTS,EXPIRY,,,,,,,,,,,2026-10-27,2026-10-27
ADANIPORTS,ATM IV,,,,,,,,,,,23.35,23.64
ADANIPOWER,PRICE,202.4,201.0,,,,202.0,203.38,202.72,198.47,196.96,202.8,202.37
ADANIPOWER,VWAP,,,,,,,,,,,201.61,202.06
ADANIPOWER,CASH VOL,23468966,19752263,4777853,50.12,47.22,,,,,,910859,1571442
ADANIPOWER,F&O VOL,25388,16841,,,,,,,,,789,2162
ADANIPOWER,F&O OI,80079,78185,,,,,,,,,80307,80393
ADANIPOWER,CALL VOL,9387,7556,,,,,,,,,413,977
ADANIPOWER,CALL OI,5913,5745,,,,,,,,,6039,6051
ADANIPOWER,PUT VOL,4154,2113,,,,,,,,,149,360
ADANIPOWER,PUT OI,4994,4877,,,,,,,,,5024,5056
ADANIPOWER,CALL SPRD,,,,,,,,,,,1.78,1.95
ADANIPOWER,PUT SPRD,,,,,,,,,,,2.68,1.8
ADANIPOWER,CALL OI FIX,5913,,,,,,,,,,6039,6051
ADANIPOWER,PUT OI FIX,4994,,,,,,,,,,5024,5056
ADANIPOWER,CALL DOI,,,,,,,,,,,10522039,10432517
ADANIPOWER,PUT DOI,,,,,,,,,,,-7283856,-7436179
ADANIPOWER,CALL GEX,,,,,,,,,,,1048744,946588
ADANIPOWER,PUT GEX,,,,,,,,,,,756436,815034
ADANIPOWER,GEX STRIKE,,,,,,,,,,,200.0,200.0
ADANIPOWER,EXPIRY,,,,,,,,,,,2026-10-27,2026-10-27
ADANIPOWER,ATM IV,,,,,,,,,,,32.61,35.47
ALKEM,PRICE,5292.0,5192.5,,,,5297.0,5270.83,5228.5,5216.08,5208.25,5346.0,5351.0
ALKEM,VWAP,,,,,,,,,,,5348.33,5346.38
ALKEM,CASH VOL,63668,102619,29287,52.4,52.32,,,,,,13978,18724
ALKEM,F&O VOL,3684,3800,,,,,,,,,866,1703
ALKEM,F&O OI,18688,18368,,,,,,,,,18738,18806
ALKEM,CALL VOL,1862,982,,,,,,,,,498,1070
ALKEM,CALL OI,1183,1064,,,,,,,,,1211,1220
ALKEM,PUT VOL,550,1146,,,,,,,,,57,150
ALKEM,PUT OI,1390,1278,,,,,,,,,1389,1414
ALKEM,CALL SPRD,,,,,,,,,,,27.04,2.48
ALKEM,PUT SPRD,,,,,,,,,,,5.86,2.78
ALKEM,CALL OI FIX,1103,,,,,,,,,,1131,1138
ALKEM,PUT OI FIX,1436,,,,,,,,,,1435,1460
ALKEM,CALL DOI,,,,,,,,,,,79553,80477
ALKEM,PUT DOI,,,,,,,,,,,-46971,-48278
ALKEM,CALL GEX,,,,,,,,,,,9101,9799
ALKEM,PUT GEX,,,,,,,,,,,9391,9279
ALKEM,GEX STRIKE,,,,,,,,,,,5150.0,5150.0
ALKEM,EXPIRY,,,,,,,,,,,2026-10-27,2026-10-27
ALKEM,ATM IV,,,,,,,,,,,23.78,25.2
AMBER,PRICE,6869.0,6585.0,,,,6810.0,6811.33,6696.0,6734.75,6578.25,6815.0,6775.0
AMBER,VWAP,,,,,,,,,,,6812.67,6802.32
AMBER,CASH VOL,155584,114789,56416,31.98,37.06,,,,,,5886,9584
AMBER,F&O VOL,20260,8769,,,,,,,,,639,1281
AMBER,F&O OI,20814,20070,,,,,,,,,20936,20912
AMBER,CALL VOL,11278,4854,,,,,,,,,288,490
AMBER,CALL OI,4685,4678,,,,,,,,,4670,4673
AMBER,PUT VOL,4482,1030,,,,,,,,,214,490
AMBER,PUT OI,2907,1920,,,,,,,,,2949,2914
AMBER,CALL SPRD,,,,,,,,,,,2.55,0.89
AMBER,PUT SPRD,,,,,,,,,,,2.85,1.96
AMBER,CALL OI FIX,4685,,,,,,,,,,4670,4673
AMBER,PUT OI FIX,2690,,,,,,,,,,2732,2703
AMBER,CALL DOI,,,,,,,,,,,198836,182930
AMBER,PUT DOI,,,,,,,,,,,-113780,-121974
AMBER,CALL GEX,,,,,,,,,,,22714,23760
AMBER,PUT GEX,,,,,,,,,,,13595,13213
AMBER,GEX STRIKE,,,,,,,,,,,6700.0,6700.0
AMBER,EXPIRY,,,,,,,,,,,2026-10-27,2026-10-27
AMBER,ATM IV,,,,,,,,,,,31.06,30.29
AMBUJACEM,PRICE,361.55,366.5,,,,362.4,364.95,362.68,370.05,364.85,362.3,358.55
AMBUJACEM,VWAP,,,,,,,,,,,361.67,359.91
AMBUJACEM,CASH VOL,2356458,1848613,986153,54.25,42.75,,,,,,61459,298911
AMBUJACEM,F&O VOL,957,1515,,,,,,,,,8,34
AMBUJACEM,F&O OI,95578,96273,,,,,,,,,95578,95573
AMBUJACEM,CALL VOL,168,339,,,,,,,,,1,1
AMBUJACEM,CALL OI,3239,3346,,,,,,,,,3239,3239
AMBUJACEM,PUT VOL,80,92,,,,,,,,,0,2
AMBUJACEM,PUT OI,2832,2858,,,,,,,,,2832,2832
AMBUJACEM,CALL SPRD,,,,,,,,,,,60.87,49.37
AMBUJACEM,PUT SPRD,,,,,,,,,,,37.19,10.77
AMBUJACEM,CALL OI FIX,3239,,,,,,,,,,3239,3239
AMBUJACEM,PUT OI FIX,2832,,,,,,,,,,2832,2832
AMBUJACEM,CALL DOI,,,,,,,,,,,1457270,1242577
AMBUJACEM,PUT DOI,,,,,,,,,,,-1577669,-1746498
AMBUJACEM,CALL GEX,,,,,,,,,,,217290,201843
AMBUJACEM,PUT GEX,,,,,,,,,,,162062,162175
AMBUJACEM,GEX STRIKE,,,,,,,,,,,370.0,370.0
AMBUJACEM,EXPIRY,,,,,,,,,,,2026-10-27,2026-10-27
AMBUJACEM,ATM IV,,,,,,,,,,,36.96,36.63
ANGELONE,PRICE,295.0,285.2,,,,293.5,294.08,292.25,277.1,276.9,297.5,296.2
ANGELONE,VWAP,,,,,,,,,,,296.18,296.35
ANGELONE,CASH VOL,8198494,4255848,1980062,32.87,27.52,,,,,,975195,1493058
ANGELONE,F&O VOL,30709,21568,,,,,,,,,1803,4691
ANGELONE,F&O OI,28370,26913,,,,,,,,,28795,28898
ANGELONE,CALL VOL,15593,11927,,,,,,,,,740,2729
ANGELONE,CALL OI,7547,7200,,,,,,,,,7756,7856
ANGELONE,PUT VOL,6949,3135,,,,,,,,,413,1019
ANGELONE,PUT OI,3706,3150,,,,,,,,,3695,3735
ANGELONE,CALL SPRD,,,,,,,,,,,1.04,1.2
ANGELONE,PUT SPRD,,,,,,,,,,,1.5,1.37
ANGELONE,CALL OI FIX,7547,,,,,,,,,,7756,7856
ANGELONE,PUT OI FIX,3706,,,,,,,,,,3695,3735
ANGELONE,CALL DOI,,,,,,,,,,,11322069,11078502
ANGELONE,PUT DOI,,,,,,,,,,,-2848136,-3094816
ANGELONE,CALL GEX,,,,,,,,,,,671868,772987
ANGELONE,PUT GEX,,,,,,,,,,,303002,293287
ANGELONE,GEX STRIKE,,,,,,,,,,,290.0,290.0
ANGELONE,EXPIRY,,,,,,,,,,,2026-10-27,2026-10-27
ANGELONE,ATM IV,,,,,,,,,,,43.35,41.97
APLAPOLLO,PRICE,2152.0,2099.8,,,,2128.6,2143.27,2125.8,2142.0,2124.47,2130.8,2128.4
APLAPOLLO,VWAP,,,,,,,,,,,2134.33,2131.03
APLAPOLLO,CASH VOL,320327,678442,109586,57.24,46.39,,,,,,6698,11768
APLAPOLLO,F&O VOL,8824,12208,,,,,,,,,156,471
APLAPOLLO,F&O OI,58585,58232,,,,,,,,,58596,58583
APLAPOLLO,CALL VOL,3983,4382,,,,,,,,,43,157
APLAPOLLO,CALL OI,4681,4535,,,,,,,,,4952,4671
APLAPOLLO,PUT VOL,1505,1990,,,,,,,,,24,103
APLAPOLLO,PUT OI,3438,3212,,,,,,,,,3554,3437
APLAPOLLO,CALL SPRD,,,,,,,,,,,3.0,12.3
APLAPOLLO,PUT SPRD,,,,,,,,,,,5.58,2.3
APLAPOLLO,CALL OI FIX,5068,,,,,,,,,,5063,5064
APLAPOLLO,PUT OI FIX,3505,,,,,,,,,,3503,3504
APLAPOLLO,CALL DOI,,,,,,,,,,,733477,703189
APLAPOLLO,PUT DOI,,,,,,,,,,,-658826,-630647
APLAPOLLO,CALL GEX,,,,,,,,,,,89319,86364
APLAPOLLO,PUT GEX,,,,,,,,,,,73531,68031
APLAPOLLO,GEX STRIKE,,,,,,,,,,,2200.0,2200.0
APLAPOLLO,EXPIRY,,,,,,,,,,,2026-10-27,2026-10-27
APLAPOLLO,ATM IV,,,,,,,,,,,29.8,31.79
APOLLOHOSP,PRICE,7914.5,7985.0,,,,7850.0,7913.5,7911.5,8408.0,8225.0,7842.5,7862.0
APOLLOHOSP,VWAP,,,,,,,,,,,7840.83,7847.6
APOLLOHOSP,CASH VOL,1072883,895216,242638,64.74,58.37,,,,,,63154,88913
APOLLOHOSP,F&O VOL,72443,66111,,,,,,,,,2629,4817
APOLLOHOSP,F&O OI,55177,51253,,,,,,,,,55488,55760
APOLLOHOSP,CALL VOL,24536,18545,,,,,,,,,972,2033
APOLLOHOSP,CALL OI,7936,5860,,,,,,,,,7028,8305
APOLLOHOSP,PUT VOL,24631,24970,,,,,,,,,730,1589
APOLLOHOSP,PUT OI,8666,7930,,,,,,,,,8377,8678
APOLLOHOSP,CALL SPRD,,,,,,,,,,,0.82,0.96
APOLLOHOSP,PUT SPRD,,,,,,,,,,,1.03,1.08
APOLLOHOSP,CALL OI FIX,7936,,,,,,,,,,8165,8305
APOLLOHOSP,PUT OI FIX,8666,,,,,,,,,,8609,8678
APOLLOHOSP,CALL DOI,,,,,,,,,,,300146,352136
APOLLOHOSP,PUT DOI,,,,,,,,,,,-500938,-526191
APOLLOHOSP,CALL GEX,,,,,,,,,,,55275,58798
APOLLOHOSP,PUT GEX,,,,,,,,,,,63029,69886
APOLLOHOSP,GEX STRIKE,,,,,,,,,,,8000.0,8000.0
APOLLOHOSP,EXPIRY,,,,,,,,,,,2026-10-27,2026-10-27
APOLLOHOSP,ATM IV,,,,,,,,,,,23.82,23.7
ASHOKLEY,PRICE,153.7,152.6,,,,152.91,153.47,153.0,153.69,151.55,152.2,152.65
ASHOKLEY,VWAP,,,,,,,,,,,152.39,152.49
ASHOKLEY,CASH VOL,9995070,9914723,3134439,53.66,48.28,,,,,,421368,631691
ASHOKLEY,F&O VOL,21082,17090,,,,,,,,,690,1614
ASHOKLEY,F&O OI,49471,48632,,,,,,,,,49632,49701
ASHOKLEY,CALL VOL,10225,7111,,,,,,,,,231,679
ASHOKLEY,CALL OI,8844,7403,,,,,,,,,8908,8962
ASHOKLEY,PUT VOL,4837,4421,,,,,,,,,206,440
ASHOKLEY,PUT OI,7610,7633,,,,,,,,,7642,7662
ASHOKLEY,CALL SPRD,,,,,,,,,,,1.35,1.25
ASHOKLEY,PUT SPRD,,,,,,,,,,,1.35,1.23
ASHOKLEY,CALL OI FIX,8844,,,,,,,,,,8908,8962
ASHOKLEY,PUT OI FIX,7610,,,,,,,,,,7642,7662
ASHOKLEY,CALL DOI,,,,,,,,,,,15906613,17386986
ASHOKLEY,PUT DOI,,,,,,,,,,,-18882005,-18332206
ASHOKLEY,CALL GEX,,,,,,,,,,,2293273,2052426
ASHOKLEY,PUT GEX,,,,,,,,,,,1603400,1814032
ASHOKLEY,GEX STRIKE,,,,,,,,,,,155.0,155.0
ASHOKLEY,EXPIRY,,,,,,,,,,,2026-10-27,2026-10-27
ASHOKLEY,ATM IV,,,,,,,,,,,31.24,31.41
ASIANPAINT,PRICE,2424.2,2366.0,,,,2371.8,2411.67,2386.6,2409.3,2407.77,2382.8,2382.7
ASIANPAINT,VWAP,,,,,,,,,,,2385.9,2384.46
ASIANPAINT,CASH VOL,439473,916254,180241,57.61,57.33,,,,,,35928,53093
ASIANPAINT,F&O VOL,23948,32039,,,,,,,,,2258,4747
ASIANPAINT,F&O OI,50105,49127,,,,,,,,,50291,50383
ASIANPAINT,CALL VOL,9335,10673,,,,,,,,,634,1548
ASIANPAINT,CALL OI,4845,5273,,,,,,,,,4800,4797
ASIANPAINT,PUT VOL,5669,8778,,,,,,,,,949,1936
ASIANPAINT,PUT OI,4950,4563,,,,,,,,,5136,5207
ASIANPAINT,CALL SPRD,,,,,,,,,,,1.42,1.3
ASIANPAINT,PUT SPRD,,,,,,,,,,,1.0,1.19
ASIANPAINT,CALL OI FIX,7438,,,,,,,,,,7376,7359
ASIANPAINT,PUT OI FIX,3640,,,,,,,,,,3788,3824
ASIANPAINT,CALL DOI,,,,,,,,,,,562274,559587
ASIANPAINT,PUT DOI,,,,,,,,,,,-505112,-522949
ASIANPAINT,CALL GEX,,,,,,,,,,,77935,94246
ASIANPAINT,PUT GEX,,,,,,,,,,,87553,78917
ASIANPAINT,GEX STRIKE,,,,,,,,,,,2400.0,2400.0
ASIANPAINT,EXPIRY,,,,,,,,,,,2026-10-27,2026-10-27
ASIANPAINT,ATM IV,,,,,,,,,,,23.12,22.5
ASTRAL,PRICE,1402.3,1362.1,,,,1401.3,1393.8,1376.8,1354.5,1347.5,1397.7,1397.0
ASTRAL,VWAP,,,,,,,,,,,1397.07,1396.92
ASTRAL,CASH VOL,359782,325806,86781,49.94,49.79,,,,,,25053,32834
ASTRAL,F&O VOL,9658,6685,,,,,,,,,1229,1562
ASTRAL,F&O OI,18020,17953,,,,,,,,,17986,17937
ASTRAL,CALL VOL,5077,2671,,,,,,,,,563,661
ASTRAL,CALL OI,2159,2063,,,,,,,,,2188,2171
ASTRAL,PUT VOL,2016,1039,,,,,,,,,337,457
ASTRAL,PUT OI,1593,1506,,,,,,,,,1579,1568
ASTRAL,CALL SPRD,,,,,,,,,,,1.48,1.9
ASTRAL,PUT SPRD,,,,,,,,,,,1.82,2.09
ASTRAL,CALL OI FIX,2159,,,,,,,,,,2188,2171
ASTRAL,PUT OI FIX,1593,,,,,,,,,,1579,1568
ASTRAL,CALL DOI,,,,,,,,,,,400165,395086
ASTRAL,PUT DOI,,,,,,,,,,,-271930,-269388
ASTRAL,CALL GEX,,,,,,,,,,,55540,50662
ASTRAL,PUT GEX,,,,,,,,,,,33421,34405
ASTRAL,GEX STRIKE,,,,,,,,,,,1400.0,1400.0
ASTRAL,EXPIRY,,,,,,,,,,,2026-10-27,2026-10-27
ASTRAL,ATM IV,,,,,,,,,,,24.38,24.65
AUBANK,PRICE,1028.0,1029.2,,,,1018.4,1027.6,1026.8,995.35,989.78,1019.7,1016.9
AUBANK,VWAP,,,,,,,,,,,1018.53,1018.48
AUBANK,CASH VOL,1179591,3358977,170794,43.01,48.27,,,,,,40024,69944
AUBANK,F&O VOL,12018,27997,,,,,,,,,505,1231
AUBANK,F&O OI,34401,34539,,,,,,,,,34429,34508
AUBANK,CALL VOL,3992,10290,,,,,,,,,212,435
AUBANK,CALL OI,3207,3083,,,,,,,,,3200,3205
AUBANK,PUT VOL,2963,5550,,,,,,,,,118,333
AUBANK,PUT OI,2726,2740,,,,,,,,,2708,2737
AUBANK,CALL SPRD,,,,,,,,,,,1.78,1.86
AUBANK,PUT SPRD,,,,,,,,,,,1.71,1.62
AUBANK,CALL OI FIX,3934,,,,,,,,,,3928,3932
AUBANK,PUT OI FIX,2513,,,,,,,,,,2495,2524
AUBANK,CALL DOI,,,,,,,,,,,1604015,1555537
AUBANK,PUT DOI,,,,,,,,,,,-1082046,-1135912
AUBANK,CALL GEX,,,,,,,,,,,177082,180720
AUBANK,PUT GEX,,,,,,,,,,,136528,138238
AUBANK,GEX STRIKE,,,,,,,,,,,1000.0,1000.0
AUBANK,EXPIRY,,,,,,,,,,,2026-10-27,2026-10-27
AUBANK,ATM IV,,,,,,,,,,,30.17,30.05
AUROPHARMA,PRICE,1692.8,1674.9,,,,1696.2,1689.47,1682.8,1681.5,1678.37,1689.1,1694.8
AUROPHARMA,VWAP,,,,,,,,,,,1692.57,1691.73
AUROPHARMA,CASH VOL,1009636,958714,359922,62.68,55.23,,,,,,26069,46424
AUROPHARMA,F&O VOL,7393,9363,,,,,,,,,156,796
AUROPHARMA,F&O OI,35511,35385,,,,,,,,,35537,35573
AUROPHARMA,CALL VOL,3259,4026,,,,,,,,,74,367
AUROPHARMA,CALL OI,7009,7057,,,,,,,,,4801,7041
AUROPHARMA,PUT VOL,1915,3373,,,,,,,,,20,231
AUROPHARMA,PUT OI,4190,4099,,,,,,,,,4293,4195
AUROPHARMA,CALL SPRD,,,,,,,,,,,3.9,1.51
AUROPHARMA,PUT SPRD,,,,,,,,,,,2.17,2.02
AUROPHARMA,CALL OI FIX,7009,,,,,,,,,,7025,7041
AUROPHARMA,PUT OI FIX,4190,,,,,,,,,,4191,4195
AUROPHARMA,CALL DOI,,,,,,,,,,,1366809,1674182
AUROPHARMA,PUT DOI,,,,,,,,,,,-856678,-816094
AUROPHARMA,CALL GEX,,,,,,,,,,,162291,215808
AUROPHARMA,PUT GEX,,,,,,,,,,,122324,118334
AUROPHARMA,GEX STRIKE,,,,,,,,,,,1700.0,1700.0
AUROPHARMA,EXPIRY,,,,,,,,,,,2026-10-27,2026-10-27
AUROPHARMA,ATM IV,,,,,,,,,,,25.96,26.86
AXISBANK,PRICE,1248.0,1222.2,,,,1240.2,1245.98,1241.95,1216.75,1216.05,1240.0,1233.4
AXISBANK,VWAP,,,,,,,,,,,1239.63,1237.86
AXISBANK,CASH VOL,7518330,7472163,2343532,54.56,65.76,,,,,,125054,192718
AXISBANK,F&O VOL,77756,57112,,,,,,,,,2283,5908
AXISBANK,F&O OI,203465,196663,,,,,,,,,203462,203839
AXISBANK,CALL VOL,29199,21344,,,,,,,,,559,1357
AXISBANK,CALL OI,21332,19210,,,,,,,,,22134,21359
AXISBANK,PUT VOL,21045,14504,,,,,,,,,923,2297
AXISBANK,PUT OI,12501,11222,,,,,,,,,11001,12212
AXISBANK,CALL SPRD,,,,,,,,,,,0.96,0.9
AXISBANK,PUT SPRD,,,,,,,,,,,1.31,0.78
AXISBANK,CALL OI FIX,23635,,,,,,,,,,23667,23671
AXISBANK,PUT OI FIX,12459,,,,,,,,,,12345,12146
AXISBANK,CALL DOI,,,,,,,,,,,7421908,6911048
AXISBANK,PUT DOI,,,,,,,,,,,-2678635,-3001263
AXISBANK,CALL GEX,,,,,,,,,,,957420,909905
AXISBANK,PUT GEX,,,,,,,,,,,394764,439044
AXISBANK,GEX STRIKE,,,,,,,,,,,1220.0,1220.0
AXISBANK,EXPIRY,,,,,,,,,,,2026-10-27,2026-10-27
AXISBANK,ATM IV,,,,,,,,,,,24.98,25.19
BAJAJ-AUTO,PRICE,10017.0,10024.0,,,,9970.0,10014.17,10008.5,10585.0,10225.0,9832.0,9873.0
BAJAJ-AUTO,VWAP,,,,,,,,,,,9882.0,9867.93
BAJAJ-AUTO,CASH VOL,159069,354238,47450,53.96,46.57,,,,,,17230,29518
BAJAJ-AUTO,F&O VOL,47619,104698,,,,,,,,,4718,12961
BAJAJ-AUTO,F&O OI,83874,80334,,,,,,,,,84563,85055
BAJAJ-AUTO,CALL VOL,12690,24458,,,,,,,,,1220,3732
BAJAJ-AUTO,CALL OI,8699,7109,,,,,,,,,7980,9366
BAJAJ-AUTO,PUT VOL,10675,31344,,,,,,,,,1236,3655
BAJAJ-AUTO,PUT OI,8277,8048,,,,,,,,,8295,8628
BAJAJ-AUTO,CALL SPRD,,,,,,,,,,,1.65,0.35
BAJAJ-AUTO,PUT SPRD,,,,,,,,,,,0.85,0.42
BAJAJ-AUTO,CALL OI FIX,11948,,,,,,,,,,12391,12795
BAJAJ-AUTO,PUT OI FIX,8275,,,,,,,,,,8315,8675
BAJAJ-AUTO,CALL DOI,,,,,,,,,,,189655,252624
BAJAJ-AUTO,PUT DOI,,,,,,,,,,,-295309,-305552
BAJAJ-AUTO,CALL GEX,,,,,,,,,,,48896,48284
BAJAJ-AUTO,PUT GEX,,,,,,,,,,,34754,40983
BAJAJ-AUTO,GEX STRIKE,,,,,,,,,,,10000.0,10000.0
BAJAJ-AUTO,EXPIRY,,,,,,,,,,,2026-10-27,2026-10-27
BAJAJ-AUTO,ATM IV,,,,,,,,,,,20.99,22.98
BAJAJFINSV,PRICE,1752.4,1751.4,,,,1740.0,1750.23,1745.9,1735.55,1733.58,1738.1,1740.0
BAJAJFINSV,VWAP,,,,,,,,,,,1735.5,1737.89
BAJAJFINSV,CASH VOL,552353,1075845,213963,56.94,57.53,,,,,,17748,22534
BAJAJFINSV,F&O VOL,13409,26357,,,,,,,,,673,1412
BAJAJFINSV,F&O OI,48081,47879,,,,,,,,,48130,48120
BAJAJFINSV,CALL VOL,5428,10754,,,,,,,,,316,710
BAJAJFINSV,CALL OI,5588,5511,,,,,,,,,5619,5631
BAJAJFINSV,PUT VOL,3999,5481,,,,,,,,,172,330
BAJAJFINSV,PUT OI,5247,5254,,,,,,,,,5255,5240
BAJAJFINSV,CALL SPRD,,,,,,,,,,,1.59,1.39
BAJAJFINSV,PUT SPRD,,,,,,,,,,,1.58,1.35
BAJAJFINSV,CALL OI FIX,6381,,,,,,,,,,6420,6430
BAJAJFINSV,PUT OI FIX,5169,,,,,,,,,,5176,5164
BAJAJFINSV,CALL DOI,,,,,,,,,,,627627,652969
BAJAJFINSV,PUT DOI,,,,,,,,,,,-660380,-638401
BAJAJFINSV,CALL GEX,,,,,,,,,,,103672,101486
BAJAJFINSV,PUT GEX,,,,,,,,,,,86761,91889
BAJAJFINSV,GEX STRIKE,,,,,,,,,,,1760.0,1760.0
BAJAJFINSV,EXPIRY,,,,,,,,,,,2026-10-27,2026-10-27
BAJAJFINSV,ATM IV,,,,,,,,,,,25.2,24.77
BAJAJHLDNG,PRICE,10600.0,10732.0,,,,10699.0,10676.5,10625.5,10677.5,10669.83,10628.0,10611.0
BAJAJHLDNG,VWAP,,,,,,,,,,,10635.33,10625.1
BAJAJHLDNG,CASH VOL,39830,50104,16753,56.31,55.15,,,,,,907,2065
BAJAJHLDNG,F&O VOL,988,764,,,,,,,,,44,88
BAJAJHLDNG,F&O OI,4010,3731,,,,,,,,,4019,4022
BAJAJHLDNG,CALL VOL,160,168,,,,,,,,,18,35
BAJAJHLDNG,CALL OI,225,180,,,,,,,,,230,232
BAJAJHLDNG,PUT VOL,351,136,,,,,,,,,3,7
BAJAJHLDNG,PUT OI,540,355,,,,,,,,,540,541
BAJAJHLDNG,CALL SPRD,,,,,,,,,,,37.75,9.04
BAJAJHLDNG,PUT SPRD,,,,,,,,,,,82.88,44.05
BAJAJHLDNG,CALL OI FIX,225,,,,,,,,,,230,232
BAJAJHLDNG,PUT OI FIX,540,,,,,,,,,,540,541
BAJAJHLDNG,CALL DOI,,,,,,,,,,,6608,6614
BAJAJHLDNG,PUT DOI,,,,,,,,,,,-19540,-19929
BAJAJHLDNG,CALL GEX,,,,,,,,,,,1036,981
BAJAJHLDNG,PUT GEX,,,,,,,,,,,1859,2058
BAJAJHLDNG,GEX STRIKE,,,,,,,,,,,10700.0,10700.0
BAJAJHLDNG,EXPIRY,,,,,,,,,,,2026-10-27,2026-10-27
BAJAJHLDNG,ATM IV,,,,,,,,,,,29.46,29.46
BAJFINANCE,PRICE,963.1,970.0,,,,969.15,965.12,963.77,964.8,953.8,965.7,972.7
BAJFINANCE,VWAP,,,,,,,,,,,962.45,965.99
BAJFINANCE,CASH VOL,4380406,12682669,1343976,57.02,49.62,,,,,,475250,674825
BAJFINANCE,F&O VOL,35001,125467,,,,,,,,,2030,6050
BAJFINANCE,F&O OI,131557,129688,,,,,,,,,131744,131558
BAJFINANCE,CALL VOL,14378,55896,,,,,,,,,874,3411
BAJFINANCE,CALL OI,14442,13484,,,,,,,,,14474,14335
BAJFINANCE,PUT VOL,8625,28672,,,,,,,,,395,1272
BAJFINANCE,PUT OI,11709,11656,,,,,,,,,11765,11733
BAJFINANCE,CALL SPRD,,,,,,,,,,,0.78,0.84
BAJFINANCE,PUT SPRD,,,,,,,,,,,1.02,1.17
BAJFINANCE,CALL OI FIX,12634,,,,,,,,,,12657,12519
BAJFINANCE,PUT OI FIX,11580,,,,,,,,,,11636,11601
BAJFINANCE,CALL DOI,,,,,,,,,,,4427891,4974243
BAJFINANCE,PUT DOI,,,,,,,,,,,-4029622,-3705442
BAJFINANCE,CALL GEX,,,,,,,,,,,671895,550807
BAJFINANCE,PUT GEX,,,,,,,,,,,381470,461651
BAJFINANCE,GEX STRIKE,,,,,,,,,,,1000.0,1000.0
BAJFINANCE,EXPIRY,,,,,,,,,,,2026-10-27,2026-10-27
BAJFINANCE,ATM IV,,,,,,,,,,,30.31,30.52
BANDHANBNK,PRICE,164.15,168.27,,,,164.15,166.66,164.99,179.93,177.31,165.05,164.8
BANDHANBNK,VWAP,,,,,,,,,,,163.45,164.56
BANDHANBNK,CASH VOL,12148002,18154959,4768471,44.14,38.68,,,,,,956067,1774321
BANDHANBNK,F&O VOL,817,1421,,,,,,,,,20,59
BANDHANBNK,F&O OI,53302,53770,,,,,,,,,53300,53296
BANDHANBNK,CALL VOL,32,37,,,,,,,,,0,0
BANDHANBNK,CALL OI,889,876,,,,,,,,,889,889
BANDHANBNK,PUT VOL,81,95,,,,,,,,,2,15
BANDHANBNK,PUT OI,2294,2321,,,,,,,,,2294,2294
BANDHANBNK,CALL SPRD,,,,,,,,,,,153.98,120.92
BANDHANBNK,PUT SPRD,,,,,,,,,,,18.18,21.4
BANDHANBNK,CALL OI FIX,889,,,,,,,,,,889,889
BANDHANBNK,PUT OI FIX,2294,,,,,,,,,,2294,2294
BANDHANBNK,CALL DOI,,,,,,,,,,,1501507,1483544
BANDHANBNK,PUT DOI,,,,,,,,,,,-4297399,-4483621
BANDHANBNK,CALL GEX,,,,,,,,,,,118155,118053
BANDHANBNK,PUT GEX,,,,,,,,,,,265467,302183
BANDHANBNK,GEX STRIKE,,,,,,,,,,,175.0,175.0
BANDHANBNK,EXPIRY,,,,,,,,,,,2026-10-27,2026-10-27
BANDHANBNK,ATM IV,,,,,,,,,,,46.55,42.73
BANKBARODA,PRICE,232.73,232.8,,,,231.8,233.3,232.92,230.47,229.76,230.96,231.57
BANKBARODA,VWAP,,,,,,,,,,,231.1,231.28
BANKBARODA,CASH VOL,5312668,10802904,1337120,59.15,50.93,,,,,,234188,342166
BANKBARODA,F&O VOL,13555,28106,,,,,,,,,707,1704
BANKBARODA,F&O OI,73711,73287,,,,,,,,,73763,73909
BANKBARODA,CALL VOL,5674,10705,,,,,,,,,362,820
BANKBARODA,CALL OI,7550,7229,,,,,,,,,6666,7627
BANKBARODA,PUT VOL,3186,7273,,,,,,,,,236,464
BANKBARODA,PUT OI,7389,7264,,,,,,,,,7301,7482
BANKBARODA,CALL SPRD,,,,,,,,,,,1.02,1.21
BANKBARODA,PUT SPRD,,,,,,,,,,,1.35,1.15
BANKBARODA,CALL OI FIX,7550,,,,,,,,,,7593,7627
BANKBARODA,PUT OI FIX,7389,,,,,,,,,,7390,7482
BANKBARODA,CALL DOI,,,,,,,,,,,7830922,8977252
BANKBARODA,PUT DOI,,,,,,,,,,,-9060408,-9113665
BANKBARODA,CALL GEX,,,,,,,,,,,1282516,1309501
BANKBARODA,PUT GEX,,,,,,,,,,,1046503,1120448
BANKBARODA,GEX STRIKE,,,,,,,,,,,240.0,240.0
BANKBARODA,EXPIRY,,,,,,,,,,,2026-10-27,2026-10-27
BANKBARODA,ATM IV,,,,,,,,,,,27.06,27.49
BANKINDIA,PRICE,132.16,133.5,,,,132.59,132.67,132.33,132.12,130.36,130.94,130.98
BANKINDIA,VWAP,,,,,,,,,,,130.97,130.86
BANKINDIA,CASH VOL,3280724,15657633,983224,42.48,31.58,,,,,,233060,436081
BANKINDIA,F&O VOL,4320,20658,,,,,,,,,240,883
BANKINDIA,F&O OI,25417,25312,,,,,,,,,25432,25315
BANKINDIA,CALL VOL,1745,7727,,,,,,,,,69,326
BANKINDIA,CALL OI,4146,3810,,,,,,,,,4148,4133
BANKINDIA,PUT VOL,1166,6633,,,,,,,,,37,267
BANKINDIA,PUT OI,4842,4965,,,,,,,,,4837,4714
BANKINDIA,CALL SPRD,,,,,,,,,,,21.54,1.81
BANKINDIA,PUT SPRD,,,,,,,,,,,4.8,1.78
BANKINDIA,CALL OI FIX,5334,,,,,,,,,,5336,5318
BANKINDIA,PUT OI FIX,4946,,,,,,,,,,4941,4818
BANKINDIA,CALL DOI,,,,,,,,,,,7004769,7585486
BANKINDIA,PUT DOI,,,,,,,,,,,-11684046,-11344422
BANKINDIA,CALL GEX,,,,,,,,,,,1079805,960376
BANKINDIA,PUT GEX,,,,,,,,,,,972837,1033075
BANKINDIA,GEX STRIKE,,,,,,,,,,,135.0,135.0
BANKINDIA,EXPIRY,,,,,,,,,,,2026-10-27,2026-10-27
BANKINDIA,ATM IV,,,,,,,,,,,35.78,34.41
BDL,PRICE,1101.8,1096.2,,,,1104.9,1101.73,1101.6,1106.05,1093.95,1091.3,1088.9
BDL,VWAP,,,,,,,,,,,1092.63,1090.28
BDL,CASH VOL,729165,660761,115005,35.93,39.03,,,,,,47263,78767
BDL,F&O VOL,8982,7439,,,,,,,,,400,1073
BDL,F&O OI,36007,35863,,,,,,,,,36147,36242
BDL,CALL VOL,3681,2829,,,,,,,,,351,544
BDL,CALL OI,4332,4261,,,,,,,,,6651,4441
BDL,PUT VOL,1323,1282,,,,,,,,,36,132
BDL,PUT OI,5132,5043,,,,,,,,,5506,5143
BDL,CALL SPRD,,,,,,,,,,,1.45,1.89
BDL,PUT SPRD,,,,,,,,,,,1.21,1.78
BDL,CALL OI FIX,6544,,,,,,,,,,6651,6691
BDL,PUT OI FIX,5509,,,,,,,,,,5506,5521
BDL,CALL DOI,,,,,,,,,,,772174,669269
BDL,PUT DOI,,,,,,,,,,,-1143843,-1009488
BDL,CALL GEX,,,,,,,,,,,119197,82578
BDL,PUT GEX,,,,,,,,,,,81142,83227
BDL,GEX STRIKE,,,,,,,,,,,1100.0,1100.0
BDL,EXPIRY,,,,,,,,,,,2026-10-27,2026-10-27
BDL,ATM IV,,,,,,,,,,,36.12,36.28
BEL,PRICE,387.4,384.85,,,,386.5,386.63,385.1,386.05,384.08,383.0,382.15
BEL,VWAP,,,,,,,,,,,383.63,382.81
BEL,CASH VOL,10038178,10909395,2168838,60.11,52.94,,,,,,487211,887524
BEL,F&O VOL,34734,42808,,,,,,,,,2068,4275
BEL,F&O OI,105915,103775,,,,,,,,,106071,106465
BEL,CALL VOL,16524,17676,,,,,,,,,1066,2055
BEL,CALL OI,12419,11871,,,,,,,,,14893,12848
BEL,PUT VOL,6327,11398,,,,,,,,,651,1211
BEL,PUT OI,11306,10631,,,,,,,,,12072,11171
BEL,CALL SPRD,,,,,,,,,,,1.12,0.87
BEL,PUT SPRD,,,,,,,,,,,1.03,1.32
BEL,CALL OI FIX,14668,,,,,,,,,,14893,15159
BEL,PUT OI FIX,12248,,,,,,,,,,12072,12112
BEL,CALL DOI,,,,,,,,,,,7174942,6937046
BEL,PUT DOI,,,,,,,,,,,-9209058,-8298146
BEL,CALL GEX,,,,,,,,,,,1380076,1094523
BEL,PUT GEX,,,,,,,,,,,852957,893362
BEL,GEX STRIKE,,,,,,,,,,,390.0,400.0
BEL,EXPIRY,,,,,,,,,,,2026-10-27,2026-10-27
BEL,ATM IV,,,,,,,,,,,25.43,26.55
BHARATFORG,PRICE,1880.0,1833.0,,,,1871.0,1871.0,1853.0,1919.85,1889.95,1852.2,1864.7
BHARATFORG,VWAP,,,,,,,,,,,1854.7,1857.77
BHARATFORG,CASH VOL,1089594,1029681,254549,61.03,57.31,,,,,,24375,48130
BHARATFORG,F&O VOL,11788,18784,,,,,,,,,570,1373
BHARATFORG,F&O OI,26847,27265,,,,,,,,,26963,27106
BHARATFORG,CALL VOL,4549,5194,,,,,,,,,271,526
BHARATFORG,CALL OI,2865,2923,,,,,,,,,2908,2920
BHARATFORG,PUT VOL,2559,6706,,,,,,,,,170,491
BHARATFORG,PUT OI,2818,2778,,,,,,,,,2854,2973
BHARATFORG,CALL SPRD,,,,,,,,,,,1.41,1.55
BHARATFORG,PUT SPRD,,,,,,,,,,,1.55,1.83
BHARATFORG,CALL OI FIX,3183,,,,,,,,,,3226,3238
BHARATFORG,PUT OI FIX,2825,,,,,,,,,,2861,2978
BHARATFORG,CALL DOI,,,,,,,,,,,529987,626211
BHARATFORG,PUT DOI,,,,,,,,,,,-666900,-617585
BHARATFORG,CALL GEX,,,,,,,,,,,97891,81941
BHARATFORG,PUT GEX,,,,,,,,,,,69529,83807
BHARATFORG,GEX STRIKE,,,,,,,,,,,1900.0,1900.0
BHARATFORG,EXPIRY,,,,,,,,,,,2026-10-27,2026-10-27
BHARATFORG,ATM IV,,,,,,,,,,,27.59,27.56
BHARTIARTL,PRICE,1810.5,1779.9,,,,1823.0,1803.98,1790.95,1756.9,1746.37,1816.6,1822.5
BHARTIARTL,VWAP,,,,,,,,,,,1818.4,1820.65
BHARTIARTL,CASH VOL,5155150,7310041,2096419,57.9,74.34,,,,,,868331,1373643
BHARTIARTL,F&O VOL,85304,63781,,,,,,,,,11466,25449
BHARTIARTL,F&O OI,180625,180073,,,,,,,,,181067,183086
BHARTIARTL,CALL VOL,48744,36621,,,,,,,,,6188,15279
BHARTIARTL,CALL OI,29341,28356,,,,,,,,,29027,30870
BHARTIARTL,PUT VOL,19177,12781,,,,,,,,,2245,5971
BHARTIARTL,PUT OI,19712,18080,,,,,,,,,19892,20168
BHARTIARTL,CALL SPRD,,,,,,,,,,,0.52,0.67
BHARTIARTL,PUT SPRD,,,,,,,,,,,0.78,0.88
BHARTIARTL,CALL OI FIX,29341,,,,,,,,,,29027,30870
BHARTIARTL,PUT OI FIX,19712,,,,,,,,,,19892,20168
BHARTIARTL,CALL DOI,,,,,,,,,,,6675143,7543868
BHARTIARTL,PUT DOI,,,,,,,,,,,-3406065,-3147806
BHARTIARTL,CALL GEX,,,,,,,,,,,1288577,1336805
BHARTIARTL,PUT GEX,,,,,,,,,,,708659,750658
BHARTIARTL,GEX STRIKE,,,,,,,,,,,1820.0,1820.0
BHARTIARTL,EXPIRY,,,,,,,,,,,2026-10-27,2026-10-27
BHARTIARTL,ATM IV,,,,,,,,,,,15.97,15.39
BHEL,PRICE,452.0,429.0,,,,451.5,448.27,440.8,419.12,415.38,450.25,453.4
BHEL,VWAP,,,,,,,,,,,449.73,450.82
BHEL,CASH VOL,22865195,8225965,4625350,30.28,41.35,,,,,,669919,1397253
BHEL,F&O VOL,99759,25945,,,,,,,,,2849,8000
BHEL,F&O OI,55760,46295,,,,,,,,,55645,56536
BHEL,CALL VOL,46799,10969,,,,,,,,,1071,3938
BHEL,CALL OI,7095,4540,,,,,,,,,6682,7631
BHEL,PUT VOL,16296,1973,,,,,,,,,745,1600
BHEL,PUT OI,4565,913,,,,,,,,,4850,4571
BHEL,CALL SPRD,,,,,,,,,,,0.86,1.18
BHEL,PUT SPRD,,,,,,,,,,,1.27,1.18
BHEL,CALL OI FIX,6703,,,,,,,,,,6682,7224
BHEL,PUT OI FIX,4907,,,,,,,,,,4850,4918
BHEL,CALL DOI,,,,,,,,,,,9566575,10804386
BHEL,PUT DOI,,,,,,,,,,,-4917475,-4450359
BHEL,CALL GEX,,,,,,,,,,,762371,809188
BHEL,PUT GEX,,,,,,,,,,,472381,463733
BHEL,GEX STRIKE,,,,,,,,,,,450.0,450.0
BHEL,EXPIRY,,,,,,,,,,,2026-10-27,2026-10-27
BHEL,ATM IV,,,,,,,,,,,39.38,39.84
BIOCON,PRICE,369.1,369.8,,,,368.4,369.0,368.8,372.4,371.27,366.1,364.6
BIOCON,VWAP,,,,,,,,,,,366.33,365.21
BIOCON,CASH VOL,4647884,2121058,2636399,75.78,58.52,,,,,,47404,106641
BIOCON,F&O VOL,7377,6124,,,,,,,,,403,1170
BIOCON,F&O OI,34245,32680,,,,,,,,,34374,34558
BIOCON,CALL VOL,2745,2143,,,,,,,,,172,590
BIOCON,CALL OI,3378,2726,,,,,,,,,3439,3582
BIOCON,PUT VOL,1508,1418,,,,,,,,,107,220
BIOCON,PUT OI,4190,3964,,,,,,,,,4195,4185
BIOCON,CALL SPRD,,,,,,,,,,,3.26,2.88
BIOCON,PUT SPRD,,,,,,,,,,,1.83,2.9
BIOCON,CALL OI FIX,3849,,,,,,,,,,3910,4051
BIOCON,PUT OI FIX,4226,,,,,,,,,,4231,4221
BIOCON,CALL DOI,,,,,,,,,,,2811917,2843023
BIOCON,PUT DOI,,,,,,,,,,,-5015910,-5166813
BIOCON,CALL GEX,,,,,,,,,,,485846,481381
BIOCON,PUT GEX,,,,,,,,,,,550051,549055
BIOCON,GEX STRIKE,,,,,,,,,,,380.0,380.0
BIOCON,EXPIRY,,,,,,,,,,,2026-10-27,2026-10-27
BIOCON,ATM IV,,,,,,,,,,,29.42,27.86
BLUESTARCO,PRICE,1571.5,1510.0,,,,1562.9,1560.98,1539.95,1518.75,1479.32,1539.9,1557.7
BLUESTARCO,VWAP,,,,,,,,,,,1543.57,1545.71
BLUESTARCO,CASH VOL,867322,367830,147514,35.36,15.13,,,,,,28585,45232
BLUESTARCO,F&O VOL,25788,19384,,,,,,,,,868,1717
BLUESTARCO,F&O OI,27926,28276,,,,,,,,,27966,27960
BLUESTARCO,CALL VOL,16860,11429,,,,,,,,,370,769
BLUESTARCO,CALL OI,3553,4035,,,,,,,,,3403,3546
BLUESTARCO,PUT VOL,3317,1962,,,,,,,,,368,626
BLUESTARCO,PUT OI,1975,1439,,,,,,,,,2151,2039
BLUESTARCO,CALL SPRD,,,,,,,,,,,2.74,0.78
BLUESTARCO,PUT SPRD,,,,,,,,,,,1.89,2.42
BLUESTARCO,CALL OI FIX,3527,,,,,,,,,,3545,3520
BLUESTARCO,PUT OI FIX,1822,,,,,,,,,,1832,1890
BLUESTARCO,CALL DOI,,,,,,,,,,,492786,616583
BLUESTARCO,PUT DOI,,,,,,,,,,,-277659,-243629
BLUESTARCO,CALL GEX,,,,,,,,,,,69284,59909
BLUESTARCO,PUT GEX,,,,,,,,,,,24167,24955
BLUESTARCO,GEX STRIKE,,,,,,,,,,,1600.0,1600.0
BLUESTARCO,EXPIRY,,,,,,,,,,,2026-10-27,2026-10-27
BLUESTARCO,ATM IV,,,,,,,,,,,31.21,35.45
BOSCHLTD,PRICE,45000.0,44960.0,,,,45000.0,45102.5,45034.17,46210.0,45723.33,44505.0,44550.0
BOSCHLTD,VWAP,,,,,,,,,,,44576.67,44537.04
BOSCHLTD,CASH VOL,21643,41822,6291,50.22,60.61,,,,,,940,1423
BOSCHLTD,F&O VOL,8828,13896,,,,,,,,,287,1162
BOSCHLTD,F&O OI,16638,16370,,,,,,,,,16661,16795
BOSCHLTD,CALL VOL,1669,2412,,,,,,,,,57,289
BOSCHLTD,CALL OI,1628,1559,,,,,,,,,1651,1728
BOSCHLTD,PUT VOL,1681,3214,,,,,,,,,91,292
BOSCHLTD,PUT OI,3143,3074,,,,,,,,,3113,3125
BOSCHLTD,CALL SPRD,,,,,,,,,,,27.47,18.55
BOSCHLTD,PUT SPRD,,,,,,,,,,,74.47,5.59
BOSCHLTD,CALL OI FIX,1727,,,,,,,,,,1751,1837
BOSCHLTD,PUT OI FIX,2188,,,,,,,,,,2158,2166
BOSCHLTD,CALL DOI,,,,,,,,,,,13177,14977
BOSCHLTD,PUT DOI,,,,,,,,,,,-28456,-28371
BOSCHLTD,CALL GEX,,,,,,,,,,,2892,2636
BOSCHLTD,PUT GEX,,,,,,,,,,,4013,4022
BOSCHLTD,GEX STRIKE,,,,,,,,,,,45000.0,45000.0
BOSCHLTD,EXPIRY,,,,,,,,,,,2026-10-27,2026-10-27
BOSCHLTD,ATM IV,,,,,,,,,,,25.24,24.53
BPCL,PRICE,300.5,296.95,,,,297.0,299.52,297.55,302.5,301.23,296.3,297.5
BPCL,VWAP,,,,,,,,,,,296.22,296.66
BPCL,CASH VOL,6314935,7903107,1492069,57.65,59.79,,,,,,359874,789894
BPCL,F&O VOL,15985,11001,,,,,,,,,572,1940
BPCL,F&O OI,29387,26566,,,,,,,,,29396,29256
BPCL,CALL VOL,6869,4389,,,,,,,,,198,859
BPCL,CALL OI,3844,3191,,,,,,,,,3840,3649
BPCL,PUT VOL,5591,3516,,,,,,,,,196,679
BPCL,PUT OI,3911,3042,,,,,,,,,3901,3969
BPCL,CALL SPRD,,,,,,,,,,,2.29,1.45
BPCL,PUT SPRD,,,,,,,,,,,1.53,1.89
BPCL,CALL OI FIX,3950,,,,,,,,,,3946,3753
BPCL,PUT OI FIX,3662,,,,,,,,,,3652,3721
BPCL,CALL DOI,,,,,,,,,,,2444097,2640089
BPCL,PUT DOI,,,,,,,,,,,-3318203,-3197984
BPCL,CALL GEX,,,,,,,,,,,408958,368016
BPCL,PUT GEX,,,,,,,,,,,337879,380680
BPCL,GEX STRIKE,,,,,,,,,,,300.0,300.0
BPCL,EXPIRY,,,,,,,,,,,2026-10-27,2026-10-27
BPCL,ATM IV,,,,,,,,,,,27.34,28.09
BRITANNIA,PRICE,4883.8,4770.0,,,,4870.1,4864.63,4826.3,4835.0,4797.0,4797.1,4828.0
BRITANNIA,VWAP,,,,,,,,,,,4824.9,4820.42
BRITANNIA,CASH VOL,221171,204743,56396,56.1,64.64,,,,,,8025,11518
BRITANNIA,F&O VOL,16378,10453,,,,,,,,,1183,2007
BRITANNIA,F&O OI,30302,30305,,,,,,,,,30340,30355
BRITANNIA,CALL VOL,9322,5070,,,,,,,,,595,1207
BRITANNIA,CALL OI,3470,3834,,,,,,,,,2965,3479
BRITANNIA,PUT VOL,3692,1822,,,,,,,,,328,484
BRITANNIA,PUT OI,2668,2592,,,,,,,,,2690,2657
BRITANNIA,CALL SPRD,,,,,,,,,,,1.62,1.72
BRITANNIA,PUT SPRD,,,,,,,,,,,1.72,1.83
BRITANNIA,CALL OI FIX,3582,,,,,,,,,,3563,3588
BRITANNIA,PUT OI FIX,2500,,,,,,,,,,2506,2486
BRITANNIA,CALL DOI,,,,,,,,,,,108622,156420
BRITANNIA,PUT DOI,,,,,,,,,,,-165104,-152758
BRITANNIA,CALL GEX,,,,,,,,,,,43648,33300
BRITANNIA,PUT GEX,,,,,,,,,,,19379,22100
BRITANNIA,GEX STRIKE,,,,,,,,,,,4800.0,5000.0
BRITANNIA,EXPIRY,,,,,,,,,,,2026-10-27,2026-10-27
BRITANNIA,ATM IV,,,,,,,,,,,16.8,20.33
BSE,PRICE,3305.0,3179.6,,,,3265.0,3288.58,3255.75,3100.0,3064.0,3272.4,3263.8
BSE,VWAP,,,,,,,,,,,3271.6,3268.81
BSE,CASH VOL,6869765,6735475,1176316,46.67,47.76,,,,,,261831,475335
BSE,F&O VOL,201016,161674,,,,,,,,,11841,19461
BSE,F&O OI,131682,132229,,,,,,,,,132072,132581
BSE,CALL VOL,96620,83497,,,,,,,,,5154,7885
BSE,CALL OI,27666,30298,,,,,,,,,27438,27930
BSE,PUT VOL,55384,32237,,,,,,,,,4356,7085
BSE,PUT OI,22483,20113,,,,,,,,,22541,22748
BSE,CALL SPRD,,,,,,,,,,,0.77,0.79
BSE,PUT SPRD,,,,,,,,,,,0.78,0.62
BSE,CALL OI FIX,26460,,,,,,,,,,26223,26733
BSE,PUT OI FIX,16637,,,,,,,,,,16680,16904
BSE,CALL DOI,,,,,,,,,,,2943071,2923223
BSE,PUT DOI,,,,,,,,,,,-1544381,-1620176
BSE,CALL GEX,,,,,,,,,,,223330,242823
BSE,PUT GEX,,,,,,,,,,,162226,159331
BSE,GEX STRIKE,,,,,,,,,,,3300.0,3300.0
BSE,EXPIRY,,,,,,,,,,,2026-10-27,2026-10-27
BSE,ATM IV,,,,,,,,,,,37.17,36.47
CAMS,PRICE,693.9,683.85,,,,693.9,691.34,686.22,687.17,680.56,701.2,696.4
CAMS,VWAP,,,,,,,,,,,698.52,699.13
CAMS,CASH VOL,1051068,1632385,224432,53.85,54.75,,,,,,91356,151459
CAMS,F&O VOL,4764,5412,,,,,,,,,716,1743
CAMS,F&O OI,17582,17334,,,,,,,,,17671,17735
CAMS,CALL VOL,2193,2690,,,,,,,,,346,904
CAMS,CALL OI,2082,1995,,,,,,,,,2038,2029
CAMS,PUT VOL,923,715,,,,,,,,,68,229
CAMS,PUT OI,1699,1583,,,,,,,,,1715,1746
CAMS,CALL SPRD,,,,,,,,,,,1.22,1.36
CAMS,PUT SPRD,,,,,,,,,,,2.94,1.6
CAMS,CALL OI FIX,1840,,,,,,,,,,1798,1787
CAMS,PUT OI FIX,1767,,,,,,,,,,1783,1802
CAMS,CALL DOI,,,,,,,,,,,818388,762066
CAMS,PUT DOI,,,,,,,,,,,-524646,-587973
CAMS,CALL GEX,,,,,,,,,,,81320,89282
CAMS,PUT GEX,,,,,,,,,,,65961,65129
CAMS,GEX STRIKE,,,,,,,,,,,700.0,700.0
CAMS,EXPIRY,,,,,,,,,,,2026-10-27,2026-10-27
CAMS,ATM IV,,,,,,,,,,,29.24,28.94
CANBK,PRICE,117.82,118.5,,,,117.95,118.46,118.03,120.59,119.11,117.15,117.19
CANBK,VWAP,,,,,,,,,,,117.19,117.16
CANBK,CASH VOL,10318285,22263750,3022528,53.06,56.86,,,,,,1002509,1599129
CANBK,F&O VOL,8968,11038,,,,,,,,,472,1223
CANBK,F&O OI,73384,71563,,,,,,,,,73538,73657
CANBK,CALL VOL,2507,2850,,,,,,,,,117,337
CANBK,CALL OI,3020,2384,,,,,,,,,3073,3137
CANBK,PUT VOL,1221,1319,,,,,,,,,46,234
CANBK,PUT OI,3201,2892,,,,,,,,,3201,3227
CANBK,CALL SPRD,,,,,,,,,,,2.25,1.8
CANBK,PUT SPRD,,,,,,,,,,,22.51,1.97
CANBK,CALL OI FIX,4096,,,,,,,,,,4150,4217
CANBK,PUT OI FIX,3714,,,,,,,,,,3713,3738
CANBK,CALL DOI,,,,,,,,,,,8817114,9525653
CANBK,PUT DOI,,,,,,,,,,,-10462167,-10756547
CANBK,CALL GEX,,,,,,,,,,,1307808,1082243
CANBK,PUT GEX,,,,,,,,,,,978491,1169161
CANBK,GEX STRIKE,,,,,,,,,,,120.0,120.0
CANBK,EXPIRY,,,,,,,,,,,2026-10-27,2026-10-27
CANBK,ATM IV,,,,,,,,,,,28.1,30.74
CDSL,PRICE,1263.4,1250.0,,,,1260.0,1262.17,1259.7,1270.95,1251.98,1258.6,1256.4
CDSL,VWAP,,,,,,,,,,,1257.2,1258.04
CDSL,CASH VOL,896613,915900,265468,48.85,45.1,,,,,,44188,82677
CDSL,F&O VOL,13782,13097,,,,,,,,,591,1201
CDSL,F&O OI,47089,45866,,,,,,,,,47103,47107
CDSL,CALL VOL,7381,5556,,,,,,,,,361,719
CDSL,CALL OI,6303,5846,,,,,,,,,6342,6358
CDSL,PUT VOL,2410,3125,,,,,,,,,22,137
CDSL,PUT OI,7907,7696,,,,,,,,,7909,7921
CDSL,CALL SPRD,,,,,,,,,,,1.43,1.18
CDSL,PUT SPRD,,,,,,,,,,,8.13,1.32
CDSL,CALL OI FIX,6303,,,,,,,,,,6342,6358
CDSL,PUT OI FIX,7907,,,,,,,,,,7909,7921
CDSL,CALL DOI,,,,,,,,,,,1023292,1027207
CDSL,PUT DOI,,,,,,,,,,,-1824367,-1852210
CDSL,CALL GEX,,,,,,,,,,,151627,144178
CDSL,PUT GEX,,,,,,,,,,,187478,189432
CDSL,GEX STRIKE,,,,,,,,,,,1300.0,1300.0
CDSL,EXPIRY,,,,,,,,,,,2026-10-27,2026-10-27
CDSL,ATM IV,,,,,,,,,,,28.73,30.76
CGPOWER,PRICE,912.0,882.3,,,,912.0,907.78,899.33,876.68,872.05,904.65,905.7
CGPOWER,VWAP,,,,,,,,,,,905.52,904.19
CGPOWER,CASH VOL,2540774,1290292,425007,47.89,43.28,,,,,,87695,143561
CGPOWER,F&O VOL,20833,10307,,,,,,,,,1333,2871
CGPOWER,F&O OI,28354,27474,,,,,,,,,28464,28604
CGPOWER,CALL VOL,11043,4163,,,,,,,,,740,1495
CGPOWER,CALL OI,2788,2438,,,,,,,,,2717,3003
CGPOWER,PUT VOL,3688,2740,,,,,,,,,421,798
CGPOWER,PUT OI,2662,2271,,,,,,,,,2738,2596
CGPOWER,CALL SPRD,,,,,,,,,,,1.17,0.92
CGPOWER,PUT SPRD,,,,,,,,,,,0.81,13.86
CGPOWER,CALL OI FIX,2788,,,,,,,,,,2945,3003
CGPOWER,PUT OI FIX,2662,,,,,,,,,,2591,2596
CGPOWER,CALL DOI,,,,,,,,,,,1217689,1309556
CGPOWER,PUT DOI,,,,,,,,,,,-796212,-760639
CGPOWER,CALL GEX,,,,,,,,,,,129535,128963
CGPOWER,PUT GEX,,,,,,,,,,,95522,96482
CGPOWER,GEX STRIKE,,,,,,,,,,,900.0,900.0
CGPOWER,EXPIRY,,,,,,,,,,,2026-10-27,2026-10-27
CGPOWER,ATM IV,,,,,,,,,,,31.28,30.81
CHOLAFIN,PRICE,1611.0,1605.4,,,,1607.1,1609.05,1605.15,1611.8,1590.6,1607.9,1608.7
CHOLAFIN,VWAP,,,,,,,,,,,1602.03,1605.21
CHOLAFIN,CASH VOL,949646,1378981,384774,57.71,57.09,,,,,,26090,66092
CHOLAFIN,F&O VOL,7013,12365,,,,,,,,,339,1456
CHOLAFIN,F&O OI,32520,32618,,,,,,,,,32584,32828
CHOLAFIN,CALL VOL,2560,4696,,,,,,,,,116,482
CHOLAFIN,CALL OI,2638,2599,,,,,,,,,2653,2648
CHOLAFIN,PUT VOL,1578,3360,,,,,,,,,71,621
CHOLAFIN,PUT OI,3310,3306,,,,,,,,,3322,3561
CHOLAFIN,CALL SPRD,,,,,,,,,,,6.51,3.26
CHOLAFIN,PUT SPRD,,,,,,,,,,,3.75,1.27
CHOLAFIN,CALL OI FIX,3201,,,,,,,,,,3216,3212
CHOLAFIN,PUT OI FIX,3161,,,,,,,,,,3173,3413
CHOLAFIN,CALL DOI,,,,,,,,,,,614825,635258
CHOLAFIN,PUT DOI,,,,,,,,,,,-860527,-909060
CHOLAFIN,CALL GEX,,,,,,,,,,,89804,86849
CHOLAFIN,PUT GEX,,,,,,,,,,,97808,105543
CHOLAFIN,GEX STRIKE,,,,,,,,,,,1600.0,1600.0
CHOLAFIN,EXPIRY,,,,,,,,,,,2026-10-27,2026-10-27
CHOLAFIN,ATM IV,,,,,,,,,,,31.59,30.35
CIPLA,PRICE,1340.2,1335.5,,,,1338.5,1338.15,1334.05,1369.2,1352.4,1344.3,1344.4
CIPLA,VWAP,,,,,,,,,,,1346.6,1344.66
CIPLA,CASH VOL,575696,1084209,187330,57.87,59.56,,,,,,27492,48052
CIPLA,F&O VOL,16723,20437,,,,,,,,,558,1636
CIPLA,F&O OI,40815,38413,,,,,,,,,40886,40988
CIPLA,CALL VOL,4788,3993,,,,,,,,,222,698
CIPLA,CALL OI,2971,2584,,,,,,,,,2989,3047
CIPLA,PUT VOL,3565,6869,,,,,,,,,97,324
CIPLA,PUT OI,3517,3364,,,,,,,,,3510,3524
CIPLA,CALL SPRD,,,,,,,,,,,1.83,0.71
CIPLA,PUT SPRD,,,,,,,,,,,5.37,1.59
CIPLA,CALL OI FIX,2971,,,,,,,,,,2989,3047
CIPLA,PUT OI FIX,3517,,,,,,,,,,3510,3524
CIPLA,CALL DOI,,,,,,,,,,,609343,620922
CIPLA,PUT DOI,,,,,,,,,,,-638277,-648319
CIPLA,CALL GEX,,,,,,,,,,,82619,98002
CIPLA,PUT GEX,,,,,,,,,,,106933,92486
CIPLA,GEX STRIKE,,,,,,,,,,,1350.0,1350.0
CIPLA,EXPIRY,,,,,,,,,,,2026-10-27,2026-10-27
CIPLA,ATM IV,,,,,,,,,,,23.78,23.52
COALINDIA,PRICE,411.65,425.1,,,,411.65,418.77,414.02,424.6,421.8,413.75,415.15
COALINDIA,VWAP,,,,,,,,,,,412.78,413.99
COALINDIA,CASH VOL,5548430,7764099,1771770,52.14,60.23,,,,,,468116,899135
COALINDIA,F&O VOL,61593,44541,,,,,,,,,3139,8051
COALINDIA,F&O OI,100687,92790,,,,,,,,,101117,101088
COALINDIA,CALL VOL,25400,14885,,,,,,,,,1991,5060
COALINDIA,CALL OI,15554,9983,,,,,,,,,15797,15690
COALINDIA,PUT VOL,19923,14713,,,,,,,,,728,1689
COALINDIA,PUT OI,8616,7411,,,,,,,,,8695,8784
COALINDIA,CALL SPRD,,,,,,,,,,,1.16,1.05
COALINDIA,PUT SPRD,,,,,,,,,,,1.08,1.21
COALINDIA,CALL OI FIX,13975,,,,,,,,,,14201,14093
COALINDIA,PUT OI FIX,8365,,,,,,,,,,8440,8520
COALINDIA,CALL DOI,,,,,,,,,,,8353119,8757328
COALINDIA,PUT DOI,,,,,,,,,,,-5715674,-5449834
COALINDIA,CALL GEX,,,,,,,,,,,1323380,1323396
COALINDIA,PUT GEX,,,,,,,,,,,742715,743053
COALINDIA,GEX STRIKE,,,,,,,,,,,420.0,420.0
COALINDIA,EXPIRY,,,,,,,,,,,2026-10-27,2026-10-27
COALINDIA,ATM IV,,,,,,,,,,,22.84,23.21
COCHINSHIP,PRICE,1282.0,1283.8,,,,1282.0,1283.3,1282.43,1319.0,1297.67,1269.6,1271.0
COCHINSHIP,VWAP,,,,,,,,,,,1271.47,1270.24
COCHINSHIP,CASH VOL,860827,678043,393719,45.44,42.53,,,,,,41314,57850
COCHINSHIP,F&O VOL,5205,6019,,,,,,,,,206,428
COCHINSHIP,F&O OI,25977,25871,,,,,,,,,26017,26042
COCHINSHIP,CALL VOL,1707,1285,,,,,,,,,74,149
COCHINSHIP,CALL OI,1933,1771,,,,,,,,,1752,1954
COCHINSHIP,PUT VOL,683,1339,,,,,,,,,13,31
COCHINSHIP,PUT OI,2013,1970,,,,,,,,,1938,2013
COCHINSHIP,CALL SPRD,,,,,,,,,,,6.68,2.24
COCHINSHIP,PUT SPRD,,,,,,,,,,,7.84,6.82
COCHINSHIP,CALL OI FIX,1933,,,,,,,,,,1934,1954
COCHINSHIP,PUT OI FIX,2013,,,,,,,,,,2013,2013
COCHINSHIP,CALL DOI,,,,,,,,,,,238224,268653
COCHINSHIP,PUT DOI,,,,,,,,,,,-342684,-370087
COCHINSHIP,CALL GEX,,,,,,,,,,,39993,39067
COCHINSHIP,PUT GEX,,,,,,,,,,,36597,36900
COCHINSHIP,GEX STRIKE,,,,,,,,,,,1300.0,1300.0
COCHINSHIP,EXPIRY,,,,,,,,,,,2026-10-27,2026-10-27
COCHINSHIP,ATM IV,,,,,,,,,,,27.78,29.77
COFORGE,PRICE,1849.7,1852.0,,,,1843.0,1847.23,1842.3,1809.5,1776.5,1844.8,1844.8
COFORGE,VWAP,,,,,,,,,,,1843.93,1841.02
COFORGE,CASH VOL,1921707,3693526,293864,51.84,46.48,,,,,,49991,97358
COFORGE,F&O VOL,18700,53187,,,,,,,,,317,1231
COFORGE,F&O OI,48239,49611,,,,,,,,,48263,48364
COFORGE,CALL VOL,7363,24678,,,,,,,,,160,592
COFORGE,CALL OI,6885,7007,,,,,,,,,6890,6914
COFORGE,PUT VOL,3959,9342,,,,,,,,,40,294
COFORGE,PUT OI,4742,4924,,,,,,,,,4750,4797
COFORGE,CALL SPRD,,,,,,,,,,,1.44,0.46
COFORGE,PUT SPRD,,,,,,,,,,,1.31,0.72
COFORGE,CALL OI FIX,6885,,,,,,,,,,6890,6914
COFORGE,PUT OI FIX,4742,,,,,,,,,,4750,4797
COFORGE,CALL DOI,,,,,,,,,,,1774448,1785996
COFORGE,PUT DOI,,,,,,,,,,,-888468,-911972
COFORGE,CALL GEX,,,,,,,,,,,129154,139782
COFORGE,PUT GEX,,,,,,,,,,,82155,77823
COFORGE,GEX STRIKE,,,,,,,,,,,1800.0,1800.0
COFORGE,EXPIRY,,,,,,,,,,,2026-10-27,2026-10-27
COFORGE,ATM IV,,,,,,,,,,,41.71,42.54
COLPAL,PRICE,1809.4,1775.0,,,,1800.9,1801.72,1786.35,1787.0,1752.33,1790.6,1790.7
COLPAL,VWAP,,,,,,,,,,,1791.33,1791.89
COLPAL,CASH VOL,557765,173685,323470,67.9,58.14,,,,,,7422,11272
COLPAL,F&O VOL,7857,4240,,,,,,,,,198,504
COLPAL,F&O OI,32502,32177,,,,,,,,,32556,32613
COLPAL,CALL VOL,3762,1797,,,,,,,,,165,307
COLPAL,CALL OI,3441,3379,,,,,,,,,3490,3516
COLPAL,PUT VOL,1126,668,,,,,,,,,19,45
COLPAL,PUT OI,3119,3026,,,,,,,,,3123,3139
COLPAL,CALL SPRD,,,,,,,,,,,2.73,2.3
COLPAL,PUT SPRD,,,,,,,,,,,16.09,14.77
COLPAL,CALL OI FIX,3441,,,,,,,,,,3490,3516
COLPAL,PUT OI FIX,3119,,,,,,,,,,3123,3139
COLPAL,CALL DOI,,,,,,,,,,,355100,363794
COLPAL,PUT DOI,,,,,,,,,,,-440320,-440487
COLPAL,CALL GEX,,,,,,,,,,,56381,54488
COLPAL,PUT GEX,,,,,,,,,,,47072,47276
COLPAL,GEX STRIKE,,,,,,,,,,,1900.0,1900.0
COLPAL,EXPIRY,,,,,,,,,,,2026-10-27,2026-10-27
COLPAL,ATM IV,,,,,,,,,,,23.99,25.77
CONCOR,PRICE,445.85,441.45,,,,446.5,445.02,443.35,448.9,444.3,442.85,443.3
CONCOR,VWAP,,,,,,,,,,,443.6,443.11
CONCOR,CASH VOL,929976,949906,132583,37.08,49.51,,,,,,25260,56497
CONCOR,F&O VOL,5643,4464,,,,,,,,,76,217
CONCOR,F&O OI,28670,27945,,,,,,,,,28675,28713
CONCOR,CALL VOL,1995,1470,,,,,,,,,31,103
CONCOR,CALL OI,2164,2137,,,,,,,,,2158,2187
CONCOR,PUT VOL,980,731,,,,,,,,,10,32
CONCOR,PUT OI,2420,2270,,,,,,,,,2424,2423
CONCOR,CALL SPRD,,,,,,,,,,,3.36,2.85
CONCOR,PUT SPRD,,,,,,,,,,,142.16,39.18
CONCOR,CALL OI FIX,2164,,,,,,,,,,2158,2187
CONCOR,PUT OI FIX,2420,,,,,,,,,,2424,2423
CONCOR,CALL DOI,,,,,,,,,,,946899,1007041
CONCOR,PUT DOI,,,,,,,,,,,-1574301,-1557286
CONCOR,CALL GEX,,,,,,,,,,,155617,145783
CONCOR,PUT GEX,,,,,,,,,,,140052,141099
CONCOR,GEX STRIKE,,,,,,,,,,,450.0,450.0
CONCOR,EXPIRY,,,,,,,,,,,2026-10-27,2026-10-27
CONCOR,ATM IV,,,,,,,,,,,26.71,29.45
CROMPTON,PRICE,211.98,211.5,,,,211.98,211.82,211.49,211.2,205.53,211.43,210.74
CROMPTON,VWAP,,,,,,,,,,,211.17,211.1
CROMPTON,CASH VOL,1180238,3915311,314088,40.86,27.87,,,,,,44392,84807
CROMPTON,F&O VOL,7405,14441,,,,,,,,,1650,2279
CROMPTON,F&O OI,45465,45809,,,,,,,,,46007,46305
CROMPTON,CALL VOL,3468,5313,,,,,,,,,680,753
CROMPTON,CALL OI,2136,2271,,,,,,,,,2969,2476
CROMPTON,PUT VOL,1231,2225,,,,,,,,,629,818
CROMPTON,PUT OI,2518,2496,,,,,,,,,3228,2891
CROMPTON,CALL SPRD,,,,,,,,,,,3.49,1.68
CROMPTON,PUT SPRD,,,,,,,,,,,2.86,1.59
CROMPTON,CALL OI FIX,2731,,,,,,,,,,2969,3076
CROMPTON,PUT OI FIX,3097,,,,,,,,,,3228,3355
CROMPTON,CALL DOI,,,,,,,,,,,2790193,2458868
CROMPTON,PUT DOI,,,,,,,,,,,-3596848,-2860234
CROMPTON,CALL GEX,,,,,,,,,,,333804,269970
CROMPTON,PUT GEX,,,,,,,,,,,307920,283346
CROMPTON,GEX STRIKE,,,,,,,,,,,220.0,220.0
CROMPTON,EXPIRY,,,,,,,,,,,2026-10-27,2026-10-27
CROMPTON,ATM IV,,,,,,,,,,,32.21,32.12
CUMMINSIND,PRICE,4919.0,4832.3,,,,4925.0,4902.67,4870.0,4853.5,4840.5,4867.7,4889.8
CUMMINSIND,VWAP,,,,,,,,,,,4879.4,4876.63
CUMMINSIND,CASH VOL,883370,707402,240500,75.96,70.61,,,,,,3834,11955
CUMMINSIND,F&O VOL,6430,6789,,,,,,,,,157,548
CUMMINSIND,F&O OI,36742,36905,,,,,,,,,36761,36785
CUMMINSIND,CALL VOL,2655,2371,,,,,,,,,69,189
CUMMINSIND,CALL OI,1588,1623,,,,,,,,,1595,1604
CUMMINSIND,PUT VOL,545,497,,,,,,,,,21,60
CUMMINSIND,PUT OI,1555,1512,,,,,,,,,2074,1540
CUMMINSIND,CALL SPRD,,,,,,,,,,,27.43,3.42
CUMMINSIND,PUT SPRD,,,,,,,,,,,24.69,2.36
CUMMINSIND,CALL OI FIX,1588,,,,,,,,,,1592,1604
CUMMINSIND,PUT OI FIX,1555,,,,,,,,,,1551,1540
CUMMINSIND,CALL DOI,,,,,,,,,,,133826,150351
CUMMINSIND,PUT DOI,,,,,,,,,,,-160553,-132762
CUMMINSIND,CALL GEX,,,,,,,,,,,24890,21224
CUMMINSIND,PUT GEX,,,,,,,,,,,20999,17896
CUMMINSIND,GEX STRIKE,,,,,,,,,,,4900.0,4900.0
CUMMINSIND,EXPIRY,,,,,,,,,,,2026-10-27,2026-10-27
CUMMINSIND,ATM IV,,,,,,,,,,,24.38,25.63
DABUR,PRICE,388.9,378.65,,,,387.7,387.34,384.23,379.85,376.12,386.6,386.7
DABUR,VWAP,,,,,,,,,,,386.53,386.44
DABUR,CASH VOL,2619919,685009,377418,47.97,36.48,,,,,,69770,92549
DABUR,F&O VOL,35860,10666,,,,,,,,,862,1439
DABUR,F&O OI,36968,36067,,,,,,,,,37024,37059
DABUR,CALL VOL,18039,4822,,,,,,,,,490,831
DABUR,CALL OI,5675,5521,,,,,,,,,5726,5758
DABUR,PUT VOL,8281,2388,,,,,,,,,71,199
DABUR,PUT OI,4255,3766,,,,,,,,,4241,4241
DABUR,CALL SPRD,,,,,,,,,,,1.62,1.63
DABUR,PUT SPRD,,,,,,,,,,,3.28,1.64
DABUR,CALL OI FIX,6569,,,,,,,,,,6623,6673
DABUR,PUT OI FIX,3858,,,,,,,,,,3844,3849
DABUR,CALL DOI,,,,,,,,,,,2896393,2963915
DABUR,PUT DOI,,,,,,,,,,,-1903198,-1891285
DABUR,CALL GEX,,,,,,,,,,,525273,529938
DABUR,PUT GEX,,,,,,,,,,,304763,314820
DABUR,GEX STRIKE,,,,,,,,,,,390.0,390.0
DABUR,EXPIRY,,,,,,,,,,,2026-10-27,2026-10-27
DABUR,ATM IV,,,,,,,,,,,21.0,20.56
DALBHARAT,PRICE,1682.6,1673.7,,,,1661.0,1681.7,1679.9,1676.17,1664.3,,
DALBHARAT,VWAP,,,,,,,,,,,1672.93,1676.75
DALBHARAT,CASH VOL,25720,20725,11736,50.67,47.65,,,,,,654,1121
DALBHARAT,F&O VOL,,,,,,,,,,,,
DALBHARAT,F&O OI,,,,,,,,,,,,
DALBHARAT,CALL VOL,,,,,,,,,,,,
DALBHARAT,CALL OI,,,,,,,,,,,,
DALBHARAT,PUT VOL,,,,,,,,,,,,
DALBHARAT,PUT OI,,,,,,,,,,,,
DALBHARAT,CALL SPRD,,,,,,,,,,,,
DALBHARAT,PUT SPRD,,,,,,,,,,,,
DALBHARAT,CALL OI FIX,,,,,,,,,,,,
DALBHARAT,PUT OI FIX,,,,,,,,,,,,
DALBHARAT,CALL DOI,,,,,,,,,,,,
DALBHARAT,PUT DOI,,,,,,,,,,,,
DALBHARAT,CALL GEX,,,,,,,,,,,,
DALBHARAT,PUT GEX,,,,,,,,,,,,
DALBHARAT,GEX STRIKE,,,,,,,,,,,,
DALBHARAT,EXPIRY,,,,,,,,,,,,
DALBHARAT,ATM IV,,,,,,,,,,,,
DELHIVERY,PRICE,407.5,400.3,,,,407.5,406.85,405.55,409.45,403.15,404.25,403.45
DELHIVERY,VWAP,,,,,,,,,,,404.3,404.06
DELHIVERY,CASH VOL,2099830,2579997,439011,53.66,57.95,,,,,,34224,66069
DELHIVERY,F&O VOL,5105,4429,,,,,,,,,112,340
DELHIVERY,F&O OI,21507,21322,,,,,,,,,21522,21523
DELHIVERY,CALL VOL,2257,2139,,,,,,,,,57,157
DELHIVERY,CALL OI,3441,3515,,,,,,,,,3444,3451
DELHIVERY,PUT VOL,889,596,,,,,,,,,29,98
DELHIVERY,PUT OI,2539,2423,,,,,,,,,2535,2526
DELHIVERY,CALL SPRD,,,,,,,,,,,2.14,1.35
DELHIVERY,PUT SPRD,,,,,,,,,,,2.9,2.29
DELHIVERY,CALL OI FIX,3441,,,,,,,,,,3444,3451
DELHIVERY,PUT OI FIX,2539,,,,,,,,,,2535,2526
DELHIVERY,CALL DOI,,,,,,,,,,,2068350,2143286
DELHIVERY,PUT DOI,,,,,,,,,,,-2144918,-2176938
DELHIVERY,CALL GEX,,,,,,,,,,,369266,352198
DELHIVERY,PUT GEX,,,,,,,,,,,260432,264297
DELHIVERY,GEX STRIKE,,,,,,,,,,,430.0,430.0
DELHIVERY,EXPIRY,,,,,,,,,,,2026-10-27,2026-10-27
DELHIVERY,ATM IV,,,,,,,,,,,26.23,29.45
DIVISLAB,PRICE,9550.0,9196.0,,,,9500.5,9487.08,9361.25,9366.5,9288.17,9569.0,9557.5
DIVISLAB,VWAP,,,,,,,,,,,9554.83,9553.35
DIVISLAB,CASH VOL,465106,480338,216126,63.42,71.39,,,,,,14431,21199
DIVISLAB,F&O VOL,55546,25076,,,,,,,,,2450,4755
DIVISLAB,F&O OI,74226,71809,,,,,,,,,74505,74808
DIVISLAB,CALL VOL,29077,10740,,,,,,,,,1434,2492
DIVISLAB,CALL OI,12589,13462,,,,,,,,,12704,12782
DIVISLAB,PUT VOL,8414,2718,,,,,,,,,455,961
DIVISLAB,PUT OI,5637,4368,,,,,,,,,5716,5758
DIVISLAB,CALL SPRD,,,,,,,,,,,0.94,0.53
DIVISLAB,PUT SPRD,,,,,,,,,,,0.77,0.74
DIVISLAB,CALL OI FIX,12546,,,,,,,,,,12641,12710
DIVISLAB,PUT OI FIX,6677,,,,,,,,,,6759,6892
DIVISLAB,CALL DOI,,,,,,,,,,,589552,578218
DIVISLAB,PUT DOI,,,,,,,,,,,-213967,-225314
DIVISLAB,CALL GEX,,,,,,,,,,,68379,77146
DIVISLAB,PUT GEX,,,,,,,,,,,35606,32894
DIVISLAB,GEX STRIKE,,,,,,,,,,,9500.0,9500.0
DIVISLAB,EXPIRY,,,,,,,,,,,2026-10-27,2026-10-27
DIVISLAB,ATM IV,,,,,,,,,,,26.29,26.06
DIXON,PRICE,13015.0,12748.0,,,,13030.0,12959.83,12849.5,13208.5,12869.5,12989.0,13013.0
DIXON,VWAP,,,,,,,,,,,12979.33,12972.16
DIXON,CASH VOL,175676,211036,32909,38.95,37.25,,,,,,9719,15487
DIXON,F&O VOL,44017,37889,,,,,,,,,1238,3026
DIXON,F&O OI,90220,90039,,,,,,,,,90209,90259
DIXON,CALL VOL,20152,17604,,,,,,,,,578,1495
DIXON,CALL OI,14646,14974,,,,,,,,,14567,14601
DIXON,PUT VOL,13489,9240,,,,,,,,,361,1058
DIXON,PUT OI,13988,13554,,,,,,,,,14027,14017
DIXON,CALL SPRD,,,,,,,,,,,0.64,0.84
DIXON,PUT SPRD,,,,,,,,,,,1.04,0.89
DIXON,CALL OI FIX,14646,,,,,,,,,,14567,14601
DIXON,PUT OI FIX,13988,,,,,,,,,,14027,14017
DIXON,CALL DOI,,,,,,,,,,,302446,303906
DIXON,PUT DOI,,,,,,,,,,,-272106,-267909
DIXON,CALL GEX,,,,,,,,,,,35223,36770
DIXON,PUT GEX,,,,,,,,,,,25593,25100
DIXON,GEX STRIKE,,,,,,,,,,,13000.0,13000.0
DIXON,EXPIRY,,,,,,,,,,,2026-10-27,2026-10-27
DIXON,ATM IV,,,,,,,,,,,34.07,33.98
DLF,PRICE,666.1,673.0,,,,664.95,670.23,667.48,665.27,660.69,663.6,662.05
DLF,VWAP,,,,,,,,,,,662.78,662.63
DLF,CASH VOL,3799738,3470586,736999,60.43,53.26,,,,,,81631,142411
DLF,F&O VOL,18004,23109,,,,,,,,,1291,2883
DLF,F&O OI,53985,51534,,,,,,,,,54109,54167
DLF,CALL VOL,7222,10527,,,,,,,,,362,1050
DLF,CALL OI,5336,4710,,,,,,,,,5345,5408
DLF,PUT VOL,6225,6299,,,,,,,,,452,1130
DLF,PUT OI,4724,3709,,,,,,,,,4764,4715
DLF,CALL SPRD,,,,,,,,,,,0.99,1.19
DLF,PUT SPRD,,,,,,,,,,,0.88,1.2
DLF,CALL OI FIX,5839,,,,,,,,,,5850,5914
DLF,PUT OI FIX,4689,,,,,,,,,,4729,4680
DLF,CALL DOI,,,,,,,,,,,2115134,2117927
DLF,PUT DOI,,,,,,,,,,,-1792181,-1812760
DLF,CALL GEX,,,,,,,,,,,294142,271485
DLF,PUT GEX,,,,,,,,,,,201729,212184
DLF,GEX STRIKE,,,,,,,,,,,660.0,660.0
DLF,EXPIRY,,,,,,,,,,,2026-10-27,2026-10-27
DLF,ATM IV,,,,,,,,,,,29.25,30.19
DMART,PRICE,3581.9,3567.0,,,,3567.1,3573.93,3558.0,3813.1,3813.03,3576.9,3564.7
DMART,VWAP,,,,,,,,,,,3575.0,3571.31
DMART,CASH VOL,827372,2550875,179213,44.31,35.11,,,,,,24952,42592
DMART,F&O VOL,62975,190790,,,,,,,,,1966,5057
DMART,F&O OI,68192,67895,,,,,,,,,68140,68248
DMART,CALL VOL,24192,43361,,,,,,,,,1004,2215
DMART,CALL OI,11400,10714,,,,,,,,,12236,11504
DMART,PUT VOL,19566,76397,,,,,,,,,592,1354
DMART,PUT OI,11785,11595,,,,,,,,,11845,11735
DMART,CALL SPRD,,,,,,,,,,,0.89,0.76
DMART,PUT SPRD,,,,,,,,,,,0.85,0.78
DMART,CALL OI FIX,12242,,,,,,,,,,12236,12342
DMART,PUT OI FIX,11839,,,,,,,,,,11845,11800
DMART,CALL DOI,,,,,,,,,,,697897,629633
DMART,PUT DOI,,,,,,,,,,,-883542,-856545
DMART,CALL GEX,,,,,,,,,,,87240,90583
DMART,PUT GEX,,,,,,,,,,,88238,78928
DMART,GEX STRIKE,,,,,,,,,,,3600.0,3600.0
DMART,EXPIRY,,,,,,,,,,,2026-10-27,2026-10-27
DMART,ATM IV,,,,,,,,,,,31.37,30.74
DRREDDY,PRICE,1208.0,1203.0,,,,1208.0,1206.62,1203.85,1223.85,1212.08,1221.0,1221.5
DRREDDY,VWAP,,,,,,,,,,,1217.57,1219.37
DRREDDY,CASH VOL,1638100,3075974,313335,51.36,60.39,,,,,,76607,150411
DRREDDY,F&O VOL,15260,15816,,,,,,,,,1511,4522
DRREDDY,F&O OI,50915,49164,,,,,,,,,51055,51811
DRREDDY,CALL VOL,5961,4571,,,,,,,,,939,3139
DRREDDY,CALL OI,5646,5518,,,,,,,,,5755,6356
DRREDDY,PUT VOL,2622,2514,,,,,,,,,237,566
DRREDDY,PUT OI,4020,3830,,,,,,,,,4060,4151
DRREDDY,CALL SPRD,,,,,,,,,,,1.31,0.93
DRREDDY,PUT SPRD,,,,,,,,,,,1.76,1.01
DRREDDY,CALL OI FIX,5742,,,,,,,,,,5850,6438
DRREDDY,PUT OI FIX,4047,,,,,,,,,,4090,4185
DRREDDY,CALL DOI,,,,,,,,,,,1973082,2179049
DRREDDY,PUT DOI,,,,,,,,,,,-1034576,-1076128
DRREDDY,CALL GEX,,,,,,,,,,,206931,253311
DRREDDY,PUT GEX,,,,,,,,,,,150245,138804
DRREDDY,GEX STRIKE,,,,,,,,,,,1200.0,1200.0
DRREDDY,EXPIRY,,,,,,,,,,,2026-10-27,2026-10-27
DRREDDY,ATM IV,,,,,,,,,,,26.71,27.48
EICHERMOT,PRICE,7051.0,7021.5,,,,7004.0,7042.42,7025.25,7081.5,6973.83,6989.0,7012.5
EICHERMOT,VWAP,,,,,,,,,,,7000.0,7000.15
EICHERMOT,CASH VOL,233372,381658,87450,53.04,54.89,,,,,,6927,11015
EICHERMOT,F&O VOL,25177,32664,,,,,,,,,830,1898
EICHERMOT,F&O OI,61598,60454,,,,,,,,,61683,61786
EICHERMOT,CALL VOL,9574,15003,,,,,,,,,421,785
EICHERMOT,CALL OI,7323,7366,,,,,,,,,7419,7474
EICHERMOT,PUT VOL,9610,9658,,,,,,,,,348,772
EICHERMOT,PUT OI,10838,10679,,,,,,,,,10821,10872
EICHERMOT,CALL SPRD,,,,,,,,,,,1.24,1.31
EICHERMOT,PUT SPRD,,,,,,,,,,,1.42,1.74
EICHERMOT,CALL OI FIX,8544,,,,,,,,,,8642,8697
EICHERMOT,PUT OI FIX,10111,,,,,,,,,,10094,10150
EICHERMOT,CALL DOI,,,,,,,,,,,235471,255260
EICHERMOT,PUT DOI,,,,,,,,,,,-504951,-485391
EICHERMOT,CALL GEX,,,,,,,,,,,44076,45948
EICHERMOT,PUT GEX,,,,,,,,,,,64319,65622
EICHERMOT,GEX STRIKE,,,,,,,,,,,7000.0,7000.0
EICHERMOT,EXPIRY,,,,,,,,,,,2026-10-27,2026-10-27
EICHERMOT,ATM IV,,,,,,,,,,,21.92,21.8
ETERNAL,PRICE,329.0,320.8,,,,332.6,327.55,324.65,322.45,316.75,326.05,328.55
ETERNAL,VWAP,,,,,,,,,,,326.85,327.39
ETERNAL,CASH VOL,27075757,31037275,8413690,62.04,57.52,,,,,,1155483,1836284
ETERNAL,F&O VOL,37503,42791,,,,,,,,,2735,5851
ETERNAL,F&O OI,89255,87176,,,,,,,,,89362,89668
ETERNAL,CALL VOL,18865,21330,,,,,,,,,1103,3044
ETERNAL,CALL OI,14320,13690,,,,,,,,,14345,14400
ETERNAL,PUT VOL,7538,7657,,,,,,,,,705,1423
ETERNAL,PUT OI,8177,7406,,,,,,,,,9848,8246
ETERNAL,CALL SPRD,,,,,,,,,,,0.45,0.48
ETERNAL,PUT SPRD,,,,,,,,,,,1.08,1.02
ETERNAL,CALL OI FIX,14320,,,,,,,,,,14356,14400
ETERNAL,PUT OI FIX,8177,,,,,,,,,,8207,8246
ETERNAL,CALL DOI,,,,,,,,,,,13782024,16164611
ETERNAL,PUT DOI,,,,,,,,,,,-8978148,-7406719
ETERNAL,CALL GEX,,,,,,,,,,,2059468,1513207
ETERNAL,PUT GEX,,,,,,,,,,,825748,938652
ETERNAL,GEX STRIKE,,,,,,,,,,,330.0,330.0
ETERNAL,EXPIRY,,,,,,,,,,,2026-10-27,2026-10-27
ETERNAL,ATM IV,,,,,,,,,,,30.12,33.23
FEDERALBNK,PRICE,320.0,327.35,,,,320.0,324.4,321.47,320.52,318.98,318.35,318.6
FEDERALBNK,VWAP,,,,,,,,,,,318.67,318.4
FEDERALBNK,CASH VOL,4338051,7542230,1440913,57.86,55.83,,,,,,86448,137090
FEDERALBNK,F&O VOL,10522,15211,,,,,,,,,483,987
FEDERALBNK,F&O OI,48100,47698,,,,,,,,,48195,48263
FEDERALBNK,CALL VOL,3395,5441,,,,,,,,,120,412
FEDERALBNK,CALL OI,3814,3281,,,,,,,,,3821,3869
FEDERALBNK,PUT VOL,2561,3704,,,,,,,,,70,167
FEDERALBNK,PUT OI,3548,3638,,,,,,,,,3558,3562
FEDERALBNK,CALL SPRD,,,,,,,,,,,1.14,1.11
FEDERALBNK,PUT SPRD,,,,,,,,,,,1.57,1.1
FEDERALBNK,CALL OI FIX,3814,,,,,,,,,,3821,3869
FEDERALBNK,PUT OI FIX,3548,,,,,,,,,,3558,3562
FEDERALBNK,CALL DOI,,,,,,,,,,,3470146,3676496
FEDERALBNK,PUT DOI,,,,,,,,,,,-4415374,-4356566
FEDERALBNK,CALL GEX,,,,,,,,,,,505313,487160
FEDERALBNK,PUT GEX,,,,,,,,,,,404235,410701
FEDERALBNK,GEX STRIKE,,,,,,,,,,,330.0,330.0
FEDERALBNK,EXPIRY,,,,,,,,,,,2026-10-27,2026-10-27
FEDERALBNK,ATM IV,,,,,,,,,,,30.7,30.79
FORCEMOT,PRICE,17110.0,16650.0,,,,17080.0,17026.33,16859.0,16983.0,16861.0,16910.0,16918.0
FORCEMOT,VWAP,,,,,,,,,,,16870.67,16880.16
FORCEMOT,CASH VOL,65477,62662,17242,38.55,33.35,,,,,,6790,8773
FORCEMOT,F&O VOL,10732,10834,,,,,,,,,335,832
FORCEMOT,F&O OI,18252,19789,,,,,,,,,18264,18327
FORCEMOT,CALL VOL,3923,3319,,,,,,,,,97,234
FORCEMOT,CALL OI,2071,3114,,,,,,,,,2073,2129
FORCEMOT,PUT VOL,1414,1717,,,,,,,,,83,192
FORCEMOT,PUT OI,1701,1792,,,,,,,,,1689,1719
FORCEMOT,CALL SPRD,,,,,,,,,,,4.37,1.8
FORCEMOT,PUT SPRD,,,,,,,,,,,3.01,2.08
FORCEMOT,CALL OI FIX,2071,,,,,,,,,,2073,2129
FORCEMOT,PUT OI FIX,1701,,,,,,,,,,1689,1719
FORCEMOT,CALL DOI,,,,,,,,,,,20490,21092
FORCEMOT,PUT DOI,,,,,,,,,,,-17823,-18112
FORCEMOT,CALL GEX,,,,,,,,,,,2381,2424
FORCEMOT,PUT GEX,,,,,,,,,,,1732,1756
FORCEMOT,GEX STRIKE,,,,,,,,,,,17000.0,17000.0
FORCEMOT,EXPIRY,,,,,,,,,,,2026-10-27,2026-10-27
FORCEMOT,ATM IV,,,,,,,,,,,35.5,35.71
FORTIS,PRICE,764.0,763.8,,,,760.15,763.75,763.25,792.78,787.59,758.45,761.55
FORTIS,VWAP,,,,,,,,,,,758.78,759.58
FORTIS,CASH VOL,1246982,2115546,389950,52.49,51.47,,,,,,67861,89446
FORTIS,F&O VOL,7517,10771,,,,,,,,,231,578
FORTIS,F&O OI,26253,25990,,,,,,,,,26266,26223
FORTIS,CALL VOL,2733,3178,,,,,,,,,61,194
FORTIS,CALL OI,2376,2235,,,,,,,,,2374,2395
FORTIS,PUT VOL,2061,4094,,,,,,,,,37,86
FORTIS,PUT OI,2761,2799,,,,,,,,,2755,2762
FORTIS,CALL SPRD,,,,,,,,,,,2.24,1.66
FORTIS,PUT SPRD,,,,,,,,,,,3.11,2.08
FORTIS,CALL OI FIX,2376,,,,,,,,,,2374,2395
FORTIS,PUT OI FIX,2761,,,,,,,,,,2755,2762
FORTIS,CALL DOI,,,,,,,,,,,662420,717460
FORTIS,PUT DOI,,,,,,,,,,,-1095280,-1044644
FORTIS,CALL GEX,,,,,,,,,,,95699,95173
FORTIS,PUT GEX,,,,,,,,,,,108848,106944
FORTIS,GEX STRIKE,,,,,,,,,,,780.0,780.0
FORTIS,EXPIRY,,,,,,,,,,,2026-10-27,2026-10-27
FORTIS,ATM IV,,,,,,,,,,,28.51,30.57
GAIL,PRICE,172.08,167.5,,,,171.01,171.24,169.56,171.57,171.34,169.52,169.68
GAIL,VWAP,,,,,,,,,,,169.84,169.65
GAIL,CASH VOL,6945149,9655433,1888591,61.92,60.09,,,,,,253550,389043
GAIL,F&O VOL,9222,17020,,,,,,,,,609,1126
GAIL,F&O OI,32356,32432,,,,,,,,,32415,32424
GAIL,CALL VOL,4189,6140,,,,,,,,,172,399
GAIL,CALL OI,4024,4319,,,,,,,,,4066,4131
GAIL,PUT VOL,2842,7927,,,,,,,,,252,477
GAIL,PUT OI,3044,2848,,,,,,,,,3015,2975
GAIL,CALL SPRD,,,,,,,,,,,3.11,1.84
GAIL,PUT SPRD,,,,,,,,,,,2.17,1.75
GAIL,CALL OI FIX,4249,,,,,,,,,,4291,4356
GAIL,PUT OI FIX,3057,,,,,,,,,,3028,2986
GAIL,CALL DOI,,,,,,,,,,,4243607,4775510
GAIL,PUT DOI,,,,,,,,,,,-5022520,-4816391
GAIL,CALL GEX,,,,,,,,,,,1021942,897987
GAIL,PUT GEX,,,,,,,,,,,592930,625609
GAIL,GEX STRIKE,,,,,,,,,,,175.0,175.0
GAIL,EXPIRY,,,,,,,,,,,2026-10-27,2026-10-27
GAIL,ATM IV,,,,,,,,,,,21.92,23.12
GLENMARK,PRICE,2311.0,2295.0,,,,2314.9,2306.88,2298.65,2360.4,2340.8,2309.7,2293.9
GLENMARK,VWAP,,,,,,,,,,,2310.93,2305.38
GLENMARK,CASH VOL,493823,490378,213944,56.11,50.05,,,,,,13173,25086
GLENMARK,F&O VOL,6637,7205,,,,,,,,,355,564
GLENMARK,F&O OI,34725,34445,,,,,,,,,34801,34845
GLENMARK,CALL VOL,2474,2163,,,,,,,,,120,225
GLENMARK,CALL OI,2194,1972,,,,,,,,,2197,2227
GLENMARK,PUT VOL,1255,2023,,,,,,,,,79,114
GLENMARK,PUT OI,1547,1594,,,,,,,,,1568,1569
GLENMARK,CALL SPRD,,,,,,,,,,,0.97,1.45
GLENMARK,PUT SPRD,,,,,,,,,,,2.41,1.89
GLENMARK,CALL OI FIX,2225,,,,,,,,,,2228,2258
GLENMARK,PUT OI FIX,1125,,,,,,,,,,1145,1149
GLENMARK,CALL DOI,,,,,,,,,,,346475,313445
GLENMARK,PUT DOI,,,,,,,,,,,-242109,-264053
GLENMARK,CALL GEX,,,,,,,,,,,49736,51764
GLENMARK,PUT GEX,,,,,,,,,,,30021,30046
GLENMARK,GEX STRIKE,,,,,,,,,,,2400.0,2300.0
GLENMARK,EXPIRY,,,,,,,,,,,2026-10-27,2026-10-27
GLENMARK,ATM IV,,,,,,,,,,,27.19,26.66
GMRAIRPORT,PRICE,93.06,92.79,,,,92.8,93.22,93.11,94.56,93.63,92.62,92.88
GMRAIRPORT,VWAP,,,,,,,,,,,92.39,92.6
GMRAIRPORT,CASH VOL,13287023,18285663,3581262,64.5,56.36,,,,,,393927,831453
GMRAIRPORT,F&O VOL,4650,9830,,,,,,,,,174,377
GMRAIRPORT,F&O OI,31217,31105,,,,,,,,,31242,31281
GMRAIRPORT,CALL VOL,1853,2337,,,,,,,,,45,143
GMRAIRPORT,CALL OI,2139,2094,,,,,,,,,2152,2170
GMRAIRPORT,PUT VOL,608,1293,,,,,,,,,23,35
GMRAIRPORT,PUT OI,4626,4616,,,,,,,,,4634,4638
GMRAIRPORT,CALL SPRD,,,,,,,,,,,5.65,1.57
GMRAIRPORT,PUT SPRD,,,,,,,,,,,49.77,9.18
GMRAIRPORT,CALL OI FIX,2139,,,,,,,,,,2152,2170
GMRAIRPORT,PUT OI FIX,4626,,,,,,,,,,4634,4638
GMRAIRPORT,CALL DOI,,,,,,,,,,,5629402,5981448
GMRAIRPORT,PUT DOI,,,,,,,,,,,-15540933,-15590984
GMRAIRPORT,CALL GEX,,,,,,,,,,,831041,838250
GMRAIRPORT,PUT GEX,,,,,,,,,,,1579169,1717834
GMRAIRPORT,GEX STRIKE,,,,,,,,,,,93.0,96.0
GMRAIRPORT,EXPIRY,,,,,,,,,,,2026-10-27,2026-10-27
GMRAIRPORT,ATM IV,,,,,,,,,,,28.01,28.19
GODFRYPHLP,PRICE,1900.0,1876.0,,,,1890.0,1895.43,1886.3,1911.7,1870.37,1882.3,1884.6
GODFRYPHLP,VWAP,,,,,,,,,,,1883.0,1883.57
GODFRYPHLP,CASH VOL,146492,174573,25547,41.4,27.88,,,,,,8937,12850
GODFRYPHLP,F&O VOL,2294,2104,,,,,,,,,37,68
GODFRYPHLP,F&O OI,7468,7174,,,,,,,,,7465,7467
GODFRYPHLP,CALL VOL,832,609,,,,,,,,,8,20
GODFRYPHLP,CALL OI,467,403,,,,,,,,,468,469
GODFRYPHLP,PUT VOL,232,226,,,,,,,,,0,2
GODFRYPHLP,PUT OI,383,311,,,,,,,,,383,382
GODFRYPHLP,CALL SPRD,,,,,,,,,,,,
GODFRYPHLP,PUT SPRD,,,,,,,,,,,,
GODFRYPHLP,CALL OI FIX,426,,,,,,,,,,427,428
GODFRYPHLP,PUT OI FIX,299,,,,,,,,,,299,298
GODFRYPHLP,CALL DOI,,,,,,,,,,,63454,64423
GODFRYPHLP,PUT DOI,,,,,,,,,,,-45562,-44770
GODFRYPHLP,CALL GEX,,,,,,,,,,,6658,6637
GODFRYPHLP,PUT GEX,,,,,,,,,,,5364,5335
GODFRYPHLP,GEX STRIKE,,,,,,,,,,,1900.0,1900.0
GODFRYPHLP,EXPIRY,,,,,,,,,,,2026-10-27,2026-10-27
GODFRYPHLP,ATM IV,,,,,,,,,,,24.32,24.32
GODREJCP,PRICE,872.5,837.0,,,,874.75,866.78,855.35,857.38,845.79,861.45,861.1
GODREJCP,VWAP,,,,,,,,,,,864.53,863.6
GODREJCP,CASH VOL,1398890,788467,195887,34.91,59.54,,,,,,29752,37185
GODREJCP,F&O VOL,28495,10937,,,,,,,,,1462,2067
GODREJCP,F&O OI,31154,31647,,,,,,,,,31398,31456
GODREJCP,CALL VOL,15037,5028,,,,,,,,,897,1168
GODREJCP,CALL OI,3722,3973,,,,,,,,,3960,4015
GODREJCP,PUT VOL,6934,2594,,,,,,,,,321,475
GODREJCP,PUT OI,3491,3260,,,,,,,,,3492,3512
GODREJCP,CALL SPRD,,,,,,,,,,,1.42,1.16
GODREJCP,PUT SPRD,,,,,,,,,,,1.81,1.23
GODREJCP,CALL OI FIX,3896,,,,,,,,,,4130,4184
GODREJCP,PUT OI FIX,3454,,,,,,,,,,3451,3472
GODREJCP,CALL DOI,,,,,,,,,,,843619,849890
GODREJCP,PUT DOI,,,,,,,,,,,-791004,-802271
GODREJCP,CALL GEX,,,,,,,,,,,137978,137885
GODREJCP,PUT GEX,,,,,,,,,,,109132,110901
GODREJCP,GEX STRIKE,,,,,,,,,,,870.0,870.0
GODREJCP,EXPIRY,,,,,,,,,,,2026-10-27,2026-10-27
GODREJCP,ATM IV,,,,,,,,,,,23.22,23.47
GODREJPROP,PRICE,1610.0,1599.9,,,,1604.8,1607.28,1601.85,1637.3,1609.63,1598.0,1597.6
GODREJPROP,VWAP,,,,,,,,,,,1596.7,1597.25
GODREJPROP,CASH VOL,371383,509332,84798,40.15,50.11,,,,,,9899,17684
GODREJPROP,F&O VOL,12531,8683,,,,,,,,,430,1615
GODREJPROP,F&O OI,48428,46047,,,,,,,,,48444,48908
GODREJPROP,CALL VOL,4653,2765,,,,,,,,,132,517
GODREJPROP,CALL OI,5105,4121,,,,,,,,,5113,5320
GODREJPROP,PUT VOL,4445,1895,,,,,,,,,132,733
GODREJPROP,PUT OI,6999,5827,,,,,,,,,6982,7198
GODREJPROP,CALL SPRD,,,,,,,,,,,1.71,1.36
GODREJPROP,PUT SPRD,,,,,,,,,,,2.35,1.61
GODREJPROP,CALL OI FIX,5105,,,,,,,,,,5113,5320
GODREJPROP,PUT OI FIX,6999,,,,,,,,,,6982,7198
GODREJPROP,CALL DOI,,,,,,,,,,,640967,668226
GODREJPROP,PUT DOI,,,,,,,,,,,-1101200,-1142211
GODREJPROP,CALL GEX,,,,,,,,,,,68254,72814
GODREJPROP,PUT GEX,,,,,,,,,,,93399,95965
GODREJPROP,GEX STRIKE,,,,,,,,,,,1700.0,1700.0
GODREJPROP,EXPIRY,,,,,,,,,,,2026-10-27,2026-10-27
GODREJPROP,ATM IV,,,,,,,,,,,38.62,38.62
GRASIM,PRICE,2969.0,2972.0,,,,2945.5,2966.72,2962.15,3065.2,2996.4,2942.8,2938.4
GRASIM,VWAP,,,,,,,,,,,2942.33,2940.91
GRASIM,CASH VOL,359655,263562,104877,53.89,54.61,,,,,,10017,14211
GRASIM,F&O VOL,8960,9709,,,,,,,,,197,535
GRASIM,F&O OI,39254,38648,,,,,,,,,39277,39297
GRASIM,CALL VOL,2375,2045,,,,,,,,,44,157
GRASIM,CALL OI,2168,2035,,,,,,,,,2177,2194
GRASIM,PUT VOL,1939,1913,,,,,,,,,11,116
GRASIM,PUT OI,2289,1952,,,,,,,,,2293,2281
GRASIM,CALL SPRD,,,,,,,,,,,2.73,1.48
GRASIM,PUT SPRD,,,,,,,,,,,17.26,1.65
GRASIM,CALL OI FIX,2666,,,,,,,,,,2675,2692
GRASIM,PUT OI FIX,2232,,,,,,,,,,2236,2224
GRASIM,CALL DOI,,,,,,,,,,,223940,219881
GRASIM,PUT DOI,,,,,,,,,,,-271656,-275892
GRASIM,CALL GEX,,,,,,,,,,,47378,46628
GRASIM,PUT GEX,,,,,,,,,,,46998,43740
GRASIM,GEX STRIKE,,,,,,,,,,,3000.0,3000.0
GRASIM,EXPIRY,,,,,,,,,,,2026-10-27,2026-10-27
GRASIM,ATM IV,,,,,,,,,,,19.79,20.45
GVT&D,PRICE,4245.1,4247.5,,,,4260.0,4257.05,4249.08,4242.95,4222.45,4218.4,4234.5
GVT&D,VWAP,,,,,,,,,,,4223.73,4222.79
GVT&D,CASH VOL,614818,454653,268891,52.78,47.18,,,,,,20150,27950
GVT&D,F&O VOL,13462,14864,,,,,,,,,332,797
GVT&D,F&O OI,39254,39125,,,,,,,,,39350,39358
GVT&D,CALL VOL,7358,8315,,,,,,,,,266,485
GVT&D,CALL OI,6826,7253,,,,,,,,,6891,6894
GVT&D,PUT VOL,3098,3250,,,,,,,,,37,90
GVT&D,PUT OI,5623,5525,,,,,,,,,5623,5604
GVT&D,CALL SPRD,,,,,,,,,,,3.5,2.26
GVT&D,PUT SPRD,,,,,,,,,,,3.7,3.14
GVT&D,CALL OI FIX,6826,,,,,,,,,,6891,6894
GVT&D,PUT OI FIX,5623,,,,,,,,,,5623,5604
GVT&D,CALL DOI,,,,,,,,,,,309557,322662
GVT&D,PUT DOI,,,,,,,,,,,-239076,-227419
GVT&D,CALL GEX,,,,,,,,,,,37335,38462
GVT&D,PUT GEX,,,,,,,,,,,30358,29393
GVT&D,GEX STRIKE,,,,,,,,,,,4200.0,4200.0
GVT&D,EXPIRY,,,,,,,,,,,2026-10-27,2026-10-27
GVT&D,ATM IV,,,,,,,,,,,31.93,32.06
HAL,PRICE,4816.0,4680.0,,,,4819.9,4796.85,4758.55,4671.6,4624.53,4788.3,4791.4
HAL,VWAP,,,,,,,,,,,4792.97,4789.66
HAL,CASH VOL,935720,465865,217362,56.5,56.49,,,,,,27503,41865
HAL,F&O VOL,50612,24753,,,,,,,,,2029,4193
HAL,F&O OI,60422,61485,,,,,,,,,60321,60224
HAL,CALL VOL,26442,12852,,,,,,,,,1049,1931
HAL,CALL OI,9937,10460,,,,,,,,,9909,9905
HAL,PUT VOL,10982,4153,,,,,,,,,691,1273
HAL,PUT OI,7890,7753,,,,,,,,,7823,7765
HAL,CALL SPRD,,,,,,,,,,,1.01,0.77
HAL,PUT SPRD,,,,,,,,,,,0.87,0.92
HAL,CALL OI FIX,9937,,,,,,,,,,9909,9905
HAL,PUT OI FIX,7890,,,,,,,,,,7823,7765
HAL,CALL DOI,,,,,,,,,,,668701,687347
HAL,PUT DOI,,,,,,,,,,,-497444,-481877
HAL,CALL GEX,,,,,,,,,,,106282,95625
HAL,PUT GEX,,,,,,,,,,,63389,67650
HAL,GEX STRIKE,,,,,,,,,,,4800.0,4800.0
HAL,EXPIRY,,,,,,,,,,,2026-10-27,2026-10-27
HAL,ATM IV,,,,,,,,,,,24.05,24.52
HAVELLS,PRICE,1057.0,1046.7,,,,1057.0,1054.1,1048.3,1057.5,1045.83,1047.5,1056.0
HAVELLS,VWAP,,,,,,,,,,,1048.27,1051.93
HAVELLS,CASH VOL,946495,845006,153487,56.68,53.71,,,,,,17147,38298
HAVELLS,F&O VOL,6568,10545,,,,,,,,,286,729
HAVELLS,F&O OI,33556,33318,,,,,,,,,33587,33611
HAVELLS,CALL VOL,2311,4493,,,,,,,,,127,378
HAVELLS,CALL OI,4176,4169,,,,,,,,,4272,4194
HAVELLS,PUT VOL,891,1738,,,,,,,,,30,127
HAVELLS,PUT OI,2960,2964,,,,,,,,,3477,2996
HAVELLS,CALL SPRD,,,,,,,,,,,2.07,1.55
HAVELLS,PUT SPRD,,,,,,,,,,,3.03,1.77
HAVELLS,CALL OI FIX,4176,,,,,,,,,,4184,4194
HAVELLS,PUT OI FIX,2960,,,,,,,,,,2970,2996
HAVELLS,CALL DOI,,,,,,,,,,,813092,918300
HAVELLS,PUT DOI,,,,,,,,,,,-876009,-754775
HAVELLS,CALL GEX,,,,,,,,,,,129536,107745
HAVELLS,PUT GEX,,,,,,,,,,,83690,80990
HAVELLS,GEX STRIKE,,,,,,,,,,,1100.0,1100.0
HAVELLS,EXPIRY,,,,,,,,,,,2026-10-27,2026-10-27
HAVELLS,ATM IV,,,,,,,,,,,28.56,28.96
HCLTECH,PRICE,1204.4,1201.9,,,,1196.1,1202.45,1198.55,1244.65,1243.62,1197.1,1197.5
HCLTECH,VWAP,,,,,,,,,,,1197.13,1196.36
HCLTECH,CASH VOL,2002132,3843425,677004,50.52,38.09,,,,,,117427,190642
HCLTECH,F&O VOL,37146,81336,,,,,,,,,2002,3825
HCLTECH,F&O OI,95198,92465,,,,,,,,,95306,95433
HCLTECH,CALL VOL,11675,22902,,,,,,,,,845,1473
HCLTECH,CALL OI,7932,7300,,,,,,,,,7977,8011
HCLTECH,PUT VOL,7608,17688,,,,,,,,,322,599
HCLTECH,PUT OI,7230,6784,,,,,,,,,7256,7257
HCLTECH,CALL SPRD,,,,,,,,,,,0.42,0.71
HCLTECH,PUT SPRD,,,,,,,,,,,0.97,0.75
HCLTECH,CALL OI FIX,7932,,,,,,,,,,7977,8011
HCLTECH,PUT OI FIX,7230,,,,,,,,,,7256,7257
HCLTECH,CALL DOI,,,,,,,,,,,1397886,1400301
HCLTECH,PUT DOI,,,,,,,,,,,-1466973,-1458795
HCLTECH,CALL GEX,,,,,,,,,,,165573,173425
HCLTECH,PUT GEX,,,,,,,,,,,109539,107061
HCLTECH,GEX STRIKE,,,,,,,,,,,1200.0,1200.0
HCLTECH,EXPIRY,,,,,,,,,,,2026-10-27,2026-10-27
HCLTECH,ATM IV,,,,,,,,,,,37.02,36.81
HDFCAMC,PRICE,2352.4,2346.0,,,,2345.0,2352.1,2351.5,2303.65,2294.75,2338.7,2337.4
HDFCAMC,VWAP,,,,,,,,,,,2338.5,2338.75
HDFCAMC,CASH VOL,885381,1244530,283497,67.22,67.94,,,,,,15907,23043
HDFCAMC,F&O VOL,6241,13414,,,,,,,,,233,441
HDFCAMC,F&O OI,31661,31803,,,,,,,,,31682,31698
HDFCAMC,CALL VOL,1898,4796,,,,,,,,,77,142
HDFCAMC,CALL OI,1799,1748,,,,,,,,,1815,1833
HDFCAMC,PUT VOL,881,1297,,,,,,,,,36,101
HDFCAMC,PUT OI,1770,1724,,,,,,,,,1779,1784
HDFCAMC,CALL SPRD,,,,,,,,,,,41.93,21.59
HDFCAMC,PUT SPRD,,,,,,,,,,,,
HDFCAMC,CALL OI FIX,1743,,,,,,,,,,1759,1777
HDFCAMC,PUT OI FIX,1619,,,,,,,,,,1627,1632
HDFCAMC,CALL DOI,,,,,,,,,,,285478,284943
HDFCAMC,PUT DOI,,,,,,,,,,,-226102,-227992
HDFCAMC,CALL GEX,,,,,,,,,,,29627,29660
HDFCAMC,PUT GEX,,,,,,,,,,,27966,27277
HDFCAMC,GEX STRIKE,,,,,,,,,,,2300.0,2300.0
HDFCAMC,EXPIRY,,,,,,,,,,,2026-10-27,2026-10-27
HDFCAMC,ATM IV,,,,,,,,,,,30.59,30.59
HDFCBANK,PRICE,711.45,704.8,,,,708.55,710.25,707.85,720.67,719.62,705.55,705.75
HDFCBANK,VWAP,,,,,,,,,,,706.52,706.29
HDFCBANK,CASH VOL,26568270,66056690,7751771,50.94,63.5,,,,,,1946518,2826239
HDFCBANK,F&O VOL,330213,697711,,,,,,,,,19328,33411
HDFCBANK,F&O OI,924508,928531,,,,,,,,,928338,929402
HDFCBANK,CALL VOL,159492,302935,,,,,,,,,6125,14706
HDFCBANK,CALL OI,153610,155244,,,,,,,,,154330,156200
HDFCBANK,PUT VOL,75360,162068,,,,,,,,,3027,6987
HDFCBANK,PUT OI,88623,89080,,,,,,,,,89074,89181
HDFCBANK,CALL SPRD,,,,,,,,,,,0.68,0.34
HDFCBANK,PUT SPRD,,,,,,,,,,,0.9,0.92
HDFCBANK,CALL OI FIX,153610,,,,,,,,,,154330,156200
HDFCBANK,PUT OI FIX,88623,,,,,,,,,,89074,89181
HDFCBANK,CALL DOI,,,,,,,,,,,30627082,32531904
HDFCBANK,PUT DOI,,,,,,,,,,,-28797504,-29349338
HDFCBANK,CALL GEX,,,,,,,,,,,6148453,5740656
HDFCBANK,PUT GEX,,,,,,,,,,,3071161,3444810
HDFCBANK,GEX STRIKE,,,,,,,,,,,720.0,720.0
HDFCBANK,EXPIRY,,,,,,,,,,,2026-10-27,2026-10-27
HDFCBANK,ATM IV,,,,,,,,,,,23.46,23.48
HDFCLIFE,PRICE,543.95,531.0,,,,545.85,542.54,539.72,531.52,526.15,542.2,541.65
HDFCLIFE,VWAP,,,,,,,,,,,542.58,542.64
HDFCLIFE,CASH VOL,8334621,3381490,1650068,55.41,49.61,,,,,,97100,130948
HDFCLIFE,F&O VOL,40370,19451,,,,,,,,,1499,2278
HDFCLIFE,F&O OI,63305,62776,,,,,,,,,63372,63462
HDFCLIFE,CALL VOL,16256,7471,,,,,,,,,794,1077
HDFCLIFE,CALL OI,8377,7953,,,,,,,,,8390,8413
HDFCLIFE,PUT VOL,8531,3152,,,,,,,,,395,523
HDFCLIFE,PUT OI,4619,3426,,,,,,,,,4638,4648
HDFCLIFE,CALL SPRD,,,,,,,,,,,0.91,1.26
HDFCLIFE,PUT SPRD,,,,,,,,,,,0.4,1.18
HDFCLIFE,CALL OI FIX,8765,,,,,,,,,,8783,8802
HDFCLIFE,PUT OI FIX,4411,,,,,,,,,,4427,4437
HDFCLIFE,CALL DOI,,,,,,,,,,,4854099,4831908
HDFCLIFE,PUT DOI,,,,,,,,,,,-1916856,-1942274
HDFCLIFE,CALL GEX,,,,,,,,,,,544329,561702
HDFCLIFE,PUT GEX,,,,,,,,,,,254324,255713
HDFCLIFE,GEX STRIKE,,,,,,,,,,,560.0,530.0
HDFCLIFE,EXPIRY,,,,,,,,,,,2026-10-27,2026-10-27
HDFCLIFE,ATM IV,,,,,,,,,,,28.26,27.86
HEROMOTOCO,PRICE,5075.0,5089.5,,,,5075.0,5077.25,5075.75,5220.75,5185.58,5037.0,5049.5
HEROMOTOCO,VWAP,,,,,,,,,,,5046.33,5044.34
HEROMOTOCO,CASH VOL,388296,1072997,96921,58.66,47.77,,,,,,17406,27210
HEROMOTOCO,F&O VOL,26669,79993,,,,,,,,,1756,3387
HEROMOTOCO,F&O OI,46289,45298,,,,,,,,,46584,46658
HEROMOTOCO,CALL VOL,9526,23384,,,,,,,,,902,1676
HEROMOTOCO,CALL OI,5154,4658,,,,,,,,,5430,5444
HEROMOTOCO,PUT VOL,6982,27291,,,,,,,,,522,920
HEROMOTOCO,PUT OI,4676,4338,,,,,,,,,4656,4673
HEROMOTOCO,CALL SPRD,,,,,,,,,,,1.56,1.17
HEROMOTOCO,PUT SPRD,,,,,,,,,,,1.44,0.83
HEROMOTOCO,CALL OI FIX,5154,,,,,,,,,,5430,5444
HEROMOTOCO,PUT OI FIX,4676,,,,,,,,,,4656,4673
HEROMOTOCO,CALL DOI,,,,,,,,,,,295863,309677
HEROMOTOCO,PUT DOI,,,,,,,,,,,-349924,-339818
HEROMOTOCO,CALL GEX,,,,,,,,,,,48425,48823
HEROMOTOCO,PUT GEX,,,,,,,,,,,39753,40342
HEROMOTOCO,GEX STRIKE,,,,,,,,,,,5100.0,5100.0
HEROMOTOCO,EXPIRY,,,,,,,,,,,2026-10-27,2026-10-27
HEROMOTOCO,ATM IV,,,,,,,,,,,26.23,26.33
HINDALCO,PRICE,940.5,938.4,,,,930.1,942.75,941.25,948.2,943.97,926.25,927.4
HINDALCO,VWAP,,,,,,,,,,,929.13,928.04
HINDALCO,CASH VOL,2991457,4401291,909448,58.3,58.53,,,,,,156013,253175
HINDALCO,F&O VOL,18417,33371,,,,,,,,,2385,3989
HINDALCO,F&O OI,98724,96723,,,,,,,,,99055,99295
HINDALCO,CALL VOL,6338,10899,,,,,,,,,779,1512
HINDALCO,CALL OI,6272,5695,,,,,,,,,6481,6601
HINDALCO,PUT VOL,4713,8817,,,,,,,,,703,1309
HINDALCO,PUT OI,10156,9915,,,,,,,,,10086,10134
HINDALCO,CALL SPRD,,,,,,,,,,,0.85,1.24
HINDALCO,PUT SPRD,,,,,,,,,,,1.26,1.08
HINDALCO,CALL OI FIX,6475,,,,,,,,,,6686,6818
HINDALCO,PUT OI FIX,9822,,,,,,,,,,9760,9810
HINDALCO,CALL DOI,,,,,,,,,,,1513535,1648135
HINDALCO,PUT DOI,,,,,,,,,,,-4080011,-4093634
HINDALCO,CALL GEX,,,,,,,,,,,268263,257021
HINDALCO,PUT GEX,,,,,,,,,,,362268,397337
HINDALCO,GEX STRIKE,,,,,,,,,,,960.0,960.0
HINDALCO,EXPIRY,,,,,,,,,,,2026-10-27,2026-10-27
HINDALCO,ATM IV,,,,,,,,,,,27.41,27.72
HINDPETRO,PRICE,351.0,342.35,,,,347.5,349.87,347.6,347.3,345.77,346.6,346.9
HINDPETRO,VWAP,,,,,,,,,,,346.42,346.53
HINDPETRO,CASH VOL,3973902,2875288,1155476,61.82,54.16,,,,,,140317,233833
HINDPETRO,F&O VOL,7122,6416,,,,,,,,,397,795
HINDPETRO,F&O OI,28826,28515,,,,,,,,,28821,28821
HINDPETRO,CALL VOL,2736,2914,,,,,,,,,106,364
HINDPETRO,CALL OI,2280,2282,,,,,,,,,2272,2246
HINDPETRO,PUT VOL,1499,1367,,,,,,,,,134,256
HINDPETRO,PUT OI,2150,2080,,,,,,,,,2145,2167
HINDPETRO,CALL SPRD,,,,,,,,,,,11.11,2.64
HINDPETRO,PUT SPRD,,,,,,,,,,,2.52,2.6
HINDPETRO,CALL OI FIX,2306,,,,,,,,,,2298,2273
HINDPETRO,PUT OI FIX,2004,,,,,,,,,,2001,2021
HINDPETRO,CALL DOI,,,,,,,,,,,1807554,1848539
HINDPETRO,PUT DOI,,,,,,,,,,,-1927388,-1881313
HINDPETRO,CALL GEX,,,,,,,,,,,249856,233202
HINDPETRO,PUT GEX,,,,,,,,,,,209898,218845
HINDPETRO,GEX STRIKE,,,,,,,,,,,350.0,350.0
HINDPETRO,EXPIRY,,,,,,,,,,,2026-10-27,2026-10-27
HINDPETRO,ATM IV,,,,,,,,,,,34.71,28.92
HINDUNILVR,PRICE,1895.2,1838.4,,,,1888.0,1885.03,1864.7,1880.05,1850.68,1879.7,1879.7
HINDUNILVR,VWAP,,,,,,,,,,,1880.33,1879.72
HINDUNILVR,CASH VOL,1576062,975071,523277,64.81,64.78,,,,,,30218,41123
HINDUNILVR,F&O VOL,44419,30985,,,,,,,,,1015,2383
HINDUNILVR,F&O OI,98121,99170,,,,,,,,,98127,98114
HINDUNILVR,CALL VOL,20546,14642,,,,,,,,,406,912
HINDUNILVR,CALL OI,12525,13356,,,,,,,,,12544,12558
HINDUNILVR,PUT VOL,9808,5177,,,,,,,,,264,635
HINDUNILVR,PUT OI,10911,10827,,,,,,,,,10929,10882
HINDUNILVR,CALL SPRD,,,,,,,,,,,1.23,0.74
HINDUNILVR,PUT SPRD,,,,,,,,,,,1.28,0.55
HINDUNILVR,CALL OI FIX,16686,,,,,,,,,,16665,16647
HINDUNILVR,PUT OI FIX,11642,,,,,,,,,,11659,11611
HINDUNILVR,CALL DOI,,,,,,,,,,,1657999,1694776
HINDUNILVR,PUT DOI,,,,,,,,,,,-1529517,-1515608
HINDUNILVR,CALL GEX,,,,,,,,,,,301817,282893
HINDUNILVR,PUT GEX,,,,,,,,,,,204762,207900
HINDUNILVR,GEX STRIKE,,,,,,,,,,,1900.0,1900.0
HINDUNILVR,EXPIRY,,,,,,,,,,,2026-10-27,2026-10-27
HINDUNILVR,ATM IV,,,,,,,,,,,21.14,21.66
HINDZINC,PRICE,557.65,560.95,,,,561.0,562.22,559.17,563.75,557.95,559.65,557.75
HINDZINC,VWAP,,,,,,,,,,,556.63,557.29
HINDZINC,CASH VOL,2198787,2343222,749931,53.55,44.47,,,,,,185118,415878
HINDZINC,F&O VOL,8161,13254,,,,,,,,,554,2204
HINDZINC,F&O OI,40613,40290,,,,,,,,,40690,40888
HINDZINC,CALL VOL,3556,6141,,,,,,,,,427,1228
HINDZINC,CALL OI,7132,7063,,,,,,,,,7180,7197
HINDZINC,PUT VOL,1979,3185,,,,,,,,,134,490
HINDZINC,PUT OI,6612,6780,,,,,,,,,6620,6655
HINDZINC,CALL SPRD,,,,,,,,,,,1.43,1.42
HINDZINC,PUT SPRD,,,,,,,,,,,1.91,1.38
HINDZINC,CALL OI FIX,7132,,,,,,,,,,7180,7197
HINDZINC,PUT OI FIX,6612,,,,,,,,,,6620,6655
HINDZINC,CALL DOI,,,,,,,,,,,2835210,2759149
HINDZINC,PUT DOI,,,,,,,,,,,-3856106,-3970958
HINDZINC,CALL GEX,,,,,,,,,,,364351,353757
HINDZINC,PUT GEX,,,,,,,,,,,327591,336631
HINDZINC,GEX STRIKE,,,,,,,,,,,600.0,600.0
HINDZINC,EXPIRY,,,,,,,,,,,2026-10-27,2026-10-27
HINDZINC,ATM IV,,,,,,,,,,,34.45,34.84
HYUNDAI,PRICE,1989.0,2000.0,,,,1989.0,1994.5,1990.83,2057.5,2035.17,1968.9,1967.3
HYUNDAI,VWAP,,,,,,,,,,,1971.97,1966.27
HYUNDAI,CASH VOL,432970,328159,134765,47.65,43.82,,,,,,17926,51971
HYUNDAI,F&O VOL,7793,9743,,,,,,,,,209,666
HYUNDAI,F&O OI,22864,21710,,,,,,,,,22881,22978
HYUNDAI,CALL VOL,1903,2068,,,,,,,,,62,218
HYUNDAI,CALL OI,1577,1069,,,,,,,,,1599,1628
HYUNDAI,PUT VOL,1311,2403,,,,,,,,,39,193
HYUNDAI,PUT OI,1880,1687,,,,,,,,,1872,1912
HYUNDAI,CALL SPRD,,,,,,,,,,,8.88,1.98
HYUNDAI,PUT SPRD,,,,,,,,,,,5.93,3.38
HYUNDAI,CALL OI FIX,1661,,,,,,,,,,1683,1712
HYUNDAI,PUT OI FIX,1837,,,,,,,,,,1829,1871
HYUNDAI,CALL DOI,,,,,,,,,,,168317,172420
HYUNDAI,PUT DOI,,,,,,,,,,,-248643,-253099
HYUNDAI,CALL GEX,,,,,,,,,,,26241,26883
HYUNDAI,PUT GEX,,,,,,,,,,,26243,25586
HYUNDAI,GEX STRIKE,,,,,,,,,,,2000.0,2000.0
HYUNDAI,EXPIRY,,,,,,,,,,,2026-10-27,2026-10-27
HYUNDAI,ATM IV,,,,,,,,,,,27.06,30.06
ICICIBANK,PRICE,1342.8,1332.0,,,,1343.0,1340.43,1335.7,1314.0,1311.73,1339.0,1333.4
ICICIBANK,VWAP,,,,,,,,,,,1339.3,1337.18
ICICIBANK,CASH VOL,12201451,13223493,4790399,57.31,61.46,,,,,,438440,601147
ICICIBANK,F&O VOL,73205,78355,,,,,,,,,2970,6852
ICICIBANK,F&O OI,250097,247106,,,,,,,,,250182,250690
ICICIBANK,CALL VOL,29512,29216,,,,,,,,,1181,2102
ICICIBANK,CALL OI,23543,18685,,,,,,,,,24741,23515
ICICIBANK,PUT VOL,18259,18007,,,,,,,,,633,2844
ICICIBANK,PUT OI,16310,15754,,,,,,,,,14751,16740
ICICIBANK,CALL SPRD,,,,,,,,,,,0.73,0.5
ICICIBANK,PUT SPRD,,,,,,,,,,,1.01,0.85
ICICIBANK,CALL OI FIX,24790,,,,,,,,,,24741,24756
ICICIBANK,PUT OI FIX,14685,,,,,,,,,,14751,15129
ICICIBANK,CALL DOI,,,,,,,,,,,9365186,8625396
ICICIBANK,PUT DOI,,,,,,,,,,,-4011101,-4523394
ICICIBANK,CALL GEX,,,,,,,,,,,1517999,1414434
ICICIBANK,PUT GEX,,,,,,,,,,,657290,742100
ICICIBANK,GEX STRIKE,,,,,,,,,,,1340.0,1340.0
ICICIBANK,EXPIRY,,,,,,,,,,,2026-10-27,2026-10-27
ICICIBANK,ATM IV,,,,,,,,,,,20.65,20.88
ICICIGI,PRICE,1598.3,1600.0,,,,1586.1,1595.87,1591.0,1557.48,1546.45,1580.6,1584.4
ICICIGI,VWAP,,,,,,,,,,,1582.27,1581.43
ICICIGI,CASH VOL,333763,1196366,85588,44.9,58.41,,,,,,26213,52355
ICICIGI,F&O VOL,5843,16168,,,,,,,,,453,784
ICICIGI,F&O OI,22678,22871,,,,,,,,,22710,22573
ICICIGI,CALL VOL,2544,8094,,,,,,,,,85,183
ICICIGI,CALL OI,2416,2581,,,,,,,,,2420,2424
ICICIGI,PUT VOL,1264,2825,,,,,,,,,96,223
ICICIGI,PUT OI,1976,1883,,,,,,,,,1949,1922
ICICIGI,CALL SPRD,,,,,,,,,,,38.29,17.81
ICICIGI,PUT SPRD,,,,,,,,,,,1.52,1.63
ICICIGI,CALL OI FIX,2784,,,,,,,,,,2784,2786
ICICIGI,PUT OI FIX,1881,,,,,,,,,,1854,1827
ICICIGI,CALL DOI,,,,,,,,,,,397262,407034
ICICIGI,PUT DOI,,,,,,,,,,,-215789,-208748
ICICIGI,CALL GEX,,,,,,,,,,,41583,42188
ICICIGI,PUT GEX,,,,,,,,,,,31020,29124
ICICIGI,GEX STRIKE,,,,,,,,,,,1600.0,1600.0
ICICIGI,EXPIRY,,,,,,,,,,,2026-10-27,2026-10-27
ICICIGI,ATM IV,,,,,,,,,,,31.38,31.24
ICICIPRULI,PRICE,459.5,454.9,,,,458.0,459.08,458.23,453.0,449.7,456.55,456.45
ICICIPRULI,VWAP,,,,,,,,,,,456.43,456.77
ICICIPRULI,CASH VOL,595212,1224982,126069,47.44,46.49,,,,,,38898,59961
ICICIPRULI,F&O VOL,7757,10504,,,,,,,,,206,385
ICICIPRULI,F&O OI,29301,28508,,,,,,,,,29317,29362
ICICIPRULI,CALL VOL,3510,2633,,,,,,,,,108,213
ICICIPRULI,CALL OI,2740,2506,,,,,,,,,2740,2774
ICICIPRULI,PUT VOL,961,1312,,,,,,,,,40,59
ICICIPRULI,PUT OI,2603,2536,,,,,,,,,2603,2599
ICICIPRULI,CALL SPRD,,,,,,,,,,,5.48,2.44
ICICIPRULI,PUT SPRD,,,,,,,,,,,9.46,8.67
ICICIPRULI,CALL OI FIX,2756,,,,,,,,,,2756,2790
ICICIPRULI,PUT OI FIX,2402,,,,,,,,,,2402,2398
ICICIPRULI,CALL DOI,,,,,,,,,,,1279455,1290847
ICICIPRULI,PUT DOI,,,,,,,,,,,-987415,-985898
ICICIPRULI,CALL GEX,,,,,,,,,,,133863,134081
ICICIPRULI,PUT GEX,,,,,,,,,,,97167,98524
ICICIPRULI,GEX STRIKE,,,,,,,,,,,450.0,450.0
ICICIPRULI,EXPIRY,,,,,,,,,,,2026-10-27,2026-10-27
ICICIPRULI,ATM IV,,,,,,,,,,,33.72,33.72
IDEA,PRICE,13.21,12.74,,,,13.18,13.14,12.99,13.37,12.88,13.23,13.23
IDEA,VWAP,,,,,,,,,,,13.2,13.21
IDEA,CASH VOL,337226121,460591162,72685488,30.24,35.72,,,,,,25647064,41794670
IDEA,F&O VOL,26104,29730,,,,,,,,,1741,2943
IDEA,F&O OI,132576,131709,,,,,,,,,132507,132623
IDEA,CALL VOL,16410,17291,,,,,,,,,1175,2033
IDEA,CALL OI,23960,23131,,,,,,,,,23939,23962
IDEA,PUT VOL,3645,5610,,,,,,,,,253,612
IDEA,PUT OI,12538,12553,,,,,,,,,12529,12547
IDEA,CALL SPRD,,,,,,,,,,,1.48,2.99
IDEA,PUT SPRD,,,,,,,,,,,2.67,2.67
IDEA,CALL OI FIX,23960,,,,,,,,,,23939,23962
IDEA,PUT OI FIX,12538,,,,,,,,,,12529,12547
IDEA,CALL DOI,,,,,,,,,,,458515345,454672038
IDEA,PUT DOI,,,,,,,,,,,-493200735,-487852864
IDEA,CALL GEX,,,,,,,,,,,42402146,43387807
IDEA,PUT GEX,,,,,,,,,,,25577786,24384905
IDEA,GEX STRIKE,,,,,,,,,,,14.0,14.0
IDEA,EXPIRY,,,,,,,,,,,2026-10-27,2026-10-27
IDEA,ATM IV,,,,,,,,,,,41.03,41.33
IDFCFIRSTB,PRICE,81.56,82.22,,,,81.46,81.24,80.59,81.05,80.61,81.1,81.16
IDFCFIRSTB,VWAP,,,,,,,,,,,81.07,81.13
IDFCFIRSTB,CASH VOL,29054579,18439126,11030057,44.69,49.56,,,,,,485224,741831
IDFCFIRSTB,F&O VOL,29203,13768,,,,,,,,,353,814
IDFCFIRSTB,F&O OI,69204,68595,,,,,,,,,69263,69299
IDFCFIRSTB,CALL VOL,9988,4245,,,,,,,,,151,271
IDFCFIRSTB,CALL OI,6998,7164,,,,,,,,,7019,7023
IDFCFIRSTB,PUT VOL,5785,2901,,,,,,,,,70,243
IDFCFIRSTB,PUT OI,7744,7500,,,,,,,,,7754,7796
IDFCFIRSTB,CALL SPRD,,,,,,,,,,,1.13,1.16
IDFCFIRSTB,PUT SPRD,,,,,,,,,,,1.82,1.81
IDFCFIRSTB,CALL OI FIX,7593,,,,,,,,,,7614,7616
IDFCFIRSTB,PUT OI FIX,7340,,,,,,,,,,7350,7392
IDFCFIRSTB,CALL DOI,,,,,,,,,,,26553132,26865314
IDFCFIRSTB,PUT DOI,,,,,,,,,,,-30606423,-30436264
IDFCFIRSTB,CALL GEX,,,,,,,,,,,3192912,3156565
IDFCFIRSTB,PUT GEX,,,,,,,,,,,3284906,3355697
IDFCFIRSTB,GEX STRIKE,,,,,,,,,,,85.0,85.0
IDFCFIRSTB,EXPIRY,,,,,,,,,,,2026-10-27,2026-10-27
IDFCFIRSTB,ATM IV,,,,,,,,,,,32.03,31.77
IEX,PRICE,104.86,104.3,,,,105.39,104.94,104.89,108.53,106.83,106.47,107.21
IEX,VWAP,,,,,,,,,,,105.87,106.52
IEX,CASH VOL,2589786,3096998,534624,40.15,44.8,,,,,,444882,986085
IEX,F&O VOL,4763,5076,,,,,,,,,796,2422
IEX,F&O OI,27556,27674,,,,,,,,,27480,27586
IEX,CALL VOL,1965,2149,,,,,,,,,505,1496
IEX,CALL OI,1965,2000,,,,,,,,,1922,2074
IEX,PUT VOL,458,483,,,,,,,,,28,137
IEX,PUT OI,1629,1609,,,,,,,,,1645,1617
IEX,CALL SPRD,,,,,,,,,,,1.31,1.1
IEX,PUT SPRD,,,,,,,,,,,163.98,12.31
IEX,CALL OI FIX,880,,,,,,,,,,814,844
IEX,PUT OI FIX,1154,,,,,,,,,,1170,1155
IEX,CALL DOI,,,,,,,,,,,3765131,4344219
IEX,PUT DOI,,,,,,,,,,,-3407309,-3127896
IEX,CALL GEX,,,,,,,,,,,414188,434638
IEX,PUT GEX,,,,,,,,,,,335024,327278
IEX,GEX STRIKE,,,,,,,,,,,110.0,110.0
IEX,EXPIRY,,,,,,,,,,,2026-10-27,2026-10-27
IEX,ATM IV,,,,,,,,,,,35.8,36.65
INDHOTEL,PRICE,736.0,725.0,,,,736.65,733.38,728.15,720.75,718.92,741.0,739.75
INDHOTEL,VWAP,,,,,,,,,,,739.1,739.75
INDHOTEL,CASH VOL,2461719,3696656,602543,70.8,66.74,,,,,,236027,331167
INDHOTEL,F&O VOL,8038,8996,,,,,,,,,1733,4456
INDHOTEL,F&O OI,40076,39037,,,,,,,,,40458,41069
INDHOTEL,CALL VOL,3366,3603,,,,,,,,,1098,3095
INDHOTEL,CALL OI,3335,3463,,,,,,,,,3535,4077
INDHOTEL,PUT VOL,1777,1821,,,,,,,,,187,630
INDHOTEL,PUT OI,2307,2191,,,,,,,,,2358,2436
INDHOTEL,CALL SPRD,,,,,,,,,,,1.35,0.82
INDHOTEL,PUT SPRD,,,,,,,,,,,1.99,0.98
INDHOTEL,CALL OI FIX,3335,,,,,,,,,,3535,4077
INDHOTEL,PUT OI FIX,2307,,,,,,,,,,2358,2436
INDHOTEL,CALL DOI,,,,,,,,,,,1906748,2168555
INDHOTEL,PUT DOI,,,,,,,,,,,-706585,-787991
INDHOTEL,CALL GEX,,,,,,,,,,,214970,274693
INDHOTEL,PUT GEX,,,,,,,,,,,128026,128107
INDHOTEL,GEX STRIKE,,,,,,,,,,,730.0,750.0
INDHOTEL,EXPIRY,,,,,,,,,,,2026-10-27,2026-10-27
INDHOTEL,ATM IV,,,,,,,,,,,24.32,24.34
INDIANB,PRICE,813.0,810.0,,,,808.6,813.35,813.12,809.6,798.63,803.55,804.85
INDIANB,VWAP,,,,,,,,,,,805.22,804.82
INDIANB,CASH VOL,888598,1043196,272537,47.28,44.67,,,,,,20997,37142
INDIANB,F&O VOL,3021,5286,,,,,,,,,175,503
INDIANB,F&O OI,16123,16038,,,,,,,,,16136,16157
INDIANB,CALL VOL,1300,2178,,,,,,,,,61,173
INDIANB,CALL OI,2097,2120,,,,,,,,,2099,2090
INDIANB,PUT VOL,598,1202,,,,,,,,,18,145
INDIANB,PUT OI,2410,2366,,,,,,,,,2411,2439
INDIANB,CALL SPRD,,,,,,,,,,,3.85,2.29
INDIANB,PUT SPRD,,,,,,,,,,,4.13,1.11
INDIANB,CALL OI FIX,2254,,,,,,,,,,2252,2237
INDIANB,PUT OI FIX,2370,,,,,,,,,,2371,2398
INDIANB,CALL DOI,,,,,,,,,,,862776,878811
INDIANB,PUT DOI,,,,,,,,,,,-1142193,-1147764
INDIANB,CALL GEX,,,,,,,,,,,103964,103725
INDIANB,PUT GEX,,,,,,,,,,,111838,111249
INDIANB,GEX STRIKE,,,,,,,,,,,800.0,800.0
INDIANB,EXPIRY,,,,,,,,,,,2026-10-27,2026-10-27
INDIANB,ATM IV,,,,,,,,,,,32.89,33.54
INDIGO,PRICE,5050.5,4935.0,,,,5015.0,5030.78,4991.35,4933.25,4931.02,5009.0,5037.9
INDIGO,VWAP,,,,,,,,,,,4997.47,5011.17
INDIGO,CASH VOL,613781,404828,179670,55.23,46.71,,,,,,20646,38328
INDIGO,F&O VOL,40758,24964,,,,,,,,,2356,5152
INDIGO,F&O OI,59643,59350,,,,,,,,,59700,60073
INDIGO,CALL VOL,20442,12993,,,,,,,,,1060,2297
INDIGO,CALL OI,7973,8103,,,,,,,,,7486,7998
INDIGO,PUT VOL,9573,5136,,,,,,,,,880,1691
INDIGO,PUT OI,5378,4736,,,,,,,,,5269,5500
INDIGO,CALL SPRD,,,,,,,,,,,0.99,0.8
INDIGO,PUT SPRD,,,,,,,,,,,1.05,1.46
INDIGO,CALL OI FIX,7973,,,,,,,,,,7989,7998
INDIGO,PUT OI FIX,5378,,,,,,,,,,5330,5500
INDIGO,CALL DOI,,,,,,,,,,,605973,659590
INDIGO,PUT DOI,,,,,,,,,,,-320299,-309967
INDIGO,CALL GEX,,,,,,,,,,,65101,65557
INDIGO,PUT GEX,,,,,,,,,,,40884,42982
INDIGO,GEX STRIKE,,,,,,,,,,,5000.0,5000.0
INDIGO,EXPIRY,,,,,,,,,,,2026-10-27,2026-10-27
INDIGO,ATM IV,,,,,,,,,,,28.97,28.87
INDUSINDBK,PRICE,906.1,886.6,,,,899.05,902.49,895.27,895.5,889.73,896.7,899.7
INDUSINDBK,VWAP,,,,,,,,,,,896.87,898.89
INDUSINDBK,CASH VOL,2405486,2459043,594128,57.37,59.97,,,,,,32145,91971
INDUSINDBK,F&O VOL,25891,14672,,,,,,,,,566,2956
INDUSINDBK,F&O OI,77733,78428,,,,,,,,,77767,77912
INDUSINDBK,CALL VOL,11042,6421,,,,,,,,,278,1311
INDUSINDBK,CALL OI,4930,5012,,,,,,,,,4957,4969
INDUSINDBK,PUT VOL,6475,3251,,,,,,,,,180,835
INDUSINDBK,PUT OI,5589,5378,,,,,,,,,5614,5570
INDUSINDBK,CALL SPRD,,,,,,,,,,,0.96,0.9
INDUSINDBK,PUT SPRD,,,,,,,,,,,1.41,1.09
INDUSINDBK,CALL OI FIX,5154,,,,,,,,,,5177,5193
INDUSINDBK,PUT OI FIX,5260,,,,,,,,,,5285,5245
INDUSINDBK,CALL DOI,,,,,,,,,,,1556487,1625856
INDUSINDBK,PUT DOI,,,,,,,,,,,-2007352,-1931157
INDUSINDBK,CALL GEX,,,,,,,,,,,184223,175821
INDUSINDBK,PUT GEX,,,,,,,,,,,196516,204533
INDUSINDBK,GEX STRIKE,,,,,,,,,,,900.0,900.0
INDUSINDBK,EXPIRY,,,,,,,,,,,2026-10-27,2026-10-27
INDUSINDBK,ATM IV,,,,,,,,,,,30.42,30.48
INDUSTOWER,PRICE,389.1,380.2,,,,392.0,388.57,387.5,374.21,370.12,388.0,387.5
INDUSTOWER,VWAP,,,,,,,,,,,389.08,388.45
INDUSTOWER,CASH VOL,5484978,5862757,1388370,61.88,67.35,,,,,,254375,347720
INDUSTOWER,F&O VOL,25571,9586,,,,,,,,,1770,3001
INDUSTOWER,F&O OI,67688,64623,,,,,,,,,68111,68293
INDUSTOWER,CALL VOL,11725,4691,,,,,,,,,1145,2131
INDUSTOWER,CALL OI,8285,7414,,,,,,,,,8385,8771
INDUSTOWER,PUT VOL,6981,1511,,,,,,,,,163,458
INDUSTOWER,PUT OI,4668,2516,,,,,,,,,3783,4709
INDUSTOWER,CALL SPRD,,,,,,,,,,,1.6,1.35
INDUSTOWER,PUT SPRD,,,,,,,,,,,1.61,2.63
INDUSTOWER,CALL OI FIX,8100,,,,,,,,,,8385,8585
INDUSTOWER,PUT OI FIX,3765,,,,,,,,,,3783,3808
INDUSTOWER,CALL DOI,,,,,,,,,,,8335922,8611206
INDUSTOWER,PUT DOI,,,,,,,,,,,-2433430,-2709188
INDUSTOWER,CALL GEX,,,,,,,,,,,1027665,1016288
INDUSTOWER,PUT GEX,,,,,,,,,,,314429,370608
INDUSTOWER,GEX STRIKE,,,,,,,,,,,380.0,380.0
INDUSTOWER,EXPIRY,,,,,,,,,,,2026-10-27,2026-10-27
INDUSTOWER,ATM IV,,,,,,,,,,,25.05,24.87
INFY,PRICE,1013.85,1020.5,,,,1006.0,1013.17,1011.83,1025.9,1007.7,1004.05,1004.7
INFY,VWAP,,,,,,,,,,,1006.73,1004.9
INFY,CASH VOL,8252213,12126808,2715872,52.35,41.92,,,,,,242163,483615
INFY,F&O VOL,101093,228967,,,,,,,,,3224,7758
INFY,F&O OI,304906,302985,,,,,,,,,305582,306535
INFY,CALL VOL,37041,93131,,,,,,,,,1731,3621
INFY,CALL OI,46873,45101,,,,,,,,,47259,47585
INFY,PUT VOL,26346,60513,,,,,,,,,823,1905
INFY,PUT OI,41970,40087,,,,,,,,,42097,42238
INFY,CALL SPRD,,,,,,,,,,,0.24,0.49
INFY,PUT SPRD,,,,,,,,,,,0.47,0.62
INFY,CALL OI FIX,49669,,,,,,,,,,50077,50403
INFY,PUT OI FIX,39624,,,,,,,,,,39772,39899
INFY,CALL DOI,,,,,,,,,,,7482397,7519161
INFY,PUT DOI,,,,,,,,,,,-7065201,-7020176
INFY,CALL GEX,,,,,,,,,,,734758,767866
INFY,PUT GEX,,,,,,,,,,,616412,595728
INFY,GEX STRIKE,,,,,,,,,,,1000.0,1000.0
INFY,EXPIRY,,,,,,,,,,,2026-10-27,2026-10-27
INFY,ATM IV,,,,,,,,,,,38.89,38.61
INOXWIND,PRICE,68.7,67.8,,,,68.25,68.88,68.76,70.97,69.49,67.55,67.59
INOXWIND,VWAP,,,,,,,,,,,67.39,67.45
INOXWIND,CASH VOL,10428766,5978012,3146440,36.22,36.36,,,,,,1779539,2387545
INOXWIND,F&O VOL,7246,3721,,,,,,,,,378,781
INOXWIND,F&O OI,26255,25336,,,,,,,,,26418,26490
INOXWIND,CALL VOL,2044,1184,,,,,,,,,123,188
INOXWIND,CALL OI,1700,1338,,,,,,,,,1722,1738
INOXWIND,PUT VOL,1308,468,,,,,,,,,8,52
INOXWIND,PUT OI,1210,913,,,,,,,,,1208,1210
INOXWIND,CALL SPRD,,,,,,,,,,,28.38,3.36
INOXWIND,PUT SPRD,,,,,,,,,,,173.26,99.86
INOXWIND,CALL OI FIX,2217,,,,,,,,,,2254,2288
INOXWIND,PUT OI FIX,1420,,,,,,,,,,1418,1420
INOXWIND,CALL DOI,,,,,,,,,,,4677172,4820118
INOXWIND,PUT DOI,,,,,,,,,,,-4049543,-4020429
INOXWIND,CALL GEX,,,,,,,,,,,437674,420873
INOXWIND,PUT GEX,,,,,,,,,,,320355,321884
INOXWIND,GEX STRIKE,,,,,,,,,,,70.0,70.0
INOXWIND,EXPIRY,,,,,,,,,,,2026-10-27,2026-10-27
INOXWIND,ATM IV,,,,,,,,,,,38.09,40.49
IOC,PRICE,131.6,130.5,,,,130.6,131.26,130.57,133.5,132.06,130.33,130.5
IOC,VWAP,,,,,,,,,,,130.33,130.32
IOC,CASH VOL,6515655,9644919,1802567,43.42,50.19,,,,,,699172,1081356
IOC,F&O VOL,10536,12060,,,,,,,,,517,1183
IOC,F&O OI,41597,40618,,,,,,,,,41572,41575
IOC,CALL VOL,2680,1498,,,,,,,,,88,399
IOC,CALL OI,1537,1049,,,,,,,,,1539,1510
IOC,PUT VOL,1266,2439,,,,,,,,,73,194
IOC,PUT OI,1926,1835,,,,,,,,,1906,1942
IOC,CALL SPRD,,,,,,,,,,,1.47,2.18
IOC,PUT SPRD,,,,,,,,,,,1.72,1.14
IOC,CALL OI FIX,2731,,,,,,,,,,2737,2716
IOC,PUT OI FIX,2747,,,,,,,,,,2727,2755
IOC,CALL DOI,,,,,,,,,,,3760255,3757106
IOC,PUT DOI,,,,,,,,,,,-4223604,-4193369
IOC,CALL GEX,,,,,,,,,,,554547,497631
IOC,PUT GEX,,,,,,,,,,,559415,599892
IOC,GEX STRIKE,,,,,,,,,,,130.0,130.0
IOC,EXPIRY,,,,,,,,,,,2026-10-27,2026-10-27
IOC,ATM IV,,,,,,,,,,,25.55,25.55
IREDA,PRICE,109.0,109.0,,,,109.0,109.52,109.17,112.96,111.65,109.02,109.06
IREDA,VWAP,,,,,,,,,,,108.98,109.07
IREDA,CASH VOL,3014460,4155590,643094,36.45,36.7,,,,,,261563,496767
IREDA,F&O VOL,5162,6467,,,,,,,,,215,542
IREDA,F&O OI,32440,32347,,,,,,,,,32477,32551
IREDA,CALL VOL,1707,2122,,,,,,,,,68,206
IREDA,CALL OI,2349,2260,,,,,,,,,2347,2372
IREDA,PUT VOL,443,597,,,,,,,,,1,21
IREDA,PUT OI,2507,2568,,,,,,,,,2507,2511
IREDA,CALL SPRD,,,,,,,,,,,4.04,2.33
IREDA,PUT SPRD,,,,,,,,,,,25.79,11.55
IREDA,CALL OI FIX,2349,,,,,,,,,,2347,2372
IREDA,PUT OI FIX,2507,,,,,,,,,,2507,2511
IREDA,CALL DOI,,,,,,,,,,,5129527,5201101
IREDA,PUT DOI,,,,,,,,,,,-5163754,-5155156
IREDA,CALL GEX,,,,,,,,,,,650624,657517
IREDA,PUT GEX,,,,,,,,,,,454728,426263
IREDA,GEX STRIKE,,,,,,,,,,,110.0,110.0
IREDA,EXPIRY,,,,,,,,,,,2026-10-27,2026-10-27
IREDA,ATM IV,,,,,,,,,,,33.72,32.51
IRFC,PRICE,77.1,76.5,,,,76.9,77.2,77.13,79.0,77.71,76.72,76.86
IRFC,VWAP,,,,,,,,,,,76.57,76.72
IRFC,CASH VOL,6659066,8816833,1330446,34.88,39.57,,,,,,409400,711414
IRFC,F&O VOL,7820,7830,,,,,,,,,242,567
IRFC,F&O OI,36974,37642,,,,,,,,,36988,36994
IRFC,CALL VOL,3698,3856,,,,,,,,,130,231
IRFC,CALL OI,4961,5658,,,,,,,,,4945,4986
IRFC,PUT VOL,1189,891,,,,,,,,,55,176
IRFC,PUT OI,4658,4612,,,,,,,,,4663,4618
IRFC,CALL SPRD,,,,,,,,,,,2.47,1.43
IRFC,PUT SPRD,,,,,,,,,,,1.13,1.93
IRFC,CALL OI FIX,4961,,,,,,,,,,4945,4986
IRFC,PUT OI FIX,4658,,,,,,,,,,4663,4618
IRFC,CALL DOI,,,,,,,,,,,9450847,9833507
IRFC,PUT DOI,,,,,,,,,,,-11757223,-11466574
IRFC,CALL GEX,,,,,,,,,,,1377465,1396867
IRFC,PUT GEX,,,,,,,,,,,1049700,1034714
IRFC,GEX STRIKE,,,,,,,,,,,80.0,80.0
IRFC,EXPIRY,,,,,,,,,,,2026-10-27,2026-10-27
IRFC,ATM IV,,,,,,,,,,,32.96,32.19
ITC,PRICE,266.7,268.9,,,,265.7,266.69,266.67,261.98,257.92,264.95,264.6
ITC,VWAP,,,,,,,,,,,265.13,264.93
ITC,CASH VOL,22132738,49020716,6006616,57.07,62.17,,,,,,330436,533279
ITC,F&O VOL,93421,184277,,,,,,,,,1956,3764
ITC,F&O OI,164479,162931,,,,,,,,,164816,165107
ITC,CALL VOL,40407,86042,,,,,,,,,855,1404
ITC,CALL OI,23262,22249,,,,,,,,,23387,23400
ITC,PUT VOL,22365,39422,,,,,,,,,503,953
ITC,PUT OI,17480,18771,,,,,,,,,17503,17616
ITC,CALL SPRD,,,,,,,,,,,0.95,1.96
ITC,PUT SPRD,,,,,,,,,,,2.3,1.09
ITC,CALL OI FIX,27019,,,,,,,,,,27164,27330
ITC,PUT OI FIX,18235,,,,,,,,,,18248,18361
ITC,CALL DOI,,,,,,,,,,,18985827,18532062
ITC,PUT DOI,,,,,,,,,,,-12241970,-12589907
ITC,CALL GEX,,,,,,,,,,,3355194,3461466
ITC,PUT GEX,,,,,,,,,,,2168832,2121472
ITC,GEX STRIKE,,,,,,,,,,,270.0,270.0
ITC,EXPIRY,,,,,,,,,,,2026-10-27,2026-10-27
ITC,ATM IV,,,,,,,,,,,19.37,19.38
JINDALSTEL,PRICE,1085.9,1097.3,,,,1080.6,1078.07,1062.4,1119.5,1106.83,1065.7,1071.6
JINDALSTEL,VWAP,,,,,,,,,,,1072.73,1070.09
JINDALSTEL,CASH VOL,4442649,444005,830853,46.38,40.1,,,,,,31224,75356
JINDALSTEL,F&O VOL,56957,10141,,,,,,,,,2238,4179
JINDALSTEL,F&O OI,38980,34140,,,,,,,,,39224,39273
JINDALSTEL,CALL VOL,19468,5510,,,,,,,,,1287,2026
JINDALSTEL,CALL OI,4582,2924,,,,,,,,,4409,4959
JINDALSTEL,PUT VOL,23512,2273,,,,,,,,,966,1867
JINDALSTEL,PUT OI,6614,4643,,,,,,,,,6742,6508
JINDALSTEL,CALL SPRD,,,,,,,,,,,1.91,1.17
JINDALSTEL,PUT SPRD,,,,,,,,,,,1.26,1.08
JINDALSTEL,CALL OI FIX,4582,,,,,,,,,,4933,4959
JINDALSTEL,PUT OI FIX,6614,,,,,,,,,,6492,6508
JINDALSTEL,CALL DOI,,,,,,,,,,,844433,944211
JINDALSTEL,PUT DOI,,,,,,,,,,,-2230120,-2099871
JINDALSTEL,CALL GEX,,,,,,,,,,,132917,152684
JINDALSTEL,PUT GEX,,,,,,,,,,,193796,181154
JINDALSTEL,GEX STRIKE,,,,,,,,,,,1080.0,1080.0
JINDALSTEL,EXPIRY,,,,,,,,,,,2026-10-27,2026-10-27
JINDALSTEL,ATM IV,,,,,,,,,,,30.48,29.65
JIOFIN,PRICE,217.9,212.0,,,,217.45,217.11,215.54,217.75,214.25,217.01,218.0
JIOFIN,VWAP,,,,,,,,,,,217.1,217.56
JIOFIN,CASH VOL,16691895,16101981,2148946,38.12,51.48,,,,,,793805,1445806
JIOFIN,F&O VOL,62680,39218,,,,,,,,,1168,3519
JIOFIN,F&O OI,164650,166291,,,,,,,,,164606,164685
JIOFIN,CALL VOL,28725,18113,,,,,,,,,647,1629
JIOFIN,CALL OI,17522,18731,,,,,,,,,17532,17653
JIOFIN,PUT VOL,10706,6166,,,,,,,,,312,696
JIOFIN,PUT OI,17514,16896,,,,,,,,,17466,17490
JIOFIN,CALL SPRD,,,,,,,,,,,0.94,0.89
JIOFIN,PUT SPRD,,,,,,,,,,,0.86,0.71
JIOFIN,CALL OI FIX,17522,,,,,,,,,,17532,17653
JIOFIN,PUT OI FIX,17514,,,,,,,,,,17466,17490
JIOFIN,CALL DOI,,,,,,,,,,,16471796,17669841
JIOFIN,PUT DOI,,,,,,,,,,,-20228023,-19403995
JIOFIN,CALL GEX,,,,,,,,,,,2055766,2010728
JIOFIN,PUT GEX,,,,,,,,,,,2049825,2068161
JIOFIN,GEX STRIKE,,,,,,,,,,,220.0,220.0
JIOFIN,EXPIRY,,,,,,,,,,,2026-10-27,2026-10-27
JIOFIN,ATM IV,,,,,,,,,,,29.87,30.63
JSWENERGY,PRICE,494.9,491.8,,,,494.9,497.92,495.91,490.75,486.92,492.3,492.4
JSWENERGY,VWAP,,,,,,,,,,,491.3,491.61
JSWENERGY,CASH VOL,3951551,1014257,595225,61.75,54.67,,,,,,46826,69970
JSWENERGY,F&O VOL,7985,2833,,,,,,,,,216,479
JSWENERGY,F&O OI,33243,32500,,,,,,,,,33278,33327
JSWENERGY,CALL VOL,4279,1236,,,,,,,,,172,336
JSWENERGY,CALL OI,2214,2358,,,,,,,,,2248,2276
JSWENERGY,PUT VOL,1144,293,,,,,,,,,10,55
JSWENERGY,PUT OI,1847,1787,,,,,,,,,1846,1845
JSWENERGY,CALL SPRD,,,,,,,,,,,3.02,1.73
JSWENERGY,PUT SPRD,,,,,,,,,,,4.03,2.11
JSWENERGY,CALL OI FIX,2214,,,,,,,,,,2248,2276
JSWENERGY,PUT OI FIX,1847,,,,,,,,,,1846,1845
JSWENERGY,CALL DOI,,,,,,,,,,,918340,931792
JSWENERGY,PUT DOI,,,,,,,,,,,-873548,-871400
JSWENERGY,CALL GEX,,,,,,,,,,,113620,115136
JSWENERGY,PUT GEX,,,,,,,,,,,91961,92520
JSWENERGY,GEX STRIKE,,,,,,,,,,,500.0,500.0
JSWENERGY,EXPIRY,,,,,,,,,,,2026-10-27,2026-10-27
JSWENERGY,ATM IV,,,,,,,,,,,31.96,31.57
JSWSTEEL,PRICE,1259.6,1235.3,,,,1249.0,1255.57,1247.5,1246.6,1237.53,1245.2,1241.5
JSWSTEEL,VWAP,,,,,,,,,,,1245.87,1244.05
JSWSTEEL,CASH VOL,1326118,1047395,322239,53.5,57.36,,,,,,19401,32348
JSWSTEEL,F&O VOL,13946,9512,,,,,,,,,466,1105
JSWSTEEL,F&O OI,74586,74012,,,,,,,,,74621,74671
JSWSTEEL,CALL VOL,3441,2225,,,,,,,,,180,343
JSWSTEEL,CALL OI,2833,3002,,,,,,,,,3501,2878
JSWSTEEL,PUT VOL,2861,2193,,,,,,,,,167,321
JSWSTEEL,PUT OI,4041,3921,,,,,,,,,4772,4069
JSWSTEEL,CALL SPRD,,,,,,,,,,,2.02,1.53
JSWSTEEL,PUT SPRD,,,,,,,,,,,1.87,1.12
JSWSTEEL,CALL OI FIX,3497,,,,,,,,,,3507,3550
JSWSTEEL,PUT OI FIX,4219,,,,,,,,,,4233,4244
JSWSTEEL,CALL DOI,,,,,,,,,,,980266,827733
JSWSTEEL,PUT DOI,,,,,,,,,,,-1555666,-1226967
JSWSTEEL,CALL GEX,,,,,,,,,,,148510,130143
JSWSTEEL,PUT GEX,,,,,,,,,,,198986,160594
JSWSTEEL,GEX STRIKE,,,,,,,,,,,1280.0,1280.0
JSWSTEEL,EXPIRY,,,,,,,,,,,2026-10-27,2026-10-27
JSWSTEEL,ATM IV,,,,,,,,,,,25.36,25.56
JUBLFOOD,PRICE,449.75,445.7,,,,455.55,453.27,450.92,461.77,449.52,461.55,459.65
JUBLFOOD,VWAP,,,,,,,,,,,460.53,461.69
JUBLFOOD,CASH VOL,1587592,949778,494004,42.13,48.6,,,,,,254781,643613
JUBLFOOD,F&O VOL,27885,5860,,,,,,,,,3499,9410
JUBLFOOD,F&O OI,25783,24057,,,,,,,,,26099,26584
JUBLFOOD,CALL VOL,7796,2395,,,,,,,,,1731,4483
JUBLFOOD,CALL OI,2467,2162,,,,,,,,,2892,3158
JUBLFOOD,PUT VOL,8003,904,,,,,,,,,749,2090
JUBLFOOD,PUT OI,2049,1341,,,,,,,,,2109,2312
JUBLFOOD,CALL SPRD,,,,,,,,,,,0.86,0.91
JUBLFOOD,PUT SPRD,,,,,,,,,,,1.35,0.99
JUBLFOOD,CALL OI FIX,1950,,,,,,,,,,2350,2536
JUBLFOOD,PUT OI FIX,2006,,,,,,,,,,2120,2361
JUBLFOOD,CALL DOI,,,,,,,,,,,1894365,1974057
JUBLFOOD,PUT DOI,,,,,,,,,,,-1110375,-1265796
JUBLFOOD,CALL GEX,,,,,,,,,,,156538,166987
JUBLFOOD,PUT GEX,,,,,,,,,,,106096,127001
JUBLFOOD,GEX STRIKE,,,,,,,,,,,460.0,460.0
JUBLFOOD,EXPIRY,,,,,,,,,,,2026-10-27,2026-10-27
JUBLFOOD,ATM IV,,,,,,,,,,,37.88,37.23
KALYANKJIL,PRICE,548.15,556.85,,,,547.4,564.22,553.51,551.25,536.08,556.95,563.95
KALYANKJIL,VWAP,,,,,,,,,,,553.97,555.74
KALYANKJIL,CASH VOL,14873008,13447714,2095466,25.37,15.11,,,,,,1551841,2556288
KALYANKJIL,F&O VOL,80124,76118,,,,,,,,,10949,19116
KALYANKJIL,F&O OI,40355,37589,,,,,,,,,42173,42516
KALYANKJIL,CALL VOL,37949,38964,,,,,,,,,6369,10520
KALYANKJIL,CALL OI,9405,7487,,,,,,,,,10820,10958
KALYANKJIL,PUT VOL,18025,14604,,,,,,,,,2520,4508
KALYANKJIL,PUT OI,6723,6111,,,,,,,,,6651,6847
KALYANKJIL,CALL SPRD,,,,,,,,,,,1.08,0.78
KALYANKJIL,PUT SPRD,,,,,,,,,,,1.02,0.94
KALYANKJIL,CALL OI FIX,9183,,,,,,,,,,10591,10714
KALYANKJIL,PUT OI FIX,7840,,,,,,,,,,7795,8004
KALYANKJIL,CALL DOI,,,,,,,,,,,6384976,6941291
KALYANKJIL,PUT DOI,,,,,,,,,,,-3951982,-3687310
KALYANKJIL,CALL GEX,,,,,,,,,,,469611,580428
KALYANKJIL,PUT GEX,,,,,,,,,,,325579,278609
KALYANKJIL,GEX STRIKE,,,,,,,,,,,560.0,560.0
KALYANKJIL,EXPIRY,,,,,,,,,,,2026-10-27,2026-10-27
KALYANKJIL,ATM IV,,,,,,,,,,,44.64,44.5
KAYNES,PRICE,3405.0,3394.8,,,,3403.9,3397.3,3381.9,3522.2,3440.07,3384.0,3388.3
KAYNES,VWAP,,,,,,,,,,,3391.23,3388.13
KAYNES,CASH VOL,908631,706676,175393,21.02,17.09,,,,,,51281,76284
KAYNES,F&O VOL,16601,11620,,,,,,,,,402,765
KAYNES,F&O OI,41506,39532,,,,,,,,,41572,41640
KAYNES,CALL VOL,6434,4245,,,,,,,,,244,376
KAYNES,CALL OI,4648,4089,,,,,,,,,4700,4725
KAYNES,PUT VOL,3973,2955,,,,,,,,,74,147
KAYNES,PUT OI,4868,4411,,,,,,,,,4876,4893
KAYNES,CALL SPRD,,,,,,,,,,,2.08,0.97
KAYNES,PUT SPRD,,,,,,,,,,,1.65,1.51
KAYNES,CALL OI FIX,4648,,,,,,,,,,4700,4725
KAYNES,PUT OI FIX,4868,,,,,,,,,,4876,4893
KAYNES,CALL DOI,,,,,,,,,,,259202,265409
KAYNES,PUT DOI,,,,,,,,,,,-346583,-345305
KAYNES,CALL GEX,,,,,,,,,,,29035,29124
KAYNES,PUT GEX,,,,,,,,,,,21026,21095
KAYNES,GEX STRIKE,,,,,,,,,,,3600.0,3600.0
KAYNES,EXPIRY,,,,,,,,,,,2026-10-27,2026-10-27
KAYNES,ATM IV,,,,,,,,,,,44.81,44.81
KEI,PRICE,4557.4,4638.2,,,,4560.2,4598.2,4571.0,4546.35,4516.78,4534.5,4549.1
KEI,VWAP,,,,,,,,,,,4528.43,4532.65
KEI,CASH VOL,413199,275897,130911,59.14,38.49,,,,,,15379,24833
KEI,F&O VOL,10116,17348,,,,,,,,,588,1030
KEI,F&O OI,21658,20994,,,,,,,,,21670,21663
KEI,CALL VOL,3793,7903,,,,,,,,,386,627
KEI,CALL OI,4024,3776,,,,,,,,,4052,4030
KEI,PUT VOL,3824,6034,,,,,,,,,203,330
KEI,PUT OI,4242,4211,,,,,,,,,4232,4241
KEI,CALL SPRD,,,,,,,,,,,2.29,1.97
KEI,PUT SPRD,,,,,,,,,,,1.34,2.26
KEI,CALL OI FIX,4024,,,,,,,,,,4052,4030
KEI,PUT OI FIX,4119,,,,,,,,,,4110,4121
KEI,CALL DOI,,,,,,,,,,,241291,249382
KEI,PUT DOI,,,,,,,,,,,-304196,-295196
KEI,CALL GEX,,,,,,,,,,,31937,32296
KEI,PUT GEX,,,,,,,,,,,30776,30658
KEI,GEX STRIKE,,,,,,,,,,,4700.0,4700.0
KEI,EXPIRY,,,,,,,,,,,2026-10-27,2026-10-27
KEI,ATM IV,,,,,,,,,,,32.77,33.92
KFINTECH,PRICE,863.8,867.5,,,,860.0,872.83,866.81,852.85,838.95,868.3,865.55
KFINTECH,VWAP,,,,,,,,,,,865.68,867.01
KFINTECH,CASH VOL,518303,977572,139716,34.0,41.74,,,,,,25857,45410
KFINTECH,F&O VOL,6335,8113,,,,,,,,,120,287
KFINTECH,F&O OI,14799,14188,,,,,,,,,14786,14829
KFINTECH,CALL VOL,3895,4136,,,,,,,,,99,188
KFINTECH,CALL OI,2090,1866,,,,,,,,,2077,2093
KFINTECH,PUT VOL,1123,1740,,,,,,,,,8,22
KFINTECH,PUT OI,1915,1772,,,,,,,,,1912,1912
KFINTECH,CALL SPRD,,,,,,,,,,,1.57,1.71
KFINTECH,PUT SPRD,,,,,,,,,,,5.31,10.31
KFINTECH,CALL OI FIX,2090,,,,,,,,,,2077,2093
KFINTECH,PUT OI FIX,1915,,,,,,,,,,1912,1912
KFINTECH,CALL DOI,,,,,,,,,,,535240,517645
KFINTECH,PUT DOI,,,,,,,,,,,-355761,-367031
KFINTECH,CALL GEX,,,,,,,,,,,63153,62954
KFINTECH,PUT GEX,,,,,,,,,,,35010,35307
KFINTECH,GEX STRIKE,,,,,,,,,,,900.0,900.0
KFINTECH,EXPIRY,,,,,,,,,,,2026-10-27,2026-10-27
KFINTECH,ATM IV,,,,,,,,,,,32.42,32.87
KOTAKBANK,PRICE,431.9,416.0,,,,432.05,430.7,428.3,417.28,415.15,431.1,430.0
KOTAKBANK,VWAP,,,,,,,,,,,431.5,431.18
KOTAKBANK,CASH VOL,40021922,21967652,7308612,63.72,64.36,,,,,,823361,1095689
KOTAKBANK,F&O VOL,146725,61169,,,,,,,,,2922,5892
KOTAKBANK,F&O OI,140313,128445,,,,,,,,,140730,141075
KOTAKBANK,CALL VOL,73529,32039,,,,,,,,,1357,2668
KOTAKBANK,CALL OI,29240,23827,,,,,,,,,29408,29643
KOTAKBANK,PUT VOL,37464,13058,,,,,,,,,732,1676
KOTAKBANK,PUT OI,12761,8573,,,,,,,,,12795,12785
KOTAKBANK,CALL SPRD,,,,,,,,,,,0.94,0.52
KOTAKBANK,PUT SPRD,,,,,,,,,,,1.23,1.16
KOTAKBANK,CALL OI FIX,29240,,,,,,,,,,29408,29643
KOTAKBANK,PUT OI FIX,12761,,,,,,,,,,12795,12785
KOTAKBANK,CALL DOI,,,,,,,,,,,36308457,33904120
KOTAKBANK,PUT DOI,,,,,,,,,,,-9246943,-9634236
KOTAKBANK,CALL GEX,,,,,,,,,,,3810604,4252285
KOTAKBANK,PUT GEX,,,,,,,,,,,1467233,1437997
KOTAKBANK,GEX STRIKE,,,,,,,,,,,430.0,430.0
KOTAKBANK,EXPIRY,,,,,,,,,,,2026-10-27,2026-10-27
KOTAKBANK,ATM IV,,,,,,,,,,,22.69,22.54
KPITTECH,PRICE,492.7,489.5,,,,493.9,493.1,492.83,502.1,495.37,491.4,494.5
KPITTECH,VWAP,,,,,,,,,,,491.8,491.69
KPITTECH,CASH VOL,965926,1394781,345071,39.81,28.82,,,,,,61794,88424
KPITTECH,F&O VOL,6504,13222,,,,,,,,,187,680
KPITTECH,F&O OI,25856,25641,,,,,,,,,25928,25930
KPITTECH,CALL VOL,2944,6681,,,,,,,,,140,359
KPITTECH,CALL OI,3996,3767,,,,,,,,,4013,4028
KPITTECH,PUT VOL,1429,2540,,,,,,,,,58,134
KPITTECH,PUT OI,2813,2853,,,,,,,,,2839,2860
KPITTECH,CALL SPRD,,,,,,,,,,,2.18,0.99
KPITTECH,PUT SPRD,,,,,,,,,,,1.98,1.59
KPITTECH,CALL OI FIX,3996,,,,,,,,,,4013,4028
KPITTECH,PUT OI FIX,2813,,,,,,,,,,2839,2860
KPITTECH,CALL DOI,,,,,,,,,,,1064007,1144923
KPITTECH,PUT DOI,,,,,,,,,,,-1107813,-1065434
KPITTECH,CALL GEX,,,,,,,,,,,120294,125790
KPITTECH,PUT GEX,,,,,,,,,,,78118,76918
KPITTECH,GEX STRIKE,,,,,,,,,,,520.0,520.0
KPITTECH,EXPIRY,,,,,,,,,,,2026-10-27,2026-10-27
KPITTECH,ATM IV,,,,,,,,,,,38.45,38.78
LAURUSLABS,PRICE,2050.0,1971.4,,,,2052.0,2035.48,2006.45,1988.5,1985.5,2051.9,2040.2
LAURUSLABS,VWAP,,,,,,,,,,,2055.27,2050.35
LAURUSLABS,CASH VOL,2197316,1374138,607722,57.83,46.42,,,,,,85735,161591
LAURUSLABS,F&O VOL,38425,14160,,,,,,,,,2074,4866
LAURUSLABS,F&O OI,42959,40803,,,,,,,,,43264,43481
LAURUSLABS,CALL VOL,15723,5256,,,,,,,,,953,1947
LAURUSLABS,CALL OI,6334,7006,,,,,,,,,6492,6569
LAURUSLABS,PUT VOL,5932,2156,,,,,,,,,235,856
LAURUSLABS,PUT OI,3026,2508,,,,,,,,,2804,3076
LAURUSLABS,CALL SPRD,,,,,,,,,,,1.16,1.28
LAURUSLABS,PUT SPRD,,,,,,,,,,,1.42,1.39
LAURUSLABS,CALL OI FIX,6334,,,,,,,,,,6478,6569
LAURUSLABS,PUT OI FIX,3026,,,,,,,,,,3057,3076
LAURUSLABS,CALL DOI,,,,,,,,,,,3079418,3066532
LAURUSLABS,PUT DOI,,,,,,,,,,,-910878,-1035894
LAURUSLABS,CALL GEX,,,,,,,,,,,265909,305745
LAURUSLABS,PUT GEX,,,,,,,,,,,108010,112658
LAURUSLABS,GEX STRIKE,,,,,,,,,,,2000.0,2000.0
LAURUSLABS,EXPIRY,,,,,,,,,,,2026-10-27,2026-10-27
LAURUSLABS,ATM IV,,,,,,,,,,,33.36,33.09
LICHSGFIN,PRICE,502.0,505.0,,,,503.45,503.2,502.4,536.98,518.32,499.5,499.05
LICHSGFIN,VWAP,,,,,,,,,,,500.62,499.31
LICHSGFIN,CASH VOL,1198970,1495045,362804,42.52,43.06,,,,,,33730,91758
LICHSGFIN,F&O VOL,10800,11568,,,,,,,,,338,1205
LICHSGFIN,F&O OI,54178,52665,,,,,,,,,54259,54341
LICHSGFIN,CALL VOL,2493,1987,,,,,,,,,113,390
LICHSGFIN,CALL OI,2326,1771,,,,,,,,,2351,2360
LICHSGFIN,PUT VOL,2248,1834,,,,,,,,,97,303
LICHSGFIN,PUT OI,3072,3090,,,,,,,,,3081,3078
LICHSGFIN,CALL SPRD,,,,,,,,,,,1.65,1.36
LICHSGFIN,PUT SPRD,,,,,,,,,,,1.98,2.26
LICHSGFIN,CALL OI FIX,2326,,,,,,,,,,2351,2360
LICHSGFIN,PUT OI FIX,3072,,,,,,,,,,3081,3078
LICHSGFIN,CALL DOI,,,,,,,,,,,918585,905252
LICHSGFIN,PUT DOI,,,,,,,,,,,-1373120,-1373144
LICHSGFIN,CALL GEX,,,,,,,,,,,129426,134056
LICHSGFIN,PUT GEX,,,,,,,,,,,162279,154061
LICHSGFIN,GEX STRIKE,,,,,,,,,,,500.0,500.0
LICHSGFIN,EXPIRY,,,,,,,,,,,2026-10-27,2026-10-27
LICHSGFIN,ATM IV,,,,,,,,,,,29.71,29.72
LICI,PRICE,390.0,388.7,,,,390.0,389.78,389.35,397.0,393.57,388.1,387.8
LICI,VWAP,,,,,,,,,,,388.2,387.96
LICI,CASH VOL,3373619,6242567,1079776,57.31,57.05,,,,,,86128,193291
LICI,F&O VOL,8212,14824,,,,,,,,,489,1328
LICI,F&O OI,51867,51893,,,,,,,,,51919,52094
LICI,CALL VOL,4440,5539,,,,,,,,,364,705
LICI,CALL OI,6765,6534,,,,,,,,,6846,6951
LICI,PUT VOL,1183,3721,,,,,,,,,62,375
LICI,PUT OI,5659,5731,,,,,,,,,5648,5678
LICI,CALL SPRD,,,,,,,,,,,1.92,1.32
LICI,PUT SPRD,,,,,,,,,,,2.34,1.13
LICI,CALL OI FIX,6765,,,,,,,,,,6846,6951
LICI,PUT OI FIX,5659,,,,,,,,,,5648,5678
LICI,CALL DOI,,,,,,,,,,,3090523,3080810
LICI,PUT DOI,,,,,,,,,,,-4045513,-4060831
LICI,CALL GEX,,,,,,,,,,,628151,640442
LICI,PUT GEX,,,,,,,,,,,491724,473795
LICI,GEX STRIKE,,,,,,,,,,,400.0,400.0
LICI,EXPIRY,,,,,,,,,,,2026-10-27,2026-10-27
LICI,ATM IV,,,,,,,,,,,22.71,22.77
LODHA,PRICE,1135.6,1132.5,,,,1129.9,1133.93,1130.6,1124.15,1111.78,1128.4,1133.0
LODHA,VWAP,,,,,,,,,,,1126.2,1129.32
LODHA,CASH VOL,1572481,1495653,335576,58.11,61.56,,,,,,74095,190148
LODHA,F&O VOL,12137,9713,,,,,,,,,633,1663
LODHA,F&O OI,18524,16146,,,,,,,,,18545,18441
LODHA,CALL VOL,4411,3426,,,,,,,,,202,695
LODHA,CALL OI,2362,2006,,,,,,,,,2297,2298
LODHA,PUT VOL,5159,2686,,,,,,,,,382,767
LODHA,PUT OI,3409,1835,,,,,,,,,3458,3330
LODHA,CALL SPRD,,,,,,,,,,,0.94,0.99
LODHA,PUT SPRD,,,,,,,,,,,0.73,1.0
LODHA,CALL OI FIX,2362,,,,,,,,,,2372,2298
LODHA,PUT OI FIX,3409,,,,,,,,,,3382,3330
LODHA,CALL DOI,,,,,,,,,,,667506,689920
LODHA,PUT DOI,,,,,,,,,,,-812612,-755149
LODHA,CALL GEX,,,,,,,,,,,57118,55121
LODHA,PUT GEX,,,,,,,,,,,84280,85617
LODHA,GEX STRIKE,,,,,,,,,,,1100.0,1100.0
LODHA,EXPIRY,,,,,,,,,,,2026-10-27,2026-10-27
LODHA,ATM IV,,,,,,,,,,,39.61,37.89
LT,PRICE,3770.0,3750.0,,,,3750.0,3764.02,3752.05,3757.05,3714.62,3746.2,3743.4
LT,VWAP,,,,,,,,,,,3746.73,3744.24
LT,CASH VOL,1994276,2323437,453239,61.92,70.92,,,,,,30450,49648
LT,F&O VOL,45219,44892,,,,,,,,,1347,3365
LT,F&O OI,125501,122315,,,,,,,,,125692,125712
LT,CALL VOL,23021,22018,,,,,,,,,724,1861
LT,CALL OI,20183,19084,,,,,,,,,20270,20381
LT,PUT VOL,10954,10239,,,,,,,,,297,1012
LT,PUT OI,18445,17924,,,,,,,,,18463,18392
LT,CALL SPRD,,,,,,,,,,,1.52,0.79
LT,PUT SPRD,,,,,,,,,,,0.96,0.78
LT,CALL OI FIX,20183,,,,,,,,,,20270,20381
LT,PUT OI FIX,18445,,,,,,,,,,18463,18392
LT,CALL DOI,,,,,,,,,,,1180099,1176212
LT,PUT DOI,,,,,,,,,,,-1791561,-1775867
LT,CALL GEX,,,,,,,,,,,235879,236259
LT,PUT GEX,,,,,,,,,,,202050,192320
LT,GEX STRIKE,,,,,,,,,,,3800.0,3800.0
LT,EXPIRY,,,,,,,,,,,2026-10-27,2026-10-27
LT,ATM IV,,,,,,,,,,,20.89,20.98
LTF,PRICE,264.4,263.75,,,,264.0,264.05,263.35,272.6,267.1,264.9,265.65
LTF,VWAP,,,,,,,,,,,263.75,265.18
LTF,CASH VOL,3148329,4100927,1113655,47.91,41.45,,,,,,116403,324593
LTF,F&O VOL,11732,14293,,,,,,,,,336,1867
LTF,F&O OI,50397,49698,,,,,,,,,50460,50543
LTF,CALL VOL,4697,5518,,,,,,,,,203,851
LTF,CALL OI,8062,7488,,,,,,,,,8087,8059
LTF,PUT VOL,2805,3340,,,,,,,,,25,612
LTF,PUT OI,9189,9607,,,,,,,,,9194,9339
LTF,CALL SPRD,,,,,,,,,,,1.65,1.03
LTF,PUT SPRD,,,,,,,,,,,2.12,1.13
LTF,CALL OI FIX,8062,,,,,,,,,,8087,8059
LTF,PUT OI FIX,9189,,,,,,,,,,9194,9339
LTF,CALL DOI,,,,,,,,,,,5880408,6257704
LTF,PUT DOI,,,,,,,,,,,-9529364,-9543327
LTF,CALL GEX,,,,,,,,,,,718380,688223
LTF,PUT GEX,,,,,,,,,,,730292,784519
LTF,GEX STRIKE,,,,,,,,,,,280.0,280.0
LTF,EXPIRY,,,,,,,,,,,2026-10-27,2026-10-27
LTF,ATM IV,,,,,,,,,,,37.86,38.16
LTM,PRICE,3971.1,4010.0,,,,3971.0,3994.15,3978.78,4059.8,4024.6,3982.2,3980.9
LTM,VWAP,,,,,,,,,,,3985.7,3985.85
LTM,CASH VOL,176859,216279,47073,28.57,24.73,,,,,,10980,21598
LTM,F&O VOL,9076,16221,,,,,,,,,285,1198
LTM,F&O OI,43811,42894,,,,,,,,,43855,44130
LTM,CALL VOL,3822,7311,,,,,,,,,202,825
LTM,CALL OI,4266,3820,,,,,,,,,4278,4548
LTM,PUT VOL,1426,2720,,,,,,,,,37,182
LTM,PUT OI,3556,3339,,,,,,,,,3575,3562
LTM,CALL SPRD,,,,,,,,,,,1.75,1.53
LTM,PUT SPRD,,,,,,,,,,,2.02,1.3
LTM,CALL OI FIX,4219,,,,,,,,,,4231,4501
LTM,PUT OI FIX,3717,,,,,,,,,,3736,3723
LTM,CALL DOI,,,,,,,,,,,307616,330200
LTM,PUT DOI,,,,,,,,,,,-240164,-240275
LTM,CALL GEX,,,,,,,,,,,31919,35138
LTM,PUT GEX,,,,,,,,,,,18761,18324
LTM,GEX STRIKE,,,,,,,,,,,4000.0,4000.0
LTM,EXPIRY,,,,,,,,,,,2026-10-27,2026-10-27
LTM,ATM IV,,,,,,,,,,,38.63,38.82
LUPIN,PRICE,2029.3,2011.0,,,,2029.3,2025.27,2017.2,2051.4,2037.93,2023.7,2016.4
LUPIN,VWAP,,,,,,,,,,,2024.77,2022.05
LUPIN,CASH VOL,1066347,571495,291610,69.19,56.47,,,,,,10626,19715
LUPIN,F&O VOL,9959,10467,,,,,,,,,316,767
LUPIN,F&O OI,30061,29355,,,,,,,,,30089,30163
LUPIN,CALL VOL,4368,4639,,,,,,,,,227,506
LUPIN,CALL OI,3276,2951,,,,,,,,,3291,3336
LUPIN,PUT VOL,2067,2337,,,,,,,,,19,157
LUPIN,PUT OI,4019,3889,,,,,,,,,4022,4036
LUPIN,CALL SPRD,,,,,,,,,,,1.66,1.44
LUPIN,PUT SPRD,,,,,,,,,,,3.68,1.66
LUPIN,CALL OI FIX,3276,,,,,,,,,,3291,3336
LUPIN,PUT OI FIX,4019,,,,,,,,,,4022,4036
LUPIN,CALL DOI,,,,,,,,,,,505116,477554
LUPIN,PUT DOI,,,,,,,,,,,-897220,-936354
LUPIN,CALL GEX,,,,,,,,,,,102830,102478
LUPIN,PUT GEX,,,,,,,,,,,105682,104442
LUPIN,GEX STRIKE,,,,,,,,,,,2100.0,2100.0
LUPIN,EXPIRY,,,,,,,,,,,2026-10-27,2026-10-27
LUPIN,ATM IV,,,,,,,,,,,21.82,22.12
M&M,PRICE,2855.0,2857.6,,,,2823.6,2853.88,2851.65,2915.95,2878.65,2815.1,2824.6
M&M,VWAP,,,,,,,,,,,2819.9,2820.64
M&M,CASH VOL,2611087,3307236,554971,67.1,62.37,,,,,,133671,207821
M&M,F&O VOL,46744,66667,,,,,,,,,4561,7849
M&M,F&O OI,122652,118257,,,,,,,,,123518,123921
M&M,CALL VOL,22938,28500,,,,,,,,,2401,4537
M&M,CALL OI,18424,16452,,,,,,,,,19075,19417
M&M,PUT VOL,11959,22184,,,,,,,,,1156,2373
M&M,PUT OI,13801,13810,,,,,,,,,13878,13881
M&M,CALL SPRD,,,,,,,,,,,0.68,0.82
M&M,PUT SPRD,,,,,,,,,,,0.96,0.42
M&M,CALL OI FIX,23193,,,,,,,,,,23885,24198
M&M,PUT OI FIX,15305,,,,,,,,,,15382,15383
M&M,CALL DOI,,,,,,,,,,,1066658,1173907
M&M,PUT DOI,,,,,,,,,,,-1531978,-1511930
M&M,CALL GEX,,,,,,,,,,,200716,205280
M&M,PUT GEX,,,,,,,,,,,138158,149150
M&M,GEX STRIKE,,,,,,,,,,,3000.0,3000.0
M&M,EXPIRY,,,,,,,,,,,2026-10-27,2026-10-27
M&M,ATM IV,,,,,,,,,,,25.02,24.75
MANAPPURAM,PRICE,310.2,310.7,,,,310.2,309.95,309.45,317.0,311.6,309.1,310.75
MANAPPURAM,VWAP,,,,,,,,,,,309.4,310.54
MANAPPURAM,CASH VOL,3956853,3951162,1024991,48.08,51.07,,,,,,112352,358684
MANAPPURAM,F&O VOL,4900,4621,,,,,,,,,318,634
MANAPPURAM,F&O OI,27959,26898,,,,,,,,,28126,28172
MANAPPURAM,CALL VOL,2250,1847,,,,,,,,,139,260
MANAPPURAM,CALL OI,2728,2292,,,,,,,,,2783,2793
MANAPPURAM,PUT VOL,933,757,,,,,,,,,123,240
MANAPPURAM,PUT OI,1590,1477,,,,,,,,,1678,1747
MANAPPURAM,CALL SPRD,,,,,,,,,,,2.2,2.01
MANAPPURAM,PUT SPRD,,,,,,,,,,,2.29,2.3
MANAPPURAM,CALL OI FIX,2728,,,,,,,,,,2783,2793
MANAPPURAM,PUT OI FIX,1590,,,,,,,,,,1678,1747
MANAPPURAM,CALL DOI,,,,,,,,,,,3335239,3629148
MANAPPURAM,PUT DOI,,,,,,,,,,,-2325718,-2274383
MANAPPURAM,CALL GEX,,,,,,,,,,,428720,404662
MANAPPURAM,PUT GEX,,,,,,,,,,,228533,249238
MANAPPURAM,GEX STRIKE,,,,,,,,,,,310.0,310.0
MANAPPURAM,EXPIRY,,,,,,,,,,,2026-10-27,2026-10-27
MANAPPURAM,ATM IV,,,,,,,,,,,31.24,31.76
MANKIND,PRICE,2500.0,2479.0,,,,2500.9,2495.57,2486.7,2521.55,2494.65,2510.1,2512.0
MANKIND,VWAP,,,,,,,,,,,2510.57,2511.43
MANKIND,CASH VOL,297524,527032,81144,54.29,58.38,,,,,,10950,19180
MANKIND,F&O VOL,5910,7546,,,,,,,,,207,579
MANKIND,F&O OI,18479,18495,,,,,,,,,18520,18533
MANKIND,CALL VOL,3137,3110,,,,,,,,,236,414
MANKIND,CALL OI,1980,2047,,,,,,,,,2022,2014
MANKIND,PUT VOL,663,1354,,,,,,,,,22,80
MANKIND,PUT OI,1376,1345,,,,,,,,,1378,1407
MANKIND,CALL SPRD,,,,,,,,,,,2.29,1.65
MANKIND,PUT SPRD,,,,,,,,,,,25.09,47.39
MANKIND,CALL OI FIX,2131,,,,,,,,,,2173,2165
MANKIND,PUT OI FIX,1612,,,,,,,,,,1614,1643
MANKIND,CALL DOI,,,,,,,,,,,251505,252634
MANKIND,PUT DOI,,,,,,,,,,,-130992,-133081
MANKIND,CALL GEX,,,,,,,,,,,32303,32534
MANKIND,PUT GEX,,,,,,,,,,,19207,19341
MANKIND,GEX STRIKE,,,,,,,,,,,2500.0,2500.0
MANKIND,EXPIRY,,,,,,,,,,,2026-10-27,2026-10-27
MANKIND,ATM IV,,,,,,,,,,,26.63,26.5
MARICO,PRICE,794.15,790.0,,,,794.0,793.01,790.73,790.62,784.44,789.05,790.0
MARICO,VWAP,,,,,,,,,,,790.47,789.81
MARICO,CASH VOL,1467158,3353838,377239,56.97,55.97,,,,,,18545,26833
MARICO,F&O VOL,7951,18961,,,,,,,,,162,250
MARICO,F&O OI,21713,21363,,,,,,,,,21720,21721
MARICO,CALL VOL,4294,8774,,,,,,,,,138,183
MARICO,CALL OI,2745,2586,,,,,,,,,2750,2745
MARICO,PUT VOL,1830,5326,,,,,,,,,4,25
MARICO,PUT OI,2303,2151,,,,,,,,,2304,2306
MARICO,CALL SPRD,,,,,,,,,,,2.12,1.85
MARICO,PUT SPRD,,,,,,,,,,,2.43,2.78
MARICO,CALL OI FIX,2745,,,,,,,,,,2750,2745
MARICO,PUT OI FIX,2303,,,,,,,,,,2304,2306
MARICO,CALL DOI,,,,,,,,,,,1263435,1290862
MARICO,PUT DOI,,,,,,,,,,,-1223928,-1203710
MARICO,CALL GEX,,,,,,,,,,,237441,244885
MARICO,PUT GEX,,,,,,,,,,,176321,175080
MARICO,GEX STRIKE,,,,,,,,,,,800.0,800.0
MARICO,EXPIRY,,,,,,,,,,,2026-10-27,2026-10-27
MARICO,ATM IV,,,,,,,,,,,20.91,20.88
MARUTI,PRICE,11625.0,11532.0,,,,11561.0,11596.0,11538.0,11710.5,11494.17,11451.0,11486.0
MARUTI,VWAP,,,,,,,,,,,11483.67,11475.23
MARUTI,CASH VOL,263958,757171,66180,48.14,64.64,,,,,,22375,43031
MARUTI,F&O VOL,69334,131596,,,,,,,,,4575,11461
MARUTI,F&O OI,129931,130374,,,,,,,,,130549,131309
MARUTI,CALL VOL,26156,50879,,,,,,,,,1924,4360
MARUTI,CALL OI,15098,15518,,,,,,,,,15514,15971
MARUTI,PUT VOL,14369,24853,,,,,,,,,1447,3286
MARUTI,PUT OI,13724,13881,,,,,,,,,13803,13928
MARUTI,CALL SPRD,,,,,,,,,,,0.7,0.65
MARUTI,PUT SPRD,,,,,,,,,,,0.97,0.56
MARUTI,CALL OI FIX,16289,,,,,,,,,,16704,17156
MARUTI,PUT OI FIX,11512,,,,,,,,,,11592,11704
MARUTI,CALL DOI,,,,,,,,,,,266932,310151
MARUTI,PUT DOI,,,,,,,,,,,-331047,-314905
MARUTI,CALL GEX,,,,,,,,,,,56338,50364
MARUTI,PUT GEX,,,,,,,,,,,39599,44077
MARUTI,GEX STRIKE,,,,,,,,,,,12000.0,12000.0
MARUTI,EXPIRY,,,,,,,,,,,2026-10-27,2026-10-27
MARUTI,ATM IV,,,,,,,,,,,22.66,23.69
MAXHEALTH,PRICE,902.5,917.0,,,,900.0,906.92,903.97,958.92,946.94,895.85,895.25
MAXHEALTH,VWAP,,,,,,,,,,,895.98,895.53
MAXHEALTH,CASH VOL,2407174,3127962,567856,49.73,54.77,,,,,,85437,129985
MAXHEALTH,F&O VOL,29513,24320,,,,,,,,,730,1430
MAXHEALTH,F&O OI,41284,40716,,,,,,,,,41372,41491
MAXHEALTH,CALL VOL,8100,5267,,,,,,,,,284,567
MAXHEALTH,CALL OI,3420,2820,,,,,,,,,3454,3562
MAXHEALTH,PUT VOL,9982,8751,,,,,,,,,236,441
MAXHEALTH,PUT OI,4079,4276,,,,,,,,,4107,4096
MAXHEALTH,CALL SPRD,,,,,,,,,,,0.78,1.14
MAXHEALTH,PUT SPRD,,,,,,,,,,,0.9,0.75
MAXHEALTH,CALL OI FIX,3420,,,,,,,,,,3454,3562
MAXHEALTH,PUT OI FIX,4079,,,,,,,,,,4107,4096
MAXHEALTH,CALL DOI,,,,,,,,,,,715506,743818
MAXHEALTH,PUT DOI,,,,,,,,,,,-1150084,-1157133
MAXHEALTH,CALL GEX,,,,,,,,,,,95268,92428
MAXHEALTH,PUT GEX,,,,,,,,,,,95189,100998
MAXHEALTH,GEX STRIKE,,,,,,,,,,,900.0,900.0
MAXHEALTH,EXPIRY,,,,,,,,,,,2026-10-27,2026-10-27
MAXHEALTH,ATM IV,,,,,,,,,,,31.84,31.76
MAZDOCK,PRICE,2101.0,2074.0,,,,2101.0,2098.97,2094.9,2115.3,2081.1,2078.8,2079.4
MAZDOCK,VWAP,,,,,,,,,,,2082.57,2080.69
MAZDOCK,CASH VOL,403608,364228,74732,29.33,31.14,,,,,,34914,49199
MAZDOCK,F&O VOL,13495,10699,,,,,,,,,558,1027
MAZDOCK,F&O OI,45130,45088,,,,,,,,,45251,45337
MAZDOCK,CALL VOL,5842,3092,,,,,,,,,252,448
MAZDOCK,CALL OI,3737,3548,,,,,,,,,3719,3783
MAZDOCK,PUT VOL,1148,1164,,,,,,,,,83,110
MAZDOCK,PUT OI,4060,4009,,,,,,,,,4087,4086
MAZDOCK,CALL SPRD,,,,,,,,,,,3.4,1.55
MAZDOCK,PUT SPRD,,,,,,,,,,,4.89,1.69
MAZDOCK,CALL OI FIX,3769,,,,,,,,,,3751,3816
MAZDOCK,PUT OI FIX,3250,,,,,,,,,,3277,3276
MAZDOCK,CALL DOI,,,,,,,,,,,371889,381041
MAZDOCK,PUT DOI,,,,,,,,,,,-425496,-423813
MAZDOCK,CALL GEX,,,,,,,,,,,41583,42014
MAZDOCK,PUT GEX,,,,,,,,,,,42102,41834
MAZDOCK,GEX STRIKE,,,,,,,,,,,2100.0,2100.0
MAZDOCK,EXPIRY,,,,,,,,,,,2026-10-27,2026-10-27
MAZDOCK,ATM IV,,,,,,,,,,,34.61,34.12
MCX,PRICE,3310.0,3181.7,,,,3305.0,3291.33,3254.0,3269.3,3225.77,3296.8,3290.0
MCX,VWAP,,,,,,,,,,,3295.97,3297.62
MCX,CASH VOL,1520917,1386833,330197,40.8,44.88,,,,,,75400,150538
MCX,F&O VOL,68079,49897,,,,,,,,,1657,4243
MCX,F&O OI,65826,68906,,,,,,,,,65913,66127
MCX,CALL VOL,30816,19491,,,,,,,,,730,1678
MCX,CALL OI,13676,15321,,,,,,,,,13660,13736
MCX,PUT VOL,15888,12286,,,,,,,,,458,1537
MCX,PUT OI,9334,9784,,,,,,,,,9353,9400
MCX,CALL SPRD,,,,,,,,,,,0.6,0.42
MCX,PUT SPRD,,,,,,,,,,,0.59,0.64
MCX,CALL OI FIX,13676,,,,,,,,,,13660,13736
MCX,PUT OI FIX,9334,,,,,,,,,,9353,9400
MCX,CALL DOI,,,,,,,,,,,1357730,1337327
MCX,PUT DOI,,,,,,,,,,,-865187,-886465
MCX,CALL GEX,,,,,,,,,,,126080,127170
MCX,PUT GEX,,,,,,,,,,,82743,82697
MCX,GEX STRIKE,,,,,,,,,,,3300.0,3300.0
MCX,EXPIRY,,,,,,,,,,,2026-10-27,2026-10-27
MCX,ATM IV,,,,,,,,,,,37.86,38.06
MFSL,PRICE,1361.0,1348.0,,,,1355.8,1356.15,1346.45,1402.6,1395.53,1349.3,1348.6
MFSL,VWAP,,,,,,,,,,,1348.77,1349.32
MFSL,CASH VOL,2855802,2005008,410933,66.54,64.17,,,,,,9358,16862
MFSL,F&O VOL,16672,16212,,,,,,,,,162,373
MFSL,F&O OI,23711,21409,,,,,,,,,23718,23737
MFSL,CALL VOL,5727,4148,,,,,,,,,56,169
MFSL,CALL OI,1906,1483,,,,,,,,,1916,1926
MFSL,PUT VOL,3134,5401,,,,,,,,,41,63
MFSL,PUT OI,2172,2154,,,,,,,,,2172,2175
MFSL,CALL SPRD,,,,,,,,,,,2.19,1.49
MFSL,PUT SPRD,,,,,,,,,,,2.17,1.86
MFSL,CALL OI FIX,2141,,,,,,,,,,2151,2160
MFSL,PUT OI FIX,2204,,,,,,,,,,2204,2207
MFSL,CALL DOI,,,,,,,,,,,278243,278473
MFSL,PUT DOI,,,,,,,,,,,-415695,-418650
MFSL,CALL GEX,,,,,,,,,,,37134,37055
MFSL,PUT GEX,,,,,,,,,,,41681,42304
MFSL,GEX STRIKE,,,,,,,,,,,1400.0,1400.0
MFSL,EXPIRY,,,,,,,,,,,2026-10-27,2026-10-27
MFSL,ATM IV,,,,,,,,,,,31.8,31.49
MOTHERSON,PRICE,160.0,156.5,,,,158.73,159.39,158.19,159.65,157.9,158.49,159.3
MOTHERSON,VWAP,,,,,,,,,,,158.67,158.32
MOTHERSON,CASH VOL,7313345,14480075,2738594,50.74,56.33,,,,,,478480,892370
MOTHERSON,F&O VOL,9157,11271,,,,,,,,,552,1744
MOTHERSON,F&O OI,31071,30906,,,,,,,,,31116,31145
MOTHERSON,CALL VOL,4738,4943,,,,,,,,,318,801
MOTHERSON,CALL OI,3166,3486,,,,,,,,,3077,3263
MOTHERSON,PUT VOL,1781,3146,,,,,,,,,152,554
MOTHERSON,PUT OI,2704,2506,,,,,,,,,2907,2727
MOTHERSON,CALL SPRD,,,,,,,,,,,2.49,1.49
MOTHERSON,PUT SPRD,,,,,,,,,,,2.2,1.38
MOTHERSON,CALL OI FIX,3166,,,,,,,,,,3181,3263
MOTHERSON,PUT OI FIX,2704,,,,,,,,,,2736,2727
MOTHERSON,CALL DOI,,,,,,,,,,,6218639,6869892
MOTHERSON,PUT DOI,,,,,,,,,,,-6983885,-6397563
MOTHERSON,CALL GEX,,,,,,,,,,,948567,1063705
MOTHERSON,PUT GEX,,,,,,,,,,,867392,736127
MOTHERSON,GEX STRIKE,,,,,,,,,,,160.0,160.0
MOTHERSON,EXPIRY,,,,,,,,,,,2026-10-27,2026-10-27
MOTHERSON,ATM IV,,,,,,,,,,,28.55,29.02
MOTILALOFS,PRICE,1081.15,1011.1,,,,1080.0,1071.28,1051.55,999.23,993.01,1067.05,1062.65
MOTILALOFS,VWAP,,,,,,,,,,,1070.1,1067.91
MOTILALOFS,CASH VOL,2179004,445092,790809,34.57,37.69,,,,,,70573,118595
MOTILALOFS,F&O VOL,27605,4496,,,,,,,,,1030,2050
MOTILALOFS,F&O OI,12222,9825,,,,,,,,,12124,12117
MOTILALOFS,CALL VOL,15531,2313,,,,,,,,,534,962
MOTILALOFS,CALL OI,2394,1749,,,,,,,,,2339,2312
MOTILALOFS,PUT VOL,4393,629,,,,,,,,,252,533
MOTILALOFS,PUT OI,1518,843,,,,,,,,,1490,1490
MOTILALOFS,CALL SPRD,,,,,,,,,,,1.24,1.36
MOTILALOFS,PUT SPRD,,,,,,,,,,,1.46,1.02
MOTILALOFS,CALL OI FIX,2444,,,,,,,,,,2383,2354
MOTILALOFS,PUT OI FIX,1323,,,,,,,,,,1302,1308
MOTILALOFS,CALL DOI,,,,,,,,,,,889612,852380
MOTILALOFS,PUT DOI,,,,,,,,,,,-307045,-328022
MOTILALOFS,CALL GEX,,,,,,,,,,,72338,74576
MOTILALOFS,PUT GEX,,,,,,,,,,,38628,39110
MOTILALOFS,GEX STRIKE,,,,,,,,,,,1100.0,1100.0
MOTILALOFS,EXPIRY,,,,,,,,,,,2026-10-27,2026-10-27
MOTILALOFS,ATM IV,,,,,,,,,,,37.41,37.41
MPHASIS,PRICE,2298.0,2297.1,,,,2307.4,2293.92,2285.75,2235.1,2204.9,2302.3,2304.4
MPHASIS,VWAP,,,,,,,,,,,2308.43,2304.7
MPHASIS,CASH VOL,286928,1107616,100873,55.54,52.45,,,,,,24368,38731
MPHASIS,F&O VOL,6231,20534,,,,,,,,,524,1007
MPHASIS,F&O OI,26926,26390,,,,,,,,,27060,27120
MPHASIS,CALL VOL,2648,10989,,,,,,,,,376,660
MPHASIS,CALL OI,2937,2638,,,,,,,,,3059,3098
MPHASIS,PUT VOL,1732,4042,,,,,,,,,94,226
MPHASIS,PUT OI,2013,1883,,,,,,,,,2012,2013
MPHASIS,CALL SPRD,,,,,,,,,,,1.39,0.9
MPHASIS,PUT SPRD,,,,,,,,,,,1.36,1.05
MPHASIS,CALL OI FIX,2937,,,,,,,,,,3059,3098
MPHASIS,PUT OI FIX,2013,,,,,,,,,,2012,2013
MPHASIS,CALL DOI,,,,,,,,,,,371342,377767
MPHASIS,PUT DOI,,,,,,,,,,,-154033,-156804
MPHASIS,CALL GEX,,,,,,,,,,,38085,40548
MPHASIS,PUT GEX,,,,,,,,,,,18257,17856
MPHASIS,GEX STRIKE,,,,,,,,,,,2300.0,2300.0
MPHASIS,EXPIRY,,,,,,,,,,,2026-10-27,2026-10-27
MPHASIS,ATM IV,,,,,,,,,,,34.81,34.53
MUTHOOTFIN,PRICE,2686.0,2716.4,,,,2695.2,2701.55,2691.18,2743.45,2712.55,2679.4,2687.2
MUTHOOTFIN,VWAP,,,,,,,,,,,2677.13,2681.46
MUTHOOTFIN,CASH VOL,369508,499788,76825,49.94,53.7,,,,,,23503,42668
MUTHOOTFIN,F&O VOL,14240,12059,,,,,,,,,871,2386
MUTHOOTFIN,F&O OI,39629,38093,,,,,,,,,39911,40318
MUTHOOTFIN,CALL VOL,7365,5812,,,,,,,,,694,1781
MUTHOOTFIN,CALL OI,6536,5632,,,,,,,,,6823,7232
MUTHOOTFIN,PUT VOL,3412,3386,,,,,,,,,125,425
MUTHOOTFIN,PUT OI,4505,4270,,,,,,,,,4501,4540
MUTHOOTFIN,CALL SPRD,,,,,,,,,,,1.31,1.19
MUTHOOTFIN,PUT SPRD,,,,,,,,,,,1.06,0.66
MUTHOOTFIN,CALL OI FIX,6536,,,,,,,,,,6823,7232
MUTHOOTFIN,PUT OI FIX,4505,,,,,,,,,,4501,4540
MUTHOOTFIN,CALL DOI,,,,,,,,,,,586476,663466
MUTHOOTFIN,PUT DOI,,,,,,,,,,,-584227,-570346
MUTHOOTFIN,CALL GEX,,,,,,,,,,,82591,90922
MUTHOOTFIN,PUT GEX,,,,,,,,,,,54102,55198
MUTHOOTFIN,GEX STRIKE,,,,,,,,,,,2800.0,2800.0
MUTHOOTFIN,EXPIRY,,,,,,,,,,,2026-10-27,2026-10-27
MUTHOOTFIN,ATM IV,,,,,,,,,,,32.28,31.51
NAM-INDIA,PRICE,1073.5,1061.0,,,,1066.0,1071.52,1067.55,1090.7,1060.9,1061.4,1055.4
NAM-INDIA,VWAP,,,,,,,,,,,1063.77,1059.56
NAM-INDIA,CASH VOL,456986,842149,208982,53.5,52.39,,,,,,19318,35040
NAM-INDIA,F&O VOL,1522,2646,,,,,,,,,29,147
NAM-INDIA,F&O OI,9005,8965,,,,,,,,,9011,9036
NAM-INDIA,CALL VOL,582,775,,,,,,,,,8,57
NAM-INDIA,CALL OI,654,668,,,,,,,,,653,658
NAM-INDIA,PUT VOL,230,402,,,,,,,,,1,13
NAM-INDIA,PUT OI,1126,1049,,,,,,,,,1126,1129
NAM-INDIA,CALL SPRD,,,,,,,,,,,4.1,2.34
NAM-INDIA,PUT SPRD,,,,,,,,,,,4.91,2.14
NAM-INDIA,CALL OI FIX,709,,,,,,,,,,708,714
NAM-INDIA,PUT OI FIX,1043,,,,,,,,,,1043,1046
NAM-INDIA,CALL DOI,,,,,,,,,,,137794,127029
NAM-INDIA,PUT DOI,,,,,,,,,,,-270661,-287154
NAM-INDIA,CALL GEX,,,,,,,,,,,18269,17806
NAM-INDIA,PUT GEX,,,,,,,,,,,27168,27676
NAM-INDIA,GEX STRIKE,,,,,,,,,,,1100.0,1100.0
NAM-INDIA,EXPIRY,,,,,,,,,,,2026-10-27,2026-10-27
NAM-INDIA,ATM IV,,,,,,,,,,,31.88,31.88
NATIONALUM,PRICE,337.25,340.0,,,,337.25,341.0,338.5,342.12,337.31,330.55,330.2
NATIONALUM,VWAP,,,,,,,,,,,331.63,331.07
NATIONALUM,CASH VOL,6701284,5169746,1303771,45.54,48.12,,,,,,720186,1037621
NATIONALUM,F&O VOL,19624,11109,,,,,,,,,1449,3141
NATIONALUM,F&O OI,38103,38905,,,,,,,,,38434,38867
NATIONALUM,CALL VOL,5356,3244,,,,,,,,,654,1183
NATIONALUM,CALL OI,3102,2691,,,,,,,,,3255,3392
NATIONALUM,PUT VOL,4231,2688,,,,,,,,,291,913
NATIONALUM,PUT OI,5868,5544,,,,,,,,,5899,6060
NATIONALUM,CALL SPRD,,,,,,,,,,,1.59,1.17
NATIONALUM,PUT SPRD,,,,,,,,,,,1.71,1.35
NATIONALUM,CALL OI FIX,4868,,,,,,,,,,5034,5233
NATIONALUM,PUT OI FIX,6620,,,,,,,,,,6651,6812
NATIONALUM,CALL DOI,,,,,,,,,,,1933586,2336479
NATIONALUM,PUT DOI,,,,,,,,,,,-5880985,-6085897
NATIONALUM,CALL GEX,,,,,,,,,,,316105,249796
NATIONALUM,PUT GEX,,,,,,,,,,,383986,469954
NATIONALUM,GEX STRIKE,,,,,,,,,,,350.0,350.0
NATIONALUM,EXPIRY,,,,,,,,,,,2026-10-27,2026-10-27
NATIONALUM,ATM IV,,,,,,,,,,,37.0,39.61
NAUKRI,PRICE,1241.0,1201.7,,,,1242.7,1233.73,1219.2,1221.65,1207.22,1228.8,1235.9
NAUKRI,VWAP,,,,,,,,,,,1233.8,1232.41
NAUKRI,CASH VOL,1622862,2021519,236101,60.11,53.75,,,,,,13355,31056
NAUKRI,F&O VOL,9954,12081,,,,,,,,,431,893
NAUKRI,F&O OI,32146,31018,,,,,,,,,32093,32029
NAUKRI,CALL VOL,4934,6012,,,,,,,,,242,520
NAUKRI,CALL OI,3441,3065,,,,,,,,,2500,3346
NAUKRI,PUT VOL,2425,2701,,,,,,,,,157,239
NAUKRI,PUT OI,2088,1507,,,,,,,,,2155,2075
NAUKRI,CALL SPRD,,,,,,,,,,,1.42,1.41
NAUKRI,PUT SPRD,,,,,,,,,,,1.68,1.94
NAUKRI,CALL OI FIX,3441,,,,,,,,,,3382,3346
NAUKRI,PUT OI FIX,2088,,,,,,,,,,2080,2075
NAUKRI,CALL DOI,,,,,,,,,,,578207,688044
NAUKRI,PUT DOI,,,,,,,,,,,-457932,-428030
NAUKRI,CALL GEX,,,,,,,,,,,62075,79482
NAUKRI,PUT GEX,,,,,,,,,,,47461,46454
NAUKRI,GEX STRIKE,,,,,,,,,,,1240.0,1240.0
NAUKRI,EXPIRY,,,,,,,,,,,2026-10-27,2026-10-27
NAUKRI,ATM IV,,,,,,,,,,,36.04,34.25
NBCC,PRICE,77.05,76.2,,,,76.8,77.04,77.03,79.28,78.03,76.41,76.65
NBCC,VWAP,,,,,,,,,,,76.52,76.44
NBCC,CASH VOL,5142985,7593129,1865856,42.39,44.83,,,,,,214690,415545
NBCC,F&O VOL,3242,3999,,,,,,,,,128,286
NBCC,F&O OI,20136,20044,,,,,,,,,20161,20208
NBCC,CALL VOL,903,1443,,,,,,,,,27,84
NBCC,CALL OI,1470,1446,,,,,,,,,1450,1497
NBCC,PUT VOL,410,501,,,,,,,,,53,61
NBCC,PUT OI,866,854,,,,,,,,,884,870
NBCC,CALL SPRD,,,,,,,,,,,112.5,2.44
NBCC,PUT SPRD,,,,,,,,,,,63.16,5.59
NBCC,CALL OI FIX,1470,,,,,,,,,,1485,1497
NBCC,PUT OI FIX,866,,,,,,,,,,862,870
NBCC,CALL DOI,,,,,,,,,,,3141556,3471056
NBCC,PUT DOI,,,,,,,,,,,-2802356,-2756040
NBCC,CALL GEX,,,,,,,,,,,482407,495881
NBCC,PUT GEX,,,,,,,,,,,271826,274878
NBCC,GEX STRIKE,,,,,,,,,,,80.0,80.0
NBCC,EXPIRY,,,,,,,,,,,2026-10-27,2026-10-27
NBCC,ATM IV,,,,,,,,,,,30.88,28.19
NESTLEIND,PRICE,1341.4,1297.1,,,,1326.3,1333.4,1317.4,1325.9,1313.77,1323.0,1324.8
NESTLEIND,VWAP,,,,,,,,,,,1327.0,1325.28
NESTLEIND,CASH VOL,1650856,1676136,405670,51.49,65.17,,,,,,33712,51724
NESTLEIND,F&O VOL,21272,10182,,,,,,,,,481,1134
NESTLEIND,F&O OI,31437,29228,,,,,,,,,31481,31484
NESTLEIND,CALL VOL,6812,2430,,,,,,,,,243,397
NESTLEIND,CALL OI,1753,1346,,,,,,,,,1776,1768
NESTLEIND,PUT VOL,4515,3267,,,,,,,,,95,251
NESTLEIND,PUT OI,2368,2064,,,,,,,,,2368,2371
NESTLEIND,CALL SPRD,,,,,,,,,,,2.09,1.67
NESTLEIND,PUT SPRD,,,,,,,,,,,1.77,1.7
NESTLEIND,CALL OI FIX,1980,,,,,,,,,,2003,1995
NESTLEIND,PUT OI FIX,2196,,,,,,,,,,2191,2194
NESTLEIND,CALL DOI,,,,,,,,,,,445238,452261
NESTLEIND,PUT DOI,,,,,,,,,,,-526921,-515297
NESTLEIND,CALL GEX,,,,,,,,,,,52762,58724
NESTLEIND,PUT GEX,,,,,,,,,,,69034,63549
NESTLEIND,GEX STRIKE,,,,,,,,,,,1300.0,1300.0
NESTLEIND,EXPIRY,,,,,,,,,,,2026-10-27,2026-10-27
NESTLEIND,ATM IV,,,,,,,,,,,28.04,27.33
NHPC,PRICE,73.11,72.0,,,,73.0,72.85,72.33,73.08,72.19,72.86,72.97
NHPC,VWAP,,,,,,,,,,,72.84,72.86
NHPC,CASH VOL,5480099,4447161,1761383,49.65,53.95,,,,,,273808,402981
NHPC,F&O VOL,4659,3978,,,,,,,,,221,309
NHPC,F&O OI,24053,24062,,,,,,,,,24069,24061
NHPC,CALL VOL,1638,1529,,,,,,,,,92,120
NHPC,CALL OI,1802,2150,,,,,,,,,1787,1794
NHPC,PUT VOL,800,850,,,,,,,,,61,97
NHPC,PUT OI,2031,2067,,,,,,,,,2045,2043
NHPC,CALL SPRD,,,,,,,,,,,6.78,2.23
NHPC,PUT SPRD,,,,,,,,,,,6.99,4.98
NHPC,CALL OI FIX,1802,,,,,,,,,,1787,1794
NHPC,PUT OI FIX,2031,,,,,,,,,,2045,2043
NHPC,CALL DOI,,,,,,,,,,,4593868,4682157
NHPC,PUT DOI,,,,,,,,,,,-5228069,-5087034
NHPC,CALL GEX,,,,,,,,,,,743578,763168
NHPC,PUT GEX,,,,,,,,,,,795610,786798
NHPC,GEX STRIKE,,,,,,,,,,,75.0,75.0
NHPC,EXPIRY,,,,,,,,,,,2026-10-27,2026-10-27
NHPC,ATM IV,,,,,,,,,,,23.56,23.56
NMDC,PRICE,74.38,73.74,,,,73.8,74.29,74.11,77.31,75.53,72.7,72.77
NMDC,VWAP,,,,,,,,,,,73.01,72.81
NMDC,CASH VOL,10800931,11989948,2593427,60.54,49.19,,,,,,1154168,2280610
NMDC,F&O VOL,4205,6504,,,,,,,,,681,1909
NMDC,F&O OI,70371,70178,,,,,,,,,70430,70696
NMDC,CALL VOL,1498,2041,,,,,,,,,258,653
NMDC,CALL OI,2548,2358,,,,,,,,,2578,2688
NMDC,PUT VOL,540,1013,,,,,,,,,125,518
NMDC,PUT OI,3048,2979,,,,,,,,,3046,3117
NMDC,CALL SPRD,,,,,,,,,,,0.95,0.99
NMDC,PUT SPRD,,,,,,,,,,,2.99,1.9
NMDC,CALL OI FIX,2736,,,,,,,,,,2766,2866
NMDC,PUT OI FIX,3071,,,,,,,,,,3069,3135
NMDC,CALL DOI,,,,,,,,,,,5161565,5423557
NMDC,PUT DOI,,,,,,,,,,,-12821589,-12243543
NMDC,CALL GEX,,,,,,,,,,,823580,889600
NMDC,PUT GEX,,,,,,,,,,,918727,874235
NMDC,GEX STRIKE,,,,,,,,,,,78.0,75.0
NMDC,EXPIRY,,,,,,,,,,,2026-10-27,2026-10-27
NMDC,ATM IV,,,,,,,,,,,30.47,30.7
NTPC,PRICE,321.45,321.8,,,,320.15,322.18,321.69,319.83,316.68,320.25,321.0
NTPC,VWAP,,,,,,,,,,,320.0,320.21
NTPC,CASH VOL,7317350,9458589,2091554,61.09,67.02,,,,,,96554,129772
NTPC,F&O VOL,16893,27790,,,,,,,,,463,892
NTPC,F&O OI,82315,83069,,,,,,,,,82427,82477
NTPC,CALL VOL,5878,11378,,,,,,,,,214,366
NTPC,CALL OI,9347,9270,,,,,,,,,9393,9380
NTPC,PUT VOL,3281,4484,,,,,,,,,118,277
NTPC,PUT OI,4459,4201,,,,,,,,,4493,4537
NTPC,CALL SPRD,,,,,,,,,,,3.33,2.37
NTPC,PUT SPRD,,,,,,,,,,,3.81,3.08
NTPC,CALL OI FIX,9920,,,,,,,,,,9972,9967
NTPC,PUT OI FIX,4555,,,,,,,,,,4589,4633
NTPC,CALL DOI,,,,,,,,,,,5958903,6247448
NTPC,PUT DOI,,,,,,,,,,,-2922998,-2833562
NTPC,CALL GEX,,,,,,,,,,,1333484,1353646
NTPC,PUT GEX,,,,,,,,,,,493868,509555
NTPC,GEX STRIKE,,,,,,,,,,,325.0,325.0
NTPC,EXPIRY,,,,,,,,,,,2026-10-27,2026-10-27
NTPC,ATM IV,,,,,,,,,,,18.38,18.3
NYKAA,PRICE,338.2,339.55,,,,337.0,341.12,339.18,324.79,324.48,339.65,341.3
NYKAA,VWAP,,,,,,,,,,,339.5,340.48
NYKAA,CASH VOL,3554565,19341790,772283,45.2,32.91,,,,,,151993,324845
NYKAA,F&O VOL,9830,45572,,,,,,,,,332,884
NYKAA,F&O OI,18161,17825,,,,,,,,,18222,18278
NYKAA,CALL VOL,4518,23592,,,,,,,,,182,470
NYKAA,CALL OI,2947,2963,,,,,,,,,2979,2948
NYKAA,PUT VOL,2555,11929,,,,,,,,,69,189
NYKAA,PUT OI,2087,1938,,,,,,,,,2086,2124
NYKAA,CALL SPRD,,,,,,,,,,,1.18,1.08
NYKAA,PUT SPRD,,,,,,,,,,,2.37,1.27
NYKAA,CALL OI FIX,2947,,,,,,,,,,2979,2948
NYKAA,PUT OI FIX,2087,,,,,,,,,,2086,2124
NYKAA,CALL DOI,,,,,,,,,,,4240016,4480536
NYKAA,PUT DOI,,,,,,,,,,,-1988288,-1878380
NYKAA,CALL GEX,,,,,,,,,,,529955,503644
NYKAA,PUT GEX,,,,,,,,,,,317247,314860
NYKAA,GEX STRIKE,,,,,,,,,,,340.0,340.0
NYKAA,EXPIRY,,,,,,,,,,,2026-10-27,2026-10-27
NYKAA,ATM IV,,,,,,,,,,,26.7,27.01
OBEROIRLTY,PRICE,1751.8,1751.2,,,,1742.9,1751.58,1751.15,1790.8,1766.67,1743.3,1742.2
OBEROIRLTY,VWAP,,,,,,,,,,,1737.5,1739.08
OBEROIRLTY,CASH VOL,226302,419733,50334,55.47,63.6,,,,,,10011,13948
OBEROIRLTY,F&O VOL,3910,3432,,,,,,,,,216,374
OBEROIRLTY,F&O OI,15266,15304,,,,,,,,,15282,15294
OBEROIRLTY,CALL VOL,741,681,,,,,,,,,19,68
OBEROIRLTY,CALL OI,959,850,,,,,,,,,956,959
OBEROIRLTY,PUT VOL,1318,612,,,,,,,,,68,96
OBEROIRLTY,PUT OI,1346,1320,,,,,,,,,1349,1357
OBEROIRLTY,CALL SPRD,,,,,,,,,,,2.87,1.61
OBEROIRLTY,PUT SPRD,,,,,,,,,,,1.18,1.6
OBEROIRLTY,CALL OI FIX,1160,,,,,,,,,,1157,1160
OBEROIRLTY,PUT OI FIX,1282,,,,,,,,,,1285,1293
OBEROIRLTY,CALL DOI,,,,,,,,,,,135821,135712
OBEROIRLTY,PUT DOI,,,,,,,,,,,-204378,-206272
OBEROIRLTY,CALL GEX,,,,,,,,,,,16299,16208
OBEROIRLTY,PUT GEX,,,,,,,,,,,21032,21590
OBEROIRLTY,GEX STRIKE,,,,,,,,,,,1800.0,1800.0
OBEROIRLTY,EXPIRY,,,,,,,,,,,2026-10-27,2026-10-27
OBEROIRLTY,ATM IV,,,,,,,,,,,33.22,33.39
OFSS,PRICE,10482.0,10470.0,,,,10519.0,10476.67,10466.0,10586.5,10475.5,10463.0,10533.0
OFSS,VWAP,,,,,,,,,,,10475.0,10479.63
OFSS,CASH VOL,165190,158183,49007,49.32,36.24,,,,,,4398,19766
OFSS,F&O VOL,9856,8861,,,,,,,,,145,1230
OFSS,F&O OI,23255,23833,,,,,,,,,23257,23354
OFSS,CALL VOL,2023,2521,,,,,,,,,50,291
OFSS,CALL OI,1940,1705,,,,,,,,,1939,1952
OFSS,PUT VOL,1387,1433,,,,,,,,,48,204
OFSS,PUT OI,2276,2361,,,,,,,,,2278,2292
OFSS,CALL SPRD,,,,,,,,,,,1.49,1.89
OFSS,PUT SPRD,,,,,,,,,,,1.54,1.67
OFSS,CALL OI FIX,1940,,,,,,,,,,1939,1952
OFSS,PUT OI FIX,2276,,,,,,,,,,2278,2292
OFSS,CALL DOI,,,,,,,,,,,93067,99242
OFSS,PUT DOI,,,,,,,,,,,-112838,-107943
OFSS,CALL GEX,,,,,,,,,,,8309,8657
OFSS,PUT GEX,,,,,,,,,,,8370,8152
OFSS,GEX STRIKE,,,,,,,,,,,10500.0,10800.0
OFSS,EXPIRY,,,,,,,,,,,2026-10-27,2026-10-27
OFSS,ATM IV,,,,,,,,,,,42.5,42.86
OIL,PRICE,447.85,446.5,,,,449.45,447.25,446.05,455.55,447.85,447.65,447.3
OIL,VWAP,,,,,,,,,,,447.52,447.8
OIL,CASH VOL,2084230,2225503,475490,72.61,53.62,,,,,,48401,78022
OIL,F&O VOL,2209,3903,,,,,,,,,150,278
OIL,F&O OI,13283,13224,,,,,,,,,13283,13305
OIL,CALL VOL,802,1629,,,,,,,,,88,134
OIL,CALL OI,838,805,,,,,,,,,935,848
OIL,PUT VOL,475,666,,,,,,,,,22,59
OIL,PUT OI,928,895,,,,,,,,,867,931
OIL,CALL SPRD,,,,,,,,,,,2.96,2.32
OIL,PUT SPRD,,,,,,,,,,,3.29,2.65
OIL,CALL OI FIX,940,,,,,,,,,,935,950
OIL,PUT OI FIX,870,,,,,,,,,,867,873
OIL,CALL DOI,,,,,,,,,,,539983,524539
OIL,PUT DOI,,,,,,,,,,,-508846,-511411
OIL,CALL GEX,,,,,,,,,,,81652,73193
OIL,PUT GEX,,,,,,,,,,,61425,67401
OIL,GEX STRIKE,,,,,,,,,,,450.0,450.0
OIL,EXPIRY,,,,,,,,,,,2026-10-27,2026-10-27
OIL,ATM IV,,,,,,,,,,,26.75,25.71
ONGC,PRICE,224.2,224.9,,,,223.91,223.91,223.34,228.22,224.32,222.95,222.84
ONGC,VWAP,,,,,,,,,,,223.33,223.15
ONGC,CASH VOL,19173994,19420879,4900046,66.39,69.58,,,,,,473982,786852
ONGC,F&O VOL,26671,24035,,,,,,,,,1110,2224
ONGC,F&O OI,55372,52273,,,,,,,,,55423,55632
ONGC,CALL VOL,11250,8752,,,,,,,,,674,1234
ONGC,CALL OI,7263,5769,,,,,,,,,7316,7439
ONGC,PUT VOL,6954,6161,,,,,,,,,189,506
ONGC,PUT OI,7070,6509,,,,,,,,,7047,7095
ONGC,CALL SPRD,,,,,,,,,,,1.19,1.19
ONGC,PUT SPRD,,,,,,,,,,,1.26,1.04
ONGC,CALL OI FIX,7980,,,,,,,,,,8030,8158
ONGC,PUT OI FIX,6812,,,,,,,,,,6788,6831
ONGC,CALL DOI,,,,,,,,,,,6035434,6095598
ONGC,PUT DOI,,,,,,,,,,,-7597797,-7634009
ONGC,CALL GEX,,,,,,,,,,,1110040,1124592
ONGC,PUT GEX,,,,,,,,,,,1026657,1029842
ONGC,GEX STRIKE,,,,,,,,,,,230.0,230.0
ONGC,EXPIRY,,,,,,,,,,,2026-10-27,2026-10-27
ONGC,ATM IV,,,,,,,,,,,21.3,21.37
PAGEIND,PRICE,37970.0,37465.0,,,,37970.0,37956.67,37930.0,36867.5,36729.17,37470.0,37445.0
PAGEIND,VWAP,,,,,,,,,,,37653.33,37475.34
PAGEIND,CASH VOL,31600,24628,4979,33.06,43.42,,,,,,588,975
PAGEIND,F&O VOL,14727,8119,,,,,,,,,177,771
PAGEIND,F&O OI,15768,14922,,,,,,,,,15782,15848
PAGEIND,CALL VOL,6401,3443,,,,,,,,,131,369
PAGEIND,CALL OI,1808,1323,,,,,,,,,1818,1894
PAGEIND,PUT VOL,2935,1579,,,,,,,,,36,184
PAGEIND,PUT OI,1179,897,,,,,,,,,1180,1167
PAGEIND,CALL SPRD,,,,,,,,,,,14.03,2.69
PAGEIND,PUT SPRD,,,,,,,,,,,6.44,7.56
PAGEIND,CALL OI FIX,1869,,,,,,,,,,1879,1955
PAGEIND,PUT OI FIX,993,,,,,,,,,,994,985
PAGEIND,CALL DOI,,,,,,,,,,,13523,13524
PAGEIND,PUT DOI,,,,,,,,,,,-8117,-8298
PAGEIND,CALL GEX,,,,,,,,,,,2042,2315
PAGEIND,PUT GEX,,,,,,,,,,,1191,1102
PAGEIND,GEX STRIKE,,,,,,,,,,,38000.0,38000.0
PAGEIND,EXPIRY,,,,,,,,,,,2026-10-27,2026-10-27
PAGEIND,ATM IV,,,,,,,,,,,25.45,26.07
PATANJALI,PRICE,363.0,355.7,,,,362.45,361.17,357.5,375.8,362.03,361.35,361.35
PATANJALI,VWAP,,,,,,,,,,,361.08,361.13
PATANJALI,CASH VOL,6485464,7070094,1319173,30.5,29.56,,,,,,80626,151171
PATANJALI,F&O VOL,34794,25759,,,,,,,,,249,769
PATANJALI,F&O OI,53676,51107,,,,,,,,,53706,53738
PATANJALI,CALL VOL,12180,9097,,,,,,,,,183,407
PATANJALI,CALL OI,4616,3963,,,,,,,,,4640,4628
PATANJALI,PUT VOL,5848,4581,,,,,,,,,25,91
PATANJALI,PUT OI,2608,2429,,,,,,,,,2611,2621
PATANJALI,CALL SPRD,,,,,,,,,,,1.82,1.81
PATANJALI,PUT SPRD,,,,,,,,,,,3.45,2.2
PATANJALI,CALL OI FIX,5393,,,,,,,,,,5417,5407
PATANJALI,PUT OI FIX,2725,,,,,,,,,,2728,2738
PATANJALI,CALL DOI,,,,,,,,,,,2336452,2321001
PATANJALI,PUT DOI,,,,,,,,,,,-1162042,-1167305
PATANJALI,CALL GEX,,,,,,,,,,,214768,216923
PATANJALI,PUT GEX,,,,,,,,,,,110418,111771
PATANJALI,GEX STRIKE,,,,,,,,,,,360.0,360.0
PATANJALI,EXPIRY,,,,,,,,,,,2026-10-27,2026-10-27
PATANJALI,ATM IV,,,,,,,,,,,37.08,37.0
PAYTM,PRICE,1694.0,1684.0,,,,1686.5,1692.27,1688.8,1666.2,1659.4,1729.0,1739.2
PAYTM,VWAP,,,,,,,,,,,1715.63,1726.18
PAYTM,CASH VOL,2061099,2267650,521703,42.82,47.69,,,,,,218771,494230
PAYTM,F&O VOL,20709,25265,,,,,,,,,6426,14860
PAYTM,F&O OI,40732,39496,,,,,,,,,41008,41641
PAYTM,CALL VOL,10502,12025,,,,,,,,,4013,8727
PAYTM,CALL OI,8552,7866,,,,,,,,,8080,8503
PAYTM,PUT VOL,3381,4375,,,,,,,,,1038,2056
PAYTM,PUT OI,3804,3603,,,,,,,,,4681,4271
PAYTM,CALL SPRD,,,,,,,,,,,1.1,0.55
PAYTM,PUT SPRD,,,,,,,,,,,1.74,1.14
PAYTM,CALL OI FIX,8371,,,,,,,,,,8247,8307
PAYTM,PUT OI FIX,5207,,,,,,,,,,5488,5725
PAYTM,CALL DOI,,,,,,,,,,,3140083,3305907
PAYTM,PUT DOI,,,,,,,,,,,-1207509,-1131440
PAYTM,CALL GEX,,,,,,,,,,,240574,257925
PAYTM,PUT GEX,,,,,,,,,,,136332,122634
PAYTM,GEX STRIKE,,,,,,,,,,,1700.0,1700.0
PAYTM,EXPIRY,,,,,,,,,,,2026-10-27,2026-10-27
PAYTM,ATM IV,,,,,,,,,,,37.67,37.78
PERSISTENT,PRICE,5521.0,5530.0,,,,5513.5,5516.83,5508.5,5337.83,5279.5,5490.0,5500.0
PERSISTENT,VWAP,,,,,,,,,,,5497.83,5490.93
PERSISTENT,CASH VOL,266663,768988,47227,43.02,37.03,,,,,,8323,16856
PERSISTENT,F&O VOL,14064,56494,,,,,,,,,396,892
PERSISTENT,F&O OI,36805,36572,,,,,,,,,36842,36890
PERSISTENT,CALL VOL,5689,28787,,,,,,,,,246,426
PERSISTENT,CALL OI,5619,5623,,,,,,,,,5634,5656
PERSISTENT,PUT VOL,3821,14204,,,,,,,,,155,317
PERSISTENT,PUT OI,4054,3984,,,,,,,,,4078,4084
PERSISTENT,CALL SPRD,,,,,,,,,,,1.74,0.9
PERSISTENT,PUT SPRD,,,,,,,,,,,1.39,0.73
PERSISTENT,CALL OI FIX,5619,,,,,,,,,,5634,5656
PERSISTENT,PUT OI FIX,4054,,,,,,,,,,4078,4084
PERSISTENT,CALL DOI,,,,,,,,,,,339278,346170
PERSISTENT,PUT DOI,,,,,,,,,,,-181879,-181268
PERSISTENT,CALL GEX,,,,,,,,,,,29972,31076
PERSISTENT,PUT GEX,,,,,,,,,,,17160,16478
PERSISTENT,GEX STRIKE,,,,,,,,,,,5300.0,5300.0
PERSISTENT,EXPIRY,,,,,,,,,,,2026-10-27,2026-10-27
PERSISTENT,ATM IV,,,,,,,,,,,38.97,39.73
PETRONET,PRICE,297.5,290.0,,,,295.0,296.47,294.43,287.4,286.13,296.25,298.6
PETRONET,VWAP,,,,,,,,,,,295.43,296.82
PETRONET,CASH VOL,5098731,2861154,722909,63.06,48.85,,,,,,85545,198357
PETRONET,F&O VOL,11677,9433,,,,,,,,,310,1037
PETRONET,F&O OI,21217,18981,,,,,,,,,21170,21349
PETRONET,CALL VOL,7035,5756,,,,,,,,,179,743
PETRONET,CALL OI,3220,2142,,,,,,,,,2403,3236
PETRONET,PUT VOL,1426,1193,,,,,,,,,54,173
PETRONET,PUT OI,798,620,,,,,,,,,804,824
PETRONET,CALL SPRD,,,,,,,,,,,2.47,3.33
PETRONET,PUT SPRD,,,,,,,,,,,3.15,35.13
PETRONET,CALL OI FIX,3220,,,,,,,,,,3169,3236
PETRONET,PUT OI FIX,798,,,,,,,,,,795,824
PETRONET,CALL DOI,,,,,,,,,,,2823610,3573564
PETRONET,PUT DOI,,,,,,,,,,,-509024,-465771
PETRONET,CALL GEX,,,,,,,,,,,349722,430614
PETRONET,PUT GEX,,,,,,,,,,,86764,85761
PETRONET,GEX STRIKE,,,,,,,,,,,290.0,290.0
PETRONET,EXPIRY,,,,,,,,,,,2026-10-27,2026-10-27
PETRONET,ATM IV,,,,,,,,,,,22.45,19.85
PFC,PRICE,322.6,322.0,,,,322.9,324.77,323.33,325.95,320.65,324.15,331.6
PFC,VWAP,,,,,,,,,,,323.45,327.58
PFC,CASH VOL,7472995,11353503,1571699,61.85,64.6,,,,,,191270,1066794
PFC,F&O VOL,21117,24263,,,,,,,,,787,8338
PFC,F&O OI,114794,113520,,,,,,,,,114844,114928
PFC,CALL VOL,11110,11206,,,,,,,,,509,5824
PFC,CALL OI,13101,12869,,,,,,,,,12053,13121
PFC,PUT VOL,4581,5694,,,,,,,,,233,1602
PFC,PUT OI,9543,9506,,,,,,,,,10343,9702
PFC,CALL SPRD,,,,,,,,,,,1.26,0.99
PFC,PUT SPRD,,,,,,,,,,,1.88,1.38
PFC,CALL OI FIX,12013,,,,,,,,,,12053,12073
PFC,PUT OI FIX,10322,,,,,,,,,,10343,10495
PFC,CALL DOI,,,,,,,,,,,5557730,7573462
PFC,PUT DOI,,,,,,,,,,,-6592551,-5120751
PFC,CALL GEX,,,,,,,,,,,820354,803026
PFC,PUT GEX,,,,,,,,,,,663257,776245
PFC,GEX STRIKE,,,,,,,,,,,330.0,340.0
PFC,EXPIRY,,,,,,,,,,,2026-10-27,2026-10-27
PFC,ATM IV,,,,,,,,,,,26.31,26.27
PGEL,PRICE,527.65,487.7,,,,523.65,521.02,507.75,498.55,486.92,522.9,524.95
PGEL,VWAP,,,,,,,,,,,523.07,522.92
PGEL,CASH VOL,5927905,1475580,1906099,16.83,41.25,,,,,,106234,167940
PGEL,F&O VOL,41905,10133,,,,,,,,,1097,2126
PGEL,F&O OI,21138,18249,,,,,,,,,21009,20891
PGEL,CALL VOL,23727,5644,,,,,,,,,487,918
PGEL,CALL OI,3315,2834,,,,,,,,,3322,3271
PGEL,PUT VOL,9619,1605,,,,,,,,,531,863
PGEL,PUT OI,3047,1369,,,,,,,,,2897,2809
PGEL,CALL SPRD,,,,,,,,,,,1.94,1.18
PGEL,PUT SPRD,,,,,,,,,,,1.72,1.39
PGEL,CALL OI FIX,3443,,,,,,,,,,3448,3396
PGEL,PUT OI FIX,2788,,,,,,,,,,2640,2554
PGEL,CALL DOI,,,,,,,,,,,1508062,1539794
PGEL,PUT DOI,,,,,,,,,,,-830026,-771973
PGEL,CALL GEX,,,,,,,,,,,133985,142898
PGEL,PUT GEX,,,,,,,,,,,98375,89573
PGEL,GEX STRIKE,,,,,,,,,,,520.0,520.0
PGEL,EXPIRY,,,,,,,,,,,2026-10-27,2026-10-27
PGEL,ATM IV,,,,,,,,,,,35.8,35.16
PHOENIXLTD,PRICE,1883.5,1935.0,,,,1861.0,1902.3,1889.77,1942.45,1934.15,1877.3,1878.0
PHOENIXLTD,VWAP,,,,,,,,,,,1873.23,1876.13
PHOENIXLTD,CASH VOL,617915,430722,182967,45.14,60.14,,,,,,12610,37122
PHOENIXLTD,F&O VOL,9736,1670,,,,,,,,,153,919
PHOENIXLTD,F&O OI,13835,12551,,,,,,,,,13852,13886
PHOENIXLTD,CALL VOL,1799,294,,,,,,,,,19,263
PHOENIXLTD,CALL OI,658,412,,,,,,,,,659,668
PHOENIXLTD,PUT VOL,4289,500,,,,,,,,,90,473
PHOENIXLTD,PUT OI,1249,884,,,,,,,,,1272,1270
PHOENIXLTD,CALL SPRD,,,,,,,,,,,2.5,0.94
PHOENIXLTD,PUT SPRD,,,,,,,,,,,5.76,1.21
PHOENIXLTD,CALL OI FIX,658,,,,,,,,,,659,668
PHOENIXLTD,PUT OI FIX,1249,,,,,,,,,,1272,1270
PHOENIXLTD,CALL DOI,,,,,,,,,,,101424,103098
PHOENIXLTD,PUT DOI,,,,,,,,,,,-195630,-194010
PHOENIXLTD,CALL GEX,,,,,,,,,,,10605,12234
PHOENIXLTD,PUT GEX,,,,,,,,,,,24176,22094
PHOENIXLTD,GEX STRIKE,,,,,,,,,,,1900.0,1900.0
PHOENIXLTD,EXPIRY,,,,,,,,,,,2026-10-27,2026-10-27
PHOENIXLTD,ATM IV,,,,,,,,,,,32.04,31.05
PIDILITIND,PRICE,1520.5,1487.7,,,,1515.0,1513.23,1498.7,1482.4,1470.13,1505.5,1506.7
PIDILITIND,VWAP,,,,,,,,,,,1505.97,1505.2
PIDILITIND,CASH VOL,608466,843401,199824,58.56,75.11,,,,,,15060,22497
PIDILITIND,F&O VOL,6597,3364,,,,,,,,,92,719
PIDILITIND,F&O OI,13081,13268,,,,,,,,,13086,13243
PIDILITIND,CALL VOL,3872,1506,,,,,,,,,51,553
PIDILITIND,CALL OI,1312,1551,,,,,,,,,1325,1476
PIDILITIND,PUT VOL,1279,821,,,,,,,,,31,98
PIDILITIND,PUT OI,1239,1145,,,,,,,,,1235,1236
PIDILITIND,CALL SPRD,,,,,,,,,,,2.53,0.81
PIDILITIND,PUT SPRD,,,,,,,,,,,2.38,1.8
PIDILITIND,CALL OI FIX,1331,,,,,,,,,,1344,1495
PIDILITIND,PUT OI FIX,1110,,,,,,,,,,1106,1107
PIDILITIND,CALL DOI,,,,,,,,,,,279018,326660
PIDILITIND,PUT DOI,,,,,,,,,,,-206127,-208491
PIDILITIND,CALL GEX,,,,,,,,,,,42217,49244
PIDILITIND,PUT GEX,,,,,,,,,,,36360,34715
PIDILITIND,GEX STRIKE,,,,,,,,,,,1500.0,1500.0
PIDILITIND,EXPIRY,,,,,,,,,,,2026-10-27,2026-10-27
PIDILITIND,ATM IV,,,,,,,,,,,22.05,22.91
PIIND,PRICE,2250.0,2220.0,,,,2259.0,2242.03,2226.1,2309.2,2260.4,2214.0,2222.2
PIIND,VWAP,,,,,,,,,,,2230.57,2218.34
PIIND,CASH VOL,617515,210128,265836,64.88,47.7,,,,,,6057,13343
PIIND,F&O VOL,11101,9859,,,,,,,,,393,1038
PIIND,F&O OI,31858,30729,,,,,,,,,31915,31949
PIIND,CALL VOL,3575,2535,,,,,,,,,144,342
PIIND,CALL OI,1419,1332,,,,,,,,,1461,1498
PIIND,PUT VOL,1724,1741,,,,,,,,,80,292
PIIND,PUT OI,2286,1767,,,,,,,,,2275,2245
PIIND,CALL SPRD,,,,,,,,,,,5.23,1.4
PIIND,PUT SPRD,,,,,,,,,,,3.2,1.46
PIIND,CALL OI FIX,1601,,,,,,,,,,1643,1681
PIIND,PUT OI FIX,2132,,,,,,,,,,2121,2091
PIIND,CALL DOI,,,,,,,,,,,105996,114163
PIIND,PUT DOI,,,,,,,,,,,-205814,-191889
PIIND,CALL GEX,,,,,,,,,,,14937,16141
PIIND,PUT GEX,,,,,,,,,,,21308,19467
PIIND,GEX STRIKE,,,,,,,,,,,2300.0,2300.0
PIIND,EXPIRY,,,,,,,,,,,2026-10-27,2026-10-27
PIIND,ATM IV,,,,,,,,,,,29.65,28.95
PNB,PRICE,111.92,112.35,,,,111.6,112.09,111.98,112.96,110.7,110.65,111.07
PNB,VWAP,,,,,,,,,,,111.12,110.98
PNB,CASH VOL,8421589,12282429,2680150,53.97,32.59,,,,,,461300,777005
PNB,F&O VOL,9362,13390,,,,,,,,,500,1391
PNB,F&O OI,43439,42985,,,,,,,,,43491,43578
PNB,CALL VOL,2669,4281,,,,,,,,,224,459
PNB,CALL OI,2438,2243,,,,,,,,,2443,2492
PNB,PUT VOL,2140,3347,,,,,,,,,152,337
PNB,PUT OI,2942,2759,,,,,,,,,2921,2894
PNB,CALL SPRD,,,,,,,,,,,1.56,1.19
PNB,PUT SPRD,,,,,,,,,,,0.96,1.35
PNB,CALL OI FIX,2800,,,,,,,,,,2807,2856
PNB,PUT OI FIX,3047,,,,,,,,,,3026,2999
PNB,CALL DOI,,,,,,,,,,,8108586,8723146
PNB,PUT DOI,,,,,,,,,,,-12215974,-11635276
PNB,CALL GEX,,,,,,,,,,,1069482,1106553
PNB,PUT GEX,,,,,,,,,,,1178674,1135344
PNB,GEX STRIKE,,,,,,,,,,,115.0,115.0
PNB,EXPIRY,,,,,,,,,,,2026-10-27,2026-10-27
PNB,ATM IV,,,,,,,,,,,30.5,30.21
PNBHOUSING,PRICE,1102.1,1105.8,,,,1105.1,1101.4,1100.0,1098.95,1094.32,1121.2,1115.6
PNBHOUSING,VWAP,,,,,,,,,,,1115.7,1118.41
PNBHOUSING,CASH VOL,514325,638892,138429,53.5,55.92,,,,,,20842,45693
PNBHOUSING,F&O VOL,5023,5146,,,,,,,,,237,928
PNBHOUSING,F&O OI,20581,20665,,,,,,,,,20592,20717
PNBHOUSING,CALL VOL,2044,2413,,,,,,,,,118,567
PNBHOUSING,CALL OI,1969,1893,,,,,,,,,1944,2024
PNBHOUSING,PUT VOL,1193,804,,,,,,,,,34,107
PNBHOUSING,PUT OI,896,864,,,,,,,,,905,912
PNBHOUSING,CALL SPRD,,,,,,,,,,,1.43,1.78
PNBHOUSING,PUT SPRD,,,,,,,,,,,11.71,2.66
PNBHOUSING,CALL OI FIX,1943,,,,,,,,,,1918,1996
PNBHOUSING,PUT OI FIX,1115,,,,,,,,,,1124,1134
PNBHOUSING,CALL DOI,,,,,,,,,,,610143,600685
PNBHOUSING,PUT DOI,,,,,,,,,,,-192175,-206453
PNBHOUSING,CALL GEX,,,,,,,,,,,58645,61321
PNBHOUSING,PUT GEX,,,,,,,,,,,23978,23934
PNBHOUSING,GEX STRIKE,,,,,,,,,,,1120.0,1120.0
PNBHOUSING,EXPIRY,,,,,,,,,,,2026-10-27,2026-10-27
PNBHOUSING,ATM IV,,,,,,,,,,,34.11,34.81
POLICYBZR,PRICE,1034.9,976.2,,,,1034.5,1025.63,1007.1,1088.7,1016.23,1014.7,1015.9
POLICYBZR,VWAP,,,,,,,,,,,1019.93,1018.97
POLICYBZR,CASH VOL,8051949,13249741,1248670,26.01,30.65,,,,,,289729,485704
POLICYBZR,F&O VOL,209682,236261,,,,,,,,,7438,16474
POLICYBZR,F&O OI,171177,172922,,,,,,,,,171874,172640
POLICYBZR,CALL VOL,88028,98311,,,,,,,,,2563,5651
POLICYBZR,CALL OI,21424,22125,,,,,,,,,21569,22053
POLICYBZR,PUT VOL,41817,49016,,,,,,,,,2456,5794
POLICYBZR,PUT OI,16178,15534,,,,,,,,,16395,16399
POLICYBZR,CALL SPRD,,,,,,,,,,,0.64,0.61
POLICYBZR,PUT SPRD,,,,,,,,,,,0.73,0.44
POLICYBZR,CALL OI FIX,22906,,,,,,,,,,23073,23621
POLICYBZR,PUT OI FIX,15255,,,,,,,,,,15447,15452
POLICYBZR,CALL DOI,,,,,,,,,,,3016708,3255447
POLICYBZR,PUT DOI,,,,,,,,,,,-2551243,-2555466
POLICYBZR,CALL GEX,,,,,,,,,,,263067,228886
POLICYBZR,PUT GEX,,,,,,,,,,,148551,170206
POLICYBZR,GEX STRIKE,,,,,,,,,,,1100.0,1100.0
POLICYBZR,EXPIRY,,,,,,,,,,,2026-10-27,2026-10-27
POLICYBZR,ATM IV,,,,,,,,,,,49.18,49.97
POLYCAB,PRICE,8147.0,8080.0,,,,8130.5,8137.25,8117.75,8141.5,8040.5,8056.5,8073.5
POLYCAB,VWAP,,,,,,,,,,,8074.83,8067.21
POLYCAB,CASH VOL,301660,424158,103510,67.92,65.11,,,,,,18830,38623
POLYCAB,F&O VOL,13017,17476,,,,,,,,,432,1577
POLYCAB,F&O OI,31993,31033,,,,,,,,,32108,32289
POLYCAB,CALL VOL,5392,7074,,,,,,,,,207,638
POLYCAB,CALL OI,4803,4528,,,,,,,,,4837,4904
POLYCAB,PUT VOL,3426,4203,,,,,,,,,157,410
POLYCAB,PUT OI,6362,6034,,,,,,,,,6398,6442
POLYCAB,CALL SPRD,,,,,,,,,,,1.51,0.77
POLYCAB,PUT SPRD,,,,,,,,,,,0.56,1.2
POLYCAB,CALL OI FIX,4803,,,,,,,,,,4837,4904
POLYCAB,PUT OI FIX,6362,,,,,,,,,,6398,6442
POLYCAB,CALL DOI,,,,,,,,,,,232067,241760
POLYCAB,PUT DOI,,,,,,,,,,,-361263,-355782
POLYCAB,CALL GEX,,,,,,,,,,,31393,32458
POLYCAB,PUT GEX,,,,,,,,,,,40605,39546
POLYCAB,GEX STRIKE,,,,,,,,,,,8200.0,8200.0
POLYCAB,EXPIRY,,,,,,,,,,,2026-10-27,2026-10-27
POLYCAB,ATM IV,,,,,,,,,,,29.98,30.38
POWERGRID,PRICE,257.2,257.0,,,,256.6,257.2,257.2,261.12,256.74,255.6,256.2
POWERGRID,VWAP,,,,,,,,,,,255.57,255.65
POWERGRID,CASH VOL,4808578,7327971,1167295,62.57,65.2,,,,,,156898,234286
POWERGRID,F&O VOL,13323,17349,,,,,,,,,598,1333
POWERGRID,F&O OI,54962,53388,,,,,,,,,55050,55204
POWERGRID,CALL VOL,5097,6040,,,,,,,,,294,620
POWERGRID,CALL OI,5110,4523,,,,,,,,,5229,5289
POWERGRID,PUT VOL,2669,3544,,,,,,,,,170,303
POWERGRID,PUT OI,3859,3623,,,,,,,,,3811,3801
POWERGRID,CALL SPRD,,,,,,,,,,,0.89,1.64
POWERGRID,PUT SPRD,,,,,,,,,,,2.35,1.31
POWERGRID,CALL OI FIX,6944,,,,,,,,,,7067,7120
POWERGRID,PUT OI FIX,4631,,,,,,,,,,4583,4573
POWERGRID,CALL DOI,,,,,,,,,,,3891295,4247798
POWERGRID,PUT DOI,,,,,,,,,,,-3636549,-3523778
POWERGRID,CALL GEX,,,,,,,,,,,877637,778201
POWERGRID,PUT GEX,,,,,,,,,,,452943,505644
POWERGRID,GEX STRIKE,,,,,,,,,,,260.0,260.0
POWERGRID,EXPIRY,,,,,,,,,,,2026-10-27,2026-10-27
POWERGRID,ATM IV,,,,,,,,,,,20.24,20.55
POWERINDIA,PRICE,31640.0,31500.0,,,,31470.0,31710.0,31663.33,31106.67,30740.0,31460.0,31440.0
POWERINDIA,VWAP,,,,,,,,,,,31486.67,31438.94
POWERINDIA,CASH VOL,73665,72077,39211,54.24,44.7,,,,,,4324,6528
POWERINDIA,F&O VOL,13179,17505,,,,,,,,,727,1749
POWERINDIA,F&O OI,31410,31190,,,,,,,,,31531,31574
POWERINDIA,CALL VOL,5821,7076,,,,,,,,,217,493
POWERINDIA,CALL OI,4988,5282,,,,,,,,,5027,5074
POWERINDIA,PUT VOL,3948,6050,,,,,,,,,537,912
POWERINDIA,PUT OI,6038,5739,,,,,,,,,6068,5985
POWERINDIA,CALL SPRD,,,,,,,,,,,3.49,1.93
POWERINDIA,PUT SPRD,,,,,,,,,,,2.53,1.48
POWERINDIA,CALL OI FIX,4988,,,,,,,,,,5027,5074
POWERINDIA,PUT OI FIX,6038,,,,,,,,,,6068,5985
POWERINDIA,CALL DOI,,,,,,,,,,,59773,59553
POWERINDIA,PUT DOI,,,,,,,,,,,-55398,-55175
POWERINDIA,CALL GEX,,,,,,,,,,,5723,6152
POWERINDIA,PUT GEX,,,,,,,,,,,6298,5829
POWERINDIA,GEX STRIKE,,,,,,,,,,,31000.0,31000.0
POWERINDIA,EXPIRY,,,,,,,,,,,2026-10-27,2026-10-27
POWERINDIA,ATM IV,,,,,,,,,,,34.24,33.58
PREMIERENE,PRICE,907.0,891.95,,,,900.15,904.14,898.42,885.6,880.57,902.6,906.9
PREMIERENE,VWAP,,,,,,,,,,,898.15,901.26
PREMIERENE,CASH VOL,867775,985692,244843,39.96,41.02,,,,,,27175,55495
PREMIERENE,F&O VOL,13474,9858,,,,,,,,,189,537
PREMIERENE,F&O OI,33432,32269,,,,,,,,,33509,33503
PREMIERENE,CALL VOL,6924,5881,,,,,,,,,151,266
PREMIERENE,CALL OI,7799,7820,,,,,,,,,7818,7843
PREMIERENE,PUT VOL,2976,1499,,,,,,,,,75,129
PREMIERENE,PUT OI,4693,4232,,,,,,,,,4694,4673
PREMIERENE,CALL SPRD,,,,,,,,,,,2.08,1.74
PREMIERENE,PUT SPRD,,,,,,,,,,,2.55,1.68
PREMIERENE,CALL OI FIX,7799,,,,,,,,,,7818,7843
PREMIERENE,PUT OI FIX,4693,,,,,,,,,,4694,4673
PREMIERENE,CALL DOI,,,,,,,,,,,2189412,2302532
PREMIERENE,PUT DOI,,,,,,,,,,,-1009000,-942107
PREMIERENE,CALL GEX,,,,,,,,,,,208752,196288
PREMIERENE,PUT GEX,,,,,,,,,,,115058,114836
PREMIERENE,GEX STRIKE,,,,,,,,,,,900.0,900.0
PREMIERENE,EXPIRY,,,,,,,,,,,2026-10-27,2026-10-27
PREMIERENE,ATM IV,,,,,,,,,,,35.57,36.95
PRESTIGE,PRICE,1467.7,1445.0,,,,1467.5,1462.75,1452.85,1477.13,1459.2,1455.9,1452.2
PRESTIGE,VWAP,,,,,,,,,,,1449.63,1451.05
PRESTIGE,CASH VOL,610916,745266,85719,70.18,67.28,,,,,,30415,49628
PRESTIGE,F&O VOL,5141,9007,,,,,,,,,439,686
PRESTIGE,F&O OI,18855,18715,,,,,,,,,18749,18726
PRESTIGE,CALL VOL,1421,3662,,,,,,,,,294,379
PRESTIGE,CALL OI,2103,1941,,,,,,,,,2000,1992
PRESTIGE,PUT VOL,1013,1779,,,,,,,,,56,92
PRESTIGE,PUT OI,2309,2241,,,,,,,,,2299,2297
PRESTIGE,CALL SPRD,,,,,,,,,,,3.12,1.53
PRESTIGE,PUT SPRD,,,,,,,,,,,2.69,1.86
PRESTIGE,CALL OI FIX,2103,,,,,,,,,,2000,1992
PRESTIGE,PUT OI FIX,2309,,,,,,,,,,2299,2297
PRESTIGE,CALL DOI,,,,,,,,,,,367464,359159
PRESTIGE,PUT DOI,,,,,,,,,,,-443119,-453326
PRESTIGE,CALL GEX,,,,,,,,,,,40494,39804
PRESTIGE,PUT GEX,,,,,,,,,,,43428,44202
PRESTIGE,GEX STRIKE,,,,,,,,,,,1500.0,1500.0
PRESTIGE,EXPIRY,,,,,,,,,,,2026-10-27,2026-10-27
PRESTIGE,ATM IV,,,,,,,,,,,37.11,36.02
RADICO,PRICE,4460.1,4289.1,,,,4451.0,4440.57,4401.5,4392.75,4288.92,4460.1,4458.5
RADICO,VWAP,,,,,,,,,,,4466.37,4456.48
RADICO,CASH VOL,632144,395032,135597,55.66,66.47,,,,,,7478,12928
RADICO,F&O VOL,14779,5543,,,,,,,,,139,504
RADICO,F&O OI,13884,13923,,,,,,,,,13910,13950
RADICO,CALL VOL,7186,1693,,,,,,,,,54,179
RADICO,CALL OI,2226,1993,,,,,,,,,2235,2221
RADICO,PUT VOL,1502,396,,,,,,,,,20,60
RADICO,PUT OI,1002,955,,,,,,,,,1006,996
RADICO,CALL SPRD,,,,,,,,,,,5.54,2.89
RADICO,PUT SPRD,,,,,,,,,,,23.57,6.42
RADICO,CALL OI FIX,2226,,,,,,,,,,2235,2221
RADICO,PUT OI FIX,1002,,,,,,,,,,1006,996
RADICO,CALL DOI,,,,,,,,,,,170855,167799
RADICO,PUT DOI,,,,,,,,,,,-58624,-58727
RADICO,CALL GEX,,,,,,,,,,,17581,18620
RADICO,PUT GEX,,,,,,,,,,,6977,6694
RADICO,GEX STRIKE,,,,,,,,,,,4400.0,4400.0
RADICO,EXPIRY,,,,,,,,,,,2026-10-27,2026-10-27
RADICO,ATM IV,,,,,,,,,,,30.25,28.68
RBLBANK,PRICE,414.5,416.55,,,,412.5,415.15,414.72,410.81,409.62,412.5,411.8
RBLBANK,VWAP,,,,,,,,,,,412.52,412.47
RBLBANK,CASH VOL,2559971,4238401,806795,50.89,29.0,,,,,,56433,107908
RBLBANK,F&O VOL,9138,17021,,,,,,,,,190,454
RBLBANK,F&O OI,24636,24130,,,,,,,,,24657,24701
RBLBANK,CALL VOL,3712,7596,,,,,,,,,95,205
RBLBANK,CALL OI,4491,3994,,,,,,,,,4513,4514
RBLBANK,PUT VOL,2069,3390,,,,,,,,,28,77
RBLBANK,PUT OI,3521,3125,,,,,,,,,3519,3548
RBLBANK,CALL SPRD,,,,,,,,,,,1.69,0.7
RBLBANK,PUT SPRD,,,,,,,,,,,1.88,0.89
RBLBANK,CALL OI FIX,5038,,,,,,,,,,5060,5062
RBLBANK,PUT OI FIX,3600,,,,,,,,,,3598,3627
RBLBANK,CALL DOI,,,,,,,,,,,7068645,6931663
RBLBANK,PUT DOI,,,,,,,,,,,-4247058,-4384402
RBLBANK,CALL GEX,,,,,,,,,,,718599,718493
RBLBANK,PUT GEX,,,,,,,,,,,499116,502187
RBLBANK,GEX STRIKE,,,,,,,,,,,400.0,400.0
RBLBANK,EXPIRY,,,,,,,,,,,2026-10-27,2026-10-27
RBLBANK,ATM IV,,,,,,,,,,,33.03,33.03
RECLTD,PRICE,300.0,295.65,,,,300.0,299.3,297.9,298.9,291.47,299.55,306.2
RECLTD,VWAP,,,,,,,,,,,299.45,303.06
RECLTD,CASH VOL,5488691,8639552,1306031,58.11,68.19,,,,,,195416,801177
RECLTD,F&O VOL,14909,18562,,,,,,,,,943,5894
RECLTD,F&O OI,52825,53515,,,,,,,,,53016,52670
RECLTD,CALL VOL,6807,7312,,,,,,,,,328,3303
RECLTD,CALL OI,7780,7709,,,,,,,,,7336,7497
RECLTD,PUT VOL,3196,4179,,,,,,,,,289,1451
RECLTD,PUT OI,6678,6886,,,,,,,,,6626,6790
RECLTD,CALL SPRD,,,,,,,,,,,1.9,1.6
RECLTD,PUT SPRD,,,,,,,,,,,2.01,1.47
RECLTD,CALL OI FIX,7323,,,,,,,,,,7336,7058
RECLTD,PUT OI FIX,6614,,,,,,,,,,6626,6720
RECLTD,CALL DOI,,,,,,,,,,,4787357,6040760
RECLTD,PUT DOI,,,,,,,,,,,-4822927,-3822033
RECLTD,CALL GEX,,,,,,,,,,,630555,529995
RECLTD,PUT GEX,,,,,,,,,,,515370,640163
RECLTD,GEX STRIKE,,,,,,,,,,,300.0,310.0
RECLTD,EXPIRY,,,,,,,,,,,2026-10-27,2026-10-27
RECLTD,ATM IV,,,,,,,,,,,27.48,26.79
RELIANCE,PRICE,1218.0,1186.4,,,,1212.0,1213.2,1203.6,1190.25,1175.22,1207.5,1210.1
RELIANCE,VWAP,,,,,,,,,,,1208.53,1208.77
RELIANCE,CASH VOL,18003127,14254907,4181460,54.72,62.29,,,,,,660102,910700
RELIANCE,F&O VOL,323807,253588,,,,,,,,,8993,16885
RELIANCE,F&O OI,564060,574596,,,,,,,,,563896,564833
RELIANCE,CALL VOL,119031,116259,,,,,,,,,3284,5750
RELIANCE,CALL OI,60512,66502,,,,,,,,,60738,61044
RELIANCE,PUT VOL,60851,35848,,,,,,,,,2685,4418
RELIANCE,PUT OI,50815,50145,,,,,,,,,50514,50796
RELIANCE,CALL SPRD,,,,,,,,,,,0.19,0.72
RELIANCE,PUT SPRD,,,,,,,,,,,0.79,0.6
RELIANCE,CALL OI FIX,65346,,,,,,,,,,65494,65808
RELIANCE,PUT OI FIX,48789,,,,,,,,,,48478,48648
RELIANCE,CALL DOI,,,,,,,,,,,14141653,14636418
RELIANCE,PUT DOI,,,,,,,,,,,-11830104,-11574937
RELIANCE,CALL GEX,,,,,,,,,,,2172608,2101231
RELIANCE,PUT GEX,,,,,,,,,,,1571343,1625139
RELIANCE,GEX STRIKE,,,,,,,,,,,1200.0,1200.0
RELIANCE,EXPIRY,,,,,,,,,,,2026-10-27,2026-10-27
RELIANCE,ATM IV,,,,,,,,,,,22.98,23.15
RVNL,PRICE,198.78,196.95,,,,198.0,198.92,198.83,201.85,198.62,196.66,197.49
RVNL,VWAP,,,,,,,,,,,196.83,196.87
RVNL,CASH VOL,3145856,2937181,582605,29.08,26.48,,,,,,227450,396504
RVNL,F&O VOL,8261,7573,,,,,,,,,379,622
RVNL,F&O OI,34757,35318,,,,,,,,,34816,34877
RVNL,CALL VOL,3300,3694,,,,,,,,,220,327
RVNL,CALL OI,3945,4438,,,,,,,,,3995,4022
RVNL,PUT VOL,1653,994,,,,,,,,,56,76
RVNL,PUT OI,4084,3969,,,,,,,,,4073,4076
RVNL,CALL SPRD,,,,,,,,,,,2.2,1.7
RVNL,PUT SPRD,,,,,,,,,,,2.81,2.13
RVNL,CALL OI FIX,4039,,,,,,,,,,4089,4116
RVNL,PUT OI FIX,3877,,,,,,,,,,3866,3868
RVNL,CALL DOI,,,,,,,,,,,2672773,2846162
RVNL,PUT DOI,,,,,,,,,,,-4167382,-4028283
RVNL,CALL GEX,,,,,,,,,,,316853,322778
RVNL,PUT GEX,,,,,,,,,,,322820,324058
RVNL,GEX STRIKE,,,,,,,,,,,210.0,210.0
RVNL,EXPIRY,,,,,,,,,,,2026-10-27,2026-10-27
RVNL,ATM IV,,,,,,,,,,,36.84,36.9
SAIL,PRICE,178.1,176.95,,,,176.72,177.94,177.62,179.44,176.15,175.84,175.9
SAIL,VWAP,,,,,,,,,,,176.18,176.02
SAIL,CASH VOL,19432905,11407529,5297803,37.85,41.8,,,,,,171475,332072
SAIL,F&O VOL,119,48,,,,,,,,,,
SAIL,F&O OI,37502,37592,,,,,,,,,37502,37502
SAIL,CALL VOL,,,,,,,,,,,0,0
SAIL,CALL OI,17,17,,,,,,,,,17,17
SAIL,PUT VOL,,,,,,,,,,,0,0
SAIL,PUT OI,12,12,,,,,,,,,12,12
SAIL,CALL SPRD,,,,,,,,,,,185.96,182.19
SAIL,PUT SPRD,,,,,,,,,,,182.98,176.13
SAIL,CALL OI FIX,27,,,,,,,,,,27,27
SAIL,PUT OI FIX,13,,,,,,,,,,13,13
SAIL,CALL DOI,,,,,,,,,,,33827,33963
SAIL,PUT DOI,,,,,,,,,,,-29138,-29060
SAIL,CALL GEX,,,,,,,,,,,4066,4070
SAIL,PUT GEX,,,,,,,,,,,2311,2312
SAIL,GEX STRIKE,,,,,,,,,,,180.0,180.0
SAIL,EXPIRY,,,,,,,,,,,2026-10-27,2026-10-27
SAIL,ATM IV,,,,,,,,,,,,
SBICARD,PRICE,569.4,566.0,,,,569.4,568.55,566.85,585.08,570.49,566.9,568.2
SBICARD,VWAP,,,,,,,,,,,565.87,566.5
SBICARD,CASH VOL,622300,778398,229303,50.63,44.83,,,,,,41809,74546
SBICARD,F&O VOL,5601,9620,,,,,,,,,284,773
SBICARD,F&O OI,37820,36721,,,,,,,,,37914,37865
SBICARD,CALL VOL,2460,3619,,,,,,,,,257,513
SBICARD,CALL OI,4397,4138,,,,,,,,,4485,4431
SBICARD,PUT VOL,874,2093,,,,,,,,,31,83
SBICARD,PUT OI,4835,4587,,,,,,,,,4832,4846
SBICARD,CALL SPRD,,,,,,,,,,,1.99,1.39
SBICARD,PUT SPRD,,,,,,,,,,,2.75,1.71
SBICARD,CALL OI FIX,4397,,,,,,,,,,4485,4431
SBICARD,PUT OI FIX,4835,,,,,,,,,,4832,4846
SBICARD,CALL DOI,,,,,,,,,,,1147454,1184612
SBICARD,PUT DOI,,,,,,,,,,,-1969897,-1943604
SBICARD,CALL GEX,,,,,,,,,,,154146,150150
SBICARD,PUT GEX,,,,,,,,,,,155366,163940
SBICARD,GEX STRIKE,,,,,,,,,,,600.0,600.0
SBICARD,EXPIRY,,,,,,,,,,,2026-10-27,2026-10-27
SBICARD,ATM IV,,,,,,,,,,,33.94,33.52
SBILIFE,PRICE,1750.0,1709.5,,,,1735.0,1743.87,1731.6,1719.0,1713.8,1717.2,1718.9
SBILIFE,VWAP,,,,,,,,,,,1714.43,1715.68
SBILIFE,CASH VOL,941906,1322426,532790,65.93,63.43,,,,,,47471,55943
SBILIFE,F&O VOL,14119,10796,,,,,,,,,1463,2269
SBILIFE,F&O OI,24460,24434,,,,,,,,,24689,24642
SBILIFE,CALL VOL,6414,4672,,,,,,,,,686,1017
SBILIFE,CALL OI,2384,2339,,,,,,,,,2490,2513
SBILIFE,PUT VOL,3355,3048,,,,,,,,,513,791
SBILIFE,PUT OI,1873,1682,,,,,,,,,1920,1917
SBILIFE,CALL SPRD,,,,,,,,,,,0.8,1.13
SBILIFE,PUT SPRD,,,,,,,,,,,0.91,0.97
SBILIFE,CALL OI FIX,2473,,,,,,,,,,2579,2596
SBILIFE,PUT OI FIX,1811,,,,,,,,,,1858,1855
SBILIFE,CALL DOI,,,,,,,,,,,345837,357542
SBILIFE,PUT DOI,,,,,,,,,,,-345970,-341593
SBILIFE,CALL GEX,,,,,,,,,,,55659,55732
SBILIFE,PUT GEX,,,,,,,,,,,38962,40263
SBILIFE,GEX STRIKE,,,,,,,,,,,1760.0,1760.0
SBILIFE,EXPIRY,,,,,,,,,,,2026-10-27,2026-10-27
SBILIFE,ATM IV,,,,,,,,,,,27.33,26.97
SBIN,PRICE,958.75,958.0,,,,955.0,958.08,956.75,964.15,957.45,950.7,953.0
SBIN,VWAP,,,,,,,,,,,952.65,952.47
SBIN,CASH VOL,8204620,8165087,2211135,49.61,61.1,,,,,,337630,516913
SBIN,F&O VOL,84121,94946,,,,,,,,,4996,10331
SBIN,F&O OI,248118,240813,,,,,,,,,248742,249336
SBIN,CALL VOL,38080,33129,,,,,,,,,2372,4726
SBIN,CALL OI,30103,25246,,,,,,,,,30470,30814
SBIN,PUT VOL,24442,31986,,,,,,,,,1616,3848
SBIN,PUT OI,28349,27807,,,,,,,,,28508,28769
SBIN,CALL SPRD,,,,,,,,,,,0.45,0.91
SBIN,PUT SPRD,,,,,,,,,,,0.62,0.62
SBIN,CALL OI FIX,32006,,,,,,,,,,32332,32704
SBIN,PUT OI FIX,26811,,,,,,,,,,26858,27112
SBIN,CALL DOI,,,,,,,,,,,7890046,8383676
SBIN,PUT DOI,,,,,,,,,,,-11055989,-10838604
SBIN,CALL GEX,,,,,,,,,,,1570691,1617805
SBIN,PUT GEX,,,,,,,,,,,1375880,1386111
SBIN,GEX STRIKE,,,,,,,,,,,1000.0,1000.0
SBIN,EXPIRY,,,,,,,,,,,2026-10-27,2026-10-27
SBIN,ATM IV,,,,,,,,,,,21.43,21.6
SHREECEM,PRICE,22210.0,21990.0,,,,21905.0,22141.67,22005.0,21892.5,21877.5,21980.0,22000.0
SHREECEM,VWAP,,,,,,,,,,,22016.67,21965.49
SHREECEM,CASH VOL,22436,39075,6562,61.47,62.52,,,,,,552,5745
SHREECEM,F&O VOL,3842,4984,,,,,,,,,80,299
SHREECEM,F&O OI,19761,19636,,,,,,,,,19786,19795
SHREECEM,CALL VOL,922,1284,,,,,,,,,18,72
SHREECEM,CALL OI,1891,1873,,,,,,,,,1899,1901
SHREECEM,PUT VOL,686,423,,,,,,,,,28,55
SHREECEM,PUT OI,1142,1026,,,,,,,,,1144,1146
SHREECEM,CALL SPRD,,,,,,,,,,,5.12,3.33
SHREECEM,PUT SPRD,,,,,,,,,,,2.99,4.44
SHREECEM,CALL OI FIX,1994,,,,,,,,,,2002,2004
SHREECEM,PUT OI FIX,1160,,,,,,,,,,1162,1164
SHREECEM,CALL DOI,,,,,,,,,,,19732,19965
SHREECEM,PUT DOI,,,,,,,,,,,-12986,-12854
SHREECEM,CALL GEX,,,,,,,,,,,2504,2726
SHREECEM,PUT GEX,,,,,,,,,,,1660,1676
SHREECEM,GEX STRIKE,,,,,,,,,,,22000.0,22000.0
SHREECEM,EXPIRY,,,,,,,,,,,2026-10-27,2026-10-27
SHREECEM,ATM IV,,,,,,,,,,,30.87,28.05
SHRIRAMFIN,PRICE,965.05,971.4,,,,959.0,967.05,965.72,963.65,951.22,956.15,958.05
SHRIRAMFIN,VWAP,,,,,,,,,,,953.23,955.09
SHRIRAMFIN,CASH VOL,4433773,5092892,807319,72.73,59.46,,,,,,139402,244429
SHRIRAMFIN,F&O VOL,11222,20691,,,,,,,,,924,1622
SHRIRAMFIN,F&O OI,47480,47155,,,,,,,,,47610,47666
SHRIRAMFIN,CALL VOL,4821,10676,,,,,,,,,300,636
SHRIRAMFIN,CALL OI,8249,7787,,,,,,,,,8249,8267
SHRIRAMFIN,PUT VOL,2874,5911,,,,,,,,,395,662
SHRIRAMFIN,PUT OI,6429,6282,,,,,,,,,6446,6489
SHRIRAMFIN,CALL SPRD,,,,,,,,,,,1.06,0.5
SHRIRAMFIN,PUT SPRD,,,,,,,,,,,1.31,0.88
SHRIRAMFIN,CALL OI FIX,8249,,,,,,,,,,8249,8267
SHRIRAMFIN,PUT OI FIX,6429,,,,,,,,,,6446,6489
SHRIRAMFIN,CALL DOI,,,,,,,,,,,2160913,2373077
SHRIRAMFIN,PUT DOI,,,,,,,,,,,-2602809,-2560423
SHRIRAMFIN,CALL GEX,,,,,,,,,,,333150,297357
SHRIRAMFIN,PUT GEX,,,,,,,,,,,214525,247020
SHRIRAMFIN,GEX STRIKE,,,,,,,,,,,980.0,980.0
SHRIRAMFIN,EXPIRY,,,,,,,,,,,2026-10-27,2026-10-27
SHRIRAMFIN,ATM IV,,,,,,,,,,,32.94,33.0
SIEMENS,PRICE,3854.0,3701.1,,,,3848.0,3828.33,3777.0,3798.03,3786.1,3816.8,3825.8
SIEMENS,VWAP,,,,,,,,,,,3814.53,3815.43
SIEMENS,CASH VOL,219732,184140,45387,35.71,44.22,,,,,,11295,17394
SIEMENS,F&O VOL,12162,11141,,,,,,,,,1181,2161
SIEMENS,F&O OI,26130,26159,,,,,,,,,26254,26348
SIEMENS,CALL VOL,6451,6428,,,,,,,,,517,1037
SIEMENS,CALL OI,2444,2697,,,,,,,,,2372,2568
SIEMENS,PUT VOL,2601,1720,,,,,,,,,530,787
SIEMENS,PUT OI,3490,3091,,,,,,,,,3451,3517
SIEMENS,CALL SPRD,,,,,,,,,,,1.52,0.95
SIEMENS,PUT SPRD,,,,,,,,,,,1.31,2.04
SIEMENS,CALL OI FIX,2444,,,,,,,,,,2554,2568
SIEMENS,PUT OI FIX,3490,,,,,,,,,,3493,3517
SIEMENS,CALL DOI,,,,,,,,,,,189875,200850
SIEMENS,PUT DOI,,,,,,,,,,,-212287,-214921
SIEMENS,CALL GEX,,,,,,,,,,,23203,25627
SIEMENS,PUT GEX,,,,,,,,,,,29635,28980
SIEMENS,GEX STRIKE,,,,,,,,,,,3800.0,3800.0
SIEMENS,EXPIRY,,,,,,,,,,,2026-10-27,2026-10-27
SIEMENS,ATM IV,,,,,,,,,,,29.0,28.45
SOLARINDS,PRICE,20071.0,19540.0,,,,20100.0,19995.67,19845.0,19345.0,19235.0,19990.0,19972.0
SOLARINDS,VWAP,,,,,,,,,,,20004.0,19977.47
SOLARINDS,CASH VOL,177180,114870,65311,36.25,39.72,,,,,,5988,10325
SOLARINDS,F&O VOL,32816,16405,,,,,,,,,998,2109
SOLARINDS,F&O OI,35516,38204,,,,,,,,,35570,35645
SOLARINDS,CALL VOL,14143,6168,,,,,,,,,410,671
SOLARINDS,CALL OI,5062,6797,,,,,,,,,5111,5123
SOLARINDS,PUT VOL,3917,1959,,,,,,,,,374,621
SOLARINDS,PUT OI,3950,3694,,,,,,,,,3927,3910
SOLARINDS,CALL SPRD,,,,,,,,,,,2.13,1.43
SOLARINDS,PUT SPRD,,,,,,,,,,,1.82,1.28
SOLARINDS,CALL OI FIX,5062,,,,,,,,,,5111,5123
SOLARINDS,PUT OI FIX,3950,,,,,,,,,,3927,3910
SOLARINDS,CALL DOI,,,,,,,,,,,137892,137004
SOLARINDS,PUT DOI,,,,,,,,,,,-73180,-73604
SOLARINDS,CALL GEX,,,,,,,,,,,11478,11682
SOLARINDS,PUT GEX,,,,,,,,,,,8485,8418
SOLARINDS,GEX STRIKE,,,,,,,,,,,20000.0,20000.0
SOLARINDS,EXPIRY,,,,,,,,,,,2026-10-27,2026-10-27
SOLARINDS,ATM IV,,,,,,,,,,,34.77,34.77
SONACOMS,PRICE,820.0,797.0,,,,819.45,815.82,807.45,810.33,806.78,820.0,825.2
SONACOMS,VWAP,,,,,,,,,,,815.93,821.5
SONACOMS,CASH VOL,1679743,2049996,577490,45.25,44.39,,,,,,59492,208888
SONACOMS,F&O VOL,9627,7858,,,,,,,,,274,1472
SONACOMS,F&O OI,20032,19874,,,,,,,,,20062,20145
SONACOMS,CALL VOL,4861,3470,,,,,,,,,173,895
SONACOMS,CALL OI,3386,3635,,,,,,,,,3232,3418
SONACOMS,PUT VOL,1161,1065,,,,,,,,,16,174
SONACOMS,PUT OI,1969,1939,,,,,,,,,2181,1982
SONACOMS,CALL SPRD,,,,,,,,,,,1.82,1.06
SONACOMS,PUT SPRD,,,,,,,,,,,3.55,8.4
SONACOMS,CALL OI FIX,3214,,,,,,,,,,3232,3245
SONACOMS,PUT OI FIX,2179,,,,,,,,,,2181,2191
SONACOMS,CALL DOI,,,,,,,,,,,1929261,2097522
SONACOMS,PUT DOI,,,,,,,,,,,-1085637,-962663
SONACOMS,CALL GEX,,,,,,,,,,,200425,188579
SONACOMS,PUT GEX,,,,,,,,,,,107443,104181
SONACOMS,GEX STRIKE,,,,,,,,,,,840.0,840.0
SONACOMS,EXPIRY,,,,,,,,,,,2026-10-27,2026-10-27
SONACOMS,ATM IV,,,,,,,,,,,35.55,37.05
SRF,PRICE,2470.0,2460.0,,,,2475.0,2469.53,2468.6,2481.67,2472.6,2453.3,2455.9
SRF,VWAP,,,,,,,,,,,2457.77,2452.96
SRF,CASH VOL,150635,204482,56141,35.34,59.29,,,,,,2920,6274
SRF,F&O VOL,3490,4371,,,,,,,,,102,282
SRF,F&O OI,26940,26863,,,,,,,,,26938,26976
SRF,CALL VOL,1179,1650,,,,,,,,,62,128
SRF,CALL OI,1748,1704,,,,,,,,,1435,1775
SRF,PUT VOL,326,676,,,,,,,,,6,13
SRF,PUT OI,1787,1793,,,,,,,,,1588,1792
SRF,CALL SPRD,,,,,,,,,,,4.79,16.4
SRF,PUT SPRD,,,,,,,,,,,83.15,60.21
SRF,CALL OI FIX,1748,,,,,,,,,,1751,1775
SRF,PUT OI FIX,1787,,,,,,,,,,1787,1792
SRF,CALL DOI,,,,,,,,,,,132872,155791
SRF,PUT DOI,,,,,,,,,,,-155199,-178124
SRF,CALL GEX,,,,,,,,,,,18747,23361
SRF,PUT GEX,,,,,,,,,,,18040,20883
SRF,GEX STRIKE,,,,,,,,,,,2500.0,2500.0
SRF,EXPIRY,,,,,,,,,,,2026-10-27,2026-10-27
SRF,ATM IV,,,,,,,,,,,26.62,26.64
SUNPHARMA,PRICE,1804.1,1779.7,,,,1797.1,1798.08,1786.05,1828.8,1810.27,1797.6,1793.6
SUNPHARMA,VWAP,,,,,,,,,,,1798.0,1796.58
SUNPHARMA,CASH VOL,1478310,1290843,519565,59.93,57.02,,,,,,32214,47430
SUNPHARMA,F&O VOL,21722,33037,,,,,,,,,1149,1943
SUNPHARMA,F&O OI,71136,69295,,,,,,,,,71214,71290
SUNPHARMA,CALL VOL,11187,15908,,,,,,,,,734,1207
SUNPHARMA,CALL OI,7473,7069,,,,,,,,,7493,7569
SUNPHARMA,PUT VOL,5820,11840,,,,,,,,,393,569
SUNPHARMA,PUT OI,8102,7414,,,,,,,,,8125,8116
SUNPHARMA,CALL SPRD,,,,,,,,,,,1.44,1.35
SUNPHARMA,PUT SPRD,,,,,,,,,,,1.71,1.61
SUNPHARMA,CALL OI FIX,7473,,,,,,,,,,7493,7569
SUNPHARMA,PUT OI FIX,8102,,,,,,,,,,8125,8116
SUNPHARMA,CALL DOI,,,,,,,,,,,879171,829233
SUNPHARMA,PUT DOI,,,,,,,,,,,-1187595,-1247548
SUNPHARMA,CALL GEX,,,,,,,,,,,202675,208564
SUNPHARMA,PUT GEX,,,,,,,,,,,200911,193108
SUNPHARMA,GEX STRIKE,,,,,,,,,,,1780.0,1800.0
SUNPHARMA,EXPIRY,,,,,,,,,,,2026-10-27,2026-10-27
SUNPHARMA,ATM IV,,,,,,,,,,,17.88,17.99
SUPREMEIND,PRICE,3497.9,3398.9,,,,3500.0,3483.05,3453.35,3423.8,3394.6,3527.8,3530.7
SUPREMEIND,VWAP,,,,,,,,,,,3503.07,3523.94
SUPREMEIND,CASH VOL,221343,53297,89438,57.76,41.07,,,,,,4538,11651
SUPREMEIND,F&O VOL,7161,4098,,,,,,,,,241,781
SUPREMEIND,F&O OI,15993,15655,,,,,,,,,16059,16100
SUPREMEIND,CALL VOL,3062,2264,,,,,,,,,219,610
SUPREMEIND,CALL OI,1674,1705,,,,,,,,,1726,1754
SUPREMEIND,PUT VOL,881,582,,,,,,,,,17,54
SUPREMEIND,PUT OI,941,925,,,,,,,,,943,940
SUPREMEIND,CALL SPRD,,,,,,,,,,,1.38,1.83
SUPREMEIND,PUT SPRD,,,,,,,,,,,30.56,3.03
SUPREMEIND,CALL OI FIX,1567,,,,,,,,,,1623,1643
SUPREMEIND,PUT OI FIX,952,,,,,,,,,,954,951
SUPREMEIND,CALL DOI,,,,,,,,,,,162848,165617
SUPREMEIND,PUT DOI,,,,,,,,,,,-62587,-61118
SUPREMEIND,CALL GEX,,,,,,,,,,,15704,15098
SUPREMEIND,PUT GEX,,,,,,,,,,,7340,7500
SUPREMEIND,GEX STRIKE,,,,,,,,,,,3500.0,3500.0
SUPREMEIND,EXPIRY,,,,,,,,,,,2026-10-27,2026-10-27
SUPREMEIND,ATM IV,,,,,,,,,,,29.66,30.55
SUZLON,PRICE,39.16,38.92,,,,39.16,39.16,39.15,39.66,39.16,38.63,38.92
SUZLON,VWAP,,,,,,,,,,,38.73,38.72
SUZLON,CASH VOL,42495197,51123556,14093227,42.38,43.77,,,,,,4548053,6536236
SUZLON,F&O VOL,10564,10945,,,,,,,,,1007,1978
SUZLON,F&O OI,57509,55282,,,,,,,,,57837,57913
SUZLON,CALL VOL,4056,4897,,,,,,,,,614,1082
SUZLON,CALL OI,7435,6940,,,,,,,,,7612,7654
SUZLON,PUT VOL,1709,1671,,,,,,,,,113,256
SUZLON,PUT OI,5088,4762,,,,,,,,,5090,5105
SUZLON,CALL SPRD,,,,,,,,,,,2.35,1.42
SUZLON,PUT SPRD,,,,,,,,,,,1.89,2.18
SUZLON,CALL OI FIX,7435,,,,,,,,,,7612,7654
SUZLON,PUT OI FIX,5088,,,,,,,,,,5090,5105
SUZLON,CALL DOI,,,,,,,,,,,28558799,31442334
SUZLON,PUT DOI,,,,,,,,,,,-35127715,-33515622
SUZLON,CALL GEX,,,,,,,,,,,3149152,3249810
SUZLON,PUT GEX,,,,,,,,,,,2206539,2266775
SUZLON,GEX STRIKE,,,,,,,,,,,40.0,40.0
SUZLON,EXPIRY,,,,,,,,,,,2026-10-27,2026-10-27
SUZLON,ATM IV,,,,,,,,,,,39.67,39.11
SWIGGY,PRICE,244.2,238.8,,,,244.0,243.26,241.38,250.78,242.26,244.55,247.4
SWIGGY,VWAP,,,,,,,,,,,243.77,245.51
SWIGGY,CASH VOL,9738654,11179271,3273304,38.43,37.98,,,,,,611592,1483454
SWIGGY,F&O VOL,21582,25006,,,,,,,,,696,3488
SWIGGY,F&O OI,69529,67379,,,,,,,,,69611,69676
SWIGGY,CALL VOL,10837,13289,,,,,,,,,393,1770
SWIGGY,CALL OI,10126,9800,,,,,,,,,10188,10133
SWIGGY,PUT VOL,2472,3369,,,,,,,,,110,526
SWIGGY,PUT OI,7089,6937,,,,,,,,,7098,7102
SWIGGY,CALL SPRD,,,,,,,,,,,1.71,0.96
SWIGGY,PUT SPRD,,,,,,,,,,,2.37,2.12
SWIGGY,CALL OI FIX,10126,,,,,,,,,,10188,10133
SWIGGY,PUT OI FIX,7089,,,,,,,,,,7098,7102
SWIGGY,CALL DOI,,,,,,,,,,,6326477,7310005
SWIGGY,PUT DOI,,,,,,,,,,,-6429733,-5916161
SWIGGY,CALL GEX,,,,,,,,,,,684663,629089
SWIGGY,PUT GEX,,,,,,,,,,,496823,584438
SWIGGY,GEX STRIKE,,,,,,,,,,,260.0,260.0
SWIGGY,EXPIRY,,,,,,,,,,,2026-10-27,2026-10-27
SWIGGY,ATM IV,,,,,,,,,,,37.83,38.7
TATACONSUM,PRICE,976.0,953.75,,,,968.0,971.04,961.12,964.3,959.43,967.05,970.8
TATACONSUM,VWAP,,,,,,,,,,,967.33,967.97
TATACONSUM,CASH VOL,904358,1540341,333956,60.02,67.88,,,,,,20490,43391
TATACONSUM,F&O VOL,14896,9200,,,,,,,,,607,1195
TATACONSUM,F&O OI,42295,41744,,,,,,,,,42293,42199
TATACONSUM,CALL VOL,8125,3960,,,,,,,,,512,804
TATACONSUM,CALL OI,3355,3118,,,,,,,,,3338,3294
TATACONSUM,PUT VOL,2571,2099,,,,,,,,,145,239
TATACONSUM,PUT OI,3016,3111,,,,,,,,,3020,2991
TATACONSUM,CALL SPRD,,,,,,,,,,,1.45,1.37
TATACONSUM,PUT SPRD,,,,,,,,,,,10.69,1.31
TATACONSUM,CALL OI FIX,3593,,,,,,,,,,3578,3533
TATACONSUM,PUT OI FIX,2899,,,,,,,,,,2915,2894
TATACONSUM,CALL DOI,,,,,,,,,,,735027,770202
TATACONSUM,PUT DOI,,,,,,,,,,,-816668,-771172
TATACONSUM,CALL GEX,,,,,,,,,,,124888,128742
TATACONSUM,PUT GEX,,,,,,,,,,,112435,109090
TATACONSUM,GEX STRIKE,,,,,,,,,,,1000.0,1000.0
TATACONSUM,EXPIRY,,,,,,,,,,,2026-10-27,2026-10-27
TATACONSUM,ATM IV,,,,,,,,,,,21.21,20.85
TATAELXSI,PRICE,3093.0,3105.0,,,,3100.0,3099.0,3095.0,3129.4,3105.0,3089.5,3086.5
TATAELXSI,VWAP,,,,,,,,,,,3095.1,3086.93
TATAELXSI,CASH VOL,196732,237392,44020,47.47,32.67,,,,,,12327,33125
TATAELXSI,F&O VOL,8819,16924,,,,,,,,,279,816
TATAELXSI,F&O OI,37800,36380,,,,,,,,,37848,37969
TATAELXSI,CALL VOL,4426,6777,,,,,,,,,161,323
TATAELXSI,CALL OI,5282,4532,,,,,,,,,5291,5343
TATAELXSI,PUT VOL,1584,2383,,,,,,,,,94,201
TATAELXSI,PUT OI,5227,4979,,,,,,,,,5254,5294
TATAELXSI,CALL SPRD,,,,,,,,,,,1.39,1.01
TATAELXSI,PUT SPRD,,,,,,,,,,,1.57,1.16
TATAELXSI,CALL OI FIX,5282,,,,,,,,,,5291,5343
TATAELXSI,PUT OI FIX,5227,,,,,,,,,,5254,5294
TATAELXSI,CALL DOI,,,,,,,,,,,255477,253365
TATAELXSI,PUT DOI,,,,,,,,,,,-305894,-311098
TATAELXSI,CALL GEX,,,,,,,,,,,27684,28638
TATAELXSI,PUT GEX,,,,,,,,,,,26006,25633
TATAELXSI,GEX STRIKE,,,,,,,,,,,3200.0,3200.0
TATAELXSI,EXPIRY,,,,,,,,,,,2026-10-27,2026-10-27
TATAELXSI,ATM IV,,,,,,,,,,,37.58,38.15
TATAPOWER,PRICE,351.65,351.5,,,,350.9,353.3,352.2,356.57,352.29,347.95,348.65
TATAPOWER,VWAP,,,,,,,,,,,348.7,348.51
TATAPOWER,CASH VOL,5741438,2763239,4106554,71.77,55.85,,,,,,203474,391291
TATAPOWER,F&O VOL,18897,16206,,,,,,,,,1759,4434
TATAPOWER,F&O OI,68710,66665,,,,,,,,,68881,69221
TATAPOWER,CALL VOL,8819,9074,,,,,,,,,1087,2510
TATAPOWER,CALL OI,7196,6615,,,,,,,,,7319,7387
TATAPOWER,PUT VOL,4801,3640,,,,,,,,,532,1148
TATAPOWER,PUT OI,6911,6440,,,,,,,,,6878,6965
TATAPOWER,CALL SPRD,,,,,,,,,,,1.31,1.34
TATAPOWER,PUT SPRD,,,,,,,,,,,2.23,2.15
TATAPOWER,CALL OI FIX,7196,,,,,,,,,,7319,7387
TATAPOWER,PUT OI FIX,6911,,,,,,,,,,6878,6965
TATAPOWER,CALL DOI,,,,,,,,,,,3167582,3274199
TATAPOWER,PUT DOI,,,,,,,,,,,-6238598,-6107605
TATAPOWER,CALL GEX,,,,,,,,,,,642962,679391
TATAPOWER,PUT GEX,,,,,,,,,,,587981,582473
TATAPOWER,GEX STRIKE,,,,,,,,,,,360.0,360.0
TATAPOWER,EXPIRY,,,,,,,,,,,2026-10-27,2026-10-27
TATAPOWER,ATM IV,,,,,,,,,,,22.41,22.11
TATASTEEL,PRICE,178.69,178.14,,,,177.79,178.69,178.69,182.65,179.55,176.72,177.19
TATASTEEL,VWAP,,,,,,,,,,,177.15,176.96
TATASTEEL,CASH VOL,17244259,20426029,4285757,43.98,51.06,,,,,,777189,2146398
TATASTEEL,F&O VOL,49955,61917,,,,,,,,,2659,6601
TATASTEEL,F&O OI,188197,185716,,,,,,,,,188899,189296
TATASTEEL,CALL VOL,20737,24261,,,,,,,,,1400,3006
TATASTEEL,CALL OI,20991,20246,,,,,,,,,21491,21999
TATASTEEL,PUT VOL,11828,18527,,,,,,,,,623,1794
TATASTEEL,PUT OI,20974,20442,,,,,,,,,20978,20793
TATASTEEL,CALL SPRD,,,,,,,,,,,1.02,0.8
TATASTEEL,PUT SPRD,,,,,,,,,,,0.98,0.62
TATASTEEL,CALL OI FIX,20991,,,,,,,,,,21491,21999
TATASTEEL,PUT OI FIX,20974,,,,,,,,,,20978,20793
TATASTEEL,CALL DOI,,,,,,,,,,,18950818,20075973
TATASTEEL,PUT DOI,,,,,,,,,,,-31301753,-30386478
TATASTEEL,CALL GEX,,,,,,,,,,,2675471,2807603
TATASTEEL,PUT GEX,,,,,,,,,,,2656290,2681042
TATASTEEL,GEX STRIKE,,,,,,,,,,,180.0,190.0
TATASTEEL,EXPIRY,,,,,,,,,,,2026-10-27,2026-10-27
TATASTEEL,ATM IV,,,,,,,,,,,30.15,30.02
TCS,PRICE,2100.0,2114.4,,,,2085.2,2099.62,2098.85,2072.23,2066.7,2082.0,2088.0
TCS,VWAP,,,,,,,,,,,2084.97,2083.32
TCS,CASH VOL,2382510,5270768,675471,50.88,46.65,,,,,,77762,135396
TCS,F&O VOL,89469,206635,,,,,,,,,4894,10243
TCS,F&O OI,226932,220376,,,,,,,,,227591,228123
TCS,CALL VOL,23651,64130,,,,,,,,,1861,3363
TCS,CALL OI,31598,28470,,,,,,,,,31755,31959
TCS,PUT VOL,21662,49109,,,,,,,,,1253,2374
TCS,PUT OI,22935,23614,,,,,,,,,23117,23249
TCS,CALL SPRD,,,,,,,,,,,0.53,0.46
TCS,PUT SPRD,,,,,,,,,,,0.75,0.67
TCS,CALL OI FIX,37755,,,,,,,,,,37918,38075
TCS,PUT OI FIX,24032,,,,,,,,,,24210,24307
TCS,CALL DOI,,,,,,,,,,,3717538,3863850
TCS,PUT DOI,,,,,,,,,,,-2283572,-2236548
TCS,CALL GEX,,,,,,,,,,,393230,420288
TCS,PUT GEX,,,,,,,,,,,219533,208167
TCS,GEX STRIKE,,,,,,,,,,,2100.0,2100.0
TCS,EXPIRY,,,,,,,,,,,2026-10-27,2026-10-27
TCS,ATM IV,,,,,,,,,,,33.58,33.86
TECHM,PRICE,1504.5,1535.9,,,,1504.0,1517.9,1508.97,1535.0,1533.67,1495.7,1498.0
TECHM,VWAP,,,,,,,,,,,1503.73,1499.21
TECHM,CASH VOL,2389084,3346008,659260,56.11,58.08,,,,,,116051,157837
TECHM,F&O VOL,19702,28342,,,,,,,,,848,1878
TECHM,F&O OI,46338,44678,,,,,,,,,46477,46723
TECHM,CALL VOL,7634,10444,,,,,,,,,487,1018
TECHM,CALL OI,7246,6968,,,,,,,,,7298,7441
TECHM,PUT VOL,5893,6270,,,,,,,,,216,565
TECHM,PUT OI,4208,3718,,,,,,,,,4282,4367
TECHM,CALL SPRD,,,,,,,,,,,1.47,0.95
TECHM,PUT SPRD,,,,,,,,,,,1.22,0.98
TECHM,CALL OI FIX,7246,,,,,,,,,,7298,7441
TECHM,PUT OI FIX,4208,,,,,,,,,,4282,4367
TECHM,CALL DOI,,,,,,,,,,,1615729,1629375
TECHM,PUT DOI,,,,,,,,,,,-1193093,-1199595
TECHM,CALL GEX,,,,,,,,,,,228411,256378
TECHM,PUT GEX,,,,,,,,,,,102893,97344
TECHM,GEX STRIKE,,,,,,,,,,,1540.0,1540.0
TECHM,EXPIRY,,,,,,,,,,,2026-10-27,2026-10-27
TECHM,ATM IV,,,,,,,,,,,33.12,33.27
TIINDIA,PRICE,2472.7,2320.0,,,,2470.3,2445.92,2392.35,2415.25,2365.08,2415.1,2424.8
TIINDIA,VWAP,,,,,,,,,,,2435.17,2415.82
TIINDIA,CASH VOL,780130,687174,219993,45.81,65.03,,,,,,14601,44935
TIINDIA,F&O VOL,25970,5737,,,,,,,,,1087,4562
TIINDIA,F&O OI,19215,17982,,,,,,,,,19040,19654
TIINDIA,CALL VOL,14546,1982,,,,,,,,,443,1191
TIINDIA,CALL OI,1633,1520,,,,,,,,,1651,1831
TIINDIA,PUT VOL,4532,1055,,,,,,,,,781,2971
TIINDIA,PUT OI,1660,1142,,,,,,,,,1521,1890
TIINDIA,CALL SPRD,,,,,,,,,,,0.8,0.8
TIINDIA,PUT SPRD,,,,,,,,,,,1.74,0.96
TIINDIA,CALL OI FIX,1962,,,,,,,,,,1960,2133
TIINDIA,PUT OI FIX,1640,,,,,,,,,,1501,1861
TIINDIA,CALL DOI,,,,,,,,,,,123511,141318
TIINDIA,PUT DOI,,,,,,,,,,,-119817,-148171
TIINDIA,CALL GEX,,,,,,,,,,,14103,17416
TIINDIA,PUT GEX,,,,,,,,,,,11877,13562
TIINDIA,GEX STRIKE,,,,,,,,,,,2500.0,2500.0
TIINDIA,EXPIRY,,,,,,,,,,,2026-10-27,2026-10-27
TIINDIA,ATM IV,,,,,,,,,,,34.5,34.23
TITAN,PRICE,4550.0,4580.0,,,,4439.0,4565.15,4555.05,4686.0,4572.47,4369.8,4364.4
TITAN,VWAP,,,,,,,,,,,4398.6,4372.63
TITAN,CASH VOL,800113,731987,293580,63.28,58.76,,,,,,423625,797911
TITAN,F&O VOL,38063,44898,,,,,,,,,45821,96078
TITAN,F&O OI,64117,61891,,,,,,,,,72844,82884
TITAN,CALL VOL,6548,6527,,,,,,,,,11698,24722
TITAN,CALL OI,3585,3076,,,,,,,,,7016,11296
TITAN,PUT VOL,10690,13291,,,,,,,,,22094,44235
TITAN,PUT OI,8180,7597,,,,,,,,,10842,13597
TITAN,CALL SPRD,,,,,,,,,,,1.21,1.15
TITAN,PUT SPRD,,,,,,,,,,,0.43,0.97
TITAN,CALL OI FIX,9536,,,,,,,,,,12972,18466
TITAN,PUT OI FIX,9415,,,,,,,,,,11180,12523
TITAN,CALL DOI,,,,,,,,,,,378750,624381
TITAN,PUT DOI,,,,,,,,,,,-868795,-1019948
TITAN,CALL GEX,,,,,,,,,,,78200,148589
TITAN,PUT GEX,,,,,,,,,,,107772,116858
TITAN,GEX STRIKE,,,,,,,,,,,4500.0,4400.0
TITAN,EXPIRY,,,,,,,,,,,2026-10-27,2026-10-27
TITAN,ATM IV,,,,,,,,,,,24.6,23.92
TMPV,PRICE,285.8,288.65,,,,285.6,287.75,286.45,281.7,280.17,282.5,283.55
TMPV,VWAP,,,,,,,,,,,283.4,283.18
TMPV,CASH VOL,7578840,13512719,3141968,50.87,31.98,,,,,,339750,563433
TMPV,F&O VOL,37794,89346,,,,,,,,,2224,5033
TMPV,F&O OI,115462,112488,,,,,,,,,115570,115849
TMPV,CALL VOL,15868,39008,,,,,,,,,812,1985
TMPV,CALL OI,17822,16781,,,,,,,,,15774,18096
TMPV,PUT VOL,9944,20826,,,,,,,,,775,1419
TMPV,PUT OI,14957,14742,,,,,,,,,14606,14858
TMPV,CALL SPRD,,,,,,,,,,,0.98,1.24
TMPV,PUT SPRD,,,,,,,,,,,1.65,1.24
TMPV,CALL OI FIX,17822,,,,,,,,,,17919,18096
TMPV,PUT OI FIX,14957,,,,,,,,,,14863,14858
TMPV,CALL DOI,,,,,,,,,,,9480109,10956067
TMPV,PUT DOI,,,,,,,,,,,-10210027,-11089052
TMPV,CALL GEX,,,,,,,,,,,1351782,1301700
TMPV,PUT GEX,,,,,,,,,,,933607,1058018
TMPV,GEX STRIKE,,,,,,,,,,,300.0,300.0
TMPV,EXPIRY,,,,,,,,,,,2026-10-27,2026-10-27
TMPV,ATM IV,,,,,,,,,,,28.32,30.63
TORNTPHARM,PRICE,4772.0,4772.0,,,,4765.0,4763.13,4745.4,4856.9,4797.17,4768.0,4757.5
TORNTPHARM,VWAP,,,,,,,,,,,4773.1,4766.41
TORNTPHARM,CASH VOL,302606,332068,64701,55.08,61.17,,,,,,3605,6592
TORNTPHARM,F&O VOL,8051,6827,,,,,,,,,1060,1505
TORNTPHARM,F&O OI,34205,33561,,,,,,,,,34613,34590
TORNTPHARM,CALL VOL,2678,2464,,,,,,,,,427,576
TORNTPHARM,CALL OI,2332,1958,,,,,,,,,2419,2387
TORNTPHARM,PUT VOL,2064,2504,,,,,,,,,311,383
TORNTPHARM,PUT OI,2028,1770,,,,,,,,,2150,2152
TORNTPHARM,CALL SPRD,,,,,,,,,,,1.56,1.74
TORNTPHARM,PUT SPRD,,,,,,,,,,,3.94,1.83
TORNTPHARM,CALL OI FIX,2332,,,,,,,,,,2419,2387
TORNTPHARM,PUT OI FIX,2028,,,,,,,,,,2150,2152
TORNTPHARM,CALL DOI,,,,,,,,,,,115236,109204
TORNTPHARM,PUT DOI,,,,,,,,,,,-103942,-108308
TORNTPHARM,CALL GEX,,,,,,,,,,,19323,19279
TORNTPHARM,PUT GEX,,,,,,,,,,,16595,16515
TORNTPHARM,GEX STRIKE,,,,,,,,,,,4800.0,4800.0
TORNTPHARM,EXPIRY,,,,,,,,,,,2026-10-27,2026-10-27
TORNTPHARM,ATM IV,,,,,,,,,,,24.03,23.66
TRENT,PRICE,2906.0,2580.0,,,,2897.0,2886.72,2848.15,2607.85,2589.28,2879.2,2886.0
TRENT,VWAP,,,,,,,,,,,2890.17,2886.89
TRENT,CASH VOL,6695372,802316,1013068,13.94,59.83,,,,,,133131,218077
TRENT,F&O VOL,369259,22443,,,,,,,,,10259,19462
TRENT,F&O OI,88760,66991,,,,,,,,,88344,88194
TRENT,CALL VOL,167824,8091,,,,,,,,,4099,7202
TRENT,CALL OI,19079,10582,,,,,,,,,18694,18796
TRENT,PUT VOL,93897,6710,,,,,,,,,4624,8351
TRENT,PUT OI,17211,3900,,,,,,,,,17304,17137
TRENT,CALL SPRD,,,,,,,,,,,0.47,0.6
TRENT,PUT SPRD,,,,,,,,,,,0.59,0.8
TRENT,CALL OI FIX,19079,,,,,,,,,,18694,18796
TRENT,PUT OI FIX,17211,,,,,,,,,,17304,17137
TRENT,CALL DOI,,,,,,,,,,,2010355,2114978
TRENT,PUT DOI,,,,,,,,,,,-1362018,-1292581
TRENT,CALL GEX,,,,,,,,,,,226410,221286
TRENT,PUT GEX,,,,,,,,,,,181211,181105
TRENT,GEX STRIKE,,,,,,,,,,,2900.0,2900.0
TRENT,EXPIRY,,,,,,,,,,,2026-10-27,2026-10-27
TRENT,ATM IV,,,,,,,,,,,27.82,27.89
TVSMOTOR,PRICE,3981.0,4031.0,,,,3982.8,3999.75,3987.25,4052.4,4031.47,3950.5,3968.3
TVSMOTOR,VWAP,,,,,,,,,,,3959.27,3959.63
TVSMOTOR,CASH VOL,791080,706602,311480,64.29,47.78,,,,,,16729,25808
TVSMOTOR,F&O VOL,17978,35663,,,,,,,,,435,1138
TVSMOTOR,F&O OI,58688,57838,,,,,,,,,58771,58869
TVSMOTOR,CALL VOL,6290,11905,,,,,,,,,294,603
TVSMOTOR,CALL OI,4613,4132,,,,,,,,,4663,4714
TVSMOTOR,PUT VOL,6459,11655,,,,,,,,,113,312
TVSMOTOR,PUT OI,6075,5738,,,,,,,,,6098,6119
TVSMOTOR,CALL SPRD,,,,,,,,,,,1.46,0.98
TVSMOTOR,PUT SPRD,,,,,,,,,,,1.16,0.96
TVSMOTOR,CALL OI FIX,4828,,,,,,,,,,4879,4930
TVSMOTOR,PUT OI FIX,5836,,,,,,,,,,5859,5881
TVSMOTOR,CALL DOI,,,,,,,,,,,290778,314501
TVSMOTOR,PUT DOI,,,,,,,,,,,-553397,-530637
TVSMOTOR,CALL GEX,,,,,,,,,,,42452,43621
TVSMOTOR,PUT GEX,,,,,,,,,,,54973,55878
TVSMOTOR,GEX STRIKE,,,,,,,,,,,4000.0,4000.0
TVSMOTOR,EXPIRY,,,,,,,,,,,2026-10-27,2026-10-27
TVSMOTOR,ATM IV,,,,,,,,,,,28.69,28.89
ULTRACEMCO,PRICE,10750.0,10850.0,,,,10730.0,10801.0,10767.0,10883.5,10767.83,10718.0,10708.0
ULTRACEMCO,VWAP,,,,,,,,,,,10703.0,10703.93
ULTRACEMCO,CASH VOL,270277,314538,96069,63.78,62.99,,,,,,3912,7425
ULTRACEMCO,F&O VOL,14600,16715,,,,,,,,,527,1671
ULTRACEMCO,F&O OI,58300,55491,,,,,,,,,58343,58463
ULTRACEMCO,CALL VOL,3910,4721,,,,,,,,,143,589
ULTRACEMCO,CALL OI,4257,3795,,,,,,,,,4266,4342
ULTRACEMCO,PUT VOL,2952,3634,,,,,,,,,154,496
ULTRACEMCO,PUT OI,3916,3592,,,,,,,,,3953,4019
ULTRACEMCO,CALL SPRD,,,,,,,,,,,9.64,3.11
ULTRACEMCO,PUT SPRD,,,,,,,,,,,2.23,1.72
ULTRACEMCO,CALL OI FIX,4257,,,,,,,,,,4266,4342
ULTRACEMCO,PUT OI FIX,3916,,,,,,,,,,3953,4019
ULTRACEMCO,CALL DOI,,,,,,,,,,,82376,83682
ULTRACEMCO,PUT DOI,,,,,,,,,,,-96978,-99900
ULTRACEMCO,CALL GEX,,,,,,,,,,,15047,14699
ULTRACEMCO,PUT GEX,,,,,,,,,,,12952,13114
ULTRACEMCO,GEX STRIKE,,,,,,,,,,,11000.0,11000.0
ULTRACEMCO,EXPIRY,,,,,,,,,,,2026-10-27,2026-10-27
ULTRACEMCO,ATM IV,,,,,,,,,,,25.48,24.05
UNIONBANK,PRICE,168.44,167.97,,,,167.67,169.09,168.66,171.9,169.03,165.99,166.12
UNIONBANK,VWAP,,,,,,,,,,,166.04,166.02
UNIONBANK,CASH VOL,10378539,7966548,2666758,56.74,43.16,,,,,,401732,565835
UNIONBANK,F&O VOL,9748,10356,,,,,,,,,610,1222
UNIONBANK,F&O OI,34051,32064,,,,,,,,,34211,34177
UNIONBANK,CALL VOL,2604,2919,,,,,,,,,259,422
UNIONBANK,CALL OI,2782,2335,,,,,,,,,2841,2883
UNIONBANK,PUT VOL,3242,2393,,,,,,,,,128,283
UNIONBANK,PUT OI,3526,2388,,,,,,,,,3540,3538
UNIONBANK,CALL SPRD,,,,,,,,,,,1.95,1.47
UNIONBANK,PUT SPRD,,,,,,,,,,,1.36,0.92
UNIONBANK,CALL OI FIX,3732,,,,,,,,,,3788,3854
UNIONBANK,PUT OI FIX,3941,,,,,,,,,,3955,3953
UNIONBANK,CALL DOI,,,,,,,,,,,4511673,4632216
UNIONBANK,PUT DOI,,,,,,,,,,,-8185418,-8124333
UNIONBANK,CALL GEX,,,,,,,,,,,581756,594335
UNIONBANK,PUT GEX,,,,,,,,,,,749041,744819
UNIONBANK,GEX STRIKE,,,,,,,,,,,170.0,170.0
UNIONBANK,EXPIRY,,,,,,,,,,,2026-10-27,2026-10-27
UNIONBANK,ATM IV,,,,,,,,,,,32.95,33.83
UNITDSPR,PRICE,1358.0,1369.0,,,,1348.3,1361.0,1359.0,1368.3,1346.17,1349.3,1345.8
UNITDSPR,VWAP,,,,,,,,,,,1348.13,1347.35
UNITDSPR,CASH VOL,925853,1272603,261614,66.43,57.96,,,,,,5916,14549
UNITDSPR,F&O VOL,7193,11330,,,,,,,,,195,447
UNITDSPR,F&O OI,25947,25086,,,,,,,,,25933,25948
UNITDSPR,CALL VOL,2214,4750,,,,,,,,,150,241
UNITDSPR,CALL OI,2884,2646,,,,,,,,,2864,2879
UNITDSPR,PUT VOL,2088,2111,,,,,,,,,37,106
UNITDSPR,PUT OI,2876,2732,,,,,,,,,2873,2857
UNITDSPR,CALL SPRD,,,,,,,,,,,1.76,1.33
UNITDSPR,PUT SPRD,,,,,,,,,,,1.85,1.62
UNITDSPR,CALL OI FIX,3072,,,,,,,,,,3052,3067
UNITDSPR,PUT OI FIX,2754,,,,,,,,,,2751,2736
UNITDSPR,CALL DOI,,,,,,,,,,,448704,429873
UNITDSPR,PUT DOI,,,,,,,,,,,-488136,-500283
UNITDSPR,CALL GEX,,,,,,,,,,,63351,64186
UNITDSPR,PUT GEX,,,,,,,,,,,59011,58165
UNITDSPR,GEX STRIKE,,,,,,,,,,,1400.0,1400.0
UNITDSPR,EXPIRY,,,,,,,,,,,2026-10-27,2026-10-27
UNITDSPR,ATM IV,,,,,,,,,,,27.54,27.21
UNOMINDA,PRICE,1120.0,1101.0,,,,1115.7,1118.08,1114.25,1156.65,1126.22,1105.7,1110.8
UNOMINDA,VWAP,,,,,,,,,,,1108.4,1107.12
UNOMINDA,CASH VOL,1038825,952575,207992,54.39,54.86,,,,,,15351,28439
UNOMINDA,F&O VOL,5809,7605,,,,,,,,,92,271
UNOMINDA,F&O OI,15601,14758,,,,,,,,,15630,15685
UNOMINDA,CALL VOL,2025,2048,,,,,,,,,39,141
UNOMINDA,CALL OI,1011,1045,,,,,,,,,896,1071
UNOMINDA,PUT VOL,922,2886,,,,,,,,,37,68
UNOMINDA,PUT OI,2258,2266,,,,,,,,,2267,2273
UNOMINDA,CALL SPRD,,,,,,,,,,,9.61,2.04
UNOMINDA,PUT SPRD,,,,,,,,,,,1.83,1.43
UNOMINDA,CALL OI FIX,1011,,,,,,,,,,1022,1071
UNOMINDA,PUT OI FIX,2258,,,,,,,,,,2259,2273
UNOMINDA,CALL DOI,,,,,,,,,,,163933,196459
UNOMINDA,PUT DOI,,,,,,,,,,,-499272,-506814
UNOMINDA,CALL GEX,,,,,,,,,,,24177,28849
UNOMINDA,PUT GEX,,,,,,,,,,,53722,54217
UNOMINDA,GEX STRIKE,,,,,,,,,,,1100.0,1100.0
UNOMINDA,EXPIRY,,,,,,,,,,,2026-10-27,2026-10-27
UNOMINDA,ATM IV,,,,,,,,,,,30.41,31.02
UPL,PRICE,509.55,502.5,,,,510.0,508.94,507.73,531.42,521.67,505.0,505.2
UPL,VWAP,,,,,,,,,,,505.42,505.14
UPL,CASH VOL,1194229,5330366,391725,52.57,57.76,,,,,,46211,62577
UPL,F&O VOL,9140,19690,,,,,,,,,378,724
UPL,F&O OI,34423,34269,,,,,,,,,34501,34497
UPL,CALL VOL,3588,4577,,,,,,,,,175,266
UPL,CALL OI,1740,1560,,,,,,,,,1781,1801
UPL,PUT VOL,2110,5488,,,,,,,,,66,145
UPL,PUT OI,1532,1598,,,,,,,,,1530,1564
UPL,CALL SPRD,,,,,,,,,,,2.86,1.81
UPL,PUT SPRD,,,,,,,,,,,1.96,1.96
UPL,CALL OI FIX,1825,,,,,,,,,,1866,1886
UPL,PUT OI FIX,1472,,,,,,,,,,1468,1496
UPL,CALL DOI,,,,,,,,,,,993488,1010702
UPL,PUT DOI,,,,,,,,,,,-1028946,-1043408
UPL,CALL GEX,,,,,,,,,,,134980,139454
UPL,PUT GEX,,,,,,,,,,,107119,109207
UPL,GEX STRIKE,,,,,,,,,,,510.0,510.0
UPL,EXPIRY,,,,,,,,,,,2026-10-27,2026-10-27
UPL,ATM IV,,,,,,,,,,,28.73,28.03
VBL,PRICE,439.3,439.6,,,,438.0,439.3,439.3,425.88,425.49,438.6,439.8
VBL,VWAP,,,,,,,,,,,437.17,437.83
VBL,CASH VOL,4266861,4643552,1421749,61.75,52.95,,,,,,108149,232437
VBL,F&O VOL,18502,25777,,,,,,,,,532,1020
VBL,F&O OI,68121,68902,,,,,,,,,68129,68193
VBL,CALL VOL,7321,11182,,,,,,,,,238,431
VBL,CALL OI,5346,5374,,,,,,,,,5361,5400
VBL,PUT VOL,3128,4099,,,,,,,,,122,228
VBL,PUT OI,3035,2978,,,,,,,,,3005,3014
VBL,CALL SPRD,,,,,,,,,,,1.28,1.23
VBL,PUT SPRD,,,,,,,,,,,1.26,1.33
VBL,CALL OI FIX,5346,,,,,,,,,,5361,5400
VBL,PUT OI FIX,3035,,,,,,,,,,3005,3014
VBL,CALL DOI,,,,,,,,,,,3548931,3678091
VBL,PUT DOI,,,,,,,,,,,-1469605,-1417427
VBL,CALL GEX,,,,,,,,,,,379111,376690
VBL,PUT GEX,,,,,,,,,,,191330,191057
VBL,GEX STRIKE,,,,,,,,,,,440.0,440.0
VBL,EXPIRY,,,,,,,,,,,2026-10-27,2026-10-27
VBL,ATM IV,,,,,,,,,,,28.98,28.99
VEDL,PRICE,265.6,255.05,,,,264.5,264.45,262.15,255.82,253.31,263.7,262.95
VEDL,VWAP,,,,,,,,,,,263.53,263.5
VEDL,CASH VOL,14899808,7161255,2942666,43.67,56.57,,,,,,772545,1273310
VEDL,F&O VOL,63864,27460,,,,,,,,,2376,5045
VEDL,F&O OI,73449,73129,,,,,,,,,73333,73288
VEDL,CALL VOL,37735,13853,,,,,,,,,1245,2580
VEDL,CALL OI,13605,14151,,,,,,,,,13705,13586
VEDL,PUT VOL,13777,8485,,,,,,,,,1113,1671
VEDL,PUT OI,10163,9053,,,,,,,,,9939,9955
VEDL,CALL SPRD,,,,,,,,,,,1.42,1.49
VEDL,PUT SPRD,,,,,,,,,,,1.63,0.52
VEDL,CALL OI FIX,13605,,,,,,,,,,13705,13586
VEDL,PUT OI FIX,10163,,,,,,,,,,9939,9955
VEDL,CALL DOI,,,,,,,,,,,7561683,7231823
VEDL,PUT DOI,,,,,,,,,,,-4454134,-4581011
VEDL,CALL GEX,,,,,,,,,,,772205,772997
VEDL,PUT GEX,,,,,,,,,,,444464,449542
VEDL,GEX STRIKE,,,,,,,,,,,260.0,260.0
VEDL,EXPIRY,,,,,,,,,,,2026-10-27,2026-10-27
VEDL,ATM IV,,,,,,,,,,,33.25,33.25
VMM,PRICE,100.95,98.25,,,,100.95,100.6,99.89,101.15,100.05,100.68,100.84
VMM,VWAP,,,,,,,,,,,100.47,100.68
VMM,CASH VOL,15107047,5980303,4449788,60.97,44.78,,,,,,379157,658089
VMM,F&O VOL,5373,3317,,,,,,,,,144,240
VMM,F&O OI,18121,18086,,,,,,,,,18120,18127
VMM,CALL VOL,1879,1056,,,,,,,,,84,107
VMM,CALL OI,1597,1763,,,,,,,,,1592,1598
VMM,PUT VOL,722,321,,,,,,,,,34,39
VMM,PUT OI,1390,1117,,,,,,,,,1387,1386
VMM,CALL SPRD,,,,,,,,,,,8.72,5.42
VMM,PUT SPRD,,,,,,,,,,,5.84,2.66
VMM,CALL OI FIX,1597,,,,,,,,,,1592,1598
VMM,PUT OI FIX,1390,,,,,,,,,,1387,1386
VMM,CALL DOI,,,,,,,,,,,3535905,3627095
VMM,PUT DOI,,,,,,,,,,,-3174368,-3111225
VMM,CALL GEX,,,,,,,,,,,362157,353336
VMM,PUT GEX,,,,,,,,,,,327864,335638
VMM,GEX STRIKE,,,,,,,,,,,100.0,100.0
VMM,EXPIRY,,,,,,,,,,,2026-10-27,2026-10-27
VMM,ATM IV,,,,,,,,,,,34.02,33.6
VOLTAS,PRICE,1067.9,1061.3,,,,1071.9,1065.6,1061.0,1092.55,1066.32,1063.0,1068.7
VOLTAS,VWAP,,,,,,,,,,,1059.97,1061.88
VOLTAS,CASH VOL,2705541,436486,257755,70.56,30.82,,,,,,26391,41578
VOLTAS,F&O VOL,23985,12986,,,,,,,,,891,1994
VOLTAS,F&O OI,48009,45830,,,,,,,,,48214,48355
VOLTAS,CALL VOL,11131,6288,,,,,,,,,511,1426
VOLTAS,CALL OI,6531,6010,,,,,,,,,6648,6868
VOLTAS,PUT VOL,4560,2539,,,,,,,,,123,263
VOLTAS,PUT OI,6019,5844,,,,,,,,,6040,6063
VOLTAS,CALL SPRD,,,,,,,,,,,1.42,1.23
VOLTAS,PUT SPRD,,,,,,,,,,,1.07,0.91
VOLTAS,CALL OI FIX,6531,,,,,,,,,,6648,6868
VOLTAS,PUT OI FIX,6019,,,,,,,,,,6040,6063
VOLTAS,CALL DOI,,,,,,,,,,,781829,945415
VOLTAS,PUT DOI,,,,,,,,,,,-1138881,-1099437
VOLTAS,CALL GEX,,,,,,,,,,,127151,116203
VOLTAS,PUT GEX,,,,,,,,,,,85327,95633
VOLTAS,GEX STRIKE,,,,,,,,,,,1100.0,1100.0
VOLTAS,EXPIRY,,,,,,,,,,,2026-10-27,2026-10-27
VOLTAS,ATM IV,,,,,,,,,,,30.44,32.25
WAAREEENER,PRICE,2398.0,2346.5,,,,2389.9,2388.55,2369.65,2405.15,2361.72,2376.4,2381.4
WAAREEENER,VWAP,,,,,,,,,,,2373.8,2374.55
WAAREEENER,CASH VOL,394147,341571,111941,45.24,38.28,,,,,,18975,30360
WAAREEENER,F&O VOL,9570,9148,,,,,,,,,308,595
WAAREEENER,F&O OI,52365,52881,,,,,,,,,52418,52452
WAAREEENER,CALL VOL,3204,2975,,,,,,,,,59,195
WAAREEENER,CALL OI,3545,3699,,,,,,,,,3546,3594
WAAREEENER,PUT VOL,1173,1008,,,,,,,,,32,66
WAAREEENER,PUT OI,2288,2097,,,,,,,,,2291,2292
WAAREEENER,CALL SPRD,,,,,,,,,,,3.37,2.0
WAAREEENER,PUT SPRD,,,,,,,,,,,4.5,1.47
WAAREEENER,CALL OI FIX,2813,,,,,,,,,,2814,2862
WAAREEENER,PUT OI FIX,1410,,,,,,,,,,1408,1410
WAAREEENER,CALL DOI,,,,,,,,,,,318367,335577
WAAREEENER,PUT DOI,,,,,,,,,,,-167854,-164967
WAAREEENER,CALL GEX,,,,,,,,,,,37546,32412
WAAREEENER,PUT GEX,,,,,,,,,,,18170,18935
WAAREEENER,GEX STRIKE,,,,,,,,,,,2400.0,2400.0
WAAREEENER,EXPIRY,,,,,,,,,,,2026-10-27,2026-10-27
WAAREEENER,ATM IV,,,,,,,,,,,31.5,32.66
WIPRO,PRICE,161.84,162.14,,,,160.6,161.8,161.71,160.62,159.77,161.26,161.23
WIPRO,VWAP,,,,,,,,,,,161.34,161.19
WIPRO,CASH VOL,16386869,30838863,4553346,69.06,57.88,,,,,,807705,1323835
WIPRO,F&O VOL,25747,55947,,,,,,,,,1656,2541
WIPRO,F&O OI,105082,103941,,,,,,,,,105235,105245
WIPRO,CALL VOL,7406,18364,,,,,,,,,708,1002
WIPRO,CALL OI,11543,11137,,,,,,,,,12715,11593
WIPRO,PUT VOL,6092,12509,,,,,,,,,599,876
WIPRO,PUT OI,10924,10311,,,,,,,,,11156,11000
WIPRO,CALL SPRD,,,,,,,,,,,0.83,0.67
WIPRO,PUT SPRD,,,,,,,,,,,1.13,0.72
WIPRO,CALL OI FIX,12705,,,,,,,,,,12715,12761
WIPRO,PUT OI FIX,11101,,,,,,,,,,11156,11171
WIPRO,CALL DOI,,,,,,,,,,,16539123,15655909
WIPRO,PUT DOI,,,,,,,,,,,-15409868,-14159412
WIPRO,CALL GEX,,,,,,,,,,,1600045,1726284
WIPRO,PUT GEX,,,,,,,,,,,1588669,1359663
WIPRO,GEX STRIKE,,,,,,,,,,,165.0,165.0
WIPRO,EXPIRY,,,,,,,,,,,2026-10-27,2026-10-27
WIPRO,ATM IV,,,,,,,,,,,33.44,33.08
YESBANK,PRICE,20.86,21.06,,,,20.89,20.93,20.88,21.45,20.98,20.83,20.82
YESBANK,VWAP,,,,,,,,,,,20.81,20.83
YESBANK,CASH VOL,48861066,61113748,13942209,56.14,41.48,,,,,,3307701,6143177
YESBANK,F&O VOL,9536,11578,,,,,,,,,451,1099
YESBANK,F&O OI,59505,57731,,,,,,,,,59579,59500
YESBANK,CALL VOL,4511,5959,,,,,,,,,301,854
YESBANK,CALL OI,10297,9545,,,,,,,,,10343,10261
YESBANK,PUT VOL,1483,2450,,,,,,,,,78,128
YESBANK,PUT OI,7378,6982,,,,,,,,,7393,7404
YESBANK,CALL SPRD,,,,,,,,,,,3.39,3.39
YESBANK,PUT SPRD,,,,,,,,,,,2.9,4.26
YESBANK,CALL OI FIX,10297,,,,,,,,,,10343,10261
YESBANK,PUT OI FIX,7378,,,,,,,,,,7393,7404
YESBANK,CALL DOI,,,,,,,,,,,69025669,68013533
YESBANK,PUT DOI,,,,,,,,,,,-137784209,-138085471
YESBANK,CALL GEX,,,,,,,,,,,9243076,9132777
YESBANK,PUT GEX,,,,,,,,,,,7884572,7983105
YESBANK,GEX STRIKE,,,,,,,,,,,22.0,22.0
YESBANK,EXPIRY,,,,,,,,,,,2026-10-27,2026-10-27
YESBANK,ATM IV,,,,,,,,,,,33.61,33.1
ZYDUSLIFE,PRICE,1159.5,1139.0,,,,1165.0,1157.97,1154.9,1177.9,1156.43,1161.9,1157.2
ZYDUSLIFE,VWAP,,,,,,,,,,,1162.8,1161.03
ZYDUSLIFE,CASH VOL,1575419,1592973,405628,53.4,49.23,,,,,,42096,62640
ZYDUSLIFE,F&O VOL,10889,7220,,,,,,,,,341,797
ZYDUSLIFE,F&O OI,17779,18019,,,,,,,,,17831,17871
ZYDUSLIFE,CALL VOL,4635,2639,,,,,,,,,196,372
ZYDUSLIFE,CALL OI,1796,1961,,,,,,,,,1827,1874
ZYDUSLIFE,PUT VOL,1590,1132,,,,,,,,,22,110
ZYDUSLIFE,PUT OI,1782,1797,,,,,,,,,1785,1800
ZYDUSLIFE,CALL SPRD,,,,,,,,,,,1.59,1.86
ZYDUSLIFE,PUT SPRD,,,,,,,,,,,2.21,1.72
ZYDUSLIFE,CALL OI FIX,1796,,,,,,,,,,1827,1874
ZYDUSLIFE,PUT OI FIX,1782,,,,,,,,,,1785,1800
ZYDUSLIFE,CALL DOI,,,,,,,,,,,722848,695802
ZYDUSLIFE,PUT DOI,,,,,,,,,,,-753556,-794741
ZYDUSLIFE,CALL GEX,,,,,,,,,,,95322,100869
ZYDUSLIFE,PUT GEX,,,,,,,,,,,84773,84469
ZYDUSLIFE,GEX STRIKE,,,,,,,,,,,1200.0,1200.0
ZYDUSLIFE,EXPIRY,,,,,,,,,,,2026-10-27,2026-10-27
ZYDUSLIFE,ATM IV,,,,,,,,,,,28.08,28.11
