Symbol,Metric,PrevDay,PrevDay2,PrevLastHr,DelivPct,DelivPctPrev,Open,dTC,dBC,wTC,wBC,09:20,09:30,09:50,10:10,10:20,10:30,10:50,11:00,11:10,11:20,11:40,12:00,12:20,12:30,12:50,13:00,13:20,13:30,13:50,14:00,14:20,14:30
360ONE,PRICE,1091.0,1094.9,,,,,1087.98,1081.95,1154.2,1142.73,1091.0,1091.0,1091.0,1091.0,1091.0,1091.0,1091.0,1091.0,1091.0,1091.0,1091.0,1091.0,1091.0,1091.0,1091.0,1091.0,1091.0,1091.0,1091.0,1091.0,1091.0,1091.0
360ONE,VWAP,,,,,,,,,,,,,,,,,,,,,,,,,,,,,,,,
360ONE,CASH VOL,835305,839166,235871,53.91,61.86,,,,,,,,,,,,,,,,,,,,,,,,,,,
360ONE,F&O VOL,6692,4688,,,,,,,,,6692,6692,6692,6692,6692,6692,6692,6692,6692,6692,6692,6692,6692,6692,6692,6692,6692,6692,6692,6692,6692,6692
360ONE,F&O OI,16679,16679,,,,,,,,,16791,16791,16791,16791,16791,16791,16791,16791,16791,16791,16791,16791,16791,16791,16791,16791,16791,16791,16791,16791,16791,16791
360ONE,CALL VOL,2875,1797,,,,,,,,,2875,2875,2875,2875,2875,2875,2875,2875,2875,2875,2875,2875,2875,2875,2875,2875,2875,2875,2875,2875,2875,2875
360ONE,CALL OI,2419,2419,,,,,,,,,2782,2782,2782,2782,2782,2782,2782,2782,2782,2782,2782,2782,2782,2782,2782,2782,2782,2782,2782,2782,2782,2782
360ONE,PUT VOL,1463,900,,,,,,,,,1463,1463,1463,1463,1463,1463,1463,1463,1463,1463,1463,1463,1463,1463,1463,1463,1463,1463,1463,1463,1463,1463
360ONE,PUT OI,3177,3177,,,,,,,,,3122,3122,3122,3122,3122,3122,3122,3122,3122,3122,3122,3122,3122,3122,3122,3122,3122,3122,3122,3122,3122,3122
ABB,PRICE,7274.0,7329.0,,,,,7265.5,7248.5,7395.5,7366.5,7274.0,7274.0,7274.0,7274.0,7274.0,7274.0,7274.0,7274.0,7274.0,7274.0,7274.0,7274.0,7274.0,7274.0,7274.0,7274.0,7274.0,7274.0,7274.0,7274.0,7274.0,7274.0
ABB,VWAP,,,,,,,,,,,,,,,,,,,,,,,,,,,,,,,,
ABB,CASH VOL,192422,93304,58733,49.7,50.67,,,,,,,,,,,,,,,,,,,,,,,,,,,
ABB,F&O VOL,16932,8151,,,,,,,,,16932,16932,16932,16932,16932,16932,16932,16932,16932,16932,16932,16932,16932,16932,16932,16932,16932,16932,16932,16932,16932,16932
ABB,F&O OI,27227,27227,,,,,,,,,27605,27605,27605,27605,27605,27605,27605,27605,27605,27605,27605,27605,27605,27605,27605,27605,27605,27605,27605,27605,27605,27605
ABB,CALL VOL,6669,3685,,,,,,,,,6669,6669,6669,6669,6669,6669,6669,6669,6669,6669,6669,6669,6669,6669,6669,6669,6669,6669,6669,6669,6669,6669
ABB,CALL OI,4460,4460,,,,,,,,,4577,4577,4577,4577,4577,4577,4577,4577,4577,4577,4577,4577,4577,4577,4577,4577,4577,4577,4577,4577,4577,4577
ABB,PUT VOL,6774,2061,,,,,,,,,6774,6774,6774,6774,6774,6774,6774,6774,6774,6774,6774,6774,6774,6774,6774,6774,6774,6774,6774,6774,6774,6774
ABB,PUT OI,5488,5488,,,,,,,,,5565,5565,5565,5565,5565,5565,5565,5565,5565,5565,5565,5565,5565,5565,5565,5565,5565,5565,5565,5565,5565,5565
ABCAPITAL,PRICE,395.0,400.0,,,,,394.53,393.6,402.02,396.25,395.0,395.0,395.0,395.0,395.0,395.0,395.0,395.0,395.0,395.0,395.0,395.0,395.0,395.0,395.0,395.0,395.0,395.0,395.0,395.0,395.0,395.0
ABCAPITAL,VWAP,,,,,,,,,,,,,,,,,,,,,,,,,,,,,,,,
ABCAPITAL,CASH VOL,1630117,1395209,400624,44.2,47.99,,,,,,,,,,,,,,,,,,,,,,,,,,,
ABCAPITAL,F&O VOL,11344,4134,,,,,,,,,11344,11344,11344,11344,11344,11344,11344,11344,11344,11344,11344,11344,11344,11344,11344,11344,11344,11344,11344,11344,11344,11344
ABCAPITAL,F&O OI,20476,20476,,,,,,,,,21073,21073,21073,21073,21073,21073,21073,21073,21073,21073,21073,21073,21073,21073,21073,21073,21073,21073,21073,21073,21073,21073
ABCAPITAL,CALL VOL,5368,2027,,,,,,,,,5368,5368,5368,5368,5368,5368,5368,5368,5368,5368,5368,5368,5368,5368,5368,5368,5368,5368,5368,5368,5368,5368
ABCAPITAL,CALL OI,2441,2441,,,,,,,,,2770,2770,2770,2770,2770,2770,2770,2770,2770,2770,2770,2770,2770,2770,2770,2770,2770,2770,2770,2770,2770,2770
ABCAPITAL,PUT VOL,3072,1125,,,,,,,,,3072,3072,3072,3072,3072,3072,3072,3072,3072,3072,3072,3072,3072,3072,3072,3072,3072,3072,3072,3072,3072,3072
ABCAPITAL,PUT OI,3626,3626,,,,,,,,,3686,3686,3686,3686,3686,3686,3686,3686,3686,3686,3686,3686,3686,3686,3686,3686,3686,3686,3686,3686,3686,3686
ADANIENSOL,PRICE,1373.0,1391.9,,,,,1373.1,1373.03,1399.87,1380.4,1373.0,1373.0,1373.0,1373.0,1373.0,1373.0,1373.0,1373.0,1373.0,1373.0,1373.0,1373.0,1373.0,1373.0,1373.0,1373.0,1373.0,1373.0,1373.0,1373.0,1373.0,1373.0
ADANIENSOL,VWAP,,,,,,,,,,,,,,,,,,,,,,,,,,,,,,,,
ADANIENSOL,CASH VOL,1154404,1412618,364450,44.53,43.7,,,,,,,,,,,,,,,,,,,,,,,,,,,
ADANIENSOL,F&O VOL,12513,18818,,,,,,,,,12513,12513,12513,12513,12513,12513,12513,12513,12513,12513,12513,12513,12513,12513,12513,12513,12513,12513,12513,12513,12513,12513
ADANIENSOL,F&O OI,54910,54910,,,,,,,,,54935,54935,54935,54935,54935,54935,54935,54935,54935,54935,54935,54935,54935,54935,54935,54935,54935,54935,54935,54935,54935,54935
ADANIENSOL,CALL VOL,4748,6418,,,,,,,,,4748,4748,4748,4748,4748,4748,4748,4748,4748,4748,4748,4748,4748,4748,4748,4748,4748,4748,4748,4748,4748,4748
ADANIENSOL,CALL OI,4674,4674,,,,,,,,,5032,5032,5032,5032,5032,5032,5032,5032,5032,5032,5032,5032,5032,5032,5032,5032,5032,5032,5032,5032,5032,5032
ADANIENSOL,PUT VOL,2296,4686,,,,,,,,,2296,2296,2296,2296,2296,2296,2296,2296,2296,2296,2296,2296,2296,2296,2296,2296,2296,2296,2296,2296,2296,2296
ADANIENSOL,PUT OI,3786,3786,,,,,,,,,3682,3682,3682,3682,3682,3682,3682,3682,3682,3682,3682,3682,3682,3682,3682,3682,3682,3682,3682,3682,3682,3682
ADANIENT,PRICE,3060.0,3077.2,,,,,3050.67,3032.0,2924.58,2897.75,3060.0,3060.0,3060.0,3060.0,3060.0,3060.0,3060.0,3060.0,3060.0,3060.0,3060.0,3060.0,3060.0,3060.0,3060.0,3060.0,3060.0,3060.0,3060.0,3060.0,3060.0,3060.0
ADANIENT,VWAP,,,,,,,,,,,,,,,,,,,,,,,,,,,,,,,,
ADANIENT,CASH VOL,1815342,1716315,518599,47.55,39.05,,,,,,,,,,,,,,,,,,,,,,,,,,,
ADANIENT,F&O VOL,80845,94517,,,,,,,,,80845,80845,80845,80845,80845,80845,80845,80845,80845,80845,80845,80845,80845,80845,80845,80845,80845,80845,80845,80845,80845,80845
ADANIENT,F&O OI,98254,98254,,,,,,,,,96804,96804,96804,96804,96804,96804,96804,96804,96804,96804,96804,96804,96804,96804,96804,96804,96804,96804,96804,96804,96804,96804
ADANIENT,CALL VOL,38518,39693,,,,,,,,,38518,38518,38518,38518,38518,38518,38518,38518,38518,38518,38518,38518,38518,38518,38518,38518,38518,38518,38518,38518,38518,38518
ADANIENT,CALL OI,21539,21539,,,,,,,,,21012,21012,21012,21012,21012,21012,21012,21012,21012,21012,21012,21012,21012,21012,21012,21012,21012,21012,21012,21012,21012,21012
ADANIENT,PUT VOL,31378,37981,,,,,,,,,31378,31378,31378,31378,31378,31378,31378,31378,31378,31378,31378,31378,31378,31378,31378,31378,31378,31378,31378,31378,31378,31378
ADANIENT,PUT OI,14925,14925,,,,,,,,,13640,13640,13640,13640,13640,13640,13640,13640,13640,13640,13640,13640,13640,13640,13640,13640,13640,13640,13640,13640,13640,13640
ADANIGREEN,PRICE,1281.3,1299.1,,,,,1287.8,1283.47,1291.98,1273.35,1281.0,1281.0,1281.0,1281.0,1281.0,1281.0,1281.0,1281.0,1281.0,1281.0,1281.0,1281.0,1281.0,1281.0,1281.0,1281.0,1281.0,1281.0,1281.0,1281.0,1281.0,1281.0
ADANIGREEN,VWAP,,,,,,,,,,,,,,,,,,,,,,,,,,,,,,,,
ADANIGREEN,CASH VOL,997068,1163355,260943,37.35,38.0,,,,,,,,,,,,,,,,,,,,,,,,,,,
ADANIGREEN,F&O VOL,15917,17445,,,,,,,,,15917,15917,15917,15917,15917,15917,15917,15917,15917,15917,15917,15917,15917,15917,15917,15917,15917,15917,15917,15917,15917,15917
ADANIGREEN,F&O OI,57536,57536,,,,,,,,,57513,57513,57513,57513,57513,57513,57513,57513,57513,57513,57513,57513,57513,57513,57513,57513,57513,57513,57513,57513,57513,57513
ADANIGREEN,CALL VOL,7394,7101,,,,,,,,,7394,7394,7394,7394,7394,7394,7394,7394,7394,7394,7394,7394,7394,7394,7394,7394,7394,7394,7394,7394,7394,7394
ADANIGREEN,CALL OI,5657,5657,,,,,,,,,5848,5848,5848,5848,5848,5848,5848,5848,5848,5848,5848,5848,5848,5848,5848,5848,5848,5848,5848,5848,5848,5848
ADANIGREEN,PUT VOL,4205,5589,,,,,,,,,4205,4205,4205,4205,4205,4205,4205,4205,4205,4205,4205,4205,4205,4205,4205,4205,4205,4205,4205,4205,4205,4205
ADANIGREEN,PUT OI,4347,4347,,,,,,,,,4319,4319,4319,4319,4319,4319,4319,4319,4319,4319,4319,4319,4319,4319,4319,4319,4319,4319,4319,4319,4319,4319
ADANIPORTS,PRICE,1764.6,1768.0,,,,,1763.52,1761.35,1696.37,1674.5,1764.0,1764.0,1764.0,1764.0,1764.0,1764.0,1764.0,1764.0,1764.0,1764.0,1764.0,1764.0,1764.0,1764.0,1764.0,1764.0,1764.0,1764.0,1764.0,1764.0,1764.0,1764.0
ADANIPORTS,VWAP,,,,,,,,,,,,,,,,,,,,,,,,,,,,,,,,
ADANIPORTS,CASH VOL,1674823,2777377,376513,61.38,64.38,,,,,,,,,,,,,,,,,,,,,,,,,,,
ADANIPORTS,F&O VOL,38280,52655,,,,,,,,,38280,38280,38280,38280,38280,38280,38280,38280,38280,38280,38280,38280,38280,38280,38280,38280,38280,38280,38280,38280,38280,38280
ADANIPORTS,F&O OI,73704,73704,,,,,,,,,73397,73397,73397,73397,73397,73397,73397,73397,73397,73397,73397,73397,73397,73397,73397,73397,73397,73397,73397,73397,73397,73397
ADANIPORTS,CALL VOL,17966,23383,,,,,,,,,17966,17966,17966,17966,17966,17966,17966,17966,17966,17966,17966,17966,17966,17966,17966,17966,17966,17966,17966,17966,17966,17966
ADANIPORTS,CALL OI,15305,15305,,,,,,,,,15352,15352,15352,15352,15352,15352,15352,15352,15352,15352,15352,15352,15352,15352,15352,15352,15352,15352,15352,15352,15352,15352
ADANIPORTS,PUT VOL,12908,18427,,,,,,,,,12908,12908,12908,12908,12908,12908,12908,12908,12908,12908,12908,12908,12908,12908,12908,12908,12908,12908,12908,12908,12908,12908
ADANIPORTS,PUT OI,11340,11340,,,,,,,,,11326,11326,11326,11326,11326,11326,11326,11326,11326,11326,11326,11326,11326,11326,11326,11326,11326,11326,11326,11326,11326,11326
ADANIPOWER,PRICE,209.97,213.5,,,,,210.44,210.13,206.71,205.73,209.0,209.0,209.0,209.0,209.0,209.0,209.0,209.0,209.0,209.0,209.0,209.0,209.0,209.0,209.0,209.0,209.0,209.0,209.0,209.0,209.0,209.0
ADANIPOWER,VWAP,,,,,,,,,,,,,,,,,,,,,,,,,,,,,,,,
ADANIPOWER,CASH VOL,10271412,18719604,3040478,37.17,51.61,,,,,,,,,,,,,,,,,,,,,,,,,,,
ADANIPOWER,F&O VOL,27434,23488,,,,,,,,,27434,27434,27434,27434,27434,27434,27434,27434,27434,27434,27434,27434,27434,27434,27434,27434,27434,27434,27434,27434,27434,27434
ADANIPOWER,F&O OI,83872,83872,,,,,,,,,83451,83451,83451,83451,83451,83451,83451,83451,83451,83451,83451,83451,83451,83451,83451,83451,83451,83451,83451,83451,83451,83451
ADANIPOWER,CALL VOL,13483,10870,,,,,,,,,13483,13483,13483,13483,13483,13483,13483,13483,13483,13483,13483,13483,13483,13483,13483,13483,13483,13483,13483,13483,13483,13483
ADANIPOWER,CALL OI,14495,14495,,,,,,,,,14482,14482,14482,14482,14482,14482,14482,14482,14482,14482,14482,14482,14482,14482,14482,14482,14482,14482,14482,14482,14482,14482
ADANIPOWER,PUT VOL,7770,7410,,,,,,,,,7770,7770,7770,7770,7770,7770,7770,7770,7770,7770,7770,7770,7770,7770,7770,7770,7770,7770,7770,7770,7770,7770
ADANIPOWER,PUT OI,10054,10054,,,,,,,,,9839,9839,9839,9839,9839,9839,9839,9839,9839,9839,9839,9839,9839,9839,9839,9839,9839,9839,9839,9839,9839,9839
ALKEM,PRICE,5087.5,5138.0,,,,,5089.5,5088.17,5209.75,5196.58,5087.0,5087.0,5087.0,5087.0,5087.0,5087.0,5087.0,5087.0,5087.0,5087.0,5087.0,5087.0,5087.0,5087.0,5087.0,5087.0,5087.0,5087.0,5087.0,5087.0,5087.0,5087.0
ALKEM,VWAP,,,,,,,,,,,,,,,,,,,,,,,,,,,,,,,,
ALKEM,CASH VOL,238760,41390,34516,78.42,63.22,,,,,,,,,,,,,,,,,,,,,,,,,,,
ALKEM,F&O VOL,4020,3425,,,,,,,,,4020,4020,4020,4020,4020,4020,4020,4020,4020,4020,4020,4020,4020,4020,4020,4020,4020,4020,4020,4020,4020,4020
ALKEM,F&O OI,18934,18934,,,,,,,,,19287,19287,19287,19287,19287,19287,19287,19287,19287,19287,19287,19287,19287,19287,19287,19287,19287,19287,19287,19287,19287,19287
ALKEM,CALL VOL,1352,1372,,,,,,,,,1352,1352,1352,1352,1352,1352,1352,1352,1352,1352,1352,1352,1352,1352,1352,1352,1352,1352,1352,1352,1352,1352
ALKEM,CALL OI,1681,1681,,,,,,,,,1814,1814,1814,1814,1814,1814,1814,1814,1814,1814,1814,1814,1814,1814,1814,1814,1814,1814,1814,1814,1814,1814
ALKEM,PUT VOL,755,746,,,,,,,,,755,755,755,755,755,755,755,755,755,755,755,755,755,755,755,755,755,755,755,755,755,755
ALKEM,PUT OI,1913,1913,,,,,,,,,1947,1947,1947,1947,1947,1947,1947,1947,1947,1947,1947,1947,1947,1947,1947,1947,1947,1947,1947,1947,1947,1947
AMBER,PRICE,7245.0,7280.0,,,,,7227.75,7193.25,7450.25,7402.75,7245.0,7245.0,7245.0,7245.0,7245.0,7245.0,7245.0,7245.0,7245.0,7245.0,7245.0,7245.0,7245.0,7245.0,7245.0,7245.0,7245.0,7245.0,7245.0,7245.0,7245.0,7245.0
AMBER,VWAP,,,,,,,,,,,,,,,,,,,,,,,,,,,,,,,,
AMBER,CASH VOL,111991,96213,29422,36.22,31.67,,,,,,,,,,,,,,,,,,,,,,,,,,,
AMBER,F&O VOL,13409,14148,,,,,,,,,13409,13409,13409,13409,13409,13409,13409,13409,13409,13409,13409,13409,13409,13409,13409,13409,13409,13409,13409,13409,13409,13409
AMBER,F&O OI,28172,28172,,,,,,,,,27806,27806,27806,27806,27806,27806,27806,27806,27806,27806,27806,27806,27806,27806,27806,27806,27806,27806,27806,27806,27806,27806
AMBER,CALL VOL,4395,4375,,,,,,,,,4395,4395,4395,4395,4395,4395,4395,4395,4395,4395,4395,4395,4395,4395,4395,4395,4395,4395,4395,4395,4395,4395
AMBER,CALL OI,5249,5249,,,,,,,,,5562,5562,5562,5562,5562,5562,5562,5562,5562,5562,5562,5562,5562,5562,5562,5562,5562,5562,5562,5562,5562,5562
AMBER,PUT VOL,4053,5978,,,,,,,,,4053,4053,4053,4053,4053,4053,4053,4053,4053,4053,4053,4053,4053,4053,4053,4053,4053,4053,4053,4053,4053,4053
AMBER,PUT OI,5142,5142,,,,,,,,,4793,4793,4793,4793,4793,4793,4793,4793,4793,4793,4793,4793,4793,4793,4793,4793,4793,4793,4793,4793,4793,4793
AMBUJACEM,PRICE,391.85,395.6,,,,,391.43,390.6,403.88,401.62,391.0,391.0,391.0,391.0,391.0,391.0,391.0,391.0,391.0,391.0,391.0,391.0,391.0,391.0,391.0,391.0,391.0,391.0,391.0,391.0,391.0,391.0
AMBUJACEM,VWAP,,,,,,,,,,,,,,,,,,,,,,,,,,,,,,,,
AMBUJACEM,CASH VOL,1311052,1427859,271839,38.73,49.88,,,,,,,,,,,,,,,,,,,,,,,,,,,
AMBUJACEM,F&O VOL,15383,6699,,,,,,,,,15383,15383,15383,15383,15383,15383,15383,15383,15383,15383,15383,15383,15383,15383,15383,15383,15383,15383,15383,15383,15383,15383
AMBUJACEM,F&O OI,100191,100191,,,,,,,,,100791,100791,100791,100791,100791,100791,100791,100791,100791,100791,100791,100791,100791,100791,100791,100791,100791,100791,100791,100791,100791,100791
AMBUJACEM,CALL VOL,6640,3012,,,,,,,,,6640,6640,6640,6640,6640,6640,6640,6640,6640,6640,6640,6640,6640,6640,6640,6640,6640,6640,6640,6640,6640,6640
AMBUJACEM,CALL OI,6488,6488,,,,,,,,,6557,6557,6557,6557,6557,6557,6557,6557,6557,6557,6557,6557,6557,6557,6557,6557,6557,6557,6557,6557,6557,6557
AMBUJACEM,PUT VOL,2753,1049,,,,,,,,,2753,2753,2753,2753,2753,2753,2753,2753,2753,2753,2753,2753,2753,2753,2753,2753,2753,2753,2753,2753,2753,2753
AMBUJACEM,PUT OI,4147,4147,,,,,,,,,4224,4224,4224,4224,4224,4224,4224,4224,4224,4224,4224,4224,4224,4224,4224,4224,4224,4224,4224,4224,4224,4224
ANGELONE,PRICE,305.0,297.3,,,,,302.74,298.23,297.13,291.8,305.0,305.0,305.0,305.0,305.0,305.0,305.0,305.0,305.0,305.0,305.0,305.0,305.0,305.0,305.0,305.0,305.0,305.0,305.0,305.0,305.0,305.0
ANGELONE,VWAP,,,,,,,,,,,,,,,,,,,,,,,,,,,,,,,,
ANGELONE,CASH VOL,5942668,2559910,2966785,36.56,36.63,,,,,,,,,,,,,,,,,,,,,,,,,,,
ANGELONE,F&O VOL,33125,10090,,,,,,,,,33125,33125,33125,33125,33125,33125,33125,33125,33125,33125,33125,33125,33125,33125,33125,33125,33125,33125,33125,33125,33125,33125
ANGELONE,F&O OI,29654,29654,,,,,,,,,29940,29940,29940,29940,29940,29940,29940,29940,29940,29940,29940,29940,29940,29940,29940,29940,29940,29940,29940,29940,29940,29940
ANGELONE,CALL VOL,17025,5375,,,,,,,,,17025,17025,17025,17025,17025,17025,17025,17025,17025,17025,17025,17025,17025,17025,17025,17025,17025,17025,17025,17025,17025,17025
ANGELONE,CALL OI,8797,8797,,,,,,,,,8662,8662,8662,8662,8662,8662,8662,8662,8662,8662,8662,8662,8662,8662,8662,8662,8662,8662,8662,8662,8662,8662
ANGELONE,PUT VOL,6362,2585,,,,,,,,,6362,6362,6362,6362,6362,6362,6362,6362,6362,6362,6362,6362,6362,6362,6362,6362,6362,6362,6362,6362,6362,6362
ANGELONE,PUT OI,4025,4025,,,,,,,,,4460,4460,4460,4460,4460,4460,4460,4460,4460,4460,4460,4460,4460,4460,4460,4460,4460,4460,4460,4460,4460,4460
APLAPOLLO,PRICE,2153.5,2194.8,,,,,2150.0,2143.0,2236.25,2208.75,2153.0,2153.0,2153.0,2153.0,2153.0,2153.0,2153.0,2153.0,2153.0,2153.0,2153.0,2153.0,2153.0,2153.0,2153.0,2153.0,2153.0,2153.0,2153.0,2153.0,2153.0,2153.0
APLAPOLLO,VWAP,,,,,,,,,,,,,,,,,,,,,,,,,,,,,,,,
APLAPOLLO,CASH VOL,591497,292273,147089,45.68,52.44,,,,,,,,,,,,,,,,,,,,,,,,,,,
APLAPOLLO,F&O VOL,10502,4777,,,,,,,,,10502,10502,10502,10502,10502,10502,10502,10502,10502,10502,10502,10502,10502,10502,10502,10502,10502,10502,10502,10502,10502,10502
APLAPOLLO,F&O OI,47407,47407,,,,,,,,,48585,48585,48585,48585,48585,48585,48585,48585,48585,48585,48585,48585,48585,48585,48585,48585,48585,48585,48585,48585,48585,48585
APLAPOLLO,CALL VOL,3959,1508,,,,,,,,,3959,3959,3959,3959,3959,3959,3959,3959,3959,3959,3959,3959,3959,3959,3959,3959,3959,3959,3959,3959,3959,3959
APLAPOLLO,CALL OI,3898,3898,,,,,,,,,4341,4341,4341,4341,4341,4341,4341,4341,4341,4341,4341,4341,4341,4341,4341,4341,4341,4341,4341,4341,4341,4341
APLAPOLLO,PUT VOL,2062,914,,,,,,,,,2062,2062,2062,2062,2062,2062,2062,2062,2062,2062,2062,2062,2062,2062,2062,2062,2062,2062,2062,2062,2062,2062
APLAPOLLO,PUT OI,3101,3101,,,,,,,,,3176,3176,3176,3176,3176,3176,3176,3176,3176,3176,3176,3176,3176,3176,3176,3176,3176,3176,3176,3176,3176,3176
APOLLOHOSP,PRICE,8836.0,8900.0,,,,,8878.0,8850.0,8712.75,8670.92,8836.0,8836.0,8836.0,8836.0,8836.0,8836.0,8836.0,8836.0,8836.0,8836.0,8836.0,8836.0,8836.0,8836.0,8836.0,8836.0,8836.0,8836.0,8836.0,8836.0,8836.0,8836.0
APOLLOHOSP,VWAP,,,,,,,,,,,,,,,,,,,,,,,,,,,,,,,,
APOLLOHOSP,CASH VOL,207930,329159,48524,61.09,64.29,,,,,,,,,,,,,,,,,,,,,,,,,,,
APOLLOHOSP,F&O VOL,24609,28693,,,,,,,,,24609,24609,24609,24609,24609,24609,24609,24609,24609,24609,24609,24609,24609,24609,24609,24609,24609,24609,24609,24609,24609,24609
APOLLOHOSP,F&O OI,39475,39475,,,,,,,,,39043,39043,39043,39043,39043,39043,39043,39043,39043,39043,39043,39043,39043,39043,39043,39043,39043,39043,39043,39043,39043,39043
APOLLOHOSP,CALL VOL,13500,12987,,,,,,,,,13500,13500,13500,13500,13500,13500,13500,13500,13500,13500,13500,13500,13500,13500,13500,13500,13500,13500,13500,13500,13500,13500
APOLLOHOSP,CALL OI,7620,7620,,,,,,,,,7436,7436,7436,7436,7436,7436,7436,7436,7436,7436,7436,7436,7436,7436,7436,7436,7436,7436,7436,7436,7436,7436
APOLLOHOSP,PUT VOL,7830,8622,,,,,,,,,7830,7830,7830,7830,7830,7830,7830,7830,7830,7830,7830,7830,7830,7830,7830,7830,7830,7830,7830,7830,7830,7830
APOLLOHOSP,PUT OI,5856,5856,,,,,,,,,5650,5650,5650,5650,5650,5650,5650,5650,5650,5650,5650,5650,5650,5650,5650,5650,5650,5650,5650,5650,5650,5650
ASHOKLEY,PRICE,163.75,166.12,,,,,163.34,162.52,169.16,169.05,163.0,163.0,163.0,163.0,163.0,163.0,163.0,163.0,163.0,163.0,163.0,163.0,163.0,163.0,163.0,163.0,163.0,163.0,163.0,163.0,163.0,163.0
ASHOKLEY,VWAP,,,,,,,,,,,,,,,,,,,,,,,,,,,,,,,,
ASHOKLEY,CASH VOL,19044403,16214508,2667126,48.72,49.56,,,,,,,,,,,,,,,,,,,,,,,,,,,
ASHOKLEY,F&O VOL,39664,29818,,,,,,,,,39664,39664,39664,39664,39664,39664,39664,39664,39664,39664,39664,39664,39664,39664,39664,39664,39664,39664,39664,39664,39664,39664
ASHOKLEY,F&O OI,58110,58110,,,,,,,,,58130,58130,58130,58130,58130,58130,58130,58130,58130,58130,58130,58130,58130,58130,58130,58130,58130,58130,58130,58130,58130,58130
ASHOKLEY,CALL VOL,15303,10088,,,,,,,,,15303,15303,15303,15303,15303,15303,15303,15303,15303,15303,15303,15303,15303,15303,15303,15303,15303,15303,15303,15303,15303,15303
ASHOKLEY,CALL OI,6099,6099,,,,,,,,,6498,6498,6498,6498,6498,6498,6498,6498,6498,6498,6498,6498,6498,6498,6498,6498,6498,6498,6498,6498,6498,6498
ASHOKLEY,PUT VOL,10627,8413,,,,,,,,,10627,10627,10627,10627,10627,10627,10627,10627,10627,10627,10627,10627,10627,10627,10627,10627,10627,10627,10627,10627,10627,10627
ASHOKLEY,PUT OI,8053,8053,,,,,,,,,8210,8210,8210,8210,8210,8210,8210,8210,8210,8210,8210,8210,8210,8210,8210,8210,8210,8210,8210,8210,8210,8210
ASIANPAINT,PRICE,2472.5,2498.1,,,,,2467.55,2457.65,2532.3,2528.97,2472.0,2472.0,2472.0,2472.0,2472.0,2472.0,2472.0,2472.0,2472.0,2472.0,2472.0,2472.0,2472.0,2472.0,2472.0,2472.0,2472.0,2472.0,2472.0,2472.0,2472.0,2472.0
ASIANPAINT,VWAP,,,,,,,,,,,,,,,,,,,,,,,,,,,,,,,,
ASIANPAINT,CASH VOL,653006,549332,211432,54.05,70.29,,,,,,,,,,,,,,,,,,,,,,,,,,,
ASIANPAINT,F&O VOL,33549,16885,,,,,,,,,33549,33549,33549,33549,33549,33549,33549,33549,33549,33549,33549,33549,33549,33549,33549,33549,33549,33549,33549,33549,33549,33549
ASIANPAINT,F&O OI,64837,64837,,,,,,,,,65258,65258,65258,65258,65258,65258,65258,65258,65258,65258,65258,65258,65258,65258,65258,65258,65258,65258,65258,65258,65258,65258
ASIANPAINT,CALL VOL,10738,4713,,,,,,,,,10738,10738,10738,10738,10738,10738,10738,10738,10738,10738,10738,10738,10738,10738,10738,10738,10738,10738,10738,10738,10738,10738
ASIANPAINT,CALL OI,3810,3810,,,,,,,,,5083,5083,5083,5083,5083,5083,5083,5083,5083,5083,5083,5083,5083,5083,5083,5083,5083,5083,5083,5083,5083,5083
ASIANPAINT,PUT VOL,11498,5782,,,,,,,,,11498,11498,11498,11498,11498,11498,11498,11498,11498,11498,11498,11498,11498,11498,11498,11498,11498,11498,11498,11498,11498,11498
ASIANPAINT,PUT OI,8011,8011,,,,,,,,,7796,7796,7796,7796,7796,7796,7796,7796,7796,7796,7796,7796,7796,7796,7796,7796,7796,7796,7796,7796,7796,7796
ASTRAL,PRICE,1411.4,1459.0,,,,,1429.25,1417.35,1496.55,1494.12,1411.0,1411.0,1411.0,1411.0,1411.0,1411.0,1411.0,1411.0,1411.0,1411.0,1411.0,1411.0,1411.0,1411.0,1411.0,1411.0,1411.0,1411.0,1411.0,1411.0,1411.0,1411.0
ASTRAL,VWAP,,,,,,,,,,,,,,,,,,,,,,,,,,,,,,,,
ASTRAL,CASH VOL,872167,914375,261364,60.09,62.33,,,,,,,,,,,,,,,,,,,,,,,,,,,
ASTRAL,F&O VOL,19893,12693,,,,,,,,,19893,19893,19893,19893,19893,19893,19893,19893,19893,19893,19893,19893,19893,19893,19893,19893,19893,19893,19893,19893,19893,19893
ASTRAL,F&O OI,24614,24614,,,,,,,,,27780,27780,27780,27780,27780,27780,27780,27780,27780,27780,27780,27780,27780,27780,27780,27780,27780,27780,27780,27780,27780,27780
ASTRAL,CALL VOL,6367,3408,,,,,,,,,6367,6367,6367,6367,6367,6367,6367,6367,6367,6367,6367,6367,6367,6367,6367,6367,6367,6367,6367,6367,6367,6367
ASTRAL,CALL OI,1787,1787,,,,,,,,,2706,2706,2706,2706,2706,2706,2706,2706,2706,2706,2706,2706,2706,2706,2706,2706,2706,2706,2706,2706,2706,2706
ASTRAL,PUT VOL,5890,3623,,,,,,,,,5890,5890,5890,5890,5890,5890,5890,5890,5890,5890,5890,5890,5890,5890,5890,5890,5890,5890,5890,5890,5890,5890
ASTRAL,PUT OI,2282,2282,,,,,,,,,2518,2518,2518,2518,2518,2518,2518,2518,2518,2518,2518,2518,2518,2518,2518,2518,2518,2518,2518,2518,2518,2518
AUBANK,PRICE,1058.9,1054.7,,,,,1055.0,1047.2,1071.85,1067.28,1058.0,1058.0,1058.0,1058.0,1058.0,1058.0,1058.0,1058.0,1058.0,1058.0,1058.0,1058.0,1058.0,1058.0,1058.0,1058.0,1058.0,1058.0,1058.0,1058.0,1058.0,1058.0
AUBANK,VWAP,,,,,,,,,,,,,,,,,,,,,,,,,,,,,,,,
AUBANK,CASH VOL,1058773,1126434,359654,47.94,55.0,,,,,,,,,,,,,,,,,,,,,,,,,,,
AUBANK,F&O VOL,16182,17558,,,,,,,,,16182,16182,16182,16182,16182,16182,16182,16182,16182,16182,16182,16182,16182,16182,16182,16182,16182,16182,16182,16182,16182,16182
AUBANK,F&O OI,38329,38329,,,,,,,,,38649,38649,38649,38649,38649,38649,38649,38649,38649,38649,38649,38649,38649,38649,38649,38649,38649,38649,38649,38649,38649,38649
AUBANK,CALL VOL,9018,9677,,,,,,,,,9018,9018,9018,9018,9018,9018,9018,9018,9018,9018,9018,9018,9018,9018,9018,9018,9018,9018,9018,9018,9018,9018
AUBANK,CALL OI,6509,6509,,,,,,,,,6773,6773,6773,6773,6773,6773,6773,6773,6773,6773,6773,6773,6773,6773,6773,6773,6773,6773,6773,6773,6773,6773
AUBANK,PUT VOL,4739,5150,,,,,,,,,4739,4739,4739,4739,4739,4739,4739,4739,4739,4739,4739,4739,4739,4739,4739,4739,4739,4739,4739,4739,4739,4739
AUBANK,PUT OI,6134,6134,,,,,,,,,6146,6146,6146,6146,6146,6146,6146,6146,6146,6146,6146,6146,6146,6146,6146,6146,6146,6146,6146,6146,6146,6146
AUROPHARMA,PRICE,1679.8,1668.4,,,,,1676.02,1668.45,1658.8,1655.0,1679.0,1679.0,1679.0,1679.0,1679.0,1679.0,1679.0,1679.0,1679.0,1679.0,1679.0,1679.0,1679.0,1679.0,1679.0,1679.0,1679.0,1679.0,1679.0,1679.0,1679.0,1679.0
AUROPHARMA,VWAP,,,,,,,,,,,,,,,,,,,,,,,,,,,,,,,,
AUROPHARMA,CASH VOL,494251,798368,164497,50.35,54.32,,,,,,,,,,,,,,,,,,,,,,,,,,,
AUROPHARMA,F&O VOL,10093,13134,,,,,,,,,10093,10093,10093,10093,10093,10093,10093,10093,10093,10093,10093,10093,10093,10093,10093,10093,10093,10093,10093,10093,10093,10093
AUROPHARMA,F&O OI,36549,36549,,,,,,,,,36668,36668,36668,36668,36668,36668,36668,36668,36668,36668,36668,36668,36668,36668,36668,36668,36668,36668,36668,36668,36668,36668
AUROPHARMA,CALL VOL,5222,4449,,,,,,,,,5222,5222,5222,5222,5222,5222,5222,5222,5222,5222,5222,5222,5222,5222,5222,5222,5222,5222,5222,5222,5222,5222
AUROPHARMA,CALL OI,8551,8551,,,,,,,,,8663,8663,8663,8663,8663,8663,8663,8663,8663,8663,8663,8663,8663,8663,8663,8663,8663,8663,8663,8663,8663,8663
AUROPHARMA,PUT VOL,2797,5733,,,,,,,,,2797,2797,2797,2797,2797,2797,2797,2797,2797,2797,2797,2797,2797,2797,2797,2797,2797,2797,2797,2797,2797,2797
AUROPHARMA,PUT OI,3829,3829,,,,,,,,,3790,3790,3790,3790,3790,3790,3790,3790,3790,3790,3790,3790,3790,3790,3790,3790,3790,3790,3790,3790,3790,3790
AXISBANK,PRICE,1246.0,1246.0,,,,,1244.43,1241.3,1270.45,1265.35,1246.0,1246.0,1246.0,1246.0,1246.0,1246.0,1246.0,1246.0,1246.0,1246.0,1246.0,1246.0,1246.0,1246.0,1246.0,1246.0,1246.0,1246.0,1246.0,1246.0,1246.0,1246.0
AXISBANK,VWAP,,,,,,,,,,,,,,,,,,,,,,,,,,,,,,,,
AXISBANK,CASH VOL,4562285,4150654,1426390,57.75,64.9,,,,,,,,,,,,,,,,,,,,,,,,,,,
AXISBANK,F&O VOL,84763,81231,,,,,,,,,84763,84763,84763,84763,84763,84763,84763,84763,84763,84763,84763,84763,84763,84763,84763,84763,84763,84763,84763,84763,84763,84763
AXISBANK,F&O OI,202378,202378,,,,,,,,,201686,201686,201686,201686,201686,201686,201686,201686,201686,201686,201686,201686,201686,201686,201686,201686,201686,201686,201686,201686,201686,201686
AXISBANK,CALL VOL,39163,40305,,,,,,,,,39163,39163,39163,39163,39163,39163,39163,39163,39163,39163,39163,39163,39163,39163,39163,39163,39163,39163,39163,39163,39163,39163
AXISBANK,CALL OI,25381,25381,,,,,,,,,25156,25156,25156,25156,25156,25156,25156,25156,25156,25156,25156,25156,25156,25156,25156,25156,25156,25156,25156,25156,25156,25156
AXISBANK,PUT VOL,32184,31096,,,,,,,,,32184,32184,32184,32184,32184,32184,32184,32184,32184,32184,32184,32184,32184,32184,32184,32184,32184,32184,32184,32184,32184,32184
AXISBANK,PUT OI,16992,16992,,,,,,,,,17341,17341,17341,17341,17341,17341,17341,17341,17341,17341,17341,17341,17341,17341,17341,17341,17341,17341,17341,17341,17341,17341
BAJAJ-AUTO,PRICE,11678.0,11768.0,,,,,11660.67,11626.0,12074.0,11970.67,11678.0,11678.0,11678.0,11678.0,11678.0,11678.0,11678.0,11678.0,11678.0,11678.0,11678.0,11678.0,11678.0,11678.0,11678.0,11678.0,11678.0,11678.0,11678.0,11678.0,11678.0,11678.0
BAJAJ-AUTO,VWAP,,,,,,,,,,,,,,,,,,,,,,,,,,,,,,,,
BAJAJ-AUTO,CASH VOL,214731,121394,49384,64.81,44.56,,,,,,,,,,,,,,,,,,,,,,,,,,,
BAJAJ-AUTO,F&O VOL,41178,27410,,,,,,,,,41178,41178,41178,41178,41178,41178,41178,41178,41178,41178,41178,41178,41178,41178,41178,41178,41178,41178,41178,41178,41178,41178
BAJAJ-AUTO,F&O OI,58463,58463,,,,,,,,,59004,59004,59004,59004,59004,59004,59004,59004,59004,59004,59004,59004,59004,59004,59004,59004,59004,59004,59004,59004,59004,59004
BAJAJ-AUTO,CALL VOL,13121,8129,,,,,,,,,13121,13121,13121,13121,13121,13121,13121,13121,13121,13121,13121,13121,13121,13121,13121,13121,13121,13121,13121,13121,13121,13121
BAJAJ-AUTO,CALL OI,8100,8100,,,,,,,,,7799,7799,7799,7799,7799,7799,7799,7799,7799,7799,7799,7799,7799,7799,7799,7799,7799,7799,7799,7799,7799,7799
BAJAJ-AUTO,PUT VOL,12860,7932,,,,,,,,,12860,12860,12860,12860,12860,12860,12860,12860,12860,12860,12860,12860,12860,12860,12860,12860,12860,12860,12860,12860,12860,12860
BAJAJ-AUTO,PUT OI,10511,10511,,,,,,,,,10968,10968,10968,10968,10968,10968,10968,10968,10968,10968,10968,10968,10968,10968,10968,10968,10968,10968,10968,10968,10968,10968
BAJAJFINSV,PRICE,1913.5,1940.5,,,,,1912.5,1910.5,1969.53,1968.6,1913.0,1913.0,1913.0,1913.0,1913.0,1913.0,1913.0,1913.0,1913.0,1913.0,1913.0,1913.0,1913.0,1913.0,1913.0,1913.0,1913.0,1913.0,1913.0,1913.0,1913.0,1913.0
BAJAJFINSV,VWAP,,,,,,,,,,,,,,,,,,,,,,,,,,,,,,,,
BAJAJFINSV,CASH VOL,762375,658197,264477,52.03,51.71,,,,,,,,,,,,,,,,,,,,,,,,,,,
BAJAJFINSV,F&O VOL,31893,10016,,,,,,,,,31893,31893,31893,31893,31893,31893,31893,31893,31893,31893,31893,31893,31893,31893,31893,31893,31893,31893,31893,31893,31893,31893
BAJAJFINSV,F&O OI,57888,57888,,,,,,,,,59705,59705,59705,59705,59705,59705,59705,59705,59705,59705,59705,59705,59705,59705,59705,59705,59705,59705,59705,59705,59705,59705
BAJAJFINSV,CALL VOL,13573,4347,,,,,,,,,13573,13573,13573,13573,13573,13573,13573,13573,13573,13573,13573,13573,13573,13573,13573,13573,13573,13573,13573,13573,13573,13573
BAJAJFINSV,CALL OI,10468,10468,,,,,,,,,13528,13528,13528,13528,13528,13528,13528,13528,13528,13528,13528,13528,13528,13528,13528,13528,13528,13528,13528,13528,13528,13528
BAJAJFINSV,PUT VOL,8467,2751,,,,,,,,,8467,8467,8467,8467,8467,8467,8467,8467,8467,8467,8467,8467,8467,8467,8467,8467,8467,8467,8467,8467,8467,8467
BAJAJFINSV,PUT OI,7893,7893,,,,,,,,,8608,8608,8608,8608,8608,8608,8608,8608,8608,8608,8608,8608,8608,8608,8608,8608,8608,8608,8608,8608,8608,8608
BAJAJHLDNG,PRICE,11134.0,10992.0,,,,,11100.67,11034.0,11191.5,11171.83,11134.0,11134.0,11134.0,11134.0,11134.0,11134.0,11134.0,11134.0,11134.0,11134.0,11134.0,11134.0,11134.0,11134.0,11134.0,11134.0,11134.0,11134.0,11134.0,11134.0,11134.0,11134.0
BAJAJHLDNG,VWAP,,,,,,,,,,,,,,,,,,,,,,,,,,,,,,,,
BAJAJHLDNG,CASH VOL,49910,18035,14404,48.4,47.7,,,,,,,,,,,,,,,,,,,,,,,,,,,
BAJAJHLDNG,F&O VOL,1945,411,,,,,,,,,1945,1945,1945,1945,1945,1945,1945,1945,1945,1945,1945,1945,1945,1945,1945,1945,1945,1945,1945,1945,1945,1945
BAJAJHLDNG,F&O OI,4919,4919,,,,,,,,,4893,4893,4893,4893,4893,4893,4893,4893,4893,4893,4893,4893,4893,4893,4893,4893,4893,4893,4893,4893,4893,4893
BAJAJHLDNG,CALL VOL,1285,141,,,,,,,,,1285,1285,1285,1285,1285,1285,1285,1285,1285,1285,1285,1285,1285,1285,1285,1285,1285,1285,1285,1285,1285,1285
BAJAJHLDNG,CALL OI,749,749,,,,,,,,,823,823,823,823,823,823,823,823,823,823,823,823,823,823,823,823,823,823,823,823,823,823
BAJAJHLDNG,PUT VOL,83,39,,,,,,,,,83,83,83,83,83,83,83,83,83,83,83,83,83,83,83,83,83,83,83,83,83,83
BAJAJHLDNG,PUT OI,447,447,,,,,,,,,436,436,436,436,436,436,436,436,436,436,436,436,436,436,436,436,436,436,436,436,436,436
BAJFINANCE,PRICE,1034.5,1043.5,,,,,1031.35,1025.05,1056.73,1049.2,1034.0,1034.0,1034.0,1034.0,1034.0,1034.0,1034.0,1034.0,1034.0,1034.0,1034.0,1034.0,1034.0,1034.0,1034.0,1034.0,1034.0,1034.0,1034.0,1034.0,1034.0,1034.0
BAJFINANCE,VWAP,,,,,,,,,,,,,,,,,,,,,,,,,,,,,,,,
BAJFINANCE,CASH VOL,5411299,3902988,1424380,64.25,65.15,,,,,,,,,,,,,,,,,,,,,,,,,,,
BAJFINANCE,F&O VOL,54142,20388,,,,,,,,,54142,54142,54142,54142,54142,54142,54142,54142,54142,54142,54142,54142,54142,54142,54142,54142,54142,54142,54142,54142,54142,54142
BAJFINANCE,F&O OI,138570,138570,,,,,,,,,141662,141662,141662,141662,141662,141662,141662,141662,141662,141662,141662,141662,141662,141662,141662,141662,141662,141662,141662,141662,141662,141662
BAJFINANCE,CALL VOL,16602,6323,,,,,,,,,16602,16602,16602,16602,16602,16602,16602,16602,16602,16602,16602,16602,16602,16602,16602,16602,16602,16602,16602,16602,16602,16602
BAJFINANCE,CALL OI,7563,7563,,,,,,,,,8662,8662,8662,8662,8662,8662,8662,8662,8662,8662,8662,8662,8662,8662,8662,8662,8662,8662,8662,8662,8662,8662
BAJFINANCE,PUT VOL,16470,5446,,,,,,,,,16470,16470,16470,16470,16470,16470,16470,16470,16470,16470,16470,16470,16470,16470,16470,16470,16470,16470,16470,16470,16470,16470
BAJFINANCE,PUT OI,11889,11889,,,,,,,,,12703,12703,12703,12703,12703,12703,12703,12703,12703,12703,12703,12703,12703,12703,12703,12703,12703,12703,12703,12703,12703,12703
BANDHANBNK,PRICE,176.52,174.0,,,,,175.91,174.69,164.54,163.71,176.0,176.0,176.0,176.0,176.0,176.0,176.0,176.0,176.0,176.0,176.0,176.0,176.0,176.0,176.0,176.0,176.0,176.0,176.0,176.0,176.0,176.0
BANDHANBNK,VWAP,,,,,,,,,,,,,,,,,,,,,,,,,,,,,,,,
BANDHANBNK,CASH VOL,25334991,11859976,2756852,57.58,55.79,,,,,,,,,,,,,,,,,,,,,,,,,,,
BANDHANBNK,F&O VOL,5023,1923,,,,,,,,,5023,5023,5023,5023,5023,5023,5023,5023,5023,5023,5023,5023,5023,5023,5023,5023,5023,5023,5023,5023,5023,5023
BANDHANBNK,F&O OI,54468,54468,,,,,,,,,50689,50689,50689,50689,50689,50689,50689,50689,50689,50689,50689,50689,50689,50689,50689,50689,50689,50689,50689,50689,50689,50689
BANDHANBNK,CALL VOL,1533,762,,,,,,,,,1533,1533,1533,1533,1533,1533,1533,1533,1533,1533,1533,1533,1533,1533,1533,1533,1533,1533,1533,1533,1533,1533
BANDHANBNK,CALL OI,9338,9338,,,,,,,,,8374,8374,8374,8374,8374,8374,8374,8374,8374,8374,8374,8374,8374,8374,8374,8374,8374,8374,8374,8374,8374,8374
BANDHANBNK,PUT VOL,859,405,,,,,,,,,859,859,859,859,859,859,859,859,859,859,859,859,859,859,859,859,859,859,859,859,859,859
BANDHANBNK,PUT OI,6104,6104,,,,,,,,,5620,5620,5620,5620,5620,5620,5620,5620,5620,5620,5620,5620,5620,5620,5620,5620,5620,5620,5620,5620,5620,5620
BANKBARODA,PRICE,238.13,237.62,,,,,237.49,236.22,240.0,239.33,238.0,238.0,238.0,238.0,238.0,238.0,238.0,238.0,238.0,238.0,238.0,238.0,238.0,238.0,238.0,238.0,238.0,238.0,238.0,238.0,238.0,238.0
BANKBARODA,VWAP,,,,,,,,,,,,,,,,,,,,,,,,,,,,,,,,
BANKBARODA,CASH VOL,7018275,8949331,1996800,52.12,47.92,,,,,,,,,,,,,,,,,,,,,,,,,,,
BANKBARODA,F&O VOL,21648,42820,,,,,,,,,21648,21648,21648,21648,21648,21648,21648,21648,21648,21648,21648,21648,21648,21648,21648,21648,21648,21648,21648,21648,21648,21648
BANKBARODA,F&O OI,84184,84184,,,,,,,,,83631,83631,83631,83631,83631,83631,83631,83631,83631,83631,83631,83631,83631,83631,83631,83631,83631,83631,83631,83631,83631,83631
BANKBARODA,CALL VOL,12046,24351,,,,,,,,,12046,12046,12046,12046,12046,12046,12046,12046,12046,12046,12046,12046,12046,12046,12046,12046,12046,12046,12046,12046,12046,12046
BANKBARODA,CALL OI,14671,14671,,,,,,,,,14298,14298,14298,14298,14298,14298,14298,14298,14298,14298,14298,14298,14298,14298,14298,14298,14298,14298,14298,14298,14298,14298
BANKBARODA,PUT VOL,5894,11985,,,,,,,,,5894,5894,5894,5894,5894,5894,5894,5894,5894,5894,5894,5894,5894,5894,5894,5894,5894,5894,5894,5894,5894,5894
BANKBARODA,PUT OI,11101,11101,,,,,,,,,11139,11139,11139,11139,11139,11139,11139,11139,11139,11139,11139,11139,11139,11139,11139,11139,11139,11139,11139,11139,11139,11139
BANKINDIA,PRICE,140.0,141.0,,,,,139.56,138.68,144.4,143.19,140.0,140.0,140.0,140.0,140.0,140.0,140.0,140.0,140.0,140.0,140.0,140.0,140.0,140.0,140.0,140.0,140.0,140.0,140.0,140.0,140.0,140.0
BANKINDIA,VWAP,,,,,,,,,,,,,,,,,,,,,,,,,,,,,,,,
BANKINDIA,CASH VOL,4385344,5321538,1387741,36.27,45.88,,,,,,,,,,,,,,,,,,,,,,,,,,,
BANKINDIA,F&O VOL,6516,6059,,,,,,,,,6516,6516,6516,6516,6516,6516,6516,6516,6516,6516,6516,6516,6516,6516,6516,6516,6516,6516,6516,6516,6516,6516
BANKINDIA,F&O OI,27250,27250,,,,,,,,,27430,27430,27430,27430,27430,27430,27430,27430,27430,27430,27430,27430,27430,27430,27430,27430,27430,27430,27430,27430,27430,27430
BANKINDIA,CALL VOL,2560,3274,,,,,,,,,2560,2560,2560,2560,2560,2560,2560,2560,2560,2560,2560,2560,2560,2560,2560,2560,2560,2560,2560,2560,2560,2560
BANKINDIA,CALL OI,4554,4554,,,,,,,,,4664,4664,4664,4664,4664,4664,4664,4664,4664,4664,4664,4664,4664,4664,4664,4664,4664,4664,4664,4664,4664,4664
BANKINDIA,PUT VOL,2496,986,,,,,,,,,2496,2496,2496,2496,2496,2496,2496,2496,2496,2496,2496,2496,2496,2496,2496,2496,2496,2496,2496,2496,2496,2496
BANKINDIA,PUT OI,5433,5433,,,,,,,,,5467,5467,5467,5467,5467,5467,5467,5467,5467,5467,5467,5467,5467,5467,5467,5467,5467,5467,5467,5467,5467,5467
BDL,PRICE,1190.0,1195.0,,,,,1186.17,1178.5,1262.0,1257.33,1190.0,1190.0,1190.0,1190.0,1190.0,1190.0,1190.0,1190.0,1190.0,1190.0,1190.0,1190.0,1190.0,1190.0,1190.0,1190.0,1190.0,1190.0,1190.0,1190.0,1190.0,1190.0
BDL,VWAP,,,,,,,,,,,,,,,,,,,,,,,,,,,,,,,,
BDL,CASH VOL,974802,1240303,206969,33.34,31.29,,,,,,,,,,,,,,,,,,,,,,,,,,,
BDL,F&O VOL,29883,33162,,,,,,,,,29883,29883,29883,29883,29883,29883,29883,29883,29883,29883,29883,29883,29883,29883,29883,29883,29883,29883,29883,29883,29883,29883
BDL,F&O OI,59448,59448,,,,,,,,,60994,60994,60994,60994,60994,60994,60994,60994,60994,60994,60994,60994,60994,60994,60994,60994,60994,60994,60994,60994,60994,60994
BDL,CALL VOL,10604,8850,,,,,,,,,10604,10604,10604,10604,10604,10604,10604,10604,10604,10604,10604,10604,10604,10604,10604,10604,10604,10604,10604,10604,10604,10604
BDL,CALL OI,7543,7543,,,,,,,,,8611,8611,8611,8611,8611,8611,8611,8611,8611,8611,8611,8611,8611,8611,8611,8611,8611,8611,8611,8611,8611,8611
BDL,PUT VOL,7557,10504,,,,,,,,,7557,7557,7557,7557,7557,7557,7557,7557,7557,7557,7557,7557,7557,7557,7557,7557,7557,7557,7557,7557,7557,7557
BDL,PUT OI,8164,8164,,,,,,,,,8210,8210,8210,8210,8210,8210,8210,8210,8210,8210,8210,8210,8210,8210,8210,8210,8210,8210,8210,8210,8210,8210
BEL,PRICE,404.35,405.0,,,,,403.68,402.32,408.0,406.23,404.0,404.0,404.0,404.0,404.0,404.0,404.0,404.0,404.0,404.0,404.0,404.0,404.0,404.0,404.0,404.0,404.0,404.0,404.0,404.0,404.0,404.0
BEL,VWAP,,,,,,,,,,,,,,,,,,,,,,,,,,,,,,,,
BEL,CASH VOL,7805974,8716895,2164502,61.42,54.4,,,,,,,,,,,,,,,,,,,,,,,,,,,
BEL,F&O VOL,35709,45122,,,,,,,,,35709,35709,35709,35709,35709,35709,35709,35709,35709,35709,35709,35709,35709,35709,35709,35709,35709,35709,35709,35709,35709,35709
BEL,F&O OI,136812,136812,,,,,,,,,135939,135939,135939,135939,135939,135939,135939,135939,135939,135939,135939,135939,135939,135939,135939,135939,135939,135939,135939,135939,135939,135939
BEL,CALL VOL,18971,22797,,,,,,,,,18971,18971,18971,18971,18971,18971,18971,18971,18971,18971,18971,18971,18971,18971,18971,18971,18971,18971,18971,18971,18971,18971
BEL,CALL OI,25562,25562,,,,,,,,,25558,25558,25558,25558,25558,25558,25558,25558,25558,25558,25558,25558,25558,25558,25558,25558,25558,25558,25558,25558,25558,25558
BEL,PUT VOL,8818,10900,,,,,,,,,8818,8818,8818,8818,8818,8818,8818,8818,8818,8818,8818,8818,8818,8818,8818,8818,8818,8818,8818,8818,8818,8818
BEL,PUT OI,16314,16314,,,,,,,,,16236,16236,16236,16236,16236,16236,16236,16236,16236,16236,16236,16236,16236,16236,16236,16236,16236,16236,16236,16236,16236,16236
BHARATFORG,PRICE,1944.9,1954.9,,,,,1939.35,1928.25,1998.55,1970.18,1944.0,1944.0,1944.0,1944.0,1944.0,1944.0,1944.0,1944.0,1944.0,1944.0,1944.0,1944.0,1944.0,1944.0,1944.0,1944.0,1944.0,1944.0,1944.0,1944.0,1944.0,1944.0
BHARATFORG,VWAP,,,,,,,,,,,,,,,,,,,,,,,,,,,,,,,,
BHARATFORG,CASH VOL,283776,403296,97474,40.07,49.67,,,,,,,,,,,,,,,,,,,,,,,,,,,
BHARATFORG,F&O VOL,11921,7794,,,,,,,,,11921,11921,11921,11921,11921,11921,11921,11921,11921,11921,11921,11921,11921,11921,11921,11921,11921,11921,11921,11921,11921,11921
BHARATFORG,F&O OI,29567,29567,,,,,,,,,30197,30197,30197,30197,30197,30197,30197,30197,30197,30197,30197,30197,30197,30197,30197,30197,30197,30197,30197,30197,30197,30197
BHARATFORG,CALL VOL,4937,2324,,,,,,,,,4937,4937,4937,4937,4937,4937,4937,4937,4937,4937,4937,4937,4937,4937,4937,4937,4937,4937,4937,4937,4937,4937
BHARATFORG,CALL OI,2594,2594,,,,,,,,,3096,3096,3096,3096,3096,3096,3096,3096,3096,3096,3096,3096,3096,3096,3096,3096,3096,3096,3096,3096,3096,3096
BHARATFORG,PUT VOL,2365,2489,,,,,,,,,2365,2365,2365,2365,2365,2365,2365,2365,2365,2365,2365,2365,2365,2365,2365,2365,2365,2365,2365,2365,2365,2365
BHARATFORG,PUT OI,3520,3520,,,,,,,,,3551,3551,3551,3551,3551,3551,3551,3551,3551,3551,3551,3551,3551,3551,3551,3551,3551,3551,3551,3551,3551,3551
BHARTIARTL,PRICE,1831.1,1839.0,,,,,1841.25,1834.48,1856.5,1845.5,1831.0,1831.0,1831.0,1831.0,1831.0,1831.0,1831.0,1831.0,1831.0,1831.0,1831.0,1831.0,1831.0,1831.0,1831.0,1831.0,1831.0,1831.0,1831.0,1831.0,1831.0,1831.0
BHARTIARTL,VWAP,,,,,,,,,,,,,,,,,,,,,,,,,,,,,,,,
BHARTIARTL,CASH VOL,4181325,4588126,1157232,71.18,65.33,,,,,,,,,,,,,,,,,,,,,,,,,,,
BHARTIARTL,F&O VOL,88972,82709,,,,,,,,,88972,88972,88972,88972,88972,88972,88972,88972,88972,88972,88972,88972,88972,88972,88972,88972,88972,88972,88972,88972,88972,88972
BHARTIARTL,F&O OI,214665,214665,,,,,,,,,216743,216743,216743,216743,216743,216743,216743,216743,216743,216743,216743,216743,216743,216743,216743,216743,216743,216743,216743,216743,216743,216743
BHARTIARTL,CALL VOL,48660,46479,,,,,,,,,48660,48660,48660,48660,48660,48660,48660,48660,48660,48660,48660,48660,48660,48660,48660,48660,48660,48660,48660,48660,48660,48660
BHARTIARTL,CALL OI,27442,27442,,,,,,,,,31120,31120,31120,31120,31120,31120,31120,31120,31120,31120,31120,31120,31120,31120,31120,31120,31120,31120,31120,31120,31120,31120
BHARTIARTL,PUT VOL,24335,22731,,,,,,,,,24335,24335,24335,24335,24335,24335,24335,24335,24335,24335,24335,24335,24335,24335,24335,24335,24335,24335,24335,24335,24335,24335
BHARTIARTL,PUT OI,23077,23077,,,,,,,,,23012,23012,23012,23012,23012,23012,23012,23012,23012,23012,23012,23012,23012,23012,23012,23012,23012,23012,23012,23012,23012,23012
BHEL,PRICE,431.0,429.5,,,,,429.2,425.6,430.16,428.27,431.0,431.0,431.0,431.0,431.0,431.0,431.0,431.0,431.0,431.0,431.0,431.0,431.0,431.0,431.0,431.0,431.0,431.0,431.0,431.0,431.0,431.0
BHEL,VWAP,,,,,,,,,,,,,,,,,,,,,,,,,,,,,,,,
BHEL,CASH VOL,6548117,3963862,1040499,35.09,44.46,,,,,,,,,,,,,,,,,,,,,,,,,,,
BHEL,F&O VOL,36248,18842,,,,,,,,,36248,36248,36248,36248,36248,36248,36248,36248,36248,36248,36248,36248,36248,36248,36248,36248,36248,36248,36248,36248,36248,36248
BHEL,F&O OI,52738,52738,,,,,,,,,52347,52347,52347,52347,52347,52347,52347,52347,52347,52347,52347,52347,52347,52347,52347,52347,52347,52347,52347,52347,52347,52347
BHEL,CALL VOL,15933,7883,,,,,,,,,15933,15933,15933,15933,15933,15933,15933,15933,15933,15933,15933,15933,15933,15933,15933,15933,15933,15933,15933,15933,15933,15933
BHEL,CALL OI,8922,8922,,,,,,,,,8521,8521,8521,8521,8521,8521,8521,8521,8521,8521,8521,8521,8521,8521,8521,8521,8521,8521,8521,8521,8521,8521
BHEL,PUT VOL,9051,5704,,,,,,,,,9051,9051,9051,9051,9051,9051,9051,9051,9051,9051,9051,9051,9051,9051,9051,9051,9051,9051,9051,9051,9051,9051
BHEL,PUT OI,5383,5383,,,,,,,,,5417,5417,5417,5417,5417,5417,5417,5417,5417,5417,5417,5417,5417,5417,5417,5417,5417,5417,5417,5417,5417,5417
BIOCON,PRICE,390.65,391.65,,,,,390.75,390.68,400.95,398.58,390.0,390.0,390.0,390.0,390.0,390.0,390.0,390.0,390.0,390.0,390.0,390.0,390.0,390.0,390.0,390.0,390.0,390.0,390.0,390.0,390.0,390.0
BIOCON,VWAP,,,,,,,,,,,,,,,,,,,,,,,,,,,,,,,,
BIOCON,CASH VOL,3665623,4737510,529582,44.08,58.11,,,,,,,,,,,,,,,,,,,,,,,,,,,
BIOCON,F&O VOL,46754,25174,,,,,,,,,46754,46754,46754,46754,46754,46754,46754,46754,46754,46754,46754,46754,46754,46754,46754,46754,46754,46754,46754,46754,46754,46754
BIOCON,F&O OI,45518,45518,,,,,,,,,44497,44497,44497,44497,44497,44497,44497,44497,44497,44497,44497,44497,44497,44497,44497,44497,44497,44497,44497,44497,44497,44497
BIOCON,CALL VOL,24859,13131,,,,,,,,,24859,24859,24859,24859,24859,24859,24859,24859,24859,24859,24859,24859,24859,24859,24859,24859,24859,24859,24859,24859,24859,24859
BIOCON,CALL OI,8267,8267,,,,,,,,,6411,6411,6411,6411,6411,6411,6411,6411,6411,6411,6411,6411,6411,6411,6411,6411,6411,6411,6411,6411,6411,6411
BIOCON,PUT VOL,12001,5433,,,,,,,,,12001,12001,12001,12001,12001,12001,12001,12001,12001,12001,12001,12001,12001,12001,12001,12001,12001,12001,12001,12001,12001,12001
BIOCON,PUT OI,4961,4961,,,,,,,,,4882,4882,4882,4882,4882,4882,4882,4882,4882,4882,4882,4882,4882,4882,4882,4882,4882,4882,4882,4882,4882,4882
BLUESTARCO,PRICE,1558.0,1514.0,,,,,1547.68,1527.05,1480.53,1473.6,1558.0,1558.0,1558.0,1558.0,1558.0,1558.0,1558.0,1558.0,1558.0,1558.0,1558.0,1558.0,1558.0,1558.0,1558.0,1558.0,1558.0,1558.0,1558.0,1558.0,1558.0,1558.0
BLUESTARCO,VWAP,,,,,,,,,,,,,,,,,,,,,,,,,,,,,,,,
BLUESTARCO,CASH VOL,1336366,997496,342438,38.69,49.41,,,,,,,,,,,,,,,,,,,,,,,,,,,
BLUESTARCO,F&O VOL,41413,23777,,,,,,,,,41413,41413,41413,41413,41413,41413,41413,41413,41413,41413,41413,41413,41413,41413,41413,41413,41413,41413,41413,41413,41413,41413
BLUESTARCO,F&O OI,31746,31746,,,,,,,,,31260,31260,31260,31260,31260,31260,31260,31260,31260,31260,31260,31260,31260,31260,31260,31260,31260,31260,31260,31260,31260,31260
BLUESTARCO,CALL VOL,25995,14760,,,,,,,,,25995,25995,25995,25995,25995,25995,25995,25995,25995,25995,25995,25995,25995,25995,25995,25995,25995,25995,25995,25995,25995,25995
BLUESTARCO,CALL OI,4883,4883,,,,,,,,,4558,4558,4558,4558,4558,4558,4558,4558,4558,4558,4558,4558,4558,4558,4558,4558,4558,4558,4558,4558,4558,4558
BLUESTARCO,PUT VOL,6328,3183,,,,,,,,,6328,6328,6328,6328,6328,6328,6328,6328,6328,6328,6328,6328,6328,6328,6328,6328,6328,6328,6328,6328,6328,6328
BLUESTARCO,PUT OI,2493,2493,,,,,,,,,2884,2884,2884,2884,2884,2884,2884,2884,2884,2884,2884,2884,2884,2884,2884,2884,2884,2884,2884,2884,2884,2884
BOSCHLTD,PRICE,48385.0,48775.0,,,,,48520.0,48430.0,47250.0,46963.33,48385.0,48385.0,48385.0,48385.0,48385.0,48385.0,48385.0,48385.0,48385.0,48385.0,48385.0,48385.0,48385.0,48385.0,48385.0,48385.0,48385.0,48385.0,48385.0,48385.0,48385.0,48385.0
BOSCHLTD,VWAP,,,,,,,,,,,,,,,,,,,,,,,,,,,,,,,,
BOSCHLTD,CASH VOL,19898,28128,6792,48.29,57.07,,,,,,,,,,,,,,,,,,,,,,,,,,,
BOSCHLTD,F&O VOL,15974,17137,,,,,,,,,15974,15974,15974,15974,15974,15974,15974,15974,15974,15974,15974,15974,15974,15974,15974,15974,15974,15974,15974,15974,15974,15974
BOSCHLTD,F&O OI,20171,20171,,,,,,,,,19779,19779,19779,19779,19779,19779,19779,19779,19779,19779,19779,19779,19779,19779,19779,19779,19779,19779,19779,19779,19779,19779
BOSCHLTD,CALL VOL,3876,3733,,,,,,,,,3876,3876,3876,3876,3876,3876,3876,3876,3876,3876,3876,3876,3876,3876,3876,3876,3876,3876,3876,3876,3876,3876
BOSCHLTD,CALL OI,3273,3273,,,,,,,,,3127,3127,3127,3127,3127,3127,3127,3127,3127,3127,3127,3127,3127,3127,3127,3127,3127,3127,3127,3127,3127,3127
BOSCHLTD,PUT VOL,2969,3016,,,,,,,,,2969,2969,2969,2969,2969,2969,2969,2969,2969,2969,2969,2969,2969,2969,2969,2969,2969,2969,2969,2969,2969,2969
BOSCHLTD,PUT OI,2873,2873,,,,,,,,,2676,2676,2676,2676,2676,2676,2676,2676,2676,2676,2676,2676,2676,2676,2676,2676,2676,2676,2676,2676,2676,2676
BPCL,PRICE,304.5,303.0,,,,,303.41,301.23,317.02,316.14,304.0,304.0,304.0,304.0,304.0,304.0,304.0,304.0,304.0,304.0,304.0,304.0,304.0,304.0,304.0,304.0,304.0,304.0,304.0,304.0,304.0,304.0
BPCL,VWAP,,,,,,,,,,,,,,,,,,,,,,,,,,,,,,,,
BPCL,CASH VOL,4137678,3231631,1356859,37.63,59.07,,,,,,,,,,,,,,,,,,,,,,,,,,,
BPCL,F&O VOL,22145,9095,,,,,,,,,22145,22145,22145,22145,22145,22145,22145,22145,22145,22145,22145,22145,22145,22145,22145,22145,22145,22145,22145,22145,22145,22145
BPCL,F&O OI,30281,30281,,,,,,,,,30107,30107,30107,30107,30107,30107,30107,30107,30107,30107,30107,30107,30107,30107,30107,30107,30107,30107,30107,30107,30107,30107
BPCL,CALL VOL,10432,3722,,,,,,,,,10432,10432,10432,10432,10432,10432,10432,10432,10432,10432,10432,10432,10432,10432,10432,10432,10432,10432,10432,10432,10432,10432
BPCL,CALL OI,5186,5186,,,,,,,,,4751,4751,4751,4751,4751,4751,4751,4751,4751,4751,4751,4751,4751,4751,4751,4751,4751,4751,4751,4751,4751,4751
BPCL,PUT VOL,7785,4029,,,,,,,,,7785,7785,7785,7785,7785,7785,7785,7785,7785,7785,7785,7785,7785,7785,7785,7785,7785,7785,7785,7785,7785,7785
BPCL,PUT OI,4655,4655,,,,,,,,,4613,4613,4613,4613,4613,4613,4613,4613,4613,4613,4613,4613,4613,4613,4613,4613,4613,4613,4613,4613,4613,4613
BRITANNIA,PRICE,4962.0,5009.0,,,,,4978.75,4967.58,5109.0,5104.0,4962.0,4962.0,4962.0,4962.0,4962.0,4962.0,4962.0,4962.0,4962.0,4962.0,4962.0,4962.0,4962.0,4962.0,4962.0,4962.0,4962.0,4962.0,4962.0,4962.0,4962.0,4962.0
BRITANNIA,VWAP,,,,,,,,,,,,,,,,,,,,,,,,,,,,,,,,
BRITANNIA,CASH VOL,194857,263129,62119,51.29,50.76,,,,,,,,,,,,,,,,,,,,,,,,,,,
BRITANNIA,F&O VOL,15353,13361,,,,,,,,,15353,15353,15353,15353,15353,15353,15353,15353,15353,15353,15353,15353,15353,15353,15353,15353,15353,15353,15353,15353,15353,15353
BRITANNIA,F&O OI,37832,37832,,,,,,,,,38118,38118,38118,38118,38118,38118,38118,38118,38118,38118,38118,38118,38118,38118,38118,38118,38118,38118,38118,38118,38118,38118
BRITANNIA,CALL VOL,5627,4669,,,,,,,,,5627,5627,5627,5627,5627,5627,5627,5627,5627,5627,5627,5627,5627,5627,5627,5627,5627,5627,5627,5627,5627,5627
BRITANNIA,CALL OI,2205,2205,,,,,,,,,2828,2828,2828,2828,2828,2828,2828,2828,2828,2828,2828,2828,2828,2828,2828,2828,2828,2828,2828,2828,2828,2828
BRITANNIA,PUT VOL,4710,4089,,,,,,,,,4710,4710,4710,4710,4710,4710,4710,4710,4710,4710,4710,4710,4710,4710,4710,4710,4710,4710,4710,4710,4710,4710
BRITANNIA,PUT OI,4974,4974,,,,,,,,,4988,4988,4988,4988,4988,4988,4988,4988,4988,4988,4988,4988,4988,4988,4988,4988,4988,4988,4988,4988,4988,4988
BSE,PRICE,3384.0,3306.0,,,,,3353.93,3293.8,3374.12,3302.75,3384.0,3384.0,3384.0,3384.0,3384.0,3384.0,3384.0,3384.0,3384.0,3384.0,3384.0,3384.0,3384.0,3384.0,3384.0,3384.0,3384.0,3384.0,3384.0,3384.0,3384.0,3384.0
BSE,VWAP,,,,,,,,,,,,,,,,,,,,,,,,,,,,,,,,
BSE,CASH VOL,4326473,2228183,1698791,29.36,31.47,,,,,,,,,,,,,,,,,,,,,,,,,,,
BSE,F&O VOL,251101,89763,,,,,,,,,251101,251101,251101,251101,251101,251101,251101,251101,251101,251101,251101,251101,251101,251101,251101,251101,251101,251101,251101,251101,251101,251101
BSE,F&O OI,143580,143580,,,,,,,,,149263,149263,149263,149263,149263,149263,149263,149263,149263,149263,149263,149263,149263,149263,149263,149263,149263,149263,149263,149263,149263,149263
BSE,CALL VOL,135778,47750,,,,,,,,,135778,135778,135778,135778,135778,135778,135778,135778,135778,135778,135778,135778,135778,135778,135778,135778,135778,135778,135778,135778,135778,135778
BSE,CALL OI,41467,41467,,,,,,,,,39415,39415,39415,39415,39415,39415,39415,39415,39415,39415,39415,39415,39415,39415,39415,39415,39415,39415,39415,39415,39415,39415
BSE,PUT VOL,73064,27223,,,,,,,,,73064,73064,73064,73064,73064,73064,73064,73064,73064,73064,73064,73064,73064,73064,73064,73064,73064,73064,73064,73064,73064,73064
BSE,PUT OI,30967,30967,,,,,,,,,31438,31438,31438,31438,31438,31438,31438,31438,31438,31438,31438,31438,31438,31438,31438,31438,31438,31438,31438,31438,31438,31438
CAMS,PRICE,711.0,712.0,,,,,708.61,703.83,747.25,744.15,711.0,711.0,711.0,711.0,711.0,711.0,711.0,711.0,711.0,711.0,711.0,711.0,711.0,711.0,711.0,711.0,711.0,711.0,711.0,711.0,711.0,711.0
CAMS,VWAP,,,,,,,,,,,,,,,,,,,,,,,,,,,,,,,,
CAMS,CASH VOL,1442644,1371752,477922,48.22,49.63,,,,,,,,,,,,,,,,,,,,,,,,,,,
CAMS,F&O VOL,11786,8160,,,,,,,,,11786,11786,11786,11786,11786,11786,11786,11786,11786,11786,11786,11786,11786,11786,11786,11786,11786,11786,11786,11786,11786,11786
CAMS,F&O OI,23474,23474,,,,,,,,,24152,24152,24152,24152,24152,24152,24152,24152,24152,24152,24152,24152,24152,24152,24152,24152,24152,24152,24152,24152,24152,24152
CAMS,CALL VOL,4572,3375,,,,,,,,,4572,4572,4572,4572,4572,4572,4572,4572,4572,4572,4572,4572,4572,4572,4572,4572,4572,4572,4572,4572,4572,4572
CAMS,CALL OI,2489,2489,,,,,,,,,3018,3018,3018,3018,3018,3018,3018,3018,3018,3018,3018,3018,3018,3018,3018,3018,3018,3018,3018,3018,3018,3018
CAMS,PUT VOL,2751,1454,,,,,,,,,2751,2751,2751,2751,2751,2751,2751,2751,2751,2751,2751,2751,2751,2751,2751,2751,2751,2751,2751,2751,2751,2751
CAMS,PUT OI,3415,3415,,,,,,,,,3581,3581,3581,3581,3581,3581,3581,3581,3581,3581,3581,3581,3581,3581,3581,3581,3581,3581,3581,3581,3581,3581
CANBK,PRICE,124.0,124.6,,,,,123.79,123.36,126.53,125.84,124.0,124.0,124.0,124.0,124.0,124.0,124.0,124.0,124.0,124.0,124.0,124.0,124.0,124.0,124.0,124.0,124.0,124.0,124.0,124.0,124.0,124.0
CANBK,VWAP,,,,,,,,,,,,,,,,,,,,,,,,,,,,,,,,
CANBK,CASH VOL,11131129,22002938,3835938,44.87,30.07,,,,,,,,,,,,,,,,,,,,,,,,,,,
CANBK,F&O VOL,13689,40810,,,,,,,,,13689,13689,13689,13689,13689,13689,13689,13689,13689,13689,13689,13689,13689,13689,13689,13689,13689,13689,13689,13689,13689,13689
CANBK,F&O OI,79745,79745,,,,,,,,,80229,80229,80229,80229,80229,80229,80229,80229,80229,80229,80229,80229,80229,80229,80229,80229,80229,80229,80229,80229,80229,80229
CANBK,CALL VOL,7714,25122,,,,,,,,,7714,7714,7714,7714,7714,7714,7714,7714,7714,7714,7714,7714,7714,7714,7714,7714,7714,7714,7714,7714,7714,7714
CANBK,CALL OI,10668,10668,,,,,,,,,11039,11039,11039,11039,11039,11039,11039,11039,11039,11039,11039,11039,11039,11039,11039,11039,11039,11039,11039,11039,11039,11039
CANBK,PUT VOL,2602,9523,,,,,,,,,2602,2602,2602,2602,2602,2602,2602,2602,2602,2602,2602,2602,2602,2602,2602,2602,2602,2602,2602,2602,2602,2602
CANBK,PUT OI,7821,7821,,,,,,,,,7883,7883,7883,7883,7883,7883,7883,7883,7883,7883,7883,7883,7883,7883,7883,7883,7883,7883,7883,7883,7883,7883
CDSL,PRICE,1360.0,1355.0,,,,,1352.58,1337.75,1392.03,1386.9,1360.0,1360.0,1360.0,1360.0,1360.0,1360.0,1360.0,1360.0,1360.0,1360.0,1360.0,1360.0,1360.0,1360.0,1360.0,1360.0,1360.0,1360.0,1360.0,1360.0,1360.0,1360.0
CDSL,VWAP,,,,,,,,,,,,,,,,,,,,,,,,,,,,,,,,
CDSL,CASH VOL,1040559,771857,188805,35.43,37.75,,,,,,,,,,,,,,,,,,,,,,,,,,,
CDSL,F&O VOL,32618,19470,,,,,,,,,32618,32618,32618,32618,32618,32618,32618,32618,32618,32618,32618,32618,32618,32618,32618,32618,32618,32618,32618,32618,32618,32618
CDSL,F&O OI,58980,58980,,,,,,,,,60106,60106,60106,60106,60106,60106,60106,60106,60106,60106,60106,60106,60106,60106,60106,60106,60106,60106,60106,60106,60106,60106
CDSL,CALL VOL,15010,7995,,,,,,,,,15010,15010,15010,15010,15010,15010,15010,15010,15010,15010,15010,15010,15010,15010,15010,15010,15010,15010,15010,15010,15010,15010
CDSL,CALL OI,12351,12351,,,,,,,,,12767,12767,12767,12767,12767,12767,12767,12767,12767,12767,12767,12767,12767,12767,12767,12767,12767,12767,12767,12767,12767,12767
CDSL,PUT VOL,9013,5598,,,,,,,,,9013,9013,9013,9013,9013,9013,9013,9013,9013,9013,9013,9013,9013,9013,9013,9013,9013,9013,9013,9013,9013,9013
CDSL,PUT OI,9789,9789,,,,,,,,,9807,9807,9807,9807,9807,9807,9807,9807,9807,9807,9807,9807,9807,9807,9807,9807,9807,9807,9807,9807,9807,9807
CGPOWER,PRICE,909.0,914.55,,,,,906.25,900.75,889.11,885.33,909.0,909.0,909.0,909.0,909.0,909.0,909.0,909.0,909.0,909.0,909.0,909.0,909.0,909.0,909.0,909.0,909.0,909.0,909.0,909.0,909.0,909.0
CGPOWER,VWAP,,,,,,,,,,,,,,,,,,,,,,,,,,,,,,,,
CGPOWER,CASH VOL,2163164,1989359,459461,52.05,53.78,,,,,,,,,,,,,,,,,,,,,,,,,,,
CGPOWER,F&O VOL,17415,16072,,,,,,,,,17415,17415,17415,17415,17415,17415,17415,17415,17415,17415,17415,17415,17415,17415,17415,17415,17415,17415,17415,17415,17415,17415
CGPOWER,F&O OI,37321,37321,,,,,,,,,37202,37202,37202,37202,37202,37202,37202,37202,37202,37202,37202,37202,37202,37202,37202,37202,37202,37202,37202,37202,37202,37202
CGPOWER,CALL VOL,10564,8535,,,,,,,,,10564,10564,10564,10564,10564,10564,10564,10564,10564,10564,10564,10564,10564,10564,10564,10564,10564,10564,10564,10564,10564,10564
CGPOWER,CALL OI,8540,8540,,,,,,,,,8376,8376,8376,8376,8376,8376,8376,8376,8376,8376,8376,8376,8376,8376,8376,8376,8376,8376,8376,8376,8376,8376
CGPOWER,PUT VOL,4110,4879,,,,,,,,,4110,4110,4110,4110,4110,4110,4110,4110,4110,4110,4110,4110,4110,4110,4110,4110,4110,4110,4110,4110,4110,4110
CGPOWER,PUT OI,6944,6944,,,,,,,,,6867,6867,6867,6867,6867,6867,6867,6867,6867,6867,6867,6867,6867,6867,6867,6867,6867,6867,6867,6867,6867,6867
CHOLAFIN,PRICE,1845.9,1859.0,,,,,1838.15,1822.65,1831.57,1816.7,1845.0,1845.0,1845.0,1845.0,1845.0,1845.0,1845.0,1845.0,1845.0,1845.0,1845.0,1845.0,1845.0,1845.0,1845.0,1845.0,1845.0,1845.0,1845.0,1845.0,1845.0,1845.0
CHOLAFIN,VWAP,,,,,,,,,,,,,,,,,,,,,,,,,,,,,,,,
CHOLAFIN,CASH VOL,1505149,2679971,317668,53.11,67.31,,,,,,,,,,,,,,,,,,,,,,,,,,,
CHOLAFIN,F&O VOL,15657,18702,,,,,,,,,15657,15657,15657,15657,15657,15657,15657,15657,15657,15657,15657,15657,15657,15657,15657,15657,15657,15657,15657,15657,15657,15657
CHOLAFIN,F&O OI,30889,30889,,,,,,,,,30312,30312,30312,30312,30312,30312,30312,30312,30312,30312,30312,30312,30312,30312,30312,30312,30312,30312,30312,30312,30312,30312
CHOLAFIN,CALL VOL,6723,7809,,,,,,,,,6723,6723,6723,6723,6723,6723,6723,6723,6723,6723,6723,6723,6723,6723,6723,6723,6723,6723,6723,6723,6723,6723
CHOLAFIN,CALL OI,2946,2946,,,,,,,,,2954,2954,2954,2954,2954,2954,2954,2954,2954,2954,2954,2954,2954,2954,2954,2954,2954,2954,2954,2954,2954,2954
CHOLAFIN,PUT VOL,4413,4972,,,,,,,,,4413,4413,4413,4413,4413,4413,4413,4413,4413,4413,4413,4413,4413,4413,4413,4413,4413,4413,4413,4413,4413,4413
CHOLAFIN,PUT OI,3431,3431,,,,,,,,,3149,3149,3149,3149,3149,3149,3149,3149,3149,3149,3149,3149,3149,3149,3149,3149,3149,3149,3149,3149,3149,3149
CIPLA,PRICE,1366.0,1373.3,,,,,1364.12,1360.35,1396.25,1388.75,1366.0,1366.0,1366.0,1366.0,1366.0,1366.0,1366.0,1366.0,1366.0,1366.0,1366.0,1366.0,1366.0,1366.0,1366.0,1366.0,1366.0,1366.0,1366.0,1366.0,1366.0,1366.0
CIPLA,VWAP,,,,,,,,,,,,,,,,,,,,,,,,,,,,,,,,
CIPLA,CASH VOL,1681155,826221,366324,62.08,59.47,,,,,,,,,,,,,,,,,,,,,,,,,,,
CIPLA,F&O VOL,22594,15008,,,,,,,,,22594,22594,22594,22594,22594,22594,22594,22594,22594,22594,22594,22594,22594,22594,22594,22594,22594,22594,22594,22594,22594,22594
CIPLA,F&O OI,48760,48760,,,,,,,,,48441,48441,48441,48441,48441,48441,48441,48441,48441,48441,48441,48441,48441,48441,48441,48441,48441,48441,48441,48441,48441,48441
CIPLA,CALL VOL,9929,6869,,,,,,,,,9929,9929,9929,9929,9929,9929,9929,9929,9929,9929,9929,9929,9929,9929,9929,9929,9929,9929,9929,9929,9929,9929
CIPLA,CALL OI,4015,4015,,,,,,,,,4237,4237,4237,4237,4237,4237,4237,4237,4237,4237,4237,4237,4237,4237,4237,4237,4237,4237,4237,4237,4237,4237
CIPLA,PUT VOL,6201,3619,,,,,,,,,6201,6201,6201,6201,6201,6201,6201,6201,6201,6201,6201,6201,6201,6201,6201,6201,6201,6201,6201,6201,6201,6201
CIPLA,PUT OI,4343,4343,,,,,,,,,4736,4736,4736,4736,4736,4736,4736,4736,4736,4736,4736,4736,4736,4736,4736,4736,4736,4736,4736,4736,4736,4736
COALINDIA,PRICE,426.4,432.0,,,,,429.25,427.35,417.5,416.07,426.0,426.0,426.0,426.0,426.0,426.0,426.0,426.0,426.0,426.0,426.0,426.0,426.0,426.0,426.0,426.0,426.0,426.0,426.0,426.0,426.0,426.0
COALINDIA,VWAP,,,,,,,,,,,,,,,,,,,,,,,,,,,,,,,,
COALINDIA,CASH VOL,3868222,8811171,1115295,47.38,62.98,,,,,,,,,,,,,,,,,,,,,,,,,,,
COALINDIA,F&O VOL,60070,71099,,,,,,,,,60070,60070,60070,60070,60070,60070,60070,60070,60070,60070,60070,60070,60070,60070,60070,60070,60070,60070,60070,60070,60070,60070
COALINDIA,F&O OI,134030,134030,,,,,,,,,130030,130030,130030,130030,130030,130030,130030,130030,130030,130030,130030,130030,130030,130030,130030,130030,130030,130030,130030,130030,130030,130030
COALINDIA,CALL VOL,28631,33563,,,,,,,,,28631,28631,28631,28631,28631,28631,28631,28631,28631,28631,28631,28631,28631,28631,28631,28631,28631,28631,28631,28631,28631,28631
COALINDIA,CALL OI,26179,26179,,,,,,,,,25586,25586,25586,25586,25586,25586,25586,25586,25586,25586,25586,25586,25586,25586,25586,25586,25586,25586,25586,25586,25586,25586
COALINDIA,PUT VOL,21785,26057,,,,,,,,,21785,21785,21785,21785,21785,21785,21785,21785,21785,21785,21785,21785,21785,21785,21785,21785,21785,21785,21785,21785,21785,21785
COALINDIA,PUT OI,19576,19576,,,,,,,,,16831,16831,16831,16831,16831,16831,16831,16831,16831,16831,16831,16831,16831,16831,16831,16831,16831,16831,16831,16831,16831,16831
COCHINSHIP,PRICE,1381.0,1520.4,,,,,1441.0,1401.0,1495.23,1487.5,1381.0,1381.0,1381.0,1381.0,1381.0,1381.0,1381.0,1381.0,1381.0,1381.0,1381.0,1381.0,1381.0,1381.0,1381.0,1381.0,1381.0,1381.0,1381.0,1381.0,1381.0,1381.0
COCHINSHIP,VWAP,,,,,,,,,,,,,,,,,,,,,,,,,,,,,,,,
COCHINSHIP,CASH VOL,6390480,1052635,1230774,40.86,29.2,,,,,,,,,,,,,,,,,,,,,,,,,,,
COCHINSHIP,F&O VOL,115908,21104,,,,,,,,,115908,115908,115908,115908,115908,115908,115908,115908,115908,115908,115908,115908,115908,115908,115908,115908,115908,115908,115908,115908,115908,115908
COCHINSHIP,F&O OI,30361,30361,,,,,,,,,42167,42167,42167,42167,42167,42167,42167,42167,42167,42167,42167,42167,42167,42167,42167,42167,42167,42167,42167,42167,42167,42167
COCHINSHIP,CALL VOL,24365,10531,,,,,,,,,24365,24365,24365,24365,24365,24365,24365,24365,24365,24365,24365,24365,24365,24365,24365,24365,24365,24365,24365,24365,24365,24365
COCHINSHIP,CALL OI,841,5949,,,,,,,,,5250,5250,5250,5250,5250,5250,5250,5250,5250,5250,5250,5250,5250,5250,5250,5250,5250,5250,5250,5250,5250,5250
COCHINSHIP,PUT VOL,39606,4145,,,,,,,,,39606,39606,39606,39606,39606,39606,39606,39606,39606,39606,39606,39606,39606,39606,39606,39606,39606,39606,39606,39606,39606,39606
COCHINSHIP,PUT OI,2317,3693,,,,,,,,,5119,5119,5119,5119,5119,5119,5119,5119,5119,5119,5119,5119,5119,5119,5119,5119,5119,5119,5119,5119,5119,5119
COFORGE,PRICE,1846.5,1833.1,,,,,1841.98,1832.95,1967.65,1957.35,1846.0,1846.0,1846.0,1846.0,1846.0,1846.0,1846.0,1846.0,1846.0,1846.0,1846.0,1846.0,1846.0,1846.0,1846.0,1846.0,1846.0,1846.0,1846.0,1846.0,1846.0,1846.0
COFORGE,VWAP,,,,,,,,,,,,,,,,,,,,,,,,,,,,,,,,
COFORGE,CASH VOL,2687329,2691550,423574,52.76,38.63,,,,,,,,,,,,,,,,,,,,,,,,,,,
COFORGE,F&O VOL,44358,82726,,,,,,,,,44358,44358,44358,44358,44358,44358,44358,44358,44358,44358,44358,44358,44358,44358,44358,44358,44358,44358,44358,44358,44358,44358
COFORGE,F&O OI,68560,68560,,,,,,,,,67632,67632,67632,67632,67632,67632,67632,67632,67632,67632,67632,67632,67632,67632,67632,67632,67632,67632,67632,67632,67632,67632
COFORGE,CALL VOL,18111,33164,,,,,,,,,18111,18111,18111,18111,18111,18111,18111,18111,18111,18111,18111,18111,18111,18111,18111,18111,18111,18111,18111,18111,18111,18111
COFORGE,CALL OI,9502,9502,,,,,,,,,8861,8861,8861,8861,8861,8861,8861,8861,8861,8861,8861,8861,8861,8861,8861,8861,8861,8861,8861,8861,8861,8861
COFORGE,PUT VOL,11156,21382,,,,,,,,,11156,11156,11156,11156,11156,11156,11156,11156,11156,11156,11156,11156,11156,11156,11156,11156,11156,11156,11156,11156,11156,11156
COFORGE,PUT OI,10290,10290,,,,,,,,,10451,10451,10451,10451,10451,10451,10451,10451,10451,10451,10451,10451,10451,10451,10451,10451,10451,10451,10451,10451,10451,10451
COLPAL,PRICE,1797.4,1808.5,,,,,1795.27,1791.0,1850.55,1836.32,1797.0,1797.0,1797.0,1797.0,1797.0,1797.0,1797.0,1797.0,1797.0,1797.0,1797.0,1797.0,1797.0,1797.0,1797.0,1797.0,1797.0,1797.0,1797.0,1797.0,1797.0,1797.0
COLPAL,VWAP,,,,,,,,,,,,,,,,,,,,,,,,,,,,,,,,
COLPAL,CASH VOL,280878,125826,58927,58.26,59.54,,,,,,,,,,,,,,,,,,,,,,,,,,,
COLPAL,F&O VOL,7246,6473,,,,,,,,,7246,7246,7246,7246,7246,7246,7246,7246,7246,7246,7246,7246,7246,7246,7246,7246,7246,7246,7246,7246,7246,7246
COLPAL,F&O OI,42726,42726,,,,,,,,,43384,43384,43384,43384,43384,43384,43384,43384,43384,43384,43384,43384,43384,43384,43384,43384,43384,43384,43384,43384,43384,43384
COLPAL,CALL VOL,3595,3856,,,,,,,,,3595,3595,3595,3595,3595,3595,3595,3595,3595,3595,3595,3595,3595,3595,3595,3595,3595,3595,3595,3595,3595,3595
COLPAL,CALL OI,6381,6381,,,,,,,,,6630,6630,6630,6630,6630,6630,6630,6630,6630,6630,6630,6630,6630,6630,6630,6630,6630,6630,6630,6630,6630,6630
COLPAL,PUT VOL,1414,1108,,,,,,,,,1414,1414,1414,1414,1414,1414,1414,1414,1414,1414,1414,1414,1414,1414,1414,1414,1414,1414,1414,1414,1414,1414
COLPAL,PUT OI,5829,5829,,,,,,,,,5942,5942,5942,5942,5942,5942,5942,5942,5942,5942,5942,5942,5942,5942,5942,5942,5942,5942,5942,5942,5942,5942
CONCOR,PRICE,499.25,504.15,,,,,499.11,498.82,511.38,509.12,499.0,499.0,499.0,499.0,499.0,499.0,499.0,499.0,499.0,499.0,499.0,499.0,499.0,499.0,499.0,499.0,499.0,499.0,499.0,499.0,499.0,499.0
CONCOR,VWAP,,,,,,,,,,,,,,,,,,,,,,,,,,,,,,,,
CONCOR,CASH VOL,556686,932939,139205,38.94,56.34,,,,,,,,,,,,,,,,,,,,,,,,,,,
CONCOR,F&O VOL,6344,4055,,,,,,,,,6344,6344,6344,6344,6344,6344,6344,6344,6344,6344,6344,6344,6344,6344,6344,6344,6344,6344,6344,6344,6344,6344
CONCOR,F&O OI,29671,29671,,,,,,,,,30103,30103,30103,30103,30103,30103,30103,30103,30103,30103,30103,30103,30103,30103,30103,30103,30103,30103,30103,30103,30103,30103
CONCOR,CALL VOL,2994,1757,,,,,,,,,2994,2994,2994,2994,2994,2994,2994,2994,2994,2994,2994,2994,2994,2994,2994,2994,2994,2994,2994,2994,2994,2994
CONCOR,CALL OI,2980,2980,,,,,,,,,3161,3161,3161,3161,3161,3161,3161,3161,3161,3161,3161,3161,3161,3161,3161,3161,3161,3161,3161,3161,3161,3161
CONCOR,PUT VOL,906,571,,,,,,,,,906,906,906,906,906,906,906,906,906,906,906,906,906,906,906,906,906,906,906,906,906,906
CONCOR,PUT OI,2472,2472,,,,,,,,,2520,2520,2520,2520,2520,2520,2520,2520,2520,2520,2520,2520,2520,2520,2520,2520,2520,2520,2520,2520,2520,2520
CROMPTON,PRICE,231.0,230.0,,,,,230.39,229.16,231.85,230.76,231.0,231.0,231.0,231.0,231.0,231.0,231.0,231.0,231.0,231.0,231.0,231.0,231.0,231.0,231.0,231.0,231.0,231.0,231.0,231.0,231.0,231.0
CROMPTON,VWAP,,,,,,,,,,,,,,,,,,,,,,,,,,,,,,,,
CROMPTON,CASH VOL,1077937,2559289,349084,42.16,51.37,,,,,,,,,,,,,,,,,,,,,,,,,,,
CROMPTON,F&O VOL,6079,4787,,,,,,,,,6079,6079,6079,6079,6079,6079,6079,6079,6079,6079,6079,6079,6079,6079,6079,6079,6079,6079,6079,6079,6079,6079
CROMPTON,F&O OI,52351,52351,,,,,,,,,52865,52865,52865,52865,52865,52865,52865,52865,52865,52865,52865,52865,52865,52865,52865,52865,52865,52865,52865,52865,52865,52865
CROMPTON,CALL VOL,3119,2144,,,,,,,,,3119,3119,3119,3119,3119,3119,3119,3119,3119,3119,3119,3119,3119,3119,3119,3119,3119,3119,3119,3119,3119,3119
CROMPTON,CALL OI,6986,6986,,,,,,,,,7259,7259,7259,7259,7259,7259,7259,7259,7259,7259,7259,7259,7259,7259,7259,7259,7259,7259,7259,7259,7259,7259
CROMPTON,PUT VOL,1067,1082,,,,,,,,,1067,1067,1067,1067,1067,1067,1067,1067,1067,1067,1067,1067,1067,1067,1067,1067,1067,1067,1067,1067,1067,1067
CROMPTON,PUT OI,5733,5733,,,,,,,,,5702,5702,5702,5702,5702,5702,5702,5702,5702,5702,5702,5702,5702,5702,5702,5702,5702,5702,5702,5702,5702,5702
CUMMINSIND,PRICE,5070.0,5155.0,,,,,5086.25,5075.42,5059.5,5043.17,5070.0,5070.0,5070.0,5070.0,5070.0,5070.0,5070.0,5070.0,5070.0,5070.0,5070.0,5070.0,5070.0,5070.0,5070.0,5070.0,5070.0,5070.0,5070.0,5070.0,5070.0,5070.0
CUMMINSIND,VWAP,,,,,,,,,,,,,,,,,,,,,,,,,,,,,,,,
CUMMINSIND,CASH VOL,331010,817252,126397,51.39,69.06,,,,,,,,,,,,,,,,,,,,,,,,,,,
CUMMINSIND,F&O VOL,12994,22524,,,,,,,,,12994,12994,12994,12994,12994,12994,12994,12994,12994,12994,12994,12994,12994,12994,12994,12994,12994,12994,12994,12994,12994,12994
CUMMINSIND,F&O OI,41519,41519,,,,,,,,,42288,42288,42288,42288,42288,42288,42288,42288,42288,42288,42288,42288,42288,42288,42288,42288,42288,42288,42288,42288,42288,42288
CUMMINSIND,CALL VOL,6914,11376,,,,,,,,,6914,6914,6914,6914,6914,6914,6914,6914,6914,6914,6914,6914,6914,6914,6914,6914,6914,6914,6914,6914,6914,6914
CUMMINSIND,CALL OI,5032,5032,,,,,,,,,5430,5430,5430,5430,5430,5430,5430,5430,5430,5430,5430,5430,5430,5430,5430,5430,5430,5430,5430,5430,5430,5430
CUMMINSIND,PUT VOL,3802,6294,,,,,,,,,3802,3802,3802,3802,3802,3802,3802,3802,3802,3802,3802,3802,3802,3802,3802,3802,3802,3802,3802,3802,3802,3802
CUMMINSIND,PUT OI,5205,5205,,,,,,,,,5371,5371,5371,5371,5371,5371,5371,5371,5371,5371,5371,5371,5371,5371,5371,5371,5371,5371,5371,5371,5371,5371
DABUR,PRICE,376.0,376.45,,,,,375.52,374.55,380.77,380.52,376.0,376.0,376.0,376.0,376.0,376.0,376.0,376.0,376.0,376.0,376.0,376.0,376.0,376.0,376.0,376.0,376.0,376.0,376.0,376.0,376.0,376.0
DABUR,VWAP,,,,,,,,,,,,,,,,,,,,,,,,,,,,,,,,
DABUR,CASH VOL,863561,2119982,259885,62.71,64.46,,,,,,,,,,,,,,,,,,,,,,,,,,,
DABUR,F&O VOL,8267,15556,,,,,,,,,8267,8267,8267,8267,8267,8267,8267,8267,8267,8267,8267,8267,8267,8267,8267,8267,8267,8267,8267,8267,8267,8267
DABUR,F&O OI,51953,51953,,,,,,,,,51745,51745,51745,51745,51745,51745,51745,51745,51745,51745,51745,51745,51745,51745,51745,51745,51745,51745,51745,51745,51745,51745
DABUR,CALL VOL,4154,8158,,,,,,,,,4154,4154,4154,4154,4154,4154,4154,4154,4154,4154,4154,4154,4154,4154,4154,4154,4154,4154,4154,4154,4154,4154
DABUR,CALL OI,8309,8309,,,,,,,,,8315,8315,8315,8315,8315,8315,8315,8315,8315,8315,8315,8315,8315,8315,8315,8315,8315,8315,8315,8315,8315,8315
DABUR,PUT VOL,1761,3402,,,,,,,,,1761,1761,1761,1761,1761,1761,1761,1761,1761,1761,1761,1761,1761,1761,1761,1761,1761,1761,1761,1761,1761,1761
DABUR,PUT OI,6852,6852,,,,,,,,,6810,6810,6810,6810,6810,6810,6810,6810,6810,6810,6810,6810,6810,6810,6810,6810,6810,6810,6810,6810,6810,6810
DALBHARAT,PRICE,1746.6,1745.3,,,,,1741.57,1731.5,1771.0,1756.53,,,,,,,,,,,,,,,,,,,,,,
DALBHARAT,VWAP,,,,,,,,,,,,,,,,,,,,,,,,,,,,,,,,
DALBHARAT,CASH VOL,41100,79405,16921,44.4,41.32,,,,,,,,,,,,,,,,,,,,,,,,,,,
DALBHARAT,F&O VOL,,,,,,,,,,,,,,,,,,,,,,,,,,,,,,,,
DALBHARAT,F&O OI,,,,,,,,,,,,,,,,,,,,,,,,,,,,,,,,
DALBHARAT,CALL VOL,,,,,,,,,,,,,,,,,,,,,,,,,,,,,,,,
DALBHARAT,CALL OI,,,,,,,,,,,,,,,,,,,,,,,,,,,,,,,,
DALBHARAT,PUT VOL,,,,,,,,,,,,,,,,,,,,,,,,,,,,,,,,
DALBHARAT,PUT OI,,,,,,,,,,,,,,,,,,,,,,,,,,,,,,,,
DELHIVERY,PRICE,439.0,447.7,,,,,441.12,439.71,457.83,457.7,439.0,439.0,439.0,439.0,439.0,439.0,439.0,439.0,439.0,439.0,439.0,439.0,439.0,439.0,439.0,439.0,439.0,439.0,439.0,439.0,439.0,439.0
DELHIVERY,VWAP,,,,,,,,,,,,,,,,,,,,,,,,,,,,,,,,
DELHIVERY,CASH VOL,1047933,1333939,256384,48.12,53.16,,,,,,,,,,,,,,,,,,,,,,,,,,,
DELHIVERY,F&O VOL,7488,4672,,,,,,,,,7488,7488,7488,7488,7488,7488,7488,7488,7488,7488,7488,7488,7488,7488,7488,7488,7488,7488,7488,7488,7488,7488
DELHIVERY,F&O OI,21381,21381,,,,,,,,,21678,21678,21678,21678,21678,21678,21678,21678,21678,21678,21678,21678,21678,21678,21678,21678,21678,21678,21678,21678,21678,21678
DELHIVERY,CALL VOL,2608,1484,,,,,,,,,2608,2608,2608,2608,2608,2608,2608,2608,2608,2608,2608,2608,2608,2608,2608,2608,2608,2608,2608,,2608,2608
DELHIVERY,CALL OI,1737,1737,,,,,,,,,2106,2106,2106,2106,2106,2106,2106,2106,2106,2106,2106,2106,2106,2106,2106,2106,2106,2106,2106,,2106,2106
DELHIVERY,PUT VOL,2201,1164,,,,,,,,,2201,2201,2201,2201,2201,2201,2201,2201,2201,2201,2201,2201,2201,2201,2201,2201,2201,2201,2201,,2201,2201
DELHIVERY,PUT OI,2862,2862,,,,,,,,,3008,3008,3008,3008,3008,3008,3008,3008,3008,3008,3008,3008,3008,3008,3008,3008,3008,3008,3008,,3008,3008
DIVISLAB,PRICE,9322.0,9438.5,,,,,9362.75,9335.58,9199.5,9133.17,9322.0,9322.0,9322.0,9322.0,9322.0,9322.0,9322.0,9322.0,9322.0,9322.0,9322.0,9322.0,9322.0,9322.0,9322.0,9322.0,9322.0,9322.0,9322.0,9322.0,9322.0,9322.0
DIVISLAB,VWAP,,,,,,,,,,,,,,,,,,,,,,,,,,,,,,,,
DIVISLAB,CASH VOL,516756,338181,91533,75.46,48.35,,,,,,,,,,,,,,,,,,,,,,,,,,,
DIVISLAB,F&O VOL,48771,49531,,,,,,,,,48771,48771,48771,48771,48771,48771,48771,48771,48771,48771,48771,48771,48771,48771,48771,48771,48771,48771,48771,48771,48771,48771
DIVISLAB,F&O OI,75706,75706,,,,,,,,,76861,76861,76861,76861,76861,76861,76861,76861,76861,76861,76861,76861,76861,76861,76861,76861,76861,76861,76861,76861,76861,76861
DIVISLAB,CALL VOL,20087,20509,,,,,,,,,20087,20087,20087,20087,20087,20087,20087,20087,20087,20087,20087,20087,20087,20087,20087,20087,20087,20087,20087,,20087,20087
DIVISLAB,CALL OI,15166,15166,,,,,,,,,14964,14964,14964,14964,14964,14964,14964,14964,14964,14964,14964,14964,14964,14964,14964,14964,14964,14964,14964,,14964,14964
DIVISLAB,PUT VOL,14013,15368,,,,,,,,,14013,14013,14013,14013,14013,14013,14013,14013,14013,14013,14013,14013,14013,14013,14013,14013,14013,14013,14013,,14013,14013
DIVISLAB,PUT OI,10598,10598,,,,,,,,,9986,9986,9986,9986,9986,9986,9986,9986,9986,9986,9986,9986,9986,9986,9986,9986,9986,9986,9986,,9986,9986
DIXON,PRICE,13425.0,13500.0,,,,,13361.67,13235.0,14370.0,14283.33,13425.0,13425.0,13425.0,13425.0,13425.0,13425.0,13425.0,13425.0,13425.0,13425.0,13425.0,13425.0,13425.0,13425.0,13425.0,13425.0,13425.0,13425.0,13425.0,13425.0,13425.0,13425.0
DIXON,VWAP,,,,,,,,,,,,,,,,,,,,,,,,,,,,,,,,
DIXON,CASH VOL,549928,467984,81701,45.45,34.03,,,,,,,,,,,,,,,,,,,,,,,,,,,
DIXON,F&O VOL,165990,186710,,,,,,,,,165990,165990,165990,165990,165990,165990,165990,165990,165990,165990,165990,165990,165990,165990,165990,165990,165990,165990,165990,165990,165990,165990
DIXON,F&O OI,150458,150458,,,,,,,,,152379,152379,152379,152379,152379,152379,152379,152379,152379,152379,152379,152379,152379,152379,152379,152379,152379,152379,152379,152379,152379,152379
DIXON,CALL VOL,76227,69856,,,,,,,,,76227,76227,76227,76227,76227,76227,76227,76227,76227,76227,76227,76227,76227,76227,76227,76227,76227,76227,76227,,76227,76227
DIXON,CALL OI,26071,26071,,,,,,,,,28077,28077,28077,28077,28077,28077,28077,28077,28077,28077,28077,28077,28077,28077,28077,28077,28077,28077,28077,,28077,28077
DIXON,PUT VOL,47662,55875,,,,,,,,,47662,47662,47662,47662,47662,47662,47662,47662,47662,47662,47662,47662,47662,47662,47662,47662,47662,47662,47662,,47662,47662
DIXON,PUT OI,18235,18235,,,,,,,,,18541,18541,18541,18541,18541,18541,18541,18541,18541,18541,18541,18541,18541,18541,18541,18541,18541,18541,18541,,18541,18541
DLF,PRICE,644.5,655.85,,,,,643.23,640.7,678.11,670.52,644.0,644.0,644.0,644.0,644.0,644.0,644.0,644.0,644.0,644.0,644.0,644.0,644.0,644.0,644.0,644.0,644.0,644.0,644.0,644.0,644.0,644.0
DLF,VWAP,,,,,,,,,,,,,,,,,,,,,,,,,,,,,,,,
DLF,CASH VOL,4502321,2509591,1187261,46.21,45.79,,,,,,,,,,,,,,,,,,,,,,,,,,,
DLF,F&O VOL,54002,28034,,,,,,,,,54002,54002,54002,54002,54002,54002,54002,54002,54002,54002,54002,54002,54002,54002,54002,54002,54002,54002,54002,54002,54002,54002
DLF,F&O OI,69192,69192,,,,,,,,,71429,71429,71429,71429,71429,71429,71429,71429,71429,71429,71429,71429,71429,71429,71429,71429,71429,71429,71429,71429,71429,71429
DLF,CALL VOL,23203,10093,,,,,,,,,23203,23203,23203,23203,23203,23203,23203,23203,23203,23203,23203,23203,23203,23203,23203,23203,23203,23203,23203,,23203,23203
DLF,CALL OI,5055,5055,,,,,,,,,6369,6369,6369,6369,6369,6369,6369,6369,6369,6369,6369,6369,6369,6369,6369,6369,6369,6369,6369,,6369,6369
DLF,PUT VOL,18233,8419,,,,,,,,,18233,18233,18233,18233,18233,18233,18233,18233,18233,18233,18233,18233,18233,18233,18233,18233,18233,18233,18233,,18233,18233
DLF,PUT OI,4955,4955,,,,,,,,,5791,5791,5791,5791,5791,5791,5791,5791,5791,5791,5791,5791,5791,5791,5791,5791,5791,5791,5791,,5791,5791
DMART,PRICE,3688.0,3690.0,,,,,3684.7,3678.1,3785.0,3775.0,3688.0,3688.0,3688.0,3688.0,3688.0,3688.0,3688.0,3688.0,3688.0,3688.0,3688.0,3688.0,3688.0,3688.0,3688.0,3688.0,3688.0,3688.0,3688.0,3688.0,3688.0,3688.0
DMART,VWAP,,,,,,,,,,,,,,,,,,,,,,,,,,,,,,,,
DMART,CASH VOL,710188,265194,239364,64.45,55.32,,,,,,,,,,,,,,,,,,,,,,,,,,,
DMART,F&O VOL,26226,15002,,,,,,,,,26226,26226,26226,26226,26226,26226,26226,26226,26226,26226,26226,26226,26226,26226,26226,26226,26226,26226,26226,26226,26226,26226
DMART,F&O OI,59695,59695,,,,,,,,,61180,61180,61180,61180,61180,61180,61180,61180,61180,61180,61180,61180,61180,61180,61180,61180,61180,61180,61180,61180,61180,61180
DMART,CALL VOL,11483,7089,,,,,,,,,11483,11483,11483,11483,11483,11483,11483,11483,11483,11483,11483,11483,11483,11483,11483,11483,11483,11483,11483,,11483,11483
DMART,CALL OI,8178,8178,,,,,,,,,8010,8010,8010,8010,8010,8010,8010,8010,8010,8010,8010,8010,8010,8010,8010,8010,8010,8010,8010,,8010,8010
DMART,PUT VOL,5951,3324,,,,,,,,,5951,5951,5951,5951,5951,5951,5951,5951,5951,5951,5951,5951,5951,5951,5951,5951,5951,5951,5951,,5951,5951
DMART,PUT OI,6691,6691,,,,,,,,,7142,7142,7142,7142,7142,7142,7142,7142,7142,7142,7142,7142,7142,7142,7142,7142,7142,7142,7142,,7142,7142
DRREDDY,PRICE,1165.5,1143.0,,,,,1162.33,1156.0,1160.95,1154.32,1165.0,1165.0,1165.0,1165.0,1165.0,1165.0,1165.0,1165.0,1165.0,1165.0,1165.0,1165.0,1165.0,1165.0,1165.0,1165.0,1165.0,1165.0,1165.0,1165.0,1165.0,1165.0
DRREDDY,VWAP,,,,,,,,,,,,,,,,,,,,,,,,,,,,,,,,
DRREDDY,CASH VOL,2403285,1684792,621326,38.16,74.47,,,,,,,,,,,,,,,,,,,,,,,,,,,
DRREDDY,F&O VOL,91886,15690,,,,,,,,,91886,91886,91886,91886,91886,91886,91886,91886,91886,91886,91886,91886,91886,91886,91886,91886,91886,91886,91886,91886,91886,91886
DRREDDY,F&O OI,55870,55870,,,,,,,,,57692,57692,57692,57692,57692,57692,57692,57692,57692,57692,57692,57692,57692,57692,57692,57692,57692,57692,57692,57692,57692,57692
DRREDDY,CALL VOL,56290,8389,,,,,,,,,56290,56290,56290,56290,56290,56290,56290,56290,56290,56290,56290,56290,56290,56290,56290,56290,56290,56290,56290,,56290,56290
DRREDDY,CALL OI,8004,8004,,,,,,,,,7549,7549,7549,7549,7549,7549,7549,7549,7549,7549,7549,7549,7549,7549,7549,7549,7549,7549,7549,,7549,7549
DRREDDY,PUT VOL,16150,2216,,,,,,,,,16150,16150,16150,16150,16150,16150,16150,16150,16150,16150,16150,16150,16150,16150,16150,16150,16150,16150,16150,,16150,16150
DRREDDY,PUT OI,4308,4308,,,,,,,,,5213,5213,5213,5213,5213,5213,5213,5213,5213,5213,5213,5213,5213,5213,5213,5213,5213,5213,5213,,5213,5213
EICHERMOT,PRICE,7530.0,7697.0,,,,,7581.5,7547.17,7700.25,7653.75,7530.0,7530.0,7530.0,7530.0,7530.0,7530.0,7530.0,7530.0,7530.0,7530.0,7530.0,7530.0,7530.0,7530.0,7530.0,7530.0,7530.0,7530.0,7530.0,7530.0,7530.0,7530.0
EICHERMOT,VWAP,,,,,,,,,,,,,,,,,,,,,,,,,,,,,,,,
EICHERMOT,CASH VOL,444280,289058,140368,62.66,52.78,,,,,,,,,,,,,,,,,,,,,,,,,,,
EICHERMOT,F&O VOL,37275,27737,,,,,,,,,37275,37275,37275,37275,37275,37275,37275,37275,37275,37275,37275,37275,37275,37275,37275,37275,37275,37275,37275,37275,37275,37275
EICHERMOT,F&O OI,68445,68445,,,,,,,,,68194,68194,68194,68194,68194,68194,68194,68194,68194,68194,68194,68194,68194,68194,68194,68194,68194,68194,68194,68194,68194,68194
EICHERMOT,CALL VOL,14598,10024,,,,,,,,,14598,14598,14598,14598,14598,14598,14598,14598,14598,14598,14598,14598,14598,14598,14598,14598,14598,14598,14598,,14598,14598
EICHERMOT,CALL OI,8320,8320,,,,,,,,,9393,9393,9393,9393,9393,9393,9393,9393,9393,9393,9393,9393,9393,9393,9393,9393,9393,9393,9393,,9393,9393
EICHERMOT,PUT VOL,14190,11958,,,,,,,,,14190,14190,14190,14190,14190,14190,14190,14190,14190,14190,14190,14190,14190,14190,14190,14190,14190,14190,14190,,14190,14190
EICHERMOT,PUT OI,13858,13858,,,,,,,,,13405,13405,13405,13405,13405,13405,13405,13405,13405,13405,13405,13405,13405,13405,13405,13405,13405,13405,13405,,13405,13405
ETERNAL,PRICE,323.5,322.1,,,,,322.47,320.43,325.65,323.72,323.0,323.0,323.0,323.0,323.0,323.0,323.0,323.0,323.0,323.0,323.0,323.0,323.0,323.0,323.0,323.0,323.0,323.0,323.0,323.0,323.0,323.0
ETERNAL,VWAP,,,,,,,,,,,,,,,,,,,,,,,,,,,,,,,,
ETERNAL,CASH VOL,22712054,15557911,5972103,57.46,59.76,,,,,,,,,,,,,,,,,,,,,,,,,,,
ETERNAL,F&O VOL,61947,33734,,,,,,,,,61947,61947,61947,61947,61947,61947,61947,61947,61947,61947,61947,61947,61947,61947,61947,61947,61947,61947,61947,61947,61947,61947
ETERNAL,F&O OI,104276,104276,,,,,,,,,103776,103776,103776,103776,103776,103776,103776,103776,103776,103776,103776,103776,103776,103776,103776,103776,103776,103776,103776,103776,103776,103776
ETERNAL,CALL VOL,29468,15964,,,,,,,,,29468,29468,29468,29468,29468,29468,29468,29468,29468,29468,29468,29468,29468,29468,29468,29468,29468,29468,29468,,29468,29468
ETERNAL,CALL OI,22332,22332,,,,,,,,,22129,22129,22129,22129,22129,22129,22129,22129,22129,22129,22129,22129,22129,22129,22129,22129,22129,22129,22129,,22129,22129
ETERNAL,PUT VOL,18702,10778,,,,,,,,,18702,18702,18702,18702,18702,18702,18702,18702,18702,18702,18702,18702,18702,18702,18702,18702,18702,18702,18702,,18702,18702
ETERNAL,PUT OI,10275,10275,,,,,,,,,10526,10526,10526,10526,10526,10526,10526,10526,10526,10526,10526,10526,10526,10526,10526,10526,10526,10526,10526,,10526,10526
FEDERALBNK,PRICE,344.5,346.0,,,,,344.08,343.23,349.38,345.12,344.0,344.0,344.0,344.0,344.0,344.0,344.0,344.0,344.0,344.0,344.0,344.0,344.0,344.0,344.0,344.0,344.0,344.0,344.0,344.0,344.0,344.0
FEDERALBNK,VWAP,,,,,,,,,,,,,,,,,,,,,,,,,,,,,,,,
FEDERALBNK,CASH VOL,3188640,5314983,996241,56.28,60.52,,,,,,,,,,,,,,,,,,,,,,,,,,,
FEDERALBNK,F&O VOL,14010,12177,,,,,,,,,14010,14010,14010,14010,14010,14010,14010,14010,14010,14010,14010,14010,14010,14010,14010,14010,14010,14010,14010,14010,14010,14010
FEDERALBNK,F&O OI,52796,52796,,,,,,,,,53447,53447,53447,53447,53447,53447,53447,53447,53447,53447,53447,53447,53447,53447,53447,53447,53447,53447,53447,53447,53447,53447
FEDERALBNK,CALL VOL,6832,6114,,,,,,,,,6832,6832,6832,6832,6832,6832,6832,6832,6832,6832,6832,6832,6832,6832,6832,6832,6832,6832,6832,,6832,6832
FEDERALBNK,CALL OI,9231,9231,,,,,,,,,9415,9415,9415,9415,9415,9415,9415,9415,9415,9415,9415,9415,9415,9415,9415,9415,9415,9415,9415,,9415,9415
FEDERALBNK,PUT VOL,4462,3568,,,,,,,,,4462,4462,4462,4462,4462,4462,4462,4462,4462,4462,4462,4462,4462,4462,4462,4462,4462,4462,4462,,4462,4462
FEDERALBNK,PUT OI,5933,5933,,,,,,,,,6120,6120,6120,6120,6120,6120,6120,6120,6120,6120,6120,6120,6120,6120,6120,6120,6120,6120,6120,,6120,6120
FORCEMOT,PRICE,17705.0,18175.0,,,,,17839.0,17749.67,17646.0,17548.67,17705.0,17705.0,17705.0,17705.0,17705.0,17705.0,17705.0,17705.0,17705.0,17705.0,17705.0,17705.0,17705.0,17705.0,17705.0,17705.0,17705.0,17705.0,17705.0,17705.0,17705.0,17705.0
FORCEMOT,VWAP,,,,,,,,,,,,,,,,,,,,,,,,,,,,,,,,
FORCEMOT,CASH VOL,65131,222791,9945,37.77,31.31,,,,,,,,,,,,,,,,,,,,,,,,,,,
FORCEMOT,F&O VOL,26258,108911,,,,,,,,,26258,26258,26258,26258,26258,26258,26258,26258,26258,26258,26258,26258,26258,26258,26258,26258,26258,26258,26258,26258,26258,26258
FORCEMOT,F&O OI,21021,21021,,,,,,,,,20857,20857,20857,20857,20857,20857,20857,20857,20857,20857,20857,20857,20857,20857,20857,20857,20857,20857,20857,20857,20857,20857
FORCEMOT,CALL VOL,12159,70365,,,,,,,,,12159,12159,12159,12159,12159,12159,12159,12159,12159,12159,12159,12159,12159,12159,12159,12159,12159,12159,12159,,12159,12159
FORCEMOT,CALL OI,5553,5553,,,,,,,,,6244,6244,6244,6244,6244,6244,6244,6244,6244,6244,6244,6244,6244,6244,6244,6244,6244,6244,6244,,6244,6244
FORCEMOT,PUT VOL,10000,22388,,,,,,,,,10000,10000,10000,10000,10000,10000,10000,10000,10000,10000,10000,10000,10000,10000,10000,10000,10000,10000,10000,,10000,10000
FORCEMOT,PUT OI,3997,3997,,,,,,,,,2983,2983,2983,2983,2983,2983,2983,2983,2983,2983,2983,2983,2983,2983,2983,2983,2983,2983,2983,,2983,2983
FORTIS,PRICE,887.8,902.45,,,,,892.5,889.37,910.67,906.89,887.0,887.0,887.0,887.0,887.0,887.0,887.0,887.0,887.0,887.0,887.0,887.0,887.0,887.0,887.0,887.0,887.0,887.0,887.0,887.0,887.0,887.0
FORTIS,VWAP,,,,,,,,,,,,,,,,,,,,,,,,,,,,,,,,
FORTIS,CASH VOL,784589,963139,228943,45.2,54.63,,,,,,,,,,,,,,,,,,,,,,,,,,,
FORTIS,F&O VOL,10959,4921,,,,,,,,,10959,10959,10959,10959,10959,10959,10959,10959,10959,10959,10959,10959,10959,10959,10959,10959,10959,10959,10959,10959,10959,10959
FORTIS,F&O OI,20681,20681,,,,,,,,,21061,21061,21061,21061,21061,21061,21061,21061,21061,21061,21061,21061,21061,21061,21061,21061,21061,21061,21061,21061,21061,21061
FORTIS,CALL VOL,3989,1526,,,,,,,,,3989,3989,3989,3989,3989,3989,3989,3989,3989,3989,3989,3989,3989,3989,3989,3989,3989,3989,3989,,3989,3989
FORTIS,CALL OI,1339,1339,,,,,,,,,1365,1365,1365,1365,1365,1365,1365,1365,1365,1365,1365,1365,1365,1365,1365,1365,1365,1365,1365,,1365,1365
FORTIS,PUT VOL,4276,1579,,,,,,,,,4276,4276,4276,4276,4276,4276,4276,4276,4276,4276,4276,4276,4276,4276,4276,4276,4276,4276,4276,,4276,4276
FORTIS,PUT OI,1653,1653,,,,,,,,,1696,1696,1696,1696,1696,1696,1696,1696,1696,1696,1696,1696,1696,1696,1696,1696,1696,1696,1696,,1696,1696
GAIL,PRICE,173.62,174.49,,,,,174.09,173.78,173.22,172.84,173.0,173.0,173.0,173.0,173.0,173.0,173.0,173.0,173.0,173.0,173.0,173.0,173.0,173.0,173.0,173.0,173.0,173.0,173.0,173.0,173.0,173.0
GAIL,VWAP,,,,,,,,,,,,,,,,,,,,,,,,,,,,,,,,
GAIL,CASH VOL,6770227,4397343,1922869,70.78,55.63,,,,,,,,,,,,,,,,,,,,,,,,,,,
GAIL,F&O VOL,7045,9234,,,,,,,,,7045,7045,7045,7045,7045,7045,7045,7045,7045,7045,7045,7045,7045,7045,7045,7045,7045,7045,7045,7045,7045,7045
GAIL,F&O OI,34358,34358,,,,,,,,,34027,34027,34027,34027,34027,34027,34027,34027,34027,34027,34027,34027,34027,34027,34027,34027,34027,34027,34027,34027,34027,34027
GAIL,CALL VOL,3680,4826,,,,,,,,,3680,3680,3680,3680,3680,3680,3680,3680,3680,3680,3680,3680,3680,3680,3680,3680,3680,3680,3680,,3680,3680
GAIL,CALL OI,5723,5723,,,,,,,,,5584,5584,5584,5584,5584,5584,5584,5584,5584,5584,5584,5584,5584,5584,5584,5584,5584,5584,5584,,5584,5584
GAIL,PUT VOL,1959,2312,,,,,,,,,1959,1959,1959,1959,1959,1959,1959,1959,1959,1959,1959,1959,1959,1959,1959,1959,1959,1959,1959,,1959,1959
GAIL,PUT OI,3409,3409,,,,,,,,,3299,3299,3299,3299,3299,3299,3299,3299,3299,3299,3299,3299,3299,3299,3299,3299,3299,3299,3299,,3299,3299
GLENMARK,PRICE,2419.2,2415.0,,,,,2415.47,2408.0,2448.45,2440.95,2419.0,2419.0,2419.0,2419.0,2419.0,2419.0,2419.0,2419.0,2419.0,2419.0,2419.0,2419.0,2419.0,2419.0,2419.0,2419.0,2419.0,2419.0,2419.0,2419.0,2419.0,2419.0
GLENMARK,VWAP,,,,,,,,,,,,,,,,,,,,,,,,,,,,,,,,
GLENMARK,CASH VOL,346692,262107,94366,55.31,57.73,,,,,,,,,,,,,,,,,,,,,,,,,,,
GLENMARK,F&O VOL,6526,4109,,,,,,,,,6526,6526,6526,6526,6526,6526,6526,6526,6526,6526,6526,6526,6526,6526,6526,6526,6526,6526,6526,6526,6526,6526
GLENMARK,F&O OI,38925,38925,,,,,,,,,39196,39196,39196,39196,39196,39196,39196,39196,39196,39196,39196,39196,39196,39196,39196,39196,39196,39196,39196,39196,39196,39196
GLENMARK,CALL VOL,3131,1403,,,,,,,,,3131,3131,3131,3131,3131,3131,3131,3131,3131,3131,3131,3131,3131,3131,3131,3131,3131,3131,3131,,3131,3131
GLENMARK,CALL OI,3079,3079,,,,,,,,,3286,3286,3286,3286,3286,3286,3286,3286,3286,3286,3286,3286,3286,3286,3286,3286,3286,3286,3286,,3286,3286
GLENMARK,PUT VOL,790,867,,,,,,,,,790,790,790,790,790,790,790,790,790,790,790,790,790,790,790,790,790,790,790,,790,790
GLENMARK,PUT OI,1685,1685,,,,,,,,,1671,1671,1671,1671,1671,1671,1671,1671,1671,1671,1671,1671,1671,1671,1671,1671,1671,1671,1671,,1671,1671
GMRAIRPORT,PRICE,97.98,97.46,,,,,97.53,96.63,96.73,95.29,97.0,97.0,97.0,97.0,97.0,97.0,97.0,97.0,97.0,97.0,97.0,97.0,97.0,97.0,97.0,97.0,97.0,97.0,97.0,97.0,97.0,97.0
GMRAIRPORT,VWAP,,,,,,,,,,,,,,,,,,,,,,,,,,,,,,,,
GMRAIRPORT,CASH VOL,7112955,9680394,3767202,56.83,63.45,,,,,,,,,,,,,,,,,,,,,,,,,,,
GMRAIRPORT,F&O VOL,4786,4284,,,,,,,,,4786,4786,4786,4786,4786,4786,4786,4786,4786,4786,4786,4786,4786,4786,4786,4786,4786,4786,4786,4786,4786,4786
GMRAIRPORT,F&O OI,37643,37643,,,,,,,,,37705,37705,37705,37705,37705,37705,37705,37705,37705,37705,37705,37705,37705,37705,37705,37705,37705,37705,37705,37705,37705,37705
GMRAIRPORT,CALL VOL,2219,1969,,,,,,,,,2219,2219,2219,2219,2219,2219,2219,2219,2219,2219,2219,2219,2219,2219,2219,2219,2219,2219,2219,,2219,2219
GMRAIRPORT,CALL OI,4802,4802,,,,,,,,,4967,4967,4967,4967,4967,4967,4967,4967,4967,4967,4967,4967,4967,4967,4967,4967,4967,4967,4967,,4967,4967
GMRAIRPORT,PUT VOL,753,913,,,,,,,,,753,753,753,753,753,753,753,753,753,753,753,753,753,753,753,753,753,753,753,,753,753
GMRAIRPORT,PUT OI,5655,5655,,,,,,,,,5648,5648,5648,5648,5648,5648,5648,5648,5648,5648,5648,5648,5648,5648,5648,5648,5648,5648,5648,,5648,5648
GODFRYPHLP,PRICE,1927.0,1972.0,,,,,1943.5,1932.5,2050.7,2050.1,1927.0,1927.0,1927.0,1927.0,1927.0,1927.0,1927.0,1927.0,1927.0,1927.0,1927.0,1927.0,1927.0,1927.0,1927.0,1927.0,1927.0,1927.0,1927.0,1927.0,1927.0,1927.0
GODFRYPHLP,VWAP,,,,,,,,,,,,,,,,,,,,,,,,,,,,,,,,
GODFRYPHLP,CASH VOL,229401,190824,57110,45.17,36.1,,,,,,,,,,,,,,,,,,,,,,,,,,,
GODFRYPHLP,F&O VOL,3662,2554,,,,,,,,,3662,3662,3662,3662,3662,3662,3662,3662,3662,3662,3662,3662,3662,3662,3662,3662,3662,3662,3662,3662,3662,3662
GODFRYPHLP,F&O OI,10193,10193,,,,,,,,,10765,10765,10765,10765,10765,10765,10765,10765,10765,10765,10765,10765,10765,10765,10765,10765,10765,10765,10765,10765,10765,10765
GODFRYPHLP,CALL VOL,1999,1237,,,,,,,,,1999,1999,1999,1999,1999,1999,1999,1999,1999,1999,1999,1999,1999,1999,1999,1999,1999,1999,1999,,1999,1999
GODFRYPHLP,CALL OI,2094,2094,,,,,,,,,2496,2496,2496,2496,2496,2496,2496,2496,2496,2496,2496,2496,2496,2496,2496,2496,2496,2496,2496,,2496,2496
GODFRYPHLP,PUT VOL,902,612,,,,,,,,,902,902,902,902,902,902,902,902,902,902,902,902,902,902,902,902,902,902,902,,902,902
GODFRYPHLP,PUT OI,1322,1322,,,,,,,,,1431,1431,1431,1431,1431,1431,1431,1431,1431,1431,1431,1431,1431,1431,1431,1431,1431,1431,1431,,1431,1431
GODREJCP,PRICE,865.0,869.9,,,,,865.8,865.27,882.27,879.43,865.0,865.0,865.0,865.0,865.0,865.0,865.0,865.0,865.0,865.0,865.0,865.0,865.0,865.0,865.0,865.0,865.0,865.0,865.0,865.0,865.0,865.0
GODREJCP,VWAP,,,,,,,,,,,,,,,,,,,,,,,,,,,,,,,,
GODREJCP,CASH VOL,772816,697924,179500,54.54,54.51,,,,,,,,,,,,,,,,,,,,,,,,,,,
GODREJCP,F&O VOL,8266,8875,,,,,,,,,8266,8266,8266,8266,8266,8266,8266,8266,8266,8266,8266,8266,8266,8266,8266,8266,8266,8266,8266,8266,8266,8266
GODREJCP,F&O OI,53994,53994,,,,,,,,,53684,53684,53684,53684,53684,53684,53684,53684,53684,53684,53684,53684,53684,53684,53684,53684,53684,53684,53684,53684,53684,53684
GODREJCP,CALL VOL,3250,3422,,,,,,,,,3250,3250,3250,3250,3250,3250,3250,3250,3250,3250,3250,3250,3250,3250,3250,3250,3250,3250,3250,,3250,3250
GODREJCP,CALL OI,5702,5702,,,,,,,,,6008,6008,6008,6008,6008,6008,6008,6008,6008,6008,6008,6008,6008,6008,6008,6008,6008,6008,6008,,6008,6008
GODREJCP,PUT VOL,1677,1950,,,,,,,,,1677,1677,1677,1677,1677,1677,1677,1677,1677,1677,1677,1677,1677,1677,1677,1677,1677,1677,1677,,1677,1677
GODREJCP,PUT OI,6000,6000,,,,,,,,,5998,5998,5998,5998,5998,5998,5998,5998,5998,5998,5998,5998,5998,5998,5998,5998,5998,5998,5998,,5998,5998
GODREJPROP,PRICE,1748.0,1872.0,,,,,1787.0,1761.0,1982.8,1982.27,1748.0,1748.0,1748.0,1748.0,1748.0,1748.0,1748.0,1748.0,1748.0,1748.0,1748.0,1748.0,1748.0,1748.0,1748.0,1748.0,1748.0,1748.0,1748.0,1748.0,1748.0,1748.0
GODREJPROP,VWAP,,,,,,,,,,,,,,,,,,,,,,,,,,,,,,,,
GODREJPROP,CASH VOL,2684348,686220,700196,29.45,54.24,,,,,,,,,,,,,,,,,,,,,,,,,,,
GODREJPROP,F&O VOL,93058,20266,,,,,,,,,93058,93058,93058,93058,93058,93058,93058,93058,93058,93058,93058,93058,93058,93058,93058,93058,93058,93058,93058,93058,93058,93058
GODREJPROP,F&O OI,45148,45148,,,,,,,,,54310,54310,54310,54310,54310,54310,54310,54310,54310,54310,54310,54310,54310,54310,54310,54310,54310,54310,54310,54310,54310,54310
GODREJPROP,CALL VOL,20650,4405,,,,,,,,,20650,20650,20650,20650,20650,20650,20650,20650,20650,20650,20650,20650,20650,20650,20650,20650,20650,20650,20650,,20650,20650
GODREJPROP,CALL OI,321,2578,,,,,,,,,3179,3179,3179,3179,3179,3179,3179,3179,3179,3179,3179,3179,3179,3179,3179,3179,3179,3179,3179,,3179,3179
GODREJPROP,PUT VOL,37389,5402,,,,,,,,,37389,37389,37389,37389,37389,37389,37389,37389,37389,37389,37389,37389,37389,37389,37389,37389,37389,37389,37389,,37389,37389
GODREJPROP,PUT OI,1893,3287,,,,,,,,,3659,3659,3659,3659,3659,3659,3659,3659,3659,3659,3659,3659,3659,3659,3659,3659,3659,3659,3659,,3659,3659
GRASIM,PRICE,3281.9,3319.0,,,,,3284.7,3282.83,3309.35,3284.05,3281.0,3281.0,3281.0,3281.0,3281.0,3281.0,3281.0,3281.0,3281.0,3281.0,3281.0,3281.0,3281.0,3281.0,3281.0,3281.0,3281.0,3281.0,3281.0,3281.0,3281.0,3281.0
GRASIM,VWAP,,,,,,,,,,,,,,,,,,,,,,,,,,,,,,,,
GRASIM,CASH VOL,515990,1056285,188822,63.08,69.31,,,,,,,,,,,,,,,,,,,,,,,,,,,
GRASIM,F&O VOL,29735,12849,,,,,,,,,29735,29735,29735,29735,29735,29735,29735,29735,29735,29735,29735,29735,29735,29735,29735,29735,29735,29735,29735,29735,29735,29735
GRASIM,F&O OI,44863,44863,,,,,,,,,50389,50389,50389,50389,50389,50389,50389,50389,50389,50389,50389,50389,50389,50389,50389,50389,50389,50389,50389,50389,50389,50389
GRASIM,CALL VOL,5563,4365,,,,,,,,,5563,5563,5563,5563,5563,5563,5563,5563,5563,5563,5563,5563,5563,5563,5563,5563,5563,5563,5563,,5563,5563
GRASIM,CALL OI,4138,4138,,,,,,,,,4594,4594,4594,4594,4594,4594,4594,4594,4594,4594,4594,4594,4594,4594,4594,4594,4594,4594,4594,,4594,4594
GRASIM,PUT VOL,3472,2198,,,,,,,,,3472,3472,3472,3472,3472,3472,3472,3472,3472,3472,3472,3472,3472,3472,3472,3472,3472,3472,3472,,3472,3472
GRASIM,PUT OI,2437,2437,,,,,,,,,2356,2356,2356,2356,2356,2356,2356,2356,2356,2356,2356,2356,2356,2356,2356,2356,2356,2356,2356,,2356,2356
GVT&D,PRICE,4548.1,4545.0,,,,,4528.2,4488.4,4301.32,4291.35,4548.0,4548.0,4548.0,4548.0,4548.0,4548.0,4548.0,4548.0,4548.0,4548.0,4548.0,4548.0,4548.0,4548.0,4548.0,4548.0,4548.0,4548.0,4548.0,4548.0,4548.0,4548.0
GVT&D,VWAP,,,,,,,,,,,,,,,,,,,,,,,,,,,,,,,,
GVT&D,CASH VOL,588462,685310,98795,42.74,42.55,,,,,,,,,,,,,,,,,,,,,,,,,,,
GVT&D,F&O VOL,30953,43422,,,,,,,,,30953,30953,30953,30953,30953,30953,30953,30953,30953,30953,30953,30953,30953,30953,30953,30953,30953,30953,30953,30953,30953,30953
GVT&D,F&O OI,51660,51660,,,,,,,,,51403,51403,51403,51403,51403,51403,51403,51403,51403,51403,51403,51403,51403,51403,51403,51403,51403,51403,51403,51403,51403,51403
GVT&D,CALL VOL,14911,18012,,,,,,,,,14911,14911,14911,14911,14911,14911,14911,14911,14911,14911,14911,14911,14911,14911,14911,14911,14911,14911,14911,,14911,14911
GVT&D,CALL OI,12557,12557,,,,,,,,,12447,12447,12447,12447,12447,12447,12447,12447,12447,12447,12447,12447,12447,12447,12447,12447,12447,12447,12447,,12447,12447
GVT&D,PUT VOL,11218,18079,,,,,,,,,11218,11218,11218,11218,11218,11218,11218,11218,11218,11218,11218,11218,11218,11218,11218,11218,11218,11218,11218,,11218,11218
GVT&D,PUT OI,9634,9634,,,,,,,,,9575,9575,9575,9575,9575,9575,9575,9575,9575,9575,9575,9575,9575,9575,9575,9575,9575,9575,9575,,9575,9575
HAL,PRICE,4905.0,4950.0,,,,,4904.17,4902.5,4844.5,4821.5,4905.0,4905.0,4905.0,4905.0,4905.0,4905.0,4905.0,4905.0,4905.0,4905.0,4905.0,4905.0,4905.0,4905.0,4905.0,4905.0,4905.0,4905.0,4905.0,4905.0,4905.0,4905.0
HAL,VWAP,,,,,,,,,,,,,,,,,,,,,,,,,,,,,,,,
HAL,CASH VOL,762754,688500,172886,57.15,45.34,,,,,,,,,,,,,,,,,,,,,,,,,,,
HAL,F&O VOL,54398,73116,,,,,,,,,54398,54398,54398,54398,54398,54398,54398,54398,54398,54398,54398,54398,54398,54398,54398,54398,54398,54398,54398,54398,54398,54398
HAL,F&O OI,79947,79947,,,,,,,,,82626,82626,82626,82626,82626,82626,82626,82626,82626,82626,82626,82626,82626,82626,82626,82626,82626,82626,82626,82626,82626,82626
HAL,CALL VOL,24590,27874,,,,,,,,,24590,24590,24590,24590,24590,24590,24590,24590,24590,24590,24590,24590,24590,24590,24590,24590,24590,24590,24590,,24590,24590
HAL,CALL OI,14081,14081,,,,,,,,,15357,15357,15357,15357,15357,15357,15357,15357,15357,15357,15357,15357,15357,15357,15357,15357,15357,15357,15357,,15357,15357
HAL,PUT VOL,15534,22693,,,,,,,,,15534,15534,15534,15534,15534,15534,15534,15534,15534,15534,15534,15534,15534,15534,15534,15534,15534,15534,15534,,15534,15534
HAL,PUT OI,11104,11104,,,,,,,,,11873,11873,11873,11873,11873,11873,11873,11873,11873,11873,11873,11873,11873,11873,11873,11873,11873,11873,11873,,11873,11873
HAVELLS,PRICE,1111.0,1116.0,,,,,1109.15,1105.45,1184.85,1164.28,1111.0,1111.0,1111.0,1111.0,1111.0,1111.0,1111.0,1111.0,1111.0,1111.0,1111.0,1111.0,1111.0,1111.0,1111.0,1111.0,1111.0,1111.0,1111.0,1111.0,1111.0,1111.0
HAVELLS,VWAP,,,,,,,,,,,,,,,,,,,,,,,,,,,,,,,,
HAVELLS,CASH VOL,699007,1093884,185800,61.47,68.06,,,,,,,,,,,,,,,,,,,,,,,,,,,
HAVELLS,F&O VOL,12757,11225,,,,,,,,,12757,12757,12757,12757,12757,12757,12757,12757,12757,12757,12757,12757,12757,12757,12757,12757,12757,12757,12757,12757,12757,12757
HAVELLS,F&O OI,38769,38769,,,,,,,,,39481,39481,39481,39481,39481,39481,39481,39481,39481,39481,39481,39481,39481,39481,39481,39481,39481,39481,39481,39481,39481,39481
HAVELLS,CALL VOL,6202,5546,,,,,,,,,6202,6202,6202,6202,6202,6202,6202,6202,6202,6202,6202,6202,6202,6202,6202,6202,6202,6202,6202,,6202,6202
HAVELLS,CALL OI,5778,5778,,,,,,,,,5912,5912,5912,5912,5912,5912,5912,5912,5912,5912,5912,5912,5912,5912,5912,5912,5912,5912,5912,,5912,5912
HAVELLS,PUT VOL,2314,2367,,,,,,,,,2314,2314,2314,2314,2314,2314,2314,2314,2314,2314,2314,2314,2314,2314,2314,2314,2314,2314,2314,,2314,2314
HAVELLS,PUT OI,4207,4207,,,,,,,,,4173,4173,4173,4173,4173,4173,4173,4173,4173,4173,4173,4173,4173,4173,4173,4173,4173,4173,4173,,4173,4173
HCLTECH,PRICE,1206.1,1207.0,,,,,1209.55,1207.25,1320.25,1302.35,1206.0,1206.0,1206.0,1206.0,1206.0,1206.0,1206.0,1206.0,1206.0,1206.0,1206.0,1206.0,1206.0,1206.0,1206.0,1206.0,1206.0,1206.0,1206.0,1206.0,1206.0,1206.0
HCLTECH,VWAP,,,,,,,,,,,,,,,,,,,,,,,,,,,,,,,,
HCLTECH,CASH VOL,2272845,2197859,645156,49.59,43.41,,,,,,,,,,,,,,,,,,,,,,,,,,,
HCLTECH,F&O VOL,59353,70203,,,,,,,,,59353,59353,59353,59353,59353,59353,59353,59353,59353,59353,59353,59353,59353,59353,59353,59353,59353,59353,59353,59353,59353,59353
HCLTECH,F&O OI,108241,108241,,,,,,,,,110265,110265,110265,110265,110265,110265,110265,110265,110265,110265,110265,110265,110265,110265,110265,110265,110265,110265,110265,110265,110265,110265
HCLTECH,CALL VOL,21757,21483,,,,,,,,,21757,21757,21757,21757,21757,21757,21757,21757,21757,21757,21757,21757,21757,21757,21757,21757,21757,21757,21757,,21757,21757
HCLTECH,CALL OI,4925,4925,,,,,,,,,7408,7408,7408,7408,7408,7408,7408,7408,7408,7408,7408,7408,7408,7408,7408,7408,7408,7408,7408,,7408,7408
HCLTECH,PUT VOL,13440,19092,,,,,,,,,13440,13440,13440,13440,13440,13440,13440,13440,13440,13440,13440,13440,13440,13440,13440,13440,13440,13440,13440,,13440,13440
HCLTECH,PUT OI,7569,7569,,,,,,,,,7625,7625,7625,7625,7625,7625,7625,7625,7625,7625,7625,7625,7625,7625,7625,7625,7625,7625,7625,,7625,7625
HDFCAMC,PRICE,2403.9,2433.8,,,,,2401.05,2395.35,2495.7,2470.77,2403.0,2403.0,2403.0,2403.0,2403.0,2403.0,2403.0,2403.0,2403.0,2403.0,2403.0,2403.0,2403.0,2403.0,2403.0,2403.0,2403.0,2403.0,2403.0,2403.0,2403.0,2403.0
HDFCAMC,VWAP,,,,,,,,,,,,,,,,,,,,,,,,,,,,,,,,
HDFCAMC,CASH VOL,677643,370540,224069,55.36,52.68,,,,,,,,,,,,,,,,,,,,,,,,,,,
HDFCAMC,F&O VOL,10621,10388,,,,,,,,,10621,10621,10621,10621,10621,10621,10621,10621,10621,10621,10621,10621,10621,10621,10621,10621,10621,10621,10621,10621,10621,10621
HDFCAMC,F&O OI,37067,37067,,,,,,,,,37454,37454,37454,37454,37454,37454,37454,37454,37454,37454,37454,37454,37454,37454,37454,37454,37454,37454,37454,37454,37454,37454
HDFCAMC,CALL VOL,6121,6160,,,,,,,,,6121,6121,6121,6121,6121,6121,6121,6121,6121,6121,6121,6121,6121,6121,6121,6121,6121,6121,6121,,6121,6121
HDFCAMC,CALL OI,4466,4466,,,,,,,,,4613,4613,4613,4613,4613,4613,4613,4613,4613,4613,4613,4613,4613,4613,4613,4613,4613,4613,4613,,4613,4613
HDFCAMC,PUT VOL,2212,2011,,,,,,,,,2212,2212,2212,2212,2212,2212,2212,2212,2212,2212,2212,2212,2212,2212,2212,2212,2212,2212,2212,,2212,2212
HDFCAMC,PUT OI,4540,4540,,,,,,,,,4622,4622,4622,4622,4622,4622,4622,4622,4622,4622,4622,4622,4622,4622,4622,4622,4622,4622,4622,,4622,4622
HDFCBANK,PRICE,708.25,693.8,,,,,703.98,695.45,710.82,708.25,708.0,708.0,708.0,708.0,708.0,708.0,708.0,708.0,708.0,708.0,708.0,708.0,708.0,708.0,708.0,708.0,708.0,708.0,708.0,708.0,708.0,708.0
HDFCBANK,VWAP,,,,,,,,,,,,,,,,,,,,,,,,,,,,,,,,
HDFCBANK,CASH VOL,31411934,27108053,8259178,47.31,62.99,,,,,,,,,,,,,,,,,,,,,,,,,,,
HDFCBANK,F&O VOL,1009637,380742,,,,,,,,,1009637,1009637,1009637,1009637,1009637,1009637,1009637,1009637,1009637,1009637,1009637,1009637,1009637,1009637,1009637,1009637,1009637,1009637,1009637,1009637,1009637,1009637
HDFCBANK,F&O OI,1068218,1068218,,,,,,,,,1105851,1105851,1105851,1105851,1105851,1105851,1105851,1105851,1105851,1105851,1105851,1105851,1105851,1105851,1105851,1105851,1105851,1105851,1105851,1105851,1105851,1105851
HDFCBANK,CALL VOL,562274,202192,,,,,,,,,562274,562274,562274,562274,562274,562274,562274,562274,562274,562274,562274,562274,562274,562274,562274,562274,562274,562274,562274,,562274,562274
HDFCBANK,CALL OI,186972,186972,,,,,,,,,196785,196785,196785,196785,196785,196785,196785,196785,196785,196785,196785,196785,196785,196785,196785,196785,196785,196785,196785,,196785,196785
HDFCBANK,PUT VOL,236073,88784,,,,,,,,,236073,236073,236073,236073,236073,236073,236073,236073,236073,236073,236073,236073,236073,236073,236073,236073,236073,236073,236073,,236073,236073
HDFCBANK,PUT OI,105143,105143,,,,,,,,,115321,115321,115321,115321,115321,115321,115321,115321,115321,115321,115321,115321,115321,115321,115321,115321,115321,115321,115321,,115321,115321
HDFCLIFE,PRICE,530.0,526.15,,,,,528.28,524.85,544.02,539.27,530.0,530.0,530.0,530.0,530.0,530.0,530.0,530.0,530.0,530.0,530.0,530.0,530.0,530.0,530.0,530.0,530.0,530.0,530.0,530.0,530.0,530.0
HDFCLIFE,VWAP,,,,,,,,,,,,,,,,,,,,,,,,,,,,,,,,
HDFCLIFE,CASH VOL,4127867,4125818,1003446,62.15,48.9,,,,,,,,,,,,,,,,,,,,,,,,,,,
HDFCLIFE,F&O VOL,34716,55518,,,,,,,,,34716,34716,34716,34716,34716,34716,34716,34716,34716,34716,34716,34716,34716,34716,34716,34716,34716,34716,34716,34716,34716,34716
HDFCLIFE,F&O OI,91005,91005,,,,,,,,,89711,89711,89711,89711,89711,89711,89711,89711,89711,89711,89711,89711,89711,89711,89711,89711,89711,89711,89711,89711,89711,89711
HDFCLIFE,CALL VOL,17257,27177,,,,,,,,,17257,17257,17257,17257,17257,17257,17257,17257,17257,17257,17257,17257,17257,17257,17257,17257,17257,17257,17257,,17257,17257
HDFCLIFE,CALL OI,13179,13179,,,,,,,,,13105,13105,13105,13105,13105,13105,13105,13105,13105,13105,13105,13105,13105,13105,13105,13105,13105,13105,13105,,13105,13105
HDFCLIFE,PUT VOL,8146,11625,,,,,,,,,8146,8146,8146,8146,8146,8146,8146,8146,8146,8146,8146,8146,8146,8146,8146,8146,8146,8146,8146,,8146,8146
HDFCLIFE,PUT OI,8462,8462,,,,,,,,,8457,8457,8457,8457,8457,8457,8457,8457,8457,8457,8457,8457,8457,8457,8457,8457,8457,8457,8457,,8457,8457
HEROMOTOCO,PRICE,5221.5,5280.0,,,,,5219.17,5214.5,5326.0,5308.67,5221.0,5221.0,5221.0,5221.0,5221.0,5221.0,5221.0,5221.0,5221.0,5221.0,5221.0,5221.0,5221.0,5221.0,5221.0,5221.0,5221.0,5221.0,5221.0,5221.0,5221.0,5221.0
HEROMOTOCO,VWAP,,,,,,,,,,,,,,,,,,,,,,,,,,,,,,,,
HEROMOTOCO,CASH VOL,251663,501164,61810,52.46,66.75,,,,,,,,,,,,,,,,,,,,,,,,,,,
HEROMOTOCO,F&O VOL,20518,29990,,,,,,,,,20518,20518,20518,20518,20518,20518,20518,20518,20518,20518,20518,20518,20518,20518,20518,20518,20518,20518,20518,20518,20518,20518
HEROMOTOCO,F&O OI,58742,58742,,,,,,,,,59030,59030,59030,59030,59030,59030,59030,59030,59030,59030,59030,59030,59030,59030,59030,59030,59030,59030,59030,59030,59030,59030
HEROMOTOCO,CALL VOL,9366,13777,,,,,,,,,9366,9366,9366,9366,9366,9366,9366,9366,9366,9366,9366,9366,9366,9366,9366,9366,9366,9366,9366,,9366,9366
HEROMOTOCO,CALL OI,13453,13453,,,,,,,,,13734,13734,13734,13734,13734,13734,13734,13734,13734,13734,13734,13734,13734,13734,13734,13734,13734,13734,13734,,13734,13734
HEROMOTOCO,PUT VOL,7652,10228,,,,,,,,,7652,7652,7652,7652,7652,7652,7652,7652,7652,7652,7652,7652,7652,7652,7652,7652,7652,7652,7652,,7652,7652
HEROMOTOCO,PUT OI,9110,9110,,,,,,,,,9321,9321,9321,9321,9321,9321,9321,9321,9321,9321,9321,9321,9321,9321,9321,9321,9321,9321,9321,,9321,9321
HINDALCO,PRICE,981.5,1014.0,,,,,982.95,981.98,1010.78,1010.35,981.0,981.0,981.0,981.0,981.0,981.0,981.0,981.0,981.0,981.0,981.0,981.0,981.0,981.0,981.0,981.0,981.0,981.0,981.0,981.0,981.0,981.0
HINDALCO,VWAP,,,,,,,,,,,,,,,,,,,,,,,,,,,,,,,,
HINDALCO,CASH VOL,4754493,2172772,630155,56.75,56.26,,,,,,,,,,,,,,,,,,,,,,,,,,,
HINDALCO,F&O VOL,73495,30364,,,,,,,,,73495,73495,73495,73495,73495,73495,73495,73495,73495,73495,73495,73495,73495,73495,73495,73495,73495,73495,73495,73495,73495,73495
HINDALCO,F&O OI,102671,102671,,,,,,,,,105092,105092,105092,105092,105092,105092,105092,105092,105092,105092,105092,105092,105092,105092,105092,105092,105092,105092,105092,105092,105092,105092
HINDALCO,CALL VOL,35777,11032,,,,,,,,,35777,35777,35777,35777,35777,35777,35777,35777,35777,35777,35777,35777,35777,35777,35777,35777,35777,35777,35777,,35777,35777
HINDALCO,CALL OI,10902,10902,,,,,,,,,12853,12853,12853,12853,12853,12853,12853,12853,12853,12853,12853,12853,12853,12853,12853,12853,12853,12853,12853,,12853,12853
HINDALCO,PUT VOL,25639,8763,,,,,,,,,25639,25639,25639,25639,25639,25639,25639,25639,25639,25639,25639,25639,25639,25639,25639,25639,25639,25639,25639,,25639,25639
HINDALCO,PUT OI,12204,12204,,,,,,,,,12728,12728,12728,12728,12728,12728,12728,12728,12728,12728,12728,12728,12728,12728,12728,12728,12728,12728,12728,,12728,12728
HINDPETRO,PRICE,352.0,352.65,,,,,350.5,347.5,359.15,357.38,352.0,352.0,352.0,352.0,352.0,352.0,352.0,352.0,352.0,352.0,352.0,352.0,352.0,352.0,352.0,352.0,352.0,352.0,352.0,352.0,352.0,352.0
HINDPETRO,VWAP,,,,,,,,,,,,,,,,,,,,,,,,,,,,,,,,
HINDPETRO,CASH VOL,5835890,2991765,880011,39.72,57.29,,,,,,,,,,,,,,,,,,,,,,,,,,,
HINDPETRO,F&O VOL,24809,7791,,,,,,,,,24809,24809,24809,24809,24809,24809,24809,24809,24809,24809,24809,24809,24809,24809,24809,24809,24809,24809,24809,24809,24809,24809
HINDPETRO,F&O OI,32823,32823,,,,,,,,,32978,32978,32978,32978,32978,32978,32978,32978,32978,32978,32978,32978,32978,32978,32978,32978,32978,32978,32978,32978,32978,32978
HINDPETRO,CALL VOL,10598,2866,,,,,,,,,10598,10598,10598,10598,10598,10598,10598,10598,10598,10598,10598,10598,10598,10598,10598,10598,10598,10598,10598,,10598,10598
HINDPETRO,CALL OI,4418,4418,,,,,,,,,4368,4368,4368,4368,4368,4368,4368,4368,4368,4368,4368,4368,4368,4368,4368,4368,4368,4368,4368,,4368,4368
HINDPETRO,PUT VOL,7938,2910,,,,,,,,,7938,7938,7938,7938,7938,7938,7938,7938,7938,7938,7938,7938,7938,7938,7938,7938,7938,7938,7938,,7938,7938
HINDPETRO,PUT OI,4251,4251,,,,,,,,,4296,4296,4296,4296,4296,4296,4296,4296,4296,4296,4296,4296,4296,4296,4296,4296,4296,4296,4296,,4296,4296
HINDUNILVR,PRICE,1927.0,1942.3,,,,,1936.4,1930.13,1971.37,1967.3,1927.0,1927.0,1927.0,1927.0,1927.0,1927.0,1927.0,1927.0,1927.0,1927.0,1927.0,1927.0,1927.0,1927.0,1927.0,1927.0,1927.0,1927.0,1927.0,1927.0,1927.0,1927.0
HINDUNILVR,VWAP,,,,,,,,,,,,,,,,,,,,,,,,,,,,,,,,
HINDUNILVR,CASH VOL,1100313,1232506,402968,60.65,63.58,,,,,,,,,,,,,,,,,,,,,,,,,,,
HINDUNILVR,F&O VOL,33152,34661,,,,,,,,,33152,33152,33152,33152,33152,33152,33152,33152,33152,33152,33152,33152,33152,33152,33152,33152,33152,33152,33152,33152,33152,33152
HINDUNILVR,F&O OI,119409,119409,,,,,,,,,117919,117919,117919,117919,117919,117919,117919,117919,117919,117919,117919,117919,117919,117919,117919,117919,117919,117919,117919,117919,117919,117919
HINDUNILVR,CALL VOL,17594,13563,,,,,,,,,17594,17594,17594,17594,17594,17594,17594,17594,17594,17594,17594,17594,17594,17594,17594,17594,17594,17594,17594,,17594,17594
HINDUNILVR,CALL OI,18853,18853,,,,,,,,,17886,17886,17886,17886,17886,17886,17886,17886,17886,17886,17886,17886,17886,17886,17886,17886,17886,17886,17886,,17886,17886
HINDUNILVR,PUT VOL,7247,11939,,,,,,,,,7247,7247,7247,7247,7247,7247,7247,7247,7247,7247,7247,7247,7247,7247,7247,7247,7247,7247,7247,,7247,7247
HINDUNILVR,PUT OI,13998,13998,,,,,,,,,13914,13914,13914,13914,13914,13914,13914,13914,13914,13914,13914,13914,13914,13914,13914,13914,13914,13914,13914,,13914,13914
HINDZINC,PRICE,576.45,593.6,,,,,575.78,574.42,598.05,592.15,576.0,576.0,576.0,576.0,576.0,576.0,576.0,576.0,576.0,576.0,576.0,576.0,576.0,576.0,576.0,576.0,576.0,576.0,576.0,576.0,576.0,576.0
HINDZINC,VWAP,,,,,,,,,,,,,,,,,,,,,,,,,,,,,,,,
HINDZINC,CASH VOL,7158790,4559807,1708225,42.21,43.99,,,,,,,,,,,,,,,,,,,,,,,,,,,
HINDZINC,F&O VOL,73758,38398,,,,,,,,,73758,73758,73758,73758,73758,73758,73758,73758,73758,73758,73758,73758,73758,73758,73758,73758,73758,73758,73758,73758,73758,73758
HINDZINC,F&O OI,59797,59797,,,,,,,,,62812,62812,62812,62812,62812,62812,62812,62812,62812,62812,62812,62812,62812,62812,62812,62812,62812,62812,62812,62812,62812,62812
HINDZINC,CALL VOL,33961,15263,,,,,,,,,33961,33961,33961,33961,33961,33961,33961,33961,33961,33961,33961,33961,33961,33961,33961,33961,33961,33961,33961,,33961,33961
HINDZINC,CALL OI,11719,11719,,,,,,,,,13218,13218,13218,13218,13218,13218,13218,13218,13218,13218,13218,13218,13218,13218,13218,13218,13218,13218,13218,,13218,13218
HINDZINC,PUT VOL,26111,10842,,,,,,,,,26111,26111,26111,26111,26111,26111,26111,26111,26111,26111,26111,26111,26111,26111,26111,26111,26111,26111,26111,,26111,26111
HINDZINC,PUT OI,10857,10857,,,,,,,,,10568,10568,10568,10568,10568,10568,10568,10568,10568,10568,10568,10568,10568,10568,10568,10568,10568,10568,10568,,10568,10568
HYUNDAI,PRICE,2174.0,2205.0,,,,,2183.05,2177.02,2188.38,2155.15,2174.0,2174.0,2174.0,2174.0,2174.0,2174.0,2174.0,2174.0,2174.0,2174.0,2174.0,2174.0,2174.0,2174.0,2174.0,2174.0,2174.0,2174.0,2174.0,2174.0,2174.0,2174.0
HYUNDAI,VWAP,,,,,,,,,,,,,,,,,,,,,,,,,,,,,,,,
HYUNDAI,CASH VOL,484805,907669,127655,49.58,53.18,,,,,,,,,,,,,,,,,,,,,,,,,,,
HYUNDAI,F&O VOL,6092,12264,,,,,,,,,6092,6092,6092,6092,6092,6092,6092,6092,6092,6092,6092,6092,6092,6092,6092,6092,6092,6092,6092,6092,6092,6092
HYUNDAI,F&O OI,25385,25385,,,,,,,,,25296,25296,25296,25296,25296,25296,25296,25296,25296,25296,25296,25296,25296,25296,25296,25296,25296,25296,25296,25296,25296,25296
HYUNDAI,CALL VOL,1702,5463,,,,,,,,,1702,1702,1702,1702,1702,1702,1702,1702,1702,1702,1702,1702,1702,1702,1702,1702,1702,1702,1702,,1702,1702
HYUNDAI,CALL OI,2500,2500,,,,,,,,,2434,2434,2434,2434,2434,2434,2434,2434,2434,2434,2434,2434,2434,2434,2434,2434,2434,2434,2434,,2434,2434
HYUNDAI,PUT VOL,805,1741,,,,,,,,,805,805,805,805,805,805,805,805,805,805,805,805,805,805,805,805,805,805,805,,805,805
HYUNDAI,PUT OI,3580,3580,,,,,,,,,3515,3515,3515,3515,3515,3515,3515,3515,3515,3515,3515,3515,3515,3515,3515,3515,3515,3515,3515,,3515,3515
ICICIBANK,PRICE,1379.3,1384.5,,,,,1378.97,1378.3,1436.35,1427.58,1379.0,1379.0,1379.0,1379.0,1379.0,1379.0,1379.0,1379.0,1379.0,1379.0,1379.0,1379.0,1379.0,1379.0,1379.0,1379.0,1379.0,1379.0,1379.0,1379.0,1379.0,1379.0
ICICIBANK,VWAP,,,,,,,,,,,,,,,,,,,,,,,,,,,,,,,,
ICICIBANK,CASH VOL,7064417,10580641,1480987,63.26,71.13,,,,,,,,,,,,,,,,,,,,,,,,,,,
ICICIBANK,F&O VOL,129524,117873,,,,,,,,,129524,129524,129524,129524,129524,129524,129524,129524,129524,129524,129524,129524,129524,129524,129524,129524,129524,129524,129524,129524,129524,129524
ICICIBANK,F&O OI,247477,247477,,,,,,,,,248808,248808,248808,248808,248808,248808,248808,248808,248808,248808,248808,248808,248808,248808,248808,248808,248808,248808,248808,248808,248808,248808
ICICIBANK,CALL VOL,47800,41495,,,,,,,,,47800,47800,47800,47800,47800,47800,47800,47800,47800,47800,47800,47800,47800,47800,47800,47800,47800,47800,47800,,47800,47800
ICICIBANK,CALL OI,19501,19501,,,,,,,,,21725,21725,21725,21725,21725,21725,21725,21725,21725,21725,21725,21725,21725,21725,21725,21725,21725,21725,21725,,21725,21725
ICICIBANK,PUT VOL,37714,38156,,,,,,,,,37714,37714,37714,37714,37714,37714,37714,37714,37714,37714,37714,37714,37714,37714,37714,37714,37714,37714,37714,,37714,37714
ICICIBANK,PUT OI,21873,21873,,,,,,,,,22010,22010,22010,22010,22010,22010,22010,22010,22010,22010,22010,22010,22010,22010,22010,22010,22010,22010,22010,,22010,22010
ICICIGI,PRICE,1459.8,1465.0,,,,,1457.98,1454.35,1530.9,1516.97,1459.0,1459.0,1459.0,1459.0,1459.0,1459.0,1459.0,1459.0,1459.0,1459.0,1459.0,1459.0,1459.0,1459.0,1459.0,1459.0,1459.0,1459.0,1459.0,1459.0,1459.0,1459.0
ICICIGI,VWAP,,,,,,,,,,,,,,,,,,,,,,,,,,,,,,,,
ICICIGI,CASH VOL,663654,312999,141751,59.04,59.53,,,,,,,,,,,,,,,,,,,,,,,,,,,
ICICIGI,F&O VOL,8803,3987,,,,,,,,,8803,8803,8803,8803,8803,8803,8803,8803,8803,8803,8803,8803,8803,8803,8803,8803,8803,8803,8803,8803,8803,8803
ICICIGI,F&O OI,33360,33360,,,,,,,,,34239,34239,34239,34239,34239,34239,34239,34239,34239,34239,34239,34239,34239,34239,34239,34239,34239,34239,34239,34239,34239,34239
ICICIGI,CALL VOL,3645,1578,,,,,,,,,3645,3645,3645,3645,3645,3645,3645,3645,3645,3645,3645,3645,3645,3645,3645,3645,3645,3645,3645,,3645,3645
ICICIGI,CALL OI,2433,2433,,,,,,,,,2922,2922,2922,2922,2922,2922,2922,2922,2922,2922,2922,2922,2922,2922,2922,2922,2922,2922,2922,,2922,2922
ICICIGI,PUT VOL,1880,836,,,,,,,,,1880,1880,1880,1880,1880,1880,1880,1880,1880,1880,1880,1880,1880,1880,1880,1880,1880,1880,1880,,1880,1880
ICICIGI,PUT OI,3135,3135,,,,,,,,,3189,3189,3189,3189,3189,3189,3189,3189,3189,3189,3189,3189,3189,3189,3189,3189,3189,3189,3189,,3189,3189
ICICIPRULI,PRICE,471.5,471.0,,,,,470.46,468.38,496.0,495.03,471.0,471.0,471.0,471.0,471.0,471.0,471.0,471.0,471.0,471.0,471.0,471.0,471.0,471.0,471.0,471.0,471.0,471.0,471.0,471.0,471.0,471.0
ICICIPRULI,VWAP,,,,,,,,,,,,,,,,,,,,,,,,,,,,,,,,
ICICIPRULI,CASH VOL,1354875,2174563,198424,56.47,61.52,,,,,,,,,,,,,,,,,,,,,,,,,,,
ICICIPRULI,F&O VOL,8865,13530,,,,,,,,,8865,8865,8865,8865,8865,8865,8865,8865,8865,8865,8865,8865,8865,8865,8865,8865,8865,8865,8865,8865,8865,8865
ICICIPRULI,F&O OI,31535,31535,,,,,,,,,30864,30864,30864,30864,30864,30864,30864,30864,30864,30864,30864,30864,30864,30864,30864,30864,30864,30864,30864,30864,30864,30864
ICICIPRULI,CALL VOL,3930,6006,,,,,,,,,3930,3930,3930,3930,3930,3930,3930,3930,3930,3930,3930,3930,3930,3930,3930,3930,3930,3930,3930,,3930,3930
ICICIPRULI,CALL OI,2173,2173,,,,,,,,,2049,2049,2049,2049,2049,2049,2049,2049,2049,2049,2049,2049,2049,2049,2049,2049,2049,2049,2049,,2049,2049
ICICIPRULI,PUT VOL,1428,2291,,,,,,,,,1428,1428,1428,1428,1428,1428,1428,1428,1428,1428,1428,1428,1428,1428,1428,1428,1428,1428,1428,,1428,1428
ICICIPRULI,PUT OI,2427,2427,,,,,,,,,2493,2493,2493,2493,2493,2493,2493,2493,2493,2493,2493,2493,2493,2493,2493,2493,2493,2493,2493,,2493,2493
IDEA,PRICE,14.97,14.9,,,,,15.02,14.99,14.86,14.54,14.0,14.0,14.0,14.0,14.0,14.0,14.0,14.0,14.0,14.0,14.0,14.0,14.0,14.0,14.0,14.0,14.0,14.0,14.0,14.0,14.0,14.0
IDEA,VWAP,,,,,,,,,,,,,,,,,,,,,,,,,,,,,,,,
IDEA,CASH VOL,547907103,888431120,83525542,27.88,38.55,,,,,,,,,,,,,,,,,,,,,,,,,,,
IDEA,F&O VOL,51338,63631,,,,,,,,,51338,51338,51338,51338,51338,51338,51338,51338,51338,51338,51338,51338,51338,51338,51338,51338,51338,51338,51338,51338,51338,51338
IDEA,F&O OI,130777,130777,,,,,,,,,134393,134393,134393,134393,134393,134393,134393,134393,134393,134393,134393,134393,134393,134393,134393,134393,134393,134393,134393,134393,134393,134393
IDEA,CALL VOL,30891,32284,,,,,,,,,30891,30891,30891,30891,30891,30891,30891,30891,30891,30891,30891,30891,30891,30891,30891,30891,30891,30891,30891,,30891,30891
IDEA,CALL OI,27312,27312,,,,,,,,,28353,28353,28353,28353,28353,28353,28353,28353,28353,28353,28353,28353,28353,28353,28353,28353,28353,28353,28353,,28353,28353
IDEA,PUT VOL,8851,13000,,,,,,,,,8851,8851,8851,8851,8851,8851,8851,8851,8851,8851,8851,8851,8851,8851,8851,8851,8851,8851,8851,,8851,8851
IDEA,PUT OI,11975,11975,,,,,,,,,12951,12951,12951,12951,12951,12951,12951,12951,12951,12951,12951,12951,12951,12951,12951,12951,12951,12951,12951,,12951,12951
IDFCFIRSTB,PRICE,86.21,86.84,,,,,86.16,86.07,86.44,85.9,86.0,86.0,86.0,86.0,86.0,86.0,86.0,86.0,86.0,86.0,86.0,86.0,86.0,86.0,86.0,86.0,86.0,86.0,86.0,86.0,86.0,86.0
IDFCFIRSTB,VWAP,,,,,,,,,,,,,,,,,,,,,,,,,,,,,,,,
IDFCFIRSTB,CASH VOL,13937814,14637414,3245430,61.64,49.22,,,,,,,,,,,,,,,,,,,,,,,,,,,
IDFCFIRSTB,F&O VOL,14653,19714,,,,,,,,,14653,14653,14653,14653,14653,14653,14653,14653,14653,14653,14653,14653,14653,14653,14653,14653,14653,14653,14653,14653,14653,14653
IDFCFIRSTB,F&O OI,67946,67946,,,,,,,,,68201,68201,68201,68201,68201,68201,68201,68201,68201,68201,68201,68201,68201,68201,68201,68201,68201,68201,68201,68201,68201,68201
IDFCFIRSTB,CALL VOL,5645,8786,,,,,,,,,5645,5645,5645,5645,5645,5645,5645,5645,5645,5645,5645,5645,5645,5645,5645,5645,5645,5645,5645,,5645,5645
IDFCFIRSTB,CALL OI,10930,10930,,,,,,,,,11026,11026,11026,11026,11026,11026,11026,11026,11026,11026,11026,11026,11026,11026,11026,11026,11026,11026,11026,,11026,11026
IDFCFIRSTB,PUT VOL,4611,5644,,,,,,,,,4611,4611,4611,4611,4611,4611,4611,4611,4611,4611,4611,4611,4611,4611,4611,4611,4611,4611,4611,,4611,4611
IDFCFIRSTB,PUT OI,7786,7786,,,,,,,,,7763,7763,7763,7763,7763,7763,7763,7763,7763,7763,7763,7763,7763,7763,7763,7763,7763,7763,7763,,7763,7763
IEX,PRICE,113.88,116.63,,,,,114.45,114.07,119.66,119.16,113.0,113.0,113.0,113.0,113.0,113.0,113.0,113.0,113.0,113.0,113.0,113.0,113.0,113.0,113.0,113.0,113.0,113.0,113.0,113.0,113.0,113.0
IEX,VWAP,,,,,,,,,,,,,,,,,,,,,,,,,,,,,,,,
IEX,CASH VOL,6657040,2469793,1363657,48.81,47.23,,,,,,,,,,,,,,,,,,,,,,,,,,,
IEX,F&O VOL,10864,4264,,,,,,,,,10864,10864,10864,10864,10864,10864,10864,10864,10864,10864,10864,10864,10864,10864,10864,10864,10864,10864,10864,10864,10864,10864
IEX,F&O OI,30750,30750,,,,,,,,,32162,32162,32162,32162,32162,32162,32162,32162,32162,32162,32162,32162,32162,32162,32162,32162,32162,32162,32162,32162,32162,32162
IEX,CALL VOL,5156,2281,,,,,,,,,5156,5156,5156,5156,5156,5156,5156,5156,5156,5156,5156,5156,5156,5156,5156,5156,5156,5156,5156,,5156,5156
IEX,CALL OI,5245,5245,,,,,,,,,5985,5985,5985,5985,5985,5985,5985,5985,5985,5985,5985,5985,5985,5985,5985,5985,5985,5985,5985,,5985,5985
IEX,PUT VOL,3256,880,,,,,,,,,3256,3256,3256,3256,3256,3256,3256,3256,3256,3256,3256,3256,3256,3256,3256,3256,3256,3256,3256,,3256,3256
IEX,PUT OI,3160,3160,,,,,,,,,3747,3747,3747,3747,3747,3747,3747,3747,3747,3747,3747,3747,3747,3747,3747,3747,3747,3747,3747,,3747,3747
INDHOTEL,PRICE,718.5,715.75,,,,,717.22,714.67,719.98,719.95,718.0,718.0,718.0,718.0,718.0,718.0,718.0,718.0,718.0,718.0,718.0,718.0,718.0,718.0,718.0,718.0,718.0,718.0,718.0,718.0,718.0,718.0
INDHOTEL,VWAP,,,,,,,,,,,,,,,,,,,,,,,,,,,,,,,,
INDHOTEL,CASH VOL,1019599,991880,380714,54.17,57.64,,,,,,,,,,,,,,,,,,,,,,,,,,,
INDHOTEL,F&O VOL,6064,10096,,,,,,,,,6064,6064,6064,6064,6064,6064,6064,6064,6064,6064,6064,6064,6064,6064,6064,6064,6064,6064,6064,6064,6064,6064
INDHOTEL,F&O OI,38891,38891,,,,,,,,,39087,39087,39087,39087,39087,39087,39087,39087,39087,39087,39087,39087,39087,39087,39087,39087,39087,39087,39087,39087,39087,39087
INDHOTEL,CALL VOL,3167,4957,,,,,,,,,3167,3167,3167,3167,3167,3167,3167,3167,3167,3167,3167,3167,3167,3167,3167,3167,3167,3167,3167,,3167,3167
INDHOTEL,CALL OI,4297,4297,,,,,,,,,4363,4363,4363,4363,4363,4363,4363,4363,4363,4363,4363,4363,4363,4363,4363,4363,4363,4363,4363,,4363,4363
INDHOTEL,PUT VOL,1609,2839,,,,,,,,,1609,1609,1609,1609,1609,1609,1609,1609,1609,1609,1609,1609,1609,1609,1609,1609,1609,1609,1609,,1609,1609
INDHOTEL,PUT OI,2913,2913,,,,,,,,,2884,2884,2884,2884,2884,2884,2884,2884,2884,2884,2884,2884,2884,2884,2884,2884,2884,2884,2884,,2884,2884
INDIANB,PRICE,853.5,856.5,,,,,851.45,847.35,886.35,881.92,853.0,853.0,853.0,853.0,853.0,853.0,853.0,853.0,853.0,853.0,853.0,853.0,853.0,853.0,853.0,853.0,853.0,853.0,853.0,853.0,853.0,853.0
INDIANB,VWAP,,,,,,,,,,,,,,,,,,,,,,,,,,,,,,,,
INDIANB,CASH VOL,1579708,1181088,424894,48.98,44.49,,,,,,,,,,,,,,,,,,,,,,,,,,,
INDIANB,F&O VOL,18967,14158,,,,,,,,,18967,18967,18967,18967,18967,18967,18967,18967,18967,18967,18967,18967,18967,18967,18967,18967,18967,18967,18967,18967,18967,18967
INDIANB,F&O OI,23588,23588,,,,,,,,,24087,24087,24087,24087,24087,24087,24087,24087,24087,24087,24087,24087,24087,24087,24087,24087,24087,24087,24087,24087,24087,24087
INDIANB,CALL VOL,9673,7252,,,,,,,,,9673,9673,9673,9673,9673,9673,9673,9673,9673,9673,9673,9673,9673,9673,9673,9673,9673,9673,9673,,9673,9673
INDIANB,CALL OI,4705,4705,,,,,,,,,4551,4551,4551,4551,4551,4551,4551,4551,4551,4551,4551,4551,4551,4551,4551,4551,4551,4551,4551,,4551,4551
INDIANB,PUT VOL,5487,3645,,,,,,,,,5487,5487,5487,5487,5487,5487,5487,5487,5487,5487,5487,5487,5487,5487,5487,5487,5487,5487,5487,,5487,5487
INDIANB,PUT OI,4534,4534,,,,,,,,,4971,4971,4971,4971,4971,4971,4971,4971,4971,4971,4971,4971,4971,4971,4971,4971,4971,4971,4971,,4971,4971
INDIGO,PRICE,4973.0,4945.0,,,,,4947.83,4897.5,4977.75,4977.25,4973.0,4973.0,4973.0,4973.0,4973.0,4973.0,4973.0,4973.0,4973.0,4973.0,4973.0,4973.0,4973.0,4973.0,4973.0,4973.0,4973.0,4973.0,4973.0,4973.0,4973.0,4973.0
INDIGO,VWAP,,,,,,,,,,,,,,,,,,,,,,,,,,,,,,,,
INDIGO,CASH VOL,923733,813491,163345,53.12,64.32,,,,,,,,,,,,,,,,,,,,,,,,,,,
INDIGO,F&O VOL,93607,74133,,,,,,,,,93607,93607,93607,93607,93607,93607,93607,93607,93607,93607,93607,93607,93607,93607,93607,93607,93607,93607,93607,93607,93607,93607
INDIGO,F&O OI,83268,83268,,,,,,,,,86646,86646,86646,86646,86646,86646,86646,86646,86646,86646,86646,86646,86646,86646,86646,86646,86646,86646,86646,86646,86646,86646
INDIGO,CALL VOL,43347,33520,,,,,,,,,43347,43347,43347,43347,43347,43347,43347,43347,43347,43347,43347,43347,43347,43347,,43347,43347,43347,43347,,43347,43347
INDIGO,CALL OI,21911,21911,,,,,,,,,23424,23424,23424,23424,23424,23424,23424,23424,23424,23424,23424,23424,23424,23424,,23424,23424,23424,23424,,23424,23424
INDIGO,PUT VOL,40503,32386,,,,,,,,,40503,40503,40503,40503,40503,40503,40503,40503,40503,40503,40503,40503,40503,40503,,40503,40503,40503,40503,,40503,40503
INDIGO,PUT OI,14229,14229,,,,,,,,,15665,15665,15665,15665,15665,15665,15665,15665,15665,15665,15665,15665,15665,15665,,15665,15665,15665,15665,,15665,15665
INDUSINDBK,PRICE,978.2,993.3,,,,,980.5,978.97,1000.98,985.95,978.0,978.0,978.0,978.0,978.0,978.0,978.0,978.0,978.0,978.0,978.0,978.0,978.0,978.0,978.0,978.0,978.0,978.0,978.0,978.0,978.0,978.0
INDUSINDBK,VWAP,,,,,,,,,,,,,,,,,,,,,,,,,,,,,,,,
INDUSINDBK,CASH VOL,2504608,972483,733307,62.44,50.52,,,,,,,,,,,,,,,,,,,,,,,,,,,
INDUSINDBK,F&O VOL,21076,11949,,,,,,,,,21076,21076,21076,21076,21076,21076,21076,21076,21076,21076,21076,21076,21076,21076,21076,21076,21076,21076,21076,21076,21076,21076
INDUSINDBK,F&O OI,66009,66009,,,,,,,,,69611,69611,69611,69611,69611,69611,69611,69611,69611,69611,69611,69611,69611,69611,69611,69611,69611,69611,69611,69611,69611,69611
INDUSINDBK,CALL VOL,9380,3976,,,,,,,,,9380,9380,9380,9380,9380,9380,9380,9380,9380,9380,9380,9380,9380,9380,,9380,9380,9380,9380,,9380,9380
INDUSINDBK,CALL OI,4395,4395,,,,,,,,,5772,5772,5772,5772,5772,5772,5772,5772,5772,5772,5772,5772,5772,5772,,5772,5772,5772,5772,,5772,5772
INDUSINDBK,PUT VOL,5770,3940,,,,,,,,,5770,5770,5770,5770,5770,5770,5770,5770,5770,5770,5770,5770,5770,5770,,5770,5770,5770,5770,,5770,5770
INDUSINDBK,PUT OI,5650,5650,,,,,,,,,5893,5893,5893,5893,5893,5893,5893,5893,5893,5893,5893,5893,5893,5893,,5893,5893,5893,5893,,5893,5893
INDUSTOWER,PRICE,388.0,372.0,,,,,385.81,381.43,376.74,376.62,388.0,388.0,388.0,388.0,388.0,388.0,388.0,388.0,388.0,388.0,388.0,388.0,388.0,388.0,388.0,388.0,388.0,388.0,388.0,388.0,388.0,388.0
INDUSTOWER,VWAP,,,,,,,,,,,,,,,,,,,,,,,,,,,,,,,,
INDUSTOWER,CASH VOL,16707001,4491149,1412974,41.12,61.36,,,,,,,,,,,,,,,,,,,,,,,,,,,
INDUSTOWER,F&O VOL,97494,10356,,,,,,,,,97494,97494,97494,97494,97494,97494,97494,97494,97494,97494,97494,97494,97494,97494,97494,97494,97494,97494,97494,97494,97494,97494
INDUSTOWER,F&O OI,77563,77563,,,,,,,,,77127,77127,77127,77127,77127,77127,77127,77127,77127,77127,77127,77127,77127,77127,77127,77127,77127,77127,77127,77127,77127,77127
INDUSTOWER,CALL VOL,54915,4991,,,,,,,,,54915,54915,54915,54915,54915,54915,54915,54915,54915,54915,54915,54915,54915,54915,,54915,54915,54915,54915,,54915,54915
INDUSTOWER,CALL OI,9569,9569,,,,,,,,,8400,8400,8400,8400,8400,8400,8400,8400,8400,8400,8400,8400,8400,8400,,8400,8400,8400,8400,,8400,8400
INDUSTOWER,PUT VOL,13964,456,,,,,,,,,13964,13964,13964,13964,13964,13964,13964,13964,13964,13964,13964,13964,13964,13964,,13964,13964,13964,13964,,13964,13964
INDUSTOWER,PUT OI,2344,2344,,,,,,,,,3589,3589,3589,3589,3589,3589,3589,3589,3589,3589,3589,3589,3589,3589,,3589,3589,3589,3589,,3589,3589
INFY,PRICE,1037.7,1036.5,,,,,1038.5,1037.97,1133.2,1131.07,1037.0,1037.0,1037.0,1037.0,1037.0,1037.0,1037.0,1037.0,1037.0,1037.0,1037.0,1037.0,1037.0,1037.0,1037.0,1037.0,1037.0,1037.0,1037.0,1037.0,1037.0,1037.0
INFY,VWAP,,,,,,,,,,,,,,,,,,,,,,,,,,,,,,,,
INFY,CASH VOL,6168088,8998529,1531619,56.59,58.35,,,,,,,,,,,,,,,,,,,,,,,,,,,
INFY,F&O VOL,188841,174938,,,,,,,,,188841,188841,188841,188841,188841,188841,188841,188841,188841,188841,188841,188841,188841,188841,188841,188841,188841,188841,188841,188841,188841,188841
INFY,F&O OI,379158,379158,,,,,,,,,376709,376709,376709,376709,376709,376709,376709,376709,376709,376709,376709,376709,376709,376709,376709,376709,376709,376709,376709,376709,376709,376709
INFY,CALL VOL,92176,88973,,,,,,,,,92176,92176,92176,92176,92176,92176,92176,92176,92176,92176,92176,92176,92176,92176,,92176,92176,92176,92176,,92176,92176
INFY,CALL OI,55887,55887,,,,,,,,,62793,62793,62793,62793,62793,62793,62793,62793,62793,62793,62793,62793,62793,62793,,62793,62793,62793,62793,,62793,62793
INFY,PUT VOL,46151,48436,,,,,,,,,46151,46151,46151,46151,46151,46151,46151,46151,46151,46151,46151,46151,46151,46151,,46151,46151,46151,46151,,46151,46151
INFY,PUT OI,41621,41621,,,,,,,,,41463,41463,41463,41463,41463,41463,41463,41463,41463,41463,41463,41463,41463,41463,,41463,41463,41463,41463,,41463,41463
INOXWIND,PRICE,76.5,76.02,,,,,76.05,75.14,73.68,72.25,76.0,76.0,76.0,76.0,76.0,76.0,76.0,76.0,76.0,76.0,76.0,76.0,76.0,76.0,76.0,76.0,76.0,76.0,76.0,76.0,76.0,76.0
INOXWIND,VWAP,,,,,,,,,,,,,,,,,,,,,,,,,,,,,,,,
INOXWIND,CASH VOL,7415115,9773988,1835302,34.59,34.45,,,,,,,,,,,,,,,,,,,,,,,,,,,
INOXWIND,F&O VOL,402,425,,,,,,,,,402,402,402,402,402,402,402,402,402,402,402,402,402,402,402,402,402,402,402,402,402,402
INOXWIND,F&O OI,28684,28684,,,,,,,,,28438,28438,28438,28438,28438,28438,28438,28438,28438,28438,28438,28438,28438,28438,28438,28438,28438,28438,28438,28438,28438,28438
INOXWIND,CALL VOL,80,104,,,,,,,,,80,80,80,80,80,80,80,80,80,80,80,80,80,80,,80,80,80,80,,80,80
INOXWIND,CALL OI,5715,5715,,,,,,,,,5677,5677,5677,5677,5677,5677,5677,5677,5677,5677,5677,5677,5677,5677,,5677,5677,5677,5677,,5677,5677
INOXWIND,PUT VOL,40,62,,,,,,,,,40,40,40,40,40,40,40,40,40,40,40,40,40,40,,40,40,40,40,,40,40
INOXWIND,PUT OI,3178,3178,,,,,,,,,3151,3151,3151,3151,3151,3151,3151,3151,3151,3151,3151,3151,3151,3151,,3151,3151,3151,3151,,3151,3151
IOC,PRICE,135.11,134.94,,,,,134.98,134.7,137.09,136.07,135.0,135.0,135.0,135.0,135.0,135.0,135.0,135.0,135.0,135.0,135.0,135.0,135.0,135.0,135.0,135.0,135.0,135.0,135.0,135.0,135.0,135.0
IOC,VWAP,,,,,,,,,,,,,,,,,,,,,,,,,,,,,,,,
IOC,CASH VOL,7203039,6629384,1889642,46.42,55.12,,,,,,,,,,,,,,,,,,,,,,,,,,,
IOC,F&O VOL,13287,8300,,,,,,,,,13287,13287,13287,13287,13287,13287,13287,13287,13287,13287,13287,13287,13287,13287,13287,13287,13287,13287,13287,13287,13287,13287
IOC,F&O OI,45635,45635,,,,,,,,,45526,45526,45526,45526,45526,45526,45526,45526,45526,45526,45526,45526,45526,45526,45526,45526,45526,45526,45526,45526,45526,45526
IOC,CALL VOL,5149,2779,,,,,,,,,5149,5149,5149,5149,5149,5149,5149,5149,5149,5149,5149,5149,5149,5149,,5149,5149,5149,5149,,5149,5149
IOC,CALL OI,5888,5888,,,,,,,,,6001,6001,6001,6001,6001,6001,6001,6001,6001,6001,6001,6001,6001,6001,,6001,6001,6001,6001,,6001,6001
IOC,PUT VOL,5171,3381,,,,,,,,,5171,5171,5171,5171,5171,5171,5171,5171,5171,5171,5171,5171,5171,5171,,5171,5171,5171,5171,,5171,5171
IOC,PUT OI,5239,5239,,,,,,,,,5380,5380,5380,5380,5380,5380,5380,5380,5380,5380,5380,5380,5380,5380,,5380,5380,5380,5380,,5380,5380
IREDA,PRICE,111.71,113.32,,,,,111.94,111.79,113.53,113.32,111.0,111.0,111.0,111.0,111.0,111.0,111.0,111.0,111.0,111.0,111.0,111.0,111.0,111.0,111.0,111.0,111.0,111.0,111.0,111.0,111.0,111.0
IREDA,VWAP,,,,,,,,,,,,,,,,,,,,,,,,,,,,,,,,
IREDA,CASH VOL,3342411,5082162,576530,33.34,27.45,,,,,,,,,,,,,,,,,,,,,,,,,,,
IREDA,F&O VOL,5662,14504,,,,,,,,,5662,5662,5662,5662,5662,5662,5662,5662,5662,5662,5662,5662,5662,5662,5662,5662,5662,5662,5662,5662,5662,5662
IREDA,F&O OI,41791,41791,,,,,,,,,41935,41935,41935,41935,41935,41935,41935,41935,41935,41935,41935,41935,41935,41935,41935,41935,41935,41935,41935,41935,41935,41935
IREDA,CALL VOL,3003,8943,,,,,,,,,3003,3003,3003,3003,3003,3003,3003,3003,3003,3003,3003,3003,3003,3003,,3003,3003,3003,3003,,3003,3003
IREDA,CALL OI,8658,8658,,,,,,,,,8942,8942,8942,8942,8942,8942,8942,8942,8942,8942,8942,8942,8942,8942,,8942,8942,8942,8942,,8942,8942
IREDA,PUT VOL,1031,2596,,,,,,,,,1031,1031,1031,1031,1031,1031,1031,1031,1031,1031,1031,1031,1031,1031,,1031,1031,1031,1031,,1031,1031
IREDA,PUT OI,4902,4902,,,,,,,,,4844,4844,4844,4844,4844,4844,4844,4844,4844,4844,4844,4844,4844,4844,,4844,4844,4844,4844,,4844,4844
IRFC,PRICE,81.09,81.08,,,,,80.93,80.59,83.14,82.62,81.0,81.0,81.0,81.0,81.0,81.0,81.0,81.0,81.0,81.0,81.0,81.0,81.0,81.0,81.0,81.0,81.0,81.0,81.0,81.0,81.0,81.0
IRFC,VWAP,,,,,,,,,,,,,,,,,,,,,,,,,,,,,,,,
IRFC,CASH VOL,8029026,8521418,1855596,47.94,39.38,,,,,,,,,,,,,,,,,,,,,,,,,,,
IRFC,F&O VOL,8201,7966,,,,,,,,,8201,8201,8201,8201,8201,8201,8201,8201,8201,8201,8201,8201,8201,8201,8201,8201,8201,8201,8201,8201,8201,8201
IRFC,F&O OI,39131,39131,,,,,,,,,39907,39907,39907,39907,39907,39907,39907,39907,39907,39907,39907,39907,39907,39907,39907,39907,39907,39907,39907,39907,39907,39907
IRFC,CALL VOL,3169,3726,,,,,,,,,3169,3169,3169,3169,3169,3169,3169,3169,3169,3169,3169,3169,3169,3169,,3169,3169,3169,3169,,3169,3169
IRFC,CALL OI,4102,4102,,,,,,,,,4253,4253,4253,4253,4253,4253,4253,4253,4253,4253,4253,4253,4253,4253,,4253,4253,4253,4253,,4253,4253
IRFC,PUT VOL,1047,1028,,,,,,,,,1047,1047,1047,1047,1047,1047,1047,1047,1047,1047,1047,1047,1047,1047,,1047,1047,1047,1047,,1047,1047
IRFC,PUT OI,4153,4153,,,,,,,,,4278,4278,4278,4278,4278,4278,4278,4278,4278,4278,4278,4278,4278,4278,,4278,4278,4278,4278,,4278,4278
ITC,PRICE,259.85,259.3,,,,,259.79,259.67,265.68,264.63,259.0,259.0,259.0,259.0,259.0,259.0,259.0,259.0,259.0,259.0,259.0,259.0,259.0,259.0,259.0,259.0,259.0,259.0,259.0,259.0,259.0,259.0
ITC,VWAP,,,,,,,,,,,,,,,,,,,,,,,,,,,,,,,,
ITC,CASH VOL,11116049,17541602,2390311,58.39,59.14,,,,,,,,,,,,,,,,,,,,,,,,,,,
ITC,F&O VOL,65317,71584,,,,,,,,,65317,65317,65317,65317,65317,65317,65317,65317,65317,65317,65317,65317,65317,65317,65317,65317,65317,65317,65317,65317,65317,65317
ITC,F&O OI,206181,206181,,,,,,,,,205828,205828,205828,205828,205828,205828,205828,205828,205828,205828,205828,205828,205828,205828,205828,205828,205828,205828,205828,205828,205828,205828
ITC,CALL VOL,32213,33520,,,,,,,,,32213,32213,32213,32213,32213,32213,32213,32213,32213,32213,32213,32213,32213,32213,32213,32213,32213,32213,32213,,32213,32213
ITC,CALL OI,27248,27248,,,,,,,,,27482,27482,27482,27482,27482,27482,27482,27482,27482,27482,27482,27482,27482,27482,27482,27482,27482,27482,27482,,27482,27482
ITC,PUT VOL,17887,20180,,,,,,,,,17887,17887,17887,17887,17887,17887,17887,17887,17887,17887,17887,17887,17887,17887,17887,17887,17887,17887,17887,,17887,17887
ITC,PUT OI,22399,22399,,,,,,,,,22843,22843,22843,22843,22843,22843,22843,22843,22843,22843,22843,22843,22843,22843,22843,22843,22843,22843,22843,,22843,22843
JINDALSTEL,PRICE,1120.5,1137.0,,,,,1110.33,1090.0,1160.93,1152.8,1120.0,1120.0,1120.0,1120.0,1120.0,1120.0,1120.0,1120.0,1120.0,1120.0,1120.0,1120.0,1120.0,1120.0,1120.0,1120.0,1120.0,1120.0,1120.0,1120.0,1120.0,1120.0
JINDALSTEL,VWAP,,,,,,,,,,,,,,,,,,,,,,,,,,,,,,,,
JINDALSTEL,CASH VOL,549857,554299,93285,25.46,55.92,,,,,,,,,,,,,,,,,,,,,,,,,,,
JINDALSTEL,F&O VOL,23715,6824,,,,,,,,,23715,23715,23715,23715,23715,23715,23715,23715,23715,23715,23715,23715,23715,23715,23715,23715,23715,23715,23715,23715,23715,23715
JINDALSTEL,F&O OI,39101,39101,,,,,,,,,38202,38202,38202,38202,38202,38202,38202,38202,38202,38202,38202,38202,38202,38202,38202,38202,38202,38202,38202,38202,38202,38202
JINDALSTEL,CALL VOL,7740,2786,,,,,,,,,7740,7740,7740,7740,7740,7740,7740,7740,7740,7740,7740,7740,7740,7740,,7740,7740,7740,7740,,7740,7740
JINDALSTEL,CALL OI,4569,4569,,,,,,,,,4863,4863,4863,4863,4863,4863,4863,4863,4863,4863,4863,4863,4863,4863,,4863,4863,4863,4863,,4863,4863
JINDALSTEL,PUT VOL,6302,1273,,,,,,,,,6302,6302,6302,6302,6302,6302,6302,6302,6302,6302,6302,6302,6302,6302,,6302,6302,6302,6302,,6302,6302
JINDALSTEL,PUT OI,6033,6033,,,,,,,,,5849,5849,5849,5849,5849,5849,5849,5849,5849,5849,5849,5849,5849,5849,,5849,5849,5849,5849,,5849,5849
JIOFIN,PRICE,229.9,230.25,,,,,229.57,228.91,238.49,236.47,229.0,229.0,229.0,229.0,229.0,229.0,229.0,229.0,229.0,229.0,229.0,229.0,229.0,229.0,229.0,229.0,229.0,229.0,229.0,229.0,229.0,229.0
JIOFIN,VWAP,,,,,,,,,,,,,,,,,,,,,,,,,,,,,,,,
JIOFIN,CASH VOL,22102551,8980169,6961702,50.88,51.45,,,,,,,,,,,,,,,,,,,,,,,,,,,
JIOFIN,F&O VOL,85228,34368,,,,,,,,,85228,85228,85228,85228,85228,85228,85228,85228,85228,85228,85228,85228,85228,85228,85228,85228,85228,85228,85228,85228,85228,85228
JIOFIN,F&O OI,179180,179180,,,,,,,,,182235,182235,182235,182235,182235,182235,182235,182235,182235,182235,182235,182235,182235,182235,182235,182235,182235,182235,182235,182235,182235,182235
JIOFIN,CALL VOL,33915,12304,,,,,,,,,33915,33915,33915,33915,33915,,33915,33915,33915,33915,33915,33915,33915,33915,,33915,33915,33915,33915,,33915,33915
JIOFIN,CALL OI,16941,16941,,,,,,,,,17745,17745,17745,17745,17745,,17745,17745,17745,17745,17745,17745,17745,17745,,17745,17745,17745,17745,,17745,17745
JIOFIN,PUT VOL,23242,6253,,,,,,,,,23242,23242,23242,23242,23242,,23242,23242,23242,23242,23242,23242,23242,23242,,23242,23242,23242,23242,,23242,23242
JIOFIN,PUT OI,16476,16476,,,,,,,,,17572,17572,17572,17572,17572,,17572,17572,17572,17572,17572,17572,17572,17572,,17572,17572,17572,17572,,17572,17572
JSWENERGY,PRICE,526.45,530.45,,,,,525.92,524.88,536.1,528.6,526.0,526.0,526.0,526.0,526.0,526.0,526.0,526.0,526.0,526.0,526.0,526.0,526.0,526.0,526.0,526.0,526.0,526.0,526.0,526.0,526.0,526.0
JSWENERGY,VWAP,,,,,,,,,,,,,,,,,,,,,,,,,,,,,,,,
JSWENERGY,CASH VOL,583365,973912,214017,51.97,58.56,,,,,,,,,,,,,,,,,,,,,,,,,,,
JSWENERGY,F&O VOL,5901,6546,,,,,,,,,5901,5901,5901,5901,5901,5901,5901,5901,5901,5901,5901,5901,5901,5901,5901,5901,5901,5901,5901,5901,5901,5901
JSWENERGY,F&O OI,35697,35697,,,,,,,,,35773,35773,35773,35773,35773,35773,35773,35773,35773,35773,35773,35773,35773,35773,35773,35773,35773,35773,35773,35773,35773,35773
JSWENERGY,CALL VOL,3519,4011,,,,,,,,,3519,3519,3519,3519,3519,,3519,3519,3519,3519,3519,3519,3519,3519,,3519,3519,3519,3519,,3519,3519
JSWENERGY,CALL OI,5026,5026,,,,,,,,,5348,5348,5348,5348,5348,,5348,5348,5348,5348,5348,5348,5348,5348,,5348,5348,5348,5348,,5348,5348
JSWENERGY,PUT VOL,747,1107,,,,,,,,,747,747,747,747,747,,747,747,747,747,747,747,747,747,,747,747,747,747,,747,747
JSWENERGY,PUT OI,2674,2674,,,,,,,,,2687,2687,2687,2687,2687,,2687,2687,2687,2687,2687,2687,2687,2687,,2687,2687,2687,2687,,2687,2687
JSWSTEEL,PRICE,1265.0,1304.0,,,,,1275.95,1268.65,1321.12,1313.35,1265.0,1265.0,1265.0,1265.0,1265.0,1265.0,1265.0,1265.0,1265.0,1265.0,1265.0,1265.0,1265.0,1265.0,1265.0,1265.0,1265.0,1265.0,1265.0,1265.0,1265.0,1265.0
JSWSTEEL,VWAP,,,,,,,,,,,,,,,,,,,,,,,,,,,,,,,,
JSWSTEEL,CASH VOL,1580944,1102536,314385,53.87,59.54,,,,,,,,,,,,,,,,,,,,,,,,,,,
JSWSTEEL,F&O VOL,22787,13159,,,,,,,,,22787,22787,22787,22787,22787,22787,22787,22787,22787,22787,22787,22787,22787,22787,22787,22787,22787,22787,22787,22787,22787,22787
JSWSTEEL,F&O OI,79824,79824,,,,,,,,,81216,81216,81216,81216,81216,81216,81216,81216,81216,81216,81216,81216,81216,81216,81216,81216,81216,81216,81216,81216,81216,81216
JSWSTEEL,CALL VOL,10100,5057,,,,,,,,,10100,10100,10100,10100,10100,,10100,10100,,10100,10100,10100,10100,10100,,10100,10100,10100,10100,,10100,10100
JSWSTEEL,CALL OI,6883,6883,,,,,,,,,8027,8027,8027,8027,8027,,8027,8027,,8027,8027,8027,8027,8027,,8027,8027,8027,8027,,8027,8027
JSWSTEEL,PUT VOL,7749,2866,,,,,,,,,7749,7749,7749,7749,7749,,7749,7749,,7749,7749,7749,7749,7749,,7749,7749,7749,7749,,7749,7749
JSWSTEEL,PUT OI,7918,7918,,,,,,,,,8206,8206,8206,8206,8206,,8206,8206,,8206,8206,8206,8206,8206,,8206,8206,8206,8206,,8206,8206
JUBLFOOD,PRICE,470.25,473.8,,,,,469.92,469.25,482.7,482.7,470.0,470.0,470.0,470.0,470.0,470.0,470.0,470.0,470.0,470.0,470.0,470.0,470.0,470.0,470.0,470.0,470.0,470.0,470.0,470.0,470.0,470.0
JUBLFOOD,VWAP,,,,,,,,,,,,,,,,,,,,,,,,,,,,,,,,
JUBLFOOD,CASH VOL,354487,962855,86222,33.96,34.11,,,,,,,,,,,,,,,,,,,,,,,,,,,
JUBLFOOD,F&O VOL,5061,7037,,,,,,,,,5061,5061,5061,5061,5061,5061,5061,5061,5061,5061,5061,5061,5061,5061,5061,5061,5061,5061,5061,5061,5061,5061
JUBLFOOD,F&O OI,29547,29547,,,,,,,,,29701,29701,29701,29701,29701,29701,29701,29701,29701,29701,29701,29701,29701,29701,29701,29701,29701,29701,29701,29701,29701,29701
JUBLFOOD,CALL VOL,1435,2616,,,,,,,,,1435,1435,1435,1435,1435,,1435,1435,1435,1435,1435,1435,1435,1435,1435,1435,1435,1435,1435,,1435,1435
JUBLFOOD,CALL OI,971,971,,,,,,,,,1070,1070,1070,1070,1070,,1070,1070,1070,1070,1070,1070,1070,1070,1070,1070,1070,1070,1070,,1070,1070
JUBLFOOD,PUT VOL,1250,1740,,,,,,,,,1250,1250,1250,1250,1250,,1250,1250,1250,1250,1250,1250,1250,1250,1250,1250,1250,1250,1250,,1250,1250
JUBLFOOD,PUT OI,1633,1633,,,,,,,,,1649,1649,1649,1649,1649,,1649,1649,1649,1649,1649,1649,1649,1649,1649,1649,1649,1649,1649,,1649,1649
KALYANKJIL,PRICE,601.15,615.2,,,,,600.61,599.52,592.77,580.73,601.0,601.0,601.0,601.0,601.0,601.0,601.0,601.0,601.0,601.0,601.0,601.0,601.0,601.0,601.0,601.0,601.0,601.0,601.0,601.0,601.0,601.0
KALYANKJIL,VWAP,,,,,,,,,,,,,,,,,,,,,,,,,,,,,,,,
KALYANKJIL,CASH VOL,6340796,6066311,927699,26.72,23.49,,,,,,,,,,,,,,,,,,,,,,,,,,,
KALYANKJIL,F&O VOL,45246,33160,,,,,,,,,45246,45246,45246,45246,45246,45246,45246,45246,45246,45246,45246,45246,45246,45246,45246,45246,45246,45246,45246,45246,45246,45246
KALYANKJIL,F&O OI,56585,56585,,,,,,,,,55979,55979,55979,55979,55979,55979,55979,55979,55979,55979,55979,55979,55979,55979,55979,55979,55979,55979,55979,55979,55979,55979
KALYANKJIL,CALL VOL,14509,11587,,,,,,,,,14509,14509,14509,14509,14509,,14509,14509,,14509,14509,14509,14509,14509,14509,14509,14509,14509,14509,,14509,14509
KALYANKJIL,CALL OI,10368,10368,,,,,,,,,10446,10446,10446,10446,10446,,10446,10446,,10446,10446,10446,10446,10446,10446,10446,10446,10446,10446,,10446,10446
KALYANKJIL,PUT VOL,9367,7123,,,,,,,,,9367,9367,9367,9367,9367,,9367,9367,,9367,9367,9367,9367,9367,9367,9367,9367,9367,9367,,9367,9367
KALYANKJIL,PUT OI,6973,6973,,,,,,,,,6606,6606,6606,6606,6606,,6606,6606,,6606,6606,6606,6606,6606,6606,6606,6606,6606,6606,,6606,6606
KAYNES,PRICE,3505.0,3499.0,,,,,3500.57,3491.7,3577.65,3536.95,3505.0,3505.0,3505.0,3505.0,3505.0,3505.0,3505.0,3505.0,3505.0,3505.0,3505.0,3505.0,3505.0,3505.0,3505.0,3505.0,3505.0,3505.0,3505.0,3505.0,3505.0,3505.0
KAYNES,VWAP,,,,,,,,,,,,,,,,,,,,,,,,,,,,,,,,
KAYNES,CASH VOL,555805,848357,116681,26.48,38.0,,,,,,,,,,,,,,,,,,,,,,,,,,,
KAYNES,F&O VOL,1068,1070,,,,,,,,,1068,1068,1068,1068,1068,1068,1068,1068,1068,1068,1068,1068,1068,1068,1068,1068,1068,1068,1068,1068,1068,1068
KAYNES,F&O OI,53562,53562,,,,,,,,,52999,52999,52999,52999,52999,52999,52999,52999,52999,52999,52999,52999,52999,52999,52999,52999,52999,52999,52999,52999,52999,52999
KAYNES,CALL VOL,71,91,,,,,,,,,71,71,71,71,71,,71,71,,71,71,71,71,71,,71,71,71,71,,71,71
KAYNES,CALL OI,4081,4081,,,,,,,,,4064,4064,4064,4064,4064,,4064,4064,,4064,4064,4064,4064,4064,,4064,4064,4064,4064,,4064,4064
KAYNES,PUT VOL,55,37,,,,,,,,,55,55,55,55,55,,55,55,,55,55,55,55,55,,55,55,55,55,,55,55
KAYNES,PUT OI,5491,5491,,,,,,,,,5454,5454,5454,5454,5454,,5454,5454,,5454,5454,5454,5454,5454,,5454,5454,5454,5454,,5454,5454
KEI,PRICE,4578.0,4640.0,,,,,4559.67,4523.0,5100.0,4933.33,4578.0,4578.0,4578.0,4578.0,4578.0,4578.0,4578.0,4578.0,4578.0,4578.0,4578.0,4578.0,4578.0,4578.0,4578.0,4578.0,4578.0,4578.0,4578.0,4578.0,4578.0,4578.0
KEI,VWAP,,,,,,,,,,,,,,,,,,,,,,,,,,,,,,,,
KEI,CASH VOL,1138228,999943,176009,49.83,57.49,,,,,,,,,,,,,,,,,,,,,,,,,,,
KEI,F&O VOL,62204,28937,,,,,,,,,62204,62204,62204,62204,62204,62204,62204,62204,62204,62204,62204,62204,62204,62204,62204,62204,62204,62204,62204,62204,62204,62204
KEI,F&O OI,50896,50896,,,,,,,,,54275,54275,54275,54275,54275,54275,54275,54275,54275,54275,54275,54275,54275,54275,54275,54275,54275,54275,54275,54275,54275,54275
KEI,CALL VOL,26679,12129,,,,,,,,,26679,26679,26679,26679,26679,,26679,26679,,26679,26679,26679,26679,26679,,26679,26679,26679,26679,,26679,26679
KEI,CALL OI,11424,11424,,,,,,,,,12844,12844,12844,12844,12844,,12844,12844,,12844,12844,12844,12844,12844,,12844,12844,12844,12844,,12844,12844
KEI,PUT VOL,21807,7265,,,,,,,,,21807,21807,21807,21807,21807,,21807,21807,,21807,21807,21807,21807,21807,,21807,21807,21807,21807,,21807,21807
KEI,PUT OI,8827,8827,,,,,,,,,9845,9845,9845,9845,9845,,9845,9845,,9845,9845,9845,9845,9845,,9845,9845,9845,9845,,9845,9845
KFINTECH,PRICE,900.0,899.0,,,,,897.85,893.55,929.9,929.23,900.0,900.0,900.0,900.0,900.0,900.0,900.0,900.0,900.0,900.0,900.0,900.0,900.0,900.0,900.0,900.0,900.0,900.0,900.0,900.0,900.0,900.0
KFINTECH,VWAP,,,,,,,,,,,,,,,,,,,,,,,,,,,,,,,,
KFINTECH,CASH VOL,622342,312327,120067,44.27,37.24,,,,,,,,,,,,,,,,,,,,,,,,,,,
KFINTECH,F&O VOL,6512,3953,,,,,,,,,6512,6512,6512,6512,6512,6512,6512,6512,6512,6512,6512,6512,6512,6512,6512,6512,6512,6512,6512,6512,6512,6512
KFINTECH,F&O OI,19810,19810,,,,,,,,,19702,19702,19702,19702,19702,19702,19702,19702,19702,19702,19702,19702,19702,19702,19702,19702,19702,19702,19702,19702,19702,19702
KFINTECH,CALL VOL,3299,2056,,,,,,,,,3299,3299,3299,3299,3299,,3299,3299,,3299,3299,3299,3299,3299,,3299,3299,3299,3299,,3299,3299
KFINTECH,CALL OI,5178,5178,,,,,,,,,5197,5197,5197,5197,5197,,5197,5197,,5197,5197,5197,5197,5197,,5197,5197,5197,5197,,5197,5197
KFINTECH,PUT VOL,1209,655,,,,,,,,,1209,1209,1209,1209,1209,,1209,1209,,1209,1209,1209,1209,1209,,1209,1209,1209,1209,,1209,1209
KFINTECH,PUT OI,2922,2922,,,,,,,,,2986,2986,2986,2986,2986,,2986,2986,,2986,2986,2986,2986,2986,,2986,2986,2986,2986,,2986,2986
KOTAKBANK,PRICE,419.0,416.55,,,,,417.54,414.62,423.98,422.92,419.0,419.0,419.0,419.0,419.0,419.0,419.0,419.0,419.0,419.0,419.0,419.0,419.0,419.0,419.0,419.0,419.0,419.0,419.0,419.0,419.0,419.0
KOTAKBANK,VWAP,,,,,,,,,,,,,,,,,,,,,,,,,,,,,,,,
KOTAKBANK,CASH VOL,15197483,7755254,3375598,68.41,64.45,,,,,,,,,,,,,,,,,,,,,,,,,,,
KOTAKBANK,F&O VOL,72531,22333,,,,,,,,,72531,72531,72531,72531,72531,72531,72531,72531,72531,72531,72531,72531,72531,72531,72531,72531,72531,72531,72531,72531,72531,72531
KOTAKBANK,F&O OI,151933,151933,,,,,,,,,149943,149943,149943,149943,149943,149943,149943,149943,149943,149943,149943,149943,149943,149943,149943,149943,149943,149943,149943,149943,149943,149943
KOTAKBANK,CALL VOL,32243,10500,,,,,,,,,32243,32243,32243,32243,32243,,32243,32243,,32243,32243,32243,32243,32243,,32243,32243,32243,32243,,32243,32243
KOTAKBANK,CALL OI,29517,29517,,,,,,,,,29010,29010,29010,29010,29010,,29010,29010,,29010,29010,29010,29010,29010,,29010,29010,29010,29010,,29010,29010
KOTAKBANK,PUT VOL,23886,7672,,,,,,,,,23886,23886,23886,23886,23886,,23886,23886,,23886,23886,23886,23886,23886,,23886,23886,23886,23886,,23886,23886
KOTAKBANK,PUT OI,15761,15761,,,,,,,,,15488,15488,15488,15488,15488,,15488,15488,,15488,15488,15488,15488,15488,,15488,15488,15488,15488,,15488,15488
KPITTECH,PRICE,553.75,550.95,,,,,552.76,550.78,584.3,578.4,553.0,553.0,553.0,553.0,553.0,553.0,553.0,553.0,553.0,553.0,553.0,553.0,553.0,553.0,553.0,553.0,553.0,553.0,553.0,553.0,553.0,553.0
KPITTECH,VWAP,,,,,,,,,,,,,,,,,,,,,,,,,,,,,,,,
KPITTECH,CASH VOL,860098,1114138,238253,26.62,34.96,,,,,,,,,,,,,,,,,,,,,,,,,,,
KPITTECH,F&O VOL,11718,6507,,,,,,,,,11718,11718,11718,11718,11718,11718,11718,11718,11718,11718,11718,11718,11718,11718,11718,11718,11718,11718,11718,11718,11718,11718
KPITTECH,F&O OI,29480,29480,,,,,,,,,29463,29463,29463,29463,29463,29463,29463,29463,29463,29463,29463,29463,29463,29463,29463,29463,29463,29463,29463,29463,29463,29463
KPITTECH,CALL VOL,6594,3329,,,,,,,,,6594,6594,6594,6594,6594,,6594,6594,,6594,6594,6594,6594,6594,6594,6594,6594,6594,6594,,6594,6594
KPITTECH,CALL OI,5333,5333,,,,,,,,,5541,5541,5541,5541,5541,,5541,5541,,5541,5541,5541,5541,5541,5541,5541,5541,5541,5541,,5541,5541
KPITTECH,PUT VOL,2622,1267,,,,,,,,,2622,2622,2622,2622,2622,,2622,2622,,2622,2622,2622,2622,2622,2622,2622,2622,2622,2622,,2622,2622
KPITTECH,PUT OI,3984,3984,,,,,,,,,3890,3890,3890,3890,3890,,3890,3890,,3890,3890,3890,3890,3890,3890,3890,3890,3890,3890,,3890,3890
LAURUSLABS,PRICE,1969.0,1945.0,,,,,1962.65,1949.95,1844.15,1841.38,1969.0,1969.0,1969.0,1969.0,1969.0,1969.0,1969.0,1969.0,1969.0,1969.0,1969.0,1969.0,1969.0,1969.0,1969.0,1969.0,1969.0,1969.0,1969.0,1969.0,1969.0,1969.0
LAURUSLABS,VWAP,,,,,,,,,,,,,,,,,,,,,,,,,,,,,,,,
LAURUSLABS,CASH VOL,2277375,1067622,673504,46.96,40.59,,,,,,,,,,,,,,,,,,,,,,,,,,,
LAURUSLABS,F&O VOL,48399,20302,,,,,,,,,48399,48399,48399,48399,48399,48399,48399,48399,48399,48399,48399,48399,48399,48399,48399,48399,48399,48399,48399,48399,48399,48399
LAURUSLABS,F&O OI,45551,45551,,,,,,,,,46691,46691,46691,46691,46691,46691,46691,46691,46691,46691,46691,46691,46691,46691,46691,46691,46691,46691,46691,46691,46691,46691
LAURUSLABS,CALL VOL,27630,10788,,,,,,,,,27630,27630,27630,27630,27630,,27630,27630,27630,27630,27630,27630,27630,27630,,27630,27630,27630,27630,,27630,27630
LAURUSLABS,CALL OI,9679,9679,,,,,,,,,9069,9069,9069,9069,9069,,9069,9069,9069,9069,9069,9069,9069,9069,,9069,9069,9069,9069,,9069,9069
LAURUSLABS,PUT VOL,9420,4300,,,,,,,,,9420,9420,9420,9420,9420,,9420,9420,9420,9420,9420,9420,9420,9420,,9420,9420,9420,9420,,9420,9420
LAURUSLABS,PUT OI,4004,4004,,,,,,,,,4973,4973,4973,4973,4973,,4973,4973,4973,4973,4973,4973,4973,4973,,4973,4973,4973,4973,,4973,4973
LICHSGFIN,PRICE,562.9,552.3,,,,,561.66,559.17,558.81,552.33,562.0,562.0,562.0,562.0,562.0,562.0,562.0,562.0,562.0,562.0,562.0,562.0,562.0,562.0,562.0,562.0,562.0,562.0,562.0,562.0,562.0,562.0
LICHSGFIN,VWAP,,,,,,,,,,,,,,,,,,,,,,,,,,,,,,,,
LICHSGFIN,CASH VOL,11556446,2842584,2333910,42.53,51.68,,,,,,,,,,,,,,,,,,,,,,,,,,,
LICHSGFIN,F&O VOL,82432,443,,,,,,,,,82432,82432,82432,82432,82432,82432,82432,82432,82432,82432,82432,82432,82432,82432,82432,82432,82432,82432,82432,82432,82432,82432
LICHSGFIN,F&O OI,51159,51159,,,,,,,,,59399,59399,59399,59399,59399,59399,59399,59399,59399,59399,59399,59399,59399,59399,59399,59399,59399,59399,59399,59399,59399,59399
LICHSGFIN,CALL VOL,31200,12,,,,,,,,,31200,31200,31200,31200,31200,,31200,31200,,31200,31200,31200,31200,31200,,31200,31200,31200,31200,,31200,31200
LICHSGFIN,CALL OI,5992,5992,,,,,,,,,6744,6744,6744,6744,6744,,6744,6744,,6744,6744,6744,6744,6744,,6744,6744,6744,6744,,6744,6744
LICHSGFIN,PUT VOL,13763,7,,,,,,,,,13763,13763,13763,13763,13763,,13763,13763,,13763,13763,13763,13763,13763,,13763,13763,13763,13763,,13763,13763
LICHSGFIN,PUT OI,4628,4628,,,,,,,,,5011,5011,5011,5011,5011,,5011,5011,,5011,5011,5011,5011,5011,,5011,5011,5011,5011,,5011,5011
LICI,PRICE,404.1,405.6,,,,,403.72,402.95,414.58,413.05,404.0,404.0,404.0,404.0,404.0,404.0,404.0,404.0,404.0,404.0,404.0,404.0,404.0,404.0,404.0,404.0,404.0,404.0,404.0,404.0,404.0,404.0
LICI,VWAP,,,,,,,,,,,,,,,,,,,,,,,,,,,,,,,,
LICI,CASH VOL,8144654,7670673,2717511,64.9,57.62,,,,,,,,,,,,,,,,,,,,,,,,,,,
LICI,F&O VOL,20509,13215,,,,,,,,,20509,20509,20509,20509,20509,20509,20509,20509,20509,20509,20509,20509,20509,20509,20509,20509,20509,20509,20509,20509,20509,20509
LICI,F&O OI,61130,61130,,,,,,,,,62547,62547,62547,62547,62547,62547,62547,62547,62547,62547,62547,62547,62547,62547,62547,62547,62547,62547,62547,62547,62547,62547
LICI,CALL VOL,9705,5997,,,,,,,,,9705,9705,9705,9705,9705,,9705,9705,,9705,9705,9705,9705,9705,,9705,9705,9705,9705,,9705,9705
LICI,CALL OI,9060,9060,,,,,,,,,9970,9970,9970,9970,9970,,9970,9970,,9970,9970,9970,9970,9970,,9970,9970,9970,9970,,9970,9970
LICI,PUT VOL,4816,3835,,,,,,,,,4816,4816,4816,4816,4816,,4816,4816,,4816,4816,4816,4816,4816,,4816,4816,4816,4816,,4816,4816
LICI,PUT OI,9244,9244,,,,,,,,,8971,8971,8971,8971,8971,,8971,8971,,8971,8971,8971,8971,8971,,8971,8971,8971,8971,,8971,8971
LODHA,PRICE,1116.9,1163.4,,,,,1114.82,1110.65,1216.47,1205.4,1116.0,1116.0,1116.0,1116.0,1116.0,1116.0,1116.0,1116.0,1116.0,1116.0,1116.0,1116.0,1116.0,1116.0,1116.0,1116.0,1116.0,1116.0,1116.0,1116.0,1116.0,1116.0
LODHA,VWAP,,,,,,,,,,,,,,,,,,,,,,,,,,,,,,,,
LODHA,CASH VOL,4191874,2078548,828228,38.99,56.7,,,,,,,,,,,,,,,,,,,,,,,,,,,
LODHA,F&O VOL,80630,28436,,,,,,,,,80630,80630,80630,80630,80630,80630,80630,80630,80630,80630,80630,80630,80630,80630,80630,80630,80630,80630,80630,80630,80630,80630
LODHA,F&O OI,32697,32697,,,,,,,,,37414,37414,37414,37414,37414,37414,37414,37414,37414,37414,37414,37414,37414,37414,37414,37414,37414,37414,37414,37414,37414,37414
LODHA,CALL VOL,27217,5655,,,,,,,,,27217,27217,27217,27217,27217,,27217,27217,,27217,27217,27217,27217,27217,,27217,27217,27217,27217,,27217,27217
LODHA,CALL OI,2303,2303,,,,,,,,,3820,3820,3820,3820,3820,,3820,3820,,3820,3820,3820,3820,3820,,3820,3820,3820,3820,,3820,3820
LODHA,PUT VOL,34455,13910,,,,,,,,,34455,34455,34455,34455,34455,,34455,34455,,34455,34455,34455,34455,34455,,34455,34455,34455,34455,,34455,34455
LODHA,PUT OI,7329,7329,,,,,,,,,6058,6058,6058,6058,6058,,6058,6058,,6058,6058,6058,6058,6058,,6058,6058,6058,6058,,6058,6058
LT,PRICE,3930.7,3955.0,,,,,3925.25,3914.35,3992.2,3973.47,3930.0,3930.0,3930.0,3930.0,3930.0,3930.0,3930.0,3930.0,3930.0,3930.0,3930.0,3930.0,3930.0,3930.0,3930.0,3930.0,3930.0,3930.0,3930.0,3930.0,3930.0,3930.0
LT,VWAP,,,,,,,,,,,,,,,,,,,,,,,,,,,,,,,,
LT,CASH VOL,1195489,1376951,288282,50.54,49.71,,,,,,,,,,,,,,,,,,,,,,,,,,,
LT,F&O VOL,63000,46340,,,,,,,,,63000,63000,63000,63000,63000,63000,63000,63000,63000,63000,63000,63000,63000,63000,63000,63000,63000,63000,63000,63000,63000,63000
LT,F&O OI,134635,134635,,,,,,,,,133353,133353,133353,133353,133353,133353,133353,133353,133353,133353,133353,133353,133353,133353,133353,133353,133353,133353,133353,133353,133353,133353
LT,CALL VOL,31639,25238,,,,,,,,,31639,31639,31639,31639,31639,,31639,31639,31639,31639,31639,31639,31639,31639,31639,31639,31639,31639,31639,,31639,31639
LT,CALL OI,34791,34791,,,,,,,,,35667,35667,35667,35667,35667,,35667,35667,35667,35667,35667,35667,35667,35667,35667,35667,35667,35667,35667,,35667,35667
LT,PUT VOL,19240,14714,,,,,,,,,19240,19240,19240,19240,19240,,19240,19240,19240,19240,19240,19240,19240,19240,19240,19240,19240,19240,19240,,19240,19240
LT,PUT OI,17308,17308,,,,,,,,,17444,17444,17444,17444,17444,,17444,17444,17444,17444,17444,17444,17444,17444,17444,17444,17444,17444,17444,,17444,17444
LTF,PRICE,309.1,311.3,,,,,308.44,307.12,313.2,311.6,309.0,309.0,309.0,309.0,309.0,309.0,309.0,309.0,309.0,309.0,309.0,309.0,309.0,309.0,309.0,309.0,309.0,309.0,309.0,309.0,309.0,309.0
LTF,VWAP,,,,,,,,,,,,,,,,,,,,,,,,,,,,,,,,
LTF,CASH VOL,3956142,4503846,536281,38.25,62.13,,,,,,,,,,,,,,,,,,,,,,,,,,,
LTF,F&O VOL,15529,7865,,,,,,,,,15529,15529,15529,15529,15529,15529,15529,15529,15529,15529,15529,15529,15529,15529,15529,15529,15529,15529,15529,15529,15529,15529
LTF,F&O OI,37705,37705,,,,,,,,,38215,38215,38215,38215,38215,38215,38215,38215,38215,38215,38215,38215,38215,38215,38215,38215,38215,38215,38215,38215,38215,38215
LTF,CALL VOL,7763,3449,,,,,,,,,7763,7763,7763,7763,7763,,7763,7763,,7763,7763,7763,7763,7763,,7763,7763,7763,7763,,7763,7763
LTF,CALL OI,5612,5612,,,,,,,,,5865,5865,5865,5865,5865,,5865,5865,,5865,5865,5865,5865,5865,,5865,5865,5865,5865,,5865,5865
LTF,PUT VOL,3641,1940,,,,,,,,,3641,3641,3641,3641,3641,,3641,3641,,3641,3641,3641,3641,3641,,3641,3641,3641,3641,,3641,3641
LTF,PUT OI,7040,7040,,,,,,,,,6951,6951,6951,6951,6951,,6951,6951,,6951,6951,6951,6951,6951,,6951,6951,6951,6951,,6951,6951
LTM,PRICE,4275.0,4374.0,,,,,4320.9,4290.3,4572.65,4560.22,4275.0,4275.0,4275.0,4275.0,4275.0,4275.0,4275.0,4275.0,4275.0,4275.0,4275.0,4275.0,4275.0,4275.0,4275.0,4275.0,4275.0,4275.0,4275.0,4275.0,4275.0,4275.0
LTM,VWAP,,,,,,,,,,,,,,,,,,,,,,,,,,,,,,,,
LTM,CASH VOL,349314,402440,108018,44.3,35.73,,,,,,,,,,,,,,,,,,,,,,,,,,,
LTM,F&O VOL,19413,23108,,,,,,,,,19413,19413,19413,19413,19413,19413,19413,19413,19413,19413,19413,19413,19413,19413,19413,19413,19413,19413,19413,19413,19413,19413
LTM,F&O OI,47891,47891,,,,,,,,,50725,50725,50725,50725,50725,50725,50725,50725,50725,50725,50725,50725,50725,50725,50725,50725,50725,50725,50725,50725,50725,50725
LTM,CALL VOL,7725,9007,,,,,,,,,7725,7725,7725,7725,7725,,7725,7725,,7725,7725,7725,7725,7725,,7725,7725,7725,7725,,7725,7725
LTM,CALL OI,3257,3257,,,,,,,,,3978,3978,3978,3978,3978,,3978,3978,,3978,3978,3978,3978,3978,,3978,3978,3978,3978,,3978,3978
LTM,PUT VOL,5008,4595,,,,,,,,,5008,5008,5008,5008,5008,,5008,5008,,5008,5008,5008,5008,5008,,5008,5008,5008,5008,,5008,5008
LTM,PUT OI,3052,3052,,,,,,,,,3701,3701,3701,3701,3701,,3701,3701,,3701,3701,3701,3701,3701,,3701,3701,3701,3701,,3701,3701
LUPIN,PRICE,2095.0,2077.8,,,,,2091.08,2083.25,2130.25,2116.75,2095.0,2095.0,2095.0,2095.0,2095.0,2095.0,2095.0,2095.0,2095.0,2095.0,2095.0,2095.0,2095.0,2095.0,2095.0,2095.0,2095.0,2095.0,2095.0,2095.0,2095.0,2095.0
LUPIN,VWAP,,,,,,,,,,,,,,,,,,,,,,,,,,,,,,,,
LUPIN,CASH VOL,621899,624838,243605,59.84,57.22,,,,,,,,,,,,,,,,,,,,,,,,,,,
LUPIN,F&O VOL,11671,15543,,,,,,,,,11671,11671,11671,11671,11671,11671,11671,11671,11671,11671,11671,11671,11671,11671,11671,11671,11671,11671,11671,11671,11671,11671
LUPIN,F&O OI,37712,37712,,,,,,,,,37204,37204,37204,37204,37204,37204,37204,37204,37204,37204,37204,37204,37204,37204,37204,37204,37204,37204,37204,37204,37204,37204
LUPIN,CALL VOL,6226,6116,,,,,,,,,6226,6226,6226,6226,6226,,6226,6226,,6226,6226,6226,6226,6226,,6226,6226,6226,6226,,6226,6226
LUPIN,CALL OI,4655,4655,,,,,,,,,4501,4501,4501,4501,4501,,4501,4501,,4501,4501,4501,4501,4501,,4501,4501,4501,4501,,4501,4501
LUPIN,PUT VOL,1907,5238,,,,,,,,,1907,1907,1907,1907,1907,,1907,1907,,1907,1907,1907,1907,1907,,1907,1907,1907,1907,,1907,1907
LUPIN,PUT OI,5433,5433,,,,,,,,,5354,5354,5354,5354,5354,,5354,5354,,5354,5354,5354,5354,5354,,5354,5354,5354,5354,,5354,5354
M&M,PRICE,3107.0,3123.8,,,,,3103.55,3096.65,3186.05,3175.35,3107.0,3107.0,3107.0,3107.0,3107.0,3107.0,3107.0,3107.0,3107.0,3107.0,3107.0,3107.0,3107.0,3107.0,3107.0,3107.0,3107.0,3107.0,3107.0,3107.0,3107.0,3107.0
M&M,VWAP,,,,,,,,,,,,,,,,,,,,,,,,,,,,,,,,
M&M,CASH VOL,1311484,2140618,341072,52.96,58.34,,,,,,,,,,,,,,,,,,,,,,,,,,,
M&M,F&O VOL,61702,61101,,,,,,,,,61702,61702,61702,61702,61702,61702,61702,61702,61702,61702,61702,61702,61702,61702,61702,61702,61702,61702,61702,61702,61702,61702
M&M,F&O OI,123946,123946,,,,,,,,,125424,125424,125424,125424,125424,125424,125424,125424,125424,125424,125424,125424,125424,125424,125424,125424,125424,125424,125424,125424,125424,125424
M&M,CALL VOL,28433,25982,,,,,,,,,28433,28433,28433,28433,28433,,28433,28433,,28433,28433,28433,28433,28433,28433,28433,28433,28433,28433,,28433,28433
M&M,CALL OI,15198,15198,,,,,,,,,15992,15992,15992,15992,15992,,15992,15992,,15992,15992,15992,15992,15992,15992,15992,15992,15992,15992,,15992,15992
M&M,PUT VOL,19226,22338,,,,,,,,,19226,19226,19226,19226,19226,,19226,19226,,19226,19226,19226,19226,19226,19226,19226,19226,19226,19226,,19226,19226
M&M,PUT OI,13685,13685,,,,,,,,,13631,13631,13631,13631,13631,,13631,13631,,13631,13631,13631,13631,13631,13631,13631,13631,13631,13631,,13631,13631
MANAPPURAM,PRICE,329.0,330.8,,,,,328.03,326.1,339.26,338.38,329.0,329.0,329.0,329.0,329.0,329.0,329.0,329.0,329.0,329.0,329.0,329.0,329.0,329.0,329.0,329.0,329.0,329.0,329.0,329.0,329.0,329.0
MANAPPURAM,VWAP,,,,,,,,,,,,,,,,,,,,,,,,,,,,,,,,
MANAPPURAM,CASH VOL,3460959,6953151,674652,38.32,49.41,,,,,,,,,,,,,,,,,,,,,,,,,,,
MANAPPURAM,F&O VOL,442,1507,,,,,,,,,442,442,442,442,442,442,442,442,442,442,442,442,442,442,442,442,442,442,442,442,442,442
MANAPPURAM,F&O OI,36114,36114,,,,,,,,,35874,35874,35874,35874,35874,35874,35874,35874,35874,35874,35874,35874,35874,35874,35874,35874,35874,35874,35874,35874,35874,35874
MANAPPURAM,CALL VOL,119,455,,,,,,,,,119,119,119,119,119,,119,119,,119,119,119,119,119,,119,119,119,119,,119,119
MANAPPURAM,CALL OI,4252,4252,,,,,,,,,4219,4219,4219,4219,4219,,4219,4219,,4219,4219,4219,4219,4219,,4219,4219,4219,4219,,4219,4219
MANAPPURAM,PUT VOL,22,257,,,,,,,,,22,22,22,22,22,,22,22,,22,22,22,22,22,,22,22,22,22,,22,22
MANAPPURAM,PUT OI,3029,3029,,,,,,,,,3027,3027,3027,3027,3027,,3027,3027,,3027,3027,3027,3027,3027,,3027,3027,3027,3027,,3027,3027
MANKIND,PRICE,2280.0,2238.4,,,,,2270.33,2251.0,2354.25,2336.68,2280.0,2280.0,2280.0,2280.0,2280.0,2280.0,2280.0,2280.0,2280.0,2280.0,2280.0,2280.0,2280.0,2280.0,2280.0,2280.0,2280.0,2280.0,2280.0,2280.0,2280.0,2280.0
MANKIND,VWAP,,,,,,,,,,,,,,,,,,,,,,,,,,,,,,,,
MANKIND,CASH VOL,530698,180515,65262,71.5,56.51,,,,,,,,,,,,,,,,,,,,,,,,,,,
MANKIND,F&O VOL,8720,6883,,,,,,,,,8720,8720,8720,8720,8720,8720,8720,8720,8720,8720,8720,8720,8720,8720,8720,8720,8720,8720,8720,8720,8720,8720
MANKIND,F&O OI,18903,18903,,,,,,,,,19876,19876,19876,19876,19876,19876,19876,19876,19876,19876,19876,19876,19876,19876,19876,19876,19876,19876,19876,19876,19876,19876
MANKIND,CALL VOL,3653,1206,,,,,,,,,3653,3653,3653,3653,3653,,3653,3653,,3653,3653,3653,3653,3653,,3653,3653,3653,3653,,3653,3653
MANKIND,CALL OI,1010,1010,,,,,,,,,1300,1300,1300,1300,1300,,1300,1300,,1300,1300,1300,1300,1300,,1300,1300,1300,1300,,1300,1300
MANKIND,PUT VOL,1549,3300,,,,,,,,,1549,1549,1549,1549,1549,,1549,1549,,1549,1549,1549,1549,1549,,1549,1549,1549,1549,,1549,1549
MANKIND,PUT OI,2402,2402,,,,,,,,,2899,2899,2899,2899,2899,,2899,2899,,2899,2899,2899,2899,2899,,2899,2899,2899,2899,,2899,2899
MARICO,PRICE,802.1,803.0,,,,,802.85,802.35,824.48,818.26,802.0,802.0,802.0,802.0,802.0,802.0,802.0,802.0,802.0,802.0,802.0,802.0,802.0,802.0,802.0,802.0,802.0,802.0,802.0,802.0,802.0,802.0
MARICO,VWAP,,,,,,,,,,,,,,,,,,,,,,,,,,,,,,,,
MARICO,CASH VOL,1533624,2060230,392531,63.99,70.15,,,,,,,,,,,,,,,,,,,,,,,,,,,
MARICO,F&O VOL,6797,7103,,,,,,,,,6797,6797,6797,6797,6797,6797,6797,6797,6797,6797,6797,6797,6797,6797,6797,6797,6797,6797,6797,6797,6797,6797
MARICO,F&O OI,23481,23481,,,,,,,,,23666,23666,23666,23666,23666,23666,23666,23666,23666,23666,23666,23666,23666,23666,23666,23666,23666,23666,23666,23666,23666,23666
MARICO,CALL VOL,3432,3289,,,,,,,,,3432,3432,3432,3432,3432,,3432,3432,,3432,3432,3432,3432,3432,3432,3432,3432,3432,3432,,3432,3432
MARICO,CALL OI,2579,2579,,,,,,,,,2588,2588,2588,2588,2588,,2588,2588,,2588,2588,2588,2588,2588,2588,2588,2588,2588,2588,,2588,2588
MARICO,PUT VOL,1709,1944,,,,,,,,,1709,1709,1709,1709,1709,,1709,1709,,1709,1709,1709,1709,1709,1709,1709,1709,1709,1709,,1709,1709
MARICO,PUT OI,2888,2888,,,,,,,,,2968,2968,2968,2968,2968,,2968,2968,,2968,2968,2968,2968,2968,2968,2968,2968,2968,2968,,2968,2968
MARUTI,PRICE,12400.0,12590.0,,,,,12461.0,12420.33,12783.5,12723.83,12400.0,12400.0,12400.0,12400.0,12400.0,12400.0,12400.0,12400.0,12400.0,12400.0,12400.0,12400.0,12400.0,12400.0,12400.0,12400.0,12400.0,12400.0,12400.0,12400.0,12400.0,12400.0
MARUTI,VWAP,,,,,,,,,,,,,,,,,,,,,,,,,,,,,,,,
MARUTI,CASH VOL,514868,338613,121726,61.44,43.96,,,,,,,,,,,,,,,,,,,,,,,,,,,
MARUTI,F&O VOL,133655,98935,,,,,,,,,133655,133655,133655,133655,133655,133655,133655,133655,133655,133655,133655,133655,133655,133655,133655,133655,133655,133655,133655,133655,133655,133655
MARUTI,F&O OI,157703,157703,,,,,,,,,162562,162562,162562,162562,162562,162562,162562,162562,162562,162562,162562,162562,162562,162562,162562,162562,162562,162562,162562,162562,162562,162562
MARUTI,CALL VOL,43256,24763,,,,,,,,,43256,43256,43256,43256,43256,,43256,43256,,43256,43256,43256,43256,43256,,43256,43256,43256,43256,,43256,43256
MARUTI,CALL OI,12768,12768,,,,,,,,,15935,15935,15935,15935,15935,,15935,15935,,15935,15935,15935,15935,15935,,15935,15935,15935,15935,,15935,15935
MARUTI,PUT VOL,35077,27658,,,,,,,,,35077,35077,35077,35077,35077,,35077,35077,,35077,35077,35077,35077,35077,,35077,35077,35077,35077,,35077,35077
MARUTI,PUT OI,16137,16137,,,,,,,,,16431,16431,16431,16431,16431,,16431,16431,,16431,16431,16431,16431,16431,,16431,16431,16431,16431,,16431,16431
MAXHEALTH,PRICE,1037.7,1038.6,,,,,1035.83,1032.1,993.05,987.55,1037.0,1037.0,1037.0,1037.0,1037.0,1037.0,1037.0,1037.0,1037.0,1037.0,1037.0,1037.0,1037.0,1037.0,1037.0,1037.0,1037.0,1037.0,1037.0,1037.0,1037.0,1037.0
MAXHEALTH,VWAP,,,,,,,,,,,,,,,,,,,,,,,,,,,,,,,,
MAXHEALTH,CASH VOL,2506618,2579310,509327,58.79,63.4,,,,,,,,,,,,,,,,,,,,,,,,,,,
MAXHEALTH,F&O VOL,18563,14318,,,,,,,,,18563,18563,18563,18563,18563,18563,18563,18563,18563,18563,18563,18563,18563,18563,18563,18563,18563,18563,18563,18563,18563,18563
MAXHEALTH,F&O OI,32820,32820,,,,,,,,,31435,31435,31435,31435,31435,31435,31435,31435,31435,31435,31435,31435,31435,31435,31435,31435,31435,31435,31435,31435,31435,31435
MAXHEALTH,CALL VOL,8245,6100,,,,,,,,,8245,8245,8245,8245,8245,,8245,8245,,8245,8245,8245,8245,8245,,8245,8245,8245,8245,,8245,8245
MAXHEALTH,CALL OI,4417,4417,,,,,,,,,4714,4714,4714,4714,4714,,4714,4714,,4714,4714,4714,4714,4714,,4714,4714,4714,4714,,4714,4714
MAXHEALTH,PUT VOL,4771,3849,,,,,,,,,4771,4771,4771,4771,4771,,4771,4771,,4771,4771,4771,4771,4771,,4771,4771,4771,4771,,4771,4771
MAXHEALTH,PUT OI,2783,2783,,,,,,,,,2599,2599,2599,2599,2599,,2599,2599,,2599,2599,2599,2599,2599,,2599,2599,2599,2599,,2599,2599
MAZDOCK,PRICE,2339.0,2383.2,,,,,2341.5,2339.83,2488.75,2479.58,2339.0,2339.0,2339.0,2339.0,2339.0,2339.0,2339.0,2339.0,2339.0,2339.0,2339.0,2339.0,2339.0,2339.0,2339.0,2339.0,2339.0,2339.0,2339.0,2339.0,2339.0,2339.0
MAZDOCK,VWAP,,,,,,,,,,,,,,,,,,,,,,,,,,,,,,,,
MAZDOCK,CASH VOL,509510,395925,126939,38.02,38.64,,,,,,,,,,,,,,,,,,,,,,,,,,,
MAZDOCK,F&O VOL,22414,23331,,,,,,,,,22414,22414,22414,22414,22414,22414,22414,22414,22414,22414,22414,22414,22414,22414,22414,22414,22414,22414,22414,22414,22414,22414
MAZDOCK,F&O OI,48039,48039,,,,,,,,,49678,49678,49678,49678,49678,49678,49678,49678,49678,49678,49678,49678,49678,49678,49678,49678,49678,49678,49678,49678,49678,49678
MAZDOCK,CALL VOL,9879,7578,,,,,,,,,9879,9879,9879,9879,9879,,9879,9879,,9879,9879,9879,9879,9879,,9879,9879,9879,9879,,9879,9879
MAZDOCK,CALL OI,8653,8653,,,,,,,,,9835,9835,9835,9835,9835,,9835,9835,,9835,9835,9835,9835,9835,,9835,9835,9835,9835,,9835,9835
MAZDOCK,PUT VOL,6986,8535,,,,,,,,,6986,6986,6986,6986,6986,,6986,6986,,6986,6986,6986,6986,6986,,6986,6986,6986,6986,,6986,6986
MAZDOCK,PUT OI,7692,7692,,,,,,,,,7614,7614,7614,7614,7614,,7614,7614,,7614,7614,7614,7614,7614,,7614,7614,7614,7614,,7614,7614
MCX,PRICE,3276.0,3300.0,,,,,3318.1,3290.03,3266.7,3249.3,3276.0,3276.0,3276.0,3276.0,3276.0,3276.0,3276.0,3276.0,3276.0,3276.0,3276.0,3276.0,3276.0,3276.0,3276.0,3276.0,3276.0,3276.0,3276.0,3276.0,3276.0,3276.0
MCX,VWAP,,,,,,,,,,,,,,,,,,,,,,,,,,,,,,,,
MCX,CASH VOL,1686562,1308638,307605,37.41,48.27,,,,,,,,,,,,,,,,,,,,,,,,,,,
MCX,F&O VOL,79620,44774,,,,,,,,,79620,79620,79620,79620,79620,79620,79620,79620,79620,79620,79620,79620,79620,79620,79620,79620,79620,79620,79620,79620,79620,79620
MCX,F&O OI,78887,78887,,,,,,,,,83567,83567,83567,83567,83567,83567,83567,83567,83567,83567,83567,83567,83567,83567,83567,83567,83567,83567,83567,83567,83567,83567
MCX,CALL VOL,33931,21074,,,,,,,,,33931,33931,33931,33931,33931,,33931,33931,,33931,33931,33931,33931,33931,,33931,33931,33931,33931,,33931,33931
MCX,CALL OI,19992,19992,,,,,,,,,21034,21034,21034,21034,21034,,21034,21034,,21034,21034,21034,21034,21034,,21034,21034,21034,21034,,21034,21034
MCX,PUT VOL,28039,13284,,,,,,,,,28039,28039,28039,28039,28039,,28039,28039,,28039,28039,28039,28039,28039,,28039,28039,28039,28039,,28039,28039
MCX,PUT OI,12850,12850,,,,,,,,,15416,15416,15416,15416,15416,,15416,15416,,15416,15416,15416,15416,15416,,15416,15416,15416,15416,,15416,15416
MFSL,PRICE,1477.0,1479.9,,,,,1474.93,1470.8,1542.77,1531.5,1477.0,1477.0,1477.0,1477.0,1477.0,1477.0,1477.0,1477.0,1477.0,1477.0,1477.0,1477.0,1477.0,1477.0,1477.0,1477.0,1477.0,1477.0,1477.0,1477.0,1477.0,1477.0
MFSL,VWAP,,,,,,,,,,,,,,,,,,,,,,,,,,,,,,,,
MFSL,CASH VOL,350366,258122,118286,64.67,52.0,,,,,,,,,,,,,,,,,,,,,,,,,,,
MFSL,F&O VOL,3492,4865,,,,,,,,,3492,3492,3492,3492,3492,3492,3492,3492,3492,3492,3492,3492,3492,3492,3492,3492,3492,3492,3492,3492,3492,3492
MFSL,F&O OI,22739,22739,,,,,,,,,22746,22746,22746,22746,22746,22746,22746,22746,22746,22746,22746,22746,22746,22746,22746,22746,22746,22746,22746,22746,22746,22746
MFSL,CALL VOL,1746,1594,,,,,,,,,1746,1746,1746,1746,1746,,1746,1746,,1746,1746,1746,1746,1746,,1746,1746,1746,1746,,1746,1746
MFSL,CALL OI,1439,1439,,,,,,,,,1597,1597,1597,1597,1597,,1597,1597,,1597,1597,1597,1597,1597,,1597,1597,1597,1597,,1597,1597
MFSL,PUT VOL,680,801,,,,,,,,,680,680,680,680,680,,680,680,,680,680,680,680,680,,680,680,680,680,,680,680
MFSL,PUT OI,1429,1429,,,,,,,,,1405,1405,1405,1405,1405,,1405,1405,,1405,1405,1405,1405,1405,,1405,1405,1405,1405,,1405,1405
MOTHERSON,PRICE,164.45,163.2,,,,,164.02,163.15,162.13,161.18,164.0,164.0,164.0,164.0,164.0,164.0,164.0,164.0,164.0,164.0,164.0,164.0,164.0,164.0,164.0,164.0,164.0,164.0,164.0,164.0,164.0,164.0
MOTHERSON,VWAP,,,,,,,,,,,,,,,,,,,,,,,,,,,,,,,,
MOTHERSON,CASH VOL,13200183,5599332,2287786,59.1,61.2,,,,,,,,,,,,,,,,,,,,,,,,,,,
MOTHERSON,F&O VOL,9386,4166,,,,,,,,,9386,9386,9386,9386,9386,9386,9386,9386,9386,9386,9386,9386,9386,9386,9386,9386,9386,9386,9386,9386,9386,9386
MOTHERSON,F&O OI,35191,35191,,,,,,,,,34713,34713,34713,34713,34713,34713,34713,34713,34713,34713,34713,34713,34713,34713,34713,34713,34713,34713,34713,34713,34713,34713
MOTHERSON,CALL VOL,4378,1714,,,,,,,,,4378,4378,4378,4378,4378,,4378,4378,,4378,4378,4378,4378,4378,,4378,4378,4378,4378,,4378,4378
MOTHERSON,CALL OI,3957,3957,,,,,,,,,3737,3737,3737,3737,3737,,3737,3737,,3737,3737,3737,3737,3737,,3737,3737,3737,3737,,3737,3737
MOTHERSON,PUT VOL,2099,998,,,,,,,,,2099,2099,2099,2099,2099,,2099,2099,,2099,2099,2099,2099,2099,,2099,2099,2099,2099,,2099,2099
MOTHERSON,PUT OI,4693,4693,,,,,,,,,4578,4578,4578,4578,4578,,4578,4578,,4578,4578,4578,4578,4578,,4578,4578,4578,4578,,4578,4578
MOTILALOFS,PRICE,1026.5,1015.0,,,,,1020.78,1009.35,1030.33,1017.0,1026.0,1026.0,1026.0,1026.0,1026.0,1026.0,1026.0,1026.0,1026.0,1026.0,1026.0,1026.0,1026.0,1026.0,1026.0,1026.0,1026.0,1026.0,1026.0,1026.0,1026.0,1026.0
MOTILALOFS,VWAP,,,,,,,,,,,,,,,,,,,,,,,,,,,,,,,,
MOTILALOFS,CASH VOL,625141,338388,223744,35.43,37.72,,,,,,,,,,,,,,,,,,,,,,,,,,,
MOTILALOFS,F&O VOL,9319,3656,,,,,,,,,9319,9319,9319,9319,9319,9319,9319,9319,9319,9319,9319,9319,9319,9319,9319,9319,9319,9319,9319,9319,9319,9319
MOTILALOFS,F&O OI,12986,12986,,,,,,,,,12782,12782,12782,12782,12782,12782,12782,12782,12782,12782,12782,12782,12782,12782,12782,12782,12782,12782,12782,12782,12782,12782
MOTILALOFS,CALL VOL,4338,1710,,,,,,,,,4338,4338,4338,4338,4338,,4338,4338,,4338,4338,4338,4338,4338,,4338,4338,4338,4338,,4338,4338
MOTILALOFS,CALL OI,3369,3369,,,,,,,,,3300,3300,3300,3300,3300,,3300,3300,,3300,3300,3300,3300,3300,,3300,3300,3300,3300,,3300,3300
MOTILALOFS,PUT VOL,2324,1037,,,,,,,,,2324,2324,2324,2324,2324,,2324,2324,,2324,2324,2324,2324,2324,,2324,2324,2324,2324,,2324,2324
MOTILALOFS,PUT OI,1779,1779,,,,,,,,,1686,1686,1686,1686,1686,,1686,1686,,1686,1686,1686,1686,1686,,1686,1686,1686,1686,,1686,1686
MPHASIS,PRICE,2295.0,2291.7,,,,,2293.75,2291.25,2466.15,2436.72,2295.0,2295.0,2295.0,2295.0,2295.0,2295.0,2295.0,2295.0,2295.0,2295.0,2295.0,2295.0,2295.0,2295.0,2295.0,2295.0,2295.0,2295.0,2295.0,2295.0,2295.0,2295.0
MPHASIS,VWAP,,,,,,,,,,,,,,,,,,,,,,,,,,,,,,,,
MPHASIS,CASH VOL,184932,454003,45948,49.53,65.53,,,,,,,,,,,,,,,,,,,,,,,,,,,
MPHASIS,F&O VOL,6624,5715,,,,,,,,,6624,6624,6624,6624,6624,6624,6624,6624,6624,6624,6624,6624,6624,6624,6624,6624,6624,6624,6624,6624,6624,6624
MPHASIS,F&O OI,25692,25692,,,,,,,,,26518,26518,26518,26518,26518,26518,26518,26518,26518,26518,26518,26518,26518,26518,26518,26518,26518,26518,26518,26518,26518,26518
MPHASIS,CALL VOL,3217,2525,,,,,,,,,3217,3217,3217,3217,3217,,3217,3217,,3217,3217,3217,3217,3217,,3217,3217,3217,3217,,3217,3217
MPHASIS,CALL OI,2751,2751,,,,,,,,,3289,3289,3289,3289,3289,,3289,3289,,3289,3289,3289,3289,3289,,3289,3289,3289,3289,,3289,3289
MPHASIS,PUT VOL,1918,1118,,,,,,,,,1918,1918,1918,1918,1918,,1918,1918,,1918,1918,1918,1918,1918,,1918,1918,1918,1918,,1918,1918
MPHASIS,PUT OI,2354,2354,,,,,,,,,2462,2462,2462,2462,2462,,2462,2462,,2462,2462,2462,2462,2462,,2462,2462,2462,2462,,2462,2462
MUTHOOTFIN,PRICE,2792.1,2841.5,,,,,2786.17,2774.3,2913.52,2912.95,2792.0,2792.0,2792.0,2792.0,2792.0,2792.0,2792.0,2792.0,2792.0,2792.0,2792.0,2792.0,2792.0,2792.0,2792.0,2792.0,2792.0,2792.0,2792.0,2792.0,2792.0,2792.0
MUTHOOTFIN,VWAP,,,,,,,,,,,,,,,,,,,,,,,,,,,,,,,,
MUTHOOTFIN,CASH VOL,1015297,408226,189110,26.11,42.71,,,,,,,,,,,,,,,,,,,,,,,,,,,
MUTHOOTFIN,F&O VOL,55669,18691,,,,,,,,,55669,55669,55669,55669,55669,55669,55669,55669,55669,55669,55669,55669,55669,55669,55669,55669,55669,55669,55669,55669,55669,55669
MUTHOOTFIN,F&O OI,62772,62772,,,,,,,,,66015,66015,66015,66015,66015,66015,66015,66015,66015,66015,66015,66015,66015,66015,66015,66015,66015,66015,66015,66015,66015,66015
MUTHOOTFIN,CALL VOL,25077,8278,,,,,,,,,25077,25077,25077,25077,25077,,25077,25077,,25077,25077,25077,25077,25077,,25077,25077,25077,25077,,25077,25077
MUTHOOTFIN,CALL OI,8762,8762,,,,,,,,,10457,10457,10457,10457,10457,,10457,10457,,10457,10457,10457,10457,10457,,10457,10457,10457,10457,,10457,10457
MUTHOOTFIN,PUT VOL,18087,4931,,,,,,,,,18087,18087,18087,18087,18087,,18087,18087,,18087,18087,18087,18087,18087,,18087,18087,18087,18087,,18087,18087
MUTHOOTFIN,PUT OI,7575,7575,,,,,,,,,8012,8012,8012,8012,8012,,8012,8012,,8012,8012,8012,8012,8012,,8012,8012,8012,8012,,8012,8012
NAM-INDIA,PRICE,1189.6,1185.0,,,,,1184.97,1175.7,1165.65,1161.82,1189.0,1189.0,1189.0,1189.0,1189.0,1189.0,1189.0,1189.0,1189.0,1189.0,1189.0,1189.0,1189.0,1189.0,1189.0,1189.0,1189.0,1189.0,1189.0,1189.0,1189.0,1189.0
NAM-INDIA,VWAP,,,,,,,,,,,,,,,,,,,,,,,,,,,,,,,,
NAM-INDIA,CASH VOL,776467,1085689,213033,54.65,50.75,,,,,,,,,,,,,,,,,,,,,,,,,,,
NAM-INDIA,F&O VOL,2553,5889,,,,,,,,,2553,2553,2553,2553,2553,2553,2553,2553,2553,2553,2553,2553,2553,2553,2553,2553,2553,2553,2553,2553,2553,2553
NAM-INDIA,F&O OI,18248,18248,,,,,,,,,18303,18303,18303,18303,18303,18303,18303,18303,18303,18303,18303,18303,18303,18303,18303,18303,18303,18303,18303,18303,18303,18303
NAM-INDIA,CALL VOL,1140,3164,,,,,,,,,1140,1140,1140,1140,1140,,1140,1140,,1140,1140,1140,1140,1140,,1140,1140,1140,1140,,1140,1140
NAM-INDIA,CALL OI,1658,1658,,,,,,,,,1773,1773,1773,1773,1773,,1773,1773,,1773,1773,1773,1773,1773,,1773,1773,1773,1773,,1773,1773
NAM-INDIA,PUT VOL,495,886,,,,,,,,,495,495,495,495,495,,495,495,,495,495,495,495,495,,495,495,495,495,,495,495
NAM-INDIA,PUT OI,1821,1821,,,,,,,,,1790,1790,1790,1790,1790,,1790,1790,,1790,1790,1790,1790,1790,,1790,1790,1790,1790,,1790,1790
NATIONALUM,PRICE,361.0,373.35,,,,,360.22,358.68,373.81,373.23,361.0,361.0,361.0,361.0,361.0,361.0,361.0,361.0,361.0,361.0,361.0,361.0,361.0,361.0,361.0,361.0,361.0,361.0,361.0,361.0,361.0,361.0
NATIONALUM,VWAP,,,,,,,,,,,,,,,,,,,,,,,,,,,,,,,,
NATIONALUM,CASH VOL,6560514,3376100,958903,36.71,44.11,,,,,,,,,,,,,,,,,,,,,,,,,,,
NATIONALUM,F&O VOL,50668,20767,,,,,,,,,50668,50668,50668,50668,50668,50668,50668,50668,50668,50668,50668,50668,50668,50668,50668,50668,50668,50668,50668,50668,50668,50668
NATIONALUM,F&O OI,47364,47364,,,,,,,,,48341,48341,48341,48341,48341,48341,48341,48341,48341,48341,48341,48341,48341,48341,48341,48341,48341,48341,48341,48341,48341,48341
NATIONALUM,CALL VOL,24091,10480,,,,,,,,,24091,24091,24091,24091,24091,,24091,24091,,24091,24091,24091,24091,24091,,24091,24091,24091,24091,,24091,24091
NATIONALUM,CALL OI,8964,8964,,,,,,,,,10318,10318,10318,10318,10318,,10318,10318,,10318,10318,10318,10318,10318,,10318,10318,10318,10318,,10318,10318
NATIONALUM,PUT VOL,16435,6369,,,,,,,,,16435,16435,16435,16435,16435,,16435,16435,,16435,16435,16435,16435,16435,,16435,16435,16435,16435,,16435,16435
NATIONALUM,PUT OI,8177,8177,,,,,,,,,9259,9259,9259,9259,9259,,9259,9259,,9259,9259,9259,9259,9259,,9259,9259,9259,9259,,9259,9259
NAUKRI,PRICE,1250.8,1265.0,,,,,1253.45,1251.68,1332.75,1324.12,1250.0,1250.0,1250.0,1250.0,1250.0,1250.0,1250.0,1250.0,1250.0,1250.0,1250.0,1250.0,1250.0,1250.0,1250.0,1250.0,1250.0,1250.0,1250.0,1250.0,1250.0,1250.0
NAUKRI,VWAP,,,,,,,,,,,,,,,,,,,,,,,,,,,,,,,,
NAUKRI,CASH VOL,524171,981803,146285,55.62,58.75,,,,,,,,,,,,,,,,,,,,,,,,,,,
NAUKRI,F&O VOL,6937,9087,,,,,,,,,6937,6937,6937,6937,6937,6937,6937,6937,6937,6937,6937,6937,6937,6937,6937,6937,6937,6937,6937,6937,6937,6937
NAUKRI,F&O OI,33343,33343,,,,,,,,,34537,34537,34537,34537,34537,34537,34537,34537,34537,34537,34537,34537,34537,34537,34537,34537,34537,34537,34537,34537,34537,34537
NAUKRI,CALL VOL,2654,3483,,,,,,,,,2654,2654,2654,2654,2654,,2654,2654,,2654,2654,2654,2654,2654,,2654,2654,2654,2654,,2654,2654
NAUKRI,CALL OI,2714,2714,,,,,,,,,2977,2977,2977,2977,2977,,2977,2977,,2977,2977,2977,2977,2977,,2977,2977,2977,2977,,2977,2977
NAUKRI,PUT VOL,1638,2399,,,,,,,,,1638,1638,1638,1638,1638,,1638,1638,,1638,1638,1638,1638,1638,,1638,1638,1638,1638,,1638,1638
NAUKRI,PUT OI,2311,2311,,,,,,,,,2350,2350,2350,2350,2350,,2350,2350,,2350,2350,2350,2350,2350,,2350,2350,2350,2350,,2350,2350
NBCC,PRICE,82.9,83.94,,,,,82.79,82.57,86.26,85.59,82.0,82.0,82.0,82.0,82.0,82.0,82.0,82.0,82.0,82.0,82.0,82.0,82.0,82.0,82.0,82.0,82.0,82.0,82.0,82.0,82.0,82.0
NBCC,VWAP,,,,,,,,,,,,,,,,,,,,,,,,,,,,,,,,
NBCC,CASH VOL,6012573,4868776,1145012,39.34,34.85,,,,,,,,,,,,,,,,,,,,,,,,,,,
NBCC,F&O VOL,5621,3131,,,,,,,,,5621,5621,5621,5621,5621,5621,5621,5621,5621,5621,5621,5621,5621,5621,5621,5621,5621,5621,5621,5621,5621,5621
NBCC,F&O OI,24083,24083,,,,,,,,,24171,24171,24171,24171,24171,24171,24171,24171,24171,24171,24171,24171,24171,24171,24171,24171,24171,24171,24171,24171,24171,24171
NBCC,CALL VOL,3871,2087,,,,,,,,,3871,3871,3871,3871,3871,,3871,3871,,3871,3871,3871,3871,3871,,3871,3871,3871,3871,,3871,3871
NBCC,CALL OI,4875,4875,,,,,,,,,4992,4992,4992,4992,4992,,4992,4992,,4992,4992,4992,4992,4992,,4992,4992,4992,4992,,4992,4992
NBCC,PUT VOL,739,402,,,,,,,,,739,739,739,739,739,,739,739,,739,739,739,739,739,,739,739,739,739,,739,739
NBCC,PUT OI,1952,1952,,,,,,,,,1963,1963,1963,1963,1963,,1963,1963,,1963,1963,1963,1963,1963,,1963,1963,1963,1963,,1963,1963
NESTLEIND,PRICE,1383.3,1386.2,,,,,1387.35,1384.65,1415.25,1412.08,1383.0,1383.0,1383.0,1383.0,1383.0,1383.0,1383.0,1383.0,1383.0,1383.0,1383.0,1383.0,1383.0,1383.0,1383.0,1383.0,1383.0,1383.0,1383.0,1383.0,1383.0,1383.0
NESTLEIND,VWAP,,,,,,,,,,,,,,,,,,,,,,,,,,,,,,,,
NESTLEIND,CASH VOL,1238699,568997,433870,56.15,67.23,,,,,,,,,,,,,,,,,,,,,,,,,,,
NESTLEIND,F&O VOL,15287,6086,,,,,,,,,15287,15287,15287,15287,15287,15287,15287,15287,15287,15287,15287,15287,15287,15287,15287,15287,15287,15287,15287,15287,15287,15287
NESTLEIND,F&O OI,28939,28939,,,,,,,,,28990,28990,28990,28990,28990,28990,28990,28990,28990,28990,28990,28990,28990,28990,28990,28990,28990,28990,28990,28990,28990,28990
NESTLEIND,CALL VOL,5369,1610,,,,,,,,,5369,5369,5369,5369,5369,,5369,5369,,5369,5369,5369,5369,5369,,5369,5369,5369,5369,,5369,5369
NESTLEIND,CALL OI,1161,1161,,,,,,,,,1265,1265,1265,1265,1265,,1265,1265,,1265,1265,1265,1265,1265,,1265,1265,1265,1265,,1265,1265
NESTLEIND,PUT VOL,3321,1068,,,,,,,,,3321,3321,3321,3321,3321,,3321,3321,,3321,3321,3321,3321,3321,,3321,3321,3321,3321,,3321,3321
NESTLEIND,PUT OI,2194,2194,,,,,,,,,2326,2326,2326,2326,2326,,2326,2326,,2326,2326,2326,2326,2326,,2326,2326,2326,2326,,2326,2326
NHPC,PRICE,76.38,76.35,,,,,76.64,76.46,76.22,76.15,76.0,76.0,76.0,76.0,76.0,76.0,76.0,76.0,76.0,76.0,76.0,76.0,76.0,76.0,76.0,76.0,76.0,76.0,76.0,76.0,76.0,76.0
NHPC,VWAP,,,,,,,,,,,,,,,,,,,,,,,,,,,,,,,,
NHPC,CASH VOL,12031109,9030454,2358703,49.45,53.65,,,,,,,,,,,,,,,,,,,,,,,,,,,
NHPC,F&O VOL,8605,4094,,,,,,,,,8605,8605,8605,8605,8605,8605,8605,8605,8605,8605,8605,8605,8605,8605,8605,8605,8605,8605,8605,8605,8605,8605
NHPC,F&O OI,30690,30690,,,,,,,,,30732,30732,30732,30732,30732,30732,30732,30732,30732,30732,30732,30732,30732,30732,30732,30732,30732,30732,30732,30732,30732,30732
NHPC,CALL VOL,3864,1655,,,,,,,,,3864,3864,3864,3864,3864,,3864,3864,,3864,3864,3864,3864,3864,,3864,3864,3864,3864,,3864,3864
NHPC,CALL OI,3329,3329,,,,,,,,,3316,3316,3316,3316,3316,,3316,3316,,3316,3316,3316,3316,3316,,3316,3316,3316,3316,,3316,3316
NHPC,PUT VOL,2211,815,,,,,,,,,2211,2211,2211,2211,2211,,2211,2211,,2211,2211,2211,2211,2211,,2211,2211,2211,2211,,2211,2211
NHPC,PUT OI,4002,4002,,,,,,,,,4172,4172,4172,4172,4172,,4172,4172,,4172,4172,4172,4172,4172,,4172,4172,4172,4172,,4172,4172
NMDC,PRICE,82.4,84.6,,,,,83.02,82.61,85.53,84.98,82.0,82.0,82.0,82.0,82.0,82.0,82.0,82.0,82.0,82.0,82.0,82.0,82.0,82.0,82.0,82.0,82.0,82.0,82.0,82.0,82.0,82.0
NMDC,VWAP,,,,,,,,,,,,,,,,,,,,,,,,,,,,,,,,
NMDC,CASH VOL,9234255,9878920,2468654,48.7,54.9,,,,,,,,,,,,,,,,,,,,,,,,,,,
NMDC,F&O VOL,10153,7152,,,,,,,,,10153,10153,10153,10153,10153,10153,10153,10153,10153,10153,10153,10153,10153,10153,10153,10153,10153,10153,10153,10153,10153,10153
NMDC,F&O OI,72927,72927,,,,,,,,,73589,73589,73589,73589,73589,73589,73589,73589,73589,73589,73589,73589,73589,73589,73589,73589,73589,73589,73589,73589,73589,73589
NMDC,CALL VOL,3480,2463,,,,,,,,,3480,3480,3480,3480,3480,,3480,3480,,3480,3480,3480,3480,3480,,3480,3480,3480,3480,,3480,3480
NMDC,CALL OI,3767,3767,,,,,,,,,4201,4201,4201,4201,4201,,4201,4201,,4201,4201,4201,4201,4201,,4201,4201,4201,4201,,4201,4201
NMDC,PUT VOL,1747,1241,,,,,,,,,1747,1747,1747,1747,1747,,1747,1747,,1747,1747,1747,1747,1747,,1747,1747,1747,1747,,1747,1747
NMDC,PUT OI,3892,3892,,,,,,,,,3926,3926,3926,3926,3926,,3926,3926,,3926,3926,3926,3926,3926,,3926,3926,3926,3926,,3926,3926
NTPC,PRICE,333.4,335.0,,,,,333.93,333.57,330.84,327.52,333.0,333.0,333.0,333.0,333.0,333.0,333.0,333.0,333.0,333.0,333.0,333.0,333.0,333.0,333.0,333.0,333.0,333.0,333.0,333.0,333.0,333.0
NTPC,VWAP,,,,,,,,,,,,,,,,,,,,,,,,,,,,,,,,
NTPC,CASH VOL,4968535,6905905,1603110,69.03,70.15,,,,,,,,,,,,,,,,,,,,,,,,,,,
NTPC,F&O VOL,22895,19270,,,,,,,,,22895,22895,22895,22895,22895,22895,22895,22895,22895,22895,22895,22895,22895,22895,22895,22895,22895,22895,22895,22895,22895,22895
NTPC,F&O OI,118418,118418,,,,,,,,,117142,117142,117142,117142,117142,117142,117142,117142,117142,117142,117142,117142,117142,117142,117142,117142,117142,117142,117142,117142,117142,117142
NTPC,CALL VOL,13017,10461,,,,,,,,,13017,13017,13017,13017,13017,,13017,13017,,13017,13017,13017,13017,13017,,13017,13017,13017,13017,,13017,13017
NTPC,CALL OI,21868,21868,,,,,,,,,21860,21860,21860,21860,21860,,21860,21860,,21860,21860,21860,21860,21860,,21860,21860,21860,21860,,21860,21860
NTPC,PUT VOL,5787,5229,,,,,,,,,5787,5787,5787,5787,5787,,5787,5787,,5787,5787,5787,5787,5787,,5787,5787,5787,5787,,5787,5787
NTPC,PUT OI,8143,8143,,,,,,,,,7926,7926,7926,7926,7926,,7926,7926,,7926,7926,7926,7926,7926,,7926,7926,7926,7926,,7926,7926
NYKAA,PRICE,344.5,341.95,,,,,343.59,341.77,334.4,333.13,344.0,344.0,344.0,344.0,344.0,344.0,344.0,344.0,344.0,344.0,344.0,344.0,344.0,344.0,344.0,344.0,344.0,344.0,344.0,344.0,344.0,344.0
NYKAA,VWAP,,,,,,,,,,,,,,,,,,,,,,,,,,,,,,,,
NYKAA,CASH VOL,3977712,3136550,1576740,56.77,56.13,,,,,,,,,,,,,,,,,,,,,,,,,,,
NYKAA,F&O VOL,5156,5870,,,,,,,,,5156,5156,5156,5156,5156,5156,5156,5156,5156,5156,5156,5156,5156,5156,5156,5156,5156,5156,5156,5156,5156,5156
NYKAA,F&O OI,15042,15042,,,,,,,,,14973,14973,14973,14973,14973,14973,14973,14973,14973,14973,14973,14973,14973,14973,14973,14973,14973,14973,14973,14973,14973,14973
NYKAA,CALL VOL,2573,2860,,,,,,,,,2573,2573,2573,2573,2573,,2573,2573,,2573,2573,2573,2573,2573,,2573,2573,2573,2573,,2573,2573
NYKAA,CALL OI,2452,2452,,,,,,,,,2528,2528,2528,2528,2528,,2528,2528,,2528,2528,2528,2528,2528,,2528,2528,2528,2528,,2528,2528
NYKAA,PUT VOL,1455,1295,,,,,,,,,1455,1455,1455,1455,1455,,1455,1455,,1455,1455,1455,1455,1455,,1455,1455,1455,1455,,1455,1455
NYKAA,PUT OI,1335,1335,,,,,,,,,1353,1353,1353,1353,1353,,1353,1353,,1353,1353,1353,1353,1353,,1353,1353,1353,1353,,1353,1353
OBEROIRLTY,PRICE,1741.1,1792.0,,,,,1747.4,1743.2,1880.85,1877.35,1741.0,1741.0,1741.0,1741.0,1741.0,1741.0,1741.0,1741.0,1741.0,1741.0,1741.0,1741.0,1741.0,1741.0,1741.0,1741.0,1741.0,1741.0,1741.0,1741.0,1741.0,1741.0
OBEROIRLTY,VWAP,,,,,,,,,,,,,,,,,,,,,,,,,,,,,,,,
OBEROIRLTY,CASH VOL,543198,233031,154402,45.92,51.09,,,,,,,,,,,,,,,,,,,,,,,,,,,
OBEROIRLTY,F&O VOL,15928,6390,,,,,,,,,15928,15928,15928,15928,15928,15928,15928,15928,15928,15928,15928,15928,15928,15928,15928,15928,15928,15928,15928,15928,15928,15928
OBEROIRLTY,F&O OI,26617,26617,,,,,,,,,26216,26216,26216,26216,26216,26216,26216,26216,26216,26216,26216,26216,26216,26216,26216,26216,26216,26216,26216,26216,26216,26216
OBEROIRLTY,CALL VOL,2674,797,,,,,,,,,2674,2674,2674,2674,2674,,2674,2674,,2674,2674,2674,2674,2674,,2674,2674,2674,2674,,2674,2674
OBEROIRLTY,CALL OI,664,664,,,,,,,,,1027,1027,1027,1027,1027,,1027,1027,,1027,1027,1027,1027,1027,,1027,1027,1027,1027,,1027,1027
OBEROIRLTY,PUT VOL,6270,2199,,,,,,,,,6270,6270,6270,6270,6270,,6270,6270,,6270,6270,6270,6270,6270,,6270,6270,6270,6270,,6270,6270
OBEROIRLTY,PUT OI,2960,2960,,,,,,,,,1984,1984,1984,1984,1984,,1984,1984,,1984,1984,1984,1984,1984,,1984,1984,1984,1984,,1984,1984
OFSS,PRICE,11763.0,11725.0,,,,,11746.17,11712.5,12149.5,12088.5,11763.0,11763.0,11763.0,11763.0,11763.0,11763.0,11763.0,11763.0,11763.0,11763.0,11763.0,11763.0,11763.0,11763.0,11763.0,11763.0,11763.0,11763.0,11763.0,11763.0,11763.0,11763.0
OFSS,VWAP,,,,,,,,,,,,,,,,,,,,,,,,,,,,,,,,
OFSS,CASH VOL,246099,167438,61699,52.37,50.0,,,,,,,,,,,,,,,,,,,,,,,,,,,
OFSS,F&O VOL,26196,15960,,,,,,,,,26196,26196,26196,26196,26196,26196,26196,26196,26196,26196,26196,26196,26196,26196,26196,26196,26196,26196,26196,26196,26196,26196
OFSS,F&O OI,29162,29162,,,,,,,,,29269,29269,29269,29269,29269,29269,29269,29269,29269,29269,29269,29269,29269,29269,29269,29269,29269,29269,29269,29269,29269,29269
OFSS,CALL VOL,10988,6978,,,,,,,,,10988,10988,10988,10988,10988,,10988,10988,,10988,10988,10988,10988,10988,,10988,10988,10988,10988,,10988,10988
OFSS,CALL OI,5464,5464,,,,,,,,,5651,5651,5651,5651,5651,,5651,5651,,5651,5651,5651,5651,5651,,5651,5651,5651,5651,,5651,5651
OFSS,PUT VOL,6826,2558,,,,,,,,,6826,6826,6826,6826,6826,,6826,6826,,6826,6826,6826,6826,6826,,6826,6826,6826,6826,,6826,6826
OFSS,PUT OI,3820,3820,,,,,,,,,3762,3762,3762,3762,3762,,3762,3762,,3762,3762,3762,3762,3762,,3762,3762,3762,3762,,3762,3762
OIL,PRICE,489.8,500.3,,,,,498.67,492.76,491.9,489.5,489.0,489.0,489.0,489.0,489.0,489.0,489.0,489.0,489.0,489.0,489.0,489.0,489.0,489.0,489.0,489.0,489.0,489.0,489.0,489.0,489.0,489.0
OIL,VWAP,,,,,,,,,,,,,,,,,,,,,,,,,,,,,,,,
OIL,CASH VOL,5273521,4397946,1114834,36.27,31.51,,,,,,,,,,,,,,,,,,,,,,,,,,,
OIL,F&O VOL,30908,37947,,,,,,,,,30908,30908,30908,30908,30908,30908,30908,30908,30908,30908,30908,30908,30908,30908,30908,30908,30908,30908,30908,30908,30908,30908
OIL,F&O OI,17833,17833,,,,,,,,,20084,20084,20084,20084,20084,20084,20084,20084,20084,20084,20084,20084,20084,20084,20084,20084,20084,20084,20084,20084,20084,20084
OIL,CALL VOL,15378,14932,,,,,,,,,15378,15378,15378,15378,15378,,15378,15378,,15378,15378,15378,15378,15378,,15378,15378,15378,15378,,15378,15378
OIL,CALL OI,2824,2824,,,,,,,,,3971,3971,3971,3971,3971,,3971,3971,,3971,3971,3971,3971,3971,,3971,3971,3971,3971,,3971,3971
OIL,PUT VOL,6013,7375,,,,,,,,,6013,6013,6013,6013,6013,,6013,6013,,6013,6013,6013,6013,6013,,6013,6013,6013,6013,,6013,6013
OIL,PUT OI,1801,1801,,,,,,,,,2351,2351,2351,2351,2351,,2351,2351,,2351,2351,2351,2351,2351,,2351,2351,2351,2351,,2351,2351
ONGC,PRICE,232.5,237.27,,,,,237.83,234.28,236.41,235.24,232.0,232.0,232.0,232.0,232.0,232.0,232.0,232.0,232.0,232.0,232.0,232.0,232.0,232.0,232.0,232.0,232.0,232.0,232.0,232.0,232.0,232.0
ONGC,VWAP,,,,,,,,,,,,,,,,,,,,,,,,,,,,,,,,
ONGC,CASH VOL,27128531,12771340,4920379,35.06,47.73,,,,,,,,,,,,,,,,,,,,,,,,,,,
ONGC,F&O VOL,164771,86769,,,,,,,,,164771,164771,164771,164771,164771,164771,164771,164771,164771,164771,164771,164771,164771,164771,164771,164771,164771,164771,164771,164771,164771,164771
ONGC,F&O OI,66610,66610,,,,,,,,,72211,72211,72211,72211,72211,72211,72211,72211,72211,72211,72211,72211,72211,72211,72211,72211,72211,72211,72211,72211,72211,72211
ONGC,CALL VOL,89654,50530,,,,,,,,,89654,89654,89654,89654,89654,,89654,89654,,89654,89654,89654,89654,89654,,89654,89654,89654,89654,,89654,89654
ONGC,CALL OI,19809,19809,,,,,,,,,24322,24322,24322,24322,24322,,24322,24322,,24322,24322,24322,24322,24322,,24322,24322,24322,24322,,24322,24322
ONGC,PUT VOL,41153,19422,,,,,,,,,41153,41153,41153,41153,41153,,41153,41153,,41153,41153,41153,41153,41153,,41153,41153,41153,41153,,41153,41153
ONGC,PUT OI,7633,7633,,,,,,,,,7694,7694,7694,7694,7694,,7694,7694,,7694,7694,7694,7694,7694,,7694,7694,7694,7694,,7694,7694
PAGEIND,PRICE,35365.0,35750.0,,,,,35325.0,35245.0,36131.67,35795.0,35365.0,35365.0,35365.0,35365.0,35365.0,35365.0,35365.0,35365.0,35365.0,35365.0,35365.0,35365.0,35365.0,35365.0,35365.0,35365.0,35365.0,35365.0,35365.0,35365.0,35365.0,35365.0
PAGEIND,VWAP,,,,,,,,,,,,,,,,,,,,,,,,,,,,,,,,
PAGEIND,CASH VOL,11287,15704,3288,48.0,40.69,,,,,,,,,,,,,,,,,,,,,,,,,,,
PAGEIND,F&O VOL,6083,7550,,,,,,,,,6083,6083,6083,6083,6083,6083,6083,6083,6083,6083,6083,6083,6083,6083,6083,6083,6083,6083,6083,6083,6083,6083
PAGEIND,F&O OI,18895,18895,,,,,,,,,19271,19271,19271,19271,19271,19271,19271,19271,19271,19271,19271,19271,19271,19271,19271,19271,19271,19271,19271,19271,19271,19271
PAGEIND,CALL VOL,3637,3298,,,,,,,,,3637,3637,3637,3637,3637,,3637,3637,,3637,3637,3637,3637,3637,,3637,3637,3637,3637,,3637,3637
PAGEIND,CALL OI,2398,2398,,,,,,,,,2743,2743,2743,2743,2743,,2743,2743,,2743,2743,2743,2743,2743,,2743,2743,2743,2743,,2743,2743
PAGEIND,PUT VOL,902,1053,,,,,,,,,902,902,902,902,902,,902,902,,902,902,902,902,902,,902,902,902,902,,902,902
PAGEIND,PUT OI,1809,1809,,,,,,,,,1826,1826,1826,1826,1826,,1826,1826,,1826,1826,1826,1826,1826,,1826,1826,1826,1826,,1826,1826
PATANJALI,PRICE,341.0,339.75,,,,,340.17,338.5,343.12,342.71,341.0,341.0,341.0,341.0,341.0,341.0,341.0,341.0,341.0,341.0,341.0,341.0,341.0,341.0,341.0,341.0,341.0,341.0,341.0,341.0,341.0,341.0
PATANJALI,VWAP,,,,,,,,,,,,,,,,,,,,,,,,,,,,,,,,
PATANJALI,CASH VOL,1986378,1115935,413149,41.91,43.38,,,,,,,,,,,,,,,,,,,,,,,,,,,
PATANJALI,F&O VOL,8085,3474,,,,,,,,,8085,8085,8085,8085,8085,8085,8085,8085,8085,8085,8085,8085,8085,8085,8085,8085,8085,8085,8085,8085,8085,8085
PATANJALI,F&O OI,42802,42802,,,,,,,,,42655,42655,42655,42655,42655,42655,42655,42655,42655,42655,42655,42655,42655,42655,42655,42655,42655,42655,42655,42655,42655,42655
PATANJALI,CALL VOL,3239,1163,,,,,,,,,3239,3239,3239,3239,3239,,3239,3239,,3239,3239,3239,3239,3239,,3239,3239,3239,3239,,3239,3239
PATANJALI,CALL OI,4346,4346,,,,,,,,,4419,4419,4419,4419,4419,,4419,4419,,4419,4419,4419,4419,4419,,4419,4419,4419,4419,,4419,4419
PATANJALI,PUT VOL,1636,604,,,,,,,,,1636,1636,1636,1636,1636,,1636,1636,,1636,1636,1636,1636,1636,,1636,1636,1636,1636,,1636,1636
PATANJALI,PUT OI,3141,3141,,,,,,,,,2958,2958,2958,2958,2958,,2958,2958,,2958,2958,2958,2958,2958,,2958,2958,2958,2958,,2958,2958
PAYTM,PRICE,1807.5,1739.0,,,,,1799.47,1783.4,1654.98,1645.95,1807.0,1807.0,1807.0,1807.0,1807.0,1807.0,1807.0,1807.0,1807.0,1807.0,1807.0,1807.0,1807.0,1807.0,1807.0,1807.0,1807.0,1807.0,1807.0,1807.0,1807.0,1807.0
PAYTM,VWAP,,,,,,,,,,,,,,,,,,,,,,,,,,,,,,,,
PAYTM,CASH VOL,9269434,1479094,1691318,35.19,32.63,,,,,,,,,,,,,,,,,,,,,,,,,,,
PAYTM,F&O VOL,191498,41762,,,,,,,,,191498,191498,191498,191498,191498,191498,191498,191498,191498,191498,191498,191498,191498,191498,191498,191498,191498,191498,191498,191498,191498,191498
PAYTM,F&O OI,60486,60486,,,,,,,,,65236,65236,65236,65236,65236,65236,65236,65236,65236,65236,65236,65236,65236,65236,65236,65236,65236,65236,65236,65236,65236,65236
PAYTM,CALL VOL,97964,19491,,,,,,,,,97964,97964,97964,97964,97964,,97964,97964,,97964,97964,97964,97964,97964,,97964,97964,97964,97964,,97964,97964
PAYTM,CALL OI,15760,15760,,,,,,,,,14849,14849,14849,14849,14849,,14849,14849,,14849,14849,14849,14849,14849,,14849,14849,14849,14849,,14849,14849
PAYTM,PUT VOL,37719,7937,,,,,,,,,37719,37719,37719,37719,37719,,37719,37719,,37719,37719,37719,37719,37719,,37719,37719,37719,37719,,37719,37719
PAYTM,PUT OI,4278,4278,,,,,,,,,7586,7586,7586,7586,7586,,7586,7586,,7586,7586,7586,7586,7586,,7586,7586,7586,7586,,7586,7586
PERSISTENT,PRICE,5516.0,5509.5,,,,,5509.0,5495.0,5635.17,5619.5,5516.0,5516.0,5516.0,5516.0,5516.0,5516.0,5516.0,5516.0,5516.0,5516.0,5516.0,5516.0,5516.0,5516.0,5516.0,5516.0,5516.0,5516.0,5516.0,5516.0,5516.0,5516.0
PERSISTENT,VWAP,,,,,,,,,,,,,,,,,,,,,,,,,,,,,,,,
PERSISTENT,CASH VOL,335360,516940,73391,30.0,29.32,,,,,,,,,,,,,,,,,,,,,,,,,,,
PERSISTENT,F&O VOL,33197,56772,,,,,,,,,33197,33197,33197,33197,33197,33197,33197,33197,33197,33197,33197,33197,33197,33197,33197,33197,33197,33197,33197,33197,33197,33197
PERSISTENT,F&O OI,54333,54333,,,,,,,,,54194,54194,54194,54194,54194,54194,54194,54194,54194,54194,54194,54194,54194,54194,54194,54194,54194,54194,54194,54194,54194,54194
PERSISTENT,CALL VOL,19898,35326,,,,,,,,,19898,19898,19898,19898,19898,,19898,19898,,19898,19898,19898,19898,19898,,19898,19898,19898,19898,,19898,19898
PERSISTENT,CALL OI,12737,12737,,,,,,,,,12347,12347,12347,12347,12347,,12347,12347,,12347,12347,12347,12347,12347,,12347,12347,12347,12347,,12347,12347
PERSISTENT,PUT VOL,8446,14611,,,,,,,,,8446,8446,8446,8446,8446,,8446,8446,,8446,8446,8446,8446,8446,,8446,8446,8446,8446,,8446,8446
PERSISTENT,PUT OI,9506,9506,,,,,,,,,9309,9309,9309,9309,9309,,9309,9309,,9309,9309,9309,9309,9309,,9309,9309,9309,9309,,9309,9309
PETRONET,PRICE,287.2,288.7,,,,,286.64,285.52,290.9,289.03,287.0,287.0,287.0,287.0,287.0,287.0,287.0,287.0,287.0,287.0,287.0,287.0,287.0,287.0,287.0,287.0,287.0,287.0,287.0,287.0,287.0,287.0
PETRONET,VWAP,,,,,,,,,,,,,,,,,,,,,,,,,,,,,,,,
PETRONET,CASH VOL,781806,2585212,253594,57.9,63.28,,,,,,,,,,,,,,,,,,,,,,,,,,,
PETRONET,F&O VOL,3773,5568,,,,,,,,,3773,3773,3773,3773,3773,3773,3773,3773,3773,3773,3773,3773,3773,3773,3773,3773,3773,3773,3773,3773,3773,3773
PETRONET,F&O OI,23096,23096,,,,,,,,,23317,23317,23317,23317,23317,23317,23317,23317,23317,23317,23317,23317,23317,23317,23317,23317,23317,23317,23317,23317,23317,23317
PETRONET,CALL VOL,1801,2873,,,,,,,,,1801,1801,1801,1801,1801,,1801,1801,,1801,1801,1801,1801,1801,,1801,1801,1801,1801,,1801,1801
PETRONET,CALL OI,4045,4045,,,,,,,,,4176,4176,4176,4176,4176,,4176,4176,,4176,4176,4176,4176,4176,,4176,4176,4176,4176,,4176,4176
PETRONET,PUT VOL,1160,1445,,,,,,,,,1160,1160,1160,1160,1160,,1160,1160,,1160,1160,1160,1160,1160,,1160,1160,1160,1160,,1160,1160
PETRONET,PUT OI,2482,2482,,,,,,,,,2475,2475,2475,2475,2475,,2475,2475,,2475,2475,2475,2475,2475,,2475,2475,2475,2475,,2475,2475
PFC,PRICE,353.45,352.8,,,,,352.54,350.73,353.43,349.1,353.0,353.0,353.0,353.0,353.0,353.0,353.0,353.0,353.0,353.0,353.0,353.0,353.0,353.0,353.0,353.0,353.0,353.0,353.0,353.0,353.0,353.0
PFC,VWAP,,,,,,,,,,,,,,,,,,,,,,,,,,,,,,,,
PFC,CASH VOL,6198609,7286720,1280062,72.18,60.49,,,,,,,,,,,,,,,,,,,,,,,,,,,
PFC,F&O VOL,17343,33443,,,,,,,,,17343,17343,17343,17343,17343,17343,17343,17343,17343,17343,17343,17343,17343,17343,17343,17343,17343,17343,17343,17343,17343,17343
PFC,F&O OI,122386,122386,,,,,,,,,121478,121478,121478,121478,121478,121478,121478,121478,121478,121478,121478,121478,121478,121478,121478,121478,121478,121478,121478,121478,121478,121478
PFC,CALL VOL,7643,14606,,,,,,,,,7643,7643,7643,7643,7643,,7643,7643,,7643,7643,7643,7643,7643,,7643,7643,7643,7643,,7643,7643
PFC,CALL OI,16762,16762,,,,,,,,,17164,17164,17164,17164,17164,,17164,17164,,17164,17164,17164,17164,17164,,17164,17164,17164,17164,,17164,17164
PFC,PUT VOL,4952,10197,,,,,,,,,4952,4952,4952,4952,4952,,4952,4952,,4952,4952,4952,4952,4952,,4952,4952,4952,4952,,4952,4952
PFC,PUT OI,14125,14125,,,,,,,,,13298,13298,13298,13298,13298,,13298,13298,,13298,13298,13298,13298,13298,,13298,13298,13298,13298,,13298,13298
PGEL,PRICE,545.0,542.0,,,,,542.08,536.25,562.2,562.0,545.0,545.0,545.0,545.0,545.0,545.0,545.0,545.0,545.0,545.0,545.0,545.0,545.0,545.0,545.0,545.0,545.0,545.0,545.0,545.0,545.0,545.0
PGEL,VWAP,,,,,,,,,,,,,,,,,,,,,,,,,,,,,,,,
PGEL,CASH VOL,852250,786316,272171,42.58,41.12,,,,,,,,,,,,,,,,,,,,,,,,,,,
PGEL,F&O VOL,7259,4941,,,,,,,,,7259,7259,7259,7259,7259,7259,7259,7259,7259,7259,7259,7259,7259,7259,7259,7259,7259,7259,7259,7259,7259,7259
PGEL,F&O OI,22210,22210,,,,,,,,,22978,22978,22978,22978,22978,22978,22978,22978,22978,22978,22978,22978,22978,22978,22978,22978,22978,22978,22978,22978,22978,22978
PGEL,CALL VOL,3365,2011,,,,,,,,,3365,3365,3365,3365,3365,,3365,3365,,3365,3365,3365,3365,3365,,3365,3365,3365,3365,,3365,3365
PGEL,CALL OI,2611,2611,,,,,,,,,3011,3011,3011,3011,3011,,3011,3011,,3011,3011,3011,3011,3011,,3011,3011,3011,3011,,3011,3011
PGEL,PUT VOL,1822,1402,,,,,,,,,1822,1822,1822,1822,1822,,1822,1822,,1822,1822,1822,1822,1822,,1822,1822,1822,1822,,1822,1822
PGEL,PUT OI,2510,2510,,,,,,,,,2743,2743,2743,2743,2743,,2743,2743,,2743,2743,2743,2743,2743,,2743,2743,2743,2743,,2743,2743
PHOENIXLTD,PRICE,1890.0,1890.0,,,,,1882.52,1867.55,1934.93,1920.8,1890.0,1890.0,1890.0,1890.0,1890.0,1890.0,1890.0,1890.0,1890.0,1890.0,1890.0,1890.0,1890.0,1890.0,1890.0,1890.0,1890.0,1890.0,1890.0,1890.0,1890.0,1890.0
PHOENIXLTD,VWAP,,,,,,,,,,,,,,,,,,,,,,,,,,,,,,,,
PHOENIXLTD,CASH VOL,723014,383380,211501,60.08,63.03,,,,,,,,,,,,,,,,,,,,,,,,,,,
PHOENIXLTD,F&O VOL,8166,4261,,,,,,,,,8166,8166,8166,8166,8166,8166,8166,8166,8166,8166,8166,8166,8166,8166,8166,8166,8166,8166,8166,8166,8166,8166
PHOENIXLTD,F&O OI,16431,16431,,,,,,,,,16235,16235,16235,16235,16235,16235,16235,16235,16235,16235,16235,16235,16235,16235,16235,16235,16235,16235,16235,16235,16235,16235
PHOENIXLTD,CALL VOL,2175,1384,,,,,,,,,2175,2175,2175,2175,2175,,2175,2175,,2175,2175,2175,2175,2175,,2175,2175,2175,2175,,2175,2175
PHOENIXLTD,CALL OI,1169,1169,,,,,,,,,1103,1103,1103,1103,1103,,1103,1103,,1103,1103,1103,1103,1103,,1103,1103,1103,1103,,1103,1103
PHOENIXLTD,PUT VOL,1597,296,,,,,,,,,1597,1597,1597,1597,1597,,1597,1597,,1597,1597,1597,1597,1597,,1597,1597,1597,1597,,1597,1597
PHOENIXLTD,PUT OI,1325,1325,,,,,,,,,1306,1306,1306,1306,1306,,1306,1306,,1306,1306,1306,1306,1306,,1306,1306,1306,1306,,1306,1306
PIDILITIND,PRICE,1566.9,1569.0,,,,,1562.65,1554.15,1630.35,1629.78,1566.0,1566.0,1566.0,1566.0,1566.0,1566.0,1566.0,1566.0,1566.0,1566.0,1566.0,1566.0,1566.0,1566.0,1566.0,1566.0,1566.0,1566.0,1566.0,1566.0,1566.0,1566.0
PIDILITIND,VWAP,,,,,,,,,,,,,,,,,,,,,,,,,,,,,,,,
PIDILITIND,CASH VOL,389368,475698,167798,58.99,60.52,,,,,,,,,,,,,,,,,,,,,,,,,,,
PIDILITIND,F&O VOL,3501,4386,,,,,,,,,3501,3501,3501,3501,3501,3501,3501,3501,3501,3501,3501,3501,3501,3501,3501,3501,3501,3501,3501,3501,3501,3501
PIDILITIND,F&O OI,15180,15180,,,,,,,,,15216,15216,15216,15216,15216,15216,15216,15216,15216,15216,15216,15216,15216,15216,15216,15216,15216,15216,15216,15216,15216,15216
PIDILITIND,CALL VOL,1160,1386,,,,,,,,,1160,1160,1160,1160,1160,,1160,1160,,1160,1160,1160,1160,1160,,1160,1160,1160,1160,,1160,1160
PIDILITIND,CALL OI,1227,1227,,,,,,,,,1252,1252,1252,1252,1252,,1252,1252,,1252,1252,1252,1252,1252,,1252,1252,1252,1252,,1252,1252
PIDILITIND,PUT VOL,1288,1647,,,,,,,,,1288,1288,1288,1288,1288,,1288,1288,,1288,1288,1288,1288,1288,,1288,1288,1288,1288,,1288,1288
PIDILITIND,PUT OI,1713,1713,,,,,,,,,1661,1661,1661,1661,1661,,1661,1661,,1661,1661,1661,1661,1661,,1661,1661,1661,1661,,1661,1661
PIIND,PRICE,2259.0,2365.0,,,,,2278.0,2265.33,2453.75,2431.25,2259.0,2259.0,2259.0,2259.0,2259.0,2259.0,2259.0,2259.0,2259.0,2259.0,2259.0,2259.0,2259.0,2259.0,2259.0,2259.0,2259.0,2259.0,2259.0,2259.0,2259.0,2259.0
PIIND,VWAP,,,,,,,,,,,,,,,,,,,,,,,,,,,,,,,,
PIIND,CASH VOL,1124887,275516,169595,31.78,64.83,,,,,,,,,,,,,,,,,,,,,,,,,,,
PIIND,F&O VOL,135694,6132,,,,,,,,,135694,135694,135694,135694,135694,135694,135694,135694,135694,135694,135694,135694,135694,135694,135694,135694,135694,135694,135694,135694,135694,135694
PIIND,F&O OI,38731,38731,,,,,,,,,49985,49985,49985,49985,49985,49985,49985,49985,49985,49985,49985,49985,49985,49985,49985,49985,49985,49985,49985,49985,49985,49985
PIIND,CALL VOL,55448,2374,,,,,,,,,55448,55448,55448,55448,55448,,55448,55448,,55448,55448,55448,55448,55448,,55448,55448,55448,55448,,55448,55448
PIIND,CALL OI,4708,4708,,,,,,,,,8800,8800,8800,8800,8800,,8800,8800,,8800,8800,8800,8800,8800,,8800,8800,8800,8800,,8800,8800
PIIND,PUT VOL,63800,1464,,,,,,,,,63800,63800,63800,63800,63800,,63800,63800,,63800,63800,63800,63800,63800,,63800,63800,63800,63800,,63800,63800
PIIND,PUT OI,4664,4664,,,,,,,,,7442,7442,7442,7442,7442,,7442,7442,,7442,7442,7442,7442,7442,,7442,7442,7442,7442,,7442,7442
PNB,PRICE,116.75,116.85,,,,,116.55,116.16,116.69,116.09,116.0,116.0,116.0,116.0,116.0,116.0,116.0,116.0,116.0,116.0,116.0,116.0,116.0,116.0,116.0,116.0,116.0,116.0,116.0,116.0,116.0,116.0
PNB,VWAP,,,,,,,,,,,,,,,,,,,,,,,,,,,,,,,,
PNB,CASH VOL,11479971,18231772,3537476,42.3,41.25,,,,,,,,,,,,,,,,,,,,,,,,,,,
PNB,F&O VOL,22044,28539,,,,,,,,,22044,22044,22044,22044,22044,22044,22044,22044,22044,22044,22044,22044,22044,22044,22044,22044,22044,22044,22044,22044,22044,22044
PNB,F&O OI,48867,48867,,,,,,,,,49387,49387,49387,49387,49387,49387,49387,49387,49387,49387,49387,49387,49387,49387,49387,49387,49387,49387,49387,49387,49387,49387
PNB,CALL VOL,10205,13275,,,,,,,,,10205,10205,10205,10205,10205,,10205,10205,,10205,10205,10205,10205,10205,,10205,10205,10205,10205,,10205,10205
PNB,CALL OI,5717,5717,,,,,,,,,5583,5583,5583,5583,5583,,5583,5583,,5583,5583,5583,5583,5583,,5583,5583,5583,5583,,5583,5583
PNB,PUT VOL,6037,7834,,,,,,,,,6037,6037,6037,6037,6037,,6037,6037,,6037,6037,6037,6037,6037,,6037,6037,6037,6037,,6037,6037
PNB,PUT OI,3896,3896,,,,,,,,,4560,4560,4560,4560,4560,,4560,4560,,4560,4560,4560,4560,4560,,4560,4560,4560,4560,,4560,4560
PNBHOUSING,PRICE,1178.9,1179.0,,,,,1177.87,1175.8,1164.07,1160.2,1178.0,1178.0,1178.0,1178.0,1178.0,1178.0,1178.0,1178.0,1178.0,1178.0,1178.0,1178.0,1178.0,1178.0,1178.0,1178.0,1178.0,1178.0,1178.0,1178.0,1178.0,1178.0
PNBHOUSING,VWAP,,,,,,,,,,,,,,,,,,,,,,,,,,,,,,,,
PNBHOUSING,CASH VOL,1152599,1084833,173756,45.9,57.16,,,,,,,,,,,,,,,,,,,,,,,,,,,
PNBHOUSING,F&O VOL,17177,12153,,,,,,,,,17177,17177,17177,17177,17177,17177,17177,17177,17177,17177,17177,17177,17177,17177,17177,17177,17177,17177,17177,17177,17177,17177
PNBHOUSING,F&O OI,21394,21394,,,,,,,,,21684,21684,21684,21684,21684,21684,21684,21684,21684,21684,21684,21684,21684,21684,21684,21684,21684,21684,21684,21684,21684,21684
PNBHOUSING,CALL VOL,10997,7659,,,,,,,,,10997,10997,10997,10997,10997,,10997,10997,,10997,10997,10997,10997,10997,,10997,10997,10997,10997,,10997,10997
PNBHOUSING,CALL OI,3475,3475,,,,,,,,,3639,3639,3639,3639,3639,,3639,3639,,3639,3639,3639,3639,3639,,3639,3639,3639,3639,,3639,3639
PNBHOUSING,PUT VOL,3593,2297,,,,,,,,,3593,3593,3593,3593,3593,,3593,3593,,3593,3593,3593,3593,3593,,3593,3593,3593,3593,,3593,3593
PNBHOUSING,PUT OI,1687,1687,,,,,,,,,1582,1582,1582,1582,1582,,1582,1582,,1582,1582,1582,1582,1582,,1582,1582,1582,1582,,1582,1582
POLICYBZR,PRICE,1797.3,1800.0,,,,,1793.3,1785.3,1840.0,1837.33,1797.0,1797.0,1797.0,1797.0,1797.0,1797.0,1797.0,1797.0,1797.0,1797.0,1797.0,1797.0,1797.0,1797.0,1797.0,1797.0,1797.0,1797.0,1797.0,1797.0,1797.0,1797.0
POLICYBZR,VWAP,,,,,,,,,,,,,,,,,,,,,,,,,,,,,,,,
POLICYBZR,CASH VOL,564406,414006,190506,48.37,52.39,,,,,,,,,,,,,,,,,,,,,,,,,,,
POLICYBZR,F&O VOL,8617,4223,,,,,,,,,8617,8617,8617,8617,8617,8617,8617,8617,8617,8617,8617,8617,8617,8617,8617,8617,8617,8617,8617,8617,8617,8617
POLICYBZR,F&O OI,27666,27666,,,,,,,,,27500,27500,27500,27500,27500,27500,27500,27500,27500,27500,27500,27500,27500,27500,27500,27500,27500,27500,27500,27500,27500,27500
POLICYBZR,CALL VOL,3411,1737,,,,,,,,,3411,3411,3411,3411,3411,,3411,3411,,3411,3411,3411,3411,3411,,3411,3411,3411,3411,,3411,3411
POLICYBZR,CALL OI,2919,2919,,,,,,,,,2872,2872,2872,2872,2872,,2872,2872,,2872,2872,2872,2872,2872,,2872,2872,2872,2872,,2872,2872
POLICYBZR,PUT VOL,1505,930,,,,,,,,,1505,1505,1505,1505,1505,,1505,1505,,1505,1505,1505,1505,1505,,1505,1505,1505,1505,,1505,1505
POLICYBZR,PUT OI,3969,3969,,,,,,,,,3988,3988,3988,3988,3988,,3988,3988,,3988,3988,3988,3988,3988,,3988,3988,3988,3988,,3988,3988
POLYCAB,PRICE,8241.0,8358.0,,,,,8233.5,8218.5,8591.5,8397.17,8241.0,8241.0,8241.0,8241.0,8241.0,8241.0,8241.0,8241.0,8241.0,8241.0,8241.0,8241.0,8241.0,8241.0,8241.0,8241.0,8241.0,8241.0,8241.0,8241.0,8241.0,8241.0
POLYCAB,VWAP,,,,,,,,,,,,,,,,,,,,,,,,,,,,,,,,
POLYCAB,CASH VOL,400369,259270,80885,47.89,57.77,,,,,,,,,,,,,,,,,,,,,,,,,,,
POLYCAB,F&O VOL,44690,23372,,,,,,,,,44690,44690,44690,44690,44690,44690,44690,44690,44690,44690,44690,44690,44690,44690,44690,44690,44690,44690,44690,44690,44690,44690
POLYCAB,F&O OI,65730,65730,,,,,,,,,65888,65888,65888,65888,65888,65888,65888,65888,65888,65888,65888,65888,65888,65888,65888,65888,65888,65888,65888,65888,65888,65888
POLYCAB,CALL VOL,16600,7918,,,,,,,,,16600,16600,16600,16600,16600,,16600,16600,,16600,16600,16600,16600,16600,,16600,16600,16600,16600,,16600,16600
POLYCAB,CALL OI,8104,8104,,,,,,,,,8472,8472,8472,8472,8472,,8472,8472,,8472,8472,8472,8472,8472,,8472,8472,8472,8472,,8472,8472
POLYCAB,PUT VOL,13254,5597,,,,,,,,,13254,13254,13254,13254,13254,,13254,13254,,13254,13254,13254,13254,13254,,13254,13254,13254,13254,,13254,13254
POLYCAB,PUT OI,9671,9671,,,,,,,,,9898,9898,9898,9898,9898,,9898,9898,,9898,9898,9898,9898,9898,,9898,9898,9898,9898,,9898,9898
POWERGRID,PRICE,269.1,271.75,,,,,271.2,269.8,266.57,266.19,269.0,269.0,269.0,269.0,269.0,269.0,269.0,269.0,269.0,269.0,269.0,269.0,269.0,269.0,269.0,269.0,269.0,269.0,269.0,269.0,269.0,269.0
POWERGRID,VWAP,,,,,,,,,,,,,,,,,,,,,,,,,,,,,,,,
POWERGRID,CASH VOL,11423068,12187656,3566852,54.86,63.12,,,,,,,,,,,,,,,,,,,,,,,,,,,
POWERGRID,F&O VOL,37497,40753,,,,,,,,,37497,37497,37497,37497,37497,37497,37497,37497,37497,37497,37497,37497,37497,37497,37497,37497,37497,37497,37497,37497,37497,37497
POWERGRID,F&O OI,70091,70091,,,,,,,,,69216,69216,69216,69216,69216,69216,69216,69216,69216,69216,69216,69216,69216,69216,69216,69216,69216,69216,69216,69216,69216,69216
POWERGRID,CALL VOL,22145,22995,,,,,,,,,22145,22145,22145,22145,22145,,22145,22145,,22145,22145,22145,22145,22145,,22145,22145,22145,22145,,22145,22145
POWERGRID,CALL OI,11335,11335,,,,,,,,,11732,11732,11732,11732,11732,,11732,11732,,11732,11732,11732,11732,11732,,11732,11732,11732,11732,,11732,11732
POWERGRID,PUT VOL,8127,9176,,,,,,,,,8127,8127,8127,8127,8127,,8127,8127,,8127,8127,8127,8127,8127,,8127,8127,8127,8127,,8127,8127
POWERGRID,PUT OI,6038,6038,,,,,,,,,5650,5650,5650,5650,5650,,5650,5650,,5650,5650,5650,5650,5650,,5650,5650,5650,5650,,5650,5650
POWERINDIA,PRICE,31435.0,31195.0,,,,,31325.83,31107.5,32090.0,31796.67,31435.0,31435.0,31435.0,31435.0,31435.0,31435.0,31435.0,31435.0,31435.0,31435.0,31435.0,31435.0,31435.0,31435.0,31435.0,31435.0,31435.0,31435.0,31435.0,31435.0,31435.0,31435.0
POWERINDIA,VWAP,,,,,,,,,,,,,,,,,,,,,,,,,,,,,,,,
POWERINDIA,CASH VOL,53538,49644,10915,33.03,46.21,,,,,,,,,,,,,,,,,,,,,,,,,,,
POWERINDIA,F&O VOL,26770,17836,,,,,,,,,26770,26770,26770,26770,26770,26770,26770,26770,26770,26770,26770,26770,26770,26770,26770,26770,26770,26770,26770,26770,26770,26770
POWERINDIA,F&O OI,56064,56064,,,,,,,,,56528,56528,56528,56528,56528,56528,56528,56528,56528,56528,56528,56528,56528,56528,56528,56528,56528,56528,56528,56528,56528,56528
POWERINDIA,CALL VOL,10862,7015,,,,,,,,,10862,10862,10862,10862,10862,,10862,10862,,10862,10862,10862,10862,10862,,10862,10862,10862,10862,,10862,10862
POWERINDIA,CALL OI,11988,11988,,,,,,,,,12168,12168,12168,12168,12168,,12168,12168,,12168,12168,12168,12168,12168,,12168,12168,12168,12168,,12168,12168
POWERINDIA,PUT VOL,4717,3091,,,,,,,,,4717,4717,4717,4717,4717,,4717,4717,,4717,4717,4717,4717,4717,,4717,4717,4717,4717,,4717,4717
POWERINDIA,PUT OI,8351,8351,,,,,,,,,8190,8190,8190,8190,8190,,8190,8190,,8190,8190,8190,8190,8190,,8190,8190,8190,8190,,8190,8190
PREMIERENE,PRICE,974.2,967.9,,,,,971.23,965.3,1004.15,1002.72,974.0,974.0,974.0,974.0,974.0,974.0,974.0,974.0,974.0,974.0,974.0,974.0,974.0,974.0,974.0,974.0,974.0,974.0,974.0,974.0,974.0,974.0
PREMIERENE,VWAP,,,,,,,,,,,,,,,,,,,,,,,,,,,,,,,,
PREMIERENE,CASH VOL,1528118,992989,483975,49.6,57.65,,,,,,,,,,,,,,,,,,,,,,,,,,,
PREMIERENE,F&O VOL,12561,4829,,,,,,,,,12561,12561,12561,12561,12561,12561,12561,12561,12561,12561,12561,12561,12561,12561,12561,12561,12561,12561,12561,12561,12561,12561
PREMIERENE,F&O OI,27788,27788,,,,,,,,,26888,26888,26888,26888,26888,26888,26888,26888,26888,26888,26888,26888,26888,26888,26888,26888,26888,26888,26888,26888,26888,26888
PREMIERENE,CALL VOL,6672,2093,,,,,,,,,6672,6672,6672,6672,6672,,6672,6672,,6672,6672,6672,6672,6672,,6672,6672,6672,6672,,6672,6672
PREMIERENE,CALL OI,5668,5668,,,,,,,,,5363,5363,5363,5363,5363,,5363,5363,,5363,5363,5363,5363,5363,,5363,5363,5363,5363,,5363,5363
PREMIERENE,PUT VOL,1886,978,,,,,,,,,1886,1886,1886,1886,1886,,1886,1886,,1886,1886,1886,1886,1886,,1886,1886,1886,1886,,1886,1886
PREMIERENE,PUT OI,4689,4689,,,,,,,,,4906,4906,4906,4906,4906,,4906,4906,,4906,4906,4906,4906,4906,,4906,4906,4906,4906,,4906,4906
PRESTIGE,PRICE,1498.0,1543.6,,,,,1499.0,1498.33,1586.07,1584.2,1498.0,1498.0,1498.0,1498.0,1498.0,1498.0,1498.0,1498.0,1498.0,1498.0,1498.0,1498.0,1498.0,1498.0,1498.0,1498.0,1498.0,1498.0,1498.0,1498.0,1498.0,1498.0
PRESTIGE,VWAP,,,,,,,,,,,,,,,,,,,,,,,,,,,,,,,,
PRESTIGE,CASH VOL,746627,296169,196466,37.94,42.79,,,,,,,,,,,,,,,,,,,,,,,,,,,
PRESTIGE,F&O VOL,19842,6811,,,,,,,,,19842,19842,19842,19842,19842,19842,19842,19842,19842,19842,19842,19842,19842,19842,19842,19842,19842,19842,19842,19842,19842,19842
PRESTIGE,F&O OI,21923,21923,,,,,,,,,23072,23072,23072,23072,23072,23072,23072,23072,23072,23072,23072,23072,23072,23072,23072,23072,23072,23072,23072,23072,23072,23072
PRESTIGE,CALL VOL,4746,1801,,,,,,,,,4746,4746,4746,4746,4746,,4746,4746,,4746,4746,4746,4746,4746,,4746,4746,4746,4746,,4746,4746
PRESTIGE,CALL OI,1886,1886,,,,,,,,,2457,2457,2457,2457,2457,,2457,2457,,2457,2457,2457,2457,2457,,2457,2457,2457,2457,,2457,2457
PRESTIGE,PUT VOL,7707,2924,,,,,,,,,7707,7707,7707,7707,7707,,7707,7707,,7707,7707,7707,7707,7707,,7707,7707,7707,7707,,7707,7707
PRESTIGE,PUT OI,2939,2939,,,,,,,,,3722,3722,3722,3722,3722,,3722,3722,,3722,3722,3722,3722,3722,,3722,3722,3722,3722,,3722,3722
RADICO,PRICE,4368.1,4460.0,,,,,4400.05,4378.75,4487.63,4474.9,4368.0,4368.0,4368.0,4368.0,4368.0,4368.0,4368.0,4368.0,4368.0,4368.0,4368.0,4368.0,4368.0,4368.0,4368.0,4368.0,4368.0,4368.0,4368.0,4368.0,4368.0,4368.0
RADICO,VWAP,,,,,,,,,,,,,,,,,,,,,,,,,,,,,,,,
RADICO,CASH VOL,104310,119989,30865,44.29,51.36,,,,,,,,,,,,,,,,,,,,,,,,,,,
RADICO,F&O VOL,4354,5219,,,,,,,,,4354,4354,4354,4354,4354,4354,4354,4354,4354,4354,4354,4354,4354,4354,4354,4354,4354,4354,4354,4354,4354,4354
RADICO,F&O OI,13146,13146,,,,,,,,,13174,13174,13174,13174,13174,13174,13174,13174,13174,13174,13174,13174,13174,13174,13174,13174,13174,13174,13174,13174,13174,13174
RADICO,CALL VOL,1049,2051,,,,,,,,,1049,1049,1049,1049,1049,,1049,1049,,1049,1049,1049,1049,1049,,1049,1049,1049,1049,,1049,1049
RADICO,CALL OI,2405,2405,,,,,,,,,2398,2398,2398,2398,2398,,2398,2398,,2398,2398,2398,2398,2398,,2398,2398,2398,2398,,2398,2398
RADICO,PUT VOL,1465,728,,,,,,,,,1465,1465,1465,1465,1465,,1465,1465,,1465,1465,1465,1465,1465,,1465,1465,1465,1465,,1465,1465
RADICO,PUT OI,1538,1538,,,,,,,,,1627,1627,1627,1627,1627,,1627,1627,,1627,1627,1627,1627,1627,,1627,1627,1627,1627,,1627,1627
RBLBANK,PRICE,412.55,410.8,,,,,412.12,411.25,408.24,396.02,412.0,412.0,412.0,412.0,412.0,412.0,412.0,412.0,412.0,412.0,412.0,412.0,412.0,412.0,412.0,412.0,412.0,412.0,412.0,412.0,412.0,412.0
RBLBANK,VWAP,,,,,,,,,,,,,,,,,,,,,,,,,,,,,,,,
RBLBANK,CASH VOL,3209425,2711005,719468,54.34,50.33,,,,,,,,,,,,,,,,,,,,,,,,,,,
RBLBANK,F&O VOL,10321,9066,,,,,,,,,10321,10321,10321,10321,10321,10321,10321,10321,10321,10321,10321,10321,10321,10321,10321,10321,10321,10321,10321,10321,10321,10321
RBLBANK,F&O OI,26057,26057,,,,,,,,,26061,26061,26061,26061,26061,26061,26061,26061,26061,26061,26061,26061,26061,26061,26061,26061,26061,26061,26061,26061,26061,26061
RBLBANK,CALL VOL,3838,4047,,,,,,,,,3838,3838,3838,3838,3838,,3838,3838,,3838,3838,3838,3838,3838,,3838,3838,3838,3838,,3838,3838
RBLBANK,CALL OI,6046,6046,,,,,,,,,6029,6029,6029,6029,6029,,6029,6029,,6029,6029,6029,6029,6029,,6029,6029,6029,6029,,6029,6029
RBLBANK,PUT VOL,4096,2647,,,,,,,,,4096,4096,4096,4096,4096,,4096,4096,,4096,4096,4096,4096,4096,,4096,4096,4096,4096,,4096,4096
RBLBANK,PUT OI,3667,3667,,,,,,,,,3608,3608,3608,3608,3608,,3608,3608,,3608,3608,3608,3608,3608,,3608,3608,3608,3608,,3608,3608
RECLTD,PRICE,312.7,313.8,,,,,313.15,312.85,317.65,315.55,312.0,312.0,312.0,312.0,312.0,312.0,312.0,312.0,312.0,312.0,312.0,312.0,312.0,312.0,312.0,312.0,312.0,312.0,312.0,312.0,312.0,312.0
RECLTD,VWAP,,,,,,,,,,,,,,,,,,,,,,,,,,,,,,,,
RECLTD,CASH VOL,4509899,3526950,1064336,54.99,41.11,,,,,,,,,,,,,,,,,,,,,,,,,,,
RECLTD,F&O VOL,14045,15289,,,,,,,,,14045,14045,14045,14045,14045,14045,14045,14045,14045,14045,14045,14045,14045,14045,14045,14045,14045,14045,14045,14045,14045,14045
RECLTD,F&O OI,63673,63673,,,,,,,,,62125,62125,62125,62125,62125,62125,62125,62125,62125,62125,62125,62125,62125,62125,62125,62125,62125,62125,62125,62125,62125,62125
RECLTD,CALL VOL,6995,6938,,,,,,,,,6995,6995,6995,6995,6995,,6995,6995,,6995,6995,6995,6995,6995,,6995,6995,6995,6995,,6995,6995
RECLTD,CALL OI,9961,9961,,,,,,,,,9427,9427,9427,9427,9427,,9427,9427,,9427,9427,9427,9427,9427,,9427,9427,9427,9427,,9427,9427
RECLTD,PUT VOL,2414,4022,,,,,,,,,2414,2414,2414,2414,2414,,2414,2414,,2414,2414,2414,2414,2414,,2414,2414,2414,2414,,2414,2414
RECLTD,PUT OI,7155,7155,,,,,,,,,6974,6974,6974,6974,6974,,6974,6974,,6974,6974,6974,6974,6974,,6974,6974,6974,6974,,6974,6974
RELIANCE,PRICE,1257.5,1274.0,,,,,1260.2,1258.4,1319.02,1313.05,1257.0,1257.0,1257.0,1257.0,1257.0,1257.0,1257.0,1257.0,1257.0,1257.0,1257.0,1257.0,1257.0,1257.0,1257.0,1257.0,1257.0,1257.0,1257.0,1257.0,1257.0,1257.0
RELIANCE,VWAP,,,,,,,,,,,,,,,,,,,,,,,,,,,,,,,,
RELIANCE,CASH VOL,8777736,9296079,2395956,54.5,54.32,,,,,,,,,,,,,,,,,,,,,,,,,,,
RELIANCE,F&O VOL,328905,288715,,,,,,,,,328905,328905,328905,328905,328905,328905,328905,328905,328905,328905,328905,328905,328905,328905,328905,328905,328905,328905,328905,328905,328905,328905
RELIANCE,F&O OI,579537,579537,,,,,,,,,601205,601205,601205,601205,601205,601205,601205,601205,601205,601205,601205,601205,601205,601205,601205,601205,601205,601205,601205,601205,601205,601205
RELIANCE,CALL VOL,132413,89533,,,,,,,,,132413,132413,132413,132413,132413,,132413,132413,,132413,132413,132413,132413,132413,,132413,132413,132413,132413,,132413,132413
RELIANCE,CALL OI,56505,56505,,,,,,,,,66378,66378,66378,66378,66378,,66378,66378,,66378,66378,66378,66378,66378,,66378,66378,66378,66378,,66378,66378
RELIANCE,PUT VOL,66675,70046,,,,,,,,,66675,66675,66675,66675,66675,,66675,66675,,66675,66675,66675,66675,66675,,66675,66675,66675,66675,,66675,66675
RELIANCE,PUT OI,45775,45775,,,,,,,,,47432,47432,47432,47432,47432,,47432,47432,,47432,47432,47432,47432,47432,,47432,47432,47432,47432,,47432,47432
RVNL,PRICE,204.9,205.6,,,,,204.44,203.51,211.33,209.0,204.0,204.0,204.0,204.0,204.0,204.0,204.0,204.0,204.0,204.0,204.0,204.0,204.0,204.0,204.0,204.0,204.0,204.0,204.0,204.0,204.0,204.0
RVNL,VWAP,,,,,,,,,,,,,,,,,,,,,,,,,,,,,,,,
RVNL,CASH VOL,3816727,5012189,667946,35.51,24.45,,,,,,,,,,,,,,,,,,,,,,,,,,,
RVNL,F&O VOL,13570,15405,,,,,,,,,13570,13570,13570,13570,13570,13570,13570,13570,13570,13570,13570,13570,13570,13570,13570,13570,13570,13570,13570,13570,13570,13570
RVNL,F&O OI,48988,48988,,,,,,,,,50755,50755,50755,50755,50755,50755,50755,50755,50755,50755,50755,50755,50755,50755,50755,50755,50755,50755,50755,50755,50755,50755
RVNL,CALL VOL,8094,10912,,,,,,,,,8094,8094,8094,8094,8094,,8094,8094,,8094,8094,8094,8094,8094,,8094,8094,8094,8094,,8094,8094
RVNL,CALL OI,12511,12511,,,,,,,,,13814,13814,13814,13814,13814,,13814,13814,,13814,13814,13814,13814,13814,,13814,13814,13814,13814,,13814,13814
RVNL,PUT VOL,2103,1747,,,,,,,,,2103,2103,2103,2103,2103,,2103,2103,,2103,2103,2103,2103,2103,,2103,2103,2103,2103,,2103,2103
RVNL,PUT OI,6764,6764,,,,,,,,,6731,6731,6731,6731,6731,,6731,6731,,6731,6731,6731,6731,6731,,6731,6731,6731,6731,,6731,6731
SAIL,PRICE,179.0,183.75,,,,,180.54,179.51,196.26,195.19,179.0,179.0,179.0,179.0,179.0,179.0,179.0,179.0,179.0,179.0,179.0,179.0,179.0,179.0,179.0,179.0,179.0,179.0,179.0,179.0,179.0,179.0
SAIL,VWAP,,,,,,,,,,,,,,,,,,,,,,,,,,,,,,,,
SAIL,CASH VOL,8764231,8060794,2498227,40.33,45.61,,,,,,,,,,,,,,,,,,,,,,,,,,,
SAIL,F&O VOL,416,113,,,,,,,,,416,416,416,416,416,416,416,416,416,416,416,416,416,416,416,416,416,416,416,416,416,416
SAIL,F&O OI,51345,51345,,,,,,,,,51251,51251,51251,51251,51251,51251,51251,51251,51251,51251,51251,51251,51251,51251,51251,51251,51251,51251,51251,51251,51251,51251
SAIL,CALL VOL,29,10,,,,,,,,,29,29,29,29,29,,29,29,,29,29,29,29,29,,29,29,29,29,,29,29
SAIL,CALL OI,1486,1486,,,,,,,,,1490,1490,1490,1490,1490,,1490,1490,,1490,1490,1490,1490,1490,,1490,1490,1490,1490,,1490,1490
SAIL,PUT VOL,148,24,,,,,,,,,148,148,148,148,148,,148,148,,148,148,148,148,148,,148,148,148,148,,148,148
SAIL,PUT OI,2778,2778,,,,,,,,,2753,2753,2753,2753,2753,,2753,2753,,2753,2753,2753,2753,2753,,2753,2753,2753,2753,,2753,2753
SBICARD,PRICE,655.2,666.3,,,,,657.6,656.0,653.98,645.45,655.0,655.0,655.0,655.0,655.0,655.0,655.0,655.0,655.0,655.0,655.0,655.0,655.0,655.0,655.0,655.0,655.0,655.0,655.0,655.0,655.0,655.0
SBICARD,VWAP,,,,,,,,,,,,,,,,,,,,,,,,,,,,,,,,
SBICARD,CASH VOL,1571692,1286184,367363,61.18,55.71,,,,,,,,,,,,,,,,,,,,,,,,,,,
SBICARD,F&O VOL,15950,10912,,,,,,,,,15950,15950,15950,15950,15950,15950,15950,15950,15950,15950,15950,15950,15950,15950,15950,15950,15950,15950,15950,15950,15950,15950
SBICARD,F&O OI,46474,46474,,,,,,,,,45796,45796,45796,45796,45796,45796,45796,45796,45796,45796,45796,45796,45796,45796,45796,45796,45796,45796,45796,45796,45796,45796
SBICARD,CALL VOL,8005,4374,,,,,,,,,8005,8005,8005,8005,8005,,8005,8005,,8005,8005,8005,8005,8005,,8005,8005,8005,8005,,8005,8005
SBICARD,CALL OI,8027,8027,,,,,,,,,7448,7448,7448,7448,7448,,7448,7448,,7448,7448,7448,7448,7448,,7448,7448,7448,7448,,7448,7448
SBICARD,PUT VOL,3504,2234,,,,,,,,,3504,3504,3504,3504,3504,,3504,3504,,3504,3504,3504,3504,3504,,3504,3504,3504,3504,,3504,3504
SBICARD,PUT OI,5623,5623,,,,,,,,,5114,5114,5114,5114,5114,,5114,5114,,5114,5114,5114,5114,5114,,5114,5114,5114,5114,,5114,5114
SBILIFE,PRICE,1684.7,1700.6,,,,,1684.58,1684.35,1763.73,1741.2,1684.0,1684.0,1684.0,1684.0,1684.0,1684.0,1684.0,1684.0,1684.0,1684.0,1684.0,1684.0,1684.0,1684.0,1684.0,1684.0,1684.0,1684.0,1684.0,1684.0,1684.0,1684.0
SBILIFE,VWAP,,,,,,,,,,,,,,,,,,,,,,,,,,,,,,,,
SBILIFE,CASH VOL,308631,855621,107085,56.15,66.2,,,,,,,,,,,,,,,,,,,,,,,,,,,
SBILIFE,F&O VOL,9644,11630,,,,,,,,,9644,9644,9644,9644,9644,9644,9644,9644,9644,9644,9644,9644,9644,9644,9644,9644,9644,9644,9644,9644,9644,9644
SBILIFE,F&O OI,40188,40188,,,,,,,,,39557,39557,39557,39557,39557,39557,39557,39557,39557,39557,39557,39557,39557,39557,39557,39557,39557,39557,39557,39557,39557,39557
SBILIFE,CALL VOL,4267,5477,,,,,,,,,4267,4267,4267,4267,4267,,4267,4267,4267,4267,4267,4267,4267,4267,,4267,4267,4267,4267,,4267,4267
SBILIFE,CALL OI,4317,4317,,,,,,,,,4364,4364,4364,4364,4364,,4364,4364,4364,4364,4364,4364,4364,4364,,4364,4364,4364,4364,,4364,4364
SBILIFE,PUT VOL,2220,2791,,,,,,,,,2220,2220,2220,2220,2220,,2220,2220,2220,2220,2220,2220,2220,2220,,2220,2220,2220,2220,,2220,2220
SBILIFE,PUT OI,4050,4050,,,,,,,,,4251,4251,4251,4251,4251,,4251,4251,4251,4251,4251,4251,4251,4251,,4251,4251,4251,4251,,4251,4251
SBIN,PRICE,995.7,1009.7,,,,,997.45,996.28,1026.05,1019.42,995.0,995.0,995.0,995.0,995.0,995.0,995.0,995.0,995.0,995.0,995.0,995.0,995.0,995.0,995.0,995.0,995.0,995.0,995.0,995.0,995.0,995.0
SBIN,VWAP,,,,,,,,,,,,,,,,,,,,,,,,,,,,,,,,
SBIN,CASH VOL,7771109,5504031,2031938,53.86,40.9,,,,,,,,,,,,,,,,,,,,,,,,,,,
SBIN,F&O VOL,152836,104092,,,,,,,,,152836,152836,152836,152836,152836,152836,152836,152836,152836,152836,152836,152836,152836,152836,152836,152836,152836,152836,152836,152836,152836,152836
SBIN,F&O OI,286902,286902,,,,,,,,,292628,292628,292628,292628,292628,292628,292628,292628,292628,292628,292628,292628,292628,292628,292628,292628,292628,292628,292628,292628,292628,292628
SBIN,CALL VOL,64268,43417,,,,,,,,,64268,64268,64268,64268,64268,,64268,64268,,64268,64268,64268,64268,64268,,64268,64268,64268,64268,,64268,64268
SBIN,CALL OI,38123,38123,,,,,,,,,42696,42696,42696,42696,42696,,42696,42696,,42696,42696,42696,42696,42696,,42696,42696,42696,42696,,42696,42696
SBIN,PUT VOL,47630,32394,,,,,,,,,47630,47630,47630,47630,47630,,47630,47630,,47630,47630,47630,47630,47630,,47630,47630,47630,47630,,47630,47630
SBIN,PUT OI,34658,34658,,,,,,,,,34965,34965,34965,34965,34965,,34965,34965,,34965,34965,34965,34965,34965,,34965,34965,34965,34965,,34965,34965
SHREECEM,PRICE,22570.0,22785.0,,,,,22555.0,22525.0,23770.0,23600.0,22570.0,22570.0,22570.0,22570.0,22570.0,22570.0,22570.0,22570.0,22570.0,22570.0,22570.0,22570.0,22570.0,22570.0,22570.0,22570.0,22570.0,22570.0,22570.0,22570.0,22570.0,22570.0
SHREECEM,VWAP,,,,,,,,,,,,,,,,,,,,,,,,,,,,,,,,
SHREECEM,CASH VOL,16171,9990,3820,54.13,45.18,,,,,,,,,,,,,,,,,,,,,,,,,,,
SHREECEM,F&O VOL,7278,7103,,,,,,,,,7278,7278,7278,7278,7278,7278,7278,7278,7278,7278,7278,7278,7278,7278,7278,7278,7278,7278,7278,7278,7278,7278
SHREECEM,F&O OI,23282,23282,,,,,,,,,23624,23624,23624,23624,23624,23624,23624,23624,23624,23624,23624,23624,23624,23624,23624,23624,23624,23624,23624,23624,23624,23624
SHREECEM,CALL VOL,803,288,,,,,,,,,803,803,803,803,803,,803,803,,803,803,803,803,803,,803,803,803,803,,803,803
SHREECEM,CALL OI,421,421,,,,,,,,,580,580,580,580,580,,580,580,,580,580,580,580,580,,580,580,580,580,,580,580
SHREECEM,PUT VOL,880,439,,,,,,,,,880,880,880,880,880,,880,880,,880,880,880,880,880,,880,880,880,880,,880,880
SHREECEM,PUT OI,1162,1162,,,,,,,,,1190,1190,1190,1190,1190,,1190,1190,,1190,1190,1190,1190,1190,,1190,1190,1190,1190,,1190,1190
SHRIRAMFIN,PRICE,1028.6,1038.0,,,,,1027.02,1023.85,1047.5,1043.17,1028.0,1028.0,1028.0,1028.0,1028.0,1028.0,1028.0,1028.0,1028.0,1028.0,1028.0,1028.0,1028.0,1028.0,1028.0,1028.0,1028.0,1028.0,1028.0,1028.0,1028.0,1028.0
SHRIRAMFIN,VWAP,,,,,,,,,,,,,,,,,,,,,,,,,,,,,,,,
SHRIRAMFIN,CASH VOL,3171217,2757241,752233,57.19,59.42,,,,,,,,,,,,,,,,,,,,,,,,,,,
SHRIRAMFIN,F&O VOL,26151,17764,,,,,,,,,26151,26151,26151,26151,26151,26151,26151,26151,26151,26151,26151,26151,26151,26151,26151,26151,26151,26151,26151,26151,26151,26151
SHRIRAMFIN,F&O OI,63888,63888,,,,,,,,,63922,63922,63922,63922,63922,63922,63922,63922,63922,63922,63922,63922,63922,63922,63922,63922,63922,63922,63922,63922,63922,63922
SHRIRAMFIN,CALL VOL,10974,8948,,,,,,,,,10974,10974,10974,10974,10974,,10974,10974,,10974,10974,10974,10974,10974,,10974,10974,10974,10974,,10974,10974
SHRIRAMFIN,CALL OI,10406,10406,,,,,,,,,10316,10316,10316,10316,10316,,10316,10316,,10316,10316,10316,10316,10316,,10316,10316,10316,10316,,10316,10316
SHRIRAMFIN,PUT VOL,10886,4468,,,,,,,,,10886,10886,10886,10886,10886,,10886,10886,,10886,10886,10886,10886,10886,,10886,10886,10886,10886,,10886,10886
SHRIRAMFIN,PUT OI,9430,9430,,,,,,,,,9822,9822,9822,9822,9822,,9822,9822,,9822,9822,9822,9822,9822,,9822,9822,9822,9822,,9822,9822
SIEMENS,PRICE,3957.0,3954.4,,,,,3940.57,3907.7,4039.05,3997.68,3957.0,3957.0,3957.0,3957.0,3957.0,3957.0,3957.0,3957.0,3957.0,3957.0,3957.0,3957.0,3957.0,3957.0,3957.0,3957.0,3957.0,3957.0,3957.0,3957.0,3957.0,3957.0
SIEMENS,VWAP,,,,,,,,,,,,,,,,,,,,,,,,,,,,,,,,
SIEMENS,CASH VOL,172514,227398,50277,27.0,52.87,,,,,,,,,,,,,,,,,,,,,,,,,,,
SIEMENS,F&O VOL,10781,6065,,,,,,,,,10781,10781,10781,10781,10781,10781,10781,10781,10781,10781,10781,10781,10781,10781,10781,10781,10781,10781,10781,10781,10781,10781
SIEMENS,F&O OI,37223,37223,,,,,,,,,37541,37541,37541,37541,37541,37541,37541,37541,37541,37541,37541,37541,37541,37541,37541,37541,37541,37541,37541,37541,37541,37541
SIEMENS,CALL VOL,5804,3301,,,,,,,,,5804,5804,5804,5804,5804,,5804,5804,,5804,5804,5804,5804,5804,,5804,5804,5804,5804,,5804,5804
SIEMENS,CALL OI,7264,7264,,,,,,,,,7525,7525,7525,7525,7525,,7525,7525,,7525,7525,7525,7525,7525,,7525,7525,7525,7525,,7525,7525
SIEMENS,PUT VOL,2344,1051,,,,,,,,,2344,2344,2344,2344,2344,,2344,2344,,2344,2344,2344,2344,2344,,2344,2344,2344,2344,,2344,2344
SIEMENS,PUT OI,5192,5192,,,,,,,,,5297,5297,5297,5297,5297,,5297,5297,,5297,5297,5297,5297,5297,,5297,5297,5297,5297,,5297,5297
SOLARINDS,PRICE,22290.0,22370.0,,,,,22315.0,22298.33,21214.17,20752.5,22290.0,22290.0,22290.0,22290.0,22290.0,22290.0,22290.0,22290.0,22290.0,22290.0,22290.0,22290.0,22290.0,22290.0,22290.0,22290.0,22290.0,22290.0,22290.0,22290.0,22290.0,22290.0
SOLARINDS,VWAP,,,,,,,,,,,,,,,,,,,,,,,,,,,,,,,,
SOLARINDS,CASH VOL,148838,58690,26073,46.78,40.13,,,,,,,,,,,,,,,,,,,,,,,,,,,
SOLARINDS,F&O VOL,49310,23712,,,,,,,,,49310,49310,49310,49310,49310,49310,49310,49310,49310,49310,49310,49310,49310,49310,49310,49310,49310,49310,49310,49310,49310,49310
SOLARINDS,F&O OI,46311,46311,,,,,,,,,47483,47483,47483,47483,47483,47483,47483,47483,47483,47483,47483,47483,47483,47483,47483,47483,47483,47483,47483,47483,47483,47483
SOLARINDS,CALL VOL,21265,9134,,,,,,,,,21265,21265,21265,21265,21265,,21265,21265,,21265,21265,21265,21265,21265,,21265,21265,21265,21265,,21265,21265
SOLARINDS,CALL OI,9947,9947,,,,,,,,,10178,10178,10178,10178,10178,,10178,10178,,10178,10178,10178,10178,10178,,10178,10178,10178,10178,,10178,10178
SOLARINDS,PUT VOL,10057,5982,,,,,,,,,10057,10057,10057,10057,10057,,10057,10057,,10057,10057,10057,10057,10057,,10057,10057,10057,10057,,10057,10057
SOLARINDS,PUT OI,5903,5903,,,,,,,,,6295,6295,6295,6295,6295,,6295,6295,,6295,6295,6295,6295,6295,,6295,6295,6295,6295,,6295,6295
SONACOMS,PRICE,788.0,803.5,,,,,793.42,789.81,789.45,789.15,788.0,788.0,788.0,788.0,788.0,788.0,788.0,788.0,788.0,788.0,788.0,788.0,788.0,788.0,788.0,788.0,788.0,788.0,788.0,788.0,788.0,788.0
SONACOMS,VWAP,,,,,,,,,,,,,,,,,,,,,,,,,,,,,,,,
SONACOMS,CASH VOL,832096,1517259,218107,48.61,37.72,,,,,,,,,,,,,,,,,,,,,,,,,,,
SONACOMS,F&O VOL,7584,9890,,,,,,,,,7584,7584,7584,7584,7584,7584,7584,7584,7584,7584,7584,7584,7584,7584,7584,7584,7584,7584,7584,7584,7584,7584
SONACOMS,F&O OI,19955,19955,,,,,,,,,19369,19369,19369,19369,19369,19369,19369,19369,19369,19369,19369,19369,19369,19369,19369,19369,19369,19369,19369,19369,19369,19369
SONACOMS,CALL VOL,3060,4873,,,,,,,,,3060,3060,3060,3060,3060,,3060,3060,,3060,3060,3060,3060,3060,,3060,3060,3060,3060,,3060,3060
SONACOMS,CALL OI,2844,2844,,,,,,,,,3051,3051,3051,3051,3051,,3051,3051,,3051,3051,3051,3051,3051,,3051,3051,3051,3051,,3051,3051
SONACOMS,PUT VOL,1082,1418,,,,,,,,,1082,1082,1082,1082,1082,,1082,1082,,1082,1082,1082,1082,1082,,1082,1082,1082,1082,,1082,1082
SONACOMS,PUT OI,3110,3110,,,,,,,,,3086,3086,3086,3086,3086,,3086,3086,,3086,3086,3086,3086,3086,,3086,3086,3086,3086,,3086,3086
SRF,PRICE,2482.4,2519.0,,,,,2484.0,2482.93,2590.1,2561.37,2482.0,2482.0,2482.0,2482.0,2482.0,2482.0,2482.0,2482.0,2482.0,2482.0,2482.0,2482.0,2482.0,2482.0,2482.0,2482.0,2482.0,2482.0,2482.0,2482.0,2482.0,2482.0
SRF,VWAP,,,,,,,,,,,,,,,,,,,,,,,,,,,,,,,,
SRF,CASH VOL,288552,210831,89802,53.12,40.92,,,,,,,,,,,,,,,,,,,,,,,,,,,
SRF,F&O VOL,11905,11206,,,,,,,,,11905,11905,11905,11905,11905,11905,11905,11905,11905,11905,11905,11905,11905,11905,11905,11905,11905,11905,11905,11905,11905,11905
SRF,F&O OI,33488,33488,,,,,,,,,33738,33738,33738,33738,33738,33738,33738,33738,33738,33738,33738,33738,33738,33738,33738,33738,33738,33738,33738,33738,33738,33738
SRF,CALL VOL,6109,7431,,,,,,,,,6109,6109,6109,6109,6109,,6109,6109,,6109,6109,,6109,6109,,6109,6109,6109,6109,,6109,6109
SRF,CALL OI,5206,5206,,,,,,,,,5494,5494,5494,5494,5494,,5494,5494,,5494,5494,,5494,5494,,5494,5494,5494,5494,,5494,5494
SRF,PUT VOL,2723,1622,,,,,,,,,2723,2723,2723,2723,2723,,2723,2723,,2723,2723,,2723,2723,,2723,2723,2723,2723,,2723,2723
SRF,PUT OI,4413,4413,,,,,,,,,4307,4307,4307,4307,4307,,4307,4307,,4307,4307,,4307,4307,,4307,4307,4307,4307,,4307,4307
SUNPHARMA,PRICE,1840.0,1861.0,,,,,1844.25,1841.42,1921.75,1906.58,1840.0,1840.0,1840.0,1840.0,1840.0,1840.0,1840.0,1840.0,1840.0,1840.0,1840.0,1840.0,1840.0,1840.0,1840.0,1840.0,1840.0,1840.0,1840.0,1840.0,1840.0,1840.0
SUNPHARMA,VWAP,,,,,,,,,,,,,,,,,,,,,,,,,,,,,,,,
SUNPHARMA,CASH VOL,1445071,1178648,392289,71.97,66.25,,,,,,,,,,,,,,,,,,,,,,,,,,,
SUNPHARMA,F&O VOL,42405,30309,,,,,,,,,42405,42405,42405,42405,42405,42405,42405,42405,42405,42405,42405,42405,42405,42405,42405,42405,42405,42405,42405,42405,42405,42405
SUNPHARMA,F&O OI,85809,85809,,,,,,,,,86582,86582,86582,86582,86582,86582,86582,86582,86582,86582,86582,86582,86582,86582,86582,86582,86582,86582,86582,86582,86582,86582
SUNPHARMA,CALL VOL,23911,15485,,,,,,,,,23911,23911,23911,23911,23911,,23911,23911,,23911,23911,23911,23911,23911,,23911,23911,23911,23911,,23911,23911
SUNPHARMA,CALL OI,13697,13697,,,,,,,,,15241,15241,15241,15241,15241,,15241,15241,,15241,15241,15241,15241,15241,,15241,15241,15241,15241,,15241,15241
SUNPHARMA,PUT VOL,10555,8876,,,,,,,,,10555,10555,10555,10555,10555,,10555,10555,,10555,10555,10555,10555,10555,,10555,10555,10555,10555,,10555,10555
SUNPHARMA,PUT OI,10749,10749,,,,,,,,,10722,10722,10722,10722,10722,,10722,10722,,10722,10722,10722,10722,10722,,10722,10722,10722,10722,,10722,10722
SUPREMEIND,PRICE,3364.4,3510.0,,,,,3431.75,3386.85,3528.35,3492.78,3364.0,3364.0,3364.0,3364.0,3364.0,3364.0,3364.0,3364.0,3364.0,3364.0,3364.0,3364.0,3364.0,3364.0,3364.0,3364.0,3364.0,3364.0,3364.0,3364.0,3364.0,3364.0
SUPREMEIND,VWAP,,,,,,,,,,,,,,,,,,,,,,,,,,,,,,,,
SUPREMEIND,CASH VOL,130229,54496,53086,39.45,53.53,,,,,,,,,,,,,,,,,,,,,,,,,,,
SUPREMEIND,F&O VOL,9996,2280,,,,,,,,,9996,9996,9996,9996,9996,9996,9996,9996,9996,9996,9996,9996,9996,9996,9996,9996,9996,9996,9996,9996,9996,9996
SUPREMEIND,F&O OI,19479,19479,,,,,,,,,20110,20110,20110,20110,20110,20110,20110,20110,20110,20110,20110,20110,20110,20110,20110,20110,20110,20110,20110,20110,20110,20110
SUPREMEIND,CALL VOL,2914,615,,,,,,,,,2914,2914,2914,2914,2914,,2914,2914,,2914,2914,,2914,2914,,2914,2914,2914,2914,,2914,2914
SUPREMEIND,CALL OI,1194,1194,,,,,,,,,1417,1417,1417,1417,1417,,1417,1417,,1417,1417,,1417,1417,,1417,1417,1417,1417,,1417,1417
SUPREMEIND,PUT VOL,3040,396,,,,,,,,,3040,3040,3040,3040,3040,,3040,3040,,3040,3040,,3040,3040,,3040,3040,3040,3040,,3040,3040
SUPREMEIND,PUT OI,1606,1606,,,,,,,,,1803,1803,1803,1803,1803,,1803,1803,,1803,1803,,1803,1803,,1803,1803,1803,1803,,1803,1803
SUZLON,PRICE,44.12,44.22,,,,,44.03,43.86,45.71,45.47,44.0,44.0,44.0,44.0,44.0,44.0,44.0,44.0,44.0,44.0,44.0,44.0,44.0,44.0,44.0,44.0,44.0,44.0,44.0,44.0,44.0,44.0
SUZLON,VWAP,,,,,,,,,,,,,,,,,,,,,,,,,,,,,,,,
SUZLON,CASH VOL,52777120,43668900,12477087,39.65,45.52,,,,,,,,,,,,,,,,,,,,,,,,,,,
SUZLON,F&O VOL,18126,18436,,,,,,,,,18126,18126,18126,18126,18126,18126,18126,18126,18126,18126,18126,18126,18126,18126,18126,18126,18126,18126,18126,18126,18126,18126
SUZLON,F&O OI,60583,60583,,,,,,,,,61327,61327,61327,61327,61327,61327,61327,61327,61327,61327,61327,61327,61327,61327,61327,61327,61327,61327,61327,61327,61327,61327
SUZLON,CALL VOL,8652,9089,,,,,,,,,8652,8652,8652,8652,8652,,8652,8652,,8652,8652,8652,8652,8652,,8652,8652,8652,8652,,8652,8652
SUZLON,CALL OI,7324,7324,,,,,,,,,7904,7904,7904,7904,7904,,7904,7904,,7904,7904,7904,7904,7904,,7904,7904,7904,7904,,7904,7904
SUZLON,PUT VOL,3126,2965,,,,,,,,,3126,3126,3126,3126,3126,,3126,3126,,3126,3126,3126,3126,3126,,3126,3126,3126,3126,,3126,3126
SUZLON,PUT OI,4212,4212,,,,,,,,,4284,4284,4284,4284,4284,,4284,4284,,4284,4284,4284,4284,4284,,4284,4284,4284,4284,,4284,4284
SWIGGY,PRICE,278.2,279.0,,,,,278.38,278.26,275.02,272.88,278.0,278.0,278.0,278.0,278.0,278.0,278.0,278.0,278.0,278.0,278.0,278.0,278.0,278.0,278.0,278.0,278.0,278.0,278.0,278.0,278.0,278.0
SWIGGY,VWAP,,,,,,,,,,,,,,,,,,,,,,,,,,,,,,,,
SWIGGY,CASH VOL,17233642,11468920,3395905,45.42,47.73,,,,,,,,,,,,,,,,,,,,,,,,,,,
SWIGGY,F&O VOL,31394,28107,,,,,,,,,31394,31394,31394,31394,31394,31394,31394,31394,31394,31394,31394,31394,31394,31394,31394,31394,31394,31394,31394,31394,31394,31394
SWIGGY,F&O OI,92120,92120,,,,,,,,,92625,92625,92625,92625,92625,92625,92625,92625,92625,92625,92625,92625,92625,92625,92625,92625,92625,92625,92625,92625,92625,92625
SWIGGY,CALL VOL,16237,15030,,,,,,,,,16237,16237,16237,16237,16237,,16237,16237,,16237,16237,,16237,16237,,16237,16237,16237,16237,,16237,16237
SWIGGY,CALL OI,15094,15094,,,,,,,,,16052,16052,16052,16052,16052,,16052,16052,,16052,16052,,16052,16052,,16052,16052,16052,16052,,16052,16052
SWIGGY,PUT VOL,6175,5846,,,,,,,,,6175,6175,6175,6175,6175,,6175,6175,,6175,6175,,6175,6175,,6175,6175,6175,6175,,6175,6175
SWIGGY,PUT OI,13198,13198,,,,,,,,,13225,13225,13225,13225,13225,,13225,13225,,13225,13225,,13225,13225,,13225,13225,13225,13225,,13225,13225
TATACONSUM,PRICE,991.0,999.6,,,,,994.0,992.0,1017.7,1012.57,991.0,991.0,991.0,991.0,991.0,991.0,991.0,991.0,991.0,991.0,991.0,991.0,991.0,991.0,991.0,991.0,991.0,991.0,991.0,991.0,991.0,991.0
TATACONSUM,VWAP,,,,,,,,,,,,,,,,,,,,,,,,,,,,,,,,
TATACONSUM,CASH VOL,905959,1001929,234214,58.13,62.72,,,,,,,,,,,,,,,,,,,,,,,,,,,
TATACONSUM,F&O VOL,9882,8966,,,,,,,,,9882,9882,9882,9882,9882,9882,9882,9882,9882,9882,9882,9882,9882,9882,9882,9882,9882,9882,9882,9882,9882,9882
TATACONSUM,F&O OI,51032,51032,,,,,,,,,51161,51161,51161,51161,51161,51161,51161,51161,51161,51161,51161,51161,51161,51161,51161,51161,51161,51161,51161,51161,51161,51161
TATACONSUM,CALL VOL,3988,3285,,,,,,,,,3988,3988,3988,3988,3988,,3988,3988,,3988,3988,,3988,3988,,3988,3988,3988,3988,,3988,3988
TATACONSUM,CALL OI,2804,2804,,,,,,,,,3062,3062,3062,3062,3062,,3062,3062,,3062,3062,,3062,3062,,3062,3062,3062,3062,,3062,3062
TATACONSUM,PUT VOL,2163,2299,,,,,,,,,2163,2163,2163,2163,2163,,2163,2163,,2163,2163,,2163,2163,,2163,2163,2163,2163,,2163,2163
TATACONSUM,PUT OI,5737,5737,,,,,,,,,5845,5845,5845,5845,5845,,5845,5845,,5845,5845,,5845,5845,,5845,5845,5845,5845,,5845,5845
TATAELXSI,PRICE,3383.0,3409.0,,,,,3392.35,3386.12,3592.25,3569.42,3383.0,3383.0,3383.0,3383.0,3383.0,3383.0,3383.0,3383.0,3383.0,3383.0,3383.0,3383.0,3383.0,3383.0,3383.0,3383.0,3383.0,3383.0,3383.0,3383.0,3383.0,3383.0
TATAELXSI,VWAP,,,,,,,,,,,,,,,,,,,,,,,,,,,,,,,,
TATAELXSI,CASH VOL,112924,208936,40490,43.19,23.06,,,,,,,,,,,,,,,,,,,,,,,,,,,
TATAELXSI,F&O VOL,10844,17016,,,,,,,,,10844,10844,10844,10844,10844,10844,10844,10844,10844,10844,10844,10844,10844,10844,10844,10844,10844,10844,10844,10844,10844,10844
TATAELXSI,F&O OI,36247,36247,,,,,,,,,37078,37078,37078,37078,37078,37078,37078,37078,37078,37078,37078,37078,37078,37078,37078,37078,37078,37078,37078,37078,37078,37078
TATAELXSI,CALL VOL,4288,8842,,,,,,,,,4288,4288,4288,4288,4288,,4288,4288,,4288,4288,,4288,4288,,4288,4288,4288,4288,,4288,4288
TATAELXSI,CALL OI,3533,3533,,,,,,,,,3885,3885,3885,3885,3885,,3885,3885,,3885,3885,,3885,3885,,3885,3885,3885,3885,,3885,3885
TATAELXSI,PUT VOL,1806,2720,,,,,,,,,1806,1806,1806,1806,1806,,1806,1806,,1806,1806,,1806,1806,,1806,1806,1806,1806,,1806,1806
TATAELXSI,PUT OI,3570,3570,,,,,,,,,3676,3676,3676,3676,3676,,3676,3676,,3676,3676,,3676,3676,,3676,3676,3676,3676,,3676,3676
TATAPOWER,PRICE,364.65,367.0,,,,,365.17,364.83,364.98,358.95,364.0,364.0,364.0,364.0,364.0,364.0,364.0,364.0,364.0,364.0,364.0,364.0,364.0,364.0,364.0,364.0,364.0,364.0,364.0,364.0,364.0,364.0
TATAPOWER,VWAP,,,,,,,,,,,,,,,,,,,,,,,,,,,,,,,,
TATAPOWER,CASH VOL,2425732,2896528,882101,53.5,42.79,,,,,,,,,,,,,,,,,,,,,,,,,,,
TATAPOWER,F&O VOL,16505,16155,,,,,,,,,16505,16505,16505,16505,16505,16505,16505,16505,16505,16505,16505,16505,16505,16505,16505,16505,16505,16505,16505,16505,16505,16505
TATAPOWER,F&O OI,94209,94209,,,,,,,,,94537,94537,94537,94537,94537,94537,94537,94537,94537,94537,94537,94537,94537,94537,94537,94537,94537,94537,94537,94537,94537,94537
TATAPOWER,CALL VOL,9217,8536,,,,,,,,,9217,9217,9217,9217,9217,,9217,9217,,9217,9217,,9217,9217,,9217,9217,9217,9217,,9217,9217
TATAPOWER,CALL OI,15738,15738,,,,,,,,,15951,15951,15951,15951,15951,,15951,15951,,15951,15951,,15951,15951,,15951,15951,15951,15951,,15951,15951
TATAPOWER,PUT VOL,4698,4669,,,,,,,,,4698,4698,4698,4698,4698,,4698,4698,,4698,4698,,4698,4698,,4698,4698,4698,4698,,4698,4698
TATAPOWER,PUT OI,15194,15194,,,,,,,,,14964,14964,14964,14964,14964,,14964,14964,,14964,14964,,14964,14964,,14964,14964,14964,14964,,14964,14964
TATASTEEL,PRICE,183.0,186.78,,,,,182.84,182.51,187.75,185.67,183.0,183.0,183.0,183.0,183.0,183.0,183.0,183.0,183.0,183.0,183.0,183.0,183.0,183.0,183.0,183.0,183.0,183.0,183.0,183.0,183.0,183.0
TATASTEEL,VWAP,,,,,,,,,,,,,,,,,,,,,,,,,,,,,,,,
TATASTEEL,CASH VOL,31510206,23334612,7626823,50.34,54.52,,,,,,,,,,,,,,,,,,,,,,,,,,,
TATASTEEL,F&O VOL,75791,65875,,,,,,,,,75791,75791,75791,75791,75791,75791,75791,75791,75791,75791,75791,75791,75791,75791,75791,75791,75791,75791,75791,75791,75791,75791
TATASTEEL,F&O OI,175934,175934,,,,,,,,,179036,179036,179036,179036,179036,179036,179036,179036,179036,179036,179036,179036,179036,179036,179036,179036,179036,179036,179036,179036,179036,179036
TATASTEEL,CALL VOL,35724,27426,,,,,,,,,35724,35724,35724,35724,35724,,35724,35724,,35724,35724,,35724,35724,,35724,35724,35724,35724,,35724,35724
TATASTEEL,CALL OI,22839,22839,,,,,,,,,24942,24942,24942,24942,24942,,24942,24942,,24942,24942,,24942,24942,,24942,24942,24942,24942,,24942,24942
TATASTEEL,PUT VOL,17986,20763,,,,,,,,,17986,17986,17986,17986,17986,,17986,17986,,17986,17986,,17986,17986,,17986,17986,17986,17986,,17986,17986
TATASTEEL,PUT OI,20472,20472,,,,,,,,,20703,20703,20703,20703,20703,,20703,20703,,20703,20703,,20703,20703,,20703,20703,20703,20703,,20703,20703
TCS,PRICE,2200.8,2204.1,,,,,2209.05,2203.55,2333.15,2313.72,2200.0,2200.0,2200.0,2200.0,2200.0,2200.0,2200.0,2200.0,2200.0,2200.0,2200.0,2200.0,2200.0,2200.0,2200.0,2200.0,2200.0,2200.0,2200.0,2200.0,2200.0,2200.0
TCS,VWAP,,,,,,,,,,,,,,,,,,,,,,,,,,,,,,,,
TCS,CASH VOL,2634124,2490912,689245,50.96,49.97,,,,,,,,,,,,,,,,,,,,,,,,,,,
TCS,F&O VOL,110966,101033,,,,,,,,,110966,110966,110966,110966,110966,110966,110966,110966,110966,110966,110966,110966,110966,110966,110966,110966,110966,110966,110966,110966,110966,110966
TCS,F&O OI,243938,243938,,,,,,,,,242569,242569,242569,242569,242569,242569,242569,242569,242569,242569,242569,242569,242569,242569,242569,242569,242569,242569,242569,242569,242569,242569
TCS,CALL VOL,43879,37910,,,,,,,,,43879,43879,43879,43879,43879,,43879,43879,,43879,43879,43879,43879,43879,,43879,43879,43879,43879,,43879,43879
TCS,CALL OI,15790,15790,,,,,,,,,16478,16478,16478,16478,16478,,16478,16478,,16478,16478,16478,16478,16478,,16478,16478,16478,16478,,16478,16478
TCS,PUT VOL,31293,27186,,,,,,,,,31293,31293,31293,31293,31293,,31293,31293,,31293,31293,31293,31293,31293,,31293,31293,31293,31293,,31293,31293
TCS,PUT OI,17488,17488,,,,,,,,,18109,18109,18109,18109,18109,,18109,18109,,18109,18109,18109,18109,18109,,18109,18109,18109,18109,,18109,18109
TECHM,PRICE,1541.0,1525.8,,,,,1539.98,1537.95,1612.05,1601.95,1541.0,1541.0,1541.0,1541.0,1541.0,1541.0,1541.0,1541.0,1541.0,1541.0,1541.0,1541.0,1541.0,1541.0,1541.0,1541.0,1541.0,1541.0,1541.0,1541.0,1541.0,1541.0
TECHM,VWAP,,,,,,,,,,,,,,,,,,,,,,,,,,,,,,,,
TECHM,CASH VOL,2007328,1405653,446665,43.57,34.0,,,,,,,,,,,,,,,,,,,,,,,,,,,
TECHM,F&O VOL,40784,45628,,,,,,,,,40784,40784,40784,40784,40784,40784,40784,40784,40784,40784,40784,40784,40784,40784,40784,40784,40784,40784,40784,40784,40784,40784
TECHM,F&O OI,56001,56001,,,,,,,,,55888,55888,55888,55888,55888,55888,55888,55888,55888,55888,55888,55888,55888,55888,55888,55888,55888,55888,55888,55888,55888,55888
TECHM,CALL VOL,21473,24166,,,,,,,,,21473,21473,21473,21473,21473,,21473,21473,,21473,21473,,21473,21473,,21473,21473,21473,21473,,21473,21473
TECHM,CALL OI,7271,7271,,,,,,,,,7386,7386,7386,7386,7386,,7386,7386,,7386,7386,,7386,7386,,7386,7386,7386,7386,,7386,7386
TECHM,PUT VOL,12345,12039,,,,,,,,,12345,12345,12345,12345,12345,,12345,12345,,12345,12345,,12345,12345,,12345,12345,12345,12345,,12345,12345
TECHM,PUT OI,6499,6499,,,,,,,,,6576,6576,6576,6576,6576,,6576,6576,,6576,6576,,6576,6576,,6576,6576,6576,6576,,6576,6576
TIINDIA,PRICE,2606.1,2652.0,,,,,2608.6,2606.93,2714.4,2703.47,2606.0,2606.0,2606.0,2606.0,2606.0,2606.0,2606.0,2606.0,2606.0,2606.0,2606.0,2606.0,2606.0,2606.0,2606.0,2606.0,2606.0,2606.0,2606.0,2606.0,2606.0,2606.0
TIINDIA,VWAP,,,,,,,,,,,,,,,,,,,,,,,,,,,,,,,,
TIINDIA,CASH VOL,135215,174561,39288,45.21,60.2,,,,,,,,,,,,,,,,,,,,,,,,,,,
TIINDIA,F&O VOL,5327,5558,,,,,,,,,5327,5327,5327,5327,5327,5327,5327,5327,5327,5327,5327,5327,5327,5327,5327,5327,5327,5327,5327,5327,5327,5327
TIINDIA,F&O OI,19328,19328,,,,,,,,,19546,19546,19546,19546,19546,19546,19546,19546,19546,19546,19546,19546,19546,19546,19546,19546,19546,19546,19546,19546,19546,19546
TIINDIA,CALL VOL,2308,1770,,,,,,,,,2308,2308,2308,2308,2308,,2308,2308,,2308,2308,,2308,2308,,2308,2308,2308,2308,,2308,2308
TIINDIA,CALL OI,1660,1660,,,,,,,,,1926,1926,1926,1926,1926,,1926,1926,,1926,1926,,1926,1926,,1926,1926,1926,1926,,1926,1926
TIINDIA,PUT VOL,1434,1497,,,,,,,,,1434,1434,1434,1434,1434,,1434,1434,,1434,1434,,1434,1434,,1434,1434,1434,1434,,1434,1434
TIINDIA,PUT OI,1720,1720,,,,,,,,,1670,1670,1670,1670,1670,,1670,1670,,1670,1670,,1670,1670,,1670,1670,1670,1670,,1670,1670
TITAN,PRICE,5009.5,5021.0,,,,,4999.33,4979.0,5022.0,5020.67,5009.0,5009.0,5009.0,5009.0,5009.0,5009.0,5009.0,5009.0,5009.0,5009.0,5009.0,5009.0,5009.0,5009.0,5009.0,5009.0,5009.0,5009.0,5009.0,5009.0,5009.0,5009.0
TITAN,VWAP,,,,,,,,,,,,,,,,,,,,,,,,,,,,,,,,
TITAN,CASH VOL,403235,336565,119032,52.36,59.07,,,,,,,,,,,,,,,,,,,,,,,,,,,
TITAN,F&O VOL,28071,17740,,,,,,,,,28071,28071,28071,28071,28071,28071,28071,28071,28071,28071,28071,28071,28071,28071,28071,28071,28071,28071,28071,28071,28071,28071
TITAN,F&O OI,59149,59149,,,,,,,,,58491,58491,58491,58491,58491,58491,58491,58491,58491,58491,58491,58491,58491,58491,58491,58491,58491,58491,58491,58491,58491,58491
TITAN,CALL VOL,12416,10024,,,,,,,,,12416,12416,12416,12416,12416,,12416,12416,,12416,12416,,12416,12416,,12416,12416,12416,12416,,12416,12416
TITAN,CALL OI,12573,12573,,,,,,,,,12262,12262,12262,12262,12262,,12262,12262,,12262,12262,,12262,12262,,12262,12262,12262,12262,,12262,12262
TITAN,PUT VOL,10298,4783,,,,,,,,,10298,10298,10298,10298,10298,,10298,10298,,10298,10298,,10298,10298,,10298,10298,10298,10298,,10298,10298
TITAN,PUT OI,8952,8952,,,,,,,,,8965,8965,8965,8965,8965,,8965,8965,,8965,8965,,8965,8965,,8965,8965,8965,8965,,8965,8965
TMPV,PRICE,301.1,300.5,,,,,300.88,300.45,311.19,310.57,301.0,301.0,301.0,301.0,301.0,301.0,301.0,301.0,301.0,301.0,301.0,301.0,301.0,301.0,301.0,301.0,301.0,301.0,301.0,301.0,301.0,301.0
TMPV,VWAP,,,,,,,,,,,,,,,,,,,,,,,,,,,,,,,,
TMPV,CASH VOL,7683193,7512877,1871992,42.5,45.79,,,,,,,,,,,,,,,,,,,,,,,,,,,
TMPV,F&O VOL,63719,54187,,,,,,,,,63719,63719,63719,63719,63719,63719,63719,63719,63719,63719,63719,63719,63719,63719,63719,63719,63719,63719,63719,63719,63719,63719
TMPV,F&O OI,119411,119411,,,,,,,,,118490,118490,118490,118490,118490,118490,118490,118490,118490,118490,118490,118490,118490,118490,118490,118490,118490,118490,118490,118490,118490,118490
TMPV,CALL VOL,29439,24019,,,,,,,,,29439,29439,29439,29439,29439,,29439,29439,,29439,29439,,29439,29439,,29439,29439,29439,29439,,29439,29439
TMPV,CALL OI,15154,15154,,,,,,,,,15526,15526,15526,15526,15526,,15526,15526,,15526,15526,,15526,15526,,15526,15526,15526,15526,,15526,15526
TMPV,PUT VOL,17737,16315,,,,,,,,,17737,17737,17737,17737,17737,,17737,17737,,17737,17737,,17737,17737,,17737,17737,17737,17737,,17737,17737
TMPV,PUT OI,16143,16143,,,,,,,,,16207,16207,16207,16207,16207,,16207,16207,,16207,16207,,16207,16207,,16207,16207,16207,16207,,16207,16207
TORNTPHARM,PRICE,4965.5,4930.0,,,,,4957.33,4941.0,4924.0,4879.33,4965.0,4965.0,4965.0,4965.0,4965.0,4965.0,4965.0,4965.0,4965.0,4965.0,4965.0,4965.0,4965.0,4965.0,4965.0,4965.0,4965.0,4965.0,4965.0,4965.0,4965.0,4965.0
TORNTPHARM,VWAP,,,,,,,,,,,,,,,,,,,,,,,,,,,,,,,,
TORNTPHARM,CASH VOL,263114,190249,87593,58.9,54.06,,,,,,,,,,,,,,,,,,,,,,,,,,,
TORNTPHARM,F&O VOL,9801,14692,,,,,,,,,9801,9801,9801,9801,9801,9801,9801,9801,9801,9801,9801,9801,9801,9801,9801,9801,9801,9801,9801,9801,9801,9801
TORNTPHARM,F&O OI,34508,34508,,,,,,,,,33944,33944,33944,33944,33944,33944,33944,33944,33944,33944,33944,33944,33944,33944,33944,33944,33944,33944,33944,33944,33944,33944
TORNTPHARM,CALL VOL,5652,8173,,,,,,,,,5652,5652,5652,5652,5652,,5652,5652,5652,5652,5652,,5652,5652,,5652,5652,5652,5652,,5652,5652
TORNTPHARM,CALL OI,3852,3852,,,,,,,,,3730,3730,3730,3730,3730,,3730,3730,3730,3730,3730,,3730,3730,,3730,3730,3730,3730,,3730,3730
TORNTPHARM,PUT VOL,1818,1407,,,,,,,,,1818,1818,1818,1818,1818,,1818,1818,1818,1818,1818,,1818,1818,,1818,1818,1818,1818,,1818,1818
TORNTPHARM,PUT OI,2489,2489,,,,,,,,,2277,2277,2277,2277,2277,,2277,2277,2277,2277,2277,,2277,2277,,2277,2277,2277,2277,,2277,2277
TRENT,PRICE,2802.4,2818.7,,,,,2797.18,2786.75,2850.3,2844.9,2802.0,2802.0,2802.0,2802.0,2802.0,2802.0,2802.0,2802.0,2802.0,2802.0,2802.0,2802.0,2802.0,2802.0,2802.0,2802.0,2802.0,2802.0,2802.0,2802.0,2802.0,2802.0
TRENT,VWAP,,,,,,,,,,,,,,,,,,,,,,,,,,,,,,,,
TRENT,CASH VOL,677898,503802,171749,54.2,57.23,,,,,,,,,,,,,,,,,,,,,,,,,,,
TRENT,F&O VOL,26911,18675,,,,,,,,,26911,26911,26911,26911,26911,26911,26911,26911,26911,26911,26911,26911,26911,26911,26911,26911,26911,26911,26911,26911,26911,26911
TRENT,F&O OI,75384,75384,,,,,,,,,75998,75998,75998,75998,75998,75998,75998,75998,75998,75998,75998,75998,75998,75998,75998,75998,75998,75998,75998,75998,75998,75998
TRENT,CALL VOL,12713,9104,,,,,,,,,12713,12713,12713,12713,12713,,12713,12713,,12713,12713,12713,12713,12713,,12713,12713,12713,12713,,12713,12713
TRENT,CALL OI,13613,13613,,,,,,,,,14179,14179,14179,14179,14179,,14179,14179,,14179,14179,14179,14179,14179,,14179,14179,14179,14179,,14179,14179
TRENT,PUT VOL,8522,4596,,,,,,,,,8522,8522,8522,8522,8522,,8522,8522,,8522,8522,8522,8522,8522,,8522,8522,8522,8522,,8522,8522
TRENT,PUT OI,7270,7270,,,,,,,,,7421,7421,7421,7421,7421,,7421,7421,,7421,7421,7421,7421,7421,,7421,7421,7421,7421,,7421,7421
TVSMOTOR,PRICE,4125.0,4121.5,,,,,4119.12,4107.35,4143.25,4136.48,4125.0,4125.0,4125.0,4125.0,4125.0,4125.0,4125.0,4125.0,4125.0,4125.0,4125.0,4125.0,4125.0,4125.0,4125.0,4125.0,4125.0,4125.0,4125.0,4125.0,4125.0,4125.0
TVSMOTOR,VWAP,,,,,,,,,,,,,,,,,,,,,,,,,,,,,,,,
TVSMOTOR,CASH VOL,454748,550990,159432,43.87,61.23,,,,,,,,,,,,,,,,,,,,,,,,,,,
TVSMOTOR,F&O VOL,27370,20876,,,,,,,,,27370,27370,27370,27370,27370,27370,27370,27370,27370,27370,27370,27370,27370,27370,27370,27370,27370,27370,27370,27370,27370,27370
TVSMOTOR,F&O OI,73622,73622,,,,,,,,,73156,73156,73156,73156,73156,73156,73156,73156,73156,73156,73156,73156,73156,73156,73156,73156,73156,73156,73156,73156,73156,73156
TVSMOTOR,CALL VOL,10926,7014,,,,,,,,,10926,10926,10926,10926,10926,,10926,10926,,10926,10926,,10926,10926,,10926,10926,10926,10926,,10926,10926
TVSMOTOR,CALL OI,7857,7857,,,,,,,,,7969,7969,7969,7969,7969,,7969,7969,,7969,7969,,7969,7969,,7969,7969,7969,7969,,7969,7969
TVSMOTOR,PUT VOL,8349,5730,,,,,,,,,8349,8349,8349,8349,8349,,8349,8349,,8349,8349,,8349,8349,,8349,8349,8349,8349,,8349,8349
TVSMOTOR,PUT OI,7569,7569,,,,,,,,,7331,7331,7331,7331,7331,,7331,7331,,7331,7331,,7331,7331,,7331,7331,7331,7331,,7331,7331
ULTRACEMCO,PRICE,11000.0,10979.0,,,,,10975.0,10925.0,11377.0,11315.0,11000.0,11000.0,11000.0,11000.0,11000.0,11000.0,11000.0,11000.0,11000.0,11000.0,11000.0,11000.0,11000.0,11000.0,11000.0,11000.0,11000.0,11000.0,11000.0,11000.0,11000.0,11000.0
ULTRACEMCO,VWAP,,,,,,,,,,,,,,,,,,,,,,,,,,,,,,,,
ULTRACEMCO,CASH VOL,223277,270894,129822,64.97,61.91,,,,,,,,,,,,,,,,,,,,,,,,,,,
ULTRACEMCO,F&O VOL,26897,14799,,,,,,,,,26897,26897,26897,26897,26897,26897,26897,26897,26897,26897,26897,26897,26897,26897,26897,26897,26897,26897,26897,26897,26897,26897
ULTRACEMCO,F&O OI,68357,68357,,,,,,,,,68361,68361,68361,68361,68361,68361,68361,68361,68361,68361,68361,68361,68361,68361,68361,68361,68361,68361,68361,68361,68361,68361
ULTRACEMCO,CALL VOL,7285,4983,,,,,,,,,7285,7285,7285,7285,7285,,7285,7285,,7285,7285,,7285,7285,,7285,7285,7285,7285,,7285,7285
ULTRACEMCO,CALL OI,2702,2702,,,,,,,,,3085,3085,3085,3085,3085,,3085,3085,,3085,3085,,3085,3085,,3085,3085,3085,3085,,3085,3085
ULTRACEMCO,PUT VOL,3802,2383,,,,,,,,,3802,3802,3802,3802,3802,,3802,3802,,3802,3802,,3802,3802,,3802,3802,3802,3802,,3802,3802
ULTRACEMCO,PUT OI,3151,3151,,,,,,,,,3170,3170,3170,3170,3170,,3170,3170,,3170,3170,,3170,3170,,3170,3170,3170,3170,,3170,3170
UNIONBANK,PRICE,178.1,179.2,,,,,177.93,177.59,187.02,186.62,178.0,178.0,178.0,178.0,178.0,178.0,178.0,178.0,178.0,178.0,178.0,178.0,178.0,178.0,178.0,178.0,178.0,178.0,178.0,178.0,178.0,178.0
UNIONBANK,VWAP,,,,,,,,,,,,,,,,,,,,,,,,,,,,,,,,
UNIONBANK,CASH VOL,7422504,8544176,1388720,52.61,40.37,,,,,,,,,,,,,,,,,,,,,,,,,,,
UNIONBANK,F&O VOL,18714,26881,,,,,,,,,18714,18714,18714,18714,18714,18714,18714,18714,18714,18714,18714,18714,18714,18714,18714,18714,18714,18714,18714,18714,18714,18714
UNIONBANK,F&O OI,41899,41899,,,,,,,,,43530,43530,43530,43530,43530,43530,43530,43530,43530,43530,43530,43530,43530,43530,43530,43530,43530,43530,43530,43530,43530,43530
UNIONBANK,CALL VOL,7269,8465,,,,,,,,,7269,7269,7269,7269,7269,,7269,7269,,7269,7269,,7269,7269,,7269,7269,7269,7269,,7269,7269
UNIONBANK,CALL OI,5739,5739,,,,,,,,,6372,6372,6372,6372,6372,,6372,6372,,6372,6372,,6372,6372,,6372,6372,6372,6372,,6372,6372
UNIONBANK,PUT VOL,6721,8078,,,,,,,,,6721,6721,6721,6721,6721,,6721,6721,,6721,6721,,6721,6721,,6721,6721,6721,6721,,6721,6721
UNIONBANK,PUT OI,6647,6647,,,,,,,,,7627,7627,7627,7627,7627,,7627,7627,,7627,7627,,7627,7627,,7627,7627,7627,7627,,7627,7627
UNITDSPR,PRICE,1395.0,1400.0,,,,,1395.75,1395.25,1470.5,1468.1,1395.0,1395.0,1395.0,1395.0,1395.0,1395.0,1395.0,1395.0,1395.0,1395.0,1395.0,1395.0,1395.0,1395.0,1395.0,1395.0,1395.0,1395.0,1395.0,1395.0,1395.0,1395.0
UNITDSPR,VWAP,,,,,,,,,,,,,,,,,,,,,,,,,,,,,,,,
UNITDSPR,CASH VOL,552853,432902,182106,57.5,67.87,,,,,,,,,,,,,,,,,,,,,,,,,,,
UNITDSPR,F&O VOL,7036,8171,,,,,,,,,7036,7036,7036,7036,7036,7036,7036,7036,7036,7036,7036,7036,7036,7036,7036,7036,7036,7036,7036,7036,7036,7036
UNITDSPR,F&O OI,29335,29335,,,,,,,,,29743,29743,29743,29743,29743,29743,29743,29743,29743,29743,29743,29743,29743,29743,29743,29743,29743,29743,29743,29743,29743,29743
UNITDSPR,CALL VOL,3044,2887,,,,,,,,,3044,3044,3044,3044,3044,,3044,3044,,3044,3044,,3044,3044,,3044,3044,3044,3044,,3044,3044
UNITDSPR,CALL OI,2139,2139,,,,,,,,,2428,2428,2428,2428,2428,,2428,2428,,2428,2428,,2428,2428,,2428,2428,2428,2428,,2428,2428
UNITDSPR,PUT VOL,1350,1762,,,,,,,,,1350,1350,1350,1350,1350,,1350,1350,,1350,1350,,1350,1350,,1350,1350,1350,1350,,1350,1350
UNITDSPR,PUT OI,2130,2130,,,,,,,,,2211,2211,2211,2211,2211,,2211,2211,,2211,2211,,2211,2211,,2211,2211,2211,2211,,2211,2211
UNOMINDA,PRICE,1201.6,1224.8,,,,,1208.55,1203.92,1250.15,1249.85,1201.0,1201.0,1201.0,1201.0,1201.0,1201.0,1201.0,1201.0,1201.0,1201.0,1201.0,1201.0,1201.0,1201.0,1201.0,1201.0,1201.0,1201.0,1201.0,1201.0,1201.0,1201.0
UNOMINDA,VWAP,,,,,,,,,,,,,,,,,,,,,,,,,,,,,,,,
UNOMINDA,CASH VOL,374682,474437,75066,50.67,61.96,,,,,,,,,,,,,,,,,,,,,,,,,,,
UNOMINDA,F&O VOL,6019,5467,,,,,,,,,6019,6019,6019,6019,6019,6019,6019,6019,6019,6019,6019,6019,6019,6019,6019,6019,6019,6019,6019,6019,6019,6019
UNOMINDA,F&O OI,14965,14965,,,,,,,,,15194,15194,15194,15194,15194,15194,15194,15194,15194,15194,15194,15194,15194,15194,15194,15194,15194,15194,15194,15194,15194,15194
UNOMINDA,CALL VOL,2018,1418,,,,,,,,,2018,2018,2018,2018,2018,,2018,2018,,2018,2018,,2018,2018,,2018,2018,2018,2018,,2018,2018
UNOMINDA,CALL OI,2453,2453,,,,,,,,,2623,2623,2623,2623,2623,,2623,2623,,2623,2623,,2623,2623,,2623,2623,2623,2623,,2623,2623
UNOMINDA,PUT VOL,2132,2668,,,,,,,,,2132,2132,2132,2132,2132,,2132,2132,,2132,2132,,2132,2132,,2132,2132,2132,2132,,2132,2132
UNOMINDA,PUT OI,2151,2151,,,,,,,,,2013,2013,2013,2013,2013,,2013,2013,,2013,2013,,2013,2013,,2013,2013,2013,2013,,2013,2013
UPL,PRICE,572.95,575.3,,,,,572.83,572.6,579.71,574.83,572.0,572.0,572.0,572.0,572.0,572.0,572.0,572.0,572.0,572.0,572.0,572.0,572.0,572.0,572.0,572.0,572.0,572.0,572.0,572.0,572.0,572.0
UPL,VWAP,,,,,,,,,,,,,,,,,,,,,,,,,,,,,,,,
UPL,CASH VOL,1449635,1242223,527357,56.61,64.38,,,,,,,,,,,,,,,,,,,,,,,,,,,
UPL,F&O VOL,6583,3078,,,,,,,,,6583,6583,6583,6583,6583,6583,6583,6583,6583,6583,6583,6583,6583,6583,6583,6583,6583,6583,6583,6583,6583,6583
UPL,F&O OI,33168,33168,,,,,,,,,33352,33352,33352,33352,33352,33352,33352,33352,33352,33352,33352,33352,33352,33352,33352,33352,33352,33352,33352,33352,33352,33352
UPL,CALL VOL,2789,1469,,,,,,,,,2789,2789,2789,2789,2789,,2789,2789,,2789,2789,,2789,2789,,2789,2789,2789,2789,,2789,2789
UPL,CALL OI,4706,4706,,,,,,,,,4793,4793,4793,4793,4793,,4793,4793,,4793,4793,,4793,4793,,4793,4793,4793,4793,,4793,4793
UPL,PUT VOL,1583,863,,,,,,,,,1583,1583,1583,1583,1583,,1583,1583,,1583,1583,,1583,1583,,1583,1583,1583,1583,,1583,1583
UPL,PUT OI,4159,4159,,,,,,,,,4273,4273,4273,4273,4273,,4273,4273,,4273,4273,,4273,4273,,4273,4273,4273,4273,,4273,4273
VBL,PRICE,416.5,410.5,,,,,414.36,410.07,408.73,407.98,416.0,416.0,416.0,416.0,416.0,416.0,416.0,416.0,416.0,416.0,416.0,416.0,416.0,416.0,416.0,416.0,416.0,416.0,416.0,416.0,416.0,416.0
VBL,VWAP,,,,,,,,,,,,,,,,,,,,,,,,,,,,,,,,
VBL,CASH VOL,9719304,7713560,5552714,56.87,48.18,,,,,,,,,,,,,,,,,,,,,,,,,,,
VBL,F&O VOL,40298,39205,,,,,,,,,40298,40298,40298,40298,40298,40298,40298,40298,40298,40298,40298,40298,40298,40298,40298,40298,40298,40298,40298,40298,40298,40298
VBL,F&O OI,100450,100450,,,,,,,,,101338,101338,101338,101338,101338,101338,101338,101338,101338,101338,101338,101338,101338,101338,101338,101338,101338,101338,101338,101338,101338,101338
VBL,CALL VOL,22448,25116,,,,,,,,,22448,22448,22448,22448,22448,,22448,22448,,22448,22448,,22448,22448,,22448,22448,22448,22448,,22448,22448
VBL,CALL OI,24681,24681,,,,,,,,,23319,23319,23319,23319,23319,,23319,23319,,23319,23319,,23319,23319,,23319,23319,23319,23319,,23319,23319
VBL,PUT VOL,9263,7510,,,,,,,,,9263,9263,9263,9263,9263,,9263,9263,,9263,9263,,9263,9263,,9263,9263,9263,9263,,9263,9263
VBL,PUT OI,13315,13315,,,,,,,,,13068,13068,13068,13068,13068,,13068,13068,,13068,13068,,13068,13068,,13068,13068,13068,13068,,13068,13068
VEDL,PRICE,263.7,269.05,,,,,262.69,260.68,271.82,271.25,263.0,263.0,263.0,263.0,263.0,263.0,263.0,263.0,263.0,263.0,263.0,263.0,263.0,263.0,263.0,263.0,263.0,263.0,263.0,263.0,263.0,263.0
VEDL,VWAP,,,,,,,,,,,,,,,,,,,,,,,,,,,,,,,,
VEDL,CASH VOL,11843976,4834991,2491283,51.49,57.77,,,,,,,,,,,,,,,,,,,,,,,,,,,
VEDL,F&O VOL,83650,17624,,,,,,,,,83650,83650,83650,83650,83650,83650,83650,83650,83650,83650,83650,83650,83650,83650,83650,83650,83650,83650,83650,83650,83650,83650
VEDL,F&O OI,113843,113843,,,,,,,,,115729,115729,115729,115729,115729,115729,115729,115729,115729,115729,115729,115729,115729,115729,115729,115729,115729,115729,115729,115729,115729,115729
VEDL,CALL VOL,36414,8673,,,,,,,,,36414,36414,36414,36414,36414,,36414,36414,,36414,36414,,36414,36414,,36414,36414,36414,36414,,36414,36414
VEDL,CALL OI,18120,18120,,,,,,,,,19327,19327,19327,19327,19327,,19327,19327,,19327,19327,,19327,19327,,19327,19327,19327,19327,,19327,19327
VEDL,PUT VOL,27831,3704,,,,,,,,,27831,27831,27831,27831,27831,,27831,27831,,27831,27831,,27831,27831,,27831,27831,27831,27831,,27831,27831
VEDL,PUT OI,15515,15515,,,,,,,,,17742,17742,17742,17742,17742,,17742,17742,,17742,17742,,17742,17742,,17742,17742,17742,17742,,17742,17742
VMM,PRICE,101.71,103.4,,,,,101.86,101.76,107.35,106.54,101.0,101.0,101.0,101.0,101.0,101.0,101.0,101.0,101.0,101.0,101.0,101.0,101.0,101.0,101.0,101.0,101.0,101.0,101.0,101.0,101.0,101.0
VMM,VWAP,,,,,,,,,,,,,,,,,,,,,,,,,,,,,,,,
VMM,CASH VOL,7712844,4752690,2142798,57.43,44.19,,,,,,,,,,,,,,,,,,,,,,,,,,,
VMM,F&O VOL,4625,4200,,,,,,,,,4625,4625,4625,4625,4625,4625,4625,4625,4625,4625,4625,4625,4625,4625,4625,4625,4625,4625,4625,4625,4625,4625
VMM,F&O OI,22912,22912,,,,,,,,,23522,23522,23522,23522,23522,23522,23522,23522,23522,23522,23522,23522,23522,23522,23522,23522,23522,23522,23522,23522,23522,23522
VMM,CALL VOL,2172,1802,,,,,,,,,2172,2172,2172,2172,2172,,2172,2172,,2172,2172,,2172,2172,,2172,2172,2172,2172,,2172,2172
VMM,CALL OI,4310,4310,,,,,,,,,4692,4692,4692,4692,4692,,4692,4692,,4692,4692,,4692,4692,,4692,4692,4692,4692,,4692,4692
VMM,PUT VOL,760,756,,,,,,,,,760,760,760,760,760,,760,760,,760,760,,760,760,,760,760,760,760,,760,760
VMM,PUT OI,3442,3442,,,,,,,,,3437,3437,3437,3437,3437,,3437,3437,,3437,3437,,3437,3437,,3437,3437,3437,3437,,3437,3437
VOLTAS,PRICE,1165.0,1158.5,,,,,1161.17,1153.5,1175.45,1171.82,1165.0,1165.0,1165.0,1165.0,1165.0,1165.0,1165.0,1165.0,1165.0,1165.0,1165.0,1165.0,1165.0,1165.0,1165.0,1165.0,1165.0,1165.0,1165.0,1165.0,1165.0,1165.0
VOLTAS,VWAP,,,,,,,,,,,,,,,,,,,,,,,,,,,,,,,,
VOLTAS,CASH VOL,762254,517423,152673,46.42,40.75,,,,,,,,,,,,,,,,,,,,,,,,,,,
VOLTAS,F&O VOL,28269,18890,,,,,,,,,28269,28269,28269,28269,28269,28269,28269,28269,28269,28269,28269,28269,28269,28269,28269,28269,28269,28269,28269,28269,28269,28269
VOLTAS,F&O OI,59879,59879,,,,,,,,,58910,58910,58910,58910,58910,58910,58910,58910,58910,58910,58910,58910,58910,58910,58910,58910,58910,58910,58910,58910,58910,58910
VOLTAS,CALL VOL,15577,10963,,,,,,,,,15577,15577,15577,15577,15577,,15577,15577,,15577,15577,,15577,15577,,15577,15577,15577,15577,,15577,15577
VOLTAS,CALL OI,9491,9491,,,,,,,,,9474,9474,9474,9474,9474,,9474,9474,,9474,9474,,9474,9474,,9474,9474,9474,9474,,9474,9474
VOLTAS,PUT VOL,6650,4419,,,,,,,,,6650,6650,6650,6650,6650,,6650,6650,,6650,6650,,6650,6650,,6650,6650,6650,6650,,6650,6650
VOLTAS,PUT OI,9041,9041,,,,,,,,,8797,8797,8797,8797,8797,,8797,8797,,8797,8797,,8797,8797,,8797,8797,8797,8797,,8797,8797
WAAREEENER,PRICE,2625.0,2548.0,,,,,2608.35,2575.05,2623.75,2601.25,2625.0,2625.0,2625.0,2625.0,2625.0,2625.0,2625.0,2625.0,2625.0,2625.0,2625.0,2625.0,2625.0,2625.0,2625.0,2625.0,2625.0,2625.0,2625.0,2625.0,2625.0,2625.0
WAAREEENER,VWAP,,,,,,,,,,,,,,,,,,,,,,,,,,,,,,,,
WAAREEENER,CASH VOL,1067044,629037,496929,49.28,53.47,,,,,,,,,,,,,,,,,,,,,,,,,,,
WAAREEENER,F&O VOL,42244,16019,,,,,,,,,42244,42244,42244,42244,42244,42244,42244,42244,42244,42244,42244,42244,42244,42244,42244,42244,42244,42244,42244,42244,42244,42244
WAAREEENER,F&O OI,62941,62941,,,,,,,,,62476,62476,62476,62476,62476,62476,62476,62476,62476,62476,62476,62476,62476,62476,62476,62476,62476,62476,62476,62476,62476,62476
WAAREEENER,CALL VOL,29586,11134,,,,,,,,,29586,29586,29586,29586,29586,,29586,29586,,29586,29586,29586,29586,29586,,29586,29586,29586,29586,,29586,29586
WAAREEENER,CALL OI,12413,12413,,,,,,,,,10995,10995,10995,10995,10995,,10995,10995,,10995,10995,10995,10995,10995,,10995,10995,10995,10995,,10995,10995
WAAREEENER,PUT VOL,6391,2296,,,,,,,,,6391,6391,6391,6391,6391,,6391,6391,,6391,6391,6391,6391,6391,,6391,6391,6391,6391,,6391,6391
WAAREEENER,PUT OI,5896,5896,,,,,,,,,6029,6029,6029,6029,6029,,6029,6029,,6029,6029,6029,6029,6029,,6029,6029,6029,6029,,6029,6029
WIPRO,PRICE,167.4,166.3,,,,,167.08,166.45,178.06,176.95,167.0,167.0,167.0,167.0,167.0,167.0,167.0,167.0,167.0,167.0,167.0,167.0,167.0,167.0,167.0,167.0,167.0,167.0,167.0,167.0,167.0,167.0
WIPRO,VWAP,,,,,,,,,,,,,,,,,,,,,,,,,,,,,,,,
WIPRO,CASH VOL,8484897,9586645,2086550,45.78,41.57,,,,,,,,,,,,,,,,,,,,,,,,,,,
WIPRO,F&O VOL,34177,42317,,,,,,,,,34177,34177,34177,34177,34177,34177,34177,34177,34177,34177,34177,34177,34177,34177,34177,34177,34177,34177,34177,34177,34177,34177
WIPRO,F&O OI,133192,133192,,,,,,,,,136321,136321,136321,136321,136321,136321,136321,136321,136321,136321,136321,136321,136321,136321,136321,136321,136321,136321,136321,136321,136321,136321
WIPRO,CALL VOL,14988,17033,,,,,,,,,14988,14988,14988,14988,14988,,14988,14988,,14988,14988,,14988,14988,,14988,14988,14988,14988,,14988,14988
WIPRO,CALL OI,15911,15911,,,,,,,,,16673,16673,16673,16673,16673,,16673,16673,,16673,16673,,16673,16673,,16673,16673,16673,16673,,16673,16673
WIPRO,PUT VOL,7735,12560,,,,,,,,,7735,7735,7735,7735,7735,,7735,7735,,7735,7735,,7735,7735,,7735,7735,7735,7735,,7735,7735
WIPRO,PUT OI,13185,13185,,,,,,,,,13648,13648,13648,13648,13648,,13648,13648,,13648,13648,,13648,13648,,13648,13648,13648,13648,,13648,13648
YESBANK,PRICE,23.48,22.3,,,,,23.32,23.01,22.41,22.22,23.0,23.0,23.0,23.0,23.0,23.0,23.0,23.0,23.0,23.0,23.0,23.0,23.0,23.0,23.0,23.0,23.0,23.0,23.0,23.0,23.0,23.0
YESBANK,VWAP,,,,,,,,,,,,,,,,,,,,,,,,,,,,,,,,
YESBANK,CASH VOL,234792571,47990386,47952054,38.64,44.13,,,,,,,,,,,,,,,,,,,,,,,,,,,
YESBANK,F&O VOL,80936,7930,,,,,,,,,80936,80936,80936,80936,80936,80936,80936,80936,80936,80936,80936,80936,80936,80936,80936,80936,80936,80936,80936,80936,80936,80936
YESBANK,F&O OI,56141,56141,,,,,,,,,62157,62157,62157,62157,62157,62157,62157,62157,62157,62157,62157,62157,62157,62157,62157,62157,62157,62157,62157,62157,62157,62157
YESBANK,CALL VOL,52344,4458,,,,,,,,,52344,52344,52344,52344,52344,,52344,52344,,52344,52344,,52344,52344,,52344,52344,52344,52344,,52344,52344
YESBANK,CALL OI,9465,9465,,,,,,,,,13354,13354,13354,13354,13354,,13354,13354,,13354,13354,,13354,13354,,13354,13354,13354,13354,,13354,13354
YESBANK,PUT VOL,16149,1475,,,,,,,,,16149,16149,16149,16149,16149,,16149,16149,,16149,16149,,16149,16149,,16149,16149,16149,16149,,16149,16149
YESBANK,PUT OI,6863,6863,,,,,,,,,7864,7864,7864,7864,7864,,7864,7864,,7864,7864,,7864,7864,,7864,7864,7864,7864,,7864,7864
ZYDUSLIFE,PRICE,1119.1,1117.8,,,,,1120.05,1119.42,1146.95,1128.98,1119.0,1119.0,1119.0,1119.0,1119.0,1119.0,1119.0,1119.0,1119.0,1119.0,1119.0,1119.0,1119.0,1119.0,1119.0,1119.0,1119.0,1119.0,1119.0,1119.0,1119.0,1119.0
ZYDUSLIFE,VWAP,,,,,,,,,,,,,,,,,,,,,,,,,,,,,,,,
ZYDUSLIFE,CASH VOL,1038797,937267,208078,48.46,59.46,,,,,,,,,,,,,,,,,,,,,,,,,,,
ZYDUSLIFE,F&O VOL,12441,6151,,,,,,,,,12441,12441,12441,12441,12441,12441,12441,12441,12441,12441,12441,12441,12441,12441,12441,12441,12441,12441,12441,12441,12441,12441
ZYDUSLIFE,F&O OI,22294,22294,,,,,,,,,22603,22603,22603,22603,22603,22603,22603,22603,22603,22603,22603,22603,22603,22603,22603,22603,22603,22603,22603,22603,22603,22603
ZYDUSLIFE,CALL VOL,4174,1753,,,,,,,,,4174,4174,4174,4174,4174,,4174,4174,,4174,4174,,4174,4174,,4174,4174,4174,4174,,4174,4174
ZYDUSLIFE,CALL OI,1895,1895,,,,,,,,,1998,1998,1998,1998,1998,,1998,1998,,1998,1998,,1998,1998,,1998,1998,1998,1998,,1998,1998
ZYDUSLIFE,PUT VOL,2318,1101,,,,,,,,,2318,2318,2318,2318,2318,,2318,2318,,2318,2318,,2318,2318,,2318,2318,2318,2318,,2318,2318
ZYDUSLIFE,PUT OI,2116,2116,,,,,,,,,2235,2235,2235,2235,2235,,2235,2235,,2235,2235,,2235,2235,,2235,2235,2235,2235,,2235,2235
