Symbol,Metric,PrevDay,PrevDay2,PrevLastHr,DelivPct,DelivPctPrev,Open,dTC,dBC,wTC,wBC,09:20,09:30,09:40
360ONE,PRICE,1029.2,1045.0,,,,1029.2,1035.75,1031.38,1092.15,1079.38,1033.0,1039.0,1037.0
360ONE,VWAP,,,,,,,,,,,1038.53,1039.66,1039.5
360ONE,CASH VOL,2488489,575628,586957,51.88,48.42,,,,,,67814,111630,138230
360ONE,F&O VOL,16904,21411,,,,,,,,,284,632,1051
360ONE,F&O OI,12847,19644,,,,,,,,,12923,12956,13027
360ONE,CALL VOL,1250,1519,,,,,,,,,86,229,450
360ONE,CALL OI,1758,1561,,,,,,,,,1783,1817,1852
360ONE,PUT VOL,763,1375,,,,,,,,,116,192,263
360ONE,PUT OI,1774,1663,,,,,,,,,1823,1825,1849
360ONE,CALL SPRD,,,,,,,,,,,,,
360ONE,PUT SPRD,,,,,,,,,,,,,
ABB,PRICE,6660.5,6972.5,,,,6801.0,6806.75,6709.25,7215.25,7106.75,6856.0,6902.0,6903.0
ABB,VWAP,,,,,,,,,,,6828.83,6858.57,6875.06
ABB,CASH VOL,213768,209202,70843,48.9,52.76,,,,,,18470,37888,51109
ABB,F&O VOL,30618,37858,,,,,,,,,951,3444,6497
ABB,F&O OI,20410,31979,,,,,,,,,20675,21097,21645
ABB,CALL VOL,2776,2486,,,,,,,,,513,1884,3917
ABB,CALL OI,2200,1783,,,,,,,,,2344,2535,2929
ABB,PUT VOL,2338,2242,,,,,,,,,114,557,907
ABB,PUT OI,3279,2851,,,,,,,,,3319,3457,3571
ABB,CALL SPRD,,,,,,,,,,,,,
ABB,PUT SPRD,,,,,,,,,,,,,
ABCAPITAL,PRICE,378.0,382.7,,,,380.15,379.52,378.51,395.12,391.71,383.0,383.0,380.0
ABCAPITAL,VWAP,,,,,,,,,,,382.38,383.23,382.94
ABCAPITAL,CASH VOL,4503197,1840670,1253982,61.41,49.07,,,,,,184919,266514,339407
ABCAPITAL,F&O VOL,12604,17773,,,,,,,,,118,434,774
ABCAPITAL,F&O OI,18279,23380,,,,,,,,,18295,18293,18403
ABCAPITAL,CALL VOL,1653,969,,,,,,,,,69,224,313
ABCAPITAL,CALL OI,1426,1183,,,,,,,,,1651,1641,1449
ABCAPITAL,PUT VOL,1668,1127,,,,,,,,,17,70,156
ABCAPITAL,PUT OI,2200,1772,,,,,,,,,2302,2317,2223
ABCAPITAL,CALL SPRD,,,,,,,,,,,,,
ABCAPITAL,PUT SPRD,,,,,,,,,,,,,
ADANIENSOL,PRICE,1305.8,1287.9,,,,1319.0,1304.4,1301.6,1373.7,1350.23,1314.0,1336.0,1323.0
ADANIENSOL,VWAP,,,,,,,,,,,1317.73,1328.68,1328.83
ADANIENSOL,CASH VOL,2592098,1230234,778238,53.56,43.55,,,,,,103256,236703,330154
ADANIENSOL,F&O VOL,25719,29148,,,,,,,,,239,1113,1482
ADANIENSOL,F&O OI,38933,50803,,,,,,,,,38971,38990,38982
ADANIENSOL,CALL VOL,3820,1128,,,,,,,,,84,599,688
ADANIENSOL,CALL OI,2209,1349,,,,,,,,,2228,2285,2196
ADANIENSOL,PUT VOL,960,491,,,,,,,,,19,135,220
ADANIENSOL,PUT OI,781,601,,,,,,,,,785,759,792
ADANIENSOL,CALL SPRD,,,,,,,,,,,,,
ADANIENSOL,PUT SPRD,,,,,,,,,,,,,
ADANIENT,PRICE,2972.9,2831.1,,,,2910.0,2943.03,2883.3,2962.15,2931.72,2916.0,2933.0,2921.0
ADANIENT,VWAP,,,,,,,,,,,2923.07,2936.68,2933.74
ADANIENT,CASH VOL,4062231,1259525,1959168,67.72,42.4,,,,,,166493,335929,426358
ADANIENT,F&O VOL,116698,132106,,,,,,,,,3990,10406,13074
ADANIENT,F&O OI,77395,100816,,,,,,,,,77482,77795,77706
ADANIENT,CALL VOL,31621,10623,,,,,,,,,1982,5864,6591
ADANIENT,CALL OI,11564,8148,,,,,,,,,12812,12838,11515
ADANIENT,PUT VOL,16413,9789,,,,,,,,,1176,3008,3775
ADANIENT,PUT OI,7321,5428,,,,,,,,,8495,8714,7693
ADANIENT,CALL SPRD,,,,,,,,,,,,,
ADANIENT,PUT SPRD,,,,,,,,,,,,,
ADANIGREEN,PRICE,1260.0,1235.0,,,,1250.4,1253.93,1241.8,1301.1,1298.1,1256.0,1278.0,1269.0
ADANIGREEN,VWAP,,,,,,,,,,,1260.47,1275.0,1274.07
ADANIGREEN,CASH VOL,1615165,1819424,444995,41.28,36.92,,,,,,54647,172608,294751
ADANIGREEN,F&O VOL,37312,64444,,,,,,,,,307,2469,3215
ADANIGREEN,F&O OI,48600,58783,,,,,,,,,48629,49046,49148
ADANIGREEN,CALL VOL,4949,2235,,,,,,,,,118,1510,1919
ADANIGREEN,CALL OI,2496,1713,,,,,,,,,2382,2902,2942
ADANIGREEN,PUT VOL,2420,2036,,,,,,,,,19,226,410
ADANIGREEN,PUT OI,2161,1485,,,,,,,,,2376,2213,2236
ADANIGREEN,CALL SPRD,,,,,,,,,,,,,
ADANIGREEN,PUT SPRD,,,,,,,,,,,,,
ADANIPORTS,PRICE,1822.0,1743.7,,,,1793.5,1808.07,1780.2,1789.7,1788.57,1791.0,1789.0,1784.0
ADANIPORTS,VWAP,,,,,,,,,,,1790.9,1795.17,1793.48
ADANIPORTS,CASH VOL,4214197,1262576,2512975,70.77,56.87,,,,,,270718,576522,696305
ADANIPORTS,F&O VOL,63117,70922,,,,,,,,,1892,5819,7728
ADANIPORTS,F&O OI,48166,70467,,,,,,,,,48409,48935,49004
ADANIPORTS,CALL VOL,12573,4326,,,,,,,,,931,2369,3113
ADANIPORTS,CALL OI,4965,4540,,,,,,,,,5601,5206,5304
ADANIPORTS,PUT VOL,6591,4732,,,,,,,,,529,1331,1857
ADANIPORTS,PUT OI,5412,4384,,,,,,,,,5556,5539,5488
ADANIPORTS,CALL SPRD,,,,,,,,,,,,,
ADANIPORTS,PUT SPRD,,,,,,,,,,,,,
ADANIPOWER,PRICE,196.3,196.14,,,,198.69,196.25,196.14,203.32,202.94,199.0,201.0,200.0
ADANIPOWER,VWAP,,,,,,,,,,,199.52,200.81,200.84
ADANIPOWER,CASH VOL,33801685,22266269,10297602,49.11,52.15,,,,,,1230190,3054212,3719119
ADANIPOWER,F&O VOL,66501,77809,,,,,,,,,874,4552,6154
ADANIPOWER,F&O OI,74240,89197,,,,,,,,,74500,74816,75024
ADANIPOWER,CALL VOL,,,,,,,,,,,437,2390,3083
ADANIPOWER,CALL OI,4491,,,,,,,,,,4545,4607,4734
ADANIPOWER,PUT VOL,,,,,,,,,,,207,712,890
ADANIPOWER,PUT OI,3923,,,,,,,,,,3978,4073,4097
ADANIPOWER,CALL SPRD,,,,,,,,,,,,,
ADANIPOWER,PUT SPRD,,,,,,,,,,,,,
ALKEM,PRICE,5250.0,5175.0,,,,5249.5,5243.08,5229.25,5342.0,5296.67,5210.0,5238.0,5223.0
ALKEM,VWAP,,,,,,,,,,,5245.67,5245.19,5242.0
ALKEM,CASH VOL,244410,101714,160950,51.82,51.37,,,,,,8972,11640,13560
ALKEM,F&O VOL,10944,22688,,,,,,,,,699,1251,1510
ALKEM,F&O OI,16318,20017,,,,,,,,,16566,16672,16678
ALKEM,CALL VOL,1210,177,,,,,,,,,475,871,875
ALKEM,CALL OI,333,127,,,,,,,,,800,861,615
ALKEM,PUT VOL,642,614,,,,,,,,,75,157,213
ALKEM,PUT OI,451,317,,,,,,,,,466,501,492
ALKEM,CALL SPRD,,,,,,,,,,,,,
ALKEM,PUT SPRD,,,,,,,,,,,,,
AMBER,PRICE,6606.5,6990.0,,,,6639.0,6803.75,6672.25,7045.25,6988.42,6659.0,6766.0,6724.0
AMBER,VWAP,,,,,,,,,,,6686.5,6741.35,6742.41
AMBER,CASH VOL,286219,124117,121474,44.08,34.49,,,,,,12780,35129,41560
AMBER,F&O VOL,33506,38232,,,,,,,,,777,3688,4452
AMBER,F&O OI,17850,27819,,,,,,,,,18066,18624,18723
AMBER,CALL VOL,4064,2006,,,,,,,,,438,2092,2264
AMBER,CALL OI,2374,1465,,,,,,,,,2566,3167,2882
AMBER,PUT VOL,4043,1000,,,,,,,,,98,834,1023
AMBER,PUT OI,1694,1064,,,,,,,,,1708,1988,1952
AMBER,CALL SPRD,,,,,,,,,,,,,
AMBER,PUT SPRD,,,,,,,,,,,,,
AMBUJACEM,PRICE,365.75,374.35,,,,369.0,369.68,367.06,388.82,385.48,370.0,373.0,374.0
AMBUJACEM,VWAP,,,,,,,,,,,372.07,373.53,373.65
AMBUJACEM,CASH VOL,1769537,1653664,564320,46.81,46.3,,,,,,53300,126363,209976
AMBUJACEM,F&O VOL,43250,61019,,,,,,,,,520,1295,1783
AMBUJACEM,F&O OI,92444,107206,,,,,,,,,92492,92587,92704
AMBUJACEM,CALL VOL,4366,3218,,,,,,,,,292,756,964
AMBUJACEM,CALL OI,4156,2827,,,,,,,,,4159,4266,4336
AMBUJACEM,PUT VOL,2355,1578,,,,,,,,,34,140,246
AMBUJACEM,PUT OI,2467,1854,,,,,,,,,2469,2499,2553
AMBUJACEM,CALL SPRD,,,,,,,,,,,,,
AMBUJACEM,PUT SPRD,,,,,,,,,,,,,
ANGELONE,PRICE,273.5,279.2,,,,274.25,276.75,274.58,294.25,290.08,276.0,276.0,275.0
ANGELONE,VWAP,,,,,,,,,,,276.1,276.78,276.73
ANGELONE,CASH VOL,4376351,4741372,1186172,41.56,30.25,,,,,,192331,391501,491860
ANGELONE,F&O VOL,21560,33059,,,,,,,,,324,773,1042
ANGELONE,F&O OI,19786,27926,,,,,,,,,19858,19952,20028
ANGELONE,CALL VOL,2904,1874,,,,,,,,,138,355,423
ANGELONE,CALL OI,2425,1655,,,,,,,,,2482,2535,2557
ANGELONE,PUT VOL,1874,2143,,,,,,,,,66,141,204
ANGELONE,PUT OI,2352,1762,,,,,,,,,2362,2390,2409
ANGELONE,CALL SPRD,,,,,,,,,,,,,
ANGELONE,PUT SPRD,,,,,,,,,,,,,
APLAPOLLO,PRICE,2188.6,2197.0,,,,2201.9,2194.95,2190.72,2207.67,2193.6,2195.0,2210.0,2212.0
APLAPOLLO,VWAP,,,,,,,,,,,2205.13,2208.76,2209.77
APLAPOLLO,CASH VOL,639577,319967,195604,63.43,60.22,,,,,,24865,42386,56149
APLAPOLLO,F&O VOL,30106,29276,,,,,,,,,408,1119,2440
APLAPOLLO,F&O OI,46702,55166,,,,,,,,,46889,47118,47417
APLAPOLLO,CALL VOL,2508,1119,,,,,,,,,161,582,1105
APLAPOLLO,CALL OI,1577,1083,,,,,,,,,1930,1734,1802
APLAPOLLO,PUT VOL,1208,823,,,,,,,,,0,81,366
APLAPOLLO,PUT OI,1131,712,,,,,,,,,1690,1149,1252
APLAPOLLO,CALL SPRD,,,,,,,,,,,,,
APLAPOLLO,PUT SPRD,,,,,,,,,,,,,
APOLLOHOSP,PRICE,8659.0,8860.0,,,,8582.0,8781.75,8699.92,8946.0,8908.0,8620.0,8438.0,8246.0
APOLLOHOSP,VWAP,,,,,,,,,,,8595.0,8517.21,8391.82
APOLLOHOSP,CASH VOL,609210,429429,191149,66.29,66.35,,,,,,35950,85965,183106
APOLLOHOSP,F&O VOL,38980,41598,,,,,,,,,2677,14050,33612
APOLLOHOSP,F&O OI,27007,36824,,,,,,,,,27430,29857,33658
APOLLOHOSP,CALL VOL,9810,4314,,,,,,,,,1256,3322,4490
APOLLOHOSP,CALL OI,409,2411,,,,,,,,,2877,2041,1785
APOLLOHOSP,PUT VOL,6975,3243,,,,,,,,,1126,5734,14726
APOLLOHOSP,PUT OI,1959,1997,,,,,,,,,2997,3161,3672
APOLLOHOSP,CALL SPRD,,,,,,,,,,,,,
APOLLOHOSP,PUT SPRD,,,,,,,,,,,,,
ASHOKLEY,PRICE,153.44,155.22,,,,154.41,153.99,153.62,160.15,159.44,154.0,155.0,154.0
ASHOKLEY,VWAP,,,,,,,,,,,154.72,155.36,155.31
ASHOKLEY,CASH VOL,14351744,12214126,3594286,52.26,57.64,,,,,,1233002,2680479,3329596
ASHOKLEY,F&O VOL,47663,45662,,,,,,,,,795,2409,3457
ASHOKLEY,F&O OI,43186,59615,,,,,,,,,43373,43460,43534
ASHOKLEY,CALL VOL,5569,3731,,,,,,,,,442,1068,1396
ASHOKLEY,CALL OI,4720,3213,,,,,,,,,4792,4771,4824
ASHOKLEY,PUT VOL,6148,4030,,,,,,,,,122,355,565
ASHOKLEY,PUT OI,6049,4373,,,,,,,,,6064,6136,6142
ASHOKLEY,CALL SPRD,,,,,,,,,,,,,
ASHOKLEY,PUT SPRD,,,,,,,,,,,,,
ASIANPAINT,PRICE,2415.0,2420.0,,,,2410.0,2411.05,2403.15,2440.35,2433.05,2414.0,2420.0,2411.0
ASIANPAINT,VWAP,,,,,,,,,,,2420.03,2421.55,2418.78
ASIANPAINT,CASH VOL,909789,1097754,490254,68.42,73.2,,,,,,18653,28876,44658
ASIANPAINT,F&O VOL,39183,54767,,,,,,,,,562,1719,4312
ASIANPAINT,F&O OI,39293,60742,,,,,,,,,39399,39488,40593
ASIANPAINT,CALL VOL,6054,3682,,,,,,,,,296,852,1483
ASIANPAINT,CALL OI,3655,2341,,,,,,,,,3724,3833,3963
ASIANPAINT,PUT VOL,4790,2773,,,,,,,,,123,371,618
ASIANPAINT,PUT OI,2159,1716,,,,,,,,,2190,2171,2235
ASIANPAINT,CALL SPRD,,,,,,,,,,,,,
ASIANPAINT,PUT SPRD,,,,,,,,,,,,,
ASTRAL,PRICE,1375.0,1370.5,,,,1376.0,1371.78,1365.35,1403.85,1400.62,1371.0,1379.0,1376.0
ASTRAL,VWAP,,,,,,,,,,,1375.33,1379.16,1376.32
ASTRAL,CASH VOL,933913,233641,248351,58.72,45.5,,,,,,4432,10438,28783
ASTRAL,F&O VOL,18175,19556,,,,,,,,,224,509,1206
ASTRAL,F&O OI,15406,26429,,,,,,,,,15433,15446,15587
ASTRAL,CALL VOL,3050,441,,,,,,,,,135,280,649
ASTRAL,CALL OI,964,399,,,,,,,,,991,988,1016
ASTRAL,PUT VOL,1550,397,,,,,,,,,74,133,334
ASTRAL,PUT OI,1094,680,,,,,,,,,1103,1113,1184
ASTRAL,CALL SPRD,,,,,,,,,,,,,
ASTRAL,PUT SPRD,,,,,,,,,,,,,
AUBANK,PRICE,1005.2,995.3,,,,1001.9,1001.75,994.85,1026.4,1020.8,998.0,999.0,1001.0
AUBANK,VWAP,,,,,,,,,,,998.37,999.38,999.82
AUBANK,CASH VOL,1870471,1347711,978080,60.06,61.6,,,,,,58504,99247,133512
AUBANK,F&O VOL,22035,34033,,,,,,,,,202,642,938
AUBANK,F&O OI,30985,40584,,,,,,,,,31047,31112,31154
AUBANK,CALL VOL,,,,,,,,,,,75,214,323
AUBANK,CALL OI,1897,,,,,,,,,,1933,1942,1947
AUBANK,PUT VOL,,,,,,,,,,,71,164,221
AUBANK,PUT OI,2157,,,,,,,,,,2136,2122,2148
AUBANK,CALL SPRD,,,,,,,,,,,,,
AUBANK,PUT SPRD,,,,,,,,,,,,,
AUROPHARMA,PRICE,1697.7,1697.5,,,,1696.0,1702.2,1699.2,1714.65,1712.88,1695.0,1692.0,1689.0
AUROPHARMA,VWAP,,,,,,,,,,,1701.13,1698.31,1696.96
AUROPHARMA,CASH VOL,1159038,657590,447396,64.81,59.22,,,,,,56428,91828,110909
AUROPHARMA,F&O VOL,28755,24683,,,,,,,,,413,1207,1619
AUROPHARMA,F&O OI,29839,39937,,,,,,,,,29888,30027,30162
AUROPHARMA,CALL VOL,3290,1518,,,,,,,,,255,691,547
AUROPHARMA,CALL OI,2893,2162,,,,,,,,,4823,4956,3003
AUROPHARMA,PUT VOL,2216,1262,,,,,,,,,75,263,344
AUROPHARMA,PUT OI,2162,1476,,,,,,,,,2063,2048,2172
AUROPHARMA,CALL SPRD,,,,,,,,,,,,,
AUROPHARMA,PUT SPRD,,,,,,,,,,,,,
AXISBANK,PRICE,1212.1,1209.9,,,,1201.1,1208.5,1201.3,1220.03,1215.3,1205.0,1216.0,1211.0
AXISBANK,VWAP,,,,,,,,,,,1205.3,1210.0,1211.54
AXISBANK,CASH VOL,7260302,4771499,3462521,64.63,59.16,,,,,,213931,452417,740399
AXISBANK,F&O VOL,125354,180189,,,,,,,,,2151,6329,9580
AXISBANK,F&O OI,185522,223096,,,,,,,,,186094,186508,186761
AXISBANK,CALL VOL,,,,,,,,,,,841,2726,3661
AXISBANK,CALL OI,14578,,,,,,,,,,14515,14076,14675
AXISBANK,PUT VOL,,,,,,,,,,,547,1149,1997
AXISBANK,PUT OI,9253,,,,,,,,,,9217,8576,9322
AXISBANK,CALL SPRD,,,,,,,,,,,,,
AXISBANK,PUT SPRD,,,,,,,,,,,,,
BAJAJ-AUTO,PRICE,10811.0,11024.0,,,,10779.0,10912.5,10844.83,11367.0,11309.67,10830.0,10820.0,10813.0
BAJAJ-AUTO,VWAP,,,,,,,,,,,10822.0,10825.68,10820.9
BAJAJ-AUTO,CASH VOL,527929,241334,293890,60.92,57.88,,,,,,19884,28951,36684
BAJAJ-AUTO,F&O VOL,78124,109773,,,,,,,,,1260,2694,4065
BAJAJ-AUTO,F&O OI,41857,68666,,,,,,,,,42098,42247,42470
BAJAJ-AUTO,CALL VOL,8322,4037,,,,,,,,,379,871,1203
BAJAJ-AUTO,CALL OI,3899,2093,,,,,,,,,3981,4079,4186
BAJAJ-AUTO,PUT VOL,11069,11965,,,,,,,,,459,794,1281
BAJAJ-AUTO,PUT OI,6594,4709,,,,,,,,,6644,6691,6730
BAJAJ-AUTO,CALL SPRD,,,,,,,,,,,,,
BAJAJ-AUTO,PUT SPRD,,,,,,,,,,,,,
BAJAJFINSV,PRICE,1742.4,1752.0,,,,1742.4,1744.4,1743.07,1809.9,1783.97,1737.0,1741.0,1737.0
BAJAJFINSV,VWAP,,,,,,,,,,,1740.43,1742.46,1741.36
BAJAJFINSV,CASH VOL,858895,536952,421963,65.41,51.4,,,,,,14829,31868,44900
BAJAJFINSV,F&O VOL,31546,47976,,,,,,,,,415,1454,1897
BAJAJFINSV,F&O OI,39478,67842,,,,,,,,,39566,39673,39718
BAJAJFINSV,CALL VOL,6074,2516,,,,,,,,,101,558,801
BAJAJFINSV,CALL OI,3886,3082,,,,,,,,,3901,3988,4051
BAJAJFINSV,PUT VOL,4744,2804,,,,,,,,,121,304,413
BAJAJFINSV,PUT OI,4065,3234,,,,,,,,,4085,4110,4129
BAJAJFINSV,CALL SPRD,,,,,,,,,,,,,
BAJAJFINSV,PUT SPRD,,,,,,,,,,,,,
BAJAJHLDNG,PRICE,10600.0,10800.0,,,,10686.0,10736.5,10645.5,11093.5,10991.17,10720.0,10738.0,10686.0
BAJAJHLDNG,VWAP,,,,,,,,,,,10743.33,10752.81,10726.89
BAJAJHLDNG,CASH VOL,65092,31440,34601,66.15,64.6,,,,,,794,2215,3504
BAJAJHLDNG,F&O VOL,4943,6990,,,,,,,,,3,32,56
BAJAJHLDNG,F&O OI,3119,4885,,,,,,,,,3119,3134,3146
BAJAJHLDNG,CALL VOL,74,17,,,,,,,,,0,19,26
BAJAJHLDNG,CALL OI,60,27,,,,,,,,,62,71,83
BAJAJHLDNG,PUT VOL,21,25,,,,,,,,,0,0,0
BAJAJHLDNG,PUT OI,31,27,,,,,,,,,33,31,31
BAJAJHLDNG,CALL SPRD,,,,,,,,,,,,,
BAJAJHLDNG,PUT SPRD,,,,,,,,,,,,,
BAJFINANCE,PRICE,973.8,985.0,,,,981.5,972.72,970.55,1008.6,1000.8,969.0,969.0,965.0
BAJFINANCE,VWAP,,,,,,,,,,,970.57,969.51,968.81
BAJFINANCE,CASH VOL,8612123,7707443,3100132,67.76,69.35,,,,,,449392,747064,985702
BAJFINANCE,F&O VOL,78571,129622,,,,,,,,,1404,4280,6518
BAJFINANCE,F&O OI,117108,161635,,,,,,,,,117335,117786,117622
BAJFINANCE,CALL VOL,9796,6823,,,,,,,,,568,1397,1996
BAJFINANCE,CALL OI,7308,5739,,,,,,,,,8171,8325,7699
BAJFINANCE,PUT VOL,12537,7467,,,,,,,,,328,966,1747
BAJFINANCE,PUT OI,8669,7211,,,,,,,,,8847,8878,8645
BAJFINANCE,CALL SPRD,,,,,,,,,,,,,
BAJFINANCE,PUT SPRD,,,,,,,,,,,,,
BANDHANBNK,PRICE,185.31,181.0,,,,184.01,184.31,182.31,186.57,184.31,183.0,182.0,182.0
BANDHANBNK,VWAP,,,,,,,,,,,183.35,183.42,183.25
BANDHANBNK,CASH VOL,9533177,8979766,1722537,43.64,38.89,,,,,,388062,1308084,1566681
BANDHANBNK,F&O VOL,31297,37042,,,,,,,,,815,1943,2764
BANDHANBNK,F&O OI,51469,60429,,,,,,,,,51800,52099,52225
BANDHANBNK,CALL VOL,,,,,,,,,,,385,822,1062
BANDHANBNK,CALL OI,5442,,,,,,,,,,5555,5597,5662
BANDHANBNK,PUT VOL,,,,,,,,,,,189,480,646
BANDHANBNK,PUT OI,3762,,,,,,,,,,3851,3956,4001
BANDHANBNK,CALL SPRD,,,,,,,,,,,,,
BANDHANBNK,PUT SPRD,,,,,,,,,,,,,
BANKBARODA,PRICE,227.68,227.5,,,,230.4,227.52,227.19,235.21,235.11,233.0,234.0,233.0
BANKBARODA,VWAP,,,,,,,,,,,233.15,233.77,233.69
BANKBARODA,CASH VOL,7198395,7031453,2090775,39.78,52.33,,,,,,689733,1095078,1471596
BANKBARODA,F&O VOL,57183,62027,,,,,,,,,2869,7244,9490
BANKBARODA,F&O OI,70255,83363,,,,,,,,,70434,70627,70618
BANKBARODA,CALL VOL,,,,,,,,,,,1571,3652,4784
BANKBARODA,CALL OI,5726,,,,,,,,,,5723,5897,5970
BANKBARODA,PUT VOL,,,,,,,,,,,554,1409,2244
BANKBARODA,PUT OI,6543,,,,,,,,,,4769,4850,6664
BANKBARODA,CALL SPRD,,,,,,,,,,,,,
BANKBARODA,PUT SPRD,,,,,,,,,,,,,
BANKINDIA,PRICE,130.11,129.99,,,,130.89,130.19,130.14,138.38,138.08,131.0,132.0,131.0
BANKINDIA,VWAP,,,,,,,,,,,131.74,132.25,132.05
BANKINDIA,CASH VOL,9187360,10521208,2394441,45.83,42.32,,,,,,332956,801058,1148846
BANKINDIA,F&O VOL,19364,49959,,,,,,,,,191,1248,2175
BANKINDIA,F&O OI,24319,31359,,,,,,,,,24328,24430,24459
BANKINDIA,CALL VOL,2105,5218,,,,,,,,,45,637,1029
BANKINDIA,CALL OI,4195,3749,,,,,,,,,4200,4319,4314
BANKINDIA,PUT VOL,2254,7059,,,,,,,,,40,267,515
BANKINDIA,PUT OI,4357,4104,,,,,,,,,4359,4340,4379
BANKINDIA,CALL SPRD,,,,,,,,,,,,,
BANKINDIA,PUT SPRD,,,,,,,,,,,,,
BDL,PRICE,1085.1,1115.0,,,,1091.0,1101.05,1090.42,1165.45,1148.48,1099.0,1105.0,1099.0
BDL,VWAP,,,,,,,,,,,1099.57,1103.97,1102.95
BDL,CASH VOL,1081355,1314080,402726,45.37,43.32,,,,,,73967,127146,165290
BDL,F&O VOL,48131,70045,,,,,,,,,438,1181,1719
BDL,F&O OI,34009,60967,,,,,,,,,34104,34095,34162
BDL,CALL VOL,4778,4977,,,,,,,,,300,667,965
BDL,CALL OI,5234,4410,,,,,,,,,5281,5294,5344
BDL,PUT VOL,3182,5582,,,,,,,,,67,179,248
BDL,PUT OI,5276,4391,,,,,,,,,5286,5283,5278
BDL,CALL SPRD,,,,,,,,,,,,,
BDL,PUT SPRD,,,,,,,,,,,,,
BEL,PRICE,387.75,385.5,,,,386.4,386.87,385.1,394.62,393.91,386.0,387.0,386.0
BEL,VWAP,,,,,,,,,,,386.27,387.12,386.91
BEL,CASH VOL,13517154,11661372,5946191,70.83,62.33,,,,,,195111,478425,696863
BEL,F&O VOL,71949,83732,,,,,,,,,936,2482,4581
BEL,F&O OI,93546,135151,,,,,,,,,93713,93973,94313
BEL,CALL VOL,11831,7423,,,,,,,,,576,1212,2215
BEL,CALL OI,9847,7706,,,,,,,,,9952,10469,10183
BEL,PUT VOL,9156,6100,,,,,,,,,300,545,1162
BEL,PUT OI,10049,7846,,,,,,,,,10097,9944,10229
BEL,CALL SPRD,,,,,,,,,,,,,
BEL,PUT SPRD,,,,,,,,,,,,,
BHARATFORG,PRICE,1942.0,1957.0,,,,1931.0,1940.5,1937.5,1999.57,1982.7,1929.0,1941.0,1936.0
BHARATFORG,VWAP,,,,,,,,,,,1931.1,1935.0,1936.26
BHARATFORG,CASH VOL,1101271,583093,410718,59.78,61.34,,,,,,23260,39341,48219
BHARATFORG,F&O VOL,23303,25888,,,,,,,,,216,544,877
BHARATFORG,F&O OI,22664,32775,,,,,,,,,22695,22758,22811
BHARATFORG,CALL VOL,2485,902,,,,,,,,,66,215,411
BHARATFORG,CALL OI,2314,1368,,,,,,,,,2327,2343,2377
BHARATFORG,PUT VOL,2273,1478,,,,,,,,,72,108,172
BHARATFORG,PUT OI,2217,1611,,,,,,,,,2218,2233,2259
BHARATFORG,CALL SPRD,,,,,,,,,,,,,
BHARATFORG,PUT SPRD,,,,,,,,,,,,,
BHARTIARTL,PRICE,1771.2,1771.4,,,,1775.2,1774.75,1772.38,1819.9,1796.9,1774.0,1768.0,1765.0
BHARTIARTL,VWAP,,,,,,,,,,,1774.1,1771.32,1769.8
BHARTIARTL,CASH VOL,9811381,4683537,3864189,72.52,65.03,,,,,,339403,552797,702631
BHARTIARTL,F&O VOL,116199,162311,,,,,,,,,3338,8886,13258
BHARTIARTL,F&O OI,166828,218756,,,,,,,,,167424,168304,168758
BHARTIARTL,CALL VOL,27636,16066,,,,,,,,,1433,3873,5766
BHARTIARTL,CALL OI,14575,11450,,,,,,,,,15758,15242,15457
BHARTIARTL,PUT VOL,21767,16023,,,,,,,,,1189,2923,4544
BHARTIARTL,PUT OI,19181,14984,,,,,,,,,19051,19464,19468
BHARTIARTL,CALL SPRD,,,,,,,,,,,,,
BHARTIARTL,PUT SPRD,,,,,,,,,,,,,
BHEL,PRICE,413.35,411.9,,,,415.1,411.82,408.75,425.75,421.22,415.0,416.0,415.0
BHEL,VWAP,,,,,,,,,,,415.72,417.76,417.28
BHEL,CASH VOL,6607415,7754932,1855331,45.04,46.85,,,,,,421283,928915,1239534
BHEL,F&O VOL,47919,59652,,,,,,,,,925,4734,6199
BHEL,F&O OI,43924,57780,,,,,,,,,44106,44070,44187
BHEL,CALL VOL,10829,4024,,,,,,,,,429,2564,3313
BHEL,CALL OI,4871,3498,,,,,,,,,4972,4778,4829
BHEL,PUT VOL,5221,2439,,,,,,,,,222,882,1180
BHEL,PUT OI,3748,2970,,,,,,,,,3432,3771,3725
BHEL,CALL SPRD,,,,,,,,,,,,,
BHEL,PUT SPRD,,,,,,,,,,,,,
BIOCON,PRICE,377.0,374.9,,,,378.0,376.87,376.6,388.85,384.38,379.0,379.0,378.0
BIOCON,VWAP,,,,,,,,,,,379.98,379.32,379.11
BIOCON,CASH VOL,2779766,2233035,663987,45.05,46.2,,,,,,80648,181604,227830
BIOCON,F&O VOL,22893,31967,,,,,,,,,253,922,1205
BIOCON,F&O OI,29621,41856,,,,,,,,,29679,29831,29907
BIOCON,CALL VOL,4759,3076,,,,,,,,,162,396,540
BIOCON,CALL OI,3308,2698,,,,,,,,,3336,3380,3426
BIOCON,PUT VOL,1699,2266,,,,,,,,,29,195,266
BIOCON,PUT OI,3023,2529,,,,,,,,,3029,3087,3109
BIOCON,CALL SPRD,,,,,,,,,,,,,
BIOCON,PUT SPRD,,,,,,,,,,,,,
BLUESTARCO,PRICE,1529.5,1575.4,,,,1525.0,1552.7,1537.23,1557.17,1541.5,1521.0,1533.0,1527.0
BLUESTARCO,VWAP,,,,,,,,,,,1525.0,1528.75,1527.81
BLUESTARCO,CASH VOL,1003421,1477339,236614,53.36,39.21,,,,,,47388,65693,83996
BLUESTARCO,F&O VOL,24363,66931,,,,,,,,,276,859,1368
BLUESTARCO,F&O OI,24863,35424,,,,,,,,,24884,25033,25171
BLUESTARCO,CALL VOL,3030,5560,,,,,,,,,127,404,702
BLUESTARCO,CALL OI,2382,2183,,,,,,,,,2381,2432,2517
BLUESTARCO,PUT VOL,1632,1690,,,,,,,,,44,111,147
BLUESTARCO,PUT OI,1267,990,,,,,,,,,1261,1245,1277
BLUESTARCO,CALL SPRD,,,,,,,,,,,,,
BLUESTARCO,PUT SPRD,,,,,,,,,,,,,
BOSCHLTD,PRICE,45700.0,47020.0,,,,45960.0,46470.0,45956.67,48098.33,47795.0,46395.0,46560.0,46710.0
BOSCHLTD,VWAP,,,,,,,,,,,46478.33,46509.86,46541.52
BOSCHLTD,CASH VOL,14828,15211,7502,44.05,47.68,,,,,,1859,2870,3443
BOSCHLTD,F&O VOL,25205,44313,,,,,,,,,347,928,1499
BOSCHLTD,F&O OI,10413,19033,,,,,,,,,10477,10523,10560
BOSCHLTD,CALL VOL,957,502,,,,,,,,,151,292,496
BOSCHLTD,CALL OI,661,368,,,,,,,,,708,733,753
BOSCHLTD,PUT VOL,1421,1235,,,,,,,,,90,265,434
BOSCHLTD,PUT OI,986,721,,,,,,,,,990,992,1027
BOSCHLTD,CALL SPRD,,,,,,,,,,,,,
BOSCHLTD,PUT SPRD,,,,,,,,,,,,,
BPCL,PRICE,299.35,302.25,,,,301.95,299.98,299.56,312.0,309.67,304.0,305.0,304.0
BPCL,VWAP,,,,,,,,,,,306.05,306.3,306.07
BPCL,CASH VOL,4538466,2813265,2117152,62.03,59.37,,,,,,342905,632029,783904
BPCL,F&O VOL,17430,22925,,,,,,,,,897,3339,3892
BPCL,F&O OI,22545,29873,,,,,,,,,22485,22594,22614
BPCL,CALL VOL,3423,1670,,,,,,,,,698,2325,2622
BPCL,CALL OI,2280,1515,,,,,,,,,2184,2350,2371
BPCL,PUT VOL,2013,1570,,,,,,,,,174,604,768
BPCL,PUT OI,1822,1726,,,,,,,,,1690,1862,1862
BPCL,CALL SPRD,,,,,,,,,,,,,
BPCL,PUT SPRD,,,,,,,,,,,,,
BRITANNIA,PRICE,4835.0,4915.0,,,,4830.0,4852.75,4840.92,4956.75,4943.92,4790.0,4772.0,4767.0
BRITANNIA,VWAP,,,,,,,,,,,4801.83,4787.19,4778.06
BRITANNIA,CASH VOL,524981,305787,216830,59.41,66.3,,,,,,11802,30740,56077
BRITANNIA,F&O VOL,37438,26683,,,,,,,,,362,1567,2713
BRITANNIA,F&O OI,25779,39952,,,,,,,,,25795,25929,26236
BRITANNIA,CALL VOL,3649,1177,,,,,,,,,135,564,845
BRITANNIA,CALL OI,1465,911,,,,,,,,,1501,1577,1648
BRITANNIA,PUT VOL,4698,1454,,,,,,,,,118,671,1110
BRITANNIA,PUT OI,2237,1487,,,,,,,,,2162,2260,2344
BRITANNIA,CALL SPRD,,,,,,,,,,,,,
BRITANNIA,PUT SPRD,,,,,,,,,,,,,
BSE,PRICE,3200.0,3097.5,,,,3138.9,3183.33,3150.0,3196.55,3193.18,3122.0,3114.0,3084.0
BSE,VWAP,,,,,,,,,,,3115.4,3116.57,3107.85
BSE,CASH VOL,30101047,3931632,25263894,75.21,38.6,,,,,,727148,1101079,1623098
BSE,F&O VOL,355751,312934,,,,,,,,,18630,38162,73808
BSE,F&O OI,108948,176873,,,,,,,,,111984,114991,119704
BSE,CALL VOL,,,,,,,,,,,6071,12913,25804
BSE,CALL OI,14976,,,,,,,,,,14906,15640,18099
BSE,PUT VOL,,,,,,,,,,,5162,10984,22752
BSE,PUT OI,14036,,,,,,,,,,14104,14866,15489
BSE,CALL SPRD,,,,,,,,,,,,,
BSE,PUT SPRD,,,,,,,,,,,,,
CAMS,PRICE,666.0,691.55,,,,666.6,677.5,669.83,714.15,709.62,672.0,678.0,675.0
CAMS,VWAP,,,,,,,,,,,674.52,676.81,676.52
CAMS,CASH VOL,2128456,826842,469911,40.81,49.0,,,,,,71063,119705,179367
CAMS,F&O VOL,22771,12506,,,,,,,,,177,465,1432
CAMS,F&O OI,16321,23949,,,,,,,,,16348,16418,16604
CAMS,CALL VOL,2039,479,,,,,,,,,42,223,611
CAMS,CALL OI,950,402,,,,,,,,,1026,1093,1104
CAMS,PUT VOL,3753,641,,,,,,,,,96,125,332
CAMS,PUT OI,1364,858,,,,,,,,,1401,1395,1425
CAMS,CALL SPRD,,,,,,,,,,,,,
CAMS,PUT SPRD,,,,,,,,,,,,,
CANBK,PRICE,119.51,120.65,,,,119.7,119.4,119.19,124.91,124.75,120.0,121.0,120.0
CANBK,VWAP,,,,,,,,,,,120.51,120.88,120.87
CANBK,CASH VOL,20596639,16272294,5296128,48.9,57.5,,,,,,1017076,1826490,2241549
CANBK,F&O VOL,42306,55024,,,,,,,,,1034,2176,2706
CANBK,F&O OI,67658,77733,,,,,,,,,67868,67845,67773
CANBK,CALL VOL,,,,,,,,,,,572,982,1177
CANBK,CALL OI,3122,,,,,,,,,,3110,3145,3132
CANBK,PUT VOL,,,,,,,,,,,149,267,366
CANBK,PUT OI,2842,,,,,,,,,,2817,2827,2867
CANBK,CALL SPRD,,,,,,,,,,,,,
CANBK,PUT SPRD,,,,,,,,,,,,,
CDSL,PRICE,1261.9,1289.0,,,,1270.0,1275.65,1266.48,1353.7,1329.9,1279.0,1282.0,1278.0
CDSL,VWAP,,,,,,,,,,,1278.23,1281.29,1280.9
CDSL,CASH VOL,1412255,1109537,370017,44.99,51.12,,,,,,46871,91508,119934
CDSL,F&O VOL,55997,45255,,,,,,,,,719,2356,3150
CDSL,F&O OI,42261,57600,,,,,,,,,42377,42631,42764
CDSL,CALL VOL,6793,2681,,,,,,,,,399,1125,1380
CDSL,CALL OI,4434,2868,,,,,,,,,4510,4514,4552
CDSL,PUT VOL,9111,3131,,,,,,,,,188,426,613
CDSL,PUT OI,6694,4653,,,,,,,,,6696,6717,6768
CDSL,CALL SPRD,,,,,,,,,,,,,
CDSL,PUT SPRD,,,,,,,,,,,,,
CGPOWER,PRICE,858.05,865.0,,,,866.45,864.0,860.03,901.6,891.2,865.0,874.0,871.0
CGPOWER,VWAP,,,,,,,,,,,865.3,871.24,871.43
CGPOWER,CASH VOL,2197467,1878834,643295,52.34,57.11,,,,,,90646,252959,315495
CGPOWER,F&O VOL,21403,24565,,,,,,,,,296,1431,1764
CGPOWER,F&O OI,24295,33784,,,,,,,,,24400,24528,24614
CGPOWER,CALL VOL,,,,,,,,,,,218,857,1017
CGPOWER,CALL OI,1574,,,,,,,,,,1646,1701,1722
CGPOWER,PUT VOL,,,,,,,,,,,33,233,310
CGPOWER,PUT OI,1109,,,,,,,,,,1109,1118,1158
CGPOWER,CALL SPRD,,,,,,,,,,,,,
CGPOWER,PUT SPRD,,,,,,,,,,,,,
CHOLAFIN,PRICE,1627.3,1634.2,,,,1637.2,1625.57,1622.1,1717.95,1681.12,1637.0,1631.0,1623.0
CHOLAFIN,VWAP,,,,,,,,,,,1634.8,1633.48,1630.64
CHOLAFIN,CASH VOL,1489025,1194338,664127,57.0,59.1,,,,,,33088,73130,107863
CHOLAFIN,F&O VOL,18862,28872,,,,,,,,,335,853,1672
CHOLAFIN,F&O OI,30123,38293,,,,,,,,,30180,30267,30308
CHOLAFIN,CALL VOL,2358,1445,,,,,,,,,214,424,847
CHOLAFIN,CALL OI,1525,1302,,,,,,,,,2112,1574,1598
CHOLAFIN,PUT VOL,2122,2042,,,,,,,,,74,153,339
CHOLAFIN,PUT OI,2348,2117,,,,,,,,,2306,2365,2391
CHOLAFIN,CALL SPRD,,,,,,,,,,,,,
CHOLAFIN,PUT SPRD,,,,,,,,,,,,,
CIPLA,PRICE,1379.3,1383.7,,,,1383.0,1389.0,1382.53,1397.38,1392.75,1374.0,1375.0,1371.0
CIPLA,VWAP,,,,,,,,,,,1379.43,1375.94,1375.11
CIPLA,CASH VOL,1479526,711020,784205,62.46,55.05,,,,,,18086,46047,59183
CIPLA,F&O VOL,34621,31982,,,,,,,,,525,4192,5301
CIPLA,F&O OI,32652,52520,,,,,,,,,32678,33029,33112
CIPLA,CALL VOL,7591,2066,,,,,,,,,336,2314,2751
CIPLA,CALL OI,2778,1675,,,,,,,,,3004,3025,3049
CIPLA,PUT VOL,4713,1779,,,,,,,,,140,906,1284
CIPLA,PUT OI,2914,1585,,,,,,,,,2897,2933,2930
CIPLA,CALL SPRD,,,,,,,,,,,,,
CIPLA,PUT SPRD,,,,,,,,,,,,,
COALINDIA,PRICE,425.0,422.5,,,,425.1,424.42,423.27,424.04,419.92,427.0,428.0,428.0
COALINDIA,VWAP,,,,,,,,,,,427.15,427.62,427.74
COALINDIA,CASH VOL,7457218,5492668,3755352,64.85,53.38,,,,,,416134,608730,743885
COALINDIA,F&O VOL,82499,132484,,,,,,,,,2033,4590,6065
COALINDIA,F&O OI,87519,131358,,,,,,,,,87591,87934,88091
COALINDIA,CALL VOL,14051,11162,,,,,,,,,1342,2775,3564
COALINDIA,CALL OI,8318,7165,,,,,,,,,9098,8551,8639
COALINDIA,PUT VOL,8396,6330,,,,,,,,,734,1058,1429
COALINDIA,PUT OI,4999,4671,,,,,,,,,5718,5099,5174
COALINDIA,CALL SPRD,,,,,,,,,,,,,
COALINDIA,PUT SPRD,,,,,,,,,,,,,
COCHINSHIP,PRICE,1359.3,1329.0,,,,1332.0,1347.75,1324.65,1384.55,1379.52,1322.0,1340.0,1335.0
COCHINSHIP,VWAP,,,,,,,,,,,1326.63,1335.98,1335.43
COCHINSHIP,CASH VOL,1450465,450410,752488,39.93,39.3,,,,,,77487,146238,195143
COCHINSHIP,F&O VOL,26717,27902,,,,,,,,,691,2071,2604
COCHINSHIP,F&O OI,23978,38544,,,,,,,,,24096,24077,24185
COCHINSHIP,CALL VOL,2840,960,,,,,,,,,233,904,1094
COCHINSHIP,CALL OI,2218,1280,,,,,,,,,2290,2304,2331
COCHINSHIP,PUT VOL,1605,1138,,,,,,,,,171,423,521
COCHINSHIP,PUT OI,1381,1298,,,,,,,,,1429,1439,1467
COCHINSHIP,CALL SPRD,,,,,,,,,,,,,
COCHINSHIP,PUT SPRD,,,,,,,,,,,,,
COFORGE,PRICE,1722.0,1773.0,,,,1757.6,1767.9,1737.3,1788.75,1785.58,1775.0,1794.0,1794.0
COFORGE,VWAP,,,,,,,,,,,1782.5,1790.95,1791.63
COFORGE,CASH VOL,1932111,1102782,678683,47.58,48.13,,,,,,141577,342975,431858
COFORGE,F&O VOL,59957,63823,,,,,,,,,3345,7606,9651
COFORGE,F&O OI,45043,66614,,,,,,,,,45354,46001,46415
COFORGE,CALL VOL,9301,3944,,,,,,,,,1859,4705,5778
COFORGE,CALL OI,5172,3441,,,,,,,,,4089,5632,5859
COFORGE,PUT VOL,6652,2642,,,,,,,,,673,1602,1979
COFORGE,PUT OI,4461,2832,,,,,,,,,4109,4692,4781
COFORGE,CALL SPRD,,,,,,,,,,,,,
COFORGE,PUT SPRD,,,,,,,,,,,,,
COLPAL,PRICE,1785.1,1845.9,,,,1790.1,1810.55,1793.58,1869.2,1860.27,1793.0,1801.0,1802.0
COLPAL,VWAP,,,,,,,,,,,1797.93,1798.49,1800.01
COLPAL,CASH VOL,262461,427586,142325,61.74,62.59,,,,,,6512,26219,34020
COLPAL,F&O VOL,25001,28021,,,,,,,,,194,591,962
COLPAL,F&O OI,29885,39764,,,,,,,,,29904,29985,29982
COLPAL,CALL VOL,2043,1633,,,,,,,,,75,167,262
COLPAL,CALL OI,2279,1638,,,,,,,,,2296,2334,2357
COLPAL,PUT VOL,1821,1564,,,,,,,,,46,153,274
COLPAL,PUT OI,2693,2055,,,,,,,,,2687,2671,2662
COLPAL,CALL SPRD,,,,,,,,,,,,,
COLPAL,PUT SPRD,,,,,,,,,,,,,
CONCOR,PRICE,443.5,450.0,,,,449.0,447.68,444.89,479.75,467.58,446.0,452.0,450.0
CONCOR,VWAP,,,,,,,,,,,448.98,451.1,451.03
CONCOR,CASH VOL,1737443,874795,257525,47.58,45.8,,,,,,50239,112274,145593
CONCOR,F&O VOL,22793,24953,,,,,,,,,325,672,1021
CONCOR,F&O OI,26987,37497,,,,,,,,,27060,27087,27161
CONCOR,CALL VOL,2148,1511,,,,,,,,,74,192,290
CONCOR,CALL OI,1739,1197,,,,,,,,,1743,1748,1770
CONCOR,PUT VOL,1569,1464,,,,,,,,,86,183,244
CONCOR,PUT OI,2058,1556,,,,,,,,,2068,2076,2090
CONCOR,CALL SPRD,,,,,,,,,,,,,
CONCOR,PUT SPRD,,,,,,,,,,,,,
CROMPTON,PRICE,211.37,218.8,,,,212.0,215.19,212.64,222.13,219.78,213.0,213.0,213.0
CROMPTON,VWAP,,,,,,,,,,,213.55,213.66,213.64
CROMPTON,CASH VOL,5902708,2511271,1280652,53.34,41.36,,,,,,112861,195422,233624
CROMPTON,F&O VOL,31327,36412,,,,,,,,,327,1095,1407
CROMPTON,F&O OI,43278,52859,,,,,,,,,43336,43527,43612
CROMPTON,CALL VOL,,,,,,,,,,,118,292,434
CROMPTON,CALL OI,1622,,,,,,,,,,1647,1680,1701
CROMPTON,PUT VOL,,,,,,,,,,,102,362,534
CROMPTON,PUT OI,2356,,,,,,,,,,2376,2429,2504
CROMPTON,CALL SPRD,,,,,,,,,,,,,
CROMPTON,PUT SPRD,,,,,,,,,,,,,
CUMMINSIND,PRICE,4800.0,4855.0,,,,4821.5,4835.0,4811.67,5028.75,4972.92,4799.0,4826.0,4817.0
CUMMINSIND,VWAP,,,,,,,,,,,4806.67,4818.3,4818.7
CUMMINSIND,CASH VOL,796818,469449,300330,65.58,69.15,,,,,,21539,34992,44790
CUMMINSIND,F&O VOL,21804,36494,,,,,,,,,201,488,780
CUMMINSIND,F&O OI,34929,42399,,,,,,,,,34970,35047,35178
CUMMINSIND,CALL VOL,,,,,,,,,,,66,235,259
CUMMINSIND,CALL OI,1018,,,,,,,,,,1020,1438,1053
CUMMINSIND,PUT VOL,,,,,,,,,,,6,42,181
CUMMINSIND,PUT OI,1545,,,,,,,,,,1544,1661,1659
CUMMINSIND,CALL SPRD,,,,,,,,,,,,,
CUMMINSIND,PUT SPRD,,,,,,,,,,,,,
DABUR,PRICE,380.4,385.75,,,,379.95,381.23,380.67,388.5,386.57,381.0,381.0,382.0
DABUR,VWAP,,,,,,,,,,,381.65,381.55,381.71
DABUR,CASH VOL,6185956,2851715,2567641,65.92,72.93,,,,,,127128,180922,204590
DABUR,F&O VOL,22573,27436,,,,,,,,,279,777,1203
DABUR,F&O OI,31523,44945,,,,,,,,,31553,31620,31645
DABUR,CALL VOL,2953,1646,,,,,,,,,172,398,564
DABUR,CALL OI,2855,2197,,,,,,,,,2861,2844,2860
DABUR,PUT VOL,2953,1709,,,,,,,,,28,187,326
DABUR,PUT OI,2793,2355,,,,,,,,,2800,2855,2870
DABUR,CALL SPRD,,,,,,,,,,,,,
DABUR,PUT SPRD,,,,,,,,,,,,,
DALBHARAT,PRICE,1637.4,1651.6,,,,1637.6,1647.2,1640.67,1747.55,1715.98,,,
DALBHARAT,VWAP,,,,,,,,,,,1664.7,1682.39,1682.88
DALBHARAT,CASH VOL,51490,91040,29848,58.39,68.94,,,,,,3031,9191,12143
DALBHARAT,F&O VOL,,,,,,,,,,,,,
DALBHARAT,F&O OI,,,,,,,,,,,,,
DALBHARAT,CALL VOL,,,,,,,,,,,,,
DALBHARAT,CALL OI,,,,,,,,,,,,,
DALBHARAT,PUT VOL,,,,,,,,,,,,,
DALBHARAT,PUT OI,,,,,,,,,,,,,
DALBHARAT,CALL SPRD,,,,,,,,,,,,,
DALBHARAT,PUT SPRD,,,,,,,,,,,,,
DELHIVERY,PRICE,417.4,407.5,,,,418.35,415.52,411.77,427.98,424.46,414.0,412.0,412.0
DELHIVERY,VWAP,,,,,,,,,,,414.43,413.32,413.24
DELHIVERY,CASH VOL,5622866,4477983,1202608,37.4,61.65,,,,,,172604,494972,611668
DELHIVERY,F&O VOL,21860,22462,,,,,,,,,204,577,834
DELHIVERY,F&O OI,18927,25788,,,,,,,,,18944,19019,19086
DELHIVERY,CALL VOL,4195,1967,,,,,,,,,102,204,357
DELHIVERY,CALL OI,2560,1971,,,,,,,,,2559,2167,2631
DELHIVERY,PUT VOL,980,1775,,,,,,,,,34,129,169
DELHIVERY,PUT OI,1936,1765,,,,,,,,,1937,1912,1941
DELHIVERY,CALL SPRD,,,,,,,,,,,,,
DELHIVERY,PUT SPRD,,,,,,,,,,,,,
DIVISLAB,PRICE,9431.0,9550.0,,,,9499.5,9520.75,9460.92,9588.42,9526.25,9477.0,9427.0,9427.0
DIVISLAB,VWAP,,,,,,,,,,,9428.33,9408.5,9412.21
DIVISLAB,CASH VOL,652089,380253,237687,73.21,61.49,,,,,,34148,69352,84527
DIVISLAB,F&O VOL,71304,83483,,,,,,,,,2106,6238,7890
DIVISLAB,F&O OI,63141,86563,,,,,,,,,63232,63594,63680
DIVISLAB,CALL VOL,6467,3361,,,,,,,,,537,2086,2773
DIVISLAB,CALL OI,6538,5914,,,,,,,,,6619,6793,6963
DIVISLAB,PUT VOL,5594,4272,,,,,,,,,772,1846,2375
DIVISLAB,PUT OI,5352,4559,,,,,,,,,5417,5395,5378
DIVISLAB,CALL SPRD,,,,,,,,,,,,,
DIVISLAB,PUT SPRD,,,,,,,,,,,,,
DIXON,PRICE,13250.0,13640.0,,,,13300.0,13468.0,13322.67,13345.0,13255.0,13308.0,13377.0,13340.0
DIXON,VWAP,,,,,,,,,,,13350.67,13370.93,13362.57
DIXON,CASH VOL,305508,571209,93939,32.8,45.26,,,,,,12805,21736,29071
DIXON,F&O VOL,232751,603137,,,,,,,,,1935,5735,8116
DIXON,F&O OI,80704,136618,,,,,,,,,80821,81102,81367
DIXON,CALL VOL,26047,28876,,,,,,,,,1088,3019,3860
DIXON,CALL OI,13033,10051,,,,,,,,,13114,13118,13061
DIXON,PUT VOL,15580,13149,,,,,,,,,567,1614,2647
DIXON,PUT OI,10579,8894,,,,,,,,,10583,10921,11179
DIXON,CALL SPRD,,,,,,,,,,,,,
DIXON,PUT SPRD,,,,,,,,,,,,,
DLF,PRICE,653.0,663.55,,,,665.05,664.0,656.67,676.6,663.8,660.0,660.0,658.0
DLF,VWAP,,,,,,,,,,,662.28,662.23,660.04
DLF,CASH VOL,4736174,2765032,2143156,59.71,46.49,,,,,,264048,457834,927541
DLF,F&O VOL,40842,68862,,,,,,,,,1375,2756,5003
DLF,F&O OI,46921,69780,,,,,,,,,47082,47288,47575
DLF,CALL VOL,8478,5218,,,,,,,,,625,1178,2170
DLF,CALL OI,3712,2759,,,,,,,,,3762,3829,3946
DLF,PUT VOL,6721,4864,,,,,,,,,334,763,1547
DLF,PUT OI,2625,2235,,,,,,,,,2713,2756,2843
DLF,CALL SPRD,,,,,,,,,,,,,
DLF,PUT SPRD,,,,,,,,,,,,,
DMART,PRICE,3750.0,3803.5,,,,3769.5,3797.6,3765.87,3822.82,3800.05,3818.0,3826.0,3828.0
DMART,VWAP,,,,,,,,,,,3832.3,3832.05,3831.36
DMART,CASH VOL,656759,361700,221285,59.08,67.91,,,,,,54445,68905,84250
DMART,F&O VOL,41428,35979,,,,,,,,,919,1680,2179
DMART,F&O OI,36232,54193,,,,,,,,,36461,36699,36787
DMART,CALL VOL,4872,2452,,,,,,,,,511,900,1142
DMART,CALL OI,3475,2918,,,,,,,,,3560,3657,3684
DMART,PUT VOL,1918,2050,,,,,,,,,57,251,365
DMART,PUT OI,3297,2778,,,,,,,,,3310,3444,3475
DMART,CALL SPRD,,,,,,,,,,,,,
DMART,PUT SPRD,,,,,,,,,,,,,
DRREDDY,PRICE,1251.9,1221.0,,,,1242.2,1248.23,1240.9,1203.5,1201.83,1230.0,1227.0,1226.0
DRREDDY,VWAP,,,,,,,,,,,1230.33,1224.07,1224.5
DRREDDY,CASH VOL,5347128,3401676,1327067,45.84,49.95,,,,,,205355,465493,612023
DRREDDY,F&O VOL,105518,117367,,,,,,,,,2218,6423,7764
DRREDDY,F&O OI,45614,66580,,,,,,,,,45711,46033,45914
DRREDDY,CALL VOL,23907,13468,,,,,,,,,760,2246,2804
DRREDDY,CALL OI,5695,4488,,,,,,,,,5421,5800,5689
DRREDDY,PUT VOL,8656,3813,,,,,,,,,447,1646,1945
DRREDDY,PUT OI,3868,2634,,,,,,,,,3898,3911,4010
DRREDDY,CALL SPRD,,,,,,,,,,,,,
DRREDDY,PUT SPRD,,,,,,,,,,,,,
EICHERMOT,PRICE,7179.0,7213.5,,,,7182.0,7216.25,7191.42,7437.25,7385.75,7158.0,7180.0,7183.0
EICHERMOT,VWAP,,,,,,,,,,,7167.83,7173.39,7175.66
EICHERMOT,CASH VOL,596560,423079,256977,68.04,64.11,,,,,,13463,26279,34371
EICHERMOT,F&O VOL,66246,81187,,,,,,,,,762,2696,4425
EICHERMOT,F&O OI,48835,65828,,,,,,,,,48909,49306,49495
EICHERMOT,CALL VOL,10111,5080,,,,,,,,,470,1402,2178
EICHERMOT,CALL OI,4591,3313,,,,,,,,,4650,4773,4947
EICHERMOT,PUT VOL,12976,9021,,,,,,,,,286,971,1494
EICHERMOT,PUT OI,7936,6524,,,,,,,,,7936,8030,8030
EICHERMOT,CALL SPRD,,,,,,,,,,,,,
EICHERMOT,PUT SPRD,,,,,,,,,,,,,
ETERNAL,PRICE,327.85,330.95,,,,328.15,328.32,328.01,335.62,335.21,325.0,325.0,324.0
ETERNAL,VWAP,,,,,,,,,,,326.63,326.19,325.65
ETERNAL,CASH VOL,30822496,19560239,9935890,68.94,60.91,,,,,,1177338,1969260,2990422
ETERNAL,F&O VOL,66458,80374,,,,,,,,,1588,3347,4688
ETERNAL,F&O OI,77139,109989,,,,,,,,,77327,77457,77561
ETERNAL,CALL VOL,11809,4429,,,,,,,,,626,1184,1706
ETERNAL,CALL OI,7233,4451,,,,,,,,,7367,7452,7537
ETERNAL,PUT VOL,9634,5362,,,,,,,,,640,1115,1643
ETERNAL,PUT OI,7163,5839,,,,,,,,,7175,7166,7150
ETERNAL,CALL SPRD,,,,,,,,,,,,,
ETERNAL,PUT SPRD,,,,,,,,,,,,,
FEDERALBNK,PRICE,320.2,325.0,,,,321.05,323.52,321.31,327.43,323.81,322.0,323.0,322.0
FEDERALBNK,VWAP,,,,,,,,,,,322.37,322.9,322.91
FEDERALBNK,CASH VOL,9570469,7819379,5336658,62.15,54.88,,,,,,183870,247874,299346
FEDERALBNK,F&O VOL,36901,60152,,,,,,,,,431,1104,1428
FEDERALBNK,F&O OI,46089,63028,,,,,,,,,46072,46109,46189
FEDERALBNK,CALL VOL,4724,4522,,,,,,,,,161,495,637
FEDERALBNK,CALL OI,3273,2728,,,,,,,,,3303,3328,3341
FEDERALBNK,PUT VOL,3759,4528,,,,,,,,,159,323,407
FEDERALBNK,PUT OI,3738,3209,,,,,,,,,3703,3711,3754
FEDERALBNK,CALL SPRD,,,,,,,,,,,,,
FEDERALBNK,PUT SPRD,,,,,,,,,,,,,
FORCEMOT,PRICE,16905.0,17100.0,,,,17000.0,16953.5,16921.17,17391.5,17389.17,17082.0,17195.0,17158.0
FORCEMOT,VWAP,,,,,,,,,,,17165.33,17198.07,17187.94
FORCEMOT,CASH VOL,82027,62439,10903,30.69,34.34,,,,,,2901,7568,9361
FORCEMOT,F&O VOL,25179,28791,,,,,,,,,53,477,754
FORCEMOT,F&O OI,14546,22243,,,,,,,,,14557,14578,14625
FORCEMOT,CALL VOL,,,,,,,,,,,58,243,345
FORCEMOT,CALL OI,1704,,,,,,,,,,1716,1742,1783
FORCEMOT,PUT VOL,,,,,,,,,,,33,104,214
FORCEMOT,PUT OI,1404,,,,,,,,,,1407,1413,1413
FORCEMOT,CALL SPRD,,,,,,,,,,,,,
FORCEMOT,PUT SPRD,,,,,,,,,,,,,
FORTIS,PRICE,822.0,830.75,,,,817.0,826.62,823.54,870.4,848.7,817.0,809.0,789.0
FORTIS,VWAP,,,,,,,,,,,815.95,812.19,800.64
FORTIS,CASH VOL,2532368,2608914,1189508,62.86,57.87,,,,,,75417,189601,533137
FORTIS,F&O VOL,15702,31509,,,,,,,,,191,1679,7200
FORTIS,F&O OI,19358,23442,,,,,,,,,19383,19697,21568
FORTIS,CALL VOL,937,606,,,,,,,,,85,301,821
FORTIS,CALL OI,531,246,,,,,,,,,928,1008,791
FORTIS,PUT VOL,1176,2076,,,,,,,,,27,476,4139
FORTIS,PUT OI,870,769,,,,,,,,,1045,1118,2113
FORTIS,CALL SPRD,,,,,,,,,,,,,
FORTIS,PUT SPRD,,,,,,,,,,,,,
GAIL,PRICE,170.04,172.45,,,,170.62,170.84,170.31,172.87,172.76,171.0,171.0,171.0
GAIL,VWAP,,,,,,,,,,,171.57,171.7,171.77
GAIL,CASH VOL,12119087,11202821,3472019,64.81,62.33,,,,,,269606,476650,727373
GAIL,F&O VOL,19828,22600,,,,,,,,,343,650,1070
GAIL,F&O OI,28196,34317,,,,,,,,,28190,28187,28193
GAIL,CALL VOL,3091,2747,,,,,,,,,190,301,466
GAIL,CALL OI,2549,2120,,,,,,,,,2546,2558,2568
GAIL,PUT VOL,2185,1196,,,,,,,,,120,225,372
GAIL,PUT OI,2242,1854,,,,,,,,,2234,2206,2209
GAIL,CALL SPRD,,,,,,,,,,,,,
GAIL,PUT SPRD,,,,,,,,,,,,,
GLENMARK,PRICE,2441.5,2325.7,,,,2391.0,2416.58,2366.75,2424.15,2394.72,2399.0,2387.0,2379.0
GLENMARK,VWAP,,,,,,,,,,,2392.53,2387.75,2386.04
GLENMARK,CASH VOL,1277155,985878,466117,65.75,53.63,,,,,,57542,104520,187315
GLENMARK,F&O VOL,24787,34254,,,,,,,,,893,2204,2745
GLENMARK,F&O OI,32562,37002,,,,,,,,,32681,32818,32913
GLENMARK,CALL VOL,3883,1634,,,,,,,,,284,752,930
GLENMARK,CALL OI,1659,1045,,,,,,,,,1676,1724,1773
GLENMARK,PUT VOL,996,1103,,,,,,,,,138,457,737
GLENMARK,PUT OI,729,591,,,,,,,,,752,764,861
GLENMARK,CALL SPRD,,,,,,,,,,,,,
GLENMARK,PUT SPRD,,,,,,,,,,,,,
GMRAIRPORT,PRICE,93.75,94.75,,,,94.8,94.12,93.87,98.96,98.29,94.0,94.0,94.0
GMRAIRPORT,VWAP,,,,,,,,,,,94.58,94.52,94.39
GMRAIRPORT,CASH VOL,10060323,6334950,4050371,58.95,60.89,,,,,,1257047,1836755,2441717
GMRAIRPORT,F&O VOL,19789,28756,,,,,,,,,1129,1929,2473
GMRAIRPORT,F&O OI,29154,37309,,,,,,,,,29480,29745,29903
GMRAIRPORT,CALL VOL,1706,1791,,,,,,,,,820,873,1065
GMRAIRPORT,CALL OI,2125,1443,,,,,,,,,3472,2402,2449
GMRAIRPORT,PUT VOL,2202,3284,,,,,,,,,189,337,481
GMRAIRPORT,PUT OI,3578,2938,,,,,,,,,4077,3653,3695
GMRAIRPORT,CALL SPRD,,,,,,,,,,,,,
GMRAIRPORT,PUT SPRD,,,,,,,,,,,,,
GODFRYPHLP,PRICE,1862.0,1931.5,,,,1882.5,1903.1,1875.7,1992.05,1977.62,1900.0,1925.0,1920.0
GODFRYPHLP,VWAP,,,,,,,,,,,1909.5,1916.77,1917.87
GODFRYPHLP,CASH VOL,297806,260451,117504,38.53,29.57,,,,,,30211,53711,64316
GODFRYPHLP,F&O VOL,10654,26422,,,,,,,,,67,472,660
GODFRYPHLP,F&O OI,6690,11670,,,,,,,,,6696,6881,6879
GODFRYPHLP,CALL VOL,,,,,,,,,,,35,298,422
GODFRYPHLP,CALL OI,482,,,,,,,,,,484,633,628
GODFRYPHLP,PUT VOL,,,,,,,,,,,0,17,28
GODFRYPHLP,PUT OI,289,,,,,,,,,,289,296,294
GODFRYPHLP,CALL SPRD,,,,,,,,,,,,,
GODFRYPHLP,PUT SPRD,,,,,,,,,,,,,
GODREJCP,PRICE,855.0,868.0,,,,855.0,860.0,856.67,879.2,877.6,854.0,853.0,851.0
GODREJCP,VWAP,,,,,,,,,,,855.83,854.74,853.79
GODREJCP,CASH VOL,1360604,1193447,431814,53.57,58.97,,,,,,11216,23554,35301
GODREJCP,F&O VOL,20921,29198,,,,,,,,,228,422,668
GODREJCP,F&O OI,29172,44361,,,,,,,,,29202,29267,29290
GODREJCP,CALL VOL,2677,1426,,,,,,,,,148,239,328
GODREJCP,CALL OI,2428,1752,,,,,,,,,2448,2478,2480
GODREJCP,PUT VOL,2524,1532,,,,,,,,,54,94,171
GODREJCP,PUT OI,2717,2054,,,,,,,,,2725,2731,2750
GODREJCP,CALL SPRD,,,,,,,,,,,,,
GODREJCP,PUT SPRD,,,,,,,,,,,,,
GODREJPROP,PRICE,1634.4,1669.8,,,,1640.6,1652.85,1640.55,1699.68,1698.85,1644.0,1647.0,1641.0
GODREJPROP,VWAP,,,,,,,,,,,1643.97,1649.54,1648.16
GODREJPROP,CASH VOL,410924,422392,159233,50.86,39.13,,,,,,28972,72184,86492
GODREJPROP,F&O VOL,31138,54159,,,,,,,,,614,1700,2160
GODREJPROP,F&O OI,38809,56102,,,,,,,,,39018,39189,39276
GODREJPROP,CALL VOL,2299,2044,,,,,,,,,118,461,561
GODREJPROP,CALL OI,2369,1731,,,,,,,,,2385,2472,2493
GODREJPROP,PUT VOL,1886,2696,,,,,,,,,109,297,328
GODREJPROP,PUT OI,3177,2989,,,,,,,,,3207,3265,3274
GODREJPROP,CALL SPRD,,,,,,,,,,,,,
GODREJPROP,PUT SPRD,,,,,,,,,,,,,
GRASIM,PRICE,3100.0,3150.0,,,,3100.0,3120.25,3106.75,3184.38,3171.15,3088.0,3099.0,3102.0
GRASIM,VWAP,,,,,,,,,,,3099.7,3103.24,3102.11
GRASIM,CASH VOL,1153762,746885,601036,65.0,62.2,,,,,,7695,21112,29910
GRASIM,F&O VOL,25066,26560,,,,,,,,,446,811,1280
GRASIM,F&O OI,33763,46264,,,,,,,,,33770,33805,33881
GRASIM,CALL VOL,1932,763,,,,,,,,,127,222,338
GRASIM,CALL OI,1701,943,,,,,,,,,1701,1726,1740
GRASIM,PUT VOL,1868,1164,,,,,,,,,291,409,569
GRASIM,PUT OI,1400,1132,,,,,,,,,1403,1415,1443
GRASIM,CALL SPRD,,,,,,,,,,,,,
GRASIM,PUT SPRD,,,,,,,,,,,,,
GVT&D,PRICE,4130.3,4203.0,,,,4190.0,4169.95,4143.52,4381.75,4313.92,4149.0,4219.0,4216.0
GVT&D,VWAP,,,,,,,,,,,4147.1,4183.19,4190.95
GVT&D,CASH VOL,903170,399176,440338,55.46,53.08,,,,,,31775,62609,77098
GVT&D,F&O VOL,46489,44342,,,,,,,,,230,2378,3593
GVT&D,F&O OI,36140,54480,,,,,,,,,36192,36253,36374
GVT&D,CALL VOL,7538,1178,,,,,,,,,163,1440,2204
GVT&D,CALL OI,4797,1438,,,,,,,,,4842,4901,4913
GVT&D,PUT VOL,6450,773,,,,,,,,,43,627,783
GVT&D,PUT OI,4072,998,,,,,,,,,4082,4172,4211
GVT&D,CALL SPRD,,,,,,,,,,,,,
GVT&D,PUT SPRD,,,,,,,,,,,,,
HAL,PRICE,4549.3,4738.0,,,,4640.0,4636.2,4578.27,4824.5,4808.17,4626.0,4661.0,4652.0
HAL,VWAP,,,,,,,,,,,4645.53,4665.19,4662.4
HAL,CASH VOL,1096291,810334,634180,70.29,65.53,,,,,,116645,225556,262025
HAL,F&O VOL,67847,106656,,,,,,,,,3309,10157,13611
HAL,F&O OI,57521,82964,,,,,,,,,58144,59015,59290
HAL,CALL VOL,10481,5574,,,,,,,,,1502,5023,6712
HAL,CALL OI,5735,3720,,,,,,,,,6014,6277,6426
HAL,PUT VOL,8969,6624,,,,,,,,,855,2487,3281
HAL,PUT OI,7180,5649,,,,,,,,,7303,7513,7513
HAL,CALL SPRD,,,,,,,,,,,,,
HAL,PUT SPRD,,,,,,,,,,,,,
HAVELLS,PRICE,1043.3,1085.0,,,,1045.0,1062.4,1049.67,1099.3,1097.43,1049.0,1049.0,1046.0
HAVELLS,VWAP,,,,,,,,,,,1050.37,1051.31,1050.19
HAVELLS,CASH VOL,1014330,735161,365253,52.34,53.28,,,,,,19463,39608,51860
HAVELLS,F&O VOL,26053,27082,,,,,,,,,276,664,1169
HAVELLS,F&O OI,30594,40352,,,,,,,,,30595,30665,30757
HAVELLS,CALL VOL,,,,,,,,,,,90,221,417
HAVELLS,CALL OI,3205,,,,,,,,,,3198,3217,3257
HAVELLS,PUT VOL,,,,,,,,,,,138,223,284
HAVELLS,PUT OI,2880,,,,,,,,,,2891,2942,2951
HAVELLS,CALL SPRD,,,,,,,,,,,,,
HAVELLS,PUT SPRD,,,,,,,,,,,,,
HCLTECH,PRICE,1222.0,1252.6,,,,1229.0,1241.5,1228.5,1260.35,1258.78,1231.0,1247.0,1244.0
HCLTECH,VWAP,,,,,,,,,,,1238.9,1241.72,1242.54
HCLTECH,CASH VOL,5604932,2272247,3651792,69.92,56.83,,,,,,123572,298441,385600
HCLTECH,F&O VOL,71261,101290,,,,,,,,,2426,9826,14452
HCLTECH,F&O OI,78107,112235,,,,,,,,,78101,79445,80247
HCLTECH,CALL VOL,9571,4821,,,,,,,,,1300,5855,6496
HCLTECH,CALL OI,4087,2624,,,,,,,,,4124,7009,6387
HCLTECH,PUT VOL,7914,4076,,,,,,,,,553,1566,2364
HCLTECH,PUT OI,4604,3365,,,,,,,,,4602,5105,4761
HCLTECH,CALL SPRD,,,,,,,,,,,,,
HCLTECH,PUT SPRD,,,,,,,,,,,,,
HDFCAMC,PRICE,2223.3,2302.3,,,,2255.0,2263.15,2236.58,2411.35,2389.12,2266.0,2271.0,2270.0
HDFCAMC,VWAP,,,,,,,,,,,2268.23,2270.52,2270.27
HDFCAMC,CASH VOL,1311015,877414,524735,68.3,62.84,,,,,,40815,69690,101516
HDFCAMC,F&O VOL,27285,34289,,,,,,,,,458,879,1318
HDFCAMC,F&O OI,33004,38094,,,,,,,,,33074,33111,33160
HDFCAMC,CALL VOL,,,,,,,,,,,81,167,268
HDFCAMC,CALL OI,1329,,,,,,,,,,1330,1330,1340
HDFCAMC,PUT VOL,,,,,,,,,,,72,133,261
HDFCAMC,PUT OI,1713,,,,,,,,,,1714,1729,1794
HDFCAMC,CALL SPRD,,,,,,,,,,,,,
HDFCAMC,PUT SPRD,,,,,,,,,,,,,
HDFCBANK,PRICE,722.7,719.05,,,,711.5,719.96,714.48,736.0,735.73,713.0,713.0,712.0
HDFCBANK,VWAP,,,,,,,,,,,713.18,713.25,713.06
HDFCBANK,CASH VOL,42755901,21675579,16079948,64.07,57.58,,,,,,3756578,5872247,6848322
HDFCBANK,F&O VOL,694173,765086,,,,,,,,,15931,35986,47046
HDFCBANK,F&O OI,825323,1049062,,,,,,,,,827960,831016,833070
HDFCBANK,CALL VOL,120514,55988,,,,,,,,,6045,14265,19568
HDFCBANK,CALL OI,92662,73374,,,,,,,,,93319,94495,95529
HDFCBANK,PUT VOL,74602,49174,,,,,,,,,4237,10185,12644
HDFCBANK,PUT OI,74942,63010,,,,,,,,,75383,75525,75708
HDFCBANK,CALL SPRD,,,,,,,,,,,,,
HDFCBANK,PUT SPRD,,,,,,,,,,,,,
HDFCLIFE,PRICE,523.55,531.6,,,,516.6,523.52,523.48,540.7,534.23,520.0,517.0,514.0
HDFCLIFE,VWAP,,,,,,,,,,,518.57,517.32,516.59
HDFCLIFE,CASH VOL,7693601,2307139,5227278,65.61,40.56,,,,,,171216,384008,524975
HDFCLIFE,F&O VOL,51925,68837,,,,,,,,,679,2843,5922
HDFCLIFE,F&O OI,56673,79350,,,,,,,,,56831,57262,57796
HDFCLIFE,CALL VOL,6450,2847,,,,,,,,,298,910,2158
HDFCLIFE,CALL OI,2595,1953,,,,,,,,,2846,2728,2859
HDFCLIFE,PUT VOL,6360,4661,,,,,,,,,174,749,1610
HDFCLIFE,PUT OI,4580,4192,,,,,,,,,4437,4659,4805
HDFCLIFE,CALL SPRD,,,,,,,,,,,,,
HDFCLIFE,PUT SPRD,,,,,,,,,,,,,
HEROMOTOCO,PRICE,5208.0,5390.0,,,,5236.5,5296.0,5237.33,5371.25,5363.75,5278.0,5311.0,5323.0
HEROMOTOCO,VWAP,,,,,,,,,,,5287.67,5294.39,5299.38
HEROMOTOCO,CASH VOL,681672,340540,182122,63.92,56.48,,,,,,48281,75646,94453
HEROMOTOCO,F&O VOL,57518,63850,,,,,,,,,1462,3705,6318
HEROMOTOCO,F&O OI,32632,53305,,,,,,,,,32641,32694,32744
HEROMOTOCO,CALL VOL,,,,,,,,,,,760,1875,3062
HEROMOTOCO,CALL OI,4096,,,,,,,,,,4074,4090,4068
HEROMOTOCO,PUT VOL,,,,,,,,,,,320,952,1387
HEROMOTOCO,PUT OI,2644,,,,,,,,,,2658,2709,2749
HEROMOTOCO,CALL SPRD,,,,,,,,,,,,,
HEROMOTOCO,PUT SPRD,,,,,,,,,,,,,
HINDALCO,PRICE,955.2,955.9,,,,950.2,955.3,955.23,985.45,979.82,949.0,948.0,946.0
HINDALCO,VWAP,,,,,,,,,,,949.3,949.36,948.12
HINDALCO,CASH VOL,5092531,3354458,2320469,64.41,52.44,,,,,,146255,226056,326519
HINDALCO,F&O VOL,57090,90507,,,,,,,,,2535,4502,6269
HINDALCO,F&O OI,90976,114188,,,,,,,,,91360,91705,91800
HINDALCO,CALL VOL,,,,,,,,,,,1069,1594,2334
HINDALCO,CALL OI,5271,,,,,,,,,,5412,5482,5614
HINDALCO,PUT VOL,,,,,,,,,,,1067,1786,2432
HINDALCO,PUT OI,9069,,,,,,,,,,9024,9150,9068
HINDALCO,CALL SPRD,,,,,,,,,,,,,
HINDALCO,PUT SPRD,,,,,,,,,,,,,
HINDPETRO,PRICE,349.2,342.45,,,,351.2,347.23,343.27,356.92,352.98,353.0,355.0,355.0
HINDPETRO,VWAP,,,,,,,,,,,354.88,355.57,355.52
HINDPETRO,CASH VOL,4074720,4062685,1054877,49.62,55.14,,,,,,333480,592093,659177
HINDPETRO,F&O VOL,18729,22780,,,,,,,,,619,2261,2581
HINDPETRO,F&O OI,26411,33786,,,,,,,,,26424,26555,26571
HINDPETRO,CALL VOL,,,,,,,,,,,377,1124,1255
HINDPETRO,CALL OI,1785,,,,,,,,,,1820,1924,1914
HINDPETRO,PUT VOL,,,,,,,,,,,120,440,523
HINDPETRO,PUT OI,1833,,,,,,,,,,1835,1884,1887
HINDPETRO,CALL SPRD,,,,,,,,,,,,,
HINDPETRO,PUT SPRD,,,,,,,,,,,,,
HINDUNILVR,PRICE,1863.8,1896.0,,,,1871.4,1881.35,1869.65,1942.2,1940.8,1875.0,1877.0,1877.0
HINDUNILVR,VWAP,,,,,,,,,,,1878.1,1877.88,1877.78
HINDUNILVR,CASH VOL,2057852,1852879,910224,66.13,64.22,,,,,,37698,69982,85341
HINDUNILVR,F&O VOL,80868,87271,,,,,,,,,1323,3313,4386
HINDUNILVR,F&O OI,86515,114002,,,,,,,,,86682,86968,87167
HINDUNILVR,CALL VOL,11428,6406,,,,,,,,,659,1460,1834
HINDUNILVR,CALL OI,8790,5725,,,,,,,,,8875,8958,9042
HINDUNILVR,PUT VOL,10822,6273,,,,,,,,,431,846,1089
HINDUNILVR,PUT OI,9714,6943,,,,,,,,,9712,9674,9690
HINDUNILVR,CALL SPRD,,,,,,,,,,,,,
HINDUNILVR,PUT SPRD,,,,,,,,,,,,,
HINDZINC,PRICE,563.3,573.0,,,,567.2,569.88,565.49,591.9,589.93,568.0,572.0,570.0
HINDZINC,VWAP,,,,,,,,,,,569.42,571.31,571.2
HINDZINC,CASH VOL,4801573,3911892,1293982,58.48,51.45,,,,,,94083,251686,311042
HINDZINC,F&O VOL,38745,59416,,,,,,,,,438,1674,2221
HINDZINC,F&O OI,35278,60174,,,,,,,,,35407,35582,35693
HINDZINC,CALL VOL,4345,3579,,,,,,,,,172,846,1028
HINDZINC,CALL OI,4796,3914,,,,,,,,,4853,4956,4991
HINDZINC,PUT VOL,3826,4301,,,,,,,,,66,396,574
HINDZINC,PUT OI,4498,3851,,,,,,,,,4516,4570,4653
HINDZINC,CALL SPRD,,,,,,,,,,,,,
HINDZINC,PUT SPRD,,,,,,,,,,,,,
HYUNDAI,PRICE,2100.0,2050.7,,,,2060.0,2084.93,2054.8,2115.25,2115.08,2068.0,2079.0,2078.0
HYUNDAI,VWAP,,,,,,,,,,,2072.03,2077.84,2076.59
HYUNDAI,CASH VOL,763311,539910,332061,49.42,52.08,,,,,,28608,55832,67949
HYUNDAI,F&O VOL,22024,39906,,,,,,,,,597,1015,1691
HYUNDAI,F&O OI,16858,28226,,,,,,,,,16931,16963,17137
HYUNDAI,CALL VOL,1833,2170,,,,,,,,,213,401,494
HYUNDAI,CALL OI,1161,1028,,,,,,,,,1200,1255,1278
HYUNDAI,PUT VOL,628,982,,,,,,,,,95,143,475
HYUNDAI,PUT OI,863,707,,,,,,,,,860,873,997
HYUNDAI,CALL SPRD,,,,,,,,,,,,,
HYUNDAI,PUT SPRD,,,,,,,,,,,,,
ICICIBANK,PRICE,1292.2,1302.0,,,,1295.3,1297.9,1294.1,1332.0,1328.53,1299.0,1307.0,1308.0
ICICIBANK,VWAP,,,,,,,,,,,1302.2,1304.5,1305.28
ICICIBANK,CASH VOL,14811396,6327946,7486226,70.57,60.44,,,,,,689104,902795,1078354
ICICIBANK,F&O VOL,159702,246013,,,,,,,,,3423,9778,13845
ICICIBANK,F&O OI,239961,312346,,,,,,,,,240323,240237,240456
ICICIBANK,CALL VOL,26385,16541,,,,,,,,,1590,3988,5515
ICICIBANK,CALL OI,18022,14036,,,,,,,,,17926,17830,18025
ICICIBANK,PUT VOL,18796,11789,,,,,,,,,949,2349,3296
ICICIBANK,PUT OI,14637,11566,,,,,,,,,14741,14895,14988
ICICIBANK,CALL SPRD,,,,,,,,,,,,,
ICICIBANK,PUT SPRD,,,,,,,,,,,,,
ICICIGI,PRICE,1515.0,1540.0,,,,1516.1,1524.1,1518.03,1543.47,1523.0,1518.0,1532.0,1532.0
ICICIGI,VWAP,,,,,,,,,,,1519.4,1527.34,1529.86
ICICIGI,CASH VOL,756660,453608,180559,56.83,58.16,,,,,,19131,64325,276514
ICICIGI,F&O VOL,27207,24141,,,,,,,,,242,1059,1671
ICICIGI,F&O OI,21837,30611,,,,,,,,,21983,22003,22159
ICICIGI,CALL VOL,1445,1507,,,,,,,,,29,356,514
ICICIGI,CALL OI,1494,1328,,,,,,,,,1366,1537,1552
ICICIGI,PUT VOL,1322,1142,,,,,,,,,0,197,363
ICICIGI,PUT OI,1213,1128,,,,,,,,,1256,1285,1350
ICICIGI,CALL SPRD,,,,,,,,,,,,,
ICICIGI,PUT SPRD,,,,,,,,,,,,,
ICICIPRULI,PRICE,444.55,458.7,,,,448.0,449.2,446.1,472.68,466.22,447.0,447.0,445.0
ICICIPRULI,VWAP,,,,,,,,,,,448.15,447.72,446.84
ICICIPRULI,CASH VOL,2919254,1352420,440834,44.54,55.79,,,,,,45222,96796,152099
ICICIPRULI,F&O VOL,24567,28713,,,,,,,,,274,766,1138
ICICIPRULI,F&O OI,27464,37193,,,,,,,,,27506,27593,27749
ICICIPRULI,CALL VOL,1817,1413,,,,,,,,,89,215,333
ICICIPRULI,CALL OI,1550,1132,,,,,,,,,1620,1557,1570
ICICIPRULI,PUT VOL,2237,1351,,,,,,,,,26,130,200
ICICIPRULI,PUT OI,2117,1708,,,,,,,,,1995,2145,2171
ICICIPRULI,CALL SPRD,,,,,,,,,,,,,
ICICIPRULI,PUT SPRD,,,,,,,,,,,,,
IDEA,PRICE,13.56,13.47,,,,13.6,13.53,13.47,14.22,14.13,13.0,13.0,13.0
IDEA,VWAP,,,,,,,,,,,13.5,13.5,13.44
IDEA,CASH VOL,1150179404,500546584,746913294,57.68,33.95,,,,,,33555160,64130617,99326636
IDEA,F&O VOL,84946,111489,,,,,,,,,1074,2473,4540
IDEA,F&O OI,123279,151148,,,,,,,,,123474,123936,124587
IDEA,CALL VOL,15839,15457,,,,,,,,,790,1822,2896
IDEA,CALL OI,17982,14047,,,,,,,,,18049,18398,18556
IDEA,PUT VOL,6418,7312,,,,,,,,,66,143,672
IDEA,PUT OI,10689,8455,,,,,,,,,10691,10716,10970
IDEA,CALL SPRD,,,,,,,,,,,,,
IDEA,PUT SPRD,,,,,,,,,,,,,
IDFCFIRSTB,PRICE,79.46,80.55,,,,79.46,79.61,79.51,86.44,84.68,80.0,80.0,80.0
IDFCFIRSTB,VWAP,,,,,,,,,,,80.0,80.08,80.07
IDFCFIRSTB,CASH VOL,36206575,21063238,14779596,58.15,53.31,,,,,,889237,1602676,1922587
IDFCFIRSTB,F&O VOL,46506,57987,,,,,,,,,654,1771,2300
IDFCFIRSTB,F&O OI,67348,79550,,,,,,,,,67554,67976,68078
IDFCFIRSTB,CALL VOL,6847,4872,,,,,,,,,229,486,665
IDFCFIRSTB,CALL OI,4930,3461,,,,,,,,,5008,5043,5096
IDFCFIRSTB,PUT VOL,5137,4843,,,,,,,,,114,323,432
IDFCFIRSTB,PUT OI,6723,5717,,,,,,,,,6716,6753,6776
IDFCFIRSTB,CALL SPRD,,,,,,,,,,,,,
IDFCFIRSTB,PUT SPRD,,,,,,,,,,,,,
IEX,PRICE,106.39,111.35,,,,106.75,108.88,107.22,113.22,112.88,107.0,107.0,108.0
IEX,VWAP,,,,,,,,,,,107.18,107.48,107.62
IEX,CASH VOL,7359823,2050585,2740186,51.03,43.74,,,,,,274029,567793,786367
IEX,F&O VOL,23215,15997,,,,,,,,,251,794,1242
IEX,F&O OI,25581,30950,,,,,,,,,25594,25624,25706
IEX,CALL VOL,,,,,,,,,,,55,219,373
IEX,CALL OI,1004,,,,,,,,,,789,1037,1058
IEX,PUT VOL,,,,,,,,,,,60,122,173
IEX,PUT OI,1127,,,,,,,,,,1027,1163,1165
IEX,CALL SPRD,,,,,,,,,,,,,
IEX,PUT SPRD,,,,,,,,,,,,,
INDHOTEL,PRICE,714.35,711.0,,,,714.35,715.25,714.65,738.48,730.69,714.0,725.0,726.0
INDHOTEL,VWAP,,,,,,,,,,,718.83,723.69,724.3
INDHOTEL,CASH VOL,26142773,2741065,21242865,77.25,67.18,,,,,,55576,161024,218913
INDHOTEL,F&O VOL,31024,31589,,,,,,,,,309,1438,1890
INDHOTEL,F&O OI,36006,41601,,,,,,,,,36007,36147,36222
INDHOTEL,CALL VOL,6214,1791,,,,,,,,,185,797,1047
INDHOTEL,CALL OI,2871,1700,,,,,,,,,2707,2910,2976
INDHOTEL,PUT VOL,4495,961,,,,,,,,,101,294,357
INDHOTEL,PUT OI,2268,1176,,,,,,,,,2288,2313,2318
INDHOTEL,CALL SPRD,,,,,,,,,,,,,
INDHOTEL,PUT SPRD,,,,,,,,,,,,,
INDIANB,PRICE,795.25,802.45,,,,800.0,801.77,797.43,837.9,833.97,802.0,809.0,808.0
INDIANB,VWAP,,,,,,,,,,,803.8,808.12,808.18
INDIANB,CASH VOL,1349036,746603,367147,53.03,38.55,,,,,,51333,108628,146090
INDIANB,F&O VOL,14189,19681,,,,,,,,,119,600,993
INDIANB,F&O OI,14028,23294,,,,,,,,,14054,14172,14315
INDIANB,CALL VOL,1454,1090,,,,,,,,,37,277,485
INDIANB,CALL OI,1498,979,,,,,,,,,1519,1579,1658
INDIANB,PUT VOL,1594,1493,,,,,,,,,33,135,193
INDIANB,PUT OI,1619,1279,,,,,,,,,1625,1663,1689
INDIANB,CALL SPRD,,,,,,,,,,,,,
INDIANB,PUT SPRD,,,,,,,,,,,,,
INDIGO,PRICE,4872.0,4874.5,,,,4915.5,4874.5,4872.83,4969.25,4949.75,4906.0,4962.0,4944.0
INDIGO,VWAP,,,,,,,,,,,4944.0,4957.34,4955.4
INDIGO,CASH VOL,409270,547789,193040,56.59,51.89,,,,,,35646,95231,117260
INDIGO,F&O VOL,61552,145802,,,,,,,,,2107,5446,6902
INDIGO,F&O OI,53624,87809,,,,,,,,,53629,53922,53990
INDIGO,CALL VOL,,,,,,,,,,,1441,3033,3721
INDIGO,CALL OI,5193,,,,,,,,,,4975,5169,5269
INDIGO,PUT VOL,,,,,,,,,,,260,897,1193
INDIGO,PUT OI,3541,,,,,,,,,,3537,3627,3586
INDIGO,CALL SPRD,,,,,,,,,,,,,
INDIGO,PUT SPRD,,,,,,,,,,,,,
INDUSINDBK,PRICE,878.0,909.7,,,,885.0,893.05,883.02,938.85,921.08,894.0,892.0,892.0
INDUSINDBK,VWAP,,,,,,,,,,,892.6,893.27,892.97
INDUSINDBK,CASH VOL,3205911,1794894,1541653,64.41,49.99,,,,,,126684,269620,334568
INDUSINDBK,F&O VOL,43519,62641,,,,,,,,,586,1757,2411
INDUSINDBK,F&O OI,74130,88409,,,,,,,,,74138,74372,74445
INDUSINDBK,CALL VOL,4324,2591,,,,,,,,,232,715,994
INDUSINDBK,CALL OI,2632,1776,,,,,,,,,2659,2762,2856
INDUSINDBK,PUT VOL,4627,3244,,,,,,,,,179,431,671
INDUSINDBK,PUT OI,3540,2803,,,,,,,,,3505,3522,3506
INDUSINDBK,CALL SPRD,,,,,,,,,,,,,
INDUSINDBK,PUT SPRD,,,,,,,,,,,,,
INDUSTOWER,PRICE,367.55,360.0,,,,370.35,366.91,365.62,380.88,376.73,370.0,372.0,371.0
INDUSTOWER,VWAP,,,,,,,,,,,370.83,371.59,371.66
INDUSTOWER,CASH VOL,8836110,6106607,2754704,49.17,47.63,,,,,,103356,179057,287621
INDUSTOWER,F&O VOL,46209,68240,,,,,,,,,293,870,1448
INDUSTOWER,F&O OI,66024,78664,,,,,,,,,66044,66097,66130
INDUSTOWER,CALL VOL,8580,6058,,,,,,,,,156,454,770
INDUSTOWER,CALL OI,5464,3984,,,,,,,,,5462,5458,5467
INDUSTOWER,PUT VOL,3274,3135,,,,,,,,,78,165,259
INDUSTOWER,PUT OI,1808,1516,,,,,,,,,1813,1822,1837
INDUSTOWER,CALL SPRD,,,,,,,,,,,,,
INDUSTOWER,PUT SPRD,,,,,,,,,,,,,
INFY,PRICE,1015.4,1003.2,,,,1004.0,1009.57,997.9,1018.05,1006.15,995.0,1010.0,1013.0
INFY,VWAP,,,,,,,,,,,1000.93,1005.02,1007.24
INFY,CASH VOL,12992711,8567672,6477723,64.13,52.25,,,,,,802582,1307932,1767192
INFY,F&O VOL,275583,376124,,,,,,,,,7342,22437,33446
INFY,F&O OI,277779,386743,,,,,,,,,278318,278856,278500
INFY,CALL VOL,55070,35886,,,,,,,,,3907,12400,18147
INFY,CALL OI,38124,30196,,,,,,,,,37454,38047,37411
INFY,PUT VOL,27771,15139,,,,,,,,,1699,4468,7098
INFY,PUT OI,29727,23778,,,,,,,,,32802,30120,30336
INFY,CALL SPRD,,,,,,,,,,,,,
INFY,PUT SPRD,,,,,,,,,,,,,
INOXWIND,PRICE,71.5,72.0,,,,72.0,71.81,71.6,75.85,75.12,72.0,72.0,72.0
INOXWIND,VWAP,,,,,,,,,,,72.56,72.62,72.43
INOXWIND,CASH VOL,8301480,5854850,1590953,33.94,36.75,,,,,,314737,574147,818712
INOXWIND,F&O VOL,19267,14551,,,,,,,,,76,228,459
INOXWIND,F&O OI,22820,28280,,,,,,,,,22833,22865,22875
INOXWIND,CALL VOL,,,,,,,,,,,58,155,248
INOXWIND,CALL OI,1828,,,,,,,,,,1833,1846,1852
INOXWIND,PUT VOL,,,,,,,,,,,0,0,2
INOXWIND,PUT OI,1430,,,,,,,,,,1373,1373,1430
INOXWIND,CALL SPRD,,,,,,,,,,,,,
INOXWIND,PUT SPRD,,,,,,,,,,,,,
IOC,PRICE,131.33,133.32,,,,133.3,132.67,131.78,137.31,136.24,134.0,134.0,134.0
IOC,VWAP,,,,,,,,,,,135.04,135.13,135.02
IOC,CASH VOL,10116269,5538248,3130012,54.73,54.12,,,,,,1366095,2082295,2473067
IOC,F&O VOL,27880,22643,,,,,,,,,1274,3730,4568
IOC,F&O OI,38628,49178,,,,,,,,,38646,38843,38857
IOC,CALL VOL,,,,,,,,,,,806,1061,1180
IOC,CALL OI,1200,,,,,,,,,,2208,1298,1317
IOC,PUT VOL,,,,,,,,,,,135,487,586
IOC,PUT OI,1208,,,,,,,,,,1633,1380,1368
IOC,CALL SPRD,,,,,,,,,,,,,
IOC,PUT SPRD,,,,,,,,,,,,,
IREDA,PRICE,111.0,114.82,,,,111.7,113.77,111.92,112.74,111.8,112.0,112.0,112.0
IREDA,VWAP,,,,,,,,,,,112.41,112.61,112.58
IREDA,CASH VOL,8686276,17078712,1905827,21.18,16.95,,,,,,320112,535213,652374
IREDA,F&O VOL,27300,79904,,,,,,,,,368,1027,1495
IREDA,F&O OI,29541,39016,,,,,,,,,29559,29506,29559
IREDA,CALL VOL,,,,,,,,,,,190,367,608
IREDA,CALL OI,2928,,,,,,,,,,3297,2921,2954
IREDA,PUT VOL,,,,,,,,,,,22,78,114
IREDA,PUT OI,1754,,,,,,,,,,1868,1783,1789
IREDA,CALL SPRD,,,,,,,,,,,,,
IREDA,PUT SPRD,,,,,,,,,,,,,
IRFC,PRICE,80.26,78.55,,,,78.6,79.73,78.66,80.45,80.12,78.0,79.0,78.0
IRFC,VWAP,,,,,,,,,,,78.84,78.94,78.94
IRFC,CASH VOL,15747317,8559481,5023884,33.26,40.88,,,,,,1332083,2077402,2506079
IRFC,F&O VOL,24162,28381,,,,,,,,,876,1956,3064
IRFC,F&O OI,29342,42585,,,,,,,,,29376,29599,29952
IRFC,CALL VOL,4087,2329,,,,,,,,,301,630,883
IRFC,CALL OI,2756,2166,,,,,,,,,2775,2739,2771
IRFC,PUT VOL,1940,992,,,,,,,,,243,436,731
IRFC,PUT OI,2993,2364,,,,,,,,,3078,3145,3301
IRFC,CALL SPRD,,,,,,,,,,,,,
IRFC,PUT SPRD,,,,,,,,,,,,,
ITC,PRICE,265.1,265.2,,,,265.0,265.08,265.02,268.43,267.3,265.0,265.0,264.0
ITC,VWAP,,,,,,,,,,,266.03,265.7,265.43
ITC,CASH VOL,14419948,7863377,7874576,69.59,60.83,,,,,,485612,1014330,1350286
ITC,F&O VOL,116312,110375,,,,,,,,,1490,3464,5409
ITC,F&O OI,133164,191212,,,,,,,,,133277,133689,134055
ITC,CALL VOL,19073,7459,,,,,,,,,791,1686,2625
ITC,CALL OI,12311,8351,,,,,,,,,12345,12494,12713
ITC,PUT VOL,14647,6506,,,,,,,,,557,875,1443
ITC,PUT OI,12481,8660,,,,,,,,,12530,12629,12651
ITC,CALL SPRD,,,,,,,,,,,,,
ITC,PUT SPRD,,,,,,,,,,,,,
JINDALSTEL,PRICE,1130.0,1139.6,,,,1130.0,1137.95,1132.65,1162.28,1157.25,1127.0,1127.0,1129.0
JINDALSTEL,VWAP,,,,,,,,,,,1129.97,1129.43,1128.85
JINDALSTEL,CASH VOL,760609,713950,356535,54.6,53.87,,,,,,171448,208321,244050
JINDALSTEL,F&O VOL,31406,25750,,,,,,,,,449,1326,2577
JINDALSTEL,F&O OI,31794,39996,,,,,,,,,31866,31869,32042
JINDALSTEL,CALL VOL,4988,1218,,,,,,,,,128,494,1153
JINDALSTEL,CALL OI,3584,1385,,,,,,,,,3739,3655,3741
JINDALSTEL,PUT VOL,4386,1138,,,,,,,,,156,540,898
JINDALSTEL,PUT OI,3670,1401,,,,,,,,,3614,3611,3644
JINDALSTEL,CALL SPRD,,,,,,,,,,,,,
JINDALSTEL,PUT SPRD,,,,,,,,,,,,,
JIOFIN,PRICE,217.56,220.5,,,,218.0,217.93,217.68,229.72,227.91,219.0,219.0,219.0
JIOFIN,VWAP,,,,,,,,,,,219.03,219.44,219.35
JIOFIN,CASH VOL,17125032,17931553,4240836,46.92,49.14,,,,,,735002,1359918,1725454
JIOFIN,F&O VOL,123478,128083,,,,,,,,,1432,5263,6795
JIOFIN,F&O OI,149022,180255,,,,,,,,,149226,149873,150149
JIOFIN,CALL VOL,14503,8048,,,,,,,,,550,1673,1960
JIOFIN,CALL OI,10733,6508,,,,,,,,,10804,10959,11021
JIOFIN,PUT VOL,11691,9324,,,,,,,,,338,1031,1383
JIOFIN,PUT OI,14367,10859,,,,,,,,,14385,14492,14557
JIOFIN,CALL SPRD,,,,,,,,,,,,,
JIOFIN,PUT SPRD,,,,,,,,,,,,,
JSWENERGY,PRICE,501.15,495.0,,,,498.0,499.14,495.12,514.5,509.2,496.0,499.0,496.0
JSWENERGY,VWAP,,,,,,,,,,,497.22,498.3,498.21
JSWENERGY,CASH VOL,1639218,1583004,815031,61.87,53.76,,,,,,90984,157369,184526
JSWENERGY,F&O VOL,16984,25628,,,,,,,,,231,529,804
JSWENERGY,F&O OI,30444,36364,,,,,,,,,30543,30640,30731
JSWENERGY,CALL VOL,1595,1292,,,,,,,,,93,266,379
JSWENERGY,CALL OI,1426,869,,,,,,,,,1475,1524,1563
JSWENERGY,PUT VOL,1117,1101,,,,,,,,,60,107,162
JSWENERGY,PUT OI,1671,1089,,,,,,,,,1698,1705,1720
JSWENERGY,CALL SPRD,,,,,,,,,,,,,
JSWENERGY,PUT SPRD,,,,,,,,,,,,,
JSWSTEEL,PRICE,1272.4,1264.1,,,,1272.4,1268.1,1259.5,1284.2,1279.4,1261.0,1260.0,1262.0
JSWSTEEL,VWAP,,,,,,,,,,,1265.07,1261.84,1260.89
JSWSTEEL,CASH VOL,2499215,1216506,1379185,68.11,54.12,,,,,,29486,67623,109866
JSWSTEEL,F&O VOL,28611,34633,,,,,,,,,352,878,1246
JSWSTEEL,F&O OI,70612,82417,,,,,,,,,70644,70778,70830
JSWSTEEL,CALL VOL,,,,,,,,,,,162,359,496
JSWSTEEL,CALL OI,2117,,,,,,,,,,2139,2195,2200
JSWSTEEL,PUT VOL,,,,,,,,,,,64,145,218
JSWSTEEL,PUT OI,3717,,,,,,,,,,3686,3709,3725
JSWSTEEL,CALL SPRD,,,,,,,,,,,,,
JSWSTEEL,PUT SPRD,,,,,,,,,,,,,
JUBLFOOD,PRICE,463.0,478.7,,,,463.4,469.38,465.12,488.85,485.98,462.0,464.0,460.0
JUBLFOOD,VWAP,,,,,,,,,,,464.4,464.59,463.25
JUBLFOOD,CASH VOL,2376051,1167993,755784,35.31,52.64,,,,,,24399,76097,114687
JUBLFOOD,F&O VOL,26154,21233,,,,,,,,,160,456,1076
JUBLFOOD,F&O OI,21426,30252,,,,,,,,,21439,21456,21624
JUBLFOOD,CALL VOL,1577,361,,,,,,,,,48,193,347
JUBLFOOD,CALL OI,691,330,,,,,,,,,893,901,747
JUBLFOOD,PUT VOL,2189,983,,,,,,,,,22,59,158
JUBLFOOD,PUT OI,1040,945,,,,,,,,,1104,1095,1048
JUBLFOOD,CALL SPRD,,,,,,,,,,,,,
JUBLFOOD,PUT SPRD,,,,,,,,,,,,,
KALYANKJIL,PRICE,568.85,564.0,,,,572.0,570.73,569.48,578.67,574.89,568.0,569.0,566.0
KALYANKJIL,VWAP,,,,,,,,,,,569.65,569.82,568.59
KALYANKJIL,CASH VOL,9165283,2660336,1222154,19.05,27.87,,,,,,237453,440171,673891
KALYANKJIL,F&O VOL,68628,48122,,,,,,,,,798,1667,2995
KALYANKJIL,F&O OI,29909,46858,,,,,,,,,30243,30515,30722
KALYANKJIL,CALL VOL,10368,1693,,,,,,,,,403,898,1277
KALYANKJIL,CALL OI,3182,1993,,,,,,,,,3947,4136,3580
KALYANKJIL,PUT VOL,5381,1538,,,,,,,,,116,266,563
KALYANKJIL,PUT OI,3737,2569,,,,,,,,,3765,3802,3861
KALYANKJIL,CALL SPRD,,,,,,,,,,,,,
KALYANKJIL,PUT SPRD,,,,,,,,,,,,,
KAYNES,PRICE,3511.5,3658.0,,,,3520.4,3603.6,3542.2,3614.88,3544.65,3559.0,3576.0,3565.0
KAYNES,VWAP,,,,,,,,,,,3564.47,3582.83,3576.83
KAYNES,CASH VOL,1474271,983180,352344,23.13,27.68,,,,,,54880,123453,164266
KAYNES,F&O VOL,83573,22549,,,,,,,,,384,1785,2635
KAYNES,F&O OI,32446,54805,,,,,,,,,32547,32754,33049
KAYNES,CALL VOL,7712,388,,,,,,,,,267,904,1170
KAYNES,CALL OI,2961,2404,,,,,,,,,3034,3106,3202
KAYNES,PUT VOL,4610,135,,,,,,,,,23,295,574
KAYNES,PUT OI,2748,1593,,,,,,,,,2192,2265,2940
KAYNES,CALL SPRD,,,,,,,,,,,,,
KAYNES,PUT SPRD,,,,,,,,,,,,,
KEI,PRICE,4461.0,4516.0,,,,4504.5,4489.25,4470.42,4667.0,4654.0,4504.0,4513.0,4500.0
KEI,VWAP,,,,,,,,,,,4499.83,4517.52,4515.59
KEI,CASH VOL,622806,219657,213620,59.34,47.29,,,,,,10528,29131,33308
KEI,F&O VOL,34542,42109,,,,,,,,,276,1037,1547
KEI,F&O OI,19863,36098,,,,,,,,,19918,19962,19916
KEI,CALL VOL,4606,1161,,,,,,,,,164,596,899
KEI,CALL OI,3200,1085,,,,,,,,,3240,3260,3220
KEI,PUT VOL,4171,1001,,,,,,,,,139,358,537
KEI,PUT OI,3322,1338,,,,,,,,,3352,3373,3358
KEI,CALL SPRD,,,,,,,,,,,,,
KEI,PUT SPRD,,,,,,,,,,,,,
KFINTECH,PRICE,838.2,884.05,,,,840.0,863.83,846.74,902.9,893.5,846.0,847.0,845.0
KFINTECH,VWAP,,,,,,,,,,,846.87,848.76,847.84
KFINTECH,CASH VOL,1459780,393319,431307,43.59,49.46,,,,,,40082,81998,101687
KFINTECH,F&O VOL,14785,10976,,,,,,,,,367,800,1014
KFINTECH,F&O OI,12319,18745,,,,,,,,,12384,12544,12600
KFINTECH,CALL VOL,1954,778,,,,,,,,,165,352,422
KFINTECH,CALL OI,1104,527,,,,,,,,,1228,1213,1229
KFINTECH,PUT VOL,2019,729,,,,,,,,,196,295,369
KFINTECH,PUT OI,1503,862,,,,,,,,,1538,1578,1588
KFINTECH,CALL SPRD,,,,,,,,,,,,,
KFINTECH,PUT SPRD,,,,,,,,,,,,,
KOTAKBANK,PRICE,406.0,401.55,,,,406.1,404.66,401.98,409.95,405.98,409.0,409.0,409.0
KOTAKBANK,VWAP,,,,,,,,,,,408.35,409.12,409.15
KOTAKBANK,CASH VOL,32613940,15062655,13662393,75.87,67.51,,,,,,518281,1128197,1427760
KOTAKBANK,F&O VOL,67662,76442,,,,,,,,,1015,2258,3014
KOTAKBANK,F&O OI,97059,146571,,,,,,,,,97208,97295,97391
KOTAKBANK,CALL VOL,11175,5966,,,,,,,,,552,1177,1518
KOTAKBANK,CALL OI,4992,3882,,,,,,,,,5042,5077,5091
KOTAKBANK,PUT VOL,7026,3081,,,,,,,,,207,558,752
KOTAKBANK,PUT OI,3752,2312,,,,,,,,,3760,3759,3763
KOTAKBANK,CALL SPRD,,,,,,,,,,,,,
KOTAKBANK,PUT SPRD,,,,,,,,,,,,,
KPITTECH,PRICE,519.7,509.0,,,,510.95,515.67,507.6,523.85,520.88,511.0,516.0,514.0
KPITTECH,VWAP,,,,,,,,,,,513.23,514.96,515.04
KPITTECH,CASH VOL,3351279,896865,1908306,56.51,37.26,,,,,,125311,278511,313079
KPITTECH,F&O VOL,25410,22885,,,,,,,,,726,2229,2895
KPITTECH,F&O OI,22502,34623,,,,,,,,,22596,22716,22848
KPITTECH,CALL VOL,3270,1683,,,,,,,,,464,1288,1634
KPITTECH,CALL OI,2754,2196,,,,,,,,,2437,2894,3018
KPITTECH,PUT VOL,2380,685,,,,,,,,,193,462,557
KPITTECH,PUT OI,2147,1458,,,,,,,,,2193,2186,2195
KPITTECH,CALL SPRD,,,,,,,,,,,,,
KPITTECH,PUT SPRD,,,,,,,,,,,,,
LAURUSLABS,PRICE,1979.0,2010.7,,,,1993.0,2001.95,1986.65,2009.55,2007.85,1990.0,2000.0,1993.0
LAURUSLABS,VWAP,,,,,,,,,,,1982.63,1988.17,1989.3
LAURUSLABS,CASH VOL,2431575,950451,865641,61.64,49.61,,,,,,163491,266769,304519
LAURUSLABS,F&O VOL,41173,45814,,,,,,,,,1476,3533,4474
LAURUSLABS,F&O OI,35115,53435,,,,,,,,,35346,35818,36080
LAURUSLABS,CALL VOL,6593,4354,,,,,,,,,403,1609,1874
LAURUSLABS,CALL OI,4823,4058,,,,,,,,,4034,5138,5255
LAURUSLABS,PUT VOL,3810,2285,,,,,,,,,402,965,1278
LAURUSLABS,PUT OI,3056,2669,,,,,,,,,2974,3228,3309
LAURUSLABS,CALL SPRD,,,,,,,,,,,,,
LAURUSLABS,PUT SPRD,,,,,,,,,,,,,
LICHSGFIN,PRICE,548.5,564.15,,,,555.1,557.62,551.54,564.06,560.17,563.0,557.0,552.0
LICHSGFIN,VWAP,,,,,,,,,,,560.38,560.95,559.52
LICHSGFIN,CASH VOL,2870480,2923229,842088,49.84,45.41,,,,,,406229,820649,1002594
LICHSGFIN,F&O VOL,22014,21715,,,,,,,,,1741,4971,6481
LICHSGFIN,F&O OI,36624,54862,,,,,,,,,37461,38305,38876
LICHSGFIN,CALL VOL,,,,,,,,,,,300,1444,1060
LICHSGFIN,CALL OI,464,,,,,,,,,,771,1262,855
LICHSGFIN,PUT VOL,,,,,,,,,,,295,1136,1388
LICHSGFIN,PUT OI,406,,,,,,,,,,462,706,713
LICHSGFIN,CALL SPRD,,,,,,,,,,,,,
LICHSGFIN,PUT SPRD,,,,,,,,,,,,,
LICI,PRICE,390.0,400.65,,,,395.0,395.5,391.83,408.34,406.93,396.0,396.0,395.0
LICI,VWAP,,,,,,,,,,,395.85,396.04,395.86
LICI,CASH VOL,9662972,5071575,5925768,71.04,45.76,,,,,,520076,827955,1006952
LICI,F&O VOL,35351,38787,,,,,,,,,574,1329,2131
LICI,F&O OI,46684,61924,,,,,,,,,46928,47186,47360
LICI,CALL VOL,5763,1616,,,,,,,,,382,800,1143
LICI,CALL OI,5828,4085,,,,,,,,,6000,6149,6224
LICI,PUT VOL,3445,1343,,,,,,,,,115,261,407
LICI,PUT OI,4436,3038,,,,,,,,,4505,4539,4598
LICI,CALL SPRD,,,,,,,,,,,,,
LICI,PUT SPRD,,,,,,,,,,,,,
LODHA,PRICE,1106.6,1117.1,,,,1103.0,1112.15,1108.45,1160.75,1152.25,1097.0,1112.0,1107.0
LODHA,VWAP,,,,,,,,,,,1103.67,1109.15,1108.74
LODHA,CASH VOL,7960815,1158114,6904447,78.5,48.9,,,,,,125609,282699,338208
LODHA,F&O VOL,38025,49697,,,,,,,,,343,2509,3357
LODHA,F&O OI,15838,34094,,,,,,,,,15866,16311,16420
LODHA,CALL VOL,1968,1523,,,,,,,,,129,865,1025
LODHA,CALL OI,1176,1025,,,,,,,,,1214,1318,1323
LODHA,PUT VOL,2651,2302,,,,,,,,,183,394,824
LODHA,PUT OI,1235,1030,,,,,,,,,1210,1076,1271
LODHA,CALL SPRD,,,,,,,,,,,,,
LODHA,PUT SPRD,,,,,,,,,,,,,
LT,PRICE,3749.1,3766.4,,,,3756.2,3766.0,3754.73,3893.7,3882.03,3762.0,3775.0,3774.0
LT,VWAP,,,,,,,,,,,3763.23,3771.03,3771.52
LT,CASH VOL,2546475,1361601,1049114,64.87,57.82,,,,,,73613,125976,147855
LT,F&O VOL,105956,136639,,,,,,,,,1527,3891,6081
LT,F&O OI,106078,138745,,,,,,,,,106168,106367,106364
LT,CALL VOL,23138,13296,,,,,,,,,697,1594,2838
LT,CALL OI,13241,9350,,,,,,,,,13267,13399,13270
LT,PUT VOL,20354,13638,,,,,,,,,708,1713,2209
LT,PUT OI,15249,10741,,,,,,,,,15276,15282,15323
LT,CALL SPRD,,,,,,,,,,,,,
LT,PUT SPRD,,,,,,,,,,,,,
LTF,PRICE,271.05,280.85,,,,272.0,275.38,272.49,295.85,287.95,271.0,269.0,269.0
LTF,VWAP,,,,,,,,,,,270.45,270.36,270.18
LTF,CASH VOL,13974932,5648582,5954566,51.39,48.01,,,,,,497791,779447,958751
LTF,F&O VOL,62474,41487,,,,,,,,,933,2606,3851
LTF,F&O OI,43709,57714,,,,,,,,,43844,44329,44619
LTF,CALL VOL,8278,2035,,,,,,,,,518,917,1419
LTF,CALL OI,6202,2474,,,,,,,,,6297,6390,6534
LTF,PUT VOL,9230,1856,,,,,,,,,352,683,1122
LTF,PUT OI,7321,3253,,,,,,,,,7366,7370,7424
LTF,CALL SPRD,,,,,,,,,,,,,
LTF,PUT SPRD,,,,,,,,,,,,,
LTM,PRICE,3936.0,4091.4,,,,3979.9,4059.8,3977.27,4156.5,4107.5,3981.0,4072.0,4091.0
LTM,VWAP,,,,,,,,,,,4020.93,4049.51,4060.59
LTM,CASH VOL,1014142,408185,330351,51.15,44.42,,,,,,27817,61040,86961
LTM,F&O VOL,54122,56297,,,,,,,,,1079,4439,6602
LTM,F&O OI,41874,58915,,,,,,,,,41831,41761,41829
LTM,CALL VOL,9574,5263,,,,,,,,,826,2813,4071
LTM,CALL OI,3223,3201,,,,,,,,,3195,3159,3173
LTM,PUT VOL,1991,1952,,,,,,,,,60,331,350
LTM,PUT OI,2404,2296,,,,,,,,,2669,2643,2449
LTM,CALL SPRD,,,,,,,,,,,,,
LTM,PUT SPRD,,,,,,,,,,,,,
LUPIN,PRICE,2052.1,2062.0,,,,2065.0,2074.6,2059.6,2106.25,2096.75,2062.0,2060.0,2049.0
LUPIN,VWAP,,,,,,,,,,,2066.63,2059.73,2058.18
LUPIN,CASH VOL,942745,529550,210651,51.4,58.02,,,,,,25440,87818,114222
LUPIN,F&O VOL,38410,28920,,,,,,,,,443,1433,2078
LUPIN,F&O OI,26562,35000,,,,,,,,,26617,26756,26864
LUPIN,CALL VOL,7527,1079,,,,,,,,,215,670,913
LUPIN,CALL OI,2634,1139,,,,,,,,,3188,3245,2731
LUPIN,PUT VOL,4764,1110,,,,,,,,,119,420,660
LUPIN,PUT OI,2954,1478,,,,,,,,,2963,3014,3089
LUPIN,CALL SPRD,,,,,,,,,,,,,
LUPIN,PUT SPRD,,,,,,,,,,,,,
M&M,PRICE,2947.8,2995.0,,,,2925.0,2969.4,2955.0,3033.12,3029.35,2943.0,2959.0,2961.0
M&M,VWAP,,,,,,,,,,,2954.8,2957.9,2957.71
M&M,CASH VOL,3270487,2078624,1075545,63.22,65.68,,,,,,195737,274253,340309
M&M,F&O VOL,86390,107644,,,,,,,,,3149,6349,8707
M&M,F&O OI,98378,135633,,,,,,,,,99070,99547,99854
M&M,CALL VOL,19924,11608,,,,,,,,,1954,3490,4711
M&M,CALL OI,12384,9718,,,,,,,,,12713,12883,12993
M&M,PUT VOL,12525,8757,,,,,,,,,869,1502,2175
M&M,PUT OI,11072,8912,,,,,,,,,11185,11258,11348
M&M,CALL SPRD,,,,,,,,,,,,,
M&M,PUT SPRD,,,,,,,,,,,,,
MANAPPURAM,PRICE,316.45,313.0,,,,316.45,315.36,313.18,330.57,323.7,316.0,317.0,316.0
MANAPPURAM,VWAP,,,,,,,,,,,315.5,316.41,316.41
MANAPPURAM,CASH VOL,9763639,8621230,2172342,33.62,39.59,,,,,,260681,448342,508973
MANAPPURAM,F&O VOL,54058,9259,,,,,,,,,370,840,1037
MANAPPURAM,F&O OI,24320,31129,,,,,,,,,24373,24451,24461
MANAPPURAM,CALL VOL,2794,1,,,,,,,,,156,333,387
MANAPPURAM,CALL OI,1129,22,,,,,,,,,1131,1126,1117
MANAPPURAM,PUT VOL,2676,1,,,,,,,,,56,169,213
MANAPPURAM,PUT OI,1125,84,,,,,,,,,1117,1133,1132
MANAPPURAM,CALL SPRD,,,,,,,,,,,,,
MANAPPURAM,PUT SPRD,,,,,,,,,,,,,
MANKIND,PRICE,2545.0,2435.6,,,,2545.0,2529.3,2497.9,2451.2,2403.8,2541.0,2538.0,2520.0
MANKIND,VWAP,,,,,,,,,,,2542.43,2540.6,2536.65
MANKIND,CASH VOL,1973968,388832,525766,35.35,58.93,,,,,,27120,54763,71523
MANKIND,F&O VOL,88395,22358,,,,,,,,,1114,2176,3372
MANKIND,F&O OI,15703,21381,,,,,,,,,15726,15850,15670
MANKIND,CALL VOL,18199,704,,,,,,,,,608,1101,1549
MANKIND,CALL OI,2104,557,,,,,,,,,2161,2175,2034
MANKIND,PUT VOL,3041,388,,,,,,,,,211,375,906
MANKIND,PUT OI,1199,415,,,,,,,,,970,998,1290
MANKIND,CALL SPRD,,,,,,,,,,,,,
MANKIND,PUT SPRD,,,,,,,,,,,,,
MARICO,PRICE,787.15,813.25,,,,789.85,798.12,790.81,818.91,818.73,792.0,790.0,790.0
MARICO,VWAP,,,,,,,,,,,792.6,790.98,790.92
MARICO,CASH VOL,1626109,1076911,437572,55.81,60.76,,,,,,125686,242343,316839
MARICO,F&O VOL,22723,17495,,,,,,,,,457,1057,1332
MARICO,F&O OI,17649,23574,,,,,,,,,17740,17866,17931
MARICO,CALL VOL,2315,668,,,,,,,,,268,542,677
MARICO,CALL OI,1002,511,,,,,,,,,1067,1122,1141
MARICO,PUT VOL,2284,684,,,,,,,,,121,305,396
MARICO,PUT OI,1162,526,,,,,,,,,1162,1206,1248
MARICO,CALL SPRD,,,,,,,,,,,,,
MARICO,PUT SPRD,,,,,,,,,,,,,
MARUTI,PRICE,11877.0,12008.0,,,,11901.0,11938.5,11897.5,12125.0,12085.0,11948.0,11966.0,11975.0
MARUTI,VWAP,,,,,,,,,,,11949.67,11954.1,11958.67
MARUTI,CASH VOL,519770,301830,198838,50.08,53.67,,,,,,9742,15146,19596
MARUTI,F&O VOL,222057,247055,,,,,,,,,2223,6509,9764
MARUTI,F&O OI,98705,171637,,,,,,,,,99138,99428,99488
MARUTI,CALL VOL,33533,10972,,,,,,,,,1026,2534,3743
MARUTI,CALL OI,12661,7618,,,,,,,,,12914,13105,13192
MARUTI,PUT VOL,23454,8577,,,,,,,,,423,1690,2150
MARUTI,PUT OI,12133,7421,,,,,,,,,12179,12083,12080
MARUTI,CALL SPRD,,,,,,,,,,,,,
MARUTI,PUT SPRD,,,,,,,,,,,,,
MAXHEALTH,PRICE,982.1,1000.1,,,,963.0,989.55,984.58,1040.3,1022.77,964.0,946.0,927.0
MAXHEALTH,VWAP,,,,,,,,,,,965.23,954.5,945.28
MAXHEALTH,CASH VOL,2611378,2647811,1017971,66.82,61.33,,,,,,284974,657748,1064522
MAXHEALTH,F&O VOL,15869,33012,,,,,,,,,1121,6502,17232
MAXHEALTH,F&O OI,24991,30744,,,,,,,,,25265,26747,29589
MAXHEALTH,CALL VOL,1913,2293,,,,,,,,,396,1005,2228
MAXHEALTH,CALL OI,27,1706,,,,,,,,,943,590,1006
MAXHEALTH,PUT VOL,1218,1832,,,,,,,,,179,3084,8699
MAXHEALTH,PUT OI,522,1167,,,,,,,,,833,1521,2544
MAXHEALTH,CALL SPRD,,,,,,,,,,,,,
MAXHEALTH,PUT SPRD,,,,,,,,,,,,,
MAZDOCK,PRICE,2087.1,2138.0,,,,2083.4,2112.25,2095.48,2231.8,2210.33,2100.0,2123.0,2118.0
MAZDOCK,VWAP,,,,,,,,,,,2106.73,2117.92,2117.89
MAZDOCK,CASH VOL,738710,650380,250440,41.28,34.67,,,,,,54275,92647,110619
MAZDOCK,F&O VOL,36927,53827,,,,,,,,,639,1687,2237
MAZDOCK,F&O OI,40236,63004,,,,,,,,,40348,40501,40579
MAZDOCK,CALL VOL,,,,,,,,,,,206,570,792
MAZDOCK,CALL OI,2678,,,,,,,,,,2714,2841,2889
MAZDOCK,PUT VOL,,,,,,,,,,,80,193,264
MAZDOCK,PUT OI,3472,,,,,,,,,,3482,3502,3518
MAZDOCK,CALL SPRD,,,,,,,,,,,,,
MAZDOCK,PUT SPRD,,,,,,,,,,,,,
MCX,PRICE,3232.0,3263.5,,,,3280.1,3288.0,3250.67,3322.75,3318.45,3310.0,3302.0,3285.0
MCX,VWAP,,,,,,,,,,,3288.1,3290.52,3290.69
MCX,CASH VOL,2094968,1090601,631616,47.58,39.58,,,,,,116711,188839,238766
MCX,F&O VOL,122535,150734,,,,,,,,,3045,6346,8938
MCX,F&O OI,61158,92600,,,,,,,,,61622,61966,62165
MCX,CALL VOL,23835,12317,,,,,,,,,1423,2757,3785
MCX,CALL OI,11505,9667,,,,,,,,,11844,11965,11994
MCX,PUT VOL,15652,8070,,,,,,,,,899,1899,2734
MCX,PUT OI,7665,6456,,,,,,,,,7678,7757,7749
MCX,CALL SPRD,,,,,,,,,,,,,
MCX,PUT SPRD,,,,,,,,,,,,,
MFSL,PRICE,1392.4,1444.0,,,,1386.5,1420.45,1401.75,1475.95,1463.98,1393.0,1385.0,1378.0
MFSL,VWAP,,,,,,,,,,,1387.1,1386.0,1384.35
MFSL,CASH VOL,955322,455773,433831,44.93,42.15,,,,,,19785,47530,61639
MFSL,F&O VOL,30318,39340,,,,,,,,,390,924,1575
MFSL,F&O OI,18544,29703,,,,,,,,,18560,18645,18766
MFSL,CALL VOL,2527,1354,,,,,,,,,59,168,307
MFSL,CALL OI,1170,1079,,,,,,,,,1171,1214,1220
MFSL,PUT VOL,4611,2225,,,,,,,,,170,388,734
MFSL,PUT OI,1481,1458,,,,,,,,,1509,1489,1569
MFSL,CALL SPRD,,,,,,,,,,,,,
MFSL,PUT SPRD,,,,,,,,,,,,,
MOTHERSON,PRICE,158.56,162.37,,,,160.35,160.9,159.34,164.93,163.36,161.0,161.0,162.0
MOTHERSON,VWAP,,,,,,,,,,,161.77,161.91,162.13
MOTHERSON,CASH VOL,14156331,9738841,7109968,57.11,48.26,,,,,,946037,1546856,3935548
MOTHERSON,F&O VOL,28332,27405,,,,,,,,,436,920,2067
MOTHERSON,F&O OI,27371,36184,,,,,,,,,27400,27430,27659
MOTHERSON,CALL VOL,4582,5401,,,,,,,,,281,523,1366
MOTHERSON,CALL OI,2602,2504,,,,,,,,,2615,2572,2618
MOTHERSON,PUT VOL,1766,1672,,,,,,,,,99,245,559
MOTHERSON,PUT OI,1823,1530,,,,,,,,,1836,1907,2021
MOTHERSON,CALL SPRD,,,,,,,,,,,,,
MOTHERSON,PUT SPRD,,,,,,,,,,,,,
MOTILALOFS,PRICE,996.2,1011.6,,,,999.9,1004.65,999.02,1027.87,1025.6,1003.0,1004.0,1007.0
MOTILALOFS,VWAP,,,,,,,,,,,1005.33,1006.41,1007.72
MOTILALOFS,CASH VOL,873780,709373,387603,53.21,47.57,,,,,,30924,54799,161144
MOTILALOFS,F&O VOL,10429,17160,,,,,,,,,233,571,853
MOTILALOFS,F&O OI,8882,14708,,,,,,,,,8955,9077,9078
MOTILALOFS,CALL VOL,1120,1256,,,,,,,,,117,343,516
MOTILALOFS,CALL OI,1068,901,,,,,,,,,1113,1148,1165
MOTILALOFS,PUT VOL,680,842,,,,,,,,,83,122,171
MOTILALOFS,PUT OI,837,656,,,,,,,,,849,877,884
MOTILALOFS,CALL SPRD,,,,,,,,,,,,,
MOTILALOFS,PUT SPRD,,,,,,,,,,,,,
MPHASIS,PRICE,2154.4,2237.5,,,,2164.5,2196.65,2168.48,2258.65,2242.22,2177.0,2216.0,2221.0
MPHASIS,VWAP,,,,,,,,,,,2196.13,2203.4,2208.76
MPHASIS,CASH VOL,420858,310054,226172,64.85,47.73,,,,,,32159,52074,72480
MPHASIS,F&O VOL,13088,23739,,,,,,,,,364,988,1953
MPHASIS,F&O OI,23497,30524,,,,,,,,,23520,23592,23803
MPHASIS,CALL VOL,1507,1344,,,,,,,,,224,628,1293
MPHASIS,CALL OI,1071,796,,,,,,,,,1085,1112,1296
MPHASIS,PUT VOL,1448,364,,,,,,,,,87,156,260
MPHASIS,PUT OI,1013,526,,,,,,,,,1032,1016,1034
MPHASIS,CALL SPRD,,,,,,,,,,,,,
MPHASIS,PUT SPRD,,,,,,,,,,,,,
MUTHOOTFIN,PRICE,2736.8,2760.0,,,,2747.9,2736.3,2735.3,2841.1,2837.03,2757.0,2763.0,2760.0
MUTHOOTFIN,VWAP,,,,,,,,,,,2757.7,2761.62,2761.97
MUTHOOTFIN,CASH VOL,1190791,804121,437045,62.98,50.54,,,,,,16646,47276,63120
MUTHOOTFIN,F&O VOL,44418,67731,,,,,,,,,364,896,1308
MUTHOOTFIN,F&O OI,35497,59515,,,,,,,,,35552,35578,35583
MUTHOOTFIN,CALL VOL,7786,4331,,,,,,,,,160,512,689
MUTHOOTFIN,CALL OI,4497,2670,,,,,,,,,4516,4548,4541
MUTHOOTFIN,PUT VOL,5558,5561,,,,,,,,,57,173,268
MUTHOOTFIN,PUT OI,3931,2774,,,,,,,,,3930,3942,3941
MUTHOOTFIN,CALL SPRD,,,,,,,,,,,,,
MUTHOOTFIN,PUT SPRD,,,,,,,,,,,,,
NAM-INDIA,PRICE,1068.0,1093.9,,,,1077.0,1082.85,1072.95,1155.63,1152.9,1081.0,1081.0,1073.0
NAM-INDIA,VWAP,,,,,,,,,,,1083.33,1083.2,1080.42
NAM-INDIA,CASH VOL,983587,1010185,345383,52.72,47.45,,,,,,31323,44558,62355
NAM-INDIA,F&O VOL,10017,24051,,,,,,,,,224,325,531
NAM-INDIA,F&O OI,7831,20677,,,,,,,,,7840,7827,7904
NAM-INDIA,CALL VOL,420,311,,,,,,,,,130,143,174
NAM-INDIA,CALL OI,315,177,,,,,,,,,330,328,342
NAM-INDIA,PUT VOL,498,896,,,,,,,,,0,11,30
NAM-INDIA,PUT OI,751,657,,,,,,,,,751,747,751
NAM-INDIA,CALL SPRD,,,,,,,,,,,,,
NAM-INDIA,PUT SPRD,,,,,,,,,,,,,
NATIONALUM,PRICE,346.65,349.0,,,,345.05,345.76,343.98,357.81,356.02,346.0,346.0,345.0
NATIONALUM,VWAP,,,,,,,,,,,345.9,346.05,345.88
NATIONALUM,CASH VOL,7334608,7127278,3157286,54.12,40.43,,,,,,299524,431682,555255
NATIONALUM,F&O VOL,37309,86114,,,,,,,,,1258,2004,3166
NATIONALUM,F&O OI,35828,51069,,,,,,,,,35988,36209,36394
NATIONALUM,CALL VOL,,,,,,,,,,,779,1155,1553
NATIONALUM,CALL OI,5126,,,,,,,,,,5084,5147,5266
NATIONALUM,PUT VOL,,,,,,,,,,,263,519,946
NATIONALUM,PUT OI,5792,,,,,,,,,,5694,5770,5840
NATIONALUM,CALL SPRD,,,,,,,,,,,,,
NATIONALUM,PUT SPRD,,,,,,,,,,,,,
NAUKRI,PRICE,1245.0,1253.9,,,,1235.0,1243.93,1241.8,1262.5,1257.37,1232.0,1231.0,1235.0
NAUKRI,VWAP,,,,,,,,,,,1235.93,1234.08,1234.24
NAUKRI,CASH VOL,1242585,1070424,312817,54.51,53.56,,,,,,61724,201951,267117
NAUKRI,F&O VOL,15822,31524,,,,,,,,,620,1568,2005
NAUKRI,F&O OI,28176,38445,,,,,,,,,28286,28432,28510
NAUKRI,CALL VOL,2085,1969,,,,,,,,,299,721,882
NAUKRI,CALL OI,1370,1221,,,,,,,,,1449,1512,1550
NAUKRI,PUT VOL,1430,751,,,,,,,,,163,503,586
NAUKRI,PUT OI,713,535,,,,,,,,,733,779,763
NAUKRI,CALL SPRD,,,,,,,,,,,,,
NAUKRI,PUT SPRD,,,,,,,,,,,,,
NBCC,PRICE,78.01,80.21,,,,78.83,79.34,78.45,82.89,82.87,79.0,79.0,79.0
NBCC,VWAP,,,,,,,,,,,79.46,79.51,79.41
NBCC,CASH VOL,8592936,5061781,2094410,39.16,45.35,,,,,,725430,1151848,1491461
NBCC,F&O VOL,17443,14003,,,,,,,,,299,584,916
NBCC,F&O OI,17829,22282,,,,,,,,,17905,17957,18029
NBCC,CALL VOL,,,,,,,,,,,60,128,194
NBCC,CALL OI,505,,,,,,,,,,506,544,567
NBCC,PUT VOL,,,,,,,,,,,69,99,149
NBCC,PUT OI,570,,,,,,,,,,517,583,603
NBCC,CALL SPRD,,,,,,,,,,,,,
NBCC,PUT SPRD,,,,,,,,,,,,,
NESTLEIND,PRICE,1345.7,1346.0,,,,1341.5,1344.25,1341.35,1370.6,1365.27,1334.0,1334.0,1337.0
NESTLEIND,VWAP,,,,,,,,,,,1338.1,1336.33,1336.47
NESTLEIND,CASH VOL,1748621,702425,1041310,71.19,67.06,,,,,,37917,71384,86053
NESTLEIND,F&O VOL,15765,20650,,,,,,,,,70,465,679
NESTLEIND,F&O OI,23903,32026,,,,,,,,,23915,24083,24099
NESTLEIND,CALL VOL,826,451,,,,,,,,,18,71,115
NESTLEIND,CALL OI,482,316,,,,,,,,,488,464,492
NESTLEIND,PUT VOL,1198,901,,,,,,,,,34,86,119
NESTLEIND,PUT OI,1034,796,,,,,,,,,1054,1140,1091
NESTLEIND,CALL SPRD,,,,,,,,,,,,,
NESTLEIND,PUT SPRD,,,,,,,,,,,,,
NHPC,PRICE,73.32,74.5,,,,73.56,74.0,73.55,76.13,76.04,73.0,73.0,73.0
NHPC,VWAP,,,,,,,,,,,73.78,73.88,73.86
NHPC,CASH VOL,11242484,5560492,5133564,52.65,47.41,,,,,,191451,433069,551325
NHPC,F&O VOL,15583,19130,,,,,,,,,167,493,949
NHPC,F&O OI,21322,30628,,,,,,,,,21357,21479,21566
NHPC,CALL VOL,1286,908,,,,,,,,,77,163,250
NHPC,CALL OI,922,716,,,,,,,,,937,949,991
NHPC,PUT VOL,1225,643,,,,,,,,,92,283,347
NHPC,PUT OI,1370,1048,,,,,,,,,1379,1467,1468
NHPC,CALL SPRD,,,,,,,,,,,,,
NHPC,PUT SPRD,,,,,,,,,,,,,
NMDC,PRICE,77.0,77.43,,,,77.0,76.98,76.94,80.83,80.21,77.0,77.0,77.0
NMDC,VWAP,,,,,,,,,,,77.15,77.44,77.46
NMDC,CASH VOL,19014554,24084137,5141124,60.73,62.0,,,,,,477248,1303122,1595671
NMDC,F&O VOL,29931,61610,,,,,,,,,450,1129,1405
NMDC,F&O OI,66431,77274,,,,,,,,,66493,66705,66801
NMDC,CALL VOL,6059,2743,,,,,,,,,228,530,605
NMDC,CALL OI,3551,2188,,,,,,,,,3401,3694,3718
NMDC,PUT VOL,1603,1619,,,,,,,,,151,265,313
NMDC,PUT OI,3306,2756,,,,,,,,,3424,3373,3409
NMDC,CALL SPRD,,,,,,,,,,,,,
NMDC,PUT SPRD,,,,,,,,,,,,,
NTPC,PRICE,323.5,321.1,,,,323.5,322.76,321.27,326.55,326.45,322.0,321.0,321.0
NTPC,VWAP,,,,,,,,,,,322.38,322.23,322.08
NTPC,CASH VOL,11956206,5982092,6919112,66.62,56.64,,,,,,161971,331970,403167
NTPC,F&O VOL,42375,72668,,,,,,,,,418,1070,1617
NTPC,F&O OI,76526,110524,,,,,,,,,76607,76786,76815
NTPC,CALL VOL,,,,,,,,,,,205,577,776
NTPC,CALL OI,3561,,,,,,,,,,3612,3730,3731
NTPC,PUT VOL,,,,,,,,,,,105,190,317
NTPC,PUT OI,2668,,,,,,,,,,2692,2721,2755
NTPC,CALL SPRD,,,,,,,,,,,,,
NTPC,PUT SPRD,,,,,,,,,,,,,
NYKAA,PRICE,327.35,325.5,,,,327.0,326.41,324.52,333.92,333.77,328.0,328.0,329.0
NYKAA,VWAP,,,,,,,,,,,328.53,328.81,328.95
NYKAA,CASH VOL,4395026,3504134,1661204,59.79,55.28,,,,,,209758,289606,355229
NYKAA,F&O VOL,10528,15799,,,,,,,,,235,477,617
NYKAA,F&O OI,13560,17272,,,,,,,,,13584,13681,13707
NYKAA,CALL VOL,1266,1040,,,,,,,,,161,237,287
NYKAA,CALL OI,1011,890,,,,,,,,,1040,1053,1066
NYKAA,PUT VOL,968,515,,,,,,,,,102,126,175
NYKAA,PUT OI,713,542,,,,,,,,,714,740,757
NYKAA,CALL SPRD,,,,,,,,,,,,,
NYKAA,PUT SPRD,,,,,,,,,,,,,
OBEROIRLTY,PRICE,1762.9,1830.0,,,,1760.0,1794.05,1773.28,1845.2,1818.6,1756.0,1771.0,1765.0
OBEROIRLTY,VWAP,,,,,,,,,,,1762.67,1770.64,1770.14
OBEROIRLTY,CASH VOL,395959,364239,139740,57.3,46.02,,,,,,35652,67410,76471
OBEROIRLTY,F&O VOL,14047,21459,,,,,,,,,211,762,1015
OBEROIRLTY,F&O OI,13306,23207,,,,,,,,,13337,13442,13479
OBEROIRLTY,CALL VOL,862,1082,,,,,,,,,13,129,164
OBEROIRLTY,CALL OI,401,179,,,,,,,,,438,439,450
OBEROIRLTY,PUT VOL,1432,772,,,,,,,,,112,208,240
OBEROIRLTY,PUT OI,764,626,,,,,,,,,797,768,756
OBEROIRLTY,CALL SPRD,,,,,,,,,,,,,
OBEROIRLTY,PUT SPRD,,,,,,,,,,,,,
OFSS,PRICE,10406.0,10800.0,,,,10525.0,10641.0,10484.33,11059.5,10866.5,10569.0,10694.0,10683.0
OFSS,VWAP,,,,,,,,,,,10600.0,10648.82,10657.98
OFSS,CASH VOL,181154,194825,64334,43.05,33.03,,,,,,13527,25589,32644
OFSS,F&O VOL,50451,83798,,,,,,,,,619,2660,4355
OFSS,F&O OI,21334,42802,,,,,,,,,21406,21701,21965
OFSS,CALL VOL,2977,2528,,,,,,,,,244,1212,1981
OFSS,CALL OI,1755,1243,,,,,,,,,1743,2001,2069
OFSS,PUT VOL,3372,1525,,,,,,,,,71,408,586
OFSS,PUT OI,2133,1444,,,,,,,,,2199,2247,2334
OFSS,CALL SPRD,,,,,,,,,,,,,
OFSS,PUT SPRD,,,,,,,,,,,,,
OIL,PRICE,459.45,468.0,,,,458.0,463.6,460.83,474.36,472.77,460.0,460.0,460.0
OIL,VWAP,,,,,,,,,,,459.87,460.48,460.73
OIL,CASH VOL,2140454,1767496,1161373,51.24,56.3,,,,,,44782,66175,75899
OIL,F&O VOL,8101,13643,,,,,,,,,128,301,397
OIL,F&O OI,12105,20731,,,,,,,,,12110,12103,12097
OIL,CALL VOL,710,603,,,,,,,,,38,89,109
OIL,CALL OI,666,487,,,,,,,,,676,682,685
OIL,PUT VOL,437,398,,,,,,,,,36,56,63
OIL,PUT OI,713,558,,,,,,,,,720,716,712
OIL,CALL SPRD,,,,,,,,,,,,,
OIL,PUT SPRD,,,,,,,,,,,,,
ONGC,PRICE,230.0,230.0,,,,230.21,229.92,229.75,235.79,235.66,230.0,231.0,231.0
ONGC,VWAP,,,,,,,,,,,230.74,230.98,230.99
ONGC,CASH VOL,13380638,9819757,7688937,66.99,59.58,,,,,,298993,516241,664571
ONGC,F&O VOL,45931,60840,,,,,,,,,516,1632,3031
ONGC,F&O OI,43107,66909,,,,,,,,,43167,43265,43457
ONGC,CALL VOL,9475,4739,,,,,,,,,266,589,1215
ONGC,CALL OI,5698,4270,,,,,,,,,5712,5778,5842
ONGC,PUT VOL,5528,3435,,,,,,,,,140,367,815
ONGC,PUT OI,5589,3655,,,,,,,,,5598,5593,5607
ONGC,CALL SPRD,,,,,,,,,,,,,
ONGC,PUT SPRD,,,,,,,,,,,,,
PAGEIND,PRICE,36580.0,37500.0,,,,36695.0,36990.0,36716.67,37353.33,36670.0,36725.0,36835.0,36745.0
PAGEIND,VWAP,,,,,,,,,,,36738.33,36753.18,36763.86
PAGEIND,CASH VOL,25120,15742,6600,45.53,48.32,,,,,,1067,1687,2186
PAGEIND,F&O VOL,14447,24529,,,,,,,,,88,308,628
PAGEIND,F&O OI,12450,18862,,,,,,,,,12458,12576,12607
PAGEIND,CALL VOL,339,135,,,,,,,,,24,86,182
PAGEIND,CALL OI,342,225,,,,,,,,,348,411,430
PAGEIND,PUT VOL,441,340,,,,,,,,,3,54,102
PAGEIND,PUT OI,574,480,,,,,,,,,574,566,594
PAGEIND,CALL SPRD,,,,,,,,,,,,,
PAGEIND,PUT SPRD,,,,,,,,,,,,,
PATANJALI,PRICE,371.4,390.8,,,,369.7,380.25,374.35,398.99,389.07,370.0,371.0,369.0
PATANJALI,VWAP,,,,,,,,,,,370.75,371.37,371.0
PATANJALI,CASH VOL,3725050,3491544,554968,24.01,37.31,,,,,,99754,171050,222201
PATANJALI,F&O VOL,61623,70615,,,,,,,,,544,1669,2175
PATANJALI,F&O OI,46884,60600,,,,,,,,,47118,47375,47444
PATANJALI,CALL VOL,3141,2036,,,,,,,,,98,371,515
PATANJALI,CALL OI,1601,621,,,,,,,,,1661,1834,1906
PATANJALI,PUT VOL,6916,3080,,,,,,,,,98,401,521
PATANJALI,PUT OI,1786,1363,,,,,,,,,1801,1811,1848
PATANJALI,CALL SPRD,,,,,,,,,,,,,
PATANJALI,PUT SPRD,,,,,,,,,,,,,
PAYTM,PRICE,1683.0,1635.8,,,,1701.0,1674.68,1658.05,1744.05,1697.35,1705.0,1701.0,1695.0
PAYTM,VWAP,,,,,,,,,,,1699.2,1700.74,1698.91
PAYTM,CASH VOL,3925804,4017703,956686,41.68,47.43,,,,,,159711,281304,356321
PAYTM,F&O VOL,85536,116228,,,,,,,,,2179,4658,5918
PAYTM,F&O OI,35768,62841,,,,,,,,,36265,36378,36425
PAYTM,CALL VOL,14677,5834,,,,,,,,,1215,2487,2357
PAYTM,CALL OI,4300,3565,,,,,,,,,6339,6245,4366
PAYTM,PUT VOL,7036,5708,,,,,,,,,388,883,1203
PAYTM,PUT OI,4071,3798,,,,,,,,,4548,4581,4188
PAYTM,CALL SPRD,,,,,,,,,,,,,
PAYTM,PUT SPRD,,,,,,,,,,,,,
PERSISTENT,PRICE,5162.0,5328.5,,,,5200.0,5255.25,5193.08,5356.5,5325.5,5236.0,5328.0,5326.0
PERSISTENT,VWAP,,,,,,,,,,,5285.17,5311.28,5314.57
PERSISTENT,CASH VOL,294063,335528,134347,46.99,41.21,,,,,,20106,48119,60645
PERSISTENT,F&O VOL,36028,57351,,,,,,,,,1318,3481,4518
PERSISTENT,F&O OI,31323,53761,,,,,,,,,31326,31634,31793
PERSISTENT,CALL VOL,5911,3159,,,,,,,,,990,2353,2913
PERSISTENT,CALL OI,2631,2094,,,,,,,,,2562,2812,2888
PERSISTENT,PUT VOL,3096,2050,,,,,,,,,281,596,767
PERSISTENT,PUT OI,2424,1984,,,,,,,,,2474,2537,2585
PERSISTENT,CALL SPRD,,,,,,,,,,,,,
PERSISTENT,PUT SPRD,,,,,,,,,,,,,
PETRONET,PRICE,282.95,289.85,,,,285.1,285.12,283.68,285.99,284.98,285.0,287.0,286.0
PETRONET,VWAP,,,,,,,,,,,286.67,287.38,287.19
PETRONET,CASH VOL,2819999,2937411,1378121,56.79,44.24,,,,,,117999,198199,242116
PETRONET,F&O VOL,14988,37427,,,,,,,,,539,822,979
PETRONET,F&O OI,18013,23110,,,,,,,,,18089,18089,18072
PETRONET,CALL VOL,,,,,,,,,,,367,513,629
PETRONET,CALL OI,1518,,,,,,,,,,1554,1549,1539
PETRONET,PUT VOL,,,,,,,,,,,89,160,205
PETRONET,PUT OI,794,,,,,,,,,,843,851,862
PETRONET,CALL SPRD,,,,,,,,,,,,,
PETRONET,PUT SPRD,,,,,,,,,,,,,
PFC,PRICE,324.1,330.0,,,,325.85,325.7,324.63,343.12,339.71,327.0,328.0,327.0
PFC,VWAP,,,,,,,,,,,327.93,328.65,328.55
PFC,CASH VOL,13111275,10003097,3651982,62.15,61.19,,,,,,247793,520258,653492
PFC,F&O VOL,93131,68032,,,,,,,,,949,2248,2799
PFC,F&O OI,106385,123111,,,,,,,,,106405,106594,106665
PFC,CALL VOL,15876,4225,,,,,,,,,447,1082,1333
PFC,CALL OI,9936,4989,,,,,,,,,9939,10062,10114
PFC,PUT VOL,12736,3096,,,,,,,,,315,589,734
PFC,PUT OI,8804,5770,,,,,,,,,8818,8864,8889
PFC,CALL SPRD,,,,,,,,,,,,,
PFC,PUT SPRD,,,,,,,,,,,,,
PGEL,PRICE,493.15,507.0,,,,499.9,501.55,495.95,526.73,521.24,500.0,502.0,501.0
PGEL,VWAP,,,,,,,,,,,502.0,503.2,502.78
PGEL,CASH VOL,1964023,505897,493213,44.52,34.77,,,,,,35460,84088,106292
PGEL,F&O VOL,16396,16230,,,,,,,,,206,514,690
PGEL,F&O OI,15680,23693,,,,,,,,,15754,15802,15847
PGEL,CALL VOL,1326,904,,,,,,,,,136,325,386
PGEL,CALL OI,1237,752,,,,,,,,,1288,1319,1339
PGEL,PUT VOL,1443,894,,,,,,,,,21,44,99
PGEL,PUT OI,1648,990,,,,,,,,,1648,1648,1675
PGEL,CALL SPRD,,,,,,,,,,,,,
PGEL,PUT SPRD,,,,,,,,,,,,,
PHOENIXLTD,PRICE,1929.0,1952.2,,,,1940.4,1937.0,1931.67,1974.85,1967.75,1917.0,1922.0,1923.0
PHOENIXLTD,VWAP,,,,,,,,,,,1927.53,1926.51,1925.43
PHOENIXLTD,CASH VOL,381228,154647,141767,60.59,53.01,,,,,,9468,22069,31396
PHOENIXLTD,F&O VOL,9235,21778,,,,,,,,,6,60,169
PHOENIXLTD,F&O OI,11144,15774,,,,,,,,,11144,11153,11194
PHOENIXLTD,CALL VOL,167,228,,,,,,,,,0,31,100
PHOENIXLTD,CALL OI,385,316,,,,,,,,,385,390,412
PHOENIXLTD,PUT VOL,303,142,,,,,,,,,0,0,0
PHOENIXLTD,PUT OI,226,163,,,,,,,,,221,221,226
PHOENIXLTD,CALL SPRD,,,,,,,,,,,,,
PHOENIXLTD,PUT SPRD,,,,,,,,,,,,,
PIDILITIND,PRICE,1461.0,1503.0,,,,1481.0,1480.7,1467.57,1546.85,1527.08,1484.0,1490.0,1493.0
PIDILITIND,VWAP,,,,,,,,,,,1486.0,1487.52,1488.94
PIDILITIND,CASH VOL,1073488,585752,322887,63.73,55.21,,,,,,30992,60259,79205
PIDILITIND,F&O VOL,13470,13537,,,,,,,,,228,624,1050
PIDILITIND,F&O OI,12887,17573,,,,,,,,,12893,12929,12945
PIDILITIND,CALL VOL,1505,960,,,,,,,,,132,332,668
PIDILITIND,CALL OI,905,553,,,,,,,,,590,630,953
PIDILITIND,PUT VOL,1758,1595,,,,,,,,,51,132,210
PIDILITIND,PUT OI,1002,971,,,,,,,,,939,941,991
PIDILITIND,CALL SPRD,,,,,,,,,,,,,
PIDILITIND,PUT SPRD,,,,,,,,,,,,,
PIIND,PRICE,2288.8,2349.0,,,,2290.0,2313.9,2297.17,2390.73,2372.2,2298.0,2309.0,2295.0
PIIND,VWAP,,,,,,,,,,,2309.03,2312.76,2308.76
PIIND,CASH VOL,186578,113053,77968,48.68,38.47,,,,,,3194,5258,7456
PIIND,F&O VOL,31148,27228,,,,,,,,,205,620,1005
PIIND,F&O OI,28306,43770,,,,,,,,,28303,28399,28434
PIIND,CALL VOL,,,,,,,,,,,81,133,265
PIIND,CALL OI,719,,,,,,,,,,1407,736,784
PIIND,PUT VOL,,,,,,,,,,,0,11,53
PIIND,PUT OI,959,,,,,,,,,,1591,962,950
PIIND,CALL SPRD,,,,,,,,,,,,,
PIIND,PUT SPRD,,,,,,,,,,,,,
PNB,PRICE,111.75,112.6,,,,111.8,112.27,111.92,117.56,116.92,113.0,113.0,113.0
PNB,VWAP,,,,,,,,,,,112.99,113.38,113.34
PNB,CASH VOL,25885049,14250157,12114656,57.45,51.22,,,,,,521830,1061444,1257641
PNB,F&O VOL,30971,40538,,,,,,,,,356,988,1401
PNB,F&O OI,41209,49548,,,,,,,,,41258,41320,41391
PNB,CALL VOL,3737,1503,,,,,,,,,144,365,482
PNB,CALL OI,1715,1056,,,,,,,,,1914,1772,1790
PNB,PUT VOL,3543,2205,,,,,,,,,82,179,278
PNB,PUT OI,2487,1720,,,,,,,,,2510,2537,2575
PNB,CALL SPRD,,,,,,,,,,,,,
PNB,PUT SPRD,,,,,,,,,,,,,
PNBHOUSING,PRICE,1098.2,1085.0,,,,1098.0,1098.45,1098.28,1115.9,1101.9,1100.0,1106.0,1103.0
PNBHOUSING,VWAP,,,,,,,,,,,1103.73,1107.78,1105.84
PNBHOUSING,CASH VOL,907413,988333,198822,41.84,55.91,,,,,,9225,22549,107780
PNBHOUSING,F&O VOL,27536,20407,,,,,,,,,156,647,865
PNBHOUSING,F&O OI,18526,24168,,,,,,,,,18531,18604,18654
PNBHOUSING,CALL VOL,3576,690,,,,,,,,,98,360,466
PNBHOUSING,CALL OI,1037,565,,,,,,,,,1019,1035,1049
PNBHOUSING,PUT VOL,1322,607,,,,,,,,,22,97,146
PNBHOUSING,PUT OI,975,661,,,,,,,,,979,992,1021
PNBHOUSING,CALL SPRD,,,,,,,,,,,,,
PNBHOUSING,PUT SPRD,,,,,,,,,,,,,
POLICYBZR,PRICE,1081.0,1151.3,,,,1087.0,1119.65,1093.88,1509.95,1280.65,1084.0,1071.0,1060.0
POLICYBZR,VWAP,,,,,,,,,,,1082.6,1076.98,1071.02
POLICYBZR,CASH VOL,19346053,10839191,3718127,55.3,31.84,,,,,,442122,993227,1485968
POLICYBZR,F&O VOL,490619,657591,,,,,,,,,10571,27277,46328
POLICYBZR,F&O OI,129971,199630,,,,,,,,,132398,135366,138139
POLICYBZR,CALL VOL,28463,29905,,,,,,,,,4047,7253,12764
POLICYBZR,CALL OI,8215,12236,,,,,,,,,10943,10329,11603
POLICYBZR,PUT VOL,51948,22906,,,,,,,,,2841,8313,15175
POLICYBZR,PUT OI,11502,8461,,,,,,,,,11338,12497,12921
POLICYBZR,CALL SPRD,,,,,,,,,,,,,
POLICYBZR,PUT SPRD,,,,,,,,,,,,,
POLYCAB,PRICE,8102.5,8191.0,,,,8102.5,8179.25,8128.08,8403.5,8393.5,8085.0,8127.0,8114.0
POLYCAB,VWAP,,,,,,,,,,,8082.0,8132.57,8130.97
POLYCAB,CASH VOL,1645809,274844,1279951,72.64,51.08,,,,,,44128,117082,127574
POLYCAB,F&O VOL,64184,62558,,,,,,,,,856,2903,3518
POLYCAB,F&O OI,26153,47256,,,,,,,,,26348,26675,26898
POLYCAB,CALL VOL,5684,2313,,,,,,,,,320,1135,1337
POLYCAB,CALL OI,3104,1721,,,,,,,,,3205,3271,3361
POLYCAB,PUT VOL,7455,4136,,,,,,,,,261,848,1019
POLYCAB,PUT OI,4736,2198,,,,,,,,,4774,4916,4963
POLYCAB,CALL SPRD,,,,,,,,,,,,,
POLYCAB,PUT SPRD,,,,,,,,,,,,,
POWERGRID,PRICE,261.5,261.85,,,,261.5,264.38,262.46,269.11,268.32,261.0,260.0,261.0
POWERGRID,VWAP,,,,,,,,,,,261.12,260.99,260.97
POWERGRID,CASH VOL,25174350,10278456,15159888,66.78,67.68,,,,,,525010,845469,1002800
POWERGRID,F&O VOL,46212,34579,,,,,,,,,723,1798,2573
POWERGRID,F&O OI,47671,67058,,,,,,,,,47727,47916,47918
POWERGRID,CALL VOL,9190,2574,,,,,,,,,285,797,1091
POWERGRID,CALL OI,3854,2718,,,,,,,,,3889,3911,3904
POWERGRID,PUT VOL,10042,2406,,,,,,,,,251,650,914
POWERGRID,PUT OI,4065,2769,,,,,,,,,4130,4258,4271
POWERGRID,CALL SPRD,,,,,,,,,,,,,
POWERGRID,PUT SPRD,,,,,,,,,,,,,
POWERINDIA,PRICE,30735.0,30260.0,,,,30680.0,30622.5,30397.5,31610.0,31226.67,30335.0,30955.0,30800.0
POWERINDIA,VWAP,,,,,,,,,,,30370.0,30731.57,30750.98
POWERINDIA,CASH VOL,387016,64781,315736,69.88,42.15,,,,,,8213,20063,23573
POWERINDIA,F&O VOL,81530,95994,,,,,,,,,1249,3975,5131
POWERINDIA,F&O OI,29740,65359,,,,,,,,,30023,29987,30029
POWERINDIA,CALL VOL,6774,3273,,,,,,,,,804,2162,2702
POWERINDIA,CALL OI,3924,2827,,,,,,,,,4141,4128,4219
POWERINDIA,PUT VOL,4021,2293,,,,,,,,,357,721,907
POWERINDIA,PUT OI,5170,4221,,,,,,,,,5308,5096,5098
POWERINDIA,CALL SPRD,,,,,,,,,,,,,
POWERINDIA,PUT SPRD,,,,,,,,,,,,,
PREMIERENE,PRICE,870.0,906.0,,,,868.3,885.6,875.2,902.3,898.37,867.0,879.0,874.0
PREMIERENE,VWAP,,,,,,,,,,,870.5,874.21,874.64
PREMIERENE,CASH VOL,3053623,1041474,993559,36.78,34.1,,,,,,82563,151957,180779
PREMIERENE,F&O VOL,63402,34094,,,,,,,,,1473,3420,4361
PREMIERENE,F&O OI,29135,36832,,,,,,,,,29200,29407,29557
PREMIERENE,CALL VOL,13548,1773,,,,,,,,,733,1748,1962
PREMIERENE,CALL OI,5732,2649,,,,,,,,,5752,5802,5779
PREMIERENE,PUT VOL,9530,1531,,,,,,,,,251,643,972
PREMIERENE,PUT OI,4012,1658,,,,,,,,,4021,4026,4132
PREMIERENE,CALL SPRD,,,,,,,,,,,,,
PREMIERENE,PUT SPRD,,,,,,,,,,,,,
PRESTIGE,PRICE,1417.5,1470.8,,,,1425.0,1441.25,1425.42,1476.8,1474.8,1434.0,1434.0,1433.0
PRESTIGE,VWAP,,,,,,,,,,,1438.97,1441.69,1440.5
PRESTIGE,CASH VOL,746201,576978,453925,59.87,56.18,,,,,,31057,53291,62225
PRESTIGE,F&O VOL,15850,26738,,,,,,,,,380,768,1072
PRESTIGE,F&O OI,15844,24070,,,,,,,,,15875,15974,15947
PRESTIGE,CALL VOL,760,1025,,,,,,,,,128,299,380
PRESTIGE,CALL OI,897,677,,,,,,,,,926,971,962
PRESTIGE,PUT VOL,1834,1977,,,,,,,,,190,238,320
PRESTIGE,PUT OI,1825,1367,,,,,,,,,1821,1825,1841
PRESTIGE,CALL SPRD,,,,,,,,,,,,,
PRESTIGE,PUT SPRD,,,,,,,,,,,,,
RADICO,PRICE,4364.0,4478.3,,,,4408.9,4421.0,4383.0,4536.43,4495.1,4447.0,4476.0,4482.0
RADICO,VWAP,,,,,,,,,,,4450.87,4469.8,4480.0
RADICO,CASH VOL,238687,127711,101165,50.47,44.19,,,,,,23653,48541,77270
RADICO,F&O VOL,24877,19160,,,,,,,,,186,1776,3066
RADICO,F&O OI,10651,18226,,,,,,,,,10715,11018,11134
RADICO,CALL VOL,1699,724,,,,,,,,,114,977,1698
RADICO,CALL OI,1259,812,,,,,,,,,1300,1549,1492
RADICO,PUT VOL,1432,385,,,,,,,,,25,256,390
RADICO,PUT OI,713,468,,,,,,,,,729,828,867
RADICO,CALL SPRD,,,,,,,,,,,,,
RADICO,PUT SPRD,,,,,,,,,,,,,
RBLBANK,PRICE,402.0,407.0,,,,405.0,404.62,402.88,415.35,415.15,406.0,408.0,408.0
RBLBANK,VWAP,,,,,,,,,,,405.8,407.35,407.36
RBLBANK,CASH VOL,4214429,1955370,1775597,51.48,40.02,,,,,,128082,257621,343854
RBLBANK,F&O VOL,19836,21339,,,,,,,,,105,743,1273
RBLBANK,F&O OI,20788,29848,,,,,,,,,20814,20882,21033
RBLBANK,CALL VOL,2454,1341,,,,,,,,,56,355,536
RBLBANK,CALL OI,2591,1926,,,,,,,,,2599,2605,2635
RBLBANK,PUT VOL,923,891,,,,,,,,,1,48,160
RBLBANK,PUT OI,1260,1116,,,,,,,,,1260,1274,1292
RBLBANK,CALL SPRD,,,,,,,,,,,,,
RBLBANK,PUT SPRD,,,,,,,,,,,,,
RECLTD,PRICE,292.45,303.25,,,,294.0,297.67,294.19,312.06,310.27,295.0,297.0,297.0
RECLTD,VWAP,,,,,,,,,,,296.87,297.58,297.52
RECLTD,CASH VOL,39781303,6245559,31898797,75.59,50.45,,,,,,437827,759371,847972
RECLTD,F&O VOL,55815,38768,,,,,,,,,1312,3929,4498
RECLTD,F&O OI,51487,64015,,,,,,,,,51312,51906,52148
RECLTD,CALL VOL,13189,3704,,,,,,,,,1032,1902,2257
RECLTD,CALL OI,5814,3262,,,,,,,,,5600,5608,5743
RECLTD,PUT VOL,8337,2843,,,,,,,,,191,943,1035
RECLTD,PUT OI,5683,3584,,,,,,,,,5711,6115,6049
RECLTD,CALL SPRD,,,,,,,,,,,,,
RECLTD,PUT SPRD,,,,,,,,,,,,,
RELIANCE,PRICE,1182.0,1197.6,,,,1182.0,1190.05,1184.68,1231.65,1227.88,1185.0,1192.0,1192.0
RELIANCE,VWAP,,,,,,,,,,,1188.37,1191.16,1191.42
RELIANCE,CASH VOL,24191416,13602349,11051998,72.35,69.56,,,,,,1330851,2130497,2510407
RELIANCE,F&O VOL,457447,530760,,,,,,,,,13313,35972,48225
RELIANCE,F&O OI,527082,666957,,,,,,,,,529204,531296,533963
RELIANCE,CALL VOL,63910,28498,,,,,,,,,4462,10713,13718
RELIANCE,CALL OI,39280,25217,,,,,,,,,39765,39916,40582
RELIANCE,PUT VOL,53061,36315,,,,,,,,,2541,5997,8388
RELIANCE,PUT OI,45582,34298,,,,,,,,,45719,45650,46113
RELIANCE,CALL SPRD,,,,,,,,,,,,,
RELIANCE,PUT SPRD,,,,,,,,,,,,,
RVNL,PRICE,197.9,202.75,,,,198.7,198.66,198.15,209.1,207.7,199.0,201.0,201.0
RVNL,VWAP,,,,,,,,,,,200.49,201.34,201.25
RVNL,CASH VOL,7345733,2550019,808620,21.44,27.75,,,,,,263692,529289,704972
RVNL,F&O VOL,44158,34342,,,,,,,,,347,1207,1823
RVNL,F&O OI,28291,45027,,,,,,,,,28321,28316,28400
RVNL,CALL VOL,,,,,,,,,,,209,588,583
RVNL,CALL OI,1768,,,,,,,,,,1784,2139,1803
RVNL,PUT VOL,,,,,,,,,,,68,147,358
RVNL,PUT OI,2320,,,,,,,,,,2339,2457,2355
RVNL,CALL SPRD,,,,,,,,,,,,,
RVNL,PUT SPRD,,,,,,,,,,,,,
SAIL,PRICE,181.82,184.2,,,,181.85,184.04,182.56,184.23,182.68,181.0,181.0,181.0
SAIL,VWAP,,,,,,,,,,,180.85,181.01,181.07
SAIL,CASH VOL,21241634,14311000,6371348,43.97,31.75,,,,,,1101242,1785162,2104553
SAIL,F&O VOL,22864,24310,,,,,,,,,47,87,96
SAIL,F&O OI,38213,46644,,,,,,,,,38179,38141,38136
SAIL,CALL VOL,15,,,,,,,,,,0,0,0
SAIL,CALL OI,27,23,,,,,,,,,27,27,27
SAIL,PUT VOL,6,4,,,,,,,,,0,0,0
SAIL,PUT OI,13,15,,,,,,,,,13,13,13
SAIL,CALL SPRD,,,,,,,,,,,,,
SAIL,PUT SPRD,,,,,,,,,,,,,
SBICARD,PRICE,581.0,591.0,,,,585.15,587.5,583.17,625.17,615.86,586.0,588.0,587.0
SBICARD,VWAP,,,,,,,,,,,587.35,588.84,588.61
SBICARD,CASH VOL,1392600,1388562,531423,54.9,49.48,,,,,,44151,102285,119649
SBICARD,F&O VOL,22262,44342,,,,,,,,,365,1114,1500
SBICARD,F&O OI,32276,47540,,,,,,,,,32403,32535,32580
SBICARD,CALL VOL,3042,3151,,,,,,,,,117,414,518
SBICARD,CALL OI,2981,2279,,,,,,,,,2994,3051,3066
SBICARD,PUT VOL,2639,4978,,,,,,,,,185,314,417
SBICARD,PUT OI,3670,3189,,,,,,,,,3784,3797,3806
SBICARD,CALL SPRD,,,,,,,,,,,,,
SBICARD,PUT SPRD,,,,,,,,,,,,,
SBILIFE,PRICE,1735.0,1728.1,,,,1724.0,1732.83,1728.5,1745.65,1743.22,1720.0,1710.0,1703.0
SBILIFE,VWAP,,,,,,,,,,,1718.0,1713.84,1710.09
SBILIFE,CASH VOL,1598671,1337514,974737,73.3,58.53,,,,,,29441,73153,149336
SBILIFE,F&O VOL,19008,37951,,,,,,,,,231,1083,1863
SBILIFE,F&O OI,22680,39264,,,,,,,,,22705,22757,22877
SBILIFE,CALL VOL,1530,1758,,,,,,,,,70,376,575
SBILIFE,CALL OI,1600,1298,,,,,,,,,1674,1661,1630
SBILIFE,PUT VOL,2212,2150,,,,,,,,,193,516,994
SBILIFE,PUT OI,1531,1233,,,,,,,,,1468,1549,1703
SBILIFE,CALL SPRD,,,,,,,,,,,,,
SBILIFE,PUT SPRD,,,,,,,,,,,,,
SBIN,PRICE,964.7,962.0,,,,964.7,963.32,960.55,987.95,984.65,964.0,966.0,965.0
SBIN,VWAP,,,,,,,,,,,965.2,966.66,966.09
SBIN,CASH VOL,26781498,9846646,8681689,70.08,61.93,,,,,,467345,915450,1186982
SBIN,F&O VOL,219994,264662,,,,,,,,,3910,12639,17409
SBIN,F&O OI,225917,309285,,,,,,,,,226658,227467,227862
SBIN,CALL VOL,35218,21258,,,,,,,,,2040,5870,7130
SBIN,CALL OI,20951,16948,,,,,,,,,22696,22906,21476
SBIN,PUT VOL,29090,20039,,,,,,,,,1116,3075,4345
SBIN,PUT OI,24523,20427,,,,,,,,,25630,25886,24879
SBIN,CALL SPRD,,,,,,,,,,,,,
SBIN,PUT SPRD,,,,,,,,,,,,,
SHREECEM,PRICE,21900.0,22170.0,,,,21900.0,21955.0,21918.33,22495.0,22445.0,21990.0,22140.0,22135.0
SHREECEM,VWAP,,,,,,,,,,,22086.67,22120.69,22119.14
SHREECEM,CASH VOL,450209,17002,421662,74.0,53.75,,,,,,898,1865,2384
SHREECEM,F&O VOL,22742,24760,,,,,,,,,134,543,796
SHREECEM,F&O OI,18614,28389,,,,,,,,,18647,18722,18753
SHREECEM,CALL VOL,1816,929,,,,,,,,,82,249,361
SHREECEM,CALL OI,959,880,,,,,,,,,1081,975,989
SHREECEM,PUT VOL,946,604,,,,,,,,,65,209,256
SHREECEM,PUT OI,746,527,,,,,,,,,783,831,841
SHREECEM,CALL SPRD,,,,,,,,,,,,,
SHREECEM,PUT SPRD,,,,,,,,,,,,,
SHRIRAMFIN,PRICE,971.5,976.3,,,,972.2,977.05,973.35,1001.2,996.47,975.0,973.0,971.0
SHRIRAMFIN,VWAP,,,,,,,,,,,973.13,974.06,973.57
SHRIRAMFIN,CASH VOL,6176420,4953660,2215595,73.61,67.92,,,,,,296569,439354,525742
SHRIRAMFIN,F&O VOL,31735,51479,,,,,,,,,569,1359,2151
SHRIRAMFIN,F&O OI,42572,63544,,,,,,,,,42692,42816,42945
SHRIRAMFIN,CALL VOL,5720,5269,,,,,,,,,275,697,1036
SHRIRAMFIN,CALL OI,6022,5252,,,,,,,,,6091,6133,6194
SHRIRAMFIN,PUT VOL,4056,4092,,,,,,,,,158,355,559
SHRIRAMFIN,PUT OI,5078,4439,,,,,,,,,5103,5119,5162
SHRIRAMFIN,CALL SPRD,,,,,,,,,,,,,
SHRIRAMFIN,PUT SPRD,,,,,,,,,,,,,
SIEMENS,PRICE,3710.0,3785.5,,,,3721.1,3762.3,3727.43,3889.65,3881.22,3752.0,3778.0,3778.0
SIEMENS,VWAP,,,,,,,,,,,3750.93,3765.26,3768.89
SIEMENS,CASH VOL,344496,180360,81683,50.84,49.99,,,,,,21531,38634,46601
SIEMENS,F&O VOL,27548,40453,,,,,,,,,358,1244,1762
SIEMENS,F&O OI,26783,36844,,,,,,,,,26803,26898,26970
SIEMENS,CALL VOL,3844,3327,,,,,,,,,223,902,1227
SIEMENS,CALL OI,2497,2059,,,,,,,,,2511,2574,2628
SIEMENS,PUT VOL,1458,3623,,,,,,,,,38,72,111
SIEMENS,PUT OI,2627,2332,,,,,,,,,2808,2659,2690
SIEMENS,CALL SPRD,,,,,,,,,,,,,
SIEMENS,PUT SPRD,,,,,,,,,,,,,
SOLARINDS,PRICE,18650.0,19150.0,,,,19030.0,19025.0,18775.0,19680.0,19550.0,19390.0,19750.0,19650.0
SOLARINDS,VWAP,,,,,,,,,,,19468.33,19629.66,19642.1
SOLARINDS,CASH VOL,226436,159878,76037,52.18,45.54,,,,,,30463,68462,92861
SOLARINDS,F&O VOL,84220,115054,,,,,,,,,3792,16740,23894
SOLARINDS,F&O OI,34372,72658,,,,,,,,,34948,36279,37138
SOLARINDS,CALL VOL,5614,5091,,,,,,,,,3824,9980,13402
SOLARINDS,CALL OI,5170,4656,,,,,,,,,5544,5914,6286
SOLARINDS,PUT VOL,2303,3175,,,,,,,,,659,1889,2905
SOLARINDS,PUT OI,3705,3223,,,,,,,,,3900,4271,4293
SOLARINDS,CALL SPRD,,,,,,,,,,,,,
SOLARINDS,PUT SPRD,,,,,,,,,,,,,
SONACOMS,PRICE,815.65,807.9,,,,821.95,814.68,812.75,821.37,815.1,820.0,824.0,825.0
SONACOMS,VWAP,,,,,,,,,,,825.82,826.22,825.85
SONACOMS,CASH VOL,4300310,3616948,1674526,57.58,51.16,,,,,,105400,229963,305553
SONACOMS,F&O VOL,17856,30881,,,,,,,,,400,1564,2037
SONACOMS,F&O OI,16746,21456,,,,,,,,,16786,16974,17060
SONACOMS,CALL VOL,4086,3402,,,,,,,,,459,984,1373
SONACOMS,CALL OI,2220,2015,,,,,,,,,2243,2286,2370
SONACOMS,PUT VOL,1354,1261,,,,,,,,,47,146,242
SONACOMS,PUT OI,1309,1116,,,,,,,,,1307,1519,1344
SONACOMS,CALL SPRD,,,,,,,,,,,,,
SONACOMS,PUT SPRD,,,,,,,,,,,,,
SRF,PRICE,2420.1,2491.5,,,,2450.3,2458.3,2432.83,2536.35,2529.05,2468.0,2476.0,2469.0
SRF,VWAP,,,,,,,,,,,2466.23,2472.9,2472.28
SRF,CASH VOL,290746,183054,111521,50.37,49.84,,,,,,12667,23571,27501
SRF,F&O VOL,30198,27882,,,,,,,,,730,1736,2446
SRF,F&O OI,25970,33995,,,,,,,,,25867,26053,26323
SRF,CALL VOL,,,,,,,,,,,310,1006,1348
SRF,CALL OI,1348,,,,,,,,,,1350,1460,1593
SRF,PUT VOL,,,,,,,,,,,204,382,485
SRF,PUT OI,1484,,,,,,,,,,1404,1473,1529
SRF,CALL SPRD,,,,,,,,,,,,,
SRF,PUT SPRD,,,,,,,,,,,,,
SUNPHARMA,PRICE,1865.0,1838.0,,,,1861.3,1860.27,1850.8,1861.85,1855.42,1852.0,1842.0,1836.0
SUNPHARMA,VWAP,,,,,,,,,,,1851.37,1844.37,1843.38
SUNPHARMA,CASH VOL,3083083,947719,1262326,63.86,64.31,,,,,,106596,176586,206508
SUNPHARMA,F&O VOL,82510,73596,,,,,,,,,1824,6329,7833
SUNPHARMA,F&O OI,57526,85067,,,,,,,,,57685,57990,58072
SUNPHARMA,CALL VOL,26940,6533,,,,,,,,,889,3609,4395
SUNPHARMA,CALL OI,4963,4591,,,,,,,,,4986,5246,5326
SUNPHARMA,PUT VOL,9079,6275,,,,,,,,,485,1780,2145
SUNPHARMA,PUT OI,4637,3571,,,,,,,,,4701,4732,4757
SUNPHARMA,CALL SPRD,,,,,,,,,,,,,
SUNPHARMA,PUT SPRD,,,,,,,,,,,,,
SUPREMEIND,PRICE,3445.8,3499.8,,,,3462.0,3471.5,3454.37,3531.58,3494.75,3469.0,3524.0,3512.0
SUPREMEIND,VWAP,,,,,,,,,,,3492.47,3512.98,3513.13
SUPREMEIND,CASH VOL,129446,198525,78004,50.9,52.44,,,,,,6803,14015,17539
SUPREMEIND,F&O VOL,11354,21207,,,,,,,,,77,856,1158
SUPREMEIND,F&O OI,13135,20096,,,,,,,,,13138,13391,13497
SUPREMEIND,CALL VOL,485,563,,,,,,,,,5,675,827
SUPREMEIND,CALL OI,391,294,,,,,,,,,391,618,699
SUPREMEIND,PUT VOL,342,457,,,,,,,,,50,108,142
SUPREMEIND,PUT OI,477,412,,,,,,,,,478,491,498
SUPREMEIND,CALL SPRD,,,,,,,,,,,,,
SUPREMEIND,PUT SPRD,,,,,,,,,,,,,
SUZLON,PRICE,39.5,39.66,,,,39.51,39.46,39.38,42.16,41.26,39.0,39.0,39.0
SUZLON,VWAP,,,,,,,,,,,39.77,39.84,39.78
SUZLON,CASH VOL,61795397,67390402,14611105,41.48,48.22,,,,,,2664208,5375092,7392374
SUZLON,F&O VOL,37710,37865,,,,,,,,,659,1292,2117
SUZLON,F&O OI,49798,70887,,,,,,,,,49915,50076,50350
SUZLON,CALL VOL,5450,3125,,,,,,,,,405,641,987
SUZLON,CALL OI,5818,4564,,,,,,,,,5864,5903,6034
SUZLON,PUT VOL,2709,1993,,,,,,,,,137,269,379
SUZLON,PUT OI,3762,3155,,,,,,,,,3802,3817,3848
SUZLON,CALL SPRD,,,,,,,,,,,,,
SUZLON,PUT SPRD,,,,,,,,,,,,,
SWIGGY,PRICE,253.7,256.0,,,,255.95,253.62,253.47,275.52,268.41,253.0,256.0,254.0
SWIGGY,VWAP,,,,,,,,,,,254.65,255.51,255.39
SWIGGY,CASH VOL,13619762,11465546,3700703,49.83,47.13,,,,,,476925,897208,1120896
SWIGGY,F&O VOL,49979,80051,,,,,,,,,654,2205,2976
SWIGGY,F&O OI,54601,90911,,,,,,,,,54689,54926,54993
SWIGGY,CALL VOL,5896,4275,,,,,,,,,390,1164,1548
SWIGGY,CALL OI,5891,4130,,,,,,,,,5975,6041,6073
SWIGGY,PUT VOL,3949,3683,,,,,,,,,113,373,538
SWIGGY,PUT OI,4611,3299,,,,,,,,,4609,4656,4694
SWIGGY,CALL SPRD,,,,,,,,,,,,,
SWIGGY,PUT SPRD,,,,,,,,,,,,,
TATACONSUM,PRICE,967.7,960.0,,,,966.0,965.62,961.45,997.35,987.92,962.0,962.0,961.0
TATACONSUM,VWAP,,,,,,,,,,,964.0,963.35,962.69
TATACONSUM,CASH VOL,2410899,1307916,1197331,66.93,54.95,,,,,,41037,64063,94822
TATACONSUM,F&O VOL,38223,40398,,,,,,,,,323,662,1110
TATACONSUM,F&O OI,38657,52553,,,,,,,,,38702,38731,38765
TATACONSUM,CALL VOL,4608,2126,,,,,,,,,96,238,350
TATACONSUM,CALL OI,2003,1316,,,,,,,,,2017,2041,2061
TATACONSUM,PUT VOL,3891,1941,,,,,,,,,104,195,433
TATACONSUM,PUT OI,2810,2076,,,,,,,,,2813,2809,2821
TATACONSUM,CALL SPRD,,,,,,,,,,,,,
TATACONSUM,PUT SPRD,,,,,,,,,,,,,
TATAELXSI,PRICE,3211.7,3191.0,,,,3150.0,3194.1,3158.9,3231.0,3201.6,3159.0,3191.0,3190.0
TATAELXSI,VWAP,,,,,,,,,,,3175.67,3187.0,3187.92
TATAELXSI,CASH VOL,522063,162425,381224,63.91,32.07,,,,,,25176,60552,73107
TATAELXSI,F&O VOL,35280,40069,,,,,,,,,1099,3596,4404
TATAELXSI,F&O OI,28169,48135,,,,,,,,,28414,28360,28438
TATAELXSI,CALL VOL,3048,2324,,,,,,,,,534,1502,1835
TATAELXSI,CALL OI,2950,2234,,,,,,,,,3030,2941,2966
TATAELXSI,PUT VOL,1830,1787,,,,,,,,,560,1230,1468
TATAELXSI,PUT OI,3298,2737,,,,,,,,,3486,3620,3682
TATAELXSI,CALL SPRD,,,,,,,,,,,,,
TATAELXSI,PUT SPRD,,,,,,,,,,,,,
TATAPOWER,PRICE,359.0,361.9,,,,357.95,358.44,357.32,367.11,366.32,357.0,359.0,359.0
TATAPOWER,VWAP,,,,,,,,,,,358.38,358.72,359.11
TATAPOWER,CASH VOL,10743181,2982387,6171709,64.36,47.65,,,,,,308307,394016,748850
TATAPOWER,F&O VOL,67134,62223,,,,,,,,,612,1815,2808
TATAPOWER,F&O OI,62233,86840,,,,,,,,,62258,62108,62108
TATAPOWER,CALL VOL,12692,3588,,,,,,,,,324,1157,1561
TATAPOWER,CALL OI,5879,3836,,,,,,,,,5910,5747,5782
TATAPOWER,PUT VOL,9044,4423,,,,,,,,,242,490,874
TATAPOWER,PUT OI,5737,4050,,,,,,,,,5753,5796,5765
TATAPOWER,CALL SPRD,,,,,,,,,,,,,
TATAPOWER,PUT SPRD,,,,,,,,,,,,,
TATASTEEL,PRICE,188.0,186.3,,,,189.0,187.54,186.62,187.8,187.45,187.0,187.0,188.0
TATASTEEL,VWAP,,,,,,,,,,,188.16,188.12,188.05
TATASTEEL,CASH VOL,28159048,13628891,9302810,50.77,38.28,,,,,,1249751,1922669,2515442
TATASTEEL,F&O VOL,116461,138396,,,,,,,,,1701,4344,6786
TATASTEEL,F&O OI,158624,202223,,,,,,,,,158821,159337,159443
TATASTEEL,CALL VOL,24745,13957,,,,,,,,,877,2117,2954
TATASTEEL,CALL OI,20518,19308,,,,,,,,,20769,21005,21046
TATASTEEL,PUT VOL,16491,10471,,,,,,,,,685,1461,1985
TATASTEEL,PUT OI,15359,13145,,,,,,,,,15311,15436,15447
TATASTEEL,CALL SPRD,,,,,,,,,,,,,
TATASTEEL,PUT SPRD,,,,,,,,,,,,,
TCS,PRICE,2032.4,2070.7,,,,2069.0,2058.75,2041.18,2091.55,2085.18,2060.0,2081.0,2085.0
TCS,VWAP,,,,,,,,,,,2073.5,2078.57,2079.71
TCS,CASH VOL,4437783,2457049,2734995,66.36,41.72,,,,,,341176,554340,720358
TCS,F&O VOL,175712,340831,,,,,,,,,8737,21220,29376
TCS,F&O OI,203523,277252,,,,,,,,,203914,205190,206164
TCS,CALL VOL,26265,15625,,,,,,,,,4341,9336,12057
TCS,CALL OI,18314,13660,,,,,,,,,18483,18987,19279
TCS,PUT VOL,19029,10061,,,,,,,,,1498,3540,4886
TCS,PUT OI,18776,14719,,,,,,,,,19007,19635,19943
TCS,CALL SPRD,,,,,,,,,,,,,
TCS,PUT SPRD,,,,,,,,,,,,,
TECHM,PRICE,1510.5,1542.2,,,,1524.6,1534.0,1518.33,1550.65,1548.88,1520.0,1546.0,1552.0
TECHM,VWAP,,,,,,,,,,,1532.47,1538.92,1541.59
TECHM,CASH VOL,3218354,1261918,1444115,65.32,58.9,,,,,,134196,266975,346171
TECHM,F&O VOL,40291,38997,,,,,,,,,842,3427,5217
TECHM,F&O OI,35137,58700,,,,,,,,,35235,35782,35939
TECHM,CALL VOL,4992,2091,,,,,,,,,594,1873,2759
TECHM,CALL OI,2716,1735,,,,,,,,,2755,3048,3144
TECHM,PUT VOL,3247,1477,,,,,,,,,231,760,1155
TECHM,PUT OI,2157,1561,,,,,,,,,2180,2286,2306
TECHM,CALL SPRD,,,,,,,,,,,,,
TECHM,PUT SPRD,,,,,,,,,,,,,
TIINDIA,PRICE,2413.0,2459.0,,,,2419.4,2426.55,2417.52,2561.75,2527.98,2415.0,2434.0,2424.0
TIINDIA,VWAP,,,,,,,,,,,2429.97,2436.5,2435.69
TIINDIA,CASH VOL,392266,219494,93664,52.77,60.41,,,,,,20320,82542,104484
TIINDIA,F&O VOL,9107,19760,,,,,,,,,492,1045,1392
TIINDIA,F&O OI,13754,20692,,,,,,,,,13872,14046,14263
TIINDIA,CALL VOL,372,307,,,,,,,,,322,577,644
TIINDIA,CALL OI,378,266,,,,,,,,,666,701,577
TIINDIA,PUT VOL,333,238,,,,,,,,,178,330,517
TIINDIA,PUT OI,451,352,,,,,,,,,558,598,650
TIINDIA,CALL SPRD,,,,,,,,,,,,,
TIINDIA,PUT SPRD,,,,,,,,,,,,,
TITAN,PRICE,4675.0,4819.5,,,,4683.0,4746.75,4698.92,4883.0,4881.0,4684.0,4669.0,4657.0
TITAN,VWAP,,,,,,,,,,,4674.67,4663.7,4661.36
TITAN,CASH VOL,1188414,632938,570306,62.18,65.51,,,,,,27251,59171,80740
TITAN,F&O VOL,94386,76267,,,,,,,,,1438,4789,7010
TITAN,F&O OI,48392,67616,,,,,,,,,48567,49221,49577
TITAN,CALL VOL,11750,3133,,,,,,,,,521,1914,2930
TITAN,CALL OI,4285,2488,,,,,,,,,4343,4604,4821
TITAN,PUT VOL,20622,5423,,,,,,,,,538,1690,2570
TITAN,PUT OI,6864,3907,,,,,,,,,6934,6991,7023
TITAN,CALL SPRD,,,,,,,,,,,,,
TITAN,PUT SPRD,,,,,,,,,,,,,
TMPV,PRICE,280.95,281.75,,,,281.0,279.57,276.8,295.9,292.27,280.0,281.0,282.0
TMPV,VWAP,,,,,,,,,,,280.98,281.27,281.91
TMPV,CASH VOL,18903507,14063134,4743243,40.11,54.08,,,,,,418932,805948,1329424
TMPV,F&O VOL,156171,117953,,,,,,,,,1284,4284,8756
TMPV,F&O OI,105408,151400,,,,,,,,,105616,106093,106477
TMPV,CALL VOL,35810,10972,,,,,,,,,738,1924,4186
TMPV,CALL OI,15235,10373,,,,,,,,,13378,13590,15522
TMPV,PUT VOL,21901,8602,,,,,,,,,497,1055,2477
TMPV,PUT OI,12935,9621,,,,,,,,,12260,12331,13421
TMPV,CALL SPRD,,,,,,,,,,,,,
TMPV,PUT SPRD,,,,,,,,,,,,,
TORNTPHARM,PRICE,4894.0,4869.0,,,,4935.0,4892.92,4890.75,4968.75,4929.25,4908.0,4893.0,4878.0
TORNTPHARM,VWAP,,,,,,,,,,,4909.0,4897.08,4892.2
TORNTPHARM,CASH VOL,725626,402847,339040,61.63,70.75,,,,,,5318,11807,16194
TORNTPHARM,F&O VOL,19079,25081,,,,,,,,,258,684,959
TORNTPHARM,F&O OI,30997,35690,,,,,,,,,30984,31055,31064
TORNTPHARM,CALL VOL,2988,1649,,,,,,,,,183,362,496
TORNTPHARM,CALL OI,1296,1123,,,,,,,,,1289,1322,1320
TORNTPHARM,PUT VOL,919,367,,,,,,,,,62,136,229
TORNTPHARM,PUT OI,720,404,,,,,,,,,596,588,701
TORNTPHARM,CALL SPRD,,,,,,,,,,,,,
TORNTPHARM,PUT SPRD,,,,,,,,,,,,,
TRENT,PRICE,2635.0,2626.0,,,,2651.1,2627.18,2611.55,2746.95,2695.18,2635.0,2665.0,2648.0
TRENT,VWAP,,,,,,,,,,,2650.4,2658.8,2658.56
TRENT,CASH VOL,1548590,636905,396237,62.13,56.16,,,,,,30186,53134,76732
TRENT,F&O VOL,44330,60462,,,,,,,,,822,2602,3582
TRENT,F&O OI,58665,76016,,,,,,,,,58762,58871,58920
TRENT,CALL VOL,7749,5030,,,,,,,,,410,1359,1776
TRENT,CALL OI,6094,5200,,,,,,,,,6163,6210,6211
TRENT,PUT VOL,5182,3897,,,,,,,,,153,468,708
TRENT,PUT OI,5362,4496,,,,,,,,,5368,5395,5449
TRENT,CALL SPRD,,,,,,,,,,,,,
TRENT,PUT SPRD,,,,,,,,,,,,,
TVSMOTOR,PRICE,4091.1,4095.0,,,,4100.0,4093.1,4091.77,4149.05,4132.55,4099.0,4110.0,4114.0
TVSMOTOR,VWAP,,,,,,,,,,,4101.6,4107.42,4109.49
TVSMOTOR,CASH VOL,765737,574256,332630,60.04,62.53,,,,,,42570,62285,74124
TVSMOTOR,F&O VOL,43212,67676,,,,,,,,,1007,1927,2595
TVSMOTOR,F&O OI,50140,66827,,,,,,,,,50390,50641,50731
TVSMOTOR,CALL VOL,7882,3626,,,,,,,,,547,973,1233
TVSMOTOR,CALL OI,2566,1887,,,,,,,,,2714,2821,2869
TVSMOTOR,PUT VOL,5390,3381,,,,,,,,,293,439,589
TVSMOTOR,PUT OI,2837,2205,,,,,,,,,2906,2952,2955
TVSMOTOR,CALL SPRD,,,,,,,,,,,,,
TVSMOTOR,PUT SPRD,,,,,,,,,,,,,
ULTRACEMCO,PRICE,10829.0,11025.0,,,,10829.0,10926.5,10861.5,11133.5,11090.5,10812.0,10924.0,10931.0
ULTRACEMCO,VWAP,,,,,,,,,,,10867.33,10894.29,10899.61
ULTRACEMCO,CASH VOL,514924,331811,166279,58.61,61.58,,,,,,9509,15749,19120
ULTRACEMCO,F&O VOL,36863,43513,,,,,,,,,601,1554,2631
ULTRACEMCO,F&O OI,46250,63616,,,,,,,,,46399,46520,46909
ULTRACEMCO,CALL VOL,2611,1836,,,,,,,,,112,354,500
ULTRACEMCO,CALL OI,2251,1788,,,,,,,,,2272,2305,2323
ULTRACEMCO,PUT VOL,2315,2088,,,,,,,,,229,495,619
ULTRACEMCO,PUT OI,2776,2053,,,,,,,,,2822,2872,2902
ULTRACEMCO,CALL SPRD,,,,,,,,,,,,,
ULTRACEMCO,PUT SPRD,,,,,,,,,,,,,
UNIONBANK,PRICE,166.0,171.75,,,,169.98,169.22,167.07,179.56,178.29,170.0,171.0,171.0
UNIONBANK,VWAP,,,,,,,,,,,170.99,171.37,171.39
UNIONBANK,CASH VOL,19452924,8523339,7619217,59.6,41.03,,,,,,1321604,2213824,2924183
UNIONBANK,F&O VOL,34285,40782,,,,,,,,,1331,2902,4295
UNIONBANK,F&O OI,29380,41807,,,,,,,,,29836,29954,29940
UNIONBANK,CALL VOL,3854,1568,,,,,,,,,785,1485,2282
UNIONBANK,CALL OI,2420,1265,,,,,,,,,2665,2694,2646
UNIONBANK,PUT VOL,3027,4181,,,,,,,,,365,664,947
UNIONBANK,PUT OI,2286,1810,,,,,,,,,2384,2379,2441
UNIONBANK,CALL SPRD,,,,,,,,,,,,,
UNIONBANK,PUT SPRD,,,,,,,,,,,,,
UNITDSPR,PRICE,1363.0,1415.4,,,,1371.0,1385.15,1370.38,1419.45,1410.75,1357.0,1357.0,1360.0
UNITDSPR,VWAP,,,,,,,,,,,1360.07,1356.72,1357.6
UNITDSPR,CASH VOL,8761343,338629,7328550,79.25,63.08,,,,,,106393,138364,170666
UNITDSPR,F&O VOL,50237,13399,,,,,,,,,968,1818,2456
UNITDSPR,F&O OI,24191,30063,,,,,,,,,24224,24247,24220
UNITDSPR,CALL VOL,6842,550,,,,,,,,,416,682,873
UNITDSPR,CALL OI,2127,947,,,,,,,,,2165,2229,2263
UNITDSPR,PUT VOL,13025,499,,,,,,,,,424,669,939
UNITDSPR,PUT OI,2596,849,,,,,,,,,2569,2526,2476
UNITDSPR,CALL SPRD,,,,,,,,,,,,,
UNITDSPR,PUT SPRD,,,,,,,,,,,,,
UNOMINDA,PRICE,1162.0,1173.0,,,,1159.1,1164.25,1162.75,1236.1,1224.03,1164.0,1172.0,1171.0
UNOMINDA,VWAP,,,,,,,,,,,1168.97,1171.18,1171.26
UNOMINDA,CASH VOL,546120,605484,181016,57.21,63.39,,,,,,7645,14292,21707
UNOMINDA,F&O VOL,7377,18444,,,,,,,,,53,186,436
UNOMINDA,F&O OI,10634,15774,,,,,,,,,10640,10725,10798
UNOMINDA,CALL VOL,559,474,,,,,,,,,8,60,138
UNOMINDA,CALL OI,418,313,,,,,,,,,418,443,473
UNOMINDA,PUT VOL,497,416,,,,,,,,,40,64,135
UNOMINDA,PUT OI,477,369,,,,,,,,,495,498,544
UNOMINDA,CALL SPRD,,,,,,,,,,,,,
UNOMINDA,PUT SPRD,,,,,,,,,,,,,
UPL,PRICE,538.0,549.5,,,,539.25,540.08,538.69,556.4,552.17,539.0,539.0,538.0
UPL,VWAP,,,,,,,,,,,540.27,540.2,539.78
UPL,CASH VOL,3270756,1557384,1084031,52.71,60.85,,,,,,78815,125242,156635
UPL,F&O VOL,21212,21077,,,,,,,,,361,627,934
UPL,F&O OI,29172,35381,,,,,,,,,29193,29218,29256
UPL,CALL VOL,,,,,,,,,,,194,303,387
UPL,CALL OI,1606,,,,,,,,,,1605,1613,1635
UPL,PUT VOL,,,,,,,,,,,87,152,207
UPL,PUT OI,1547,,,,,,,,,,1563,1571,1582
UPL,CALL SPRD,,,,,,,,,,,,,
UPL,PUT SPRD,,,,,,,,,,,,,
VBL,PRICE,430.0,430.0,,,,428.0,429.67,429.02,433.3,430.3,428.0,430.0,432.0
VBL,VWAP,,,,,,,,,,,429.78,430.04,430.32
VBL,CASH VOL,8308533,4707240,2721588,60.7,63.24,,,,,,456216,706024,776629
VBL,F&O VOL,36689,52725,,,,,,,,,444,1490,2035
VBL,F&O OI,67555,85873,,,,,,,,,67727,68052,68063
VBL,CALL VOL,,,,,,,,,,,216,631,994
VBL,CALL OI,3955,,,,,,,,,,3772,3872,4133
VBL,PUT VOL,,,,,,,,,,,74,236,373
VBL,PUT OI,2722,,,,,,,,,,2599,2632,2773
VBL,CALL SPRD,,,,,,,,,,,,,
VBL,PUT SPRD,,,,,,,,,,,,,
VEDL,PRICE,260.0,259.0,,,,260.0,259.43,258.3,265.96,265.18,257.0,259.0,259.0
VEDL,VWAP,,,,,,,,,,,258.4,258.75,258.78
VEDL,CASH VOL,9517563,7437078,3043124,57.17,50.27,,,,,,901671,1333066,1476793
VEDL,F&O VOL,84459,98646,,,,,,,,,1096,3452,5632
VEDL,F&O OI,69307,112981,,,,,,,,,69520,69968,70429
VEDL,CALL VOL,14488,5085,,,,,,,,,928,2348,3759
VEDL,CALL OI,9210,5981,,,,,,,,,9368,9572,9948
VEDL,PUT VOL,10600,5280,,,,,,,,,245,866,1206
VEDL,PUT OI,8046,5337,,,,,,,,,8076,8181,8156
VEDL,CALL SPRD,,,,,,,,,,,,,
VEDL,PUT SPRD,,,,,,,,,,,,,
VMM,PRICE,104.3,100.81,,,,102.18,103.25,101.15,104.39,103.8,101.0,101.0,101.0
VMM,VWAP,,,,,,,,,,,102.1,102.04,101.9
VMM,CASH VOL,15659999,9107588,4406243,48.65,63.26,,,,,,1088233,1879806,2411238
VMM,F&O VOL,12526,13797,,,,,,,,,453,949,1336
VMM,F&O OI,15106,22975,,,,,,,,,15234,15258,15307
VMM,CALL VOL,,,,,,,,,,,161,266,368
VMM,CALL OI,692,,,,,,,,,,713,714,738
VMM,PUT VOL,,,,,,,,,,,66,193,241
VMM,PUT OI,670,,,,,,,,,,641,709,711
VMM,CALL SPRD,,,,,,,,,,,,,
VMM,PUT SPRD,,,,,,,,,,,,,
VOLTAS,PRICE,1090.0,1135.5,,,,1094.0,1113.95,1097.98,1124.8,1120.4,1091.0,1092.0,1090.0
VOLTAS,VWAP,,,,,,,,,,,1092.4,1093.76,1091.09
VOLTAS,CASH VOL,1279969,933414,559672,59.54,23.32,,,,,,40442,68169,120150
VOLTAS,F&O VOL,47942,88052,,,,,,,,,1153,2266,4272
VOLTAS,F&O OI,42622,60585,,,,,,,,,42910,43322,43637
VOLTAS,CALL VOL,6723,6788,,,,,,,,,434,890,1340
VOLTAS,CALL OI,4017,2662,,,,,,,,,5563,5694,4354
VOLTAS,PUT VOL,5855,3902,,,,,,,,,691,1048,1801
VOLTAS,PUT OI,5115,3981,,,,,,,,,5962,6075,5495
VOLTAS,CALL SPRD,,,,,,,,,,,,,
VOLTAS,PUT SPRD,,,,,,,,,,,,,
WAAREEENER,PRICE,2380.0,2455.0,,,,2390.0,2420.0,2393.33,2511.8,2500.6,2386.0,2397.0,2385.0
WAAREEENER,VWAP,,,,,,,,,,,2392.5,2394.56,2391.99
WAAREEENER,CASH VOL,724573,581069,172476,41.42,42.79,,,,,,29572,57513,80953
WAAREEENER,F&O VOL,46915,49683,,,,,,,,,452,1081,1549
WAAREEENER,F&O OI,49833,64005,,,,,,,,,49871,49977,50068
WAAREEENER,CALL VOL,,,,,,,,,,,151,296,440
WAAREEENER,CALL OI,1574,,,,,,,,,,1494,1504,1637
WAAREEENER,PUT VOL,,,,,,,,,,,64,155,348
WAAREEENER,PUT OI,1451,,,,,,,,,,1071,1069,1503
WAAREEENER,CALL SPRD,,,,,,,,,,,,,
WAAREEENER,PUT SPRD,,,,,,,,,,,,,
WIPRO,PRICE,156.79,161.56,,,,157.01,159.61,157.73,163.96,163.83,157.0,160.0,160.0
WIPRO,VWAP,,,,,,,,,,,158.75,159.46,159.68
WIPRO,CASH VOL,164453787,10309220,149816510,87.58,42.93,,,,,,2230878,3463516,4342490
WIPRO,F&O VOL,100222,82639,,,,,,,,,3136,7867,10932
WIPRO,F&O OI,102937,139524,,,,,,,,,103164,103516,103591
WIPRO,CALL VOL,16446,7757,,,,,,,,,1326,2999,4021
WIPRO,CALL OI,10795,7184,,,,,,,,,10859,10837,10970
WIPRO,PUT VOL,11236,5331,,,,,,,,,711,1657,2546
WIPRO,PUT OI,10713,8020,,,,,,,,,10803,10998,10805
WIPRO,CALL SPRD,,,,,,,,,,,,,
WIPRO,PUT SPRD,,,,,,,,,,,,,
YESBANK,PRICE,20.71,21.18,,,,20.98,21.02,20.81,22.87,22.62,21.0,21.0,21.0
YESBANK,VWAP,,,,,,,,,,,21.11,21.21,21.25
YESBANK,CASH VOL,137347987,122415681,61797702,56.04,45.96,,,,,,6381076,13284674,17639948
YESBANK,F&O VOL,39036,55764,,,,,,,,,503,1607,3064
YESBANK,F&O OI,55582,71697,,,,,,,,,55643,55654,55774
YESBANK,CALL VOL,6845,7764,,,,,,,,,363,1002,2022
YESBANK,CALL OI,7977,6852,,,,,,,,,8039,8079,8210
YESBANK,PUT VOL,4083,5692,,,,,,,,,84,323,570
YESBANK,PUT OI,6247,5434,,,,,,,,,6255,6302,6295
YESBANK,CALL SPRD,,,,,,,,,,,,,
YESBANK,PUT SPRD,,,,,,,,,,,,,
ZYDUSLIFE,PRICE,1200.5,1215.0,,,,1204.8,1216.3,1205.77,1196.05,1180.35,1203.0,1196.0,1187.0
ZYDUSLIFE,VWAP,,,,,,,,,,,1203.93,1196.71,1194.08
ZYDUSLIFE,CASH VOL,2372609,3986338,557365,51.62,40.48,,,,,,30719,114661,175806
ZYDUSLIFE,F&O VOL,25678,87641,,,,,,,,,376,1788,2872
ZYDUSLIFE,F&O OI,16668,28253,,,,,,,,,16724,16659,16632
ZYDUSLIFE,CALL VOL,4375,8368,,,,,,,,,181,557,897
ZYDUSLIFE,CALL OI,1862,1866,,,,,,,,,2124,1909,1913
ZYDUSLIFE,PUT VOL,2922,4006,,,,,,,,,116,603,967
ZYDUSLIFE,PUT OI,1754,1510,,,,,,,,,1670,1729,1710
ZYDUSLIFE,CALL SPRD,,,,,,,,,,,,,
ZYDUSLIFE,PUT SPRD,,,,,,,,,,,,,
