Symbol,Metric,PrevDay,PrevDay2,PrevLastHr,DelivPct,DelivPctPrev,Open,dTC,dBC,wTC,wBC,09:20,09:30
360ONE,PRICE,1040.0,1030.0,,,,1033.6,1035.17,1025.5,1092.15,1079.38,1051.7,1055.5
360ONE,VWAP,,,,,,,,,,,1050.1,1051.22
360ONE,CASH VOL,1213803,1348986,393513,60.36,60.46,,,,,,34769,62879
360ONE,F&O VOL,6931,4984,,,,,,,,,226,803
360ONE,F&O OI,14153,13658,,,,,,,,,14174,14229
360ONE,CALL VOL,2585,2092,,,,,,,,,126,467
360ONE,CALL OI,2701,2300,,,,,,,,,2709,2690
360ONE,PUT VOL,1366,946,,,,,,,,,13,87
360ONE,PUT OI,2106,1900,,,,,,,,,2103,2107
360ONE,CALL SPRD,,,,,,,,,,,2.1,0.95
360ONE,PUT SPRD,,,,,,,,,,,13.21,12.63
360ONE,CALL OI FIX,2509,,,,,,,,,,2517,2500
360ONE,PUT OI FIX,2084,,,,,,,,,,2082,2082
360ONE,CALL DOI,,,,,,,,,,,479413,515664
360ONE,PUT DOI,,,,,,,,,,,-384357,-368337
360ONE,CALL GEX,,,,,,,,,,,60589,60218
360ONE,PUT GEX,,,,,,,,,,,37399,37444
360ONE,GEX STRIKE,,,,,,,,,,,1000.0,1000.0
360ONE,EXPIRY,,,,,,,,,,,2026-10-27,2026-10-27
360ONE,ATM IV,,,,,,,,,,,33.66,33.69
ABB,PRICE,6900.0,6776.0,,,,6950.0,6880.42,6841.25,7215.25,7106.75,6954.5,6939.5
ABB,VWAP,,,,,,,,,,,6953.0,6948.48
ABB,CASH VOL,240835,229223,63801,39.09,38.21,,,,,,12643,20395
ABB,F&O VOL,17064,28237,,,,,,,,,707,1405
ABB,F&O OI,22740,22442,,,,,,,,,22720,22682
ABB,CALL VOL,7525,13184,,,,,,,,,362,623
ABB,CALL OI,3609,3680,,,,,,,,,4206,3568
ABB,PUT VOL,3444,7125,,,,,,,,,150,318
ABB,PUT OI,3623,3623,,,,,,,,,3649,3659
ABB,CALL SPRD,,,,,,,,,,,1.14,1.5
ABB,PUT SPRD,,,,,,,,,,,3.25,1.6
ABB,CALL OI FIX,3609,,,,,,,,,,3577,3568
ABB,PUT OI FIX,3623,,,,,,,,,,3650,3659
ABB,CALL DOI,,,,,,,,,,,211790,191014
ABB,PUT DOI,,,,,,,,,,,-187971,-180701
ABB,CALL GEX,,,,,,,,,,,26889,23184
ABB,PUT GEX,,,,,,,,,,,19148,20728
ABB,GEX STRIKE,,,,,,,,,,,7000.0,7000.0
ABB,EXPIRY,,,,,,,,,,,2026-10-27,2026-10-27
ABB,ATM IV,,,,,,,,,,,31.35,29.97
ABCAPITAL,PRICE,375.05,380.6,,,,375.95,375.15,375.08,394.9,391.63,380.55,380.15
ABCAPITAL,VWAP,,,,,,,,,,,379.4,379.74
ABCAPITAL,CASH VOL,5001023,3567531,1873156,66.05,51.66,,,,,,85358,128959
ABCAPITAL,F&O VOL,12742,3839,,,,,,,,,556,887
ABCAPITAL,F&O OI,19956,18748,,,,,,,,,19949,19938
ABCAPITAL,CALL VOL,4546,1335,,,,,,,,,308,464
ABCAPITAL,CALL OI,2733,1601,,,,,,,,,2725,2731
ABCAPITAL,PUT VOL,4478,819,,,,,,,,,98,200
ABCAPITAL,PUT OI,2594,2279,,,,,,,,,2613,2612
ABCAPITAL,CALL SPRD,,,,,,,,,,,2.05,2.18
ABCAPITAL,PUT SPRD,,,,,,,,,,,2.58,2.49
ABCAPITAL,CALL OI FIX,2287,,,,,,,,,,2279,2285
ABCAPITAL,PUT OI FIX,2696,,,,,,,,,,2715,2713
ABCAPITAL,CALL DOI,,,,,,,,,,,3219861,3126652
ABCAPITAL,PUT DOI,,,,,,,,,,,-3438066,-3489325
ABCAPITAL,CALL GEX,,,,,,,,,,,426589,445823
ABCAPITAL,PUT GEX,,,,,,,,,,,374067,387140
ABCAPITAL,GEX STRIKE,,,,,,,,,,,390.0,390.0
ABCAPITAL,EXPIRY,,,,,,,,,,,2026-10-27,2026-10-27
ABCAPITAL,ATM IV,,,,,,,,,,,29.78,28.82
ADANIENSOL,PRICE,1326.4,1314.6,,,,1336.1,1349.35,1334.05,1363.45,1346.82,1352.0,1352.3
ADANIENSOL,VWAP,,,,,,,,,,,1348.27,1351.53
ADANIENSOL,CASH VOL,7267118,1154073,1110652,33.53,47.76,,,,,,109897,238074
ADANIENSOL,F&O VOL,37095,6029,,,,,,,,,590,1555
ADANIENSOL,F&O OI,41695,39717,,,,,,,,,41696,41734
ADANIENSOL,CALL VOL,16803,2623,,,,,,,,,370,915
ADANIENSOL,CALL OI,3333,2587,,,,,,,,,3316,3409
ADANIENSOL,PUT VOL,8183,1070,,,,,,,,,28,173
ADANIENSOL,PUT OI,1700,1015,,,,,,,,,1697,1717
ADANIENSOL,CALL SPRD,,,,,,,,,,,1.35,1.18
ADANIENSOL,PUT SPRD,,,,,,,,,,,4.5,1.38
ADANIENSOL,CALL OI FIX,3194,,,,,,,,,,3178,3244
ADANIENSOL,PUT OI FIX,1719,,,,,,,,,,1716,1735
ADANIENSOL,CALL DOI,,,,,,,,,,,1169642,1187537
ADANIENSOL,PUT DOI,,,,,,,,,,,-481410,-484589
ADANIENSOL,CALL GEX,,,,,,,,,,,87110,90042
ADANIENSOL,PUT GEX,,,,,,,,,,,40218,41485
ADANIENSOL,GEX STRIKE,,,,,,,,,,,1400.0,1400.0
ADANIENSOL,EXPIRY,,,,,,,,,,,2026-10-27,2026-10-27
ADANIENSOL,ATM IV,,,,,,,,,,,42.2,39.7
ADANIENT,PRICE,2816.8,2903.4,,,,2843.9,2837.85,2823.82,2962.15,2931.72,2835.3,2837.5
ADANIENT,VWAP,,,,,,,,,,,2840.27,2837.95
ADANIENT,CASH VOL,2100334,1663023,547341,42.05,43.02,,,,,,99368,141239
ADANIENT,F&O VOL,53694,48948,,,,,,,,,1800,3234
ADANIENT,F&O OI,84147,80266,,,,,,,,,84351,84436
ADANIENT,CALL VOL,24380,21780,,,,,,,,,949,1768
ADANIENT,CALL OI,15121,12971,,,,,,,,,15154,15158
ADANIENT,PUT VOL,17165,15934,,,,,,,,,526,882
ADANIENT,PUT OI,9885,8813,,,,,,,,,10043,10133
ADANIENT,CALL SPRD,,,,,,,,,,,1.15,0.75
ADANIENT,PUT SPRD,,,,,,,,,,,1.64,1.33
ADANIENT,CALL OI FIX,12411,,,,,,,,,,12445,12485
ADANIENT,PUT OI FIX,9579,,,,,,,,,,9738,9835
ADANIENT,CALL DOI,,,,,,,,,,,1639551,1642289
ADANIENT,PUT DOI,,,,,,,,,,,-1466567,-1488431
ADANIENT,CALL GEX,,,,,,,,,,,208794,212817
ADANIENT,PUT GEX,,,,,,,,,,,126010,131123
ADANIENT,GEX STRIKE,,,,,,,,,,,2900.0,2900.0
ADANIENT,EXPIRY,,,,,,,,,,,2026-10-27,2026-10-27
ADANIENT,ATM IV,,,,,,,,,,,32.02,31.43
ADANIGREEN,PRICE,1276.1,1278.0,,,,1287.4,1279.15,1277.12,1295.6,1293.6,1281.0,1274.8
ADANIGREEN,VWAP,,,,,,,,,,,1284.33,1278.38
ADANIGREEN,CASH VOL,6355094,1452231,1547337,66.77,56.21,,,,,,69496,172612
ADANIGREEN,F&O VOL,30616,11460,,,,,,,,,541,1664
ADANIGREEN,F&O OI,48286,49756,,,,,,,,,48274,48341
ADANIGREEN,CALL VOL,12066,5550,,,,,,,,,248,764
ADANIGREEN,CALL OI,3588,3428,,,,,,,,,3592,3596
ADANIGREEN,PUT VOL,6560,1971,,,,,,,,,151,386
ADANIGREEN,PUT OI,2570,2372,,,,,,,,,2531,2523
ADANIGREEN,CALL SPRD,,,,,,,,,,,1.75,1.22
ADANIGREEN,PUT SPRD,,,,,,,,,,,1.8,1.37
ADANIGREEN,CALL OI FIX,3588,,,,,,,,,,3592,3596
ADANIGREEN,PUT OI FIX,2570,,,,,,,,,,2531,2523
ADANIGREEN,CALL DOI,,,,,,,,,,,990827,950056
ADANIGREEN,PUT DOI,,,,,,,,,,,-622761,-655038
ADANIGREEN,CALL GEX,,,,,,,,,,,93167,92129
ADANIGREEN,PUT GEX,,,,,,,,,,,59053,62170
ADANIGREEN,GEX STRIKE,,,,,,,,,,,1300.0,1300.0
ADANIGREEN,EXPIRY,,,,,,,,,,,2026-10-27,2026-10-27
ADANIGREEN,ATM IV,,,,,,,,,,,34.9,35.29
ADANIPORTS,PRICE,1737.8,1798.3,,,,1769.9,1751.0,1742.2,1793.85,1789.95,1745.1,1743.8
ADANIPORTS,VWAP,,,,,,,,,,,1748.37,1747.21
ADANIPORTS,CASH VOL,2157928,3199507,528424,52.62,63.4,,,,,,210206,278747
ADANIPORTS,F&O VOL,27784,31025,,,,,,,,,2066,3062
ADANIPORTS,F&O OI,50274,49599,,,,,,,,,50593,50578
ADANIPORTS,CALL VOL,9734,11000,,,,,,,,,1054,1515
ADANIPORTS,CALL OI,6240,5510,,,,,,,,,6400,6421
ADANIPORTS,PUT VOL,9493,9072,,,,,,,,,443,746
ADANIPORTS,PUT OI,6829,6351,,,,,,,,,6923,6980
ADANIPORTS,CALL SPRD,,,,,,,,,,,1.11,1.27
ADANIPORTS,PUT SPRD,,,,,,,,,,,1.62,1.45
ADANIPORTS,CALL OI FIX,6240,,,,,,,,,,6400,6421
ADANIPORTS,PUT OI FIX,6829,,,,,,,,,,6923,6980
ADANIPORTS,CALL DOI,,,,,,,,,,,1129383,1121754
ADANIPORTS,PUT DOI,,,,,,,,,,,-1424874,-1483265
ADANIPORTS,CALL GEX,,,,,,,,,,,185278,189866
ADANIPORTS,PUT GEX,,,,,,,,,,,177654,196035
ADANIPORTS,GEX STRIKE,,,,,,,,,,,1800.0,1800.0
ADANIPORTS,EXPIRY,,,,,,,,,,,2026-10-27,2026-10-27
ADANIPORTS,ATM IV,,,,,,,,,,,24.16,23.62
ADANIPOWER,PRICE,196.21,204.0,,,,197.17,198.23,196.88,203.05,202.85,198.25,197.71
ADANIPOWER,VWAP,,,,,,,,,,,198.32,198.13
ADANIPOWER,CASH VOL,33548439,21070859,12953677,41.4,40.06,,,,,,1330339,2126674
ADANIPOWER,F&O VOL,33594,30105,,,,,,,,,598,1431
ADANIPOWER,F&O OI,78361,75565,,,,,,,,,78387,78452
ADANIPOWER,CALL VOL,12894,11570,,,,,,,,,354,723
ADANIPOWER,CALL OI,5677,4426,,,,,,,,,5679,5721
ADANIPOWER,PUT VOL,6973,6528,,,,,,,,,65,147
ADANIPOWER,PUT OI,5014,4689,,,,,,,,,5021,5026
ADANIPOWER,CALL SPRD,,,,,,,,,,,2.31,1.73
ADANIPOWER,PUT SPRD,,,,,,,,,,,4.2,1.91
ADANIPOWER,CALL OI FIX,3708,,,,,,,,,,3717,3754
ADANIPOWER,PUT OI FIX,4518,,,,,,,,,,4524,4527
ADANIPOWER,CALL DOI,,,,,,,,,,,8579329,8344363
ADANIPOWER,PUT DOI,,,,,,,,,,,-7877752,-8078610
ADANIPOWER,CALL GEX,,,,,,,,,,,845614,871674
ADANIPOWER,PUT GEX,,,,,,,,,,,705853,720342
ADANIPOWER,GEX STRIKE,,,,,,,,,,,200.0,200.0
ADANIPOWER,EXPIRY,,,,,,,,,,,2026-10-27,2026-10-27
ADANIPOWER,ATM IV,,,,,,,,,,,37.61,35.52
ALKEM,PRICE,5220.0,5163.5,,,,5210.0,5201.67,5165.0,5342.0,5296.67,5206.0,5196.5
ALKEM,VWAP,,,,,,,,,,,5218.5,5209.11
ALKEM,CASH VOL,291015,146577,69537,66.6,63.35,,,,,,3169,5447
ALKEM,F&O VOL,5562,6530,,,,,,,,,45,207
ALKEM,F&O OI,17034,17311,,,,,,,,,17038,17032
ALKEM,CALL VOL,1726,2912,,,,,,,,,13,105
ALKEM,CALL OI,731,819,,,,,,,,,727,721
ALKEM,PUT VOL,875,1149,,,,,,,,,4,47
ALKEM,PUT OI,776,767,,,,,,,,,776,777
ALKEM,CALL SPRD,,,,,,,,,,,5.71,2.58
ALKEM,PUT SPRD,,,,,,,,,,,13.0,5.19
ALKEM,CALL OI FIX,731,,,,,,,,,,727,721
ALKEM,PUT OI FIX,776,,,,,,,,,,776,777
ALKEM,CALL DOI,,,,,,,,,,,37883,37006
ALKEM,PUT DOI,,,,,,,,,,,-40673,-41247
ALKEM,CALL GEX,,,,,,,,,,,5631,5659
ALKEM,PUT GEX,,,,,,,,,,,5714,5905
ALKEM,GEX STRIKE,,,,,,,,,,,5200.0,5200.0
ALKEM,EXPIRY,,,,,,,,,,,2026-10-27,2026-10-27
ALKEM,ATM IV,,,,,,,,,,,26.03,24.0
AMBER,PRICE,6500.0,6672.5,,,,6535.0,6584.25,6528.08,7020.25,6980.08,6576.5,6615.0
AMBER,VWAP,,,,,,,,,,,6563.5,6578.09
AMBER,CASH VOL,133557,224400,31711,32.04,46.48,,,,,,4588,9201
AMBER,F&O VOL,12428,12342,,,,,,,,,345,888
AMBER,F&O OI,19949,19282,,,,,,,,,19979,19997
AMBER,CALL VOL,5864,4532,,,,,,,,,261,561
AMBER,CALL OI,2864,1942,,,,,,,,,2877,2888
AMBER,PUT VOL,1970,3327,,,,,,,,,23,120
AMBER,PUT OI,1863,2104,,,,,,,,,1869,1884
AMBER,CALL SPRD,,,,,,,,,,,1.79,1.5
AMBER,PUT SPRD,,,,,,,,,,,12.77,10.05
AMBER,CALL OI FIX,2655,,,,,,,,,,2667,2676
AMBER,PUT OI FIX,2316,,,,,,,,,,2328,2346
AMBER,CALL DOI,,,,,,,,,,,104452,113012
AMBER,PUT DOI,,,,,,,,,,,-90968,-88844
AMBER,CALL GEX,,,,,,,,,,,13881,14350
AMBER,PUT GEX,,,,,,,,,,,6918,7566
AMBER,GEX STRIKE,,,,,,,,,,,6700.0,6700.0
AMBER,EXPIRY,,,,,,,,,,,2026-10-27,2026-10-27
AMBER,ATM IV,,,,,,,,,,,35.58,35.34
AMBUJACEM,PRICE,362.25,374.0,,,,363.2,363.95,362.82,387.85,385.15,364.95,363.8
AMBUJACEM,VWAP,,,,,,,,,,,365.32,364.49
AMBUJACEM,CASH VOL,3893265,3219926,825937,33.67,54.33,,,,,,79817,147501
AMBUJACEM,F&O VOL,24951,16263,,,,,,,,,40,88
AMBUJACEM,F&O OI,97250,94512,,,,,,,,,97247,97230
AMBUJACEM,CALL VOL,8819,5063,,,,,,,,,13,30
AMBUJACEM,CALL OI,4419,3160,,,,,,,,,4414,4405
AMBUJACEM,PUT VOL,5141,3384,,,,,,,,,3,7
AMBUJACEM,PUT OI,3102,2611,,,,,,,,,3102,3102
AMBUJACEM,CALL SPRD,,,,,,,,,,,13.66,13.0
AMBUJACEM,PUT SPRD,,,,,,,,,,,52.82,25.0
AMBUJACEM,CALL OI FIX,3567,,,,,,,,,,3562,3553
AMBUJACEM,PUT OI FIX,2890,,,,,,,,,,2890,2890
AMBUJACEM,CALL DOI,,,,,,,,,,,2044047,1947527
AMBUJACEM,PUT DOI,,,,,,,,,,,-1724704,-1767937
AMBUJACEM,CALL GEX,,,,,,,,,,,281528,270658
AMBUJACEM,PUT GEX,,,,,,,,,,,161313,162614
AMBUJACEM,GEX STRIKE,,,,,,,,,,,380.0,370.0
AMBUJACEM,EXPIRY,,,,,,,,,,,2026-10-27,2026-10-27
AMBUJACEM,ATM IV,,,,,,,,,,,30.7,28.89
ANGELONE,PRICE,276.8,274.0,,,,276.8,275.81,273.83,293.8,289.93,276.4,278.0
ANGELONE,VWAP,,,,,,,,,,,275.3,276.47
ANGELONE,CASH VOL,6751156,2439788,1774879,34.37,28.3,,,,,,274660,431991
ANGELONE,F&O VOL,24330,7700,,,,,,,,,1274,2786
ANGELONE,F&O OI,25443,21578,,,,,,,,,25748,26070
ANGELONE,CALL VOL,11798,3149,,,,,,,,,809,1752
ANGELONE,CALL OI,5894,3335,,,,,,,,,5856,6367
ANGELONE,PUT VOL,5086,1840,,,,,,,,,114,241
ANGELONE,PUT OI,3339,2545,,,,,,,,,3729,3400
ANGELONE,CALL SPRD,,,,,,,,,,,1.58,0.83
ANGELONE,PUT SPRD,,,,,,,,,,,1.79,1.65
ANGELONE,CALL OI FIX,5629,,,,,,,,,,5856,6096
ANGELONE,PUT OI FIX,3708,,,,,,,,,,3729,3770
ANGELONE,CALL DOI,,,,,,,,,,,6012758,6788296
ANGELONE,PUT DOI,,,,,,,,,,,-3916139,-3632824
ANGELONE,CALL GEX,,,,,,,,,,,524796,541525
ANGELONE,PUT GEX,,,,,,,,,,,273313,268918
ANGELONE,GEX STRIKE,,,,,,,,,,,280.0,280.0
ANGELONE,EXPIRY,,,,,,,,,,,2026-10-27,2026-10-27
ANGELONE,ATM IV,,,,,,,,,,,44.62,44.56
APLAPOLLO,PRICE,2115.7,2190.1,,,,2124.6,2128.15,2119.85,2206.0,2188.6,2140.8,2134.2
APLAPOLLO,VWAP,,,,,,,,,,,2140.57,2137.08
APLAPOLLO,CASH VOL,1615913,587352,350879,46.48,58.1,,,,,,34091,50513
APLAPOLLO,F&O VOL,44500,13348,,,,,,,,,471,809
APLAPOLLO,F&O OI,56531,50101,,,,,,,,,56536,56580
APLAPOLLO,CALL VOL,13262,4204,,,,,,,,,241,361
APLAPOLLO,CALL OI,4146,2409,,,,,,,,,4130,4164
APLAPOLLO,PUT VOL,10946,3336,,,,,,,,,60,98
APLAPOLLO,PUT OI,3236,2718,,,,,,,,,3254,3255
APLAPOLLO,CALL SPRD,,,,,,,,,,,2.15,1.55
APLAPOLLO,PUT SPRD,,,,,,,,,,,2.39,2.46
APLAPOLLO,CALL OI FIX,3881,,,,,,,,,,3866,3901
APLAPOLLO,PUT OI FIX,3118,,,,,,,,,,3136,3137
APLAPOLLO,CALL DOI,,,,,,,,,,,657807,635211
APLAPOLLO,PUT DOI,,,,,,,,,,,-566846,-584475
APLAPOLLO,CALL GEX,,,,,,,,,,,77680,80661
APLAPOLLO,PUT GEX,,,,,,,,,,,52313,51505
APLAPOLLO,GEX STRIKE,,,,,,,,,,,2200.0,2200.0
APLAPOLLO,EXPIRY,,,,,,,,,,,2026-10-27,2026-10-27
APLAPOLLO,ATM IV,,,,,,,,,,,30.06,30.12
APOLLOHOSP,PRICE,8133.5,8165.5,,,,7880.5,8096.5,8022.5,8946.0,8908.0,7960.5,7952.5
APOLLOHOSP,VWAP,,,,,,,,,,,7977.83,7964.37
APOLLOHOSP,CASH VOL,939105,2108531,189477,55.48,58.81,,,,,,106598,205764
APOLLOHOSP,F&O VOL,92493,188734,,,,,,,,,7214,16343
APOLLOHOSP,F&O OI,47037,47927,,,,,,,,,47931,49095
APOLLOHOSP,CALL VOL,26799,31618,,,,,,,,,2374,5648
APOLLOHOSP,CALL OI,6650,6645,,,,,,,,,7013,7702
APOLLOHOSP,PUT VOL,34719,79344,,,,,,,,,3418,7061
APOLLOHOSP,PUT OI,7146,7452,,,,,,,,,7383,7452
APOLLOHOSP,CALL SPRD,,,,,,,,,,,0.83,0.7
APOLLOHOSP,PUT SPRD,,,,,,,,,,,0.8,0.74
APOLLOHOSP,CALL OI FIX,7756,,,,,,,,,,8127,8852
APOLLOHOSP,PUT OI FIX,6979,,,,,,,,,,7228,7280
APOLLOHOSP,CALL DOI,,,,,,,,,,,279054,313500
APOLLOHOSP,PUT DOI,,,,,,,,,,,-459848,-455700
APOLLOHOSP,CALL GEX,,,,,,,,,,,45801,50422
APOLLOHOSP,PUT GEX,,,,,,,,,,,49160,53249
APOLLOHOSP,GEX STRIKE,,,,,,,,,,,8000.0,8000.0
APOLLOHOSP,EXPIRY,,,,,,,,,,,2026-10-27,2026-10-27
APOLLOHOSP,ATM IV,,,,,,,,,,,26.42,25.02
ASHOKLEY,PRICE,150.48,154.19,,,,151.4,151.68,150.88,160.15,159.44,152.62,152.66
ASHOKLEY,VWAP,,,,,,,,,,,152.61,152.47
ASHOKLEY,CASH VOL,20574319,17703276,3951154,37.98,54.42,,,,,,740515,1238477
ASHOKLEY,F&O VOL,43393,17334,,,,,,,,,1113,3315
ASHOKLEY,F&O OI,48415,44519,,,,,,,,,48442,48375
ASHOKLEY,CALL VOL,17819,6296,,,,,,,,,610,1849
ASHOKLEY,CALL OI,7354,5134,,,,,,,,,7369,7220
ASHOKLEY,PUT VOL,12621,3750,,,,,,,,,166,607
ASHOKLEY,PUT OI,7413,6851,,,,,,,,,7404,7403
ASHOKLEY,CALL SPRD,,,,,,,,,,,1.32,1.61
ASHOKLEY,PUT SPRD,,,,,,,,,,,1.62,1.83
ASHOKLEY,CALL OI FIX,5795,,,,,,,,,,5822,5666
ASHOKLEY,PUT OI FIX,6877,,,,,,,,,,6868,6868
ASHOKLEY,CALL DOI,,,,,,,,,,,14084286,13587258
ASHOKLEY,PUT DOI,,,,,,,,,,,-17351905,-17606730
ASHOKLEY,CALL GEX,,,,,,,,,,,1638930,1639059
ASHOKLEY,PUT GEX,,,,,,,,,,,1496690,1584133
ASHOKLEY,GEX STRIKE,,,,,,,,,,,155.0,160.0
ASHOKLEY,EXPIRY,,,,,,,,,,,2026-10-27,2026-10-27
ASHOKLEY,ATM IV,,,,,,,,,,,32.5,30.81
ASIANPAINT,PRICE,2407.0,2402.6,,,,2400.0,2404.17,2398.5,2440.35,2433.05,2397.0,2392.1
ASIANPAINT,VWAP,,,,,,,,,,,2402.33,2395.86
ASIANPAINT,CASH VOL,1005836,553695,219341,70.4,68.65,,,,,,23159,46970
ASIANPAINT,F&O VOL,19505,20045,,,,,,,,,551,1225
ASIANPAINT,F&O OI,45371,43476,,,,,,,,,45376,45490
ASIANPAINT,CALL VOL,7864,7328,,,,,,,,,388,688
ASIANPAINT,CALL OI,5082,3999,,,,,,,,,5078,5132
ASIANPAINT,PUT VOL,4157,4101,,,,,,,,,78,200
ASIANPAINT,PUT OI,4158,3945,,,,,,,,,4159,4191
ASIANPAINT,CALL SPRD,,,,,,,,,,,1.13,1.12
ASIANPAINT,PUT SPRD,,,,,,,,,,,1.07,1.41
ASIANPAINT,CALL OI FIX,5082,,,,,,,,,,5078,5132
ASIANPAINT,PUT OI FIX,4158,,,,,,,,,,4159,4191
ASIANPAINT,CALL DOI,,,,,,,,,,,548908,535500
ASIANPAINT,PUT DOI,,,,,,,,,,,-423662,-437735
ASIANPAINT,CALL GEX,,,,,,,,,,,90444,90645
ASIANPAINT,PUT GEX,,,,,,,,,,,57364,60903
ASIANPAINT,GEX STRIKE,,,,,,,,,,,2400.0,2400.0
ASIANPAINT,EXPIRY,,,,,,,,,,,2026-10-27,2026-10-27
ASIANPAINT,ATM IV,,,,,,,,,,,22.23,22.33
ASTRAL,PRICE,1344.0,1370.4,,,,1349.0,1343.43,1342.3,1397.58,1394.75,1352.4,1354.7
ASTRAL,VWAP,,,,,,,,,,,1358.6,1353.53
ASTRAL,CASH VOL,299231,258131,124685,49.48,60.09,,,,,,21479,29514
ASTRAL,F&O VOL,9102,6344,,,,,,,,,929,1252
ASTRAL,F&O OI,17923,16042,,,,,,,,,17850,17850
ASTRAL,CALL VOL,2250,2376,,,,,,,,,336,454
ASTRAL,CALL OI,1508,1097,,,,,,,,,1495,1522
ASTRAL,PUT VOL,1675,2212,,,,,,,,,111,184
ASTRAL,PUT OI,1412,1469,,,,,,,,,1423,1401
ASTRAL,CALL SPRD,,,,,,,,,,,1.95,1.39
ASTRAL,PUT SPRD,,,,,,,,,,,2.89,1.48
ASTRAL,CALL OI FIX,1400,,,,,,,,,,1393,1418
ASTRAL,PUT OI FIX,1387,,,,,,,,,,1398,1379
ASTRAL,CALL DOI,,,,,,,,,,,234674,245251
ASTRAL,PUT DOI,,,,,,,,,,,-267455,-257119
ASTRAL,CALL GEX,,,,,,,,,,,35178,36664
ASTRAL,PUT GEX,,,,,,,,,,,28054,27848
ASTRAL,GEX STRIKE,,,,,,,,,,,1400.0,1400.0
ASTRAL,EXPIRY,,,,,,,,,,,2026-10-27,2026-10-27
ASTRAL,ATM IV,,,,,,,,,,,27.2,26.23
AUBANK,PRICE,987.0,1010.3,,,,1000.0,991.6,988.53,1026.4,1020.8,1019.1,1017.5
AUBANK,VWAP,,,,,,,,,,,1015.0,1016.05
AUBANK,CASH VOL,2487890,1358165,592620,54.82,57.41,,,,,,403024,560644
AUBANK,F&O VOL,10660,9336,,,,,,,,,2681,4360
AUBANK,F&O OI,33431,31833,,,,,,,,,33570,33490
AUBANK,CALL VOL,3444,2707,,,,,,,,,1234,1997
AUBANK,CALL OI,3087,2420,,,,,,,,,3053,3074
AUBANK,PUT VOL,1845,2272,,,,,,,,,279,533
AUBANK,PUT OI,2022,1901,,,,,,,,,2062,2078
AUBANK,CALL SPRD,,,,,,,,,,,1.63,1.45
AUBANK,PUT SPRD,,,,,,,,,,,3.26,1.84
AUBANK,CALL OI FIX,2686,,,,,,,,,,2657,2666
AUBANK,PUT OI FIX,2829,,,,,,,,,,2872,2889
AUBANK,CALL DOI,,,,,,,,,,,1556506,1537420
AUBANK,PUT DOI,,,,,,,,,,,-804944,-821215
AUBANK,CALL GEX,,,,,,,,,,,153367,163280
AUBANK,PUT GEX,,,,,,,,,,,92761,93158
AUBANK,GEX STRIKE,,,,,,,,,,,1000.0,1000.0
AUBANK,EXPIRY,,,,,,,,,,,2026-10-27,2026-10-27
AUBANK,ATM IV,,,,,,,,,,,31.09,30.98
AUROPHARMA,PRICE,1676.8,1672.0,,,,1693.7,1677.45,1677.02,1714.65,1712.88,1680.3,1678.4
AUROPHARMA,VWAP,,,,,,,,,,,1684.87,1682.67
AUROPHARMA,CASH VOL,1074057,1138610,280883,50.41,51.09,,,,,,56905,81478
AUROPHARMA,F&O VOL,13030,16663,,,,,,,,,641,1386
AUROPHARMA,F&O OI,33701,33096,,,,,,,,,33782,33931
AUROPHARMA,CALL VOL,4645,5061,,,,,,,,,215,564
AUROPHARMA,CALL OI,4482,4018,,,,,,,,,4529,4587
AUROPHARMA,PUT VOL,4146,5867,,,,,,,,,232,426
AUROPHARMA,PUT OI,3514,3299,,,,,,,,,3520,3514
AUROPHARMA,CALL SPRD,,,,,,,,,,,1.74,1.87
AUROPHARMA,PUT SPRD,,,,,,,,,,,1.58,1.21
AUROPHARMA,CALL OI FIX,4482,,,,,,,,,,4529,4587
AUROPHARMA,PUT OI FIX,3514,,,,,,,,,,3520,3514
AUROPHARMA,CALL DOI,,,,,,,,,,,1232010,1226387
AUROPHARMA,PUT DOI,,,,,,,,,,,-784120,-786291
AUROPHARMA,CALL GEX,,,,,,,,,,,140434,142443
AUROPHARMA,PUT GEX,,,,,,,,,,,94157,99841
AUROPHARMA,GEX STRIKE,,,,,,,,,,,1700.0,1700.0
AUROPHARMA,EXPIRY,,,,,,,,,,,2026-10-27,2026-10-27
AUROPHARMA,ATM IV,,,,,,,,,,,27.68,27.11
AXISBANK,PRICE,1217.1,1226.0,,,,1229.0,1228.45,1220.88,1220.03,1215.3,1232.3,1230.3
AXISBANK,VWAP,,,,,,,,,,,1228.33,1229.6
AXISBANK,CASH VOL,7005197,6178741,1564569,60.93,64.84,,,,,,494829,724408
AXISBANK,F&O VOL,66986,68780,,,,,,,,,3136,6813
AXISBANK,F&O OI,192379,190742,,,,,,,,,192833,193380
AXISBANK,CALL VOL,25163,26704,,,,,,,,,955,1969
AXISBANK,CALL OI,16986,16700,,,,,,,,,16974,16977
AXISBANK,PUT VOL,16048,15740,,,,,,,,,662,1208
AXISBANK,PUT OI,10992,10500,,,,,,,,,11081,11135
AXISBANK,CALL SPRD,,,,,,,,,,,0.61,0.75
AXISBANK,PUT SPRD,,,,,,,,,,,0.89,1.42
AXISBANK,CALL OI FIX,16065,,,,,,,,,,16060,16052
AXISBANK,PUT OI FIX,11037,,,,,,,,,,11127,11182
AXISBANK,CALL DOI,,,,,,,,,,,5932678,5856238
AXISBANK,PUT DOI,,,,,,,,,,,-2616774,-2712206
AXISBANK,CALL GEX,,,,,,,,,,,661166,687078
AXISBANK,PUT GEX,,,,,,,,,,,375196,383310
AXISBANK,GEX STRIKE,,,,,,,,,,,1220.0,1220.0
AXISBANK,EXPIRY,,,,,,,,,,,2026-10-27,2026-10-27
AXISBANK,ATM IV,,,,,,,,,,,25.75,25.11
BAJAJ-AUTO,PRICE,10045.0,10874.0,,,,10036.0,10307.0,10132.33,11358.0,11306.67,9979.0,9940.0
BAJAJ-AUTO,VWAP,,,,,,,,,,,10008.33,9975.95
BAJAJ-AUTO,CASH VOL,1491300,313712,169808,26.54,62.08,,,,,,24327,44903
BAJAJ-AUTO,F&O VOL,446709,36206,,,,,,,,,5960,18882
BAJAJ-AUTO,F&O OI,75474,46386,,,,,,,,,76204,77772
BAJAJ-AUTO,CALL VOL,67430,12139,,,,,,,,,2033,4626
BAJAJ-AUTO,CALL OI,6438,5859,,,,,,,,,9675,7083
BAJAJ-AUTO,PUT VOL,170459,10302,,,,,,,,,1587,5969
BAJAJ-AUTO,PUT OI,7794,7725,,,,,,,,,7960,8055
BAJAJ-AUTO,CALL SPRD,,,,,,,,,,,0.73,1.29
BAJAJ-AUTO,PUT SPRD,,,,,,,,,,,0.92,1.0
BAJAJ-AUTO,CALL OI FIX,9347,,,,,,,,,,9675,10288
BAJAJ-AUTO,PUT OI FIX,7899,,,,,,,,,,7960,8113
BAJAJ-AUTO,CALL DOI,,,,,,,,,,,264310,212090
BAJAJ-AUTO,PUT DOI,,,,,,,,,,,-275254,-255630
BAJAJ-AUTO,CALL GEX,,,,,,,,,,,44899,35114
BAJAJ-AUTO,PUT GEX,,,,,,,,,,,34535,34415
BAJAJ-AUTO,GEX STRIKE,,,,,,,,,,,10000.0,10000.0
BAJAJ-AUTO,EXPIRY,,,,,,,,,,,2026-10-27,2026-10-27
BAJAJ-AUTO,ATM IV,,,,,,,,,,,24.13,23.9
BAJAJFINSV,PRICE,1732.6,1731.0,,,,1744.8,1728.12,1719.15,1809.9,1783.97,1757.2,1758.3
BAJAJFINSV,VWAP,,,,,,,,,,,1753.37,1755.87
BAJAJFINSV,CASH VOL,2292234,1086211,436668,73.62,62.11,,,,,,54634,97470
BAJAJFINSV,F&O VOL,18625,24627,,,,,,,,,2392,3910
BAJAJFINSV,F&O OI,45122,43274,,,,,,,,,45407,45536
BAJAJFINSV,CALL VOL,7107,9667,,,,,,,,,1053,1913
BAJAJFINSV,CALL OI,5732,5097,,,,,,,,,5732,5788
BAJAJFINSV,PUT VOL,3745,4861,,,,,,,,,747,1096
BAJAJFINSV,PUT OI,4829,4710,,,,,,,,,5150,5203
BAJAJFINSV,CALL SPRD,,,,,,,,,,,1.11,1.1
BAJAJFINSV,PUT SPRD,,,,,,,,,,,1.75,1.77
BAJAJFINSV,CALL OI FIX,5104,,,,,,,,,,5118,5173
BAJAJFINSV,PUT OI FIX,4802,,,,,,,,,,5125,5182
BAJAJFINSV,CALL DOI,,,,,,,,,,,719070,723655
BAJAJFINSV,PUT DOI,,,,,,,,,,,-569425,-569893
BAJAJFINSV,CALL GEX,,,,,,,,,,,102932,104025
BAJAJFINSV,PUT GEX,,,,,,,,,,,71295,81199
BAJAJFINSV,GEX STRIKE,,,,,,,,,,,1700.0,1700.0
BAJAJFINSV,EXPIRY,,,,,,,,,,,2026-10-27,2026-10-27
BAJAJFINSV,ATM IV,,,,,,,,,,,28.53,24.57
BAJAJHLDNG,PRICE,10666.0,10788.0,,,,10580.0,10642.33,10595.0,11093.5,10991.17,10743.0,10742.0
BAJAJHLDNG,VWAP,,,,,,,,,,,10695.0,10707.09
BAJAJHLDNG,CASH VOL,39942,40117,9034,48.92,63.23,,,,,,3993,5092
BAJAJHLDNG,F&O VOL,1134,644,,,,,,,,,35,92
BAJAJHLDNG,F&O OI,3627,3374,,,,,,,,,3637,3651
BAJAJHLDNG,CALL VOL,187,182,,,,,,,,,3,3
BAJAJHLDNG,CALL OI,148,120,,,,,,,,,148,148
BAJAJHLDNG,PUT VOL,386,96,,,,,,,,,2,35
BAJAJHLDNG,PUT OI,318,100,,,,,,,,,318,334
BAJAJHLDNG,CALL SPRD,,,,,,,,,,,79.95,67.09
BAJAJHLDNG,PUT SPRD,,,,,,,,,,,,46.25
BAJAJHLDNG,CALL OI FIX,148,,,,,,,,,,148,148
BAJAJHLDNG,PUT OI FIX,318,,,,,,,,,,318,334
BAJAJHLDNG,CALL DOI,,,,,,,,,,,5264,5247
BAJAJHLDNG,PUT DOI,,,,,,,,,,,-10363,-10900
BAJAJHLDNG,CALL GEX,,,,,,,,,,,554,548
BAJAJHLDNG,PUT GEX,,,,,,,,,,,1009,1046
BAJAJHLDNG,GEX STRIKE,,,,,,,,,,,10700.0,10700.0
BAJAJHLDNG,EXPIRY,,,,,,,,,,,2026-10-27,2026-10-27
BAJAJHLDNG,ATM IV,,,,,,,,,,,34.94,34.94
BAJFINANCE,PRICE,948.3,959.4,,,,962.55,947.74,946.62,1008.6,1000.8,980.55,984.45
BAJFINANCE,VWAP,,,,,,,,,,,976.52,979.32
BAJFINANCE,CASH VOL,5698769,6625616,1644191,59.38,65.87,,,,,,1265683,2495543
BAJFINANCE,F&O VOL,58148,38048,,,,,,,,,14551,31618
BAJFINANCE,F&O OI,129510,122544,,,,,,,,,129594,130812
BAJFINANCE,CALL VOL,22961,12484,,,,,,,,,8121,17642
BAJFINANCE,CALL OI,14012,11165,,,,,,,,,14001,14590
BAJFINANCE,PUT VOL,14484,8529,,,,,,,,,1915,5206
BAJFINANCE,PUT OI,10917,10070,,,,,,,,,10971,11303
BAJFINANCE,CALL SPRD,,,,,,,,,,,0.65,0.67
BAJFINANCE,PUT SPRD,,,,,,,,,,,1.16,0.78
BAJFINANCE,CALL OI FIX,11407,,,,,,,,,,11361,11837
BAJFINANCE,PUT OI FIX,11320,,,,,,,,,,11390,11743
BAJFINANCE,CALL DOI,,,,,,,,,,,5250219,5670427
BAJFINANCE,PUT DOI,,,,,,,,,,,-3247390,-3182145
BAJFINANCE,CALL GEX,,,,,,,,,,,564347,583145
BAJFINANCE,PUT GEX,,,,,,,,,,,369571,406721
BAJFINANCE,GEX STRIKE,,,,,,,,,,,1000.0,1000.0
BAJFINANCE,EXPIRY,,,,,,,,,,,2026-10-27,2026-10-27
BAJFINANCE,ATM IV,,,,,,,,,,,29.73,28.96
BANDHANBNK,PRICE,176.0,178.23,,,,176.0,176.9,176.3,187.28,186.45,173.32,172.47
BANDHANBNK,VWAP,,,,,,,,,,,174.04,173.41
BANDHANBNK,CASH VOL,11142144,13031625,1950656,35.31,45.51,,,,,,774152,1350147
BANDHANBNK,F&O VOL,2621,27582,,,,,,,,,41,72
BANDHANBNK,F&O OI,54891,56684,,,,,,,,,54891,54882
BANDHANBNK,CALL VOL,334,4627,,,,,,,,,0,5
BANDHANBNK,CALL OI,3046,3195,,,,,,,,,3046,3046
BANDHANBNK,PUT VOL,347,6023,,,,,,,,,2,11
BANDHANBNK,PUT OI,4062,4262,,,,,,,,,4061,4060
BANDHANBNK,CALL SPRD,,,,,,,,,,,144.83,146.43
BANDHANBNK,PUT SPRD,,,,,,,,,,,39.6,30.4
BANDHANBNK,CALL OI FIX,2821,,,,,,,,,,2821,2821
BANDHANBNK,PUT OI FIX,3678,,,,,,,,,,3677,3676
BANDHANBNK,CALL DOI,,,,,,,,,,,4431117,4229489
BANDHANBNK,PUT DOI,,,,,,,,,,,-7103428,-7299809
BANDHANBNK,CALL GEX,,,,,,,,,,,412743,406186
BANDHANBNK,PUT GEX,,,,,,,,,,,477646,468204
BANDHANBNK,GEX STRIKE,,,,,,,,,,,185.0,185.0
BANDHANBNK,EXPIRY,,,,,,,,,,,2026-10-27,2026-10-27
BANDHANBNK,ATM IV,,,,,,,,,,,36.81,36.81
BANKBARODA,PRICE,230.82,230.55,,,,233.11,231.75,231.13,235.24,235.2,236.97,236.35
BANKBARODA,VWAP,,,,,,,,,,,235.94,236.06
BANKBARODA,CASH VOL,9034271,10920670,4171781,51.59,51.29,,,,,,734456,1075583
BANKBARODA,F&O VOL,21508,37005,,,,,,,,,3907,7784
BANKBARODA,F&O OI,72246,73041,,,,,,,,,72086,71942
BANKBARODA,CALL VOL,8970,18739,,,,,,,,,2329,4211
BANKBARODA,CALL OI,8137,8046,,,,,,,,,7987,7867
BANKBARODA,PUT VOL,4357,7842,,,,,,,,,745,1573
BANKBARODA,PUT OI,5822,6129,,,,,,,,,5794,5789
BANKBARODA,CALL SPRD,,,,,,,,,,,1.6,1.18
BANKBARODA,PUT SPRD,,,,,,,,,,,14.98,1.82
BANKBARODA,CALL OI FIX,6154,,,,,,,,,,6086,6035
BANKBARODA,PUT OI FIX,7375,,,,,,,,,,7304,7237
BANKBARODA,CALL DOI,,,,,,,,,,,11551594,11072160
BANKBARODA,PUT DOI,,,,,,,,,,,-6635802,-6909518
BANKBARODA,CALL GEX,,,,,,,,,,,1354968,1397709
BANKBARODA,PUT GEX,,,,,,,,,,,848600,849013
BANKBARODA,GEX STRIKE,,,,,,,,,,,240.0,240.0
BANKBARODA,EXPIRY,,,,,,,,,,,2026-10-27,2026-10-27
BANKBARODA,ATM IV,,,,,,,,,,,28.98,25.34
BANKINDIA,PRICE,129.48,130.24,,,,132.09,129.29,128.92,138.38,138.08,135.26,135.06
BANKINDIA,VWAP,,,,,,,,,,,134.31,134.64
BANKINDIA,CASH VOL,4296454,5018149,1200164,36.94,47.27,,,,,,2218310,3584567
BANKINDIA,F&O VOL,5760,9116,,,,,,,,,2768,5042
BANKINDIA,F&O OI,25831,25620,,,,,,,,,25802,25961
BANKINDIA,CALL VOL,2240,4049,,,,,,,,,1919,3198
BANKINDIA,CALL OI,5261,5079,,,,,,,,,5337,5422
BANKINDIA,PUT VOL,1220,2230,,,,,,,,,307,634
BANKINDIA,PUT OI,4552,4557,,,,,,,,,4522,4585
BANKINDIA,CALL SPRD,,,,,,,,,,,0.61,1.07
BANKINDIA,PUT SPRD,,,,,,,,,,,2.83,0.73
BANKINDIA,CALL OI FIX,4001,,,,,,,,,,4056,4081
BANKINDIA,PUT OI FIX,4714,,,,,,,,,,4676,4754
BANKINDIA,CALL DOI,,,,,,,,,,,12296204,12255051
BANKINDIA,PUT DOI,,,,,,,,,,,-8702825,-8949135
BANKINDIA,CALL GEX,,,,,,,,,,,1257850,1267618
BANKINDIA,PUT GEX,,,,,,,,,,,864578,915575
BANKINDIA,GEX STRIKE,,,,,,,,,,,135.0,135.0
BANKINDIA,EXPIRY,,,,,,,,,,,2026-10-27,2026-10-27
BANKINDIA,ATM IV,,,,,,,,,,,34.21,33.22
BDL,PRICE,1087.9,1110.1,,,,1087.9,1093.45,1089.75,1165.45,1148.48,1100.0,1096.7
BDL,VWAP,,,,,,,,,,,1099.37,1097.09
BDL,CASH VOL,928850,1193043,291447,38.52,38.38,,,,,,44313,81410
BDL,F&O VOL,10458,13073,,,,,,,,,407,990
BDL,F&O OI,35841,35131,,,,,,,,,35865,35958
BDL,CALL VOL,5368,6710,,,,,,,,,309,668
BDL,CALL OI,6265,5746,,,,,,,,,6294,6357
BDL,PUT VOL,2055,2067,,,,,,,,,45,170
BDL,PUT OI,5442,5443,,,,,,,,,5452,5493
BDL,CALL SPRD,,,,,,,,,,,0.95,0.84
BDL,PUT SPRD,,,,,,,,,,,1.17,1.6
BDL,CALL OI FIX,4077,,,,,,,,,,4095,4141
BDL,PUT OI FIX,5035,,,,,,,,,,5045,5086
BDL,CALL DOI,,,,,,,,,,,874765,860243
BDL,PUT DOI,,,,,,,,,,,-1050624,-1079652
BDL,CALL GEX,,,,,,,,,,,107380,105929
BDL,PUT GEX,,,,,,,,,,,77298,80557
BDL,GEX STRIKE,,,,,,,,,,,1200.0,1100.0
BDL,EXPIRY,,,,,,,,,,,2026-10-27,2026-10-27
BDL,ATM IV,,,,,,,,,,,36.93,35.85
BEL,PRICE,383.1,388.3,,,,383.1,382.87,382.4,394.62,393.91,382.8,380.25
BEL,VWAP,,,,,,,,,,,383.47,382.38
BEL,CASH VOL,10250149,9671143,1983061,55.07,61.95,,,,,,541247,947822
BEL,F&O VOL,35884,30618,,,,,,,,,2136,4373
BEL,F&O OI,100265,97259,,,,,,,,,100707,101001
BEL,CALL VOL,13490,12353,,,,,,,,,954,1854
BEL,CALL OI,10905,9492,,,,,,,,,12995,11201
BEL,PUT VOL,8635,6032,,,,,,,,,344,980
BEL,PUT OI,10163,9514,,,,,,,,,11170,10226
BEL,CALL SPRD,,,,,,,,,,,1.06,0.91
BEL,PUT SPRD,,,,,,,,,,,1.55,1.12
BEL,CALL OI FIX,12878,,,,,,,,,,12995,13202
BEL,PUT OI FIX,11189,,,,,,,,,,11170,11259
BEL,CALL DOI,,,,,,,,,,,6465849,5470981
BEL,PUT DOI,,,,,,,,,,,-8654065,-8052700
BEL,CALL GEX,,,,,,,,,,,1052289,928551
BEL,PUT GEX,,,,,,,,,,,832620,771381
BEL,GEX STRIKE,,,,,,,,,,,400.0,400.0
BEL,EXPIRY,,,,,,,,,,,2026-10-27,2026-10-27
BEL,ATM IV,,,,,,,,,,,25.25,26.07
BHARATFORG,PRICE,1875.0,1926.0,,,,1868.0,1880.55,1876.85,2003.37,1994.1,1871.0,1867.7
BHARATFORG,VWAP,,,,,,,,,,,1867.07,1867.62
BHARATFORG,CASH VOL,1151437,1059256,360722,56.87,59.22,,,,,,40702,55386
BHARATFORG,F&O VOL,13690,10429,,,,,,,,,506,800
BHARATFORG,F&O OI,25147,24198,,,,,,,,,25252,25128
BHARATFORG,CALL VOL,3788,1941,,,,,,,,,178,381
BHARATFORG,CALL OI,2235,1380,,,,,,,,,2528,2241
BHARATFORG,PUT VOL,3386,3569,,,,,,,,,46,107
BHARATFORG,PUT OI,2050,2097,,,,,,,,,2067,2059
BHARATFORG,CALL SPRD,,,,,,,,,,,7.61,5.44
BHARATFORG,PUT SPRD,,,,,,,,,,,5.26,2.73
BHARATFORG,CALL OI FIX,2519,,,,,,,,,,2528,2525
BHARATFORG,PUT OI FIX,2062,,,,,,,,,,2067,2072
BHARATFORG,CALL DOI,,,,,,,,,,,500533,451136
BHARATFORG,PUT DOI,,,,,,,,,,,-516611,-496750
BHARATFORG,CALL GEX,,,,,,,,,,,71202,65685
BHARATFORG,PUT GEX,,,,,,,,,,,50365,51395
BHARATFORG,GEX STRIKE,,,,,,,,,,,1900.0,1900.0
BHARATFORG,EXPIRY,,,,,,,,,,,2026-10-27,2026-10-27
BHARATFORG,ATM IV,,,,,,,,,,,27.67,27.16
BHARTIARTL,PRICE,1741.1,1757.0,,,,1742.3,1746.05,1742.75,1810.85,1793.88,1749.8,1756.7
BHARTIARTL,VWAP,,,,,,,,,,,1748.23,1749.93
BHARTIARTL,CASH VOL,5609657,8080358,1616676,63.89,75.21,,,,,,428137,575987
BHARTIARTL,F&O VOL,73377,85456,,,,,,,,,3371,6101
BHARTIARTL,F&O OI,180532,176257,,,,,,,,,180560,180555
BHARTIARTL,CALL VOL,35830,37683,,,,,,,,,2185,3780
BHARTIARTL,CALL OI,22776,19255,,,,,,,,,19864,22653
BHARTIARTL,PUT VOL,20516,27412,,,,,,,,,920,1483
BHARTIARTL,PUT OI,19911,19586,,,,,,,,,20167,20075
BHARTIARTL,CALL SPRD,,,,,,,,,,,0.63,0.8
BHARTIARTL,PUT SPRD,,,,,,,,,,,1.26,1.01
BHARTIARTL,CALL OI FIX,19963,,,,,,,,,,19864,19825
BHARTIARTL,PUT OI FIX,20132,,,,,,,,,,20167,20296
BHARTIARTL,CALL DOI,,,,,,,,,,,3120246,3565458
BHARTIARTL,PUT DOI,,,,,,,,,,,-5283109,-5219824
BHARTIARTL,CALL GEX,,,,,,,,,,,772270,868677
BHARTIARTL,PUT GEX,,,,,,,,,,,711572,741452
BHARTIARTL,GEX STRIKE,,,,,,,,,,,1800.0,1800.0
BHARTIARTL,EXPIRY,,,,,,,,,,,2026-10-27,2026-10-27
BHARTIARTL,ATM IV,,,,,,,,,,,16.79,16.3
BHEL,PRICE,421.0,415.5,,,,424.95,420.58,419.75,425.75,421.22,431.6,430.4
BHEL,VWAP,,,,,,,,,,,430.97,431.19
BHEL,CASH VOL,12669050,8153812,1933152,36.04,52.92,,,,,,1101409,1783857
BHEL,F&O VOL,42252,21367,,,,,,,,,3115,6702
BHEL,F&O OI,45041,45111,,,,,,,,,45138,45602
BHEL,CALL VOL,18451,10964,,,,,,,,,1739,3393
BHEL,CALL OI,5806,5975,,,,,,,,,5830,6071
BHEL,PUT VOL,7450,3282,,,,,,,,,658,1366
BHEL,PUT OI,2902,2463,,,,,,,,,2963,3034
BHEL,CALL SPRD,,,,,,,,,,,0.28,0.6
BHEL,PUT SPRD,,,,,,,,,,,1.37,0.98
BHEL,CALL OI FIX,5452,,,,,,,,,,5464,5678
BHEL,PUT OI FIX,3785,,,,,,,,,,3833,3897
BHEL,CALL DOI,,,,,,,,,,,9078372,9215271
BHEL,PUT DOI,,,,,,,,,,,-2690316,-2848619
BHEL,CALL GEX,,,,,,,,,,,628771,669136
BHEL,PUT GEX,,,,,,,,,,,274793,285109
BHEL,GEX STRIKE,,,,,,,,,,,420.0,420.0
BHEL,EXPIRY,,,,,,,,,,,2026-10-27,2026-10-27
BHEL,ATM IV,,,,,,,,,,,38.14,38.29
BIOCON,PRICE,370.7,370.3,,,,371.35,370.11,368.93,388.85,384.38,370.2,368.95
BIOCON,VWAP,,,,,,,,,,,371.12,370.11
BIOCON,CASH VOL,2525268,1849491,660371,42.58,54.53,,,,,,73167,117911
BIOCON,F&O VOL,9921,10455,,,,,,,,,236,550
BIOCON,F&O OI,32382,31744,,,,,,,,,32418,32451
BIOCON,CALL VOL,3513,3117,,,,,,,,,111,256
BIOCON,CALL OI,3001,2626,,,,,,,,,3005,3020
BIOCON,PUT VOL,2562,2962,,,,,,,,,72,136
BIOCON,PUT OI,3897,3631,,,,,,,,,3922,3923
BIOCON,CALL SPRD,,,,,,,,,,,1.86,2.94
BIOCON,PUT SPRD,,,,,,,,,,,2.25,2.14
BIOCON,CALL OI FIX,3001,,,,,,,,,,3005,3020
BIOCON,PUT OI FIX,3897,,,,,,,,,,3922,3923
BIOCON,CALL DOI,,,,,,,,,,,2832699,2693131
BIOCON,PUT DOI,,,,,,,,,,,-4307168,-4454511
BIOCON,CALL GEX,,,,,,,,,,,411012,404944
BIOCON,PUT GEX,,,,,,,,,,,498799,495672
BIOCON,GEX STRIKE,,,,,,,,,,,380.0,380.0
BIOCON,EXPIRY,,,,,,,,,,,2026-10-27,2026-10-27
BIOCON,ATM IV,,,,,,,,,,,27.29,27.12
BLUESTARCO,PRICE,1459.6,1518.0,,,,1476.0,1480.5,1466.57,1555.87,1537.6,1476.0,1473.0
BLUESTARCO,VWAP,,,,,,,,,,,1471.9,1473.21
BLUESTARCO,CASH VOL,962569,615606,207733,45.66,45.57,,,,,,27762,49678
BLUESTARCO,F&O VOL,12584,11785,,,,,,,,,500,1495
BLUESTARCO,F&O OI,27894,26784,,,,,,,,,27876,28032
BLUESTARCO,CALL VOL,3726,3059,,,,,,,,,272,761
BLUESTARCO,CALL OI,2376,1896,,,,,,,,,2363,2392
BLUESTARCO,PUT VOL,2246,2680,,,,,,,,,84,208
BLUESTARCO,PUT OI,1890,1768,,,,,,,,,1889,1873
BLUESTARCO,CALL SPRD,,,,,,,,,,,2.48,5.19
BLUESTARCO,PUT SPRD,,,,,,,,,,,23.45,11.76
BLUESTARCO,CALL OI FIX,2188,,,,,,,,,,2175,2213
BLUESTARCO,PUT OI FIX,2037,,,,,,,,,,2036,2019
BLUESTARCO,CALL DOI,,,,,,,,,,,288748,285094
BLUESTARCO,PUT DOI,,,,,,,,,,,-260555,-260203
BLUESTARCO,CALL GEX,,,,,,,,,,,44932,46109
BLUESTARCO,PUT GEX,,,,,,,,,,,15227,15465
BLUESTARCO,GEX STRIKE,,,,,,,,,,,1500.0,1500.0
BLUESTARCO,EXPIRY,,,,,,,,,,,2026-10-27,2026-10-27
BLUESTARCO,ATM IV,,,,,,,,,,,44.84,44.21
BOSCHLTD,PRICE,45480.0,47100.0,,,,45550.0,45702.5,45554.17,48098.33,47795.0,45385.0,45435.0
BOSCHLTD,VWAP,,,,,,,,,,,45580.0,45525.9
BOSCHLTD,CASH VOL,48572,30394,9767,48.41,43.75,,,,,,1964,3432
BOSCHLTD,F&O VOL,29398,19286,,,,,,,,,682,1754
BOSCHLTD,F&O OI,14837,11460,,,,,,,,,14943,15058
BOSCHLTD,CALL VOL,5495,3789,,,,,,,,,274,525
BOSCHLTD,CALL OI,1392,575,,,,,,,,,1422,1458
BOSCHLTD,PUT VOL,6825,4186,,,,,,,,,70,210
BOSCHLTD,PUT OI,1977,1593,,,,,,,,,1971,2015
BOSCHLTD,CALL SPRD,,,,,,,,,,,3.29,3.73
BOSCHLTD,PUT SPRD,,,,,,,,,,,3.87,2.56
BOSCHLTD,CALL OI FIX,1392,,,,,,,,,,1422,1458
BOSCHLTD,PUT OI FIX,1977,,,,,,,,,,1971,2015
BOSCHLTD,CALL DOI,,,,,,,,,,,12394,12899
BOSCHLTD,PUT DOI,,,,,,,,,,,-19481,-18997
BOSCHLTD,CALL GEX,,,,,,,,,,,2070,2126
BOSCHLTD,PUT GEX,,,,,,,,,,,2237,2405
BOSCHLTD,GEX STRIKE,,,,,,,,,,,47000.0,47000.0
BOSCHLTD,EXPIRY,,,,,,,,,,,2026-10-27,2026-10-27
BOSCHLTD,ATM IV,,,,,,,,,,,26.24,25.3
BPCL,PRICE,300.6,303.2,,,,301.5,301.08,300.76,312.0,309.67,305.15,305.6
BPCL,VWAP,,,,,,,,,,,304.72,305.09
BPCL,CASH VOL,5618518,5525502,1095613,48.85,60.4,,,,,,352724,628937
BPCL,F&O VOL,10832,10700,,,,,,,,,305,967
BPCL,F&O OI,24709,23972,,,,,,,,,24699,24769
BPCL,CALL VOL,4674,5570,,,,,,,,,176,580
BPCL,CALL OI,2854,2637,,,,,,,,,2852,2892
BPCL,PUT VOL,2877,2626,,,,,,,,,81,181
BPCL,PUT OI,2339,2309,,,,,,,,,2333,2349
BPCL,CALL SPRD,,,,,,,,,,,3.0,1.71
BPCL,PUT SPRD,,,,,,,,,,,4.78,2.2
BPCL,CALL OI FIX,2545,,,,,,,,,,2543,2582
BPCL,PUT OI FIX,2315,,,,,,,,,,2309,2325
BPCL,CALL DOI,,,,,,,,,,,2441872,2536137
BPCL,PUT DOI,,,,,,,,,,,-1920714,-1893546
BPCL,CALL GEX,,,,,,,,,,,317164,327412
BPCL,PUT GEX,,,,,,,,,,,213961,218689
BPCL,GEX STRIKE,,,,,,,,,,,300.0,300.0
BPCL,EXPIRY,,,,,,,,,,,2026-10-27,2026-10-27
BPCL,ATM IV,,,,,,,,,,,26.54,25.3
BRITANNIA,PRICE,4778.0,4830.0,,,,4778.0,4776.88,4774.65,4956.5,4943.83,4783.3,4787.1
BRITANNIA,VWAP,,,,,,,,,,,4787.77,4783.22
BRITANNIA,CASH VOL,362699,485651,72189,60.59,60.77,,,,,,5755,8127
BRITANNIA,F&O VOL,11797,15831,,,,,,,,,345,800
BRITANNIA,F&O OI,29291,27464,,,,,,,,,29311,29378
BRITANNIA,CALL VOL,4007,4969,,,,,,,,,219,454
BRITANNIA,CALL OI,2906,2034,,,,,,,,,2933,2969
BRITANNIA,PUT VOL,2622,4036,,,,,,,,,23,96
BRITANNIA,PUT OI,2386,2219,,,,,,,,,2387,2378
BRITANNIA,CALL SPRD,,,,,,,,,,,3.02,1.25
BRITANNIA,PUT SPRD,,,,,,,,,,,3.45,1.12
BRITANNIA,CALL OI FIX,2906,,,,,,,,,,2933,2969
BRITANNIA,PUT OI FIX,2386,,,,,,,,,,2387,2378
BRITANNIA,CALL DOI,,,,,,,,,,,121993,123537
BRITANNIA,PUT DOI,,,,,,,,,,,-147918,-145902
BRITANNIA,CALL GEX,,,,,,,,,,,26343,27342
BRITANNIA,PUT GEX,,,,,,,,,,,17190,17010
BRITANNIA,GEX STRIKE,,,,,,,,,,,5000.0,5000.0
BRITANNIA,EXPIRY,,,,,,,,,,,2026-10-27,2026-10-27
BRITANNIA,ATM IV,,,,,,,,,,,20.55,20.84
BSE,PRICE,3046.0,3092.0,,,,3052.0,3069.5,3053.83,3231.65,3204.88,3057.8,3067.2
BSE,VWAP,,,,,,,,,,,3051.9,3056.07
BSE,CASH VOL,6273089,6411793,1691286,48.18,30.85,,,,,,311671,622572
BSE,F&O VOL,133060,218008,,,,,,,,,6001,12023
BSE,F&O OI,132896,124201,,,,,,,,,133758,134532
BSE,CALL VOL,49705,81087,,,,,,,,,3135,6298
BSE,CALL OI,23458,20290,,,,,,,,,23988,24333
BSE,PUT VOL,35702,63760,,,,,,,,,1146,2460
BSE,PUT OI,19847,18666,,,,,,,,,19799,19805
BSE,CALL SPRD,,,,,,,,,,,0.64,0.55
BSE,PUT SPRD,,,,,,,,,,,0.98,0.59
BSE,CALL OI FIX,23458,,,,,,,,,,23988,24333
BSE,PUT OI FIX,19847,,,,,,,,,,19799,19805
BSE,CALL DOI,,,,,,,,,,,1875870,1951158
BSE,PUT DOI,,,,,,,,,,,-1813058,-1785407
BSE,CALL GEX,,,,,,,,,,,178360,180914
BSE,PUT GEX,,,,,,,,,,,138195,144767
BSE,GEX STRIKE,,,,,,,,,,,3200.0,3200.0
BSE,EXPIRY,,,,,,,,,,,2026-10-27,2026-10-27
BSE,ATM IV,,,,,,,,,,,40.05,39.72
CAMS,PRICE,677.25,671.0,,,,679.0,676.07,673.73,714.27,709.66,686.35,689.8
CAMS,VWAP,,,,,,,,,,,683.33,685.44
CAMS,CASH VOL,1577224,1798467,243877,56.66,59.0,,,,,,83300,140388
CAMS,F&O VOL,4571,6457,,,,,,,,,178,697
CAMS,F&O OI,17326,17388,,,,,,,,,17324,17181
CAMS,CALL VOL,1866,3086,,,,,,,,,113,402
CAMS,CALL OI,1663,1569,,,,,,,,,1657,1594
CAMS,PUT VOL,792,1459,,,,,,,,,31,104
CAMS,PUT OI,1732,1768,,,,,,,,,1729,1688
CAMS,CALL SPRD,,,,,,,,,,,5.04,1.48
CAMS,PUT SPRD,,,,,,,,,,,10.0,8.63
CAMS,CALL OI FIX,1501,,,,,,,,,,1495,1429
CAMS,PUT OI FIX,1690,,,,,,,,,,1687,1646
CAMS,CALL DOI,,,,,,,,,,,581119,594179
CAMS,PUT DOI,,,,,,,,,,,-604798,-563803
CAMS,CALL GEX,,,,,,,,,,,74233,69228
CAMS,PUT GEX,,,,,,,,,,,55174,57937
CAMS,GEX STRIKE,,,,,,,,,,,700.0,700.0
CAMS,EXPIRY,,,,,,,,,,,2026-10-27,2026-10-27
CAMS,ATM IV,,,,,,,,,,,30.39,30.55
CANBK,PRICE,118.36,119.44,,,,119.39,118.35,118.32,124.91,124.75,120.42,120.73
CANBK,VWAP,,,,,,,,,,,120.01,120.39
CANBK,CASH VOL,13953325,12579795,3093340,45.85,56.7,,,,,,1890973,3583976
CANBK,F&O VOL,10754,12308,,,,,,,,,1090,3334
CANBK,F&O OI,70759,69140,,,,,,,,,70796,70869
CANBK,CALL VOL,3933,3991,,,,,,,,,378,1696
CANBK,CALL OI,4473,3490,,,,,,,,,2877,4645
CANBK,PUT VOL,1465,2247,,,,,,,,,169,387
CANBK,PUT OI,3370,3230,,,,,,,,,2483,3449
CANBK,CALL SPRD,,,,,,,,,,,1.48,1.89
CANBK,PUT SPRD,,,,,,,,,,,2.28,2.33
CANBK,CALL OI FIX,2904,,,,,,,,,,2907,3104
CANBK,PUT OI FIX,3256,,,,,,,,,,3285,3337
CANBK,CALL DOI,,,,,,,,,,,10462119,15171993
CANBK,PUT DOI,,,,,,,,,,,-7463537,-11433590
CANBK,CALL GEX,,,,,,,,,,,1056830,1658011
CANBK,PUT GEX,,,,,,,,,,,796531,1164849
CANBK,GEX STRIKE,,,,,,,,,,,120.0,120.0
CANBK,EXPIRY,,,,,,,,,,,2026-10-27,2026-10-27
CANBK,ATM IV,,,,,,,,,,,29.76,30.05
CDSL,PRICE,1242.5,1264.0,,,,1248.0,1249.25,1244.75,1343.5,1326.5,1253.1,1252.0
CDSL,VWAP,,,,,,,,,,,1251.57,1250.89
CDSL,CASH VOL,1324382,871860,403569,38.64,42.28,,,,,,54281,98427
CDSL,F&O VOL,31453,13030,,,,,,,,,732,1867
CDSL,F&O OI,45332,43969,,,,,,,,,45398,45484
CDSL,CALL VOL,11459,5381,,,,,,,,,355,771
CDSL,CALL OI,5339,4771,,,,,,,,,5361,5495
CDSL,PUT VOL,10245,3047,,,,,,,,,229,597
CDSL,PUT OI,7713,7246,,,,,,,,,7710,7623
CDSL,CALL SPRD,,,,,,,,,,,1.59,1.51
CDSL,PUT SPRD,,,,,,,,,,,1.68,1.68
CDSL,CALL OI FIX,4629,,,,,,,,,,4646,4732
CDSL,PUT OI FIX,7624,,,,,,,,,,7618,7523
CDSL,CALL DOI,,,,,,,,,,,828244,830105
CDSL,PUT DOI,,,,,,,,,,,-1760163,-1785575
CDSL,CALL GEX,,,,,,,,,,,113030,116317
CDSL,PUT GEX,,,,,,,,,,,157473,165935
CDSL,GEX STRIKE,,,,,,,,,,,1300.0,1300.0
CDSL,EXPIRY,,,,,,,,,,,2026-10-27,2026-10-27
CDSL,ATM IV,,,,,,,,,,,31.69,30.55
CGPOWER,PRICE,879.0,854.2,,,,885.05,877.58,874.75,901.6,891.2,892.65,888.6
CGPOWER,VWAP,,,,,,,,,,,889.12,890.09
CGPOWER,CASH VOL,4633143,2404620,696924,26.29,56.61,,,,,,106073,247976
CGPOWER,F&O VOL,30083,7325,,,,,,,,,514,1838
CGPOWER,F&O OI,26437,25660,,,,,,,,,26428,26357
CGPOWER,CALL VOL,15588,3421,,,,,,,,,313,994
CGPOWER,CALL OI,2546,2252,,,,,,,,,2501,2466
CGPOWER,PUT VOL,6267,1175,,,,,,,,,77,409
CGPOWER,PUT OI,1606,1238,,,,,,,,,1607,1627
CGPOWER,CALL SPRD,,,,,,,,,,,1.14,1.21
CGPOWER,PUT SPRD,,,,,,,,,,,13.8,1.06
CGPOWER,CALL OI FIX,2332,,,,,,,,,,2286,2242
CGPOWER,PUT OI FIX,1560,,,,,,,,,,1561,1576
CGPOWER,CALL DOI,,,,,,,,,,,1201120,1131728
CGPOWER,PUT DOI,,,,,,,,,,,-522297,-549160
CGPOWER,CALL GEX,,,,,,,,,,,97169,98351
CGPOWER,PUT GEX,,,,,,,,,,,55902,58398
CGPOWER,GEX STRIKE,,,,,,,,,,,900.0,900.0
CGPOWER,EXPIRY,,,,,,,,,,,2026-10-27,2026-10-27
CGPOWER,ATM IV,,,,,,,,,,,34.83,32.84
CHOLAFIN,PRICE,1580.0,1620.0,,,,1590.0,1591.45,1583.82,1706.95,1677.45,1596.0,1594.4
CHOLAFIN,VWAP,,,,,,,,,,,1594.3,1595.62
CHOLAFIN,CASH VOL,1699959,1860436,486985,59.26,55.92,,,,,,45416,79367
CHOLAFIN,F&O VOL,14048,17011,,,,,,,,,863,1665
CHOLAFIN,F&O OI,32313,32066,,,,,,,,,32448,32463
CHOLAFIN,CALL VOL,4030,4197,,,,,,,,,340,612
CHOLAFIN,CALL OI,2524,2190,,,,,,,,,2576,2580
CHOLAFIN,PUT VOL,4464,6432,,,,,,,,,322,672
CHOLAFIN,PUT OI,3287,3172,,,,,,,,,3319,3295
CHOLAFIN,CALL SPRD,,,,,,,,,,,1.35,0.76
CHOLAFIN,PUT SPRD,,,,,,,,,,,1.58,0.75
CHOLAFIN,CALL OI FIX,1625,,,,,,,,,,1667,1677
CHOLAFIN,PUT OI FIX,3067,,,,,,,,,,3099,3077
CHOLAFIN,CALL DOI,,,,,,,,,,,560903,546735
CHOLAFIN,PUT DOI,,,,,,,,,,,-920662,-929260
CHOLAFIN,CALL GEX,,,,,,,,,,,78758,80340
CHOLAFIN,PUT GEX,,,,,,,,,,,88254,90469
CHOLAFIN,GEX STRIKE,,,,,,,,,,,1600.0,1600.0
CHOLAFIN,EXPIRY,,,,,,,,,,,2026-10-27,2026-10-27
CHOLAFIN,ATM IV,,,,,,,,,,,30.71,30.11
CIPLA,PRICE,1344.0,1346.0,,,,1334.3,1346.4,1344.8,1397.38,1392.75,1326.5,1329.0
CIPLA,VWAP,,,,,,,,,,,1326.87,1326.63
CIPLA,CASH VOL,921789,1063964,178071,52.66,52.76,,,,,,56957,83615
CIPLA,F&O VOL,15322,25710,,,,,,,,,2230,4112
CIPLA,F&O OI,36038,34227,,,,,,,,,36538,36827
CIPLA,CALL VOL,3058,2246,,,,,,,,,359,692
CIPLA,CALL OI,1515,834,,,,,,,,,1603,1686
CIPLA,PUT VOL,4639,7760,,,,,,,,,944,1759
CIPLA,PUT OI,2755,2430,,,,,,,,,3118,3223
CIPLA,CALL SPRD,,,,,,,,,,,2.39,1.57
CIPLA,PUT SPRD,,,,,,,,,,,1.33,1.19
CIPLA,CALL OI FIX,1879,,,,,,,,,,1967,2062
CIPLA,PUT OI FIX,2899,,,,,,,,,,3247,3337
CIPLA,CALL DOI,,,,,,,,,,,276425,302091
CIPLA,PUT DOI,,,,,,,,,,,-683378,-685925
CIPLA,CALL GEX,,,,,,,,,,,43162,45476
CIPLA,PUT GEX,,,,,,,,,,,80000,87545
CIPLA,GEX STRIKE,,,,,,,,,,,1350.0,1350.0
CIPLA,EXPIRY,,,,,,,,,,,2026-10-27,2026-10-27
CIPLA,ATM IV,,,,,,,,,,,27.37,25.01
COALINDIA,PRICE,420.4,425.0,,,,425.0,421.33,420.71,425.43,424.1,429.5,429.5
COALINDIA,VWAP,,,,,,,,,,,428.67,428.54
COALINDIA,CASH VOL,7514836,7436925,1753237,52.92,56.55,,,,,,502191,876210
COALINDIA,F&O VOL,58749,44900,,,,,,,,,4320,9625
COALINDIA,F&O OI,91524,88994,,,,,,,,,91201,91191
COALINDIA,CALL VOL,29468,23161,,,,,,,,,2049,4965
COALINDIA,CALL OI,11734,9656,,,,,,,,,11322,11066
COALINDIA,PUT VOL,14382,11060,,,,,,,,,1167,2525
COALINDIA,PUT OI,5689,5642,,,,,,,,,5864,6037
COALINDIA,CALL SPRD,,,,,,,,,,,0.51,1.03
COALINDIA,PUT SPRD,,,,,,,,,,,1.64,1.13
COALINDIA,CALL OI FIX,10529,,,,,,,,,,10229,10065
COALINDIA,PUT OI FIX,6058,,,,,,,,,,6094,6225
COALINDIA,CALL DOI,,,,,,,,,,,7780116,7575183
COALINDIA,PUT DOI,,,,,,,,,,,-3132506,-3203645
COALINDIA,CALL GEX,,,,,,,,,,,1029055,1004061
COALINDIA,PUT GEX,,,,,,,,,,,449203,484763
COALINDIA,GEX STRIKE,,,,,,,,,,,430.0,430.0
COALINDIA,EXPIRY,,,,,,,,,,,2026-10-27,2026-10-27
COALINDIA,ATM IV,,,,,,,,,,,22.51,22.16
COCHINSHIP,PRICE,1287.0,1315.0,,,,1295.9,1290.75,1288.25,1384.55,1379.52,1302.5,1300.7
COCHINSHIP,VWAP,,,,,,,,,,,1302.67,1301.45
COCHINSHIP,CASH VOL,727942,985418,197850,37.8,39.99,,,,,,28004,52782
COCHINSHIP,F&O VOL,7226,7949,,,,,,,,,357,556
COCHINSHIP,F&O OI,25641,24999,,,,,,,,,25606,25588
COCHINSHIP,CALL VOL,2904,2800,,,,,,,,,189,267
COCHINSHIP,CALL OI,2756,2373,,,,,,,,,2731,2726
COCHINSHIP,PUT VOL,1721,1909,,,,,,,,,64,118
COCHINSHIP,PUT OI,2302,2234,,,,,,,,,2305,2297
COCHINSHIP,CALL SPRD,,,,,,,,,,,1.92,1.98
COCHINSHIP,PUT SPRD,,,,,,,,,,,3.86,3.33
COCHINSHIP,CALL OI FIX,1731,,,,,,,,,,1704,1693
COCHINSHIP,PUT OI FIX,2043,,,,,,,,,,2046,2039
COCHINSHIP,CALL DOI,,,,,,,,,,,394496,379651
COCHINSHIP,PUT DOI,,,,,,,,,,,-356044,-373297
COCHINSHIP,CALL GEX,,,,,,,,,,,54987,56927
COCHINSHIP,PUT GEX,,,,,,,,,,,30150,32160
COCHINSHIP,GEX STRIKE,,,,,,,,,,,1300.0,1300.0
COCHINSHIP,EXPIRY,,,,,,,,,,,2026-10-27,2026-10-27
COCHINSHIP,ATM IV,,,,,,,,,,,31.61,30.04
COFORGE,PRICE,1826.0,1749.1,,,,1842.3,1816.43,1797.3,1788.05,1785.35,1831.0,1837.9
COFORGE,VWAP,,,,,,,,,,,1815.17,1823.23
COFORGE,CASH VOL,3419070,3113656,968386,41.28,32.46,,,,,,567359,876815
COFORGE,F&O VOL,49333,60221,,,,,,,,,6470,11595
COFORGE,F&O OI,50770,50927,,,,,,,,,51450,51446
COFORGE,CALL VOL,23016,30056,,,,,,,,,3383,5667
COFORGE,CALL OI,7254,8153,,,,,,,,,7549,7505
COFORGE,PUT VOL,9215,10091,,,,,,,,,936,1999
COFORGE,PUT OI,4667,3812,,,,,,,,,4735,4712
COFORGE,CALL SPRD,,,,,,,,,,,0.79,0.66
COFORGE,PUT SPRD,,,,,,,,,,,0.73,0.76
COFORGE,CALL OI FIX,7082,,,,,,,,,,7372,7315
COFORGE,PUT OI FIX,4851,,,,,,,,,,4906,4861
COFORGE,CALL DOI,,,,,,,,,,,1978886,2012772
COFORGE,PUT DOI,,,,,,,,,,,-908575,-885435
COFORGE,CALL GEX,,,,,,,,,,,138963,145678
COFORGE,PUT GEX,,,,,,,,,,,74693,76091
COFORGE,GEX STRIKE,,,,,,,,,,,1800.0,1800.0
COFORGE,EXPIRY,,,,,,,,,,,2026-10-27,2026-10-27
COFORGE,ATM IV,,,,,,,,,,,45.16,41.73
COLPAL,PRICE,1735.0,1763.3,,,,1741.0,1745.75,1738.58,1868.35,1859.98,1743.2,1749.0
COLPAL,VWAP,,,,,,,,,,,1746.67,1744.93
COLPAL,CASH VOL,412868,276534,136313,58.69,55.64,,,,,,8357,12428
COLPAL,F&O VOL,6991,6606,,,,,,,,,95,240
COLPAL,F&O OI,31834,31153,,,,,,,,,31843,31833
COLPAL,CALL VOL,1734,1410,,,,,,,,,40,102
COLPAL,CALL OI,1594,1345,,,,,,,,,1593,1597
COLPAL,PUT VOL,2191,1926,,,,,,,,,30,52
COLPAL,PUT OI,2299,2148,,,,,,,,,2305,2302
COLPAL,CALL SPRD,,,,,,,,,,,5.99,3.87
COLPAL,PUT SPRD,,,,,,,,,,,2.62,3.02
COLPAL,CALL OI FIX,1594,,,,,,,,,,1593,1597
COLPAL,PUT OI FIX,2299,,,,,,,,,,2305,2302
COLPAL,CALL DOI,,,,,,,,,,,156339,164217
COLPAL,PUT DOI,,,,,,,,,,,-337940,-325890
COLPAL,CALL GEX,,,,,,,,,,,23937,24179
COLPAL,PUT GEX,,,,,,,,,,,31739,32424
COLPAL,GEX STRIKE,,,,,,,,,,,1800.0,1800.0
COLPAL,EXPIRY,,,,,,,,,,,2026-10-27,2026-10-27
COLPAL,ATM IV,,,,,,,,,,,27.12,27.22
CONCOR,PRICE,442.0,447.5,,,,445.0,443.6,442.53,473.52,465.51,444.75,444.5
CONCOR,VWAP,,,,,,,,,,,444.68,444.67
CONCOR,CASH VOL,877730,1094966,186037,37.8,41.5,,,,,,31489,75872
CONCOR,F&O VOL,5399,5702,,,,,,,,,88,388
CONCOR,F&O OI,27588,27509,,,,,,,,,27608,27670
CONCOR,CALL VOL,1903,1789,,,,,,,,,25,151
CONCOR,CALL OI,1942,1833,,,,,,,,,1943,1970
CONCOR,PUT VOL,837,1179,,,,,,,,,24,66
CONCOR,PUT OI,2141,2224,,,,,,,,,2141,2146
CONCOR,CALL SPRD,,,,,,,,,,,16.81,17.16
CONCOR,PUT SPRD,,,,,,,,,,,8.4,2.44
CONCOR,CALL OI FIX,1411,,,,,,,,,,1414,1444
CONCOR,PUT OI FIX,1839,,,,,,,,,,1839,1844
CONCOR,CALL DOI,,,,,,,,,,,917150,923299
CONCOR,PUT DOI,,,,,,,,,,,-1372481,-1379374
CONCOR,CALL GEX,,,,,,,,,,,127484,130001
CONCOR,PUT GEX,,,,,,,,,,,113439,114199
CONCOR,GEX STRIKE,,,,,,,,,,,460.0,450.0
CONCOR,EXPIRY,,,,,,,,,,,2026-10-27,2026-10-27
CONCOR,ATM IV,,,,,,,,,,,30.75,28.59
CROMPTON,PRICE,202.7,208.67,,,,203.3,205.53,203.64,222.13,219.78,205.2,207.46
CROMPTON,VWAP,,,,,,,,,,,204.93,205.7
CROMPTON,CASH VOL,4535645,1957515,904791,49.58,52.18,,,,,,111810,231116
CROMPTON,F&O VOL,15083,9037,,,,,,,,,258,1066
CROMPTON,F&O OI,46066,45507,,,,,,,,,46054,45981
CROMPTON,CALL VOL,5286,2125,,,,,,,,,104,527
CROMPTON,CALL OI,2686,1563,,,,,,,,,1600,2628
CROMPTON,PUT VOL,3014,2661,,,,,,,,,44,164
CROMPTON,PUT OI,2395,2356,,,,,,,,,1761,2392
CROMPTON,CALL SPRD,,,,,,,,,,,3.14,1.91
CROMPTON,PUT SPRD,,,,,,,,,,,1.61,21.75
CROMPTON,CALL OI FIX,1593,,,,,,,,,,1576,1583
CROMPTON,PUT OI FIX,1920,,,,,,,,,,1921,1917
CROMPTON,CALL DOI,,,,,,,,,,,1540493,2351438
CROMPTON,PUT DOI,,,,,,,,,,,-1988170,-2769187
CROMPTON,CALL GEX,,,,,,,,,,,169892,250761
CROMPTON,PUT GEX,,,,,,,,,,,165121,220193
CROMPTON,GEX STRIKE,,,,,,,,,,,210.0,220.0
CROMPTON,EXPIRY,,,,,,,,,,,2026-10-27,2026-10-27
CROMPTON,ATM IV,,,,,,,,,,,31.38,35.38
CUMMINSIND,PRICE,4860.0,4760.0,,,,4864.2,4843.33,4810.0,5025.5,4971.83,4863.7,4868.8
CUMMINSIND,VWAP,,,,,,,,,,,4870.77,4865.14
CUMMINSIND,CASH VOL,393680,573791,120247,48.69,67.4,,,,,,14310,25435
CUMMINSIND,F&O VOL,9468,6272,,,,,,,,,191,508
CUMMINSIND,F&O OI,37546,36914,,,,,,,,,37579,37625
CUMMINSIND,CALL VOL,3027,1826,,,,,,,,,69,214
CUMMINSIND,CALL OI,1834,1766,,,,,,,,,1844,1858
CUMMINSIND,PUT VOL,1449,1437,,,,,,,,,4,27
CUMMINSIND,PUT OI,2055,1975,,,,,,,,,2056,2056
CUMMINSIND,CALL SPRD,,,,,,,,,,,4.81,5.25
CUMMINSIND,PUT SPRD,,,,,,,,,,,11.38,6.19
CUMMINSIND,CALL OI FIX,1834,,,,,,,,,,1844,1858
CUMMINSIND,PUT OI FIX,2055,,,,,,,,,,2056,2056
CUMMINSIND,CALL DOI,,,,,,,,,,,156484,159629
CUMMINSIND,PUT DOI,,,,,,,,,,,-157961,-154072
CUMMINSIND,CALL GEX,,,,,,,,,,,22889,23738
CUMMINSIND,PUT GEX,,,,,,,,,,,20011,20018
CUMMINSIND,GEX STRIKE,,,,,,,,,,,5000.0,5000.0
CUMMINSIND,EXPIRY,,,,,,,,,,,2026-10-27,2026-10-27
CUMMINSIND,ATM IV,,,,,,,,,,,26.12,24.7
DABUR,PRICE,374.25,380.1,,,,376.1,378.52,375.67,388.5,386.57,376.0,378.7
DABUR,VWAP,,,,,,,,,,,376.58,377.1
DABUR,CASH VOL,2455226,1957070,478752,58.91,58.17,,,,,,33174,126503
DABUR,F&O VOL,12603,10772,,,,,,,,,212,915
DABUR,F&O OI,33883,32941,,,,,,,,,33943,33989
DABUR,CALL VOL,5149,3957,,,,,,,,,125,456
DABUR,CALL OI,4254,3762,,,,,,,,,4135,4375
DABUR,PUT VOL,3183,3145,,,,,,,,,49,243
DABUR,PUT OI,3217,3190,,,,,,,,,3464,3187
DABUR,CALL SPRD,,,,,,,,,,,1.9,1.76
DABUR,PUT SPRD,,,,,,,,,,,1.27,1.61
DABUR,CALL OI FIX,4097,,,,,,,,,,4135,4176
DABUR,PUT OI FIX,3466,,,,,,,,,,3464,3427
DABUR,CALL DOI,,,,,,,,,,,1663989,1939106
DABUR,PUT DOI,,,,,,,,,,,-2054667,-1852865
DABUR,CALL GEX,,,,,,,,,,,290272,310111
DABUR,PUT GEX,,,,,,,,,,,220395,222022
DABUR,GEX STRIKE,,,,,,,,,,,380.0,380.0
DABUR,EXPIRY,,,,,,,,,,,2026-10-27,2026-10-27
DABUR,ATM IV,,,,,,,,,,,25.53,24.09
DALBHARAT,PRICE,1682.1,1683.7,,,,1682.1,1676.82,1666.25,1733.05,1711.15,,
DALBHARAT,VWAP,,,,,,,,,,,1685.2,1682.55
DALBHARAT,CASH VOL,77064,111663,22009,57.73,46.88,,,,,,496,1067
DALBHARAT,F&O VOL,,,,,,,,,,,,
DALBHARAT,F&O OI,,,,,,,,,,,,
DALBHARAT,CALL VOL,,,,,,,,,,,,
DALBHARAT,CALL OI,,,,,,,,,,,,
DALBHARAT,PUT VOL,,,,,,,,,,,,
DALBHARAT,PUT OI,,,,,,,,,,,,
DALBHARAT,CALL SPRD,,,,,,,,,,,,
DALBHARAT,PUT SPRD,,,,,,,,,,,,
DALBHARAT,CALL OI FIX,,,,,,,,,,,,
DALBHARAT,PUT OI FIX,,,,,,,,,,,,
DALBHARAT,CALL DOI,,,,,,,,,,,,
DALBHARAT,PUT DOI,,,,,,,,,,,,
DALBHARAT,CALL GEX,,,,,,,,,,,,
DALBHARAT,PUT GEX,,,,,,,,,,,,
DALBHARAT,GEX STRIKE,,,,,,,,,,,,
DALBHARAT,EXPIRY,,,,,,,,,,,,
DALBHARAT,ATM IV,,,,,,,,,,,,
DELHIVERY,PRICE,400.0,409.7,,,,403.25,402.82,400.94,427.85,424.42,402.5,403.15
DELHIVERY,VWAP,,,,,,,,,,,403.32,402.98
DELHIVERY,CASH VOL,1371538,5573038,503329,50.61,53.92,,,,,,105799,208101
DELHIVERY,F&O VOL,5682,14694,,,,,,,,,71,221
DELHIVERY,F&O OI,20927,20739,,,,,,,,,20939,20951
DELHIVERY,CALL VOL,2013,4713,,,,,,,,,29,94
DELHIVERY,CALL OI,3220,3063,,,,,,,,,1959,3227
DELHIVERY,PUT VOL,1652,5057,,,,,,,,,23,35
DELHIVERY,PUT OI,2347,2396,,,,,,,,,2280,2351
DELHIVERY,CALL SPRD,,,,,,,,,,,2.52,3.28
DELHIVERY,PUT SPRD,,,,,,,,,,,3.19,10.53
DELHIVERY,CALL OI FIX,1960,,,,,,,,,,1959,1968
DELHIVERY,PUT OI FIX,2278,,,,,,,,,,2280,2282
DELHIVERY,CALL DOI,,,,,,,,,,,1478920,2056656
DELHIVERY,PUT DOI,,,,,,,,,,,-1977414,-2024418
DELHIVERY,CALL GEX,,,,,,,,,,,224111,336345
DELHIVERY,PUT GEX,,,,,,,,,,,207135,217527
DELHIVERY,GEX STRIKE,,,,,,,,,,,400.0,430.0
DELHIVERY,EXPIRY,,,,,,,,,,,2026-10-27,2026-10-27
DELHIVERY,ATM IV,,,,,,,,,,,28.75,31.18
DIVISLAB,PRICE,9249.0,9291.5,,,,9251.0,9232.0,9198.0,9588.42,9526.25,9210.0,9204.0
DIVISLAB,VWAP,,,,,,,,,,,9218.5,9209.07
DIVISLAB,CASH VOL,567310,541269,204493,67.14,63.41,,,,,,28360,41567
DIVISLAB,F&O VOL,39940,37145,,,,,,,,,1335,2666
DIVISLAB,F&O OI,68311,66300,,,,,,,,,68584,68863
DIVISLAB,CALL VOL,11336,8886,,,,,,,,,479,906
DIVISLAB,CALL OI,7664,7177,,,,,,,,,7747,7828
DIVISLAB,PUT VOL,10876,11348,,,,,,,,,365,663
DIVISLAB,PUT OI,5344,5550,,,,,,,,,5349,5407
DIVISLAB,CALL SPRD,,,,,,,,,,,2.19,1.93
DIVISLAB,PUT SPRD,,,,,,,,,,,1.34,1.24
DIVISLAB,CALL OI FIX,7664,,,,,,,,,,7747,7828
DIVISLAB,PUT OI FIX,5344,,,,,,,,,,5349,5407
DIVISLAB,CALL DOI,,,,,,,,,,,306223,303616
DIVISLAB,PUT DOI,,,,,,,,,,,-262542,-265963
DIVISLAB,CALL GEX,,,,,,,,,,,43196,45148
DIVISLAB,PUT GEX,,,,,,,,,,,27686,27981
DIVISLAB,GEX STRIKE,,,,,,,,,,,9500.0,9500.0
DIVISLAB,EXPIRY,,,,,,,,,,,2026-10-27,2026-10-27
DIVISLAB,ATM IV,,,,,,,,,,,27.04,26.37
DIXON,PRICE,12700.0,13100.0,,,,12729.0,12970.5,12790.17,13345.0,13255.0,12813.0,12856.0
DIXON,VWAP,,,,,,,,,,,12795.0,12810.17
DIXON,CASH VOL,258830,273569,94199,34.75,46.22,,,,,,10290,17545
DIXON,F&O VOL,54854,44226,,,,,,,,,1946,4879
DIXON,F&O OI,88534,84756,,,,,,,,,88786,89019
DIXON,CALL VOL,20980,15648,,,,,,,,,1307,2662
DIXON,CALL OI,14006,11938,,,,,,,,,14220,14294
DIXON,PUT VOL,18404,15070,,,,,,,,,466,1025
DIXON,PUT OI,13510,12644,,,,,,,,,13552,13696
DIXON,CALL SPRD,,,,,,,,,,,1.06,1.28
DIXON,PUT SPRD,,,,,,,,,,,1.17,1.35
DIXON,CALL OI FIX,14006,,,,,,,,,,14220,14294
DIXON,PUT OI FIX,13510,,,,,,,,,,13552,13696
DIXON,CALL DOI,,,,,,,,,,,263935,271546
DIXON,PUT DOI,,,,,,,,,,,-297553,-289956
DIXON,CALL GEX,,,,,,,,,,,27857,28777
DIXON,PUT GEX,,,,,,,,,,,23508,24049
DIXON,GEX STRIKE,,,,,,,,,,,13000.0,13000.0
DIXON,EXPIRY,,,,,,,,,,,2026-10-27,2026-10-27
DIXON,ATM IV,,,,,,,,,,,37.55,36.79
DLF,PRICE,658.4,674.0,,,,664.9,660.83,659.21,679.11,671.33,669.35,668.0
DLF,VWAP,,,,,,,,,,,668.95,668.47
DLF,CASH VOL,6264045,5830044,2047988,56.31,62.38,,,,,,196586,319418
DLF,F&O VOL,34545,27073,,,,,,,,,2164,3820
DLF,F&O OI,49954,47969,,,,,,,,,49884,50138
DLF,CALL VOL,13854,12534,,,,,,,,,1254,2242
DLF,CALL OI,5073,4472,,,,,,,,,5054,5234
DLF,PUT VOL,9502,7694,,,,,,,,,560,932
DLF,PUT OI,3331,2957,,,,,,,,,3323,3322
DLF,CALL SPRD,,,,,,,,,,,1.0,0.79
DLF,PUT SPRD,,,,,,,,,,,0.8,1.48
DLF,CALL OI FIX,4713,,,,,,,,,,4715,4902
DLF,PUT OI FIX,3367,,,,,,,,,,3357,3365
DLF,CALL DOI,,,,,,,,,,,2180824,2215858
DLF,PUT DOI,,,,,,,,,,,-1193295,-1234663
DLF,CALL GEX,,,,,,,,,,,260749,272320
DLF,PUT GEX,,,,,,,,,,,133952,135547
DLF,GEX STRIKE,,,,,,,,,,,670.0,670.0
DLF,EXPIRY,,,,,,,,,,,2026-10-27,2026-10-27
DLF,ATM IV,,,,,,,,,,,29.27,29.55
DMART,PRICE,3813.0,3801.4,,,,3808.6,3830.7,3818.9,3826.67,3811.6,3712.0,3667.3
DMART,VWAP,,,,,,,,,,,3729.17,3693.85
DMART,CASH VOL,652283,620771,193013,49.44,59.46,,,,,,136727,306694
DMART,F&O VOL,21295,26059,,,,,,,,,7999,24655
DMART,F&O OI,42769,41682,,,,,,,,,43865,46836
DMART,CALL VOL,4977,6141,,,,,,,,,2328,6884
DMART,CALL OI,2942,2486,,,,,,,,,3651,4476
DMART,PUT VOL,5105,5531,,,,,,,,,1735,8752
DMART,PUT OI,5656,5203,,,,,,,,,5554,6961
DMART,CALL SPRD,,,,,,,,,,,1.89,1.48
DMART,PUT SPRD,,,,,,,,,,,1.71,1.45
DMART,CALL OI FIX,5518,,,,,,,,,,6003,7182
DMART,PUT OI FIX,5322,,,,,,,,,,5392,6310
DMART,CALL DOI,,,,,,,,,,,202586,219145
DMART,PUT DOI,,,,,,,,,,,-370102,-481105
DMART,CALL GEX,,,,,,,,,,,26550,34191
DMART,PUT GEX,,,,,,,,,,,34796,38717
DMART,GEX STRIKE,,,,,,,,,,,3800.0,3800.0
DMART,EXPIRY,,,,,,,,,,,2026-10-27,2026-10-27
DMART,ATM IV,,,,,,,,,,,33.45,33.95
DRREDDY,PRICE,1206.2,1233.0,,,,1198.0,1214.4,1208.93,1207.7,1203.23,1194.7,1198.2
DRREDDY,VWAP,,,,,,,,,,,1196.23,1196.59
DRREDDY,CASH VOL,2607818,4026022,543949,65.2,60.08,,,,,,62089,125689
DRREDDY,F&O VOL,22004,28493,,,,,,,,,1071,2194
DRREDDY,F&O OI,46956,45727,,,,,,,,,47167,47146
DRREDDY,CALL VOL,4985,7472,,,,,,,,,261,665
DRREDDY,CALL OI,4940,4873,,,,,,,,,4163,5047
DRREDDY,PUT VOL,6869,7969,,,,,,,,,196,393
DRREDDY,PUT OI,4058,4194,,,,,,,,,4050,4102
DRREDDY,CALL SPRD,,,,,,,,,,,1.92,1.8
DRREDDY,PUT SPRD,,,,,,,,,,,2.28,1.42
DRREDDY,CALL OI FIX,5289,,,,,,,,,,5374,5409
DRREDDY,PUT OI FIX,3805,,,,,,,,,,3842,3849
DRREDDY,CALL DOI,,,,,,,,,,,1254204,1469428
DRREDDY,PUT DOI,,,,,,,,,,,-1188120,-1217919
DRREDDY,CALL GEX,,,,,,,,,,,149461,183520
DRREDDY,PUT GEX,,,,,,,,,,,134696,134097
DRREDDY,GEX STRIKE,,,,,,,,,,,1200.0,1200.0
DRREDDY,EXPIRY,,,,,,,,,,,2026-10-27,2026-10-27
DRREDDY,ATM IV,,,,,,,,,,,29.57,27.84
EICHERMOT,PRICE,6920.0,7150.0,,,,6975.0,6993.0,6944.33,7430.0,7383.33,6927.5,6918.0
EICHERMOT,VWAP,,,,,,,,,,,6942.5,6939.87
EICHERMOT,CASH VOL,817452,418141,179866,49.18,66.64,,,,,,15513,26530
EICHERMOT,F&O VOL,102865,27135,,,,,,,,,1594,3724
EICHERMOT,F&O OI,59494,51190,,,,,,,,,59668,60082
EICHERMOT,CALL VOL,32020,6787,,,,,,,,,872,1803
EICHERMOT,CALL OI,6063,3611,,,,,,,,,6164,6294
EICHERMOT,PUT VOL,49028,8600,,,,,,,,,526,1068
EICHERMOT,PUT OI,10202,7746,,,,,,,,,10262,10323
EICHERMOT,CALL SPRD,,,,,,,,,,,1.54,1.6
EICHERMOT,PUT SPRD,,,,,,,,,,,2.31,1.48
EICHERMOT,CALL OI FIX,6063,,,,,,,,,,6164,6294
EICHERMOT,PUT OI FIX,10202,,,,,,,,,,10262,10323
EICHERMOT,CALL DOI,,,,,,,,,,,205380,204118
EICHERMOT,PUT DOI,,,,,,,,,,,-482047,-492754
EICHERMOT,CALL GEX,,,,,,,,,,,38988,39892
EICHERMOT,PUT GEX,,,,,,,,,,,57837,58059
EICHERMOT,GEX STRIKE,,,,,,,,,,,7000.0,7000.0
EICHERMOT,EXPIRY,,,,,,,,,,,2026-10-27,2026-10-27
EICHERMOT,ATM IV,,,,,,,,,,,21.54,21.37
ETERNAL,PRICE,313.9,320.0,,,,308.95,315.1,314.3,338.05,336.02,310.15,312.1
ETERNAL,VWAP,,,,,,,,,,,310.73,310.64
ETERNAL,CASH VOL,29716584,28850208,8364962,51.58,65.57,,,,,,2678978,4303850
ETERNAL,F&O VOL,47672,36869,,,,,,,,,2460,5489
ETERNAL,F&O OI,83800,80956,,,,,,,,,84254,84908
ETERNAL,CALL VOL,14710,8777,,,,,,,,,1159,2034
ETERNAL,CALL OI,7257,5075,,,,,,,,,7442,7661
ETERNAL,PUT VOL,12425,10631,,,,,,,,,1012,1675
ETERNAL,PUT OI,8389,7314,,,,,,,,,8519,8584
ETERNAL,CALL SPRD,,,,,,,,,,,0.84,1.19
ETERNAL,PUT SPRD,,,,,,,,,,,1.02,1.09
ETERNAL,CALL OI FIX,9770,,,,,,,,,,9980,10259
ETERNAL,PUT OI FIX,8770,,,,,,,,,,8910,8963
ETERNAL,CALL DOI,,,,,,,,,,,6429052,7183954
ETERNAL,PUT DOI,,,,,,,,,,,-11162486,-10509172
ETERNAL,CALL GEX,,,,,,,,,,,734360,759342
ETERNAL,PUT GEX,,,,,,,,,,,853625,878904
ETERNAL,GEX STRIKE,,,,,,,,,,,330.0,330.0
ETERNAL,EXPIRY,,,,,,,,,,,2026-10-27,2026-10-27
ETERNAL,ATM IV,,,,,,,,,,,36.02,35.81
FEDERALBNK,PRICE,318.2,317.4,,,,318.95,317.98,317.55,327.18,323.72,325.75,322.9
FEDERALBNK,VWAP,,,,,,,,,,,324.33,324.14
FEDERALBNK,CASH VOL,11278668,5485971,2116285,57.44,66.03,,,,,,317537,529110
FEDERALBNK,F&O VOL,17343,11706,,,,,,,,,951,2009
FEDERALBNK,F&O OI,47650,47158,,,,,,,,,47605,47589
FEDERALBNK,CALL VOL,7169,4439,,,,,,,,,462,946
FEDERALBNK,CALL OI,3868,3757,,,,,,,,,3806,3843
FEDERALBNK,PUT VOL,4431,3155,,,,,,,,,178,381
FEDERALBNK,PUT OI,3835,3958,,,,,,,,,3820,3839
FEDERALBNK,CALL SPRD,,,,,,,,,,,1.57,1.69
FEDERALBNK,PUT SPRD,,,,,,,,,,,1.67,1.57
FEDERALBNK,CALL OI FIX,3343,,,,,,,,,,3293,3320
FEDERALBNK,PUT OI FIX,3577,,,,,,,,,,3562,3581
FEDERALBNK,CALL DOI,,,,,,,,,,,4464782,4067007
FEDERALBNK,PUT DOI,,,,,,,,,,,-4166464,-4558564
FEDERALBNK,CALL GEX,,,,,,,,,,,494741,500573
FEDERALBNK,PUT GEX,,,,,,,,,,,416472,417189
FEDERALBNK,GEX STRIKE,,,,,,,,,,,330.0,330.0
FEDERALBNK,EXPIRY,,,,,,,,,,,2026-10-27,2026-10-27
FEDERALBNK,ATM IV,,,,,,,,,,,28.89,29.01
FORCEMOT,PRICE,16800.0,17054.0,,,,16945.0,16960.0,16853.33,17372.67,17342.0,16771.0,16813.0
FORCEMOT,VWAP,,,,,,,,,,,16846.33,16797.26
FORCEMOT,CASH VOL,117482,56785,22557,29.95,30.91,,,,,,5081,9360
FORCEMOT,F&O VOL,19853,7088,,,,,,,,,379,1438
FORCEMOT,F&O OI,18599,15444,,,,,,,,,18582,18426
FORCEMOT,CALL VOL,6543,3341,,,,,,,,,205,574
FORCEMOT,CALL OI,2891,1817,,,,,,,,,2852,2725
FORCEMOT,PUT VOL,4981,1621,,,,,,,,,30,163
FORCEMOT,PUT OI,1743,1779,,,,,,,,,1743,1713
FORCEMOT,CALL SPRD,,,,,,,,,,,116.09,26.02
FORCEMOT,PUT SPRD,,,,,,,,,,,41.91,6.43
FORCEMOT,CALL OI FIX,2891,,,,,,,,,,2852,2725
FORCEMOT,PUT OI FIX,1743,,,,,,,,,,1743,1713
FORCEMOT,CALL DOI,,,,,,,,,,,25049,24769
FORCEMOT,PUT DOI,,,,,,,,,,,-20294,-19426
FORCEMOT,CALL GEX,,,,,,,,,,,3133,3008
FORCEMOT,PUT GEX,,,,,,,,,,,1574,1619
FORCEMOT,GEX STRIKE,,,,,,,,,,,17500.0,17000.0
FORCEMOT,EXPIRY,,,,,,,,,,,2026-10-27,2026-10-27
FORCEMOT,ATM IV,,,,,,,,,,,45.83,39.45
FORTIS,PRICE,785.0,770.0,,,,784.95,778.62,765.88,870.4,848.7,771.9,772.25
FORTIS,VWAP,,,,,,,,,,,775.53,773.29
FORTIS,CASH VOL,6942851,5818918,923505,53.22,50.75,,,,,,90471,161723
FORTIS,F&O VOL,28844,51628,,,,,,,,,409,1775
FORTIS,F&O OI,25527,25703,,,,,,,,,25534,25950
FORTIS,CALL VOL,9767,8855,,,,,,,,,143,537
FORTIS,CALL OI,2241,2276,,,,,,,,,2264,2395
FORTIS,PUT VOL,8970,23550,,,,,,,,,144,595
FORTIS,PUT OI,2773,2606,,,,,,,,,2762,2854
FORTIS,CALL SPRD,,,,,,,,,,,2.31,2.04
FORTIS,PUT SPRD,,,,,,,,,,,2.54,1.71
FORTIS,CALL OI FIX,2406,,,,,,,,,,2428,2557
FORTIS,PUT OI FIX,2701,,,,,,,,,,2701,2785
FORTIS,CALL DOI,,,,,,,,,,,783701,813586
FORTIS,PUT DOI,,,,,,,,,,,-964038,-973421
FORTIS,CALL GEX,,,,,,,,,,,86272,93404
FORTIS,PUT GEX,,,,,,,,,,,105241,96293
FORTIS,GEX STRIKE,,,,,,,,,,,780.0,780.0
FORTIS,EXPIRY,,,,,,,,,,,2026-10-27,2026-10-27
FORTIS,ATM IV,,,,,,,,,,,30.41,31.44
GAIL,PRICE,171.22,170.55,,,,171.62,170.89,170.22,172.82,172.74,173.04,172.64
GAIL,VWAP,,,,,,,,,,,172.65,172.81
GAIL,CASH VOL,6882008,12187561,1947789,58.38,71.54,,,,,,494226,1048796
GAIL,F&O VOL,7757,8427,,,,,,,,,708,1538
GAIL,F&O OI,29473,29038,,,,,,,,,29732,29732
GAIL,CALL VOL,3490,3339,,,,,,,,,552,951
GAIL,CALL OI,3032,2744,,,,,,,,,3234,3233
GAIL,PUT VOL,2035,2395,,,,,,,,,117,310
GAIL,PUT OI,2216,2368,,,,,,,,,2241,2255
GAIL,CALL SPRD,,,,,,,,,,,2.7,1.93
GAIL,PUT SPRD,,,,,,,,,,,8.92,1.82
GAIL,CALL OI FIX,2828,,,,,,,,,,3030,3028
GAIL,PUT OI FIX,2198,,,,,,,,,,2223,2239
GAIL,CALL DOI,,,,,,,,,,,4737879,4522279
GAIL,PUT DOI,,,,,,,,,,,-3144351,-3240085
GAIL,CALL GEX,,,,,,,,,,,795627,798461
GAIL,PUT GEX,,,,,,,,,,,411559,439363
GAIL,GEX STRIKE,,,,,,,,,,,175.0,175.0
GAIL,EXPIRY,,,,,,,,,,,2026-10-27,2026-10-27
GAIL,ATM IV,,,,,,,,,,,23.13,21.87
GLENMARK,PRICE,2331.0,2334.7,,,,2325.0,2327.22,2319.65,2424.15,2394.72,2323.0,2313.8
GLENMARK,VWAP,,,,,,,,,,,2329.47,2323.42
GLENMARK,CASH VOL,972522,1261905,534951,67.37,56.43,,,,,,13215,32802
GLENMARK,F&O VOL,9575,11711,,,,,,,,,181,677
GLENMARK,F&O OI,33446,32822,,,,,,,,,33512,33648
GLENMARK,CALL VOL,2299,2570,,,,,,,,,41,199
GLENMARK,CALL OI,1741,1494,,,,,,,,,1735,1729
GLENMARK,PUT VOL,1899,3551,,,,,,,,,9,25
GLENMARK,PUT OI,1121,1014,,,,,,,,,1127,1128
GLENMARK,CALL SPRD,,,,,,,,,,,4.81,2.62
GLENMARK,PUT SPRD,,,,,,,,,,,4.66,3.03
GLENMARK,CALL OI FIX,1841,,,,,,,,,,1835,1828
GLENMARK,PUT OI FIX,1169,,,,,,,,,,1175,1176
GLENMARK,CALL DOI,,,,,,,,,,,297406,279394
GLENMARK,PUT DOI,,,,,,,,,,,-194006,-203186
GLENMARK,CALL GEX,,,,,,,,,,,36357,37408
GLENMARK,PUT GEX,,,,,,,,,,,22012,21971
GLENMARK,GEX STRIKE,,,,,,,,,,,2400.0,2400.0
GLENMARK,EXPIRY,,,,,,,,,,,2026-10-27,2026-10-27
GLENMARK,ATM IV,,,,,,,,,,,28.82,27.61
GMRAIRPORT,PRICE,93.16,95.15,,,,93.16,93.22,93.18,98.12,98.0,92.3,92.6
GMRAIRPORT,VWAP,,,,,,,,,,,92.36,92.39
GMRAIRPORT,CASH VOL,15683898,16281025,3487078,54.56,54.51,,,,,,943868,1673346
GMRAIRPORT,F&O VOL,7655,10259,,,,,,,,,734,1241
GMRAIRPORT,F&O OI,32170,30840,,,,,,,,,32438,32300
GMRAIRPORT,CALL VOL,1982,3270,,,,,,,,,193,395
GMRAIRPORT,CALL OI,1904,1615,,,,,,,,,1589,1973
GMRAIRPORT,PUT VOL,1846,2312,,,,,,,,,34,103
GMRAIRPORT,PUT OI,4541,4146,,,,,,,,,4460,4566
GMRAIRPORT,CALL SPRD,,,,,,,,,,,4.17,2.42
GMRAIRPORT,PUT SPRD,,,,,,,,,,,5.53,2.25
GMRAIRPORT,CALL OI FIX,1904,,,,,,,,,,1928,1973
GMRAIRPORT,PUT OI FIX,4541,,,,,,,,,,4548,4566
GMRAIRPORT,CALL DOI,,,,,,,,,,,4184037,5008512
GMRAIRPORT,PUT DOI,,,,,,,,,,,-15781886,-15821079
GMRAIRPORT,CALL GEX,,,,,,,,,,,587057,755644
GMRAIRPORT,PUT GEX,,,,,,,,,,,1518148,1497778
GMRAIRPORT,GEX STRIKE,,,,,,,,,,,96.0,96.0
GMRAIRPORT,EXPIRY,,,,,,,,,,,2026-10-27,2026-10-27
GMRAIRPORT,ATM IV,,,,,,,,,,,26.25,29.39
GODFRYPHLP,PRICE,1849.7,1891.8,,,,1850.0,1871.55,1856.98,1992.05,1977.62,1880.0,1889.1
GODFRYPHLP,VWAP,,,,,,,,,,,1876.17,1882.95
GODFRYPHLP,CASH VOL,256983,240882,76580,34.89,23.9,,,,,,11082,30537
GODFRYPHLP,F&O VOL,2078,3317,,,,,,,,,56,182
GODFRYPHLP,F&O OI,6897,6817,,,,,,,,,6910,6904
GODFRYPHLP,CALL VOL,411,490,,,,,,,,,6,48
GODFRYPHLP,CALL OI,307,195,,,,,,,,,307,311
GODFRYPHLP,PUT VOL,413,469,,,,,,,,,0,0
GODFRYPHLP,PUT OI,275,326,,,,,,,,,275,275
GODFRYPHLP,CALL SPRD,,,,,,,,,,,,22.04
GODFRYPHLP,PUT SPRD,,,,,,,,,,,,
GODFRYPHLP,CALL OI FIX,236,,,,,,,,,,236,239
GODFRYPHLP,PUT OI FIX,243,,,,,,,,,,243,243
GODFRYPHLP,CALL DOI,,,,,,,,,,,40156,42105
GODFRYPHLP,PUT DOI,,,,,,,,,,,-34161,-32501
GODFRYPHLP,CALL GEX,,,,,,,,,,,4272,4470
GODFRYPHLP,PUT GEX,,,,,,,,,,,3449,3425
GODFRYPHLP,GEX STRIKE,,,,,,,,,,,1900.0,1900.0
GODFRYPHLP,EXPIRY,,,,,,,,,,,2026-10-27,2026-10-27
GODFRYPHLP,ATM IV,,,,,,,,,,,,
GODREJCP,PRICE,840.0,850.0,,,,840.0,845.0,841.67,878.15,874.45,842.0,842.35
GODREJCP,VWAP,,,,,,,,,,,843.32,841.19
GODREJCP,CASH VOL,838419,1632650,204084,53.84,73.27,,,,,,7256,24160
GODREJCP,F&O VOL,8657,9163,,,,,,,,,389,790
GODREJCP,F&O OI,30916,30662,,,,,,,,,31027,31049
GODREJCP,CALL VOL,2526,2395,,,,,,,,,142,304
GODREJCP,CALL OI,2468,2108,,,,,,,,,2485,2497
GODREJCP,PUT VOL,2669,2700,,,,,,,,,83,138
GODREJCP,PUT OI,3501,3306,,,,,,,,,3501,3481
GODREJCP,CALL SPRD,,,,,,,,,,,1.87,1.53
GODREJCP,PUT SPRD,,,,,,,,,,,1.8,1.53
GODREJCP,CALL OI FIX,2468,,,,,,,,,,2485,2497
GODREJCP,PUT OI FIX,3501,,,,,,,,,,3501,3481
GODREJCP,CALL DOI,,,,,,,,,,,456635,451370
GODREJCP,PUT DOI,,,,,,,,,,,-850216,-839383
GODREJCP,CALL GEX,,,,,,,,,,,72396,76313
GODREJCP,PUT GEX,,,,,,,,,,,92279,90436
GODREJCP,GEX STRIKE,,,,,,,,,,,870.0,870.0
GODREJCP,EXPIRY,,,,,,,,,,,2026-10-27,2026-10-27
GODREJCP,ATM IV,,,,,,,,,,,27.46,25.88
GODREJPROP,PRICE,1595.8,1628.5,,,,1581.0,1599.75,1597.12,1699.68,1698.85,1592.7,1595.7
GODREJPROP,VWAP,,,,,,,,,,,1594.67,1595.17
GODREJPROP,CASH VOL,496337,832521,130969,42.91,54.1,,,,,,50038,78899
GODREJPROP,F&O VOL,21777,18125,,,,,,,,,358,888
GODREJPROP,F&O OI,45012,42040,,,,,,,,,45069,45074
GODREJPROP,CALL VOL,5461,4134,,,,,,,,,137,330
GODREJPROP,CALL OI,3807,2288,,,,,,,,,3814,3851
GODREJPROP,PUT VOL,7027,4276,,,,,,,,,139,253
GODREJPROP,PUT OI,5694,4135,,,,,,,,,5715,5704
GODREJPROP,CALL SPRD,,,,,,,,,,,1.83,1.05
GODREJPROP,PUT SPRD,,,,,,,,,,,2.56,0.93
GODREJPROP,CALL OI FIX,3807,,,,,,,,,,3814,3851
GODREJPROP,PUT OI FIX,5694,,,,,,,,,,5715,5704
GODREJPROP,CALL DOI,,,,,,,,,,,440221,448000
GODREJPROP,PUT DOI,,,,,,,,,,,-993376,-975689
GODREJPROP,CALL GEX,,,,,,,,,,,50022,53053
GODREJPROP,PUT GEX,,,,,,,,,,,77757,77828
GODREJPROP,GEX STRIKE,,,,,,,,,,,1700.0,1700.0
GODREJPROP,EXPIRY,,,,,,,,,,,2026-10-27,2026-10-27
GODREJPROP,ATM IV,,,,,,,,,,,36.74,35.8
GRASIM,PRICE,2962.0,3061.9,,,,2968.0,2994.7,2972.9,3183.58,3168.75,3016.5,3016.4
GRASIM,VWAP,,,,,,,,,,,3004.2,3009.03
GRASIM,CASH VOL,1385746,448156,233681,53.67,64.45,,,,,,28743,39967
GRASIM,F&O VOL,31865,9096,,,,,,,,,653,1465
GRASIM,F&O OI,38121,34082,,,,,,,,,38031,38037
GRASIM,CALL VOL,9474,1185,,,,,,,,,317,599
GRASIM,CALL OI,3313,521,,,,,,,,,3308,3288
GRASIM,PUT VOL,7683,2451,,,,,,,,,55,205
GRASIM,PUT OI,1617,924,,,,,,,,,1620,1629
GRASIM,CALL SPRD,,,,,,,,,,,2.61,1.47
GRASIM,PUT SPRD,,,,,,,,,,,3.63,1.9
GRASIM,CALL OI FIX,2382,,,,,,,,,,2386,2378
GRASIM,PUT OI FIX,1863,,,,,,,,,,1867,1874
GRASIM,CALL DOI,,,,,,,,,,,424638,421477
GRASIM,PUT DOI,,,,,,,,,,,-170073,-170528
GRASIM,CALL GEX,,,,,,,,,,,67004,66827
GRASIM,PUT GEX,,,,,,,,,,,27378,27633
GRASIM,GEX STRIKE,,,,,,,,,,,3000.0,3000.0
GRASIM,EXPIRY,,,,,,,,,,,2026-10-27,2026-10-27
GRASIM,ATM IV,,,,,,,,,,,20.95,20.02
GVT&D,PRICE,4253.2,4201.0,,,,4325.0,4273.65,4260.02,4381.75,4313.92,4325.3,4300.0
GVT&D,VWAP,,,,,,,,,,,4320.93,4319.79
GVT&D,CASH VOL,784543,624058,162430,33.76,57.47,,,,,,32282,50062
GVT&D,F&O VOL,27272,17503,,,,,,,,,852,1807
GVT&D,F&O OI,38431,37973,,,,,,,,,38440,38414
GVT&D,CALL VOL,15667,9650,,,,,,,,,576,1120
GVT&D,CALL OI,6371,6059,,,,,,,,,6340,6321
GVT&D,PUT VOL,6891,4055,,,,,,,,,210,465
GVT&D,PUT OI,5478,4935,,,,,,,,,5488,5477
GVT&D,CALL SPRD,,,,,,,,,,,1.37,0.73
GVT&D,PUT SPRD,,,,,,,,,,,2.62,2.13
GVT&D,CALL OI FIX,6371,,,,,,,,,,6340,6321
GVT&D,PUT OI FIX,5478,,,,,,,,,,5488,5477
GVT&D,CALL DOI,,,,,,,,,,,356275,336105
GVT&D,PUT DOI,,,,,,,,,,,-182560,-192013
GVT&D,CALL GEX,,,,,,,,,,,36033,37124
GVT&D,PUT GEX,,,,,,,,,,,23128,24156
GVT&D,GEX STRIKE,,,,,,,,,,,4200.0,4200.0
GVT&D,EXPIRY,,,,,,,,,,,2026-10-27,2026-10-27
GVT&D,ATM IV,,,,,,,,,,,32.39,31.6
HAL,PRICE,4601.0,4668.0,,,,4601.0,4629.5,4610.5,4819.8,4806.6,4670.8,4659.8
HAL,VWAP,,,,,,,,,,,4656.53,4661.5
HAL,CASH VOL,739864,1233758,139107,42.55,53.43,,,,,,36356,56241
HAL,F&O VOL,30786,58201,,,,,,,,,1757,3775
HAL,F&O OI,60889,60492,,,,,,,,,60860,61026
HAL,CALL VOL,12896,25981,,,,,,,,,1260,2276
HAL,CALL OI,7589,7170,,,,,,,,,7541,7534
HAL,PUT VOL,8806,16642,,,,,,,,,302,755
HAL,PUT OI,8027,8084,,,,,,,,,8055,8077
HAL,CALL SPRD,,,,,,,,,,,0.79,0.63
HAL,PUT SPRD,,,,,,,,,,,1.11,0.89
HAL,CALL OI FIX,5683,,,,,,,,,,5635,5623
HAL,PUT OI FIX,7622,,,,,,,,,,7651,7676
HAL,CALL DOI,,,,,,,,,,,468161,447375
HAL,PUT DOI,,,,,,,,,,,-562460,-580294
HAL,CALL GEX,,,,,,,,,,,69199,70427
HAL,PUT GEX,,,,,,,,,,,66240,65909
HAL,GEX STRIKE,,,,,,,,,,,4700.0,4700.0
HAL,EXPIRY,,,,,,,,,,,2026-10-27,2026-10-27
HAL,ATM IV,,,,,,,,,,,25.73,25.5
HAVELLS,PRICE,1040.0,1016.0,,,,1050.0,1036.92,1030.75,1097.3,1096.77,1044.6,1053.2
HAVELLS,VWAP,,,,,,,,,,,1045.97,1047.42
HAVELLS,CASH VOL,2030089,1394518,343546,53.96,66.9,,,,,,19050,118580
HAVELLS,F&O VOL,20209,13683,,,,,,,,,368,896
HAVELLS,F&O OI,32945,33143,,,,,,,,,32994,33069
HAVELLS,CALL VOL,8385,4311,,,,,,,,,181,499
HAVELLS,CALL OI,3969,4066,,,,,,,,,2264,4072
HAVELLS,PUT VOL,4012,3358,,,,,,,,,77,187
HAVELLS,PUT OI,3311,3301,,,,,,,,,2394,3343
HAVELLS,CALL SPRD,,,,,,,,,,,1.39,1.49
HAVELLS,PUT SPRD,,,,,,,,,,,1.72,1.59
HAVELLS,CALL OI FIX,2252,,,,,,,,,,2264,2334
HAVELLS,PUT OI FIX,2381,,,,,,,,,,2394,2413
HAVELLS,CALL DOI,,,,,,,,,,,545224,887960
HAVELLS,PUT DOI,,,,,,,,,,,-528184,-781155
HAVELLS,CALL GEX,,,,,,,,,,,60002,104321
HAVELLS,PUT GEX,,,,,,,,,,,52808,70164
HAVELLS,GEX STRIKE,,,,,,,,,,,1080.0,1100.0
HAVELLS,EXPIRY,,,,,,,,,,,2026-10-27,2026-10-27
HAVELLS,ATM IV,,,,,,,,,,,30.64,29.92
HCLTECH,PRICE,1243.1,1230.0,,,,1243.7,1242.88,1242.45,1260.35,1258.78,1226.0,1233.8
HCLTECH,VWAP,,,,,,,,,,,1231.53,1231.03
HCLTECH,CASH VOL,3430282,4242658,1337711,52.43,65.42,,,,,,465936,652895
HCLTECH,F&O VOL,44426,47229,,,,,,,,,7000,14418
HCLTECH,F&O OI,88517,84375,,,,,,,,,89332,88730
HCLTECH,CALL VOL,13577,15963,,,,,,,,,2125,5764
HCLTECH,CALL OI,8456,7751,,,,,,,,,8799,8227
HCLTECH,PUT VOL,9920,8292,,,,,,,,,1677,2847
HCLTECH,PUT OI,6874,5847,,,,,,,,,6936,6928
HCLTECH,CALL SPRD,,,,,,,,,,,1.13,0.84
HCLTECH,PUT SPRD,,,,,,,,,,,1.55,1.01
HCLTECH,CALL OI FIX,8593,,,,,,,,,,8939,8392
HCLTECH,PUT OI FIX,6479,,,,,,,,,,6544,6530
HCLTECH,CALL DOI,,,,,,,,,,,1650563,1656935
HCLTECH,PUT DOI,,,,,,,,,,,-1300099,-1234237
HCLTECH,CALL GEX,,,,,,,,,,,180659,178020
HCLTECH,PUT GEX,,,,,,,,,,,99424,99485
HCLTECH,GEX STRIKE,,,,,,,,,,,1250.0,1250.0
HCLTECH,EXPIRY,,,,,,,,,,,2026-10-27,2026-10-27
HCLTECH,ATM IV,,,,,,,,,,,36.77,35.8
HDFCAMC,PRICE,2308.1,2280.7,,,,2308.1,2303.87,2295.4,2410.25,2388.75,2330.4,2332.1
HDFCAMC,VWAP,,,,,,,,,,,2326.43,2327.83
HDFCAMC,CASH VOL,1134071,908968,369528,61.38,57.33,,,,,,18064,33678
HDFCAMC,F&O VOL,11317,9830,,,,,,,,,535,1020
HDFCAMC,F&O OI,32697,33231,,,,,,,,,32709,32752
HDFCAMC,CALL VOL,3589,3774,,,,,,,,,256,435
HDFCAMC,CALL OI,2013,1916,,,,,,,,,1996,2010
HDFCAMC,PUT VOL,1075,1130,,,,,,,,,4,70
HDFCAMC,PUT OI,1720,1805,,,,,,,,,1720,1701
HDFCAMC,CALL SPRD,,,,,,,,,,,42.5,41.11
HDFCAMC,PUT SPRD,,,,,,,,,,,32.05,31.79
HDFCAMC,CALL OI FIX,1186,,,,,,,,,,1165,1186
HDFCAMC,PUT OI FIX,1314,,,,,,,,,,1314,1295
HDFCAMC,CALL DOI,,,,,,,,,,,303415,307867
HDFCAMC,PUT DOI,,,,,,,,,,,-223781,-222115
HDFCAMC,CALL GEX,,,,,,,,,,,32939,33221
HDFCAMC,PUT GEX,,,,,,,,,,,25848,25226
HDFCAMC,GEX STRIKE,,,,,,,,,,,2300.0,2300.0
HDFCAMC,EXPIRY,,,,,,,,,,,2026-10-27,2026-10-27
HDFCAMC,ATM IV,,,,,,,,,,,,
HDFCBANK,PRICE,721.2,708.7,,,,731.95,718.87,714.2,736.0,735.73,728.2,728.75
HDFCBANK,VWAP,,,,,,,,,,,728.88,728.55
HDFCBANK,CASH VOL,37389857,39365496,11735370,63.31,66.62,,,,,,12947067,17282710
HDFCBANK,F&O VOL,355049,287863,,,,,,,,,66490,112450
HDFCBANK,F&O OI,862277,854929,,,,,,,,,866395,871892
HDFCBANK,CALL VOL,173268,134782,,,,,,,,,34264,56055
HDFCBANK,CALL OI,120538,111631,,,,,,,,,121874,123735
HDFCBANK,PUT VOL,78590,55185,,,,,,,,,11106,18553
HDFCBANK,PUT OI,73391,74108,,,,,,,,,73069,73102
HDFCBANK,CALL SPRD,,,,,,,,,,,0.6,0.61
HDFCBANK,PUT SPRD,,,,,,,,,,,0.57,0.58
HDFCBANK,CALL OI FIX,115952,,,,,,,,,,117339,119251
HDFCBANK,PUT OI FIX,79106,,,,,,,,,,78781,78757
HDFCBANK,CALL DOI,,,,,,,,,,,35845716,36711575
HDFCBANK,PUT DOI,,,,,,,,,,,-19160098,-18846822
HDFCBANK,CALL GEX,,,,,,,,,,,5080956,5225841
HDFCBANK,PUT GEX,,,,,,,,,,,2455433,2508354
HDFCBANK,GEX STRIKE,,,,,,,,,,,750.0,750.0
HDFCBANK,EXPIRY,,,,,,,,,,,2026-10-27,2026-10-27
HDFCBANK,ATM IV,,,,,,,,,,,24.45,23.82
HDFCLIFE,PRICE,534.2,521.2,,,,536.85,532.18,528.15,540.7,534.23,535.4,537.15
HDFCLIFE,VWAP,,,,,,,,,,,536.22,535.88
HDFCLIFE,CASH VOL,4008935,5062593,932617,44.22,56.4,,,,,,132180,195666
HDFCLIFE,F&O VOL,36461,27629,,,,,,,,,766,1491
HDFCLIFE,F&O OI,61561,60847,,,,,,,,,61636,61683
HDFCLIFE,CALL VOL,16248,12880,,,,,,,,,346,658
HDFCLIFE,CALL OI,7217,7757,,,,,,,,,7258,7264
HDFCLIFE,PUT VOL,7737,5229,,,,,,,,,156,367
HDFCLIFE,PUT OI,3864,2843,,,,,,,,,3873,3909
HDFCLIFE,CALL SPRD,,,,,,,,,,,1.83,1.18
HDFCLIFE,PUT SPRD,,,,,,,,,,,2.2,1.49
HDFCLIFE,CALL OI FIX,7217,,,,,,,,,,7258,7264
HDFCLIFE,PUT OI FIX,3864,,,,,,,,,,3873,3909
HDFCLIFE,CALL DOI,,,,,,,,,,,3818567,3950596
HDFCLIFE,PUT DOI,,,,,,,,,,,-1719582,-1669477
HDFCLIFE,CALL GEX,,,,,,,,,,,437510,435711
HDFCLIFE,PUT GEX,,,,,,,,,,,207846,208167
HDFCLIFE,GEX STRIKE,,,,,,,,,,,530.0,530.0
HDFCLIFE,EXPIRY,,,,,,,,,,,2026-10-27,2026-10-27
HDFCLIFE,ATM IV,,,,,,,,,,,28.51,28.46
HEROMOTOCO,PRICE,5168.0,5241.0,,,,5199.0,5170.5,5168.83,5371.25,5363.75,5122.5,5033.5
HEROMOTOCO,VWAP,,,,,,,,,,,5153.17,5093.98
HEROMOTOCO,CASH VOL,862662,567810,214344,46.48,62.94,,,,,,89466,211056
HEROMOTOCO,F&O VOL,78085,32678,,,,,,,,,4750,15834
HEROMOTOCO,F&O OI,42351,36209,,,,,,,,,42610,43214
HEROMOTOCO,CALL VOL,13836,5085,,,,,,,,,1490,5072
HEROMOTOCO,CALL OI,3386,1942,,,,,,,,,3710,3911
HEROMOTOCO,PUT VOL,28112,7019,,,,,,,,,1108,4542
HEROMOTOCO,PUT OI,4047,2678,,,,,,,,,3697,4219
HEROMOTOCO,CALL SPRD,,,,,,,,,,,2.16,1.28
HEROMOTOCO,PUT SPRD,,,,,,,,,,,0.97,1.09
HEROMOTOCO,CALL OI FIX,5467,,,,,,,,,,5551,5880
HEROMOTOCO,PUT OI FIX,4203,,,,,,,,,,4159,4372
HEROMOTOCO,CALL DOI,,,,,,,,,,,231330,193265
HEROMOTOCO,PUT DOI,,,,,,,,,,,-252469,-313645
HEROMOTOCO,CALL GEX,,,,,,,,,,,31914,33118
HEROMOTOCO,PUT GEX,,,,,,,,,,,27617,28711
HEROMOTOCO,GEX STRIKE,,,,,,,,,,,5300.0,5300.0
HEROMOTOCO,EXPIRY,,,,,,,,,,,2026-10-27,2026-10-27
HEROMOTOCO,ATM IV,,,,,,,,,,,28.24,27.64
HINDALCO,PRICE,941.85,941.8,,,,953.5,939.59,935.08,985.45,979.82,951.85,949.15
HINDALCO,VWAP,,,,,,,,,,,950.42,950.12
HINDALCO,CASH VOL,5877840,4420021,1366771,56.41,69.42,,,,,,245990,389356
HINDALCO,F&O VOL,55578,40073,,,,,,,,,2589,4027
HINDALCO,F&O OI,96120,95100,,,,,,,,,96129,96115
HINDALCO,CALL VOL,19032,12216,,,,,,,,,1186,1773
HINDALCO,CALL OI,7856,7240,,,,,,,,,7855,7868
HINDALCO,PUT VOL,18207,14028,,,,,,,,,741,1131
HINDALCO,PUT OI,10197,9658,,,,,,,,,10304,10368
HINDALCO,CALL SPRD,,,,,,,,,,,1.27,1.6
HINDALCO,PUT SPRD,,,,,,,,,,,2.06,1.31
HINDALCO,CALL OI FIX,6067,,,,,,,,,,6112,6106
HINDALCO,PUT OI FIX,8991,,,,,,,,,,9097,9163
HINDALCO,CALL DOI,,,,,,,,,,,2356198,2254824
HINDALCO,PUT DOI,,,,,,,,,,,-3233551,-3404442
HINDALCO,CALL GEX,,,,,,,,,,,326260,327531
HINDALCO,PUT GEX,,,,,,,,,,,344522,377332
HINDALCO,GEX STRIKE,,,,,,,,,,,960.0,960.0
HINDALCO,EXPIRY,,,,,,,,,,,2026-10-27,2026-10-27
HINDALCO,ATM IV,,,,,,,,,,,26.54,26.12
HINDPETRO,PRICE,345.0,350.35,,,,345.05,348.4,346.13,356.92,352.98,350.55,350.35
HINDPETRO,VWAP,,,,,,,,,,,349.47,349.98
HINDPETRO,CASH VOL,5754484,2520543,2196767,53.35,47.46,,,,,,122288,238541
HINDPETRO,F&O VOL,7076,7851,,,,,,,,,268,515
HINDPETRO,F&O OI,27790,26969,,,,,,,,,27779,27756
HINDPETRO,CALL VOL,2359,2606,,,,,,,,,170,268
HINDPETRO,CALL OI,2028,1747,,,,,,,,,2023,2031
HINDPETRO,PUT VOL,1888,1779,,,,,,,,,29,67
HINDPETRO,PUT OI,1887,1810,,,,,,,,,1900,1905
HINDPETRO,CALL SPRD,,,,,,,,,,,3.56,2.27
HINDPETRO,PUT SPRD,,,,,,,,,,,2.77,2.79
HINDPETRO,CALL OI FIX,1951,,,,,,,,,,1946,1953
HINDPETRO,PUT OI FIX,2038,,,,,,,,,,2046,2051
HINDPETRO,CALL DOI,,,,,,,,,,,1806591,1775968
HINDPETRO,PUT DOI,,,,,,,,,,,-1547334,-1560827
HINDPETRO,CALL GEX,,,,,,,,,,,209971,221047
HINDPETRO,PUT GEX,,,,,,,,,,,176507,175657
HINDPETRO,GEX STRIKE,,,,,,,,,,,350.0,350.0
HINDPETRO,EXPIRY,,,,,,,,,,,2026-10-27,2026-10-27
HINDPETRO,ATM IV,,,,,,,,,,,29.77,29.26
HINDUNILVR,PRICE,1836.0,1879.1,,,,1845.1,1850.25,1840.75,1940.57,1935.9,1838.9,1844.8
HINDUNILVR,VWAP,,,,,,,,,,,1842.6,1841.52
HINDUNILVR,CASH VOL,1331680,1430335,278740,52.1,63.36,,,,,,30782,67570
HINDUNILVR,F&O VOL,39287,31489,,,,,,,,,1868,4448
HINDUNILVR,F&O OI,95380,92319,,,,,,,,,95465,95801
HINDUNILVR,CALL VOL,13137,10092,,,,,,,,,1088,2360
HINDUNILVR,CALL OI,10230,9045,,,,,,,,,10298,10439
HINDUNILVR,PUT VOL,8828,7075,,,,,,,,,360,770
HINDUNILVR,PUT OI,9842,9704,,,,,,,,,9897,9950
HINDUNILVR,CALL SPRD,,,,,,,,,,,0.99,0.64
HINDUNILVR,PUT SPRD,,,,,,,,,,,1.45,0.61
HINDUNILVR,CALL OI FIX,10230,,,,,,,,,,10298,10439
HINDUNILVR,PUT OI FIX,9842,,,,,,,,,,9897,9950
HINDUNILVR,CALL DOI,,,,,,,,,,,1101774,1182944
HINDUNILVR,PUT DOI,,,,,,,,,,,-1623692,-1579250
HINDUNILVR,CALL GEX,,,,,,,,,,,200959,207601
HINDUNILVR,PUT GEX,,,,,,,,,,,178046,185416
HINDUNILVR,GEX STRIKE,,,,,,,,,,,1900.0,1900.0
HINDUNILVR,EXPIRY,,,,,,,,,,,2026-10-27,2026-10-27
HINDUNILVR,ATM IV,,,,,,,,,,,22.12,22.05
HINDZINC,PRICE,555.05,566.0,,,,562.0,556.78,555.62,591.9,589.93,566.95,564.25
HINDZINC,VWAP,,,,,,,,,,,565.97,565.56
HINDZINC,CASH VOL,3165448,2880602,849382,50.51,52.48,,,,,,216531,328550
HINDZINC,F&O VOL,18358,18370,,,,,,,,,1321,2801
HINDZINC,F&O OI,38943,38463,,,,,,,,,39005,39280
HINDZINC,CALL VOL,7639,7714,,,,,,,,,791,1362
HINDZINC,CALL OI,6433,6183,,,,,,,,,7141,6378
HINDZINC,PUT VOL,5339,4972,,,,,,,,,228,979
HINDZINC,PUT OI,6261,5715,,,,,,,,,6278,6618
HINDZINC,CALL SPRD,,,,,,,,,,,1.05,1.37
HINDZINC,PUT SPRD,,,,,,,,,,,1.48,1.48
HINDZINC,CALL OI FIX,6433,,,,,,,,,,6428,6378
HINDZINC,PUT OI FIX,6261,,,,,,,,,,6339,6618
HINDZINC,CALL DOI,,,,,,,,,,,3018212,2632162
HINDZINC,PUT DOI,,,,,,,,,,,-3572303,-3652450
HINDZINC,CALL GEX,,,,,,,,,,,365722,339358
HINDZINC,PUT GEX,,,,,,,,,,,274691,298509
HINDZINC,GEX STRIKE,,,,,,,,,,,600.0,600.0
HINDZINC,EXPIRY,,,,,,,,,,,2026-10-27,2026-10-27
HINDZINC,ATM IV,,,,,,,,,,,35.31,34.91
HYUNDAI,PRICE,2024.0,2031.0,,,,2023.9,2040.3,2029.43,2110.88,2102.65,2016.8,2018.3
HYUNDAI,VWAP,,,,,,,,,,,2019.57,2018.33
HYUNDAI,CASH VOL,1795808,644391,397304,52.25,50.4,,,,,,20388,32546
HYUNDAI,F&O VOL,21464,7923,,,,,,,,,355,760
HYUNDAI,F&O OI,20698,18521,,,,,,,,,20737,20865
HYUNDAI,CALL VOL,8068,2012,,,,,,,,,193,333
HYUNDAI,CALL OI,1594,1343,,,,,,,,,1630,1678
HYUNDAI,PUT VOL,3648,1446,,,,,,,,,86,210
HYUNDAI,PUT OI,1600,1393,,,,,,,,,1613,1653
HYUNDAI,CALL SPRD,,,,,,,,,,,3.94,4.42
HYUNDAI,PUT SPRD,,,,,,,,,,,6.86,3.78
HYUNDAI,CALL OI FIX,1594,,,,,,,,,,1630,1678
HYUNDAI,PUT OI FIX,1600,,,,,,,,,,1613,1653
HYUNDAI,CALL DOI,,,,,,,,,,,187511,194396
HYUNDAI,PUT DOI,,,,,,,,,,,-211307,-215059
HYUNDAI,CALL GEX,,,,,,,,,,,23348,24809
HYUNDAI,PUT GEX,,,,,,,,,,,20524,21573
HYUNDAI,GEX STRIKE,,,,,,,,,,,2100.0,2100.0
HYUNDAI,EXPIRY,,,,,,,,,,,2026-10-27,2026-10-27
HYUNDAI,ATM IV,,,,,,,,,,,30.88,29.73
ICICIBANK,PRICE,1310.6,1321.7,,,,1311.0,1319.15,1313.45,1329.9,1327.83,1311.5,1315.7
ICICIBANK,VWAP,,,,,,,,,,,1309.93,1310.71
ICICIBANK,CASH VOL,13163495,14095232,3707177,57.07,68.37,,,,,,1258449,1718809
ICICIBANK,F&O VOL,81428,108794,,,,,,,,,4117,9030
ICICIBANK,F&O OI,243518,239618,,,,,,,,,244364,245237
ICICIBANK,CALL VOL,23813,37552,,,,,,,,,1547,3909
ICICIBANK,CALL OI,18518,17837,,,,,,,,,18179,19006
ICICIBANK,PUT VOL,23802,28675,,,,,,,,,824,1921
ICICIBANK,PUT OI,14971,14987,,,,,,,,,15569,15378
ICICIBANK,CALL SPRD,,,,,,,,,,,0.91,0.51
ICICIBANK,PUT SPRD,,,,,,,,,,,1.19,0.74
ICICIBANK,CALL OI FIX,17922,,,,,,,,,,18179,18403
ICICIBANK,PUT OI FIX,15513,,,,,,,,,,15569,15915
ICICIBANK,CALL DOI,,,,,,,,,,,5865854,6218061
ICICIBANK,PUT DOI,,,,,,,,,,,-5034800,-4908210
ICICIBANK,CALL GEX,,,,,,,,,,,863002,914202
ICICIBANK,PUT GEX,,,,,,,,,,,711111,716326
ICICIBANK,GEX STRIKE,,,,,,,,,,,1300.0,1300.0
ICICIBANK,EXPIRY,,,,,,,,,,,2026-10-27,2026-10-27
ICICIBANK,ATM IV,,,,,,,,,,,22.85,22.3
ICICIGI,PRICE,1563.0,1590.0,,,,1563.0,1578.65,1568.22,1544.42,1525.85,1570.6,1574.7
ICICIGI,VWAP,,,,,,,,,,,1567.53,1568.88
ICICIGI,CASH VOL,1189772,1952166,282069,60.54,67.69,,,,,,13961,21067
ICICIGI,F&O VOL,11815,21068,,,,,,,,,192,294
ICICIGI,F&O OI,22205,23067,,,,,,,,,22237,22265
ICICIGI,CALL VOL,4898,9825,,,,,,,,,83,153
ICICIGI,CALL OI,2336,2477,,,,,,,,,2340,2357
ICICIGI,PUT VOL,2233,3560,,,,,,,,,50,66
ICICIGI,PUT OI,1602,1605,,,,,,,,,1610,1616
ICICIGI,CALL SPRD,,,,,,,,,,,3.0,1.55
ICICIGI,PUT SPRD,,,,,,,,,,,9.33,8.83
ICICIGI,CALL OI FIX,2235,,,,,,,,,,2239,2255
ICICIGI,PUT OI FIX,1797,,,,,,,,,,1805,1811
ICICIGI,CALL DOI,,,,,,,,,,,375802,385108
ICICIGI,PUT DOI,,,,,,,,,,,-198863,-193208
ICICIGI,CALL GEX,,,,,,,,,,,39044,40657
ICICIGI,PUT GEX,,,,,,,,,,,23901,23713
ICICIGI,GEX STRIKE,,,,,,,,,,,1600.0,1600.0
ICICIGI,EXPIRY,,,,,,,,,,,2026-10-27,2026-10-27
ICICIGI,ATM IV,,,,,,,,,,,28.1,28.36
ICICIPRULI,PRICE,448.05,443.8,,,,448.0,447.43,446.18,471.62,465.88,452.25,453.95
ICICIPRULI,VWAP,,,,,,,,,,,452.3,452.08
ICICIPRULI,CASH VOL,1267559,839768,331547,50.89,58.19,,,,,,62870,101238
ICICIPRULI,F&O VOL,8015,5995,,,,,,,,,375,607
ICICIPRULI,F&O OI,28842,29064,,,,,,,,,28845,28843
ICICIPRULI,CALL VOL,2386,1957,,,,,,,,,125,225
ICICIPRULI,CALL OI,2425,2499,,,,,,,,,2101,2412
ICICIPRULI,PUT VOL,951,1237,,,,,,,,,79,104
ICICIPRULI,PUT OI,2325,2421,,,,,,,,,2273,2333
ICICIPRULI,CALL SPRD,,,,,,,,,,,3.19,1.47
ICICIPRULI,PUT SPRD,,,,,,,,,,,4.12,6.01
ICICIPRULI,CALL OI FIX,2106,,,,,,,,,,2101,2095
ICICIPRULI,PUT OI FIX,2260,,,,,,,,,,2273,2268
ICICIPRULI,CALL DOI,,,,,,,,,,,962811,1072788
ICICIPRULI,PUT DOI,,,,,,,,,,,-898350,-933531
ICICIPRULI,CALL GEX,,,,,,,,,,,95479,112608
ICICIPRULI,PUT GEX,,,,,,,,,,,84852,85546
ICICIPRULI,GEX STRIKE,,,,,,,,,,,450.0,450.0
ICICIPRULI,EXPIRY,,,,,,,,,,,2026-10-27,2026-10-27
ICICIPRULI,ATM IV,,,,,,,,,,,34.02,31.29
IDEA,PRICE,12.64,12.95,,,,12.75,12.82,12.7,14.22,14.13,12.76,12.73
IDEA,VWAP,,,,,,,,,,,12.73,12.72
IDEA,CASH VOL,612490273,640485531,120469116,33.78,37.81,,,,,,30537308,59197387
IDEA,F&O VOL,40367,39171,,,,,,,,,741,2502
IDEA,F&O OI,131631,129604,,,,,,,,,131716,131672
IDEA,CALL VOL,22543,21079,,,,,,,,,393,1256
IDEA,CALL OI,22445,20975,,,,,,,,,22492,22533
IDEA,PUT VOL,6908,8116,,,,,,,,,121,745
IDEA,PUT OI,13230,12864,,,,,,,,,13237,13089
IDEA,CALL SPRD,,,,,,,,,,,4.44,2.11
IDEA,PUT SPRD,,,,,,,,,,,3.08,3.13
IDEA,CALL OI FIX,22445,,,,,,,,,,22492,22533
IDEA,PUT OI FIX,13230,,,,,,,,,,13237,13089
IDEA,CALL DOI,,,,,,,,,,,326700301,316844254
IDEA,PUT DOI,,,,,,,,,,,-584886448,-589623160
IDEA,CALL GEX,,,,,,,,,,,31268354,30868949
IDEA,PUT GEX,,,,,,,,,,,24171666,23166974
IDEA,GEX STRIKE,,,,,,,,,,,14.0,14.0
IDEA,EXPIRY,,,,,,,,,,,2026-10-27,2026-10-27
IDEA,ATM IV,,,,,,,,,,,44.09,44.46
IDFCFIRSTB,PRICE,80.39,81.44,,,,80.76,80.45,80.41,86.44,84.68,81.41,81.18
IDFCFIRSTB,VWAP,,,,,,,,,,,81.31,81.3
IDFCFIRSTB,CASH VOL,24434109,23332019,5316050,55.78,48.61,,,,,,1100314,1546112
IDFCFIRSTB,F&O VOL,13745,30863,,,,,,,,,552,1140
IDFCFIRSTB,F&O OI,68057,68341,,,,,,,,,68024,68058
IDFCFIRSTB,CALL VOL,3951,8831,,,,,,,,,260,452
IDFCFIRSTB,CALL OI,7200,6854,,,,,,,,,7252,7258
IDFCFIRSTB,PUT VOL,3016,8504,,,,,,,,,98,197
IDFCFIRSTB,PUT OI,7351,7199,,,,,,,,,7347,7351
IDFCFIRSTB,CALL SPRD,,,,,,,,,,,1.36,1.48
IDFCFIRSTB,PUT SPRD,,,,,,,,,,,1.93,2.31
IDFCFIRSTB,CALL OI FIX,5938,,,,,,,,,,5990,5995
IDFCFIRSTB,PUT OI FIX,7555,,,,,,,,,,7551,7554
IDFCFIRSTB,CALL DOI,,,,,,,,,,,28935860,27835335
IDFCFIRSTB,PUT DOI,,,,,,,,,,,-28867322,-29654314
IDFCFIRSTB,CALL GEX,,,,,,,,,,,3272334,3337576
IDFCFIRSTB,PUT GEX,,,,,,,,,,,3049404,3061488
IDFCFIRSTB,GEX STRIKE,,,,,,,,,,,85.0,80.0
IDFCFIRSTB,EXPIRY,,,,,,,,,,,2026-10-27,2026-10-27
IDFCFIRSTB,ATM IV,,,,,,,,,,,31.83,30.44
IEX,PRICE,105.98,107.0,,,,106.0,105.91,105.78,112.63,112.5,106.08,106.24
IEX,VWAP,,,,,,,,,,,106.12,106.05
IEX,CASH VOL,3180623,3890920,699674,40.75,44.5,,,,,,166445,374800
IEX,F&O VOL,5374,6760,,,,,,,,,123,493
IEX,F&O OI,26864,26736,,,,,,,,,26908,27029
IEX,CALL VOL,1616,1613,,,,,,,,,43,220
IEX,CALL OI,1319,1161,,,,,,,,,1328,1390
IEX,PUT VOL,594,1223,,,,,,,,,8,34
IEX,PUT OI,1530,1591,,,,,,,,,1527,1536
IEX,CALL SPRD,,,,,,,,,,,79.4,39.59
IEX,PUT SPRD,,,,,,,,,,,37.93,67.98
IEX,CALL OI FIX,1319,,,,,,,,,,1328,1390
IEX,PUT OI FIX,1530,,,,,,,,,,1527,1536
IEX,CALL DOI,,,,,,,,,,,2325526,2485123
IEX,PUT DOI,,,,,,,,,,,-3396371,-3359571
IEX,CALL GEX,,,,,,,,,,,277068,296078
IEX,PUT GEX,,,,,,,,,,,294449,292316
IEX,GEX STRIKE,,,,,,,,,,,110.0,110.0
IEX,EXPIRY,,,,,,,,,,,2026-10-27,2026-10-27
IEX,ATM IV,,,,,,,,,,,36.05,36.05
INDHOTEL,PRICE,718.0,728.65,,,,713.0,722.62,719.54,735.67,729.76,721.45,723.45
INDHOTEL,VWAP,,,,,,,,,,,720.52,721.61
INDHOTEL,CASH VOL,4023940,3733640,846685,61.62,63.44,,,,,,84188,220153
INDHOTEL,F&O VOL,14463,13636,,,,,,,,,303,792
INDHOTEL,F&O OI,37686,36960,,,,,,,,,37695,37775
INDHOTEL,CALL VOL,5840,6608,,,,,,,,,158,330
INDHOTEL,CALL OI,3033,2853,,,,,,,,,3040,3060
INDHOTEL,PUT VOL,3575,2918,,,,,,,,,87,236
INDHOTEL,PUT OI,2384,2347,,,,,,,,,2377,2381
INDHOTEL,CALL SPRD,,,,,,,,,,,3.43,1.7
INDHOTEL,PUT SPRD,,,,,,,,,,,3.13,1.43
INDHOTEL,CALL OI FIX,3033,,,,,,,,,,3040,3060
INDHOTEL,PUT OI FIX,2384,,,,,,,,,,2377,2381
INDHOTEL,CALL DOI,,,,,,,,,,,1288839,1346381
INDHOTEL,PUT DOI,,,,,,,,,,,-996493,-960153
INDHOTEL,CALL GEX,,,,,,,,,,,180688,186430
INDHOTEL,PUT GEX,,,,,,,,,,,141774,135142
INDHOTEL,GEX STRIKE,,,,,,,,,,,730.0,730.0
INDHOTEL,EXPIRY,,,,,,,,,,,2026-10-27,2026-10-27
INDHOTEL,ATM IV,,,,,,,,,,,22.44,24.17
INDIANB,PRICE,793.15,805.9,,,,801.75,798.67,794.99,837.9,833.97,812.0,814.85
INDIANB,VWAP,,,,,,,,,,,810.4,812.8
INDIANB,CASH VOL,671392,1068705,282410,41.36,56.08,,,,,,63198,125776
INDIANB,F&O VOL,5602,5791,,,,,,,,,309,1023
INDIANB,F&O OI,15784,15429,,,,,,,,,15783,15851
INDIANB,CALL VOL,2196,2224,,,,,,,,,149,510
INDIANB,CALL OI,2107,1910,,,,,,,,,2113,2178
INDIANB,PUT VOL,1506,1324,,,,,,,,,22,114
INDIANB,PUT OI,2219,2080,,,,,,,,,2217,2218
INDIANB,CALL SPRD,,,,,,,,,,,2.62,2.38
INDIANB,PUT SPRD,,,,,,,,,,,6.39,3.63
INDIANB,CALL OI FIX,1578,,,,,,,,,,1585,1642
INDIANB,PUT OI FIX,2046,,,,,,,,,,2044,2044
INDIANB,CALL DOI,,,,,,,,,,,975581,1050814
INDIANB,PUT DOI,,,,,,,,,,,-978426,-942871
INDIANB,CALL GEX,,,,,,,,,,,105426,104745
INDIANB,PUT GEX,,,,,,,,,,,88333,93445
INDIANB,GEX STRIKE,,,,,,,,,,,800.0,800.0
INDIANB,EXPIRY,,,,,,,,,,,2026-10-27,2026-10-27
INDIANB,ATM IV,,,,,,,,,,,34.12,33.12
INDIGO,PRICE,4929.9,4984.0,,,,4945.0,4947.1,4935.63,4969.25,4949.75,4963.0,4958.2
INDIGO,VWAP,,,,,,,,,,,4972.87,4967.37
INDIGO,CASH VOL,592514,624800,134896,48.94,46.93,,,,,,15254,20494
INDIGO,F&O VOL,41661,42752,,,,,,,,,1708,2758
INDIGO,F&O OI,57324,57147,,,,,,,,,57499,57575
INDIGO,CALL VOL,15030,20072,,,,,,,,,1048,1408
INDIGO,CALL OI,6785,6385,,,,,,,,,6856,6878
INDIGO,PUT VOL,11263,9768,,,,,,,,,257,507
INDIGO,PUT OI,4831,4437,,,,,,,,,4850,4844
INDIGO,CALL SPRD,,,,,,,,,,,1.18,1.61
INDIGO,PUT SPRD,,,,,,,,,,,2.12,1.44
INDIGO,CALL OI FIX,6785,,,,,,,,,,6856,6878
INDIGO,PUT OI FIX,4831,,,,,,,,,,4850,4844
INDIGO,CALL DOI,,,,,,,,,,,516549,510419
INDIGO,PUT DOI,,,,,,,,,,,-299830,-300778
INDIGO,CALL GEX,,,,,,,,,,,54677,55152
INDIGO,PUT GEX,,,,,,,,,,,33275,35014
INDIGO,GEX STRIKE,,,,,,,,,,,5000.0,5000.0
INDIGO,EXPIRY,,,,,,,,,,,2026-10-27,2026-10-27
INDIGO,ATM IV,,,,,,,,,,,30.73,29.21
INDUSINDBK,PRICE,886.85,901.4,,,,891.6,890.52,888.08,938.85,921.08,897.15,893.6
INDUSINDBK,VWAP,,,,,,,,,,,897.02,895.7
INDUSINDBK,CASH VOL,1761249,2428835,668146,52.0,55.47,,,,,,122197,182057
INDUSINDBK,F&O VOL,13374,16351,,,,,,,,,526,1174
INDUSINDBK,F&O OI,76613,75942,,,,,,,,,76578,76698
INDUSINDBK,CALL VOL,3754,5834,,,,,,,,,248,551
INDUSINDBK,CALL OI,3784,3433,,,,,,,,,4289,3857
INDUSINDBK,PUT VOL,4012,3780,,,,,,,,,101,260
INDUSINDBK,PUT OI,4477,4128,,,,,,,,,5217,4498
INDUSINDBK,CALL SPRD,,,,,,,,,,,1.94,1.15
INDUSINDBK,PUT SPRD,,,,,,,,,,,1.39,1.34
INDUSINDBK,CALL OI FIX,3784,,,,,,,,,,3774,3857
INDUSINDBK,PUT OI FIX,4477,,,,,,,,,,4488,4498
INDUSINDBK,CALL DOI,,,,,,,,,,,1365581,1234732
INDUSINDBK,PUT DOI,,,,,,,,,,,-1823460,-1499581
INDUSINDBK,CALL GEX,,,,,,,,,,,147849,141744
INDUSINDBK,PUT GEX,,,,,,,,,,,162053,150756
INDUSINDBK,GEX STRIKE,,,,,,,,,,,900.0,900.0
INDUSINDBK,EXPIRY,,,,,,,,,,,2026-10-27,2026-10-27
INDUSINDBK,ATM IV,,,,,,,,,,,32.23,30.27
INDUSTOWER,PRICE,376.25,373.2,,,,381.4,377.35,376.62,380.88,376.73,378.8,378.15
INDUSTOWER,VWAP,,,,,,,,,,,378.73,378.46
INDUSTOWER,CASH VOL,9498411,6712752,1625886,55.45,60.42,,,,,,211402,347456
INDUSTOWER,F&O VOL,28945,14500,,,,,,,,,381,994
INDUSTOWER,F&O OI,65187,67138,,,,,,,,,65201,65265
INDUSTOWER,CALL VOL,13242,7812,,,,,,,,,254,597
INDUSTOWER,CALL OI,7082,7072,,,,,,,,,7093,7086
INDUSTOWER,PUT VOL,4616,1904,,,,,,,,,37,142
INDUSTOWER,PUT OI,2095,1695,,,,,,,,,2107,2132
INDUSTOWER,CALL SPRD,,,,,,,,,,,2.09,1.58
INDUSTOWER,PUT SPRD,,,,,,,,,,,2.9,1.92
INDUSTOWER,CALL OI FIX,6918,,,,,,,,,,6930,6925
INDUSTOWER,PUT OI FIX,2571,,,,,,,,,,2583,2608
INDUSTOWER,CALL DOI,,,,,,,,,,,5721675,5623693
INDUSTOWER,PUT DOI,,,,,,,,,,,-1352214,-1386004
INDUSTOWER,CALL GEX,,,,,,,,,,,706338,725312
INDUSTOWER,PUT GEX,,,,,,,,,,,155433,174266
INDUSTOWER,GEX STRIKE,,,,,,,,,,,380.0,380.0
INDUSTOWER,EXPIRY,,,,,,,,,,,2026-10-27,2026-10-27
INDUSTOWER,ATM IV,,,,,,,,,,,26.8,26.96
INFY,PRICE,1035.0,994.1,,,,1050.0,1029.03,1017.08,1016.3,1005.57,1024.35,1022.3
INFY,VWAP,,,,,,,,,,,1030.95,1027.0
INFY,CASH VOL,15166446,13508984,6285316,51.96,55.54,,,,,,2499914,3138165
INFY,F&O VOL,268503,172473,,,,,,,,,33336,52379
INFY,F&O OI,306784,290680,,,,,,,,,312177,312337
INFY,CALL VOL,117667,80663,,,,,,,,,14224,20342
INFY,CALL OI,45322,40475,,,,,,,,,47234,47867
INFY,PUT VOL,63357,43657,,,,,,,,,9077,13560
INFY,PUT OI,38016,35238,,,,,,,,,38612,38525
INFY,CALL SPRD,,,,,,,,,,,0.83,0.5
INFY,PUT SPRD,,,,,,,,,,,0.44,0.55
INFY,CALL OI FIX,46442,,,,,,,,,,48528,49130
INFY,PUT OI FIX,35571,,,,,,,,,,36259,36147
INFY,CALL DOI,,,,,,,,,,,8731825,8673595
INFY,PUT DOI,,,,,,,,,,,-5844719,-5931926
INFY,CALL GEX,,,,,,,,,,,753568,773116
INFY,PUT GEX,,,,,,,,,,,537557,530524
INFY,GEX STRIKE,,,,,,,,,,,1000.0,1040.0
INFY,EXPIRY,,,,,,,,,,,2026-10-27,2026-10-27
INFY,ATM IV,,,,,,,,,,,38.01,38.26
INOXWIND,PRICE,68.75,69.51,,,,69.0,68.7,68.6,75.85,75.12,69.2,69.29
INOXWIND,VWAP,,,,,,,,,,,69.32,69.25
INOXWIND,CASH VOL,9972133,9235114,1895050,39.0,43.26,,,,,,336789,606103
INOXWIND,F&O VOL,5599,6122,,,,,,,,,98,223
INOXWIND,F&O OI,24673,24182,,,,,,,,,24665,24681
INOXWIND,CALL VOL,1684,1249,,,,,,,,,54,81
INOXWIND,CALL OI,1421,986,,,,,,,,,1413,1423
INOXWIND,PUT VOL,732,780,,,,,,,,,11,37
INOXWIND,PUT OI,1032,882,,,,,,,,,1032,1032
INOXWIND,CALL SPRD,,,,,,,,,,,175.55,175.55
INOXWIND,PUT SPRD,,,,,,,,,,,,184.71
INOXWIND,CALL OI FIX,1421,,,,,,,,,,1413,1423
INOXWIND,PUT OI FIX,1032,,,,,,,,,,1032,1032
INOXWIND,CALL DOI,,,,,,,,,,,4464789,4443948
INOXWIND,PUT DOI,,,,,,,,,,,-3080493,-3039271
INOXWIND,CALL GEX,,,,,,,,,,,342452,368565
INOXWIND,PUT GEX,,,,,,,,,,,240127,238533
INOXWIND,GEX STRIKE,,,,,,,,,,,70.0,70.0
INOXWIND,EXPIRY,,,,,,,,,,,2026-10-27,2026-10-27
INOXWIND,ATM IV,,,,,,,,,,,43.1,43.1
IOC,PRICE,131.34,134.93,,,,132.48,132.65,131.78,137.31,136.24,133.83,133.64
IOC,VWAP,,,,,,,,,,,133.51,133.71
IOC,CASH VOL,12239747,9545086,2368259,51.62,52.63,,,,,,1078279,1639173
IOC,F&O VOL,11366,13221,,,,,,,,,568,1822
IOC,F&O OI,39795,38931,,,,,,,,,39754,39761
IOC,CALL VOL,2979,2933,,,,,,,,,327,592
IOC,CALL OI,2011,1795,,,,,,,,,1967,1960
IOC,PUT VOL,2649,3076,,,,,,,,,168,541
IOC,PUT OI,2268,2103,,,,,,,,,2321,2361
IOC,CALL SPRD,,,,,,,,,,,3.73,1.54
IOC,PUT SPRD,,,,,,,,,,,23.42,57.32
IOC,CALL OI FIX,1640,,,,,,,,,,1619,1619
IOC,PUT OI FIX,2351,,,,,,,,,,2404,2447
IOC,CALL DOI,,,,,,,,,,,5188468,5094787
IOC,PUT DOI,,,,,,,,,,,-4749100,-4877783
IOC,CALL GEX,,,,,,,,,,,658648,689994
IOC,PUT GEX,,,,,,,,,,,609105,625010
IOC,GEX STRIKE,,,,,,,,,,,135.0,135.0
IOC,EXPIRY,,,,,,,,,,,2026-10-27,2026-10-27
IOC,ATM IV,,,,,,,,,,,27.32,26.76
IREDA,PRICE,111.0,111.68,,,,111.68,110.73,110.19,112.74,111.8,111.3,111.2
IREDA,VWAP,,,,,,,,,,,111.41,111.26
IREDA,CASH VOL,5290233,3872732,1465958,41.04,33.56,,,,,,379012,565334
IREDA,F&O VOL,8699,10847,,,,,,,,,329,620
IREDA,F&O OI,31643,30801,,,,,,,,,31562,31552
IREDA,CALL VOL,3107,4169,,,,,,,,,152,292
IREDA,CALL OI,3434,3373,,,,,,,,,3376,3382
IREDA,PUT VOL,822,859,,,,,,,,,3,16
IREDA,PUT OI,2136,2028,,,,,,,,,2137,2134
IREDA,CALL SPRD,,,,,,,,,,,44.97,3.1
IREDA,PUT SPRD,,,,,,,,,,,21.64,193.68
IREDA,CALL OI FIX,3434,,,,,,,,,,3376,3382
IREDA,PUT OI FIX,2136,,,,,,,,,,2137,2134
IREDA,CALL DOI,,,,,,,,,,,7551054,7490293
IREDA,PUT DOI,,,,,,,,,,,-4178793,-4217048
IREDA,CALL GEX,,,,,,,,,,,1036157,1040234
IREDA,PUT GEX,,,,,,,,,,,279705,282596
IREDA,GEX STRIKE,,,,,,,,,,,110.0,110.0
IREDA,EXPIRY,,,,,,,,,,,2026-10-27,2026-10-27
IREDA,ATM IV,,,,,,,,,,,38.53,41.33
IRFC,PRICE,77.06,79.28,,,,78.0,77.72,77.28,80.18,80.03,77.61,77.53
IRFC,VWAP,,,,,,,,,,,77.72,77.54
IRFC,CASH VOL,12764829,38110222,3386593,36.45,21.71,,,,,,696517,1207396
IRFC,F&O VOL,14764,41470,,,,,,,,,414,1112
IRFC,F&O OI,37050,35226,,,,,,,,,37098,37247
IRFC,CALL VOL,6058,17237,,,,,,,,,217,626
IRFC,CALL OI,5464,4810,,,,,,,,,5495,5590
IRFC,PUT VOL,2265,6449,,,,,,,,,29,91
IRFC,PUT OI,4290,4387,,,,,,,,,4290,4285
IRFC,CALL SPRD,,,,,,,,,,,2.27,1.77
IRFC,PUT SPRD,,,,,,,,,,,2.37,1.46
IRFC,CALL OI FIX,5264,,,,,,,,,,5290,5391
IRFC,PUT OI FIX,4589,,,,,,,,,,4590,4593
IRFC,CALL DOI,,,,,,,,,,,11808668,11875393
IRFC,PUT DOI,,,,,,,,,,,-10154649,-10141113
IRFC,CALL GEX,,,,,,,,,,,1751651,1784956
IRFC,PUT GEX,,,,,,,,,,,725742,773763
IRFC,GEX STRIKE,,,,,,,,,,,80.0,80.0
IRFC,EXPIRY,,,,,,,,,,,2026-10-27,2026-10-27
IRFC,ATM IV,,,,,,,,,,,34.7,34.94
ITC,PRICE,255.9,262.75,,,,260.95,258.68,256.82,268.63,267.9,260.7,262.6
ITC,VWAP,,,,,,,,,,,260.63,261.2
ITC,CASH VOL,16447266,14079098,5749868,60.19,64.42,,,,,,1155681,1978400
ITC,F&O VOL,75823,65526,,,,,,,,,5376,13196
ITC,F&O OI,148842,141585,,,,,,,,,148647,148222
ITC,CALL VOL,36698,26790,,,,,,,,,3344,8029
ITC,CALL OI,20944,16989,,,,,,,,,17308,20224
ITC,PUT VOL,14908,18171,,,,,,,,,1214,2455
ITC,PUT OI,16125,15514,,,,,,,,,15461,16362
ITC,CALL SPRD,,,,,,,,,,,1.61,1.74
ITC,PUT SPRD,,,,,,,,,,,2.44,2.22
ITC,CALL OI FIX,11149,,,,,,,,,,10834,10478
ITC,PUT OI FIX,12506,,,,,,,,,,12574,12729
ITC,CALL DOI,,,,,,,,,,,13038643,15432776
ITC,PUT DOI,,,,,,,,,,,-12656268,-12426133
ITC,CALL GEX,,,,,,,,,,,2232017,2514274
ITC,PUT GEX,,,,,,,,,,,1767658,1942865
ITC,GEX STRIKE,,,,,,,,,,,270.0,270.0
ITC,EXPIRY,,,,,,,,,,,2026-10-27,2026-10-27
ITC,ATM IV,,,,,,,,,,,20.11,19.46
JINDALSTEL,PRICE,1100.5,1134.9,,,,1101.1,1105.85,1102.28,1162.93,1159.2,1112.2,1108.6
JINDALSTEL,VWAP,,,,,,,,,,,1108.83,1109.41
JINDALSTEL,CASH VOL,862948,1535849,338057,42.8,56.06,,,,,,18822,36575
JINDALSTEL,F&O VOL,21892,10379,,,,,,,,,289,1410
JINDALSTEL,F&O OI,35181,33115,,,,,,,,,35161,35358
JINDALSTEL,CALL VOL,8920,3465,,,,,,,,,192,915
JINDALSTEL,CALL OI,4774,2952,,,,,,,,,5036,5004
JINDALSTEL,PUT VOL,8143,3185,,,,,,,,,59,277
JINDALSTEL,PUT OI,4972,4173,,,,,,,,,4819,4958
JINDALSTEL,CALL SPRD,,,,,,,,,,,1.73,2.06
JINDALSTEL,PUT SPRD,,,,,,,,,,,3.48,2.97
JINDALSTEL,CALL OI FIX,4774,,,,,,,,,,4760,5004
JINDALSTEL,PUT OI FIX,4972,,,,,,,,,,4973,4958
JINDALSTEL,CALL DOI,,,,,,,,,,,1037902,1008987
JINDALSTEL,PUT DOI,,,,,,,,,,,-1429243,-1473101
JINDALSTEL,CALL GEX,,,,,,,,,,,157454,168076
JINDALSTEL,PUT GEX,,,,,,,,,,,145212,151730
JINDALSTEL,GEX STRIKE,,,,,,,,,,,1140.0,1140.0
JINDALSTEL,EXPIRY,,,,,,,,,,,2026-10-27,2026-10-27
JINDALSTEL,ATM IV,,,,,,,,,,,27.95,26.59
JIOFIN,PRICE,212.5,216.88,,,,213.85,212.45,212.35,229.72,227.91,212.67,212.93
JIOFIN,VWAP,,,,,,,,,,,213.01,212.75
JIOFIN,CASH VOL,28082023,14305215,4759373,41.21,47.51,,,,,,1492233,2534034
JIOFIN,F&O VOL,76238,52978,,,,,,,,,2247,5512
JIOFIN,F&O OI,165083,157428,,,,,,,,,165442,165604
JIOFIN,CALL VOL,22717,11692,,,,,,,,,886,1754
JIOFIN,CALL OI,12461,9010,,,,,,,,,12465,12570
JIOFIN,PUT VOL,18818,13101,,,,,,,,,432,1211
JIOFIN,PUT OI,14867,14206,,,,,,,,,14912,14905
JIOFIN,CALL SPRD,,,,,,,,,,,1.13,0.71
JIOFIN,PUT SPRD,,,,,,,,,,,1.07,1.06
JIOFIN,CALL OI FIX,12461,,,,,,,,,,12465,12570
JIOFIN,PUT OI FIX,14867,,,,,,,,,,14912,14905
JIOFIN,CALL DOI,,,,,,,,,,,12200250,12438182
JIOFIN,PUT DOI,,,,,,,,,,,-17867205,-17536515
JIOFIN,CALL GEX,,,,,,,,,,,1448277,1450752
JIOFIN,PUT GEX,,,,,,,,,,,1635051,1610705
JIOFIN,GEX STRIKE,,,,,,,,,,,220.0,220.0
JIOFIN,EXPIRY,,,,,,,,,,,2026-10-27,2026-10-27
JIOFIN,ATM IV,,,,,,,,,,,30.3,30.7
JSWENERGY,PRICE,485.0,494.7,,,,485.85,484.68,484.05,514.5,509.2,490.0,489.05
JSWENERGY,VWAP,,,,,,,,,,,489.22,489.27
JSWENERGY,CASH VOL,1851516,1797485,616642,54.74,54.71,,,,,,51672,88937
JSWENERGY,F&O VOL,5574,5488,,,,,,,,,102,201
JSWENERGY,F&O OI,32469,31638,,,,,,,,,32469,32470
JSWENERGY,CALL VOL,2514,2039,,,,,,,,,70,133
JSWENERGY,CALL OI,2236,1556,,,,,,,,,2231,2247
JSWENERGY,PUT VOL,1250,1175,,,,,,,,,2,4
JSWENERGY,PUT OI,1812,1702,,,,,,,,,1812,1812
JSWENERGY,CALL SPRD,,,,,,,,,,,2.16,3.15
JSWENERGY,PUT SPRD,,,,,,,,,,,9.98,11.17
JSWENERGY,CALL OI FIX,2082,,,,,,,,,,2077,2093
JSWENERGY,PUT OI FIX,1867,,,,,,,,,,1867,1867
JSWENERGY,CALL DOI,,,,,,,,,,,906785,886586
JSWENERGY,PUT DOI,,,,,,,,,,,-885597,-896939
JSWENERGY,CALL GEX,,,,,,,,,,,111132,112151
JSWENERGY,PUT GEX,,,,,,,,,,,83229,85362
JSWENERGY,GEX STRIKE,,,,,,,,,,,500.0,500.0
JSWENERGY,EXPIRY,,,,,,,,,,,2026-10-27,2026-10-27
JSWENERGY,ATM IV,,,,,,,,,,,32.13,31.95
JSWSTEEL,PRICE,1233.0,1253.4,,,,1233.0,1235.6,1233.87,1284.2,1279.4,1248.7,1244.4
JSWSTEEL,VWAP,,,,,,,,,,,1244.7,1245.0
JSWSTEEL,CASH VOL,3158301,1329600,962593,58.44,64.39,,,,,,51088,74651
JSWSTEEL,F&O VOL,29004,9128,,,,,,,,,533,1304
JSWSTEEL,F&O OI,72423,71345,,,,,,,,,72366,72239
JSWSTEEL,CALL VOL,6195,2045,,,,,,,,,232,402
JSWSTEEL,CALL OI,2706,1351,,,,,,,,,3445,2614
JSWSTEEL,PUT VOL,7899,1805,,,,,,,,,179,347
JSWSTEEL,PUT OI,3814,2640,,,,,,,,,4557,3806
JSWSTEEL,CALL SPRD,,,,,,,,,,,2.3,1.29
JSWSTEEL,PUT SPRD,,,,,,,,,,,2.54,1.5
JSWSTEEL,CALL OI FIX,2672,,,,,,,,,,2642,2580
JSWSTEEL,PUT OI FIX,3936,,,,,,,,,,3942,3928
JSWSTEEL,CALL DOI,,,,,,,,,,,1008095,786101
JSWSTEEL,PUT DOI,,,,,,,,,,,-1415786,-1120454
JSWSTEEL,CALL GEX,,,,,,,,,,,144682,114618
JSWSTEEL,PUT GEX,,,,,,,,,,,170327,143495
JSWSTEEL,GEX STRIKE,,,,,,,,,,,1280.0,1280.0
JSWSTEEL,EXPIRY,,,,,,,,,,,2026-10-27,2026-10-27
JSWSTEEL,ATM IV,,,,,,,,,,,25.41,24.96
JUBLFOOD,PRICE,443.4,456.7,,,,442.8,445.8,444.2,485.0,484.7,440.8,442.75
JUBLFOOD,VWAP,,,,,,,,,,,441.97,441.09
JUBLFOOD,CASH VOL,1560787,797358,641785,46.12,43.16,,,,,,40516,87974
JUBLFOOD,F&O VOL,9048,6808,,,,,,,,,158,476
JUBLFOOD,F&O OI,23749,22614,,,,,,,,,23758,23813
JUBLFOOD,CALL VOL,2596,1372,,,,,,,,,51,185
JUBLFOOD,CALL OI,1332,770,,,,,,,,,1171,1370
JUBLFOOD,PUT VOL,2206,1276,,,,,,,,,46,106
JUBLFOOD,PUT OI,1203,1061,,,,,,,,,1204,1222
JUBLFOOD,CALL SPRD,,,,,,,,,,,2.61,2.2
JUBLFOOD,PUT SPRD,,,,,,,,,,,2.82,1.62
JUBLFOOD,CALL OI FIX,1332,,,,,,,,,,1356,1370
JUBLFOOD,PUT OI FIX,1203,,,,,,,,,,1206,1222
JUBLFOOD,CALL DOI,,,,,,,,,,,611175,717979
JUBLFOOD,PUT DOI,,,,,,,,,,,-604848,-648026
JUBLFOOD,CALL GEX,,,,,,,,,,,73922,82148
JUBLFOOD,PUT GEX,,,,,,,,,,,54097,57061
JUBLFOOD,GEX STRIKE,,,,,,,,,,,450.0,450.0
JUBLFOOD,EXPIRY,,,,,,,,,,,2026-10-27,2026-10-27
JUBLFOOD,ATM IV,,,,,,,,,,,32.94,34.2
KALYANKJIL,PRICE,528.5,553.15,,,,534.9,539.02,532.01,578.67,574.89,539.45,546.35
KALYANKJIL,VWAP,,,,,,,,,,,536.18,541.65
KALYANKJIL,CASH VOL,7831270,5559899,1667213,31.1,41.1,,,,,,448438,1132745
KALYANKJIL,F&O VOL,47538,25407,,,,,,,,,2450,7462
KALYANKJIL,F&O OI,36888,32694,,,,,,,,,37089,37221
KALYANKJIL,CALL VOL,16083,7687,,,,,,,,,1285,3918
KALYANKJIL,CALL OI,6776,4450,,,,,,,,,4842,6798
KALYANKJIL,PUT VOL,16192,9067,,,,,,,,,774,1418
KALYANKJIL,PUT OI,6257,5526,,,,,,,,,5986,6302
KALYANKJIL,CALL SPRD,,,,,,,,,,,1.2,0.83
KALYANKJIL,PUT SPRD,,,,,,,,,,,1.72,1.81
KALYANKJIL,CALL OI FIX,4484,,,,,,,,,,4541,4524
KALYANKJIL,PUT OI FIX,6094,,,,,,,,,,6195,6187
KALYANKJIL,CALL DOI,,,,,,,,,,,2847969,3623788
KALYANKJIL,PUT DOI,,,,,,,,,,,-3314462,-3776745
KALYANKJIL,CALL GEX,,,,,,,,,,,214909,280659
KALYANKJIL,PUT GEX,,,,,,,,,,,231096,265913
KALYANKJIL,GEX STRIKE,,,,,,,,,,,580.0,600.0
KALYANKJIL,EXPIRY,,,,,,,,,,,2026-10-27,2026-10-27
KALYANKJIL,ATM IV,,,,,,,,,,,45.77,44.81
KAYNES,PRICE,3399.0,3501.0,,,,3433.0,3443.4,3413.8,3612.22,3536.65,3430.3,3423.7
KAYNES,VWAP,,,,,,,,,,,3433.87,3424.26
KAYNES,CASH VOL,964281,720015,230268,24.82,25.29,,,,,,40539,83523
KAYNES,F&O VOL,18733,17408,,,,,,,,,578,1262
KAYNES,F&O OI,38647,36263,,,,,,,,,38750,38785
KAYNES,CALL VOL,5917,6737,,,,,,,,,316,600
KAYNES,CALL OI,3847,3319,,,,,,,,,4533,3870
KAYNES,PUT VOL,3219,2880,,,,,,,,,126,225
KAYNES,PUT OI,4226,3965,,,,,,,,,4406,4284
KAYNES,CALL SPRD,,,,,,,,,,,3.49,2.16
KAYNES,PUT SPRD,,,,,,,,,,,6.7,1.92
KAYNES,CALL OI FIX,3847,,,,,,,,,,3881,3870
KAYNES,PUT OI FIX,4226,,,,,,,,,,4271,4284
KAYNES,CALL DOI,,,,,,,,,,,260883,226554
KAYNES,PUT DOI,,,,,,,,,,,-299985,-288964
KAYNES,CALL GEX,,,,,,,,,,,25061,22826
KAYNES,PUT GEX,,,,,,,,,,,16348,15967
KAYNES,GEX STRIKE,,,,,,,,,,,3600.0,3600.0
KAYNES,EXPIRY,,,,,,,,,,,2026-10-27,2026-10-27
KAYNES,ATM IV,,,,,,,,,,,52.12,47.85
KEI,PRICE,4502.0,4455.0,,,,4539.0,4498.37,4491.1,4667.0,4654.0,4615.0,4641.8
KEI,VWAP,,,,,,,,,,,4591.53,4618.6
KEI,CASH VOL,320912,182773,57313,43.82,47.5,,,,,,17302,51182
KEI,F&O VOL,8961,7580,,,,,,,,,732,3092
KEI,F&O OI,20526,20622,,,,,,,,,20493,20659
KEI,CALL VOL,4369,3799,,,,,,,,,508,2004
KEI,CALL OI,3669,3573,,,,,,,,,3633,3728
KEI,PUT VOL,2148,2028,,,,,,,,,70,438
KEI,PUT OI,3585,3403,,,,,,,,,3595,3596
KEI,CALL SPRD,,,,,,,,,,,1.8,0.74
KEI,PUT SPRD,,,,,,,,,,,25.39,1.83
KEI,CALL OI FIX,3669,,,,,,,,,,3633,3728
KEI,PUT OI FIX,3747,,,,,,,,,,3757,3758
KEI,CALL DOI,,,,,,,,,,,275267,301709
KEI,PUT DOI,,,,,,,,,,,-211595,-196236
KEI,CALL GEX,,,,,,,,,,,30722,30034
KEI,PUT GEX,,,,,,,,,,,21840,21663
KEI,GEX STRIKE,,,,,,,,,,,4700.0,4700.0
KEI,EXPIRY,,,,,,,,,,,2026-10-27,2026-10-27
KEI,ATM IV,,,,,,,,,,,34.9,33.46
KFINTECH,PRICE,832.0,840.0,,,,836.15,832.6,832.2,902.65,893.42,844.9,850.1
KFINTECH,VWAP,,,,,,,,,,,843.97,845.93
KFINTECH,CASH VOL,857914,489013,166094,45.86,36.78,,,,,,30278,61387
KFINTECH,F&O VOL,3900,3974,,,,,,,,,109,292
KFINTECH,F&O OI,13449,12832,,,,,,,,,13451,13424
KFINTECH,CALL VOL,1362,1473,,,,,,,,,52,175
KFINTECH,CALL OI,1588,1452,,,,,,,,,1482,1547
KFINTECH,PUT VOL,906,1086,,,,,,,,,39,86
KFINTECH,PUT OI,1662,1608,,,,,,,,,1669,1661
KFINTECH,CALL SPRD,,,,,,,,,,,2.34,2.44
KFINTECH,PUT SPRD,,,,,,,,,,,6.1,2.75
KFINTECH,CALL OI FIX,1488,,,,,,,,,,1482,1450
KFINTECH,PUT OI FIX,1672,,,,,,,,,,1669,1671
KFINTECH,CALL DOI,,,,,,,,,,,290683,312097
KFINTECH,PUT DOI,,,,,,,,,,,-366048,-354855
KFINTECH,CALL GEX,,,,,,,,,,,39691,41049
KFINTECH,PUT GEX,,,,,,,,,,,25062,26419
KFINTECH,GEX STRIKE,,,,,,,,,,,900.0,900.0
KFINTECH,EXPIRY,,,,,,,,,,,2026-10-27,2026-10-27
KFINTECH,ATM IV,,,,,,,,,,,38.25,35.95
KOTAKBANK,PRICE,418.35,417.0,,,,418.0,425.83,420.84,408.55,405.52,420.85,422.1
KOTAKBANK,VWAP,,,,,,,,,,,420.38,421.12
KOTAKBANK,CASH VOL,76637247,32537029,9716175,58.17,76.63,,,,,,1067445,1586326
KOTAKBANK,F&O VOL,190714,71287,,,,,,,,,3195,6305
KOTAKBANK,F&O OI,122843,113158,,,,,,,,,123058,123554
KOTAKBANK,CALL VOL,77339,34961,,,,,,,,,1891,3303
KOTAKBANK,CALL OI,20237,15533,,,,,,,,,20280,20346
KOTAKBANK,PUT VOL,53712,13570,,,,,,,,,920,1588
KOTAKBANK,PUT OI,9491,5864,,,,,,,,,9528,9665
KOTAKBANK,CALL SPRD,,,,,,,,,,,0.9,1.29
KOTAKBANK,PUT SPRD,,,,,,,,,,,0.55,1.18
KOTAKBANK,CALL OI FIX,20237,,,,,,,,,,20280,20346
KOTAKBANK,PUT OI FIX,9491,,,,,,,,,,9528,9665
KOTAKBANK,CALL DOI,,,,,,,,,,,22170387,22655884
KOTAKBANK,PUT DOI,,,,,,,,,,,-7620340,-7340739
KOTAKBANK,CALL GEX,,,,,,,,,,,2522959,2398724
KOTAKBANK,PUT GEX,,,,,,,,,,,1023534,1063231
KOTAKBANK,GEX STRIKE,,,,,,,,,,,410.0,410.0
KOTAKBANK,EXPIRY,,,,,,,,,,,2026-10-27,2026-10-27
KOTAKBANK,ATM IV,,,,,,,,,,,24.32,24.37
KPITTECH,PRICE,492.0,499.1,,,,499.85,496.95,493.65,523.85,520.88,498.05,502.85
KPITTECH,VWAP,,,,,,,,,,,499.15,499.37
KPITTECH,CASH VOL,1989750,1625467,549275,28.42,32.2,,,,,,163136,245866
KPITTECH,F&O VOL,13837,12152,,,,,,,,,2171,2948
KPITTECH,F&O OI,25428,24210,,,,,,,,,25531,25294
KPITTECH,CALL VOL,7170,5383,,,,,,,,,1494,2018
KPITTECH,CALL OI,4301,3275,,,,,,,,,4231,4222
KPITTECH,PUT VOL,2788,2553,,,,,,,,,317,431
KPITTECH,PUT OI,2952,2761,,,,,,,,,2961,2972
KPITTECH,CALL SPRD,,,,,,,,,,,1.81,0.92
KPITTECH,PUT SPRD,,,,,,,,,,,1.73,1.45
KPITTECH,CALL OI FIX,3473,,,,,,,,,,3387,3376
KPITTECH,PUT OI FIX,2880,,,,,,,,,,2889,2898
KPITTECH,CALL DOI,,,,,,,,,,,1182234,1287641
KPITTECH,PUT DOI,,,,,,,,,,,-1103815,-1051582
KPITTECH,CALL GEX,,,,,,,,,,,117065,120676
KPITTECH,PUT GEX,,,,,,,,,,,69923,73736
KPITTECH,GEX STRIKE,,,,,,,,,,,520.0,520.0
KPITTECH,EXPIRY,,,,,,,,,,,2026-10-27,2026-10-27
KPITTECH,ATM IV,,,,,,,,,,,40.47,39.98
LAURUSLABS,PRICE,1984.0,1980.0,,,,1994.0,1982.5,1979.5,2017.25,2010.42,1978.1,1968.9
LAURUSLABS,VWAP,,,,,,,,,,,1987.07,1979.36
LAURUSLABS,CASH VOL,1459687,1397926,338587,46.24,53.35,,,,,,144686,262403
LAURUSLABS,F&O VOL,25981,26003,,,,,,,,,633,1756
LAURUSLABS,F&O OI,39595,37542,,,,,,,,,39691,39889
LAURUSLABS,CALL VOL,8233,6845,,,,,,,,,230,546
LAURUSLABS,CALL OI,5256,4864,,,,,,,,,5499,5361
LAURUSLABS,PUT VOL,6318,7554,,,,,,,,,160,445
LAURUSLABS,PUT OI,3735,3456,,,,,,,,,3744,3781
LAURUSLABS,CALL SPRD,,,,,,,,,,,1.01,1.51
LAURUSLABS,PUT SPRD,,,,,,,,,,,1.69,1.66
LAURUSLABS,CALL OI FIX,5482,,,,,,,,,,5499,5586
LAURUSLABS,PUT OI FIX,3729,,,,,,,,,,3744,3758
LAURUSLABS,CALL DOI,,,,,,,,,,,2331737,2198094
LAURUSLABS,PUT DOI,,,,,,,,,,,-1310571,-1336572
LAURUSLABS,CALL GEX,,,,,,,,,,,227911,221205
LAURUSLABS,PUT GEX,,,,,,,,,,,126219,129524
LAURUSLABS,GEX STRIKE,,,,,,,,,,,2000.0,2000.0
LAURUSLABS,EXPIRY,,,,,,,,,,,2026-10-27,2026-10-27
LAURUSLABS,ATM IV,,,,,,,,,,,34.94,34.33
LICHSGFIN,PRICE,509.0,530.2,,,,513.5,515.48,511.16,567.65,566.55,513.15,511.15
LICHSGFIN,VWAP,,,,,,,,,,,513.62,512.16
LICHSGFIN,CASH VOL,5986497,5474497,1071183,47.67,45.34,,,,,,112535,185575
LICHSGFIN,F&O VOL,30391,34454,,,,,,,,,402,1217
LICHSGFIN,F&O OI,51214,45813,,,,,,,,,51240,51304
LICHSGFIN,CALL VOL,6171,3659,,,,,,,,,171,286
LICHSGFIN,CALL OI,1789,1095,,,,,,,,,2277,1803
LICHSGFIN,PUT VOL,8946,7040,,,,,,,,,120,260
LICHSGFIN,PUT OI,3156,1574,,,,,,,,,3748,3201
LICHSGFIN,CALL SPRD,,,,,,,,,,,4.43,1.41
LICHSGFIN,PUT SPRD,,,,,,,,,,,3.87,1.48
LICHSGFIN,CALL OI FIX,1789,,,,,,,,,,1778,1803
LICHSGFIN,PUT OI FIX,3156,,,,,,,,,,3176,3201
LICHSGFIN,CALL DOI,,,,,,,,,,,983035,819613
LICHSGFIN,PUT DOI,,,,,,,,,,,-1612326,-1275960
LICHSGFIN,CALL GEX,,,,,,,,,,,116361,90528
LICHSGFIN,PUT GEX,,,,,,,,,,,167309,151622
LICHSGFIN,GEX STRIKE,,,,,,,,,,,500.0,500.0
LICHSGFIN,EXPIRY,,,,,,,,,,,2026-10-27,2026-10-27
LICHSGFIN,ATM IV,,,,,,,,,,,32.64,31.3
LICI,PRICE,391.85,395.2,,,,392.5,391.69,391.38,408.75,408.15,393.15,392.8
LICI,VWAP,,,,,,,,,,,393.47,393.3
LICI,CASH VOL,5862855,6311852,2265478,52.54,62.44,,,,,,296227,428067
LICI,F&O VOL,15077,13364,,,,,,,,,220,515
LICI,F&O OI,48676,47707,,,,,,,,,48673,48688
LICI,CALL VOL,6604,5633,,,,,,,,,98,261
LICI,CALL OI,6863,6664,,,,,,,,,6853,6855
LICI,PUT VOL,3330,2836,,,,,,,,,47,101
LICI,PUT OI,5477,4835,,,,,,,,,5485,5508
LICI,CALL SPRD,,,,,,,,,,,2.16,2.27
LICI,PUT SPRD,,,,,,,,,,,4.99,2.15
LICI,CALL OI FIX,4871,,,,,,,,,,4865,4874
LICI,PUT OI FIX,5287,,,,,,,,,,5295,5333
LICI,CALL DOI,,,,,,,,,,,3145338,3067394
LICI,PUT DOI,,,,,,,,,,,-3533083,-3581488
LICI,CALL GEX,,,,,,,,,,,553270,556245
LICI,PUT GEX,,,,,,,,,,,424090,430079
LICI,GEX STRIKE,,,,,,,,,,,400.0,400.0
LICI,EXPIRY,,,,,,,,,,,2026-10-27,2026-10-27
LICI,ATM IV,,,,,,,,,,,25.66,23.46
LODHA,PRICE,1105.6,1135.0,,,,1102.6,1106.15,1105.78,1162.1,1156.3,1114.9,1120.0
LODHA,VWAP,,,,,,,,,,,1119.1,1117.37
LODHA,CASH VOL,2249380,1779057,485948,54.2,45.3,,,,,,72802,162479
LODHA,F&O VOL,11973,12639,,,,,,,,,263,686
LODHA,F&O OI,15609,15089,,,,,,,,,15618,15611
LODHA,CALL VOL,3831,4302,,,,,,,,,148,382
LODHA,CALL OI,1994,1489,,,,,,,,,1992,1971
LODHA,PUT VOL,4061,2976,,,,,,,,,68,151
LODHA,PUT OI,1623,1504,,,,,,,,,1620,1627
LODHA,CALL SPRD,,,,,,,,,,,2.03,0.95
LODHA,PUT SPRD,,,,,,,,,,,1.62,0.77
LODHA,CALL OI FIX,1949,,,,,,,,,,1947,1926
LODHA,PUT OI FIX,1788,,,,,,,,,,1786,1794
LODHA,CALL DOI,,,,,,,,,,,553502,566380
LODHA,PUT DOI,,,,,,,,,,,-421292,-401748
LODHA,CALL GEX,,,,,,,,,,,51566,49174
LODHA,PUT GEX,,,,,,,,,,,37377,37961
LODHA,GEX STRIKE,,,,,,,,,,,1100.0,1100.0
LODHA,EXPIRY,,,,,,,,,,,2026-10-27,2026-10-27
LODHA,ATM IV,,,,,,,,,,,38.38,37.84
LT,PRICE,3693.4,3760.0,,,,3717.0,3696.6,3694.47,3893.7,3882.03,3732.8,3739.2
LT,VWAP,,,,,,,,,,,3732.03,3735.18
LT,CASH VOL,2220932,2396040,786331,59.8,70.23,,,,,,66675,110410
LT,F&O VOL,60272,53226,,,,,,,,,2987,6009
LT,F&O OI,118846,114568,,,,,,,,,118572,118069
LT,CALL VOL,31476,28100,,,,,,,,,2007,3513
LT,CALL OI,19183,18113,,,,,,,,,18923,18438
LT,PUT VOL,15058,13549,,,,,,,,,716,1564
LT,PUT OI,17783,16841,,,,,,,,,17800,17817
LT,CALL SPRD,,,,,,,,,,,0.68,0.86
LT,PUT SPRD,,,,,,,,,,,1.16,0.82
LT,CALL OI FIX,13324,,,,,,,,,,13168,13160
LT,PUT OI FIX,14704,,,,,,,,,,14725,14749
LT,CALL DOI,,,,,,,,,,,1056423,1062310
LT,PUT DOI,,,,,,,,,,,-1675378,-1739148
LT,CALL GEX,,,,,,,,,,,195492,197858
LT,PUT GEX,,,,,,,,,,,174409,180932
LT,GEX STRIKE,,,,,,,,,,,3800.0,3800.0
LT,EXPIRY,,,,,,,,,,,2026-10-27,2026-10-27
LT,ATM IV,,,,,,,,,,,21.91,21.52
LTF,PRICE,264.35,265.0,,,,267.55,266.77,265.16,295.85,287.95,264.05,265.55
LTF,VWAP,,,,,,,,,,,265.25,264.64
LTF,CASH VOL,7097076,6415013,1058108,44.81,42.48,,,,,,535520,1069860
LTF,F&O VOL,22010,19378,,,,,,,,,1313,3014
LTF,F&O OI,47570,46774,,,,,,,,,48091,48597
LTF,CALL VOL,6259,5684,,,,,,,,,719,1437
LTF,CALL OI,6456,5879,,,,,,,,,6757,6983
LTF,PUT VOL,7959,5902,,,,,,,,,283,699
LTF,PUT OI,9386,8544,,,,,,,,,9459,9495
LTF,CALL SPRD,,,,,,,,,,,1.59,1.53
LTF,PUT SPRD,,,,,,,,,,,2.0,1.62
LTF,CALL OI FIX,6456,,,,,,,,,,6757,6983
LTF,PUT OI FIX,9386,,,,,,,,,,9459,9495
LTF,CALL DOI,,,,,,,,,,,4486589,5084013
LTF,PUT DOI,,,,,,,,,,,-9514721,-9073128
LTF,CALL GEX,,,,,,,,,,,564149,595570
LTF,PUT GEX,,,,,,,,,,,702384,707444
LTF,GEX STRIKE,,,,,,,,,,,280.0,280.0
LTF,EXPIRY,,,,,,,,,,,2026-10-27,2026-10-27
LTF,ATM IV,,,,,,,,,,,37.56,37.45
LTM,PRICE,4007.0,4045.0,,,,4031.0,4012.45,4008.82,4093.3,4086.43,3992.3,4019.7
LTM,VWAP,,,,,,,,,,,3986.5,3991.2
LTM,CASH VOL,479221,463734,136620,38.92,22.98,,,,,,33433,49380
LTM,F&O VOL,16187,29219,,,,,,,,,1420,2959
LTM,F&O OI,42433,42635,,,,,,,,,42697,42793
LTM,CALL VOL,6026,13165,,,,,,,,,668,1595
LTM,CALL OI,3623,3485,,,,,,,,,3732,3794
LTM,PUT VOL,2819,4521,,,,,,,,,215,420
LTM,PUT OI,3187,2906,,,,,,,,,3227,3213
LTM,CALL SPRD,,,,,,,,,,,1.87,1.3
LTM,PUT SPRD,,,,,,,,,,,2.2,1.75
LTM,CALL OI FIX,3623,,,,,,,,,,3732,3794
LTM,PUT OI FIX,3187,,,,,,,,,,3227,3213
LTM,CALL DOI,,,,,,,,,,,271450,296308
LTM,PUT DOI,,,,,,,,,,,-214998,-202281
LTM,CALL GEX,,,,,,,,,,,25443,26819
LTM,PUT GEX,,,,,,,,,,,16151,15925
LTM,GEX STRIKE,,,,,,,,,,,4000.0,4000.0
LTM,EXPIRY,,,,,,,,,,,2026-10-27,2026-10-27
LTM,ATM IV,,,,,,,,,,,40.26,39.19
LUPIN,PRICE,2031.2,2030.2,,,,2015.4,2028.85,2024.15,2106.25,2096.75,2012.0,2007.9
LUPIN,VWAP,,,,,,,,,,,2017.87,2012.72
LUPIN,CASH VOL,825892,1085192,288332,55.73,63.89,,,,,,25033,38741
LUPIN,F&O VOL,14027,19202,,,,,,,,,341,847
LUPIN,F&O OI,29036,28298,,,,,,,,,29072,29142
LUPIN,CALL VOL,4142,5144,,,,,,,,,160,348
LUPIN,CALL OI,2839,2527,,,,,,,,,3457,2910
LUPIN,PUT VOL,4963,7343,,,,,,,,,115,245
LUPIN,PUT OI,3676,3547,,,,,,,,,3798,3669
LUPIN,CALL SPRD,,,,,,,,,,,1.97,0.82
LUPIN,PUT SPRD,,,,,,,,,,,1.85,1.96
LUPIN,CALL OI FIX,3807,,,,,,,,,,3836,3904
LUPIN,PUT OI FIX,3813,,,,,,,,,,3820,3806
LUPIN,CALL DOI,,,,,,,,,,,442412,385503
LUPIN,PUT DOI,,,,,,,,,,,-948910,-901889
LUPIN,CALL GEX,,,,,,,,,,,90006,78630
LUPIN,PUT GEX,,,,,,,,,,,101008,98607
LUPIN,GEX STRIKE,,,,,,,,,,,2100.0,2100.0
LUPIN,EXPIRY,,,,,,,,,,,2026-10-27,2026-10-27
LUPIN,ATM IV,,,,,,,,,,,23.52,22.57
M&M,PRICE,2860.0,2950.0,,,,2857.5,2869.7,2863.23,3033.12,3029.35,2836.5,2833.0
M&M,VWAP,,,,,,,,,,,2845.97,2838.85
M&M,CASH VOL,5453321,2332540,1289580,58.85,61.01,,,,,,315151,454920
M&M,F&O VOL,143206,57079,,,,,,,,,3886,9346
M&M,F&O OI,112715,106520,,,,,,,,,112725,113924
M&M,CALL VOL,61294,23385,,,,,,,,,2316,5478
M&M,CALL OI,19962,12641,,,,,,,,,19819,20652
M&M,PUT VOL,49880,14424,,,,,,,,,1183,2430
M&M,PUT OI,12927,11901,,,,,,,,,12997,13170
M&M,CALL SPRD,,,,,,,,,,,0.57,1.04
M&M,PUT SPRD,,,,,,,,,,,1.11,0.88
M&M,CALL OI FIX,19962,,,,,,,,,,19819,20652
M&M,PUT OI FIX,12927,,,,,,,,,,12997,13170
M&M,CALL DOI,,,,,,,,,,,1087079,1056963
M&M,PUT DOI,,,,,,,,,,,-1522824,-1608115
M&M,CALL GEX,,,,,,,,,,,183596,197841
M&M,PUT GEX,,,,,,,,,,,119900,117922
M&M,GEX STRIKE,,,,,,,,,,,3000.0,3000.0
M&M,EXPIRY,,,,,,,,,,,2026-10-27,2026-10-27
M&M,ATM IV,,,,,,,,,,,25.91,24.54
MANAPPURAM,PRICE,308.9,315.85,,,,311.0,310.4,309.4,330.57,323.7,313.3,313.75
MANAPPURAM,VWAP,,,,,,,,,,,313.03,313.01
MANAPPURAM,CASH VOL,7653852,3430831,879108,49.09,31.88,,,,,,271649,358826
MANAPPURAM,F&O VOL,10375,8104,,,,,,,,,191,370
MANAPPURAM,F&O OI,26326,25846,,,,,,,,,26323,26369
MANAPPURAM,CALL VOL,4278,3294,,,,,,,,,98,200
MANAPPURAM,CALL OI,2214,1655,,,,,,,,,2211,2256
MANAPPURAM,PUT VOL,2240,1502,,,,,,,,,11,35
MANAPPURAM,PUT OI,1544,1336,,,,,,,,,1543,1547
MANAPPURAM,CALL SPRD,,,,,,,,,,,3.37,2.92
MANAPPURAM,PUT SPRD,,,,,,,,,,,6.65,3.09
MANAPPURAM,CALL OI FIX,2121,,,,,,,,,,2118,2163
MANAPPURAM,PUT OI FIX,1541,,,,,,,,,,1540,1544
MANAPPURAM,CALL DOI,,,,,,,,,,,2887295,2982686
MANAPPURAM,PUT DOI,,,,,,,,,,,-2045052,-1994661
MANAPPURAM,CALL GEX,,,,,,,,,,,353109,358272
MANAPPURAM,PUT GEX,,,,,,,,,,,185066,191024
MANAPPURAM,GEX STRIKE,,,,,,,,,,,320.0,320.0
MANAPPURAM,EXPIRY,,,,,,,,,,,2026-10-27,2026-10-27
MANAPPURAM,ATM IV,,,,,,,,,,,32.97,32.96
MANKIND,PRICE,2535.0,2503.8,,,,2533.1,2525.18,2505.55,2473.82,2471.65,2518.2,2523.3
MANKIND,VWAP,,,,,,,,,,,2526.7,2519.82
MANKIND,CASH VOL,427905,1311278,113799,53.59,59.04,,,,,,22876,43707
MANKIND,F&O VOL,9638,25335,,,,,,,,,374,796
MANKIND,F&O OI,17750,17405,,,,,,,,,17803,17952
MANKIND,CALL VOL,3397,9258,,,,,,,,,205,420
MANKIND,CALL OI,1924,2086,,,,,,,,,1935,1999
MANKIND,PUT VOL,1464,5657,,,,,,,,,31,104
MANKIND,PUT OI,1374,1397,,,,,,,,,1381,1403
MANKIND,CALL SPRD,,,,,,,,,,,2.54,2.09
MANKIND,PUT SPRD,,,,,,,,,,,4.04,2.16
MANKIND,CALL OI FIX,1964,,,,,,,,,,1975,2038
MANKIND,PUT OI FIX,1196,,,,,,,,,,1203,1226
MANKIND,CALL DOI,,,,,,,,,,,257160,271479
MANKIND,PUT DOI,,,,,,,,,,,-130361,-129974
MANKIND,CALL GEX,,,,,,,,,,,32471,32950
MANKIND,PUT GEX,,,,,,,,,,,16229,16194
MANKIND,GEX STRIKE,,,,,,,,,,,2500.0,2500.0
MANKIND,EXPIRY,,,,,,,,,,,2026-10-27,2026-10-27
MANKIND,ATM IV,,,,,,,,,,,27.73,28.07
MARICO,PRICE,781.35,786.0,,,,783.7,780.44,778.62,820.12,819.38,781.95,791.9
MARICO,VWAP,,,,,,,,,,,785.57,786.21
MARICO,CASH VOL,1777571,2455494,436721,57.74,63.87,,,,,,260532,429416
MARICO,F&O VOL,20834,6979,,,,,,,,,2449,4071
MARICO,F&O OI,21458,19212,,,,,,,,,21534,21500
MARICO,CALL VOL,7948,2734,,,,,,,,,1223,1995
MARICO,CALL OI,2442,1474,,,,,,,,,2149,2389
MARICO,PUT VOL,6977,2147,,,,,,,,,556,1106
MARICO,PUT OI,2254,1761,,,,,,,,,2276,2217
MARICO,CALL SPRD,,,,,,,,,,,1.65,1.28
MARICO,PUT SPRD,,,,,,,,,,,2.71,2.15
MARICO,CALL OI FIX,2142,,,,,,,,,,2149,2095
MARICO,PUT OI FIX,2268,,,,,,,,,,2276,2231
MARICO,CALL DOI,,,,,,,,,,,973630,1204783
MARICO,PUT DOI,,,,,,,,,,,-1285794,-1090892
MARICO,CALL GEX,,,,,,,,,,,162163,179253
MARICO,PUT GEX,,,,,,,,,,,173860,173840
MARICO,GEX STRIKE,,,,,,,,,,,800.0,800.0
MARICO,EXPIRY,,,,,,,,,,,2026-10-27,2026-10-27
MARICO,ATM IV,,,,,,,,,,,22.65,22.04
MARUTI,PRICE,11386.0,11967.0,,,,11386.0,11606.0,11459.33,12125.0,12085.0,11353.0,11321.0
MARUTI,VWAP,,,,,,,,,,,11392.67,11363.29
MARUTI,CASH VOL,885820,430286,203027,45.98,55.68,,,,,,40402,68303
MARUTI,F&O VOL,185571,90312,,,,,,,,,7437,17354
MARUTI,F&O OI,125537,103290,,,,,,,,,126968,128738
MARUTI,CALL VOL,25228,35226,,,,,,,,,2349,4508
MARUTI,CALL OI,6130,14759,,,,,,,,,8190,7184
MARUTI,PUT VOL,45616,18965,,,,,,,,,1445,3265
MARUTI,PUT OI,10499,11931,,,,,,,,,10827,10824
MARUTI,CALL SPRD,,,,,,,,,,,0.85,0.83
MARUTI,PUT SPRD,,,,,,,,,,,1.16,0.85
MARUTI,CALL OI FIX,7838,,,,,,,,,,8190,8907
MARUTI,PUT OI FIX,10774,,,,,,,,,,10827,11101
MARUTI,CALL DOI,,,,,,,,,,,164797,152010
MARUTI,PUT DOI,,,,,,,,,,,-252249,-246704
MARUTI,CALL GEX,,,,,,,,,,,24498,22464
MARUTI,PUT GEX,,,,,,,,,,,29427,30113
MARUTI,GEX STRIKE,,,,,,,,,,,11500.0,11500.0
MARUTI,EXPIRY,,,,,,,,,,,2026-10-27,2026-10-27
MARUTI,ATM IV,,,,,,,,,,,26.0,25.59
MAXHEALTH,PRICE,940.95,929.8,,,,937.4,935.98,926.02,1038.5,1022.17,931.65,927.85
MAXHEALTH,VWAP,,,,,,,,,,,932.42,929.86
MAXHEALTH,CASH VOL,5464461,13817675,1233837,52.55,55.89,,,,,,100186,164284
MAXHEALTH,F&O VOL,50749,135553,,,,,,,,,1222,2705
MAXHEALTH,F&O OI,39820,42236,,,,,,,,,39889,40099
MAXHEALTH,CALL VOL,15297,31323,,,,,,,,,283,641
MAXHEALTH,CALL OI,3682,4997,,,,,,,,,3748,3791
MAXHEALTH,PUT VOL,16374,54336,,,,,,,,,517,959
MAXHEALTH,PUT OI,4658,4845,,,,,,,,,4643,4664
MAXHEALTH,CALL SPRD,,,,,,,,,,,1.49,1.21
MAXHEALTH,PUT SPRD,,,,,,,,,,,2.03,1.23
MAXHEALTH,CALL OI FIX,3857,,,,,,,,,,3922,3970
MAXHEALTH,PUT OI FIX,4457,,,,,,,,,,4438,4459
MAXHEALTH,CALL DOI,,,,,,,,,,,989459,956714
MAXHEALTH,PUT DOI,,,,,,,,,,,-999238,-1050835
MAXHEALTH,CALL GEX,,,,,,,,,,,98226,101823
MAXHEALTH,PUT GEX,,,,,,,,,,,109122,109215
MAXHEALTH,GEX STRIKE,,,,,,,,,,,900.0,900.0
MAXHEALTH,EXPIRY,,,,,,,,,,,2026-10-27,2026-10-27
MAXHEALTH,ATM IV,,,,,,,,,,,31.67,31.46
MAZDOCK,PRICE,2064.0,2113.0,,,,2075.0,2073.4,2067.13,2218.05,2205.75,2084.8,2086.6
MAZDOCK,VWAP,,,,,,,,,,,2086.67,2085.63
MAZDOCK,CASH VOL,648362,510455,198641,39.98,30.65,,,,,,35372,61476
MAZDOCK,F&O VOL,22153,19399,,,,,,,,,536,1183
MAZDOCK,F&O OI,44435,42122,,,,,,,,,44389,44422
MAZDOCK,CALL VOL,4115,2336,,,,,,,,,177,420
MAZDOCK,CALL OI,3177,1902,,,,,,,,,3189,3245
MAZDOCK,PUT VOL,4494,4224,,,,,,,,,70,140
MAZDOCK,PUT OI,4024,3544,,,,,,,,,4009,4021
MAZDOCK,CALL SPRD,,,,,,,,,,,2.32,1.54
MAZDOCK,PUT SPRD,,,,,,,,,,,22.84,24.13
MAZDOCK,CALL OI FIX,3177,,,,,,,,,,3189,3245
MAZDOCK,PUT OI FIX,4024,,,,,,,,,,4009,4021
MAZDOCK,CALL DOI,,,,,,,,,,,327954,334498
MAZDOCK,PUT DOI,,,,,,,,,,,-405011,-406679
MAZDOCK,CALL GEX,,,,,,,,,,,36059,38671
MAZDOCK,PUT GEX,,,,,,,,,,,36444,37993
MAZDOCK,GEX STRIKE,,,,,,,,,,,2100.0,2150.0
MAZDOCK,EXPIRY,,,,,,,,,,,2026-10-27,2026-10-27
MAZDOCK,ATM IV,,,,,,,,,,,32.05,29.3
MCX,PRICE,3204.0,3300.4,,,,3220.0,3262.45,3223.48,3347.1,3332.3,3245.0,3245.1
MCX,VWAP,,,,,,,,,,,3237.8,3238.58
MCX,CASH VOL,2002629,2066935,608237,47.86,46.58,,,,,,73364,118478
MCX,F&O VOL,50257,55959,,,,,,,,,1882,4598
MCX,F&O OI,64250,61252,,,,,,,,,64494,64489
MCX,CALL VOL,15526,20048,,,,,,,,,885,1693
MCX,CALL OI,12532,10177,,,,,,,,,12614,12653
MCX,PUT VOL,17600,17782,,,,,,,,,527,1514
MCX,PUT OI,9356,9646,,,,,,,,,9428,9339
MCX,CALL SPRD,,,,,,,,,,,1.11,0.78
MCX,PUT SPRD,,,,,,,,,,,1.63,0.71
MCX,CALL OI FIX,9329,,,,,,,,,,9371,9404
MCX,PUT OI FIX,8946,,,,,,,,,,9018,8928
MCX,CALL DOI,,,,,,,,,,,1165758,1158251
MCX,PUT DOI,,,,,,,,,,,-897437,-896188
MCX,CALL GEX,,,,,,,,,,,106932,109174
MCX,PUT GEX,,,,,,,,,,,73908,71755
MCX,GEX STRIKE,,,,,,,,,,,3300.0,3300.0
MCX,EXPIRY,,,,,,,,,,,2026-10-27,2026-10-27
MCX,ATM IV,,,,,,,,,,,39.68,39.27
MFSL,PRICE,1392.0,1373.4,,,,1385.3,1389.25,1383.75,1470.6,1462.2,1364.1,1365.5
MFSL,VWAP,,,,,,,,,,,1372.27,1363.86
MFSL,CASH VOL,1151973,931017,213470,54.21,50.03,,,,,,35277,98805
MFSL,F&O VOL,10280,13713,,,,,,,,,414,1892
MFSL,F&O OI,19532,19821,,,,,,,,,19591,19875
MFSL,CALL VOL,2668,2879,,,,,,,,,107,456
MFSL,CALL OI,1363,1439,,,,,,,,,1382,1430
MFSL,PUT VOL,3309,5122,,,,,,,,,184,666
MFSL,PUT OI,2057,1991,,,,,,,,,2039,1992
MFSL,CALL SPRD,,,,,,,,,,,5.45,2.16
MFSL,PUT SPRD,,,,,,,,,,,1.73,1.15
MFSL,CALL OI FIX,1980,,,,,,,,,,1994,2043
MFSL,PUT OI FIX,2005,,,,,,,,,,1987,1939
MFSL,CALL DOI,,,,,,,,,,,199728,204570
MFSL,PUT DOI,,,,,,,,,,,-371920,-361794
MFSL,CALL GEX,,,,,,,,,,,26050,28756
MFSL,PUT GEX,,,,,,,,,,,36039,31708
MFSL,GEX STRIKE,,,,,,,,,,,1400.0,1400.0
MFSL,EXPIRY,,,,,,,,,,,2026-10-27,2026-10-27
MFSL,ATM IV,,,,,,,,,,,32.61,35.3
MOTHERSON,PRICE,157.03,163.26,,,,157.0,158.04,157.37,164.96,163.47,158.55,157.83
MOTHERSON,VWAP,,,,,,,,,,,158.52,158.29
MOTHERSON,CASH VOL,23039471,15307995,9362243,45.97,47.61,,,,,,720983,1043642
MOTHERSON,F&O VOL,16153,10672,,,,,,,,,366,899
MOTHERSON,F&O OI,29433,28192,,,,,,,,,29413,29502
MOTHERSON,CALL VOL,6213,4410,,,,,,,,,195,428
MOTHERSON,CALL OI,2937,2100,,,,,,,,,2914,2971
MOTHERSON,PUT VOL,4059,2460,,,,,,,,,135,324
MOTHERSON,PUT OI,2185,2120,,,,,,,,,2171,2224
MOTHERSON,CALL SPRD,,,,,,,,,,,1.5,1.0
MOTHERSON,PUT SPRD,,,,,,,,,,,2.2,1.57
MOTHERSON,CALL OI FIX,2937,,,,,,,,,,2914,2971
MOTHERSON,PUT OI FIX,2185,,,,,,,,,,2171,2224
MOTHERSON,CALL DOI,,,,,,,,,,,5949270,5559158
MOTHERSON,PUT DOI,,,,,,,,,,,-5697717,-6058592
MOTHERSON,CALL GEX,,,,,,,,,,,833631,846910
MOTHERSON,PUT GEX,,,,,,,,,,,612808,630586
MOTHERSON,GEX STRIKE,,,,,,,,,,,170.0,170.0
MOTHERSON,EXPIRY,,,,,,,,,,,2026-10-27,2026-10-27
MOTHERSON,ATM IV,,,,,,,,,,,28.23,28.66
MOTILALOFS,PRICE,989.9,994.0,,,,991.0,986.89,980.88,1028.27,1026.8,1006.2,1011.7
MOTILALOFS,VWAP,,,,,,,,,,,1002.05,1005.25
MOTILALOFS,CASH VOL,1607962,766759,374786,51.42,50.49,,,,,,23358,37527
MOTILALOFS,F&O VOL,4888,4155,,,,,,,,,162,503
MOTILALOFS,F&O OI,9645,9314,,,,,,,,,9657,9731
MOTILALOFS,CALL VOL,1931,1958,,,,,,,,,123,343
MOTILALOFS,CALL OI,1481,1319,,,,,,,,,1427,1549
MOTILALOFS,PUT VOL,665,746,,,,,,,,,10,28
MOTILALOFS,PUT OI,917,864,,,,,,,,,1047,914
MOTILALOFS,CALL SPRD,,,,,,,,,,,1.6,1.33
MOTILALOFS,PUT SPRD,,,,,,,,,,,3.12,2.3
MOTILALOFS,CALL OI FIX,1112,,,,,,,,,,1113,1186
MOTILALOFS,PUT OI FIX,1071,,,,,,,,,,1069,1085
MOTILALOFS,CALL DOI,,,,,,,,,,,430000,470980
MOTILALOFS,PUT DOI,,,,,,,,,,,-282451,-255150
MOTILALOFS,CALL GEX,,,,,,,,,,,43440,49673
MOTILALOFS,PUT GEX,,,,,,,,,,,28991,27111
MOTILALOFS,GEX STRIKE,,,,,,,,,,,1000.0,1000.0
MOTILALOFS,EXPIRY,,,,,,,,,,,2026-10-27,2026-10-27
MOTILALOFS,ATM IV,,,,,,,,,,,37.8,34.7
MPHASIS,PRICE,2250.2,2154.4,,,,2277.8,2237.65,2212.55,2255.05,2241.02,2284.9,2295.0
MPHASIS,VWAP,,,,,,,,,,,2261.27,2274.42
MPHASIS,CASH VOL,1178274,701536,295494,25.8,50.06,,,,,,48896,79223
MPHASIS,F&O VOL,29563,15645,,,,,,,,,1549,3024
MPHASIS,F&O OI,26623,25733,,,,,,,,,26698,26822
MPHASIS,CALL VOL,17258,9115,,,,,,,,,823,1703
MPHASIS,CALL OI,2374,2186,,,,,,,,,2357,2403
MPHASIS,PUT VOL,5820,2778,,,,,,,,,223,480
MPHASIS,PUT OI,1792,1325,,,,,,,,,1832,1830
MPHASIS,CALL SPRD,,,,,,,,,,,1.5,1.29
MPHASIS,PUT SPRD,,,,,,,,,,,2.2,2.89
MPHASIS,CALL OI FIX,2291,,,,,,,,,,2274,2319
MPHASIS,PUT OI FIX,2317,,,,,,,,,,2364,2432
MPHASIS,CALL DOI,,,,,,,,,,,284848,301165
MPHASIS,PUT DOI,,,,,,,,,,,-148550,-139415
MPHASIS,CALL GEX,,,,,,,,,,,25991,26413
MPHASIS,PUT GEX,,,,,,,,,,,15516,15723
MPHASIS,GEX STRIKE,,,,,,,,,,,2200.0,2300.0
MPHASIS,EXPIRY,,,,,,,,,,,2026-10-27,2026-10-27
MPHASIS,ATM IV,,,,,,,,,,,38.7,36.85
MUTHOOTFIN,PRICE,2697.1,2737.1,,,,2711.0,2721.25,2705.15,2841.0,2837.0,2746.5,2731.9
MUTHOOTFIN,VWAP,,,,,,,,,,,2737.93,2737.78
MUTHOOTFIN,CASH VOL,553592,459482,118732,51.49,54.62,,,,,,70611,98234
MUTHOOTFIN,F&O VOL,16532,11696,,,,,,,,,818,2623
MUTHOOTFIN,F&O OI,37188,36854,,,,,,,,,37182,37715
MUTHOOTFIN,CALL VOL,7841,6459,,,,,,,,,548,1972
MUTHOOTFIN,CALL OI,6170,5464,,,,,,,,,6164,6611
MUTHOOTFIN,PUT VOL,5169,2706,,,,,,,,,78,323
MUTHOOTFIN,PUT OI,4153,4183,,,,,,,,,4158,4217
MUTHOOTFIN,CALL SPRD,,,,,,,,,,,1.62,1.39
MUTHOOTFIN,PUT SPRD,,,,,,,,,,,1.95,1.51
MUTHOOTFIN,CALL OI FIX,4984,,,,,,,,,,4978,5412
MUTHOOTFIN,PUT OI FIX,4010,,,,,,,,,,4015,4074
MUTHOOTFIN,CALL DOI,,,,,,,,,,,578488,591575
MUTHOOTFIN,PUT DOI,,,,,,,,,,,-492020,-513210
MUTHOOTFIN,CALL GEX,,,,,,,,,,,78864,84856
MUTHOOTFIN,PUT GEX,,,,,,,,,,,42125,46689
MUTHOOTFIN,GEX STRIKE,,,,,,,,,,,2800.0,2800.0
MUTHOOTFIN,EXPIRY,,,,,,,,,,,2026-10-27,2026-10-27
MUTHOOTFIN,ATM IV,,,,,,,,,,,31.95,31.23
NAM-INDIA,PRICE,1046.0,1070.0,,,,1049.0,1048.5,1046.83,1155.63,1152.9,1063.1,1059.4
NAM-INDIA,VWAP,,,,,,,,,,,1059.13,1061.55
NAM-INDIA,CASH VOL,768278,728404,204345,49.09,60.36,,,,,,36037,75736
NAM-INDIA,F&O VOL,2926,2171,,,,,,,,,40,136
NAM-INDIA,F&O OI,8737,8316,,,,,,,,,8743,8744
NAM-INDIA,CALL VOL,924,432,,,,,,,,,1,24
NAM-INDIA,CALL OI,550,408,,,,,,,,,550,546
NAM-INDIA,PUT VOL,803,331,,,,,,,,,0,11
NAM-INDIA,PUT OI,1031,920,,,,,,,,,1031,1032
NAM-INDIA,CALL SPRD,,,,,,,,,,,9.63,2.23
NAM-INDIA,PUT SPRD,,,,,,,,,,,12.19,3.25
NAM-INDIA,CALL OI FIX,453,,,,,,,,,,453,449
NAM-INDIA,PUT OI FIX,1063,,,,,,,,,,1063,1064
NAM-INDIA,CALL DOI,,,,,,,,,,,125219,117374
NAM-INDIA,PUT DOI,,,,,,,,,,,-255348,-263079
NAM-INDIA,CALL GEX,,,,,,,,,,,14871,14897
NAM-INDIA,PUT GEX,,,,,,,,,,,22914,23153
NAM-INDIA,GEX STRIKE,,,,,,,,,,,1100.0,1100.0
NAM-INDIA,EXPIRY,,,,,,,,,,,2026-10-27,2026-10-27
NAM-INDIA,ATM IV,,,,,,,,,,,34.27,33.12
NATIONALUM,PRICE,334.9,340.95,,,,335.9,334.66,334.18,357.81,356.02,343.95,340.95
NATIONALUM,VWAP,,,,,,,,,,,341.18,341.72
NATIONALUM,CASH VOL,4672624,5109676,1328320,44.18,53.48,,,,,,396587,616515
NATIONALUM,F&O VOL,16879,13146,,,,,,,,,1569,2507
NATIONALUM,F&O OI,38281,37039,,,,,,,,,38246,38300
NATIONALUM,CALL VOL,5806,3991,,,,,,,,,835,1263
NATIONALUM,CALL OI,5462,4656,,,,,,,,,6086,5369
NATIONALUM,PUT VOL,4291,3429,,,,,,,,,275,491
NATIONALUM,PUT OI,6051,5514,,,,,,,,,6295,6152
NATIONALUM,CALL SPRD,,,,,,,,,,,1.68,1.17
NATIONALUM,PUT SPRD,,,,,,,,,,,6.9,1.4
NATIONALUM,CALL OI FIX,5434,,,,,,,,,,5369,5341
NATIONALUM,PUT OI FIX,6236,,,,,,,,,,6278,6330
NATIONALUM,CALL DOI,,,,,,,,,,,4565827,3799475
NATIONALUM,PUT DOI,,,,,,,,,,,-5080987,-5261115
NATIONALUM,CALL GEX,,,,,,,,,,,492183,444677
NATIONALUM,PUT GEX,,,,,,,,,,,440297,447478
NATIONALUM,GEX STRIKE,,,,,,,,,,,350.0,350.0
NATIONALUM,EXPIRY,,,,,,,,,,,2026-10-27,2026-10-27
NATIONALUM,ATM IV,,,,,,,,,,,39.17,35.25
NAUKRI,PRICE,1200.0,1219.5,,,,1220.3,1200.75,1200.25,1262.5,1257.37,1210.6,1214.5
NAUKRI,VWAP,,,,,,,,,,,1210.53,1210.84
NAUKRI,CASH VOL,2219568,1589054,778627,62.17,55.74,,,,,,122363,188933
NAUKRI,F&O VOL,11614,9811,,,,,,,,,1368,1684
NAUKRI,F&O OI,30323,29083,,,,,,,,,30491,30423
NAUKRI,CALL VOL,5186,3752,,,,,,,,,671,828
NAUKRI,CALL OI,1906,1416,,,,,,,,,1897,1904
NAUKRI,PUT VOL,3061,2341,,,,,,,,,241,310
NAUKRI,PUT OI,1236,1050,,,,,,,,,1264,1271
NAUKRI,CALL SPRD,,,,,,,,,,,1.95,1.0
NAUKRI,PUT SPRD,,,,,,,,,,,1.86,1.56
NAUKRI,CALL OI FIX,1847,,,,,,,,,,1838,1845
NAUKRI,PUT OI FIX,1296,,,,,,,,,,1328,1338
NAUKRI,CALL DOI,,,,,,,,,,,398083,409027
NAUKRI,PUT DOI,,,,,,,,,,,-329014,-327291
NAUKRI,CALL GEX,,,,,,,,,,,46020,46854
NAUKRI,PUT GEX,,,,,,,,,,,26061,29096
NAUKRI,GEX STRIKE,,,,,,,,,,,1240.0,1240.0
NAUKRI,EXPIRY,,,,,,,,,,,2026-10-27,2026-10-27
NAUKRI,ATM IV,,,,,,,,,,,38.83,32.63
NBCC,PRICE,77.4,78.5,,,,78.11,77.47,77.42,82.89,82.87,77.58,77.73
NBCC,VWAP,,,,,,,,,,,77.8,77.64
NBCC,CASH VOL,6195124,6032283,1383300,35.69,38.1,,,,,,363747,896721
NBCC,F&O VOL,5501,5954,,,,,,,,,81,206
NBCC,F&O OI,19137,19077,,,,,,,,,19146,19143
NBCC,CALL VOL,1301,1113,,,,,,,,,47,84
NBCC,CALL OI,859,575,,,,,,,,,872,887
NBCC,PUT VOL,886,952,,,,,,,,,8,23
NBCC,PUT OI,728,648,,,,,,,,,726,724
NBCC,CALL SPRD,,,,,,,,,,,22.84,2.19
NBCC,PUT SPRD,,,,,,,,,,,77.19,1.75
NBCC,CALL OI FIX,859,,,,,,,,,,872,887
NBCC,PUT OI FIX,728,,,,,,,,,,726,724
NBCC,CALL DOI,,,,,,,,,,,2474428,2576566
NBCC,PUT DOI,,,,,,,,,,,-2169267,-2134943
NBCC,CALL GEX,,,,,,,,,,,273831,281909
NBCC,PUT GEX,,,,,,,,,,,194941,198763
NBCC,GEX STRIKE,,,,,,,,,,,80.0,80.0
NBCC,EXPIRY,,,,,,,,,,,2026-10-27,2026-10-27
NBCC,ATM IV,,,,,,,,,,,33.83,33.83
NESTLEIND,PRICE,1307.7,1310.0,,,,1305.4,1307.95,1307.78,1370.6,1365.27,1303.3,1309.4
NESTLEIND,VWAP,,,,,,,,,,,1306.43,1306.78
NESTLEIND,CASH VOL,1626876,1278279,428569,64.34,72.86,,,,,,67251,117137
NESTLEIND,F&O VOL,13148,8953,,,,,,,,,910,1576
NESTLEIND,F&O OI,27644,25739,,,,,,,,,27901,28034
NESTLEIND,CALL VOL,2685,1359,,,,,,,,,122,278
NESTLEIND,CALL OI,1131,737,,,,,,,,,915,1155
NESTLEIND,PUT VOL,3358,1885,,,,,,,,,624,804
NESTLEIND,PUT OI,1960,1305,,,,,,,,,2071,2244
NESTLEIND,CALL SPRD,,,,,,,,,,,6.5,1.06
NESTLEIND,PUT SPRD,,,,,,,,,,,1.22,1.46
NESTLEIND,CALL OI FIX,1131,,,,,,,,,,1145,1155
NESTLEIND,PUT OI FIX,1960,,,,,,,,,,2161,2244
NESTLEIND,CALL DOI,,,,,,,,,,,197849,251982
NESTLEIND,PUT DOI,,,,,,,,,,,-472687,-517024
NESTLEIND,CALL GEX,,,,,,,,,,,26568,32633
NESTLEIND,PUT GEX,,,,,,,,,,,55669,64702
NESTLEIND,GEX STRIKE,,,,,,,,,,,1300.0,1300.0
NESTLEIND,EXPIRY,,,,,,,,,,,2026-10-27,2026-10-27
NESTLEIND,ATM IV,,,,,,,,,,,28.18,26.98
NHPC,PRICE,71.75,72.81,,,,71.75,71.69,71.58,76.13,76.04,72.55,72.35
NHPC,VWAP,,,,,,,,,,,72.43,72.43
NHPC,CASH VOL,10903143,7849564,3187436,42.98,57.63,,,,,,388632,595200
NHPC,F&O VOL,9427,5276,,,,,,,,,292,468
NHPC,F&O OI,23676,22279,,,,,,,,,23588,23582
NHPC,CALL VOL,3178,1330,,,,,,,,,217,266
NHPC,CALL OI,1805,1123,,,,,,,,,1944,1687
NHPC,PUT VOL,2837,1662,,,,,,,,,59,95
NHPC,PUT OI,2209,1979,,,,,,,,,2098,2222
NHPC,CALL SPRD,,,,,,,,,,,2.33,1.89
NHPC,PUT SPRD,,,,,,,,,,,4.42,5.63
NHPC,CALL OI FIX,1805,,,,,,,,,,1709,1687
NHPC,PUT OI FIX,2209,,,,,,,,,,2208,2222
NHPC,CALL DOI,,,,,,,,,,,4720195,4111959
NHPC,PUT DOI,,,,,,,,,,,-5630032,-5791884
NHPC,CALL GEX,,,,,,,,,,,761911,684405
NHPC,PUT GEX,,,,,,,,,,,735139,774065
NHPC,GEX STRIKE,,,,,,,,,,,75.0,75.0
NHPC,EXPIRY,,,,,,,,,,,2026-10-27,2026-10-27
NHPC,ATM IV,,,,,,,,,,,24.34,24.3
NMDC,PRICE,74.64,76.54,,,,75.0,75.34,74.87,80.83,80.21,75.25,74.6
NMDC,VWAP,,,,,,,,,,,75.12,75.04
NMDC,CASH VOL,17077400,15817494,4635323,48.92,63.73,,,,,,1835976,2664938
NMDC,F&O VOL,14792,11313,,,,,,,,,596,998
NMDC,F&O OI,69717,68585,,,,,,,,,69722,69775
NMDC,CALL VOL,6020,4472,,,,,,,,,266,468
NMDC,CALL OI,4482,3734,,,,,,,,,4449,4485
NMDC,PUT VOL,2405,2111,,,,,,,,,106,151
NMDC,PUT OI,4064,3667,,,,,,,,,4088,4090
NMDC,CALL SPRD,,,,,,,,,,,1.63,2.34
NMDC,PUT SPRD,,,,,,,,,,,2.42,1.71
NMDC,CALL OI FIX,4482,,,,,,,,,,4449,4485
NMDC,PUT OI FIX,4064,,,,,,,,,,4088,4090
NMDC,CALL DOI,,,,,,,,,,,10194793,9117032
NMDC,PUT DOI,,,,,,,,,,,-14290116,-15427164
NMDC,CALL GEX,,,,,,,,,,,1478305,1374489
NMDC,PUT GEX,,,,,,,,,,,973172,1086926
NMDC,GEX STRIKE,,,,,,,,,,,80.0,80.0
NMDC,EXPIRY,,,,,,,,,,,2026-10-27,2026-10-27
NMDC,ATM IV,,,,,,,,,,,35.27,30.58
NTPC,PRICE,315.1,322.75,,,,316.05,317.0,315.73,326.55,326.45,320.65,320.25
NTPC,VWAP,,,,,,,,,,,320.27,320.38
NTPC,CASH VOL,10094465,6908628,2811669,61.51,69.43,,,,,,248244,333429
NTPC,F&O VOL,19718,16484,,,,,,,,,1229,1958
NTPC,F&O OI,79109,77774,,,,,,,,,79053,79052
NTPC,CALL VOL,7107,7066,,,,,,,,,684,1011
NTPC,CALL OI,5454,4541,,,,,,,,,5427,5408
NTPC,PUT VOL,3381,2897,,,,,,,,,95,205
NTPC,PUT OI,3457,2919,,,,,,,,,3475,3497
NTPC,CALL SPRD,,,,,,,,,,,1.39,1.47
NTPC,PUT SPRD,,,,,,,,,,,1.98,3.64
NTPC,CALL OI FIX,3844,,,,,,,,,,3840,3838
NTPC,PUT OI FIX,3108,,,,,,,,,,3128,3142
NTPC,CALL DOI,,,,,,,,,,,3657989,3562907
NTPC,PUT DOI,,,,,,,,,,,-2352747,-2415787
NTPC,CALL GEX,,,,,,,,,,,723490,695595
NTPC,PUT GEX,,,,,,,,,,,348133,371933
NTPC,GEX STRIKE,,,,,,,,,,,325.0,325.0
NTPC,EXPIRY,,,,,,,,,,,2026-10-27,2026-10-27
NTPC,ATM IV,,,,,,,,,,,19.29,19.32
NYKAA,PRICE,324.95,320.0,,,,335.0,323.46,320.48,336.8,334.73,342.0,338.05
NYKAA,VWAP,,,,,,,,,,,339.38,339.82
NYKAA,CASH VOL,7907193,3980003,2579675,61.61,65.82,,,,,,1737027,3297964
NYKAA,F&O VOL,8343,5099,,,,,,,,,5379,11565
NYKAA,F&O OI,14735,14489,,,,,,,,,15944,16957
NYKAA,CALL VOL,2467,1849,,,,,,,,,3796,7162
NYKAA,CALL OI,1524,1371,,,,,,,,,2208,2886
NYKAA,PUT VOL,1632,866,,,,,,,,,1154,2222
NYKAA,PUT OI,925,727,,,,,,,,,1312,1574
NYKAA,CALL SPRD,,,,,,,,,,,1.24,2.02
NYKAA,PUT SPRD,,,,,,,,,,,2.15,1.84
NYKAA,CALL OI FIX,1442,,,,,,,,,,1977,2546
NYKAA,PUT OI FIX,1390,,,,,,,,,,1787,2050
NYKAA,CALL DOI,,,,,,,,,,,3901202,4414377
NYKAA,PUT DOI,,,,,,,,,,,-1086476,-1635656
NYKAA,CALL GEX,,,,,,,,,,,335963,467148
NYKAA,PUT GEX,,,,,,,,,,,147987,197971
NYKAA,GEX STRIKE,,,,,,,,,,,340.0,340.0
NYKAA,EXPIRY,,,,,,,,,,,2026-10-27,2026-10-27
NYKAA,ATM IV,,,,,,,,,,,32.25,31.56
OBEROIRLTY,PRICE,1754.6,1765.7,,,,1754.6,1754.25,1753.55,1853.25,1842.75,1764.1,1769.1
OBEROIRLTY,VWAP,,,,,,,,,,,1765.87,1766.78
OBEROIRLTY,CASH VOL,282807,573434,80704,47.96,60.15,,,,,,18006,41280
OBEROIRLTY,F&O VOL,4973,5597,,,,,,,,,91,274
OBEROIRLTY,F&O OI,15059,14075,,,,,,,,,15072,15123
OBEROIRLTY,CALL VOL,855,1342,,,,,,,,,36,71
OBEROIRLTY,CALL OI,868,748,,,,,,,,,871,882
OBEROIRLTY,PUT VOL,1197,988,,,,,,,,,14,29
OBEROIRLTY,PUT OI,1171,804,,,,,,,,,1181,1183
OBEROIRLTY,CALL SPRD,,,,,,,,,,,6.57,8.87
OBEROIRLTY,PUT SPRD,,,,,,,,,,,4.74,2.04
OBEROIRLTY,CALL OI FIX,868,,,,,,,,,,871,882
OBEROIRLTY,PUT OI FIX,1171,,,,,,,,,,1181,1183
OBEROIRLTY,CALL DOI,,,,,,,,,,,132660,137470
OBEROIRLTY,PUT DOI,,,,,,,,,,,-177853,-173085
OBEROIRLTY,CALL GEX,,,,,,,,,,,13886,14470
OBEROIRLTY,PUT GEX,,,,,,,,,,,17708,17735
OBEROIRLTY,GEX STRIKE,,,,,,,,,,,1800.0,1800.0
OBEROIRLTY,EXPIRY,,,,,,,,,,,2026-10-27,2026-10-27
OBEROIRLTY,ATM IV,,,,,,,,,,,35.66,34.91
OFSS,PRICE,10420.0,10630.0,,,,10525.0,10462.0,10434.0,10753.83,10721.5,10505.0,10477.0
OFSS,VWAP,,,,,,,,,,,10464.0,10469.69
OFSS,CASH VOL,194062,272759,48227,35.18,41.84,,,,,,14576,19153
OFSS,F&O VOL,11876,18600,,,,,,,,,834,1479
OFSS,F&O OI,23623,22891,,,,,,,,,23712,23762
OFSS,CALL VOL,2167,3496,,,,,,,,,353,472
OFSS,CALL OI,1518,1219,,,,,,,,,1540,1578
OFSS,PUT VOL,2410,2607,,,,,,,,,204,273
OFSS,PUT OI,2185,1964,,,,,,,,,2207,2221
OFSS,CALL SPRD,,,,,,,,,,,3.01,1.72
OFSS,PUT SPRD,,,,,,,,,,,3.14,1.78
OFSS,CALL OI FIX,1480,,,,,,,,,,1508,1548
OFSS,PUT OI FIX,2716,,,,,,,,,,2744,2759
OFSS,CALL DOI,,,,,,,,,,,74580,74728
OFSS,PUT DOI,,,,,,,,,,,-104999,-108441
OFSS,CALL GEX,,,,,,,,,,,6234,6581
OFSS,PUT GEX,,,,,,,,,,,7359,7805
OFSS,GEX STRIKE,,,,,,,,,,,10800.0,10800.0
OFSS,EXPIRY,,,,,,,,,,,2026-10-27,2026-10-27
OFSS,ATM IV,,,,,,,,,,,43.0,41.36
OIL,PRICE,444.0,448.65,,,,444.0,443.07,441.2,473.83,471.2,448.5,448.25
OIL,VWAP,,,,,,,,,,,446.95,447.57
OIL,CASH VOL,2266203,3069066,751253,50.15,56.85,,,,,,90787,155043
OIL,F&O VOL,5665,4745,,,,,,,,,198,498
OIL,F&O OI,13178,12973,,,,,,,,,13206,13209
OIL,CALL VOL,2015,1308,,,,,,,,,133,331
OIL,CALL OI,883,833,,,,,,,,,939,906
OIL,PUT VOL,1003,1034,,,,,,,,,26,86
OIL,PUT OI,791,700,,,,,,,,,792,820
OIL,CALL SPRD,,,,,,,,,,,1.93,1.62
OIL,PUT SPRD,,,,,,,,,,,8.32,2.81
OIL,CALL OI FIX,772,,,,,,,,,,828,796
OIL,PUT OI FIX,864,,,,,,,,,,865,892
OIL,CALL DOI,,,,,,,,,,,569663,542963
OIL,PUT DOI,,,,,,,,,,,-449180,-463025
OIL,CALL GEX,,,,,,,,,,,71130,70196
OIL,PUT GEX,,,,,,,,,,,47674,50048
OIL,GEX STRIKE,,,,,,,,,,,450.0,450.0
OIL,EXPIRY,,,,,,,,,,,2026-10-27,2026-10-27
OIL,ATM IV,,,,,,,,,,,31.55,31.08
ONGC,PRICE,222.37,225.8,,,,222.5,222.8,222.51,236.38,236.03,225.32,225.1
ONGC,VWAP,,,,,,,,,,,225.45,225.43
ONGC,CASH VOL,13099985,11131417,3938978,62.87,63.17,,,,,,925876,1485618
ONGC,F&O VOL,23515,26485,,,,,,,,,1948,3861
ONGC,F&O OI,51321,48320,,,,,,,,,51078,50839
ONGC,CALL VOL,8544,8258,,,,,,,,,1374,1978
ONGC,CALL OI,6488,5469,,,,,,,,,6293,6220
ONGC,PUT VOL,5412,7351,,,,,,,,,412,719
ONGC,PUT OI,6166,5625,,,,,,,,,6146,6131
ONGC,CALL SPRD,,,,,,,,,,,0.84,0.52
ONGC,PUT SPRD,,,,,,,,,,,1.23,0.99
ONGC,CALL OI FIX,5878,,,,,,,,,,5684,5613
ONGC,PUT OI FIX,6476,,,,,,,,,,6459,6437
ONGC,CALL DOI,,,,,,,,,,,5914330,5738046
ONGC,PUT DOI,,,,,,,,,,,-6291303,-6386835
ONGC,CALL GEX,,,,,,,,,,,931426,882724
ONGC,PUT GEX,,,,,,,,,,,793641,853981
ONGC,GEX STRIKE,,,,,,,,,,,230.0,230.0
ONGC,EXPIRY,,,,,,,,,,,2026-10-27,2026-10-27
ONGC,ATM IV,,,,,,,,,,,22.77,22.48
PAGEIND,PRICE,36660.0,36385.0,,,,37000.0,36638.33,36595.0,37450.0,36960.0,36750.0,36940.0
PAGEIND,VWAP,,,,,,,,,,,36770.0,36769.26
PAGEIND,CASH VOL,40495,83553,7650,41.68,55.48,,,,,,575,1175
PAGEIND,F&O VOL,4895,9556,,,,,,,,,92,294
PAGEIND,F&O OI,14415,14143,,,,,,,,,14447,14501
PAGEIND,CALL VOL,1569,2754,,,,,,,,,22,69
PAGEIND,CALL OI,872,839,,,,,,,,,786,883
PAGEIND,PUT VOL,804,1837,,,,,,,,,9,64
PAGEIND,PUT OI,1017,955,,,,,,,,,1123,1036
PAGEIND,CALL SPRD,,,,,,,,,,,13.22,2.46
PAGEIND,PUT SPRD,,,,,,,,,,,9.5,5.48
PAGEIND,CALL OI FIX,784,,,,,,,,,,786,795
PAGEIND,PUT OI FIX,1121,,,,,,,,,,1123,1142
PAGEIND,CALL DOI,,,,,,,,,,,6983,7973
PAGEIND,PUT DOI,,,,,,,,,,,-8523,-7631
PAGEIND,CALL GEX,,,,,,,,,,,967,993
PAGEIND,PUT GEX,,,,,,,,,,,1003,1002
PAGEIND,GEX STRIKE,,,,,,,,,,,37000.0,37000.0
PAGEIND,EXPIRY,,,,,,,,,,,2026-10-27,2026-10-27
PAGEIND,ATM IV,,,,,,,,,,,23.33,28.05
PATANJALI,PRICE,355.15,363.0,,,,356.0,357.3,355.87,403.78,403.45,355.45,358.1
PATANJALI,VWAP,,,,,,,,,,,355.87,355.76
PATANJALI,CASH VOL,4327803,1344954,803407,30.17,29.79,,,,,,246761,465799
PATANJALI,F&O VOL,27124,18745,,,,,,,,,453,1173
PATANJALI,F&O OI,51021,50004,,,,,,,,,51118,51147
PATANJALI,CALL VOL,7642,3051,,,,,,,,,216,467
PATANJALI,CALL OI,3400,2299,,,,,,,,,3239,3491
PATANJALI,PUT VOL,4812,4572,,,,,,,,,73,196
PATANJALI,PUT OI,2552,2372,,,,,,,,,2669,2560
PATANJALI,CALL SPRD,,,,,,,,,,,30.54,1.49
PATANJALI,PUT SPRD,,,,,,,,,,,2.0,1.38
PATANJALI,CALL OI FIX,3186,,,,,,,,,,3239,3277
PATANJALI,PUT OI FIX,2672,,,,,,,,,,2669,2675
PATANJALI,CALL DOI,,,,,,,,,,,1370242,1549877
PATANJALI,PUT DOI,,,,,,,,,,,-1345892,-1275799
PATANJALI,CALL GEX,,,,,,,,,,,133193,146591
PATANJALI,PUT GEX,,,,,,,,,,,97351,95810
PATANJALI,GEX STRIKE,,,,,,,,,,,380.0,380.0
PATANJALI,EXPIRY,,,,,,,,,,,2026-10-27,2026-10-27
PATANJALI,ATM IV,,,,,,,,,,,38.73,39.28
PAYTM,PRICE,1656.0,1678.0,,,,1656.0,1659.5,1657.17,1743.45,1697.15,1661.1,1662.8
PAYTM,VWAP,,,,,,,,,,,1664.47,1661.62
PAYTM,CASH VOL,1936812,2424277,767279,42.24,45.21,,,,,,75934,145720
PAYTM,F&O VOL,20681,27926,,,,,,,,,513,1799
PAYTM,F&O OI,37651,37435,,,,,,,,,37676,37841
PAYTM,CALL VOL,5939,9192,,,,,,,,,245,628
PAYTM,CALL OI,4473,4261,,,,,,,,,4493,4522
PAYTM,PUT VOL,5699,6764,,,,,,,,,121,572
PAYTM,PUT OI,4540,4359,,,,,,,,,4550,4681
PAYTM,CALL SPRD,,,,,,,,,,,1.24,0.54
PAYTM,PUT SPRD,,,,,,,,,,,1.47,1.09
PAYTM,CALL OI FIX,4473,,,,,,,,,,4493,4522
PAYTM,PUT OI FIX,4540,,,,,,,,,,4550,4681
PAYTM,CALL DOI,,,,,,,,,,,1504491,1536612
PAYTM,PUT DOI,,,,,,,,,,,-1404629,-1426035
PAYTM,CALL GEX,,,,,,,,,,,135624,132990
PAYTM,PUT GEX,,,,,,,,,,,127568,139684
PAYTM,GEX STRIKE,,,,,,,,,,,1700.0,1700.0
PAYTM,EXPIRY,,,,,,,,,,,2026-10-27,2026-10-27
PAYTM,ATM IV,,,,,,,,,,,37.88,37.3
PERSISTENT,PRICE,5367.0,5279.0,,,,5448.0,5352.42,5323.25,5356.5,5325.5,5487.0,5505.0
PERSISTENT,VWAP,,,,,,,,,,,5448.0,5467.79
PERSISTENT,CASH VOL,506268,611251,117693,36.47,40.25,,,,,,82140,142469
PERSISTENT,F&O VOL,31783,34542,,,,,,,,,5257,10412
PERSISTENT,F&O OI,34746,34615,,,,,,,,,34911,35252
PERSISTENT,CALL VOL,17614,19499,,,,,,,,,2924,5570
PERSISTENT,CALL OI,4930,5076,,,,,,,,,5207,5256
PERSISTENT,PUT VOL,6750,6857,,,,,,,,,1317,2507
PERSISTENT,PUT OI,3423,3019,,,,,,,,,3388,3626
PERSISTENT,CALL SPRD,,,,,,,,,,,0.64,0.85
PERSISTENT,PUT SPRD,,,,,,,,,,,1.08,1.41
PERSISTENT,CALL OI FIX,4451,,,,,,,,,,4680,4695
PERSISTENT,PUT OI FIX,3512,,,,,,,,,,3477,3707
PERSISTENT,CALL DOI,,,,,,,,,,,336533,344951
PERSISTENT,PUT DOI,,,,,,,,,,,-140406,-148030
PERSISTENT,CALL GEX,,,,,,,,,,,25215,26332
PERSISTENT,PUT GEX,,,,,,,,,,,13816,14256
PERSISTENT,GEX STRIKE,,,,,,,,,,,5300.0,5300.0
PERSISTENT,EXPIRY,,,,,,,,,,,2026-10-27,2026-10-27
PERSISTENT,ATM IV,,,,,,,,,,,40.7,39.94
PETRONET,PRICE,285.5,284.5,,,,287.5,285.49,285.48,285.76,284.27,292.1,293.35
PETRONET,VWAP,,,,,,,,,,,291.23,292.37
PETRONET,CASH VOL,1678508,2419296,528359,69.08,72.9,,,,,,243172,583662
PETRONET,F&O VOL,3601,4006,,,,,,,,,941,2396
PETRONET,F&O OI,18568,18399,,,,,,,,,18622,18878
PETRONET,CALL VOL,1429,2157,,,,,,,,,757,1527
PETRONET,CALL OI,1830,1688,,,,,,,,,1983,2037
PETRONET,PUT VOL,832,758,,,,,,,,,118,357
PETRONET,PUT OI,771,835,,,,,,,,,784,833
PETRONET,CALL SPRD,,,,,,,,,,,3.95,3.77
PETRONET,PUT SPRD,,,,,,,,,,,69.09,27.54
PETRONET,CALL OI FIX,1452,,,,,,,,,,1495,1546
PETRONET,PUT OI FIX,829,,,,,,,,,,840,898
PETRONET,CALL DOI,,,,,,,,,,,2087053,2268442
PETRONET,PUT DOI,,,,,,,,,,,-524675,-528965
PETRONET,CALL GEX,,,,,,,,,,,287985,303607
PETRONET,PUT GEX,,,,,,,,,,,78449,81728
PETRONET,GEX STRIKE,,,,,,,,,,,290.0,290.0
PETRONET,EXPIRY,,,,,,,,,,,2026-10-27,2026-10-27
PETRONET,ATM IV,,,,,,,,,,,,18.18
PFC,PRICE,318.0,325.5,,,,320.1,319.93,318.64,343.12,339.71,321.5,321.3
PFC,VWAP,,,,,,,,,,,321.72,321.61
PFC,CASH VOL,9777829,9986223,2914234,57.67,68.73,,,,,,464265,723979
PFC,F&O VOL,28145,24590,,,,,,,,,1065,2603
PFC,F&O OI,110213,108806,,,,,,,,,110098,110116
PFC,CALL VOL,11106,7652,,,,,,,,,636,1236
PFC,CALL OI,8432,7111,,,,,,,,,8284,8314
PFC,PUT VOL,5922,6026,,,,,,,,,296,586
PFC,PUT OI,8138,8206,,,,,,,,,8143,8189
PFC,CALL SPRD,,,,,,,,,,,1.87,1.48
PFC,PUT SPRD,,,,,,,,,,,1.41,1.4
PFC,CALL OI FIX,8432,,,,,,,,,,8284,8314
PFC,PUT OI FIX,8138,,,,,,,,,,8143,8189
PFC,CALL DOI,,,,,,,,,,,4221454,4206194
PFC,PUT DOI,,,,,,,,,,,-5031213,-5203355
PFC,CALL GEX,,,,,,,,,,,577103,558559
PFC,PUT GEX,,,,,,,,,,,467084,518280
PFC,GEX STRIKE,,,,,,,,,,,330.0,330.0
PFC,EXPIRY,,,,,,,,,,,2026-10-27,2026-10-27
PFC,ATM IV,,,,,,,,,,,27.56,27.34
PGEL,PRICE,481.1,493.45,,,,487.55,486.38,482.86,526.73,521.24,492.25,494.75
PGEL,VWAP,,,,,,,,,,,493.42,493.18
PGEL,CASH VOL,1012842,825728,360834,45.84,38.23,,,,,,43907,64936
PGEL,F&O VOL,6632,5505,,,,,,,,,886,1348
PGEL,F&O OI,17263,16769,,,,,,,,,17425,17458
PGEL,CALL VOL,2676,2239,,,,,,,,,673,976
PGEL,CALL OI,1915,1496,,,,,,,,,2006,2022
PGEL,PUT VOL,1526,1401,,,,,,,,,69,138
PGEL,PUT OI,1856,1845,,,,,,,,,1877,1880
PGEL,CALL SPRD,,,,,,,,,,,2.53,1.69
PGEL,PUT SPRD,,,,,,,,,,,7.04,2.47
PGEL,CALL OI FIX,1626,,,,,,,,,,1708,1731
PGEL,PUT OI FIX,1840,,,,,,,,,,1861,1864
PGEL,CALL DOI,,,,,,,,,,,675635,721675
PGEL,PUT DOI,,,,,,,,,,,-759264,-715050
PGEL,CALL GEX,,,,,,,,,,,77541,80367
PGEL,PUT GEX,,,,,,,,,,,58235,61486
PGEL,GEX STRIKE,,,,,,,,,,,520.0,520.0
PGEL,EXPIRY,,,,,,,,,,,2026-10-27,2026-10-27
PGEL,ATM IV,,,,,,,,,,,38.0,35.97
PHOENIXLTD,PRICE,1930.0,1935.0,,,,1911.1,1937.45,1932.48,1974.88,1967.85,1943.6,1951.0
PHOENIXLTD,VWAP,,,,,,,,,,,1945.5,1944.64
PHOENIXLTD,CASH VOL,555494,421345,117876,59.45,63.39,,,,,,27432,68869
PHOENIXLTD,F&O VOL,4241,2195,,,,,,,,,37,165
PHOENIXLTD,F&O OI,12383,11655,,,,,,,,,12397,12421
PHOENIXLTD,CALL VOL,1084,707,,,,,,,,,2,70
PHOENIXLTD,CALL OI,767,494,,,,,,,,,764,786
PHOENIXLTD,PUT VOL,996,311,,,,,,,,,19,68
PHOENIXLTD,PUT OI,679,347,,,,,,,,,732,702
PHOENIXLTD,CALL SPRD,,,,,,,,,,,3.51,1.75
PHOENIXLTD,PUT SPRD,,,,,,,,,,,3.73,29.94
PHOENIXLTD,CALL OI FIX,763,,,,,,,,,,763,782
PHOENIXLTD,PUT OI FIX,759,,,,,,,,,,768,782
PHOENIXLTD,CALL DOI,,,,,,,,,,,128904,135793
PHOENIXLTD,PUT DOI,,,,,,,,,,,-94013,-88908
PHOENIXLTD,CALL GEX,,,,,,,,,,,12322,14500
PHOENIXLTD,PUT GEX,,,,,,,,,,,12038,11802
PHOENIXLTD,GEX STRIKE,,,,,,,,,,,1940.0,1940.0
PHOENIXLTD,EXPIRY,,,,,,,,,,,2026-10-27,2026-10-27
PHOENIXLTD,ATM IV,,,,,,,,,,,33.63,27.11
PIDILITIND,PRICE,1464.0,1465.1,,,,1464.2,1471.85,1466.62,1543.7,1526.03,1478.8,1482.0
PIDILITIND,VWAP,,,,,,,,,,,1482.57,1481.52
PIDILITIND,CASH VOL,867267,940925,190144,60.78,68.12,,,,,,118758,198339
PIDILITIND,F&O VOL,4061,5487,,,,,,,,,83,204
PIDILITIND,F&O OI,13304,12975,,,,,,,,,13306,13336
PIDILITIND,CALL VOL,1558,2043,,,,,,,,,44,107
PIDILITIND,CALL OI,1122,791,,,,,,,,,1115,1136
PIDILITIND,PUT VOL,1140,1605,,,,,,,,,21,50
PIDILITIND,PUT OI,1075,908,,,,,,,,,1081,1086
PIDILITIND,CALL SPRD,,,,,,,,,,,2.84,1.8
PIDILITIND,PUT SPRD,,,,,,,,,,,2.8,0.7
PIDILITIND,CALL OI FIX,993,,,,,,,,,,986,1007
PIDILITIND,PUT OI FIX,1113,,,,,,,,,,1119,1124
PIDILITIND,CALL DOI,,,,,,,,,,,221110,232981
PIDILITIND,PUT DOI,,,,,,,,,,,-207725,-201364
PIDILITIND,CALL GEX,,,,,,,,,,,36774,38448
PIDILITIND,PUT GEX,,,,,,,,,,,33313,32878
PIDILITIND,GEX STRIKE,,,,,,,,,,,1500.0,1500.0
PIDILITIND,EXPIRY,,,,,,,,,,,2026-10-27,2026-10-27
PIDILITIND,ATM IV,,,,,,,,,,,21.73,22.18
PIIND,PRICE,2236.0,2310.0,,,,2243.9,2261.2,2244.4,2396.45,2389.35,2271.0,2282.4
PIIND,VWAP,,,,,,,,,,,2275.13,2273.91
PIIND,CASH VOL,125263,174009,37414,45.24,53.08,,,,,,6740,11340
PIIND,F&O VOL,8205,6498,,,,,,,,,413,789
PIIND,F&O OI,30163,29303,,,,,,,,,30133,30142
PIIND,CALL VOL,1921,1329,,,,,,,,,87,184
PIIND,CALL OI,1633,1011,,,,,,,,,1622,1621
PIIND,PUT VOL,1398,1124,,,,,,,,,42,106
PIIND,PUT OI,1776,1792,,,,,,,,,1785,1801
PIIND,CALL SPRD,,,,,,,,,,,8.07,9.13
PIIND,PUT SPRD,,,,,,,,,,,27.4,16.76
PIIND,CALL OI FIX,1185,,,,,,,,,,1177,1178
PIIND,PUT OI FIX,1713,,,,,,,,,,1723,1744
PIIND,CALL DOI,,,,,,,,,,,147168,152789
PIIND,PUT DOI,,,,,,,,,,,-140257,-134203
PIIND,CALL GEX,,,,,,,,,,,16508,16393
PIIND,PUT GEX,,,,,,,,,,,14543,15072
PIIND,GEX STRIKE,,,,,,,,,,,2300.0,2300.0
PIIND,EXPIRY,,,,,,,,,,,2026-10-27,2026-10-27
PIIND,ATM IV,,,,,,,,,,,29.86,29.86
PNB,PRICE,109.57,113.06,,,,110.65,111.38,110.17,117.56,116.92,113.14,113.22
PNB,VWAP,,,,,,,,,,,112.64,113.06
PNB,CASH VOL,11365686,15255055,2768999,42.94,47.19,,,,,,1240721,2532661
PNB,F&O VOL,12370,11629,,,,,,,,,1417,3592
PNB,F&O OI,42494,41447,,,,,,,,,42432,42449
PNB,CALL VOL,3866,3541,,,,,,,,,908,1723
PNB,CALL OI,2652,1893,,,,,,,,,2611,2619
PNB,PUT VOL,2711,2566,,,,,,,,,217,666
PNB,PUT OI,2683,2780,,,,,,,,,2683,2784
PNB,CALL SPRD,,,,,,,,,,,1.55,1.32
PNB,PUT SPRD,,,,,,,,,,,2.0,1.31
PNB,CALL OI FIX,1944,,,,,,,,,,1901,1902
PNB,PUT OI FIX,2671,,,,,,,,,,2679,2779
PNB,CALL DOI,,,,,,,,,,,10445311,10525061
PNB,PUT DOI,,,,,,,,,,,-9670398,-9936024
PNB,CALL GEX,,,,,,,,,,,1055107,1108551
PNB,PUT GEX,,,,,,,,,,,1015110,1048261
PNB,GEX STRIKE,,,,,,,,,,,115.0,115.0
PNB,EXPIRY,,,,,,,,,,,2026-10-27,2026-10-27
PNB,ATM IV,,,,,,,,,,,33.58,30.85
PNBHOUSING,PRICE,1092.0,1120.0,,,,1092.0,1100.3,1094.77,1113.1,1100.97,1106.3,1104.6
PNBHOUSING,VWAP,,,,,,,,,,,1104.03,1104.8
PNBHOUSING,CASH VOL,1090171,1164222,272526,55.91,65.76,,,,,,31816,40322
PNBHOUSING,F&O VOL,5584,8249,,,,,,,,,189,442
PNBHOUSING,F&O OI,19569,19609,,,,,,,,,19564,19637
PNBHOUSING,CALL VOL,1883,3363,,,,,,,,,120,244
PNBHOUSING,CALL OI,1315,1241,,,,,,,,,1314,1356
PNBHOUSING,PUT VOL,1407,1764,,,,,,,,,18,43
PNBHOUSING,PUT OI,997,1130,,,,,,,,,996,995
PNBHOUSING,CALL SPRD,,,,,,,,,,,3.43,1.61
PNBHOUSING,PUT SPRD,,,,,,,,,,,2.92,2.1
PNBHOUSING,CALL OI FIX,1315,,,,,,,,,,1314,1356
PNBHOUSING,PUT OI FIX,997,,,,,,,,,,996,995
PNBHOUSING,CALL DOI,,,,,,,,,,,358711,359453
PNBHOUSING,PUT DOI,,,,,,,,,,,-217333,-219311
PNBHOUSING,CALL GEX,,,,,,,,,,,36777,38001
PNBHOUSING,PUT GEX,,,,,,,,,,,22471,22896
PNBHOUSING,GEX STRIKE,,,,,,,,,,,1140.0,1100.0
PNBHOUSING,EXPIRY,,,,,,,,,,,2026-10-27,2026-10-27
PNBHOUSING,ATM IV,,,,,,,,,,,36.69,35.64
POLICYBZR,PRICE,980.0,1063.9,,,,984.9,1011.15,990.38,1509.95,1280.65,948.7,951.4
POLICYBZR,VWAP,,,,,,,,,,,963.17,955.5
POLICYBZR,CASH VOL,14061779,8915211,5530398,42.62,37.84,,,,,,733017,1543855
POLICYBZR,F&O VOL,243134,181765,,,,,,,,,13392,39130
POLICYBZR,F&O OI,160721,144353,,,,,,,,,162341,165409
POLICYBZR,CALL VOL,34348,49141,,,,,,,,,3889,10214
POLICYBZR,CALL OI,7724,13395,,,,,,,,,6720,9631
POLICYBZR,PUT VOL,81151,47246,,,,,,,,,6263,14706
POLICYBZR,PUT OI,12878,13576,,,,,,,,,13358,14372
POLICYBZR,CALL SPRD,,,,,,,,,,,1.29,0.74
POLICYBZR,PUT SPRD,,,,,,,,,,,0.95,0.51
POLICYBZR,CALL OI FIX,9370,,,,,,,,,,10029,11420
POLICYBZR,PUT OI FIX,13298,,,,,,,,,,14008,14676
POLICYBZR,CALL DOI,,,,,,,,,,,915067,1312841
POLICYBZR,PUT DOI,,,,,,,,,,,-2218876,-2418912
POLICYBZR,CALL GEX,,,,,,,,,,,61549,84187
POLICYBZR,PUT GEX,,,,,,,,,,,120027,119932
POLICYBZR,GEX STRIKE,,,,,,,,,,,1000.0,1000.0
POLICYBZR,EXPIRY,,,,,,,,,,,2026-10-27,2026-10-27
POLICYBZR,ATM IV,,,,,,,,,,,61.26,62.31
POLYCAB,PRICE,7990.0,8026.0,,,,7990.0,8007.0,7995.67,8403.5,8393.5,8139.5,8169.5
POLYCAB,VWAP,,,,,,,,,,,8101.5,8136.6
POLYCAB,CASH VOL,463691,494724,135685,57.1,57.12,,,,,,20982,64763
POLYCAB,F&O VOL,16535,18045,,,,,,,,,942,3515
POLYCAB,F&O OI,30020,28872,,,,,,,,,29905,29952
POLYCAB,CALL VOL,7194,6748,,,,,,,,,553,1966
POLYCAB,CALL OI,4933,4451,,,,,,,,,4522,4813
POLYCAB,PUT VOL,3410,5868,,,,,,,,,87,533
POLYCAB,PUT OI,5537,5490,,,,,,,,,5606,5588
POLYCAB,CALL SPRD,,,,,,,,,,,1.21,1.26
POLYCAB,PUT SPRD,,,,,,,,,,,2.14,1.95
POLYCAB,CALL OI FIX,4292,,,,,,,,,,4194,4152
POLYCAB,PUT OI FIX,5962,,,,,,,,,,5961,6027
POLYCAB,CALL DOI,,,,,,,,,,,255585,272843
POLYCAB,PUT DOI,,,,,,,,,,,-284357,-280532
POLYCAB,CALL GEX,,,,,,,,,,,29150,30739
POLYCAB,PUT GEX,,,,,,,,,,,35049,33102
POLYCAB,GEX STRIKE,,,,,,,,,,,8200.0,8200.0
POLYCAB,EXPIRY,,,,,,,,,,,2026-10-27,2026-10-27
POLYCAB,ATM IV,,,,,,,,,,,29.84,30.17
POWERGRID,PRICE,254.55,260.5,,,,255.4,255.68,254.93,269.11,268.32,258.1,257.6
POWERGRID,VWAP,,,,,,,,,,,258.37,258.21
POWERGRID,CASH VOL,10976701,9769840,3193026,66.25,68.73,,,,,,496138,731192
POWERGRID,F&O VOL,24857,20926,,,,,,,,,1221,2034
POWERGRID,F&O OI,51838,49162,,,,,,,,,51759,51735
POWERGRID,CALL VOL,10234,7531,,,,,,,,,730,1104
POWERGRID,CALL OI,6157,4466,,,,,,,,,6025,6008
POWERGRID,PUT VOL,6345,6416,,,,,,,,,241,400
POWERGRID,PUT OI,4061,3984,,,,,,,,,4096,4096
POWERGRID,CALL SPRD,,,,,,,,,,,1.55,1.65
POWERGRID,PUT SPRD,,,,,,,,,,,2.41,3.39
POWERGRID,CALL OI FIX,4540,,,,,,,,,,4396,4378
POWERGRID,PUT OI FIX,3332,,,,,,,,,,3367,3367
POWERGRID,CALL DOI,,,,,,,,,,,4683202,4534373
POWERGRID,PUT DOI,,,,,,,,,,,-4021205,-4135438
POWERGRID,CALL GEX,,,,,,,,,,,835711,801682
POWERGRID,PUT GEX,,,,,,,,,,,485255,510800
POWERGRID,GEX STRIKE,,,,,,,,,,,270.0,260.0
POWERGRID,EXPIRY,,,,,,,,,,,2026-10-27,2026-10-27
POWERGRID,ATM IV,,,,,,,,,,,20.32,20.42
POWERINDIA,PRICE,31290.0,30630.0,,,,31500.0,31215.83,31067.5,31587.5,31219.17,31845.0,31715.0
POWERINDIA,VWAP,,,,,,,,,,,31783.33,31788.89
POWERINDIA,CASH VOL,145146,88522,28096,36.88,45.94,,,,,,8836,12916
POWERINDIA,F&O VOL,37898,17037,,,,,,,,,1969,3540
POWERINDIA,F&O OI,30694,30979,,,,,,,,,30804,30840
POWERINDIA,CALL VOL,18932,8651,,,,,,,,,1046,1577
POWERINDIA,CALL OI,5044,5266,,,,,,,,,4953,5008
POWERINDIA,PUT VOL,8673,2676,,,,,,,,,653,1218
POWERINDIA,PUT OI,5488,5289,,,,,,,,,4433,5703
POWERINDIA,CALL SPRD,,,,,,,,,,,1.4,1.45
POWERINDIA,PUT SPRD,,,,,,,,,,,1.62,1.67
POWERINDIA,CALL OI FIX,5044,,,,,,,,,,4970,5008
POWERINDIA,PUT OI FIX,5488,,,,,,,,,,5675,5703
POWERINDIA,CALL DOI,,,,,,,,,,,66745,64726
POWERINDIA,PUT DOI,,,,,,,,,,,-39700,-46440
POWERINDIA,CALL GEX,,,,,,,,,,,5515,5446
POWERINDIA,PUT GEX,,,,,,,,,,,4350,5170
POWERINDIA,GEX STRIKE,,,,,,,,,,,31000.0,31000.0
POWERINDIA,EXPIRY,,,,,,,,,,,2026-10-27,2026-10-27
POWERINDIA,ATM IV,,,,,,,,,,,33.82,35.0
PREMIERENE,PRICE,878.05,870.1,,,,885.45,876.78,874.25,902.3,898.37,877.5,874.0
PREMIERENE,VWAP,,,,,,,,,,,879.48,876.25
PREMIERENE,CASH VOL,1259157,1144007,536049,38.06,38.08,,,,,,54103,82833
PREMIERENE,F&O VOL,13776,16386,,,,,,,,,188,424
PREMIERENE,F&O OI,32774,31017,,,,,,,,,32781,32857
PREMIERENE,CALL VOL,5653,6315,,,,,,,,,74,191
PREMIERENE,CALL OI,7053,6311,,,,,,,,,7070,7097
PREMIERENE,PUT VOL,2530,3662,,,,,,,,,0,31
PREMIERENE,PUT OI,4400,4339,,,,,,,,,4400,4406
PREMIERENE,CALL SPRD,,,,,,,,,,,2.12,1.64
PREMIERENE,PUT SPRD,,,,,,,,,,,1.24,1.75
PREMIERENE,CALL OI FIX,7053,,,,,,,,,,7070,7097
PREMIERENE,PUT OI FIX,4400,,,,,,,,,,4400,4406
PREMIERENE,CALL DOI,,,,,,,,,,,1751695,1683648
PREMIERENE,PUT DOI,,,,,,,,,,,-1127889,-1153056
PREMIERENE,CALL GEX,,,,,,,,,,,183092,185453
PREMIERENE,PUT GEX,,,,,,,,,,,86139,92198
PREMIERENE,GEX STRIKE,,,,,,,,,,,900.0,900.0
PREMIERENE,EXPIRY,,,,,,,,,,,2026-10-27,2026-10-27
PREMIERENE,ATM IV,,,,,,,,,,,42.75,38.48
PRESTIGE,PRICE,1486.1,1481.9,,,,1484.4,1481.72,1472.95,1478.45,1478.02,1488.8,1492.9
PRESTIGE,VWAP,,,,,,,,,,,1492.13,1490.88
PRESTIGE,CASH VOL,1381292,1284002,244444,41.45,46.86,,,,,,11162,15068
PRESTIGE,F&O VOL,16294,16671,,,,,,,,,117,213
PRESTIGE,F&O OI,18352,17133,,,,,,,,,18353,18344
PRESTIGE,CALL VOL,6606,6856,,,,,,,,,68,121
PRESTIGE,CALL OI,2316,2002,,,,,,,,,2130,2310
PRESTIGE,PUT VOL,4355,5420,,,,,,,,,34,55
PRESTIGE,PUT OI,2231,2301,,,,,,,,,2232,2232
PRESTIGE,CALL SPRD,,,,,,,,,,,5.31,1.81
PRESTIGE,PUT SPRD,,,,,,,,,,,7.14,2.41
PRESTIGE,CALL OI FIX,2134,,,,,,,,,,2130,2127
PRESTIGE,PUT OI FIX,2231,,,,,,,,,,2232,2232
PRESTIGE,CALL DOI,,,,,,,,,,,454363,485571
PRESTIGE,PUT DOI,,,,,,,,,,,-350047,-348682
PRESTIGE,CALL GEX,,,,,,,,,,,44107,46874
PRESTIGE,PUT GEX,,,,,,,,,,,38469,38447
PRESTIGE,GEX STRIKE,,,,,,,,,,,1500.0,1500.0
PRESTIGE,EXPIRY,,,,,,,,,,,2026-10-27,2026-10-27
PRESTIGE,ATM IV,,,,,,,,,,,35.34,34.8
RADICO,PRICE,4237.0,4366.0,,,,4242.0,4314.5,4262.83,4546.42,4525.05,4281.4,4283.5
RADICO,VWAP,,,,,,,,,,,4273.87,4278.02
RADICO,CASH VOL,426809,387850,182726,56.11,55.03,,,,,,10901,24295
RADICO,F&O VOL,6515,9986,,,,,,,,,226,775
RADICO,F&O OI,13025,12063,,,,,,,,,13039,13243
RADICO,CALL VOL,1052,1695,,,,,,,,,62,119
RADICO,CALL OI,1000,792,,,,,,,,,979,983
RADICO,PUT VOL,773,1503,,,,,,,,,11,50
RADICO,PUT OI,893,867,,,,,,,,,896,912
RADICO,CALL SPRD,,,,,,,,,,,4.35,3.11
RADICO,PUT SPRD,,,,,,,,,,,4.84,3.26
RADICO,CALL OI FIX,912,,,,,,,,,,891,895
RADICO,PUT OI FIX,970,,,,,,,,,,973,986
RADICO,CALL DOI,,,,,,,,,,,54649,54840
RADICO,PUT DOI,,,,,,,,,,,-75539,-75803
RADICO,CALL GEX,,,,,,,,,,,6233,6337
RADICO,PUT GEX,,,,,,,,,,,5884,6005
RADICO,GEX STRIKE,,,,,,,,,,,4500.0,4500.0
RADICO,EXPIRY,,,,,,,,,,,2026-10-27,2026-10-27
RADICO,ATM IV,,,,,,,,,,,35.02,34.47
RBLBANK,PRICE,411.4,403.35,,,,418.05,411.43,411.41,416.23,415.44,413.9,413.25
RBLBANK,VWAP,,,,,,,,,,,416.17,413.96
RBLBANK,CASH VOL,5387538,3855694,884090,29.82,39.08,,,,,,753828,1217458
RBLBANK,F&O VOL,18999,9316,,,,,,,,,3348,5849
RBLBANK,F&O OI,23384,21810,,,,,,,,,23932,24252
RBLBANK,CALL VOL,7885,4093,,,,,,,,,1852,2979
RBLBANK,CALL OI,4023,3393,,,,,,,,,4452,4546
RBLBANK,PUT VOL,4629,1852,,,,,,,,,751,1167
RBLBANK,PUT OI,2699,1793,,,,,,,,,2862,2932
RBLBANK,CALL SPRD,,,,,,,,,,,1.49,1.16
RBLBANK,PUT SPRD,,,,,,,,,,,1.81,1.77
RBLBANK,CALL OI FIX,3627,,,,,,,,,,4020,4108
RBLBANK,PUT OI FIX,2610,,,,,,,,,,2773,2843
RBLBANK,CALL DOI,,,,,,,,,,,7002521,6993812
RBLBANK,PUT DOI,,,,,,,,,,,-3589452,-3726812
RBLBANK,CALL GEX,,,,,,,,,,,670281,655960
RBLBANK,PUT GEX,,,,,,,,,,,365199,398533
RBLBANK,GEX STRIKE,,,,,,,,,,,420.0,420.0
RBLBANK,EXPIRY,,,,,,,,,,,2026-10-27,2026-10-27
RBLBANK,ATM IV,,,,,,,,,,,34.31,33.7
RECLTD,PRICE,287.75,299.0,,,,288.0,292.2,289.23,312.05,310.25,292.65,291.65
RECLTD,VWAP,,,,,,,,,,,292.4,292.28
RECLTD,CASH VOL,9069239,6842344,1732473,57.74,50.87,,,,,,367474,704252
RECLTD,F&O VOL,23993,20443,,,,,,,,,1553,2510
RECLTD,F&O OI,54120,52777,,,,,,,,,54263,54342
RECLTD,CALL VOL,8818,7594,,,,,,,,,797,967
RECLTD,CALL OI,5697,4731,,,,,,,,,7008,5684
RECLTD,PUT VOL,7447,5364,,,,,,,,,405,710
RECLTD,PUT OI,6620,6224,,,,,,,,,7128,6759
RECLTD,CALL SPRD,,,,,,,,,,,1.28,1.56
RECLTD,PUT SPRD,,,,,,,,,,,2.2,0.7
RECLTD,CALL OI FIX,5697,,,,,,,,,,5668,5684
RECLTD,PUT OI FIX,6620,,,,,,,,,,6676,6759
RECLTD,CALL DOI,,,,,,,,,,,3765269,3348335
RECLTD,PUT DOI,,,,,,,,,,,-5732255,-5369553
RECLTD,CALL GEX,,,,,,,,,,,515134,447308
RECLTD,PUT GEX,,,,,,,,,,,472622,467475
RECLTD,GEX STRIKE,,,,,,,,,,,300.0,300.0
RECLTD,EXPIRY,,,,,,,,,,,2026-10-27,2026-10-27
RECLTD,ATM IV,,,,,,,,,,,29.35,29.52
RELIANCE,PRICE,1167.7,1187.0,,,,1171.2,1172.35,1169.25,1231.65,1227.88,1176.9,1180.3
RELIANCE,VWAP,,,,,,,,,,,1177.03,1177.54
RELIANCE,CASH VOL,16771221,16376789,4897862,61.24,69.68,,,,,,1432936,2083103
RELIANCE,F&O VOL,248960,217712,,,,,,,,,11000,23346
RELIANCE,F&O OI,574921,544764,,,,,,,,,575505,575883
RELIANCE,CALL VOL,67572,53935,,,,,,,,,4679,9176
RELIANCE,CALL OI,47410,38045,,,,,,,,,47350,47242
RELIANCE,PUT VOL,49044,39608,,,,,,,,,1645,4563
RELIANCE,PUT OI,45361,42530,,,,,,,,,45592,45710
RELIANCE,CALL SPRD,,,,,,,,,,,0.49,0.47
RELIANCE,PUT SPRD,,,,,,,,,,,0.56,0.39
RELIANCE,CALL OI FIX,42447,,,,,,,,,,42395,42270
RELIANCE,PUT OI FIX,43144,,,,,,,,,,43318,43453
RELIANCE,CALL DOI,,,,,,,,,,,10289682,10629854
RELIANCE,PUT DOI,,,,,,,,,,,-11461706,-11146053
RELIANCE,CALL GEX,,,,,,,,,,,1452243,1483884
RELIANCE,PUT GEX,,,,,,,,,,,1351856,1381690
RELIANCE,GEX STRIKE,,,,,,,,,,,1200.0,1200.0
RELIANCE,EXPIRY,,,,,,,,,,,2026-10-27,2026-10-27
RELIANCE,ATM IV,,,,,,,,,,,25.14,24.74
RVNL,PRICE,197.0,201.76,,,,198.0,198.25,197.42,208.89,207.63,198.13,199.1
RVNL,VWAP,,,,,,,,,,,198.74,198.58
RVNL,CASH VOL,6247340,17689293,1076467,29.56,13.84,,,,,,352543,520801
RVNL,F&O VOL,18564,57374,,,,,,,,,478,963
RVNL,F&O OI,35214,34367,,,,,,,,,35198,35268
RVNL,CALL VOL,7867,25539,,,,,,,,,360,636
RVNL,CALL OI,4600,4205,,,,,,,,,4488,4610
RVNL,PUT VOL,3330,9228,,,,,,,,,45,115
RVNL,PUT OI,3813,3747,,,,,,,,,3933,3842
RVNL,CALL SPRD,,,,,,,,,,,2.15,2.32
RVNL,PUT SPRD,,,,,,,,,,,5.59,2.01
RVNL,CALL OI FIX,4497,,,,,,,,,,4488,4504
RVNL,PUT OI FIX,3940,,,,,,,,,,3933,3970
RVNL,CALL DOI,,,,,,,,,,,3290574,3489187
RVNL,PUT DOI,,,,,,,,,,,-3738936,-3613920
RVNL,CALL GEX,,,,,,,,,,,364406,392606
RVNL,PUT GEX,,,,,,,,,,,271612,275262
RVNL,GEX STRIKE,,,,,,,,,,,210.0,210.0
RVNL,EXPIRY,,,,,,,,,,,2026-10-27,2026-10-27
RVNL,ATM IV,,,,,,,,,,,39.41,36.84
SAIL,PRICE,174.5,181.49,,,,174.21,176.17,175.06,184.23,182.68,178.0,177.4
SAIL,VWAP,,,,,,,,,,,178.13,177.83
SAIL,CASH VOL,26206885,15646382,6690334,43.19,48.15,,,,,,1612458,2037473
SAIL,F&O VOL,222,563,,,,,,,,,,
SAIL,F&O OI,37610,37763,,,,,,,,,37610,37610
SAIL,CALL VOL,,,,,,,,,,,0,0
SAIL,CALL OI,27,27,,,,,,,,,27,27
SAIL,PUT VOL,,1,,,,,,,,,0,0
SAIL,PUT OI,13,13,,,,,,,,,13,13
SAIL,CALL SPRD,,,,,,,,,,,195.7,195.7
SAIL,PUT SPRD,,,,,,,,,,,182.34,181.57
SAIL,CALL OI FIX,17,,,,,,,,,,17,17
SAIL,PUT OI FIX,12,,,,,,,,,,12,12
SAIL,CALL DOI,,,,,,,,,,,53330,51461
SAIL,PUT DOI,,,,,,,,,,,-29372,-30168
SAIL,CALL GEX,,,,,,,,,,,5542,5508
SAIL,PUT GEX,,,,,,,,,,,2353,2356
SAIL,GEX STRIKE,,,,,,,,,,,180.0,180.0
SAIL,EXPIRY,,,,,,,,,,,2026-10-27,2026-10-27
SAIL,ATM IV,,,,,,,,,,,,
SBICARD,PRICE,563.2,578.05,,,,565.25,571.33,565.91,624.67,615.69,568.6,568.85
SBICARD,VWAP,,,,,,,,,,,568.28,568.06
SBICARD,CASH VOL,962872,582328,252034,41.32,46.37,,,,,,35666,69441
SBICARD,F&O VOL,15626,10421,,,,,,,,,770,1188
SBICARD,F&O OI,35920,34346,,,,,,,,,35911,35956
SBICARD,CALL VOL,4495,2501,,,,,,,,,322,467
SBICARD,CALL OI,3960,2888,,,,,,,,,3883,3904
SBICARD,PUT VOL,2653,2310,,,,,,,,,336,450
SBICARD,PUT OI,4372,4204,,,,,,,,,4443,4454
SBICARD,CALL SPRD,,,,,,,,,,,1.83,1.61
SBICARD,PUT SPRD,,,,,,,,,,,2.27,1.13
SBICARD,CALL OI FIX,3321,,,,,,,,,,3247,3269
SBICARD,PUT OI FIX,4132,,,,,,,,,,4199,4210
SBICARD,CALL DOI,,,,,,,,,,,987822,1000006
SBICARD,PUT DOI,,,,,,,,,,,-1805157,-1812854
SBICARD,CALL GEX,,,,,,,,,,,131791,132948
SBICARD,PUT GEX,,,,,,,,,,,137645,143149
SBICARD,GEX STRIKE,,,,,,,,,,,600.0,600.0
SBICARD,EXPIRY,,,,,,,,,,,2026-10-27,2026-10-27
SBICARD,ATM IV,,,,,,,,,,,33.31,32.42
SBILIFE,PRICE,1721.6,1696.4,,,,1721.6,1715.25,1702.55,1745.65,1743.22,1725.9,1735.2
SBILIFE,VWAP,,,,,,,,,,,1728.03,1729.29
SBILIFE,CASH VOL,3329860,1813203,754334,63.76,64.08,,,,,,31738,82755
SBILIFE,F&O VOL,12730,11611,,,,,,,,,214,530
SBILIFE,F&O OI,24228,23882,,,,,,,,,24235,24230
SBILIFE,CALL VOL,4729,4009,,,,,,,,,105,294
SBILIFE,CALL OI,1976,2145,,,,,,,,,1901,1943
SBILIFE,PUT VOL,3064,3753,,,,,,,,,31,72
SBILIFE,PUT OI,1577,1517,,,,,,,,,1637,1572
SBILIFE,CALL SPRD,,,,,,,,,,,2.52,1.26
SBILIFE,PUT SPRD,,,,,,,,,,,3.7,1.65
SBILIFE,CALL OI FIX,1902,,,,,,,,,,1901,1869
SBILIFE,PUT OI FIX,1646,,,,,,,,,,1637,1638
SBILIFE,CALL DOI,,,,,,,,,,,301454,322017
SBILIFE,PUT DOI,,,,,,,,,,,-266249,-245835
SBILIFE,CALL GEX,,,,,,,,,,,38685,42107
SBILIFE,PUT GEX,,,,,,,,,,,32837,31026
SBILIFE,GEX STRIKE,,,,,,,,,,,1760.0,1760.0
SBILIFE,EXPIRY,,,,,,,,,,,2026-10-27,2026-10-27
SBILIFE,ATM IV,,,,,,,,,,,27.79,26.28
SBIN,PRICE,954.1,959.5,,,,959.0,955.6,954.6,987.95,984.65,967.9,967.4
SBIN,VWAP,,,,,,,,,,,964.35,966.23
SBIN,CASH VOL,7390452,8010571,2325263,50.73,57.46,,,,,,507642,825486
SBIN,F&O VOL,112766,110048,,,,,,,,,6884,15622
SBIN,F&O OI,236879,233003,,,,,,,,,236592,236676
SBIN,CALL VOL,52807,44787,,,,,,,,,4238,7946
SBIN,CALL OI,28191,26386,,,,,,,,,27617,27494
SBIN,PUT VOL,29094,27620,,,,,,,,,1657,3607
SBIN,PUT OI,26853,26994,,,,,,,,,27139,27385
SBIN,CALL SPRD,,,,,,,,,,,0.47,0.73
SBIN,PUT SPRD,,,,,,,,,,,0.27,0.8
SBIN,CALL OI FIX,24617,,,,,,,,,,24108,23985
SBIN,PUT OI FIX,27473,,,,,,,,,,27790,27979
SBIN,CALL DOI,,,,,,,,,,,8851510,8722415
SBIN,PUT DOI,,,,,,,,,,,-9476792,-9747809
SBIN,CALL GEX,,,,,,,,,,,1504351,1481308
SBIN,PUT GEX,,,,,,,,,,,1274120,1323685
SBIN,GEX STRIKE,,,,,,,,,,,1000.0,1000.0
SBIN,EXPIRY,,,,,,,,,,,2026-10-27,2026-10-27
SBIN,ATM IV,,,,,,,,,,,20.9,20.92
SHREECEM,PRICE,21900.0,22345.0,,,,21750.0,21871.67,21815.0,22495.0,22445.0,21990.0,22015.0
SHREECEM,VWAP,,,,,,,,,,,22018.33,21972.15
SHREECEM,CASH VOL,59306,20963,23221,60.82,55.93,,,,,,628,1427
SHREECEM,F&O VOL,9979,5122,,,,,,,,,216,403
SHREECEM,F&O OI,19894,19391,,,,,,,,,19932,19907
SHREECEM,CALL VOL,4462,2203,,,,,,,,,109,220
SHREECEM,CALL OI,1957,1268,,,,,,,,,1960,1945
SHREECEM,PUT VOL,1461,1112,,,,,,,,,14,70
SHREECEM,PUT OI,1001,1053,,,,,,,,,1007,1000
SHREECEM,CALL SPRD,,,,,,,,,,,3.82,8.47
SHREECEM,PUT SPRD,,,,,,,,,,,7.0,5.43
SHREECEM,CALL OI FIX,1957,,,,,,,,,,1960,1945
SHREECEM,PUT OI FIX,1001,,,,,,,,,,1007,1000
SHREECEM,CALL DOI,,,,,,,,,,,20556,20701
SHREECEM,PUT DOI,,,,,,,,,,,-10481,-10264
SHREECEM,CALL GEX,,,,,,,,,,,2791,2777
SHREECEM,PUT GEX,,,,,,,,,,,1108,1123
SHREECEM,GEX STRIKE,,,,,,,,,,,22000.0,22000.0
SHREECEM,EXPIRY,,,,,,,,,,,2026-10-27,2026-10-27
SHREECEM,ATM IV,,,,,,,,,,,28.64,27.57
SHRIRAMFIN,PRICE,945.0,982.7,,,,964.0,955.5,948.5,1000.7,996.3,967.95,965.9
SHRIRAMFIN,VWAP,,,,,,,,,,,964.93,965.55
SHRIRAMFIN,CASH VOL,5599670,5552495,1937554,63.51,70.33,,,,,,976231,1248144
SHRIRAMFIN,F&O VOL,34253,21981,,,,,,,,,3638,5766
SHRIRAMFIN,F&O OI,47227,43975,,,,,,,,,47155,47172
SHRIRAMFIN,CALL VOL,14586,9364,,,,,,,,,2616,3655
SHRIRAMFIN,CALL OI,7493,6546,,,,,,,,,7441,7534
SHRIRAMFIN,PUT VOL,11603,5669,,,,,,,,,738,1434
SHRIRAMFIN,PUT OI,6470,5344,,,,,,,,,6559,6477
SHRIRAMFIN,CALL SPRD,,,,,,,,,,,0.39,0.98
SHRIRAMFIN,PUT SPRD,,,,,,,,,,,1.03,1.19
SHRIRAMFIN,CALL OI FIX,7152,,,,,,,,,,7101,7200
SHRIRAMFIN,PUT OI FIX,6516,,,,,,,,,,6606,6555
SHRIRAMFIN,CALL DOI,,,,,,,,,,,2467031,2417201
SHRIRAMFIN,PUT DOI,,,,,,,,,,,-2286439,-2417910
SHRIRAMFIN,CALL GEX,,,,,,,,,,,278792,289434
SHRIRAMFIN,PUT GEX,,,,,,,,,,,208241,232223
SHRIRAMFIN,GEX STRIKE,,,,,,,,,,,980.0,980.0
SHRIRAMFIN,EXPIRY,,,,,,,,,,,2026-10-27,2026-10-27
SHRIRAMFIN,ATM IV,,,,,,,,,,,33.0,31.95
SIEMENS,PRICE,3804.0,3725.6,,,,3804.0,3788.25,3756.75,3889.65,3881.22,3829.8,3819.3
SIEMENS,VWAP,,,,,,,,,,,3828.47,3827.69
SIEMENS,CASH VOL,243713,183302,76439,42.26,45.86,,,,,,8538,13346
SIEMENS,F&O VOL,9593,5991,,,,,,,,,493,833
SIEMENS,F&O OI,26934,27041,,,,,,,,,26903,26938
SIEMENS,CALL VOL,4996,3321,,,,,,,,,293,486
SIEMENS,CALL OI,2744,2663,,,,,,,,,3575,2767
SIEMENS,PUT VOL,1409,571,,,,,,,,,57,108
SIEMENS,PUT OI,2880,2736,,,,,,,,,2928,2899
SIEMENS,CALL SPRD,,,,,,,,,,,3.84,2.12
SIEMENS,PUT SPRD,,,,,,,,,,,22.19,2.05
SIEMENS,CALL OI FIX,2744,,,,,,,,,,2735,2767
SIEMENS,PUT OI FIX,2880,,,,,,,,,,2885,2899
SIEMENS,CALL DOI,,,,,,,,,,,252098,218598
SIEMENS,PUT DOI,,,,,,,,,,,-179610,-180871
SIEMENS,CALL GEX,,,,,,,,,,,35146,29482
SIEMENS,PUT GEX,,,,,,,,,,,21968,22412
SIEMENS,GEX STRIKE,,,,,,,,,,,3800.0,3800.0
SIEMENS,EXPIRY,,,,,,,,,,,2026-10-27,2026-10-27
SIEMENS,ATM IV,,,,,,,,,,,32.06,27.29
SOLARINDS,PRICE,19400.0,19700.0,,,,19450.0,19343.17,19229.5,19842.5,19777.5,19509.0,19436.0
SOLARINDS,VWAP,,,,,,,,,,,19515.0,19487.04
SOLARINDS,CASH VOL,204788,302167,62824,35.8,37.93,,,,,,8897,15205
SOLARINDS,F&O VOL,27724,59681,,,,,,,,,1336,2679
SOLARINDS,F&O OI,37894,37187,,,,,,,,,37890,37934
SOLARINDS,CALL VOL,9017,23260,,,,,,,,,602,1048
SOLARINDS,CALL OI,5520,5135,,,,,,,,,5451,5416
SOLARINDS,PUT VOL,4076,8019,,,,,,,,,61,201
SOLARINDS,PUT OI,3974,4218,,,,,,,,,3971,4002
SOLARINDS,CALL SPRD,,,,,,,,,,,2.05,1.65
SOLARINDS,PUT SPRD,,,,,,,,,,,3.36,2.81
SOLARINDS,CALL OI FIX,5520,,,,,,,,,,5451,5416
SOLARINDS,PUT OI FIX,3974,,,,,,,,,,3971,4002
SOLARINDS,CALL DOI,,,,,,,,,,,130477,124811
SOLARINDS,PUT DOI,,,,,,,,,,,-85366,-88586
SOLARINDS,CALL GEX,,,,,,,,,,,11953,12571
SOLARINDS,PUT GEX,,,,,,,,,,,7357,7591
SOLARINDS,GEX STRIKE,,,,,,,,,,,20000.0,20000.0
SOLARINDS,EXPIRY,,,,,,,,,,,2026-10-27,2026-10-27
SOLARINDS,ATM IV,,,,,,,,,,,37.5,35.47
SONACOMS,PRICE,805.0,830.0,,,,803.75,806.1,805.37,821.51,815.52,797.0,795.8
SONACOMS,VWAP,,,,,,,,,,,798.57,797.3
SONACOMS,CASH VOL,3497748,2734579,1474417,44.74,47.28,,,,,,83434,169698
SONACOMS,F&O VOL,19044,13602,,,,,,,,,401,1119
SONACOMS,F&O OI,19637,17856,,,,,,,,,19747,19883
SONACOMS,CALL VOL,6193,6359,,,,,,,,,144,390
SONACOMS,CALL OI,3038,2347,,,,,,,,,3056,3092
SONACOMS,PUT VOL,4058,2007,,,,,,,,,91,190
SONACOMS,PUT OI,2297,1810,,,,,,,,,2314,2325
SONACOMS,CALL SPRD,,,,,,,,,,,2.62,1.26
SONACOMS,PUT SPRD,,,,,,,,,,,2.08,1.37
SONACOMS,CALL OI FIX,3038,,,,,,,,,,3056,3092
SONACOMS,PUT OI FIX,2297,,,,,,,,,,2314,2325
SONACOMS,CALL DOI,,,,,,,,,,,1454224,1418560
SONACOMS,PUT DOI,,,,,,,,,,,-1361424,-1382125
SONACOMS,CALL GEX,,,,,,,,,,,158068,167934
SONACOMS,PUT GEX,,,,,,,,,,,104962,104760
SONACOMS,GEX STRIKE,,,,,,,,,,,840.0,840.0
SONACOMS,EXPIRY,,,,,,,,,,,2026-10-27,2026-10-27
SONACOMS,ATM IV,,,,,,,,,,,36.92,36.21
SRF,PRICE,2486.2,2472.5,,,,2484.9,2478.57,2463.3,2536.18,2528.55,2484.7,2486.2
SRF,VWAP,,,,,,,,,,,2486.8,2485.81
SRF,CASH VOL,352530,292029,66354,61.36,54.71,,,,,,6762,10327
SRF,F&O VOL,5207,10821,,,,,,,,,188,422
SRF,F&O OI,26994,27353,,,,,,,,,26943,26935
SRF,CALL VOL,1636,4909,,,,,,,,,72,132
SRF,CALL OI,1811,1961,,,,,,,,,1779,1776
SRF,PUT VOL,930,2257,,,,,,,,,20,50
SRF,PUT OI,1792,1841,,,,,,,,,1797,1807
SRF,CALL SPRD,,,,,,,,,,,8.46,5.14
SRF,PUT SPRD,,,,,,,,,,,8.49,2.77
SRF,CALL OI FIX,1811,,,,,,,,,,1779,1776
SRF,PUT OI FIX,1792,,,,,,,,,,1797,1807
SRF,CALL DOI,,,,,,,,,,,184760,186173
SRF,PUT DOI,,,,,,,,,,,-156749,-154945
SRF,CALL GEX,,,,,,,,,,,23527,22702
SRF,PUT GEX,,,,,,,,,,,18152,18630
SRF,GEX STRIKE,,,,,,,,,,,2500.0,2500.0
SRF,EXPIRY,,,,,,,,,,,2026-10-27,2026-10-27
SRF,ATM IV,,,,,,,,,,,27.39,25.3
SUNPHARMA,PRICE,1801.0,1816.6,,,,1785.0,1810.65,1804.22,1860.8,1855.07,1792.5,1790.6
SUNPHARMA,VWAP,,,,,,,,,,,1795.7,1793.54
SUNPHARMA,CASH VOL,2314700,2401495,908147,63.96,63.77,,,,,,56441,88588
SUNPHARMA,F&O VOL,33516,46030,,,,,,,,,1400,2955
SUNPHARMA,F&O OI,66185,62484,,,,,,,,,66382,66500
SUNPHARMA,CALL VOL,12936,16509,,,,,,,,,748,1589
SUNPHARMA,CALL OI,5961,4796,,,,,,,,,6100,6157
SUNPHARMA,PUT VOL,11818,14483,,,,,,,,,543,903
SUNPHARMA,PUT OI,6544,5661,,,,,,,,,6621,6585
SUNPHARMA,CALL SPRD,,,,,,,,,,,1.4,1.01
SUNPHARMA,PUT SPRD,,,,,,,,,,,1.34,1.37
SUNPHARMA,CALL OI FIX,5961,,,,,,,,,,6100,6157
SUNPHARMA,PUT OI FIX,6544,,,,,,,,,,6621,6585
SUNPHARMA,CALL DOI,,,,,,,,,,,626895,606721
SUNPHARMA,PUT DOI,,,,,,,,,,,-1129566,-1145457
SUNPHARMA,CALL GEX,,,,,,,,,,,140056,143953
SUNPHARMA,PUT GEX,,,,,,,,,,,157327,157547
SUNPHARMA,GEX STRIKE,,,,,,,,,,,1860.0,1860.0
SUNPHARMA,EXPIRY,,,,,,,,,,,2026-10-27,2026-10-27
SUNPHARMA,ATM IV,,,,,,,,,,,19.95,19.43
SUPREMEIND,PRICE,3380.0,3451.0,,,,3391.0,3374.48,3363.45,3530.2,3490.6,3390.1,3410.3
SUPREMEIND,VWAP,,,,,,,,,,,3406.0,3397.69
SUPREMEIND,CASH VOL,167968,139486,62444,41.88,47.4,,,,,,6741,9161
SUPREMEIND,F&O VOL,6789,4731,,,,,,,,,324,671
SUPREMEIND,F&O OI,14647,13701,,,,,,,,,14791,14775
SUPREMEIND,CALL VOL,2304,2671,,,,,,,,,62,219
SUPREMEIND,CALL OI,934,672,,,,,,,,,931,900
SUPREMEIND,PUT VOL,1360,675,,,,,,,,,6,113
SUPREMEIND,PUT OI,869,605,,,,,,,,,872,864
SUPREMEIND,CALL SPRD,,,,,,,,,,,3.94,3.01
SUPREMEIND,PUT SPRD,,,,,,,,,,,10.74,2.45
SUPREMEIND,CALL OI FIX,934,,,,,,,,,,931,900
SUPREMEIND,PUT OI FIX,869,,,,,,,,,,872,864
SUPREMEIND,CALL DOI,,,,,,,,,,,58649,61998
SUPREMEIND,PUT DOI,,,,,,,,,,,-73090,-69789
SUPREMEIND,CALL GEX,,,,,,,,,,,7737,7781
SUPREMEIND,PUT GEX,,,,,,,,,,,6378,6293
SUPREMEIND,GEX STRIKE,,,,,,,,,,,3600.0,3600.0
SUPREMEIND,EXPIRY,,,,,,,,,,,2026-10-27,2026-10-27
SUPREMEIND,ATM IV,,,,,,,,,,,29.68,30.81
SUZLON,PRICE,38.91,39.49,,,,39.0,39.02,38.94,42.16,41.26,39.13,39.13
SUZLON,VWAP,,,,,,,,,,,39.2,39.12
SUZLON,CASH VOL,53247107,47026942,13496319,38.56,48.72,,,,,,3555129,6530976
SUZLON,F&O VOL,15479,13117,,,,,,,,,536,1184
SUZLON,F&O OI,54424,53499,,,,,,,,,54416,54537
SUZLON,CALL VOL,5653,5026,,,,,,,,,319,672
SUZLON,CALL OI,6487,5507,,,,,,,,,6502,6557
SUZLON,PUT VOL,3638,2706,,,,,,,,,61,137
SUZLON,PUT OI,4679,4384,,,,,,,,,4676,4678
SUZLON,CALL SPRD,,,,,,,,,,,1.77,2.33
SUZLON,PUT SPRD,,,,,,,,,,,2.92,2.21
SUZLON,CALL OI FIX,6487,,,,,,,,,,6502,6557
SUZLON,PUT OI FIX,4679,,,,,,,,,,4676,4678
SUZLON,CALL DOI,,,,,,,,,,,27909037,27628761
SUZLON,PUT DOI,,,,,,,,,,,-27539717,-27555059
SUZLON,CALL GEX,,,,,,,,,,,2718044,2849301
SUZLON,PUT GEX,,,,,,,,,,,1850199,1840840
SUZLON,GEX STRIKE,,,,,,,,,,,40.0,40.0
SUZLON,EXPIRY,,,,,,,,,,,2026-10-27,2026-10-27
SUZLON,ATM IV,,,,,,,,,,,40.61,39.02
SWIGGY,PRICE,238.0,250.1,,,,239.2,242.3,239.43,275.52,268.41,238.2,240.45
SWIGGY,VWAP,,,,,,,,,,,239.18,238.93
SWIGGY,CASH VOL,13785398,9125415,5098772,44.9,43.36,,,,,,816985,1311774
SWIGGY,F&O VOL,28918,18936,,,,,,,,,838,2443
SWIGGY,F&O OI,63659,58762,,,,,,,,,63808,64360
SWIGGY,CALL VOL,8319,5032,,,,,,,,,396,893
SWIGGY,CALL OI,5476,3570,,,,,,,,,5553,5734
SWIGGY,PUT VOL,6564,4286,,,,,,,,,171,401
SWIGGY,PUT OI,5981,5316,,,,,,,,,6001,6026
SWIGGY,CALL SPRD,,,,,,,,,,,2.08,1.45
SWIGGY,PUT SPRD,,,,,,,,,,,2.57,2.21
SWIGGY,CALL OI FIX,5476,,,,,,,,,,5553,5734
SWIGGY,PUT OI FIX,5981,,,,,,,,,,6001,6026
SWIGGY,CALL DOI,,,,,,,,,,,3022543,3461623
SWIGGY,PUT DOI,,,,,,,,,,,-5998373,-5702878
SWIGGY,CALL GEX,,,,,,,,,,,314858,337461
SWIGGY,PUT GEX,,,,,,,,,,,373605,388589
SWIGGY,GEX STRIKE,,,,,,,,,,,240.0,240.0
SWIGGY,EXPIRY,,,,,,,,,,,2026-10-27,2026-10-27
SWIGGY,ATM IV,,,,,,,,,,,42.41,42.12
TATACONSUM,PRICE,957.0,949.5,,,,953.85,956.3,954.9,992.6,986.33,954.0,956.55
TATACONSUM,VWAP,,,,,,,,,,,957.2,954.85
TATACONSUM,CASH VOL,1829307,1708408,492013,62.53,68.61,,,,,,29672,80772
TATACONSUM,F&O VOL,12132,10059,,,,,,,,,260,535
TATACONSUM,F&O OI,40557,39825,,,,,,,,,40577,40599
TATACONSUM,CALL VOL,4115,3355,,,,,,,,,132,236
TATACONSUM,CALL OI,2431,2318,,,,,,,,,2381,2454
TATACONSUM,PUT VOL,2778,2307,,,,,,,,,64,90
TATACONSUM,PUT OI,2908,2975,,,,,,,,,3207,2904
TATACONSUM,CALL SPRD,,,,,,,,,,,2.19,0.94
TATACONSUM,PUT SPRD,,,,,,,,,,,3.45,1.58
TATACONSUM,CALL OI FIX,2431,,,,,,,,,,2442,2454
TATACONSUM,PUT OI FIX,2908,,,,,,,,,,2909,2904
TATACONSUM,CALL DOI,,,,,,,,,,,490239,522305
TATACONSUM,PUT DOI,,,,,,,,,,,-908874,-853643
TATACONSUM,CALL GEX,,,,,,,,,,,81894,84571
TATACONSUM,PUT GEX,,,,,,,,,,,98401,94931
TATACONSUM,GEX STRIKE,,,,,,,,,,,1000.0,1000.0
TATACONSUM,EXPIRY,,,,,,,,,,,2026-10-27,2026-10-27
TATACONSUM,ATM IV,,,,,,,,,,,24.14,23.18
TATAELXSI,PRICE,3092.8,3088.9,,,,3130.5,3105.3,3096.97,3219.5,3197.77,3103.0,3105.8
TATAELXSI,VWAP,,,,,,,,,,,3108.83,3105.08
TATAELXSI,CASH VOL,333513,356864,76596,26.48,36.42,,,,,,16381,27337
TATAELXSI,F&O VOL,24368,25568,,,,,,,,,685,1395
TATAELXSI,F&O OI,34113,32728,,,,,,,,,34295,34343
TATAELXSI,CALL VOL,10724,10589,,,,,,,,,340,805
TATAELXSI,CALL OI,4453,4572,,,,,,,,,4509,4539
TATAELXSI,PUT VOL,5065,7392,,,,,,,,,88,205
TATAELXSI,PUT OI,4708,4360,,,,,,,,,4722,4699
TATAELXSI,CALL SPRD,,,,,,,,,,,1.95,1.13
TATAELXSI,PUT SPRD,,,,,,,,,,,4.72,1.8
TATAELXSI,CALL OI FIX,4453,,,,,,,,,,4509,4539
TATAELXSI,PUT OI FIX,4708,,,,,,,,,,4722,4699
TATAELXSI,CALL DOI,,,,,,,,,,,227546,232020
TATAELXSI,PUT DOI,,,,,,,,,,,-265392,-261413
TATAELXSI,CALL GEX,,,,,,,,,,,23236,23315
TATAELXSI,PUT GEX,,,,,,,,,,,20463,21133
TATAELXSI,GEX STRIKE,,,,,,,,,,,3200.0,3200.0
TATAELXSI,EXPIRY,,,,,,,,,,,2026-10-27,2026-10-27
TATAELXSI,ATM IV,,,,,,,,,,,38.95,37.69
TATAPOWER,PRICE,350.15,359.0,,,,350.15,351.77,350.69,367.11,366.32,353.3,353.1
TATAPOWER,VWAP,,,,,,,,,,,353.12,353.04
TATAPOWER,CASH VOL,4222986,5401745,861090,45.26,53.91,,,,,,143282,222960
TATAPOWER,F&O VOL,21541,15078,,,,,,,,,569,1147
TATAPOWER,F&O OI,64997,63024,,,,,,,,,65032,65065
TATAPOWER,CALL VOL,12593,7347,,,,,,,,,370,822
TATAPOWER,CALL OI,6941,5897,,,,,,,,,6962,6974
TATAPOWER,PUT VOL,5338,4557,,,,,,,,,137,209
TATAPOWER,PUT OI,6554,6156,,,,,,,,,6554,6564
TATAPOWER,CALL SPRD,,,,,,,,,,,1.99,2.06
TATAPOWER,PUT SPRD,,,,,,,,,,,2.08,1.35
TATAPOWER,CALL OI FIX,5883,,,,,,,,,,5903,5915
TATAPOWER,PUT OI FIX,6033,,,,,,,,,,6033,6043
TATAPOWER,CALL DOI,,,,,,,,,,,3333910,3334128
TATAPOWER,PUT DOI,,,,,,,,,,,-5391680,-5470030
TATAPOWER,CALL GEX,,,,,,,,,,,646431,625681
TATAPOWER,PUT GEX,,,,,,,,,,,544551,569898
TATAPOWER,GEX STRIKE,,,,,,,,,,,360.0,360.0
TATAPOWER,EXPIRY,,,,,,,,,,,2026-10-27,2026-10-27
TATAPOWER,ATM IV,,,,,,,,,,,21.32,21.7
TATASTEEL,PRICE,178.0,184.3,,,,179.28,181.15,179.05,187.8,187.45,180.72,179.56
TATASTEEL,VWAP,,,,,,,,,,,180.25,180.06
TATASTEEL,CASH VOL,47659952,32381754,13852078,52.38,58.07,,,,,,1566608,2567685
TATASTEEL,F&O VOL,118854,68367,,,,,,,,,3936,8167
TATASTEEL,F&O OI,178208,164985,,,,,,,,,178195,178048
TATASTEEL,CALL VOL,45482,17428,,,,,,,,,2262,3742
TATASTEEL,CALL OI,18561,11871,,,,,,,,,18282,18286
TATASTEEL,PUT VOL,31207,19328,,,,,,,,,1031,2183
TATASTEEL,PUT OI,17292,13958,,,,,,,,,17447,17502
TATASTEEL,CALL SPRD,,,,,,,,,,,0.65,0.73
TATASTEEL,PUT SPRD,,,,,,,,,,,1.06,0.8
TATASTEEL,CALL OI FIX,17665,,,,,,,,,,17338,17348
TATASTEEL,PUT OI FIX,17316,,,,,,,,,,17453,17502
TATASTEEL,CALL DOI,,,,,,,,,,,19972684,18347813
TATASTEEL,PUT DOI,,,,,,,,,,,-22984329,-25222208
TATASTEEL,CALL GEX,,,,,,,,,,,2448982,2371420
TATASTEEL,PUT GEX,,,,,,,,,,,2040388,2225947
TATASTEEL,GEX STRIKE,,,,,,,,,,,190.0,190.0
TATASTEEL,EXPIRY,,,,,,,,,,,2026-10-27,2026-10-27
TATASTEEL,ATM IV,,,,,,,,,,,30.47,30.16
TCS,PRICE,2075.0,2050.6,,,,2114.0,2073.17,2069.5,2086.65,2083.55,2074.9,2099.8
TCS,VWAP,,,,,,,,,,,2077.8,2081.63
TCS,CASH VOL,3428501,3656425,1237491,54.9,50.49,,,,,,508860,824370
TCS,F&O VOL,124119,120138,,,,,,,,,17608,35012
TCS,F&O OI,224194,210102,,,,,,,,,226942,227064
TCS,CALL VOL,56317,50147,,,,,,,,,6703,17221
TCS,CALL OI,33985,25710,,,,,,,,,30154,35740
TCS,PUT VOL,24510,26686,,,,,,,,,4116,7919
TCS,PUT OI,24510,21500,,,,,,,,,23804,24782
TCS,CALL SPRD,,,,,,,,,,,0.72,0.3
TCS,PUT SPRD,,,,,,,,,,,0.78,0.56
TCS,CALL OI FIX,28981,,,,,,,,,,30154,30057
TCS,PUT OI FIX,23227,,,,,,,,,,23804,23529
TCS,CALL DOI,,,,,,,,,,,3519475,4299399
TCS,PUT DOI,,,,,,,,,,,-2369458,-2336079
TCS,CALL GEX,,,,,,,,,,,359135,412071
TCS,PUT GEX,,,,,,,,,,,213551,219256
TCS,GEX STRIKE,,,,,,,,,,,2100.0,2100.0
TCS,EXPIRY,,,,,,,,,,,2026-10-27,2026-10-27
TCS,ATM IV,,,,,,,,,,,34.21,34.37
TECHM,PRICE,1533.0,1524.0,,,,1543.7,1533.4,1533.13,1551.4,1549.13,1523.5,1532.4
TECHM,VWAP,,,,,,,,,,,1519.77,1522.44
TECHM,CASH VOL,2663224,2794174,827136,48.36,57.39,,,,,,325541,439662
TECHM,F&O VOL,33997,30469,,,,,,,,,3470,5672
TECHM,F&O OI,42851,40542,,,,,,,,,43200,43229
TECHM,CALL VOL,15468,14737,,,,,,,,,2033,3278
TECHM,CALL OI,6878,6442,,,,,,,,,6827,7062
TECHM,PUT VOL,6531,7108,,,,,,,,,539,1018
TECHM,PUT OI,3083,2859,,,,,,,,,3260,3170
TECHM,CALL SPRD,,,,,,,,,,,1.56,0.99
TECHM,PUT SPRD,,,,,,,,,,,1.13,1.23
TECHM,CALL OI FIX,6878,,,,,,,,,,7008,7062
TECHM,PUT OI FIX,3083,,,,,,,,,,3153,3170
TECHM,CALL DOI,,,,,,,,,,,1807228,1974923
TECHM,PUT DOI,,,,,,,,,,,-856215,-809950
TECHM,CALL GEX,,,,,,,,,,,223843,237454
TECHM,PUT GEX,,,,,,,,,,,74680,75328
TECHM,GEX STRIKE,,,,,,,,,,,1540.0,1540.0
TECHM,EXPIRY,,,,,,,,,,,2026-10-27,2026-10-27
TECHM,ATM IV,,,,,,,,,,,33.06,32.53
TIINDIA,PRICE,2340.0,2375.0,,,,2346.0,2356.25,2345.42,2561.75,2527.98,2354.4,2359.6
TIINDIA,VWAP,,,,,,,,,,,2356.53,2354.55
TIINDIA,CASH VOL,471021,690294,132732,53.59,62.23,,,,,,5757,11779
TIINDIA,F&O VOL,8018,5528,,,,,,,,,120,280
TIINDIA,F&O OI,16580,15215,,,,,,,,,16589,16670
TIINDIA,CALL VOL,2170,1913,,,,,,,,,25,121
TIINDIA,CALL OI,1154,884,,,,,,,,,1155,1217
TIINDIA,PUT VOL,1200,1373,,,,,,,,,43,75
TIINDIA,PUT OI,899,740,,,,,,,,,902,915
TIINDIA,CALL SPRD,,,,,,,,,,,23.15,25.09
TIINDIA,PUT SPRD,,,,,,,,,,,29.1,23.8
TIINDIA,CALL OI FIX,1154,,,,,,,,,,1155,1217
TIINDIA,PUT OI FIX,899,,,,,,,,,,902,915
TIINDIA,CALL DOI,,,,,,,,,,,69215,72928
TIINDIA,PUT DOI,,,,,,,,,,,-90068,-89259
TIINDIA,CALL GEX,,,,,,,,,,,9107,9711
TIINDIA,PUT GEX,,,,,,,,,,,7014,6931
TIINDIA,GEX STRIKE,,,,,,,,,,,2500.0,2500.0
TIINDIA,EXPIRY,,,,,,,,,,,2026-10-27,2026-10-27
TIINDIA,ATM IV,,,,,,,,,,,30.73,30.73
TITAN,PRICE,4515.7,4587.0,,,,4515.9,4556.4,4529.27,4901.75,4889.92,4535.0,4551.4
TITAN,VWAP,,,,,,,,,,,4534.7,4539.29
TITAN,CASH VOL,694098,927060,185390,57.67,64.46,,,,,,48718,80179
TITAN,F&O VOL,47728,46483,,,,,,,,,1351,3043
TITAN,F&O OI,57483,51567,,,,,,,,,57642,58018
TITAN,CALL VOL,16234,12822,,,,,,,,,747,1603
TITAN,CALL OI,7166,4494,,,,,,,,,7280,7401
TITAN,PUT VOL,15424,16135,,,,,,,,,379,805
TITAN,PUT OI,7472,5929,,,,,,,,,7537,7717
TITAN,CALL SPRD,,,,,,,,,,,1.31,0.96
TITAN,PUT SPRD,,,,,,,,,,,1.14,1.06
TITAN,CALL OI FIX,5128,,,,,,,,,,5207,5246
TITAN,PUT OI FIX,6342,,,,,,,,,,6407,6593
TITAN,CALL DOI,,,,,,,,,,,437452,474236
TITAN,PUT DOI,,,,,,,,,,,-592621,-575568
TITAN,CALL GEX,,,,,,,,,,,76935,78828
TITAN,PUT GEX,,,,,,,,,,,67975,69822
TITAN,GEX STRIKE,,,,,,,,,,,4600.0,4600.0
TITAN,EXPIRY,,,,,,,,,,,2026-10-27,2026-10-27
TITAN,ATM IV,,,,,,,,,,,24.43,24.04
TMPV,PRICE,279.4,283.5,,,,280.1,278.71,277.33,295.4,292.1,279.65,280.25
TMPV,VWAP,,,,,,,,,,,280.57,280.04
TMPV,CASH VOL,15258191,11539983,5028524,50.67,53.21,,,,,,451779,845017
TMPV,F&O VOL,65166,60323,,,,,,,,,2176,4814
TMPV,F&O OI,112940,108860,,,,,,,,,112924,113615
TMPV,CALL VOL,26987,24896,,,,,,,,,1337,2185
TMPV,CALL OI,16547,14566,,,,,,,,,16536,16669
TMPV,PUT VOL,15020,13590,,,,,,,,,345,911
TMPV,PUT OI,13224,12738,,,,,,,,,13201,13351
TMPV,CALL SPRD,,,,,,,,,,,1.09,1.08
TMPV,PUT SPRD,,,,,,,,,,,1.81,0.61
TMPV,CALL OI FIX,16547,,,,,,,,,,16536,16669
TMPV,PUT OI FIX,13224,,,,,,,,,,13201,13351
TMPV,CALL DOI,,,,,,,,,,,9533856,9893803
TMPV,PUT DOI,,,,,,,,,,,-9981950,-9946711
TMPV,CALL GEX,,,,,,,,,,,1157987,1158401
TMPV,PUT GEX,,,,,,,,,,,829266,855172
TMPV,GEX STRIKE,,,,,,,,,,,300.0,300.0
TMPV,EXPIRY,,,,,,,,,,,2026-10-27,2026-10-27
TMPV,ATM IV,,,,,,,,,,,31.98,32.19
TORNTPHARM,PRICE,4767.3,4800.0,,,,4767.3,4766.17,4763.9,4974.67,4947.0,4769.3,4763.0
TORNTPHARM,VWAP,,,,,,,,,,,4772.6,4765.67
TORNTPHARM,CASH VOL,357701,397999,92755,57.18,56.45,,,,,,10310,22820
TORNTPHARM,F&O VOL,8050,9148,,,,,,,,,242,695
TORNTPHARM,F&O OI,32842,32210,,,,,,,,,32878,32852
TORNTPHARM,CALL VOL,2024,2386,,,,,,,,,37,180
TORNTPHARM,CALL OI,1566,1467,,,,,,,,,1571,1599
TORNTPHARM,PUT VOL,3511,2811,,,,,,,,,174,409
TORNTPHARM,PUT OI,1740,1254,,,,,,,,,1750,1679
TORNTPHARM,CALL SPRD,,,,,,,,,,,9.27,16.32
TORNTPHARM,PUT SPRD,,,,,,,,,,,6.47,4.57
TORNTPHARM,CALL OI FIX,1566,,,,,,,,,,1571,1599
TORNTPHARM,PUT OI FIX,1740,,,,,,,,,,1750,1679
TORNTPHARM,CALL DOI,,,,,,,,,,,73753,72245
TORNTPHARM,PUT DOI,,,,,,,,,,,-82059,-80647
TORNTPHARM,CALL GEX,,,,,,,,,,,11879,12462
TORNTPHARM,PUT GEX,,,,,,,,,,,12787,12057
TORNTPHARM,GEX STRIKE,,,,,,,,,,,4900.0,4900.0
TORNTPHARM,EXPIRY,,,,,,,,,,,2026-10-27,2026-10-27
TORNTPHARM,ATM IV,,,,,,,,,,,23.48,24.02
TRENT,PRICE,2580.0,2621.6,,,,2580.0,2584.9,2581.63,2746.95,2695.18,2585.9,2587.4
TRENT,VWAP,,,,,,,,,,,2590.57,2587.07
TRENT,CASH VOL,896919,785465,225943,56.42,61.59,,,,,,19776,42250
TRENT,F&O VOL,22571,18930,,,,,,,,,693,1719
TRENT,F&O OI,62511,61609,,,,,,,,,62634,63002
TRENT,CALL VOL,7533,6653,,,,,,,,,230,649
TRENT,CALL OI,6230,5647,,,,,,,,,6283,6429
TRENT,PUT VOL,6688,4360,,,,,,,,,296,658
TRENT,PUT OI,5645,5774,,,,,,,,,5700,5787
TRENT,CALL SPRD,,,,,,,,,,,1.28,0.55
TRENT,PUT SPRD,,,,,,,,,,,1.42,1.06
TRENT,CALL OI FIX,6230,,,,,,,,,,6283,6429
TRENT,PUT OI FIX,5645,,,,,,,,,,5700,5787
TRENT,CALL DOI,,,,,,,,,,,524956,535418
TRENT,PUT DOI,,,,,,,,,,,-657675,-660015
TRENT,CALL GEX,,,,,,,,,,,56611,59541
TRENT,PUT GEX,,,,,,,,,,,50369,50537
TRENT,GEX STRIKE,,,,,,,,,,,2600.0,2600.0
TRENT,EXPIRY,,,,,,,,,,,2026-10-27,2026-10-27
TRENT,ATM IV,,,,,,,,,,,36.14,35.65
TVSMOTOR,PRICE,4021.0,4106.0,,,,4026.0,4019.02,4015.05,4145.72,4122.55,3964.3,3941.5
TVSMOTOR,VWAP,,,,,,,,,,,3996.73,3960.19
TVSMOTOR,CASH VOL,1234692,605529,273475,48.98,60.91,,,,,,37290,85763
TVSMOTOR,F&O VOL,71204,25434,,,,,,,,,1321,4819
TVSMOTOR,F&O OI,57200,53228,,,,,,,,,57429,58012
TVSMOTOR,CALL VOL,21655,9629,,,,,,,,,604,1956
TVSMOTOR,CALL OI,4506,2796,,,,,,,,,4606,4852
TVSMOTOR,PUT VOL,23304,6767,,,,,,,,,428,1665
TVSMOTOR,PUT OI,4851,3659,,,,,,,,,4935,5220
TVSMOTOR,CALL SPRD,,,,,,,,,,,9.05,1.0
TVSMOTOR,PUT SPRD,,,,,,,,,,,0.85,0.92
TVSMOTOR,CALL OI FIX,5026,,,,,,,,,,5132,5389
TVSMOTOR,PUT OI FIX,4594,,,,,,,,,,4678,4960
TVSMOTOR,CALL DOI,,,,,,,,,,,294165,288400
TVSMOTOR,PUT DOI,,,,,,,,,,,-445830,-488123
TVSMOTOR,CALL GEX,,,,,,,,,,,39873,41152
TVSMOTOR,PUT GEX,,,,,,,,,,,40770,43343
TVSMOTOR,GEX STRIKE,,,,,,,,,,,4100.0,4100.0
TVSMOTOR,EXPIRY,,,,,,,,,,,2026-10-27,2026-10-27
TVSMOTOR,ATM IV,,,,,,,,,,,29.41,30.16
ULTRACEMCO,PRICE,10710.0,10956.0,,,,10736.0,10745.5,10721.83,11136.33,11099.0,10885.0,10879.0
ULTRACEMCO,VWAP,,,,,,,,,,,10875.33,10873.49
ULTRACEMCO,CASH VOL,570684,257558,175632,57.14,59.15,,,,,,8872,13568
ULTRACEMCO,F&O VOL,28151,13747,,,,,,,,,972,1666
ULTRACEMCO,F&O OI,53480,48641,,,,,,,,,53385,53426
ULTRACEMCO,CALL VOL,7472,3973,,,,,,,,,560,754
ULTRACEMCO,CALL OI,4225,3294,,,,,,,,,4206,4203
ULTRACEMCO,PUT VOL,5652,2635,,,,,,,,,155,291
ULTRACEMCO,PUT OI,3175,3000,,,,,,,,,3184,3210
ULTRACEMCO,CALL SPRD,,,,,,,,,,,2.24,3.15
ULTRACEMCO,PUT SPRD,,,,,,,,,,,3.32,2.6
ULTRACEMCO,CALL OI FIX,3721,,,,,,,,,,3726,3726
ULTRACEMCO,PUT OI FIX,3167,,,,,,,,,,3176,3199
ULTRACEMCO,CALL DOI,,,,,,,,,,,99433,98251
ULTRACEMCO,PUT DOI,,,,,,,,,,,-71471,-72504
ULTRACEMCO,CALL GEX,,,,,,,,,,,14777,14792
ULTRACEMCO,PUT GEX,,,,,,,,,,,9155,9592
ULTRACEMCO,GEX STRIKE,,,,,,,,,,,11000.0,11000.0
ULTRACEMCO,EXPIRY,,,,,,,,,,,2026-10-27,2026-10-27
ULTRACEMCO,ATM IV,,,,,,,,,,,24.72,23.23
UNIONBANK,PRICE,167.59,171.0,,,,169.0,168.5,167.89,179.56,178.29,170.22,170.45
UNIONBANK,VWAP,,,,,,,,,,,169.87,170.13
UNIONBANK,CASH VOL,7875995,16921657,1817975,45.17,50.59,,,,,,643999,1012698
UNIONBANK,F&O VOL,10638,15495,,,,,,,,,893,2059
UNIONBANK,F&O OI,31718,31157,,,,,,,,,31782,31732
UNIONBANK,CALL VOL,3939,5758,,,,,,,,,471,935
UNIONBANK,CALL OI,3068,2675,,,,,,,,,3075,3065
UNIONBANK,PUT VOL,2313,3682,,,,,,,,,186,446
UNIONBANK,PUT OI,2732,2706,,,,,,,,,2724,2700
UNIONBANK,CALL SPRD,,,,,,,,,,,1.26,1.18
UNIONBANK,PUT SPRD,,,,,,,,,,,1.27,1.02
UNIONBANK,CALL OI FIX,3013,,,,,,,,,,3020,3009
UNIONBANK,PUT OI FIX,2797,,,,,,,,,,2796,2769
UNIONBANK,CALL DOI,,,,,,,,,,,5590221,5625214
UNIONBANK,PUT DOI,,,,,,,,,,,-5641241,-5687030
UNIONBANK,CALL GEX,,,,,,,,,,,642742,655153
UNIONBANK,PUT GEX,,,,,,,,,,,485905,519210
UNIONBANK,GEX STRIKE,,,,,,,,,,,175.0,175.0
UNIONBANK,EXPIRY,,,,,,,,,,,2026-10-27,2026-10-27
UNIONBANK,ATM IV,,,,,,,,,,,33.39,32.52
UNITDSPR,PRICE,1335.1,1354.0,,,,1335.4,1333.97,1331.7,1421.23,1416.1,1343.3,1346.9
UNITDSPR,VWAP,,,,,,,,,,,1342.37,1343.76
UNITDSPR,CASH VOL,1003620,976345,325108,59.91,57.81,,,,,,9153,43208
UNITDSPR,F&O VOL,7095,10479,,,,,,,,,127,424
UNITDSPR,F&O OI,25049,24668,,,,,,,,,25052,25068
UNITDSPR,CALL VOL,2256,3146,,,,,,,,,71,199
UNITDSPR,CALL OI,2508,2322,,,,,,,,,2498,2497
UNITDSPR,PUT VOL,1515,3957,,,,,,,,,18,65
UNITDSPR,PUT OI,2772,2692,,,,,,,,,2769,2777
UNITDSPR,CALL SPRD,,,,,,,,,,,5.99,1.23
UNITDSPR,PUT SPRD,,,,,,,,,,,7.2,1.94
UNITDSPR,CALL OI FIX,2508,,,,,,,,,,2498,2497
UNITDSPR,PUT OI FIX,2772,,,,,,,,,,2769,2777
UNITDSPR,CALL DOI,,,,,,,,,,,358346,363837
UNITDSPR,PUT DOI,,,,,,,,,,,-496584,-482651
UNITDSPR,CALL GEX,,,,,,,,,,,52520,54863
UNITDSPR,PUT GEX,,,,,,,,,,,53978,54020
UNITDSPR,GEX STRIKE,,,,,,,,,,,1400.0,1400.0
UNITDSPR,EXPIRY,,,,,,,,,,,2026-10-27,2026-10-27
UNITDSPR,ATM IV,,,,,,,,,,,27.12,26.13
UNOMINDA,PRICE,1111.0,1170.0,,,,1111.0,1134.55,1118.85,1232.6,1222.87,1097.1,1096.8
UNOMINDA,VWAP,,,,,,,,,,,1110.4,1101.45
UNOMINDA,CASH VOL,788650,527106,181697,47.26,58.52,,,,,,33421,63536
UNOMINDA,F&O VOL,6233,4200,,,,,,,,,140,583
UNOMINDA,F&O OI,12425,11380,,,,,,,,,12459,12646
UNOMINDA,CALL VOL,1664,1791,,,,,,,,,55,232
UNOMINDA,CALL OI,722,371,,,,,,,,,731,803
UNOMINDA,PUT VOL,2081,920,,,,,,,,,67,186
UNOMINDA,PUT OI,849,701,,,,,,,,,865,918
UNOMINDA,CALL SPRD,,,,,,,,,,,3.02,2.14
UNOMINDA,PUT SPRD,,,,,,,,,,,2.54,1.78
UNOMINDA,CALL OI FIX,810,,,,,,,,,,819,888
UNOMINDA,PUT OI FIX,876,,,,,,,,,,892,943
UNOMINDA,CALL DOI,,,,,,,,,,,110453,118008
UNOMINDA,PUT DOI,,,,,,,,,,,-270556,-284550
UNOMINDA,CALL GEX,,,,,,,,,,,15697,17640
UNOMINDA,PUT GEX,,,,,,,,,,,19507,20394
UNOMINDA,GEX STRIKE,,,,,,,,,,,1160.0,1160.0
UNOMINDA,EXPIRY,,,,,,,,,,,2026-10-27,2026-10-27
UNOMINDA,ATM IV,,,,,,,,,,,31.41,32.51
UPL,PRICE,516.8,539.75,,,,520.5,524.42,519.34,553.08,551.06,524.85,524.95
UPL,VWAP,,,,,,,,,,,525.15,525.15
UPL,CASH VOL,2466891,3114983,1328976,60.28,65.92,,,,,,97138,127663
UPL,F&O VOL,12519,7529,,,,,,,,,462,832
UPL,F&O OI,31134,29733,,,,,,,,,31128,31107
UPL,CALL VOL,3982,2003,,,,,,,,,230,358
UPL,CALL OI,1970,1232,,,,,,,,,1966,1956
UPL,PUT VOL,3578,2015,,,,,,,,,109,183
UPL,PUT OI,1809,1787,,,,,,,,,1825,1835
UPL,CALL SPRD,,,,,,,,,,,22.52,14.29
UPL,PUT SPRD,,,,,,,,,,,1.98,1.61
UPL,CALL OI FIX,1178,,,,,,,,,,1174,1162
UPL,PUT OI FIX,1378,,,,,,,,,,1394,1405
UPL,CALL DOI,,,,,,,,,,,1055666,1042122
UPL,PUT DOI,,,,,,,,,,,-1233565,-1240947
UPL,CALL GEX,,,,,,,,,,,151096,153031
UPL,PUT GEX,,,,,,,,,,,115737,119705
UPL,GEX STRIKE,,,,,,,,,,,550.0,550.0
UPL,EXPIRY,,,,,,,,,,,2026-10-27,2026-10-27
UPL,ATM IV,,,,,,,,,,,27.67,26.92
VBL,PRICE,425.3,432.0,,,,426.3,424.56,423.08,433.67,431.4,431.3,431.25
VBL,VWAP,,,,,,,,,,,431.4,431.11
VBL,CASH VOL,8516414,8815664,1709740,55.87,67.87,,,,,,193446,283011
VBL,F&O VOL,22409,17743,,,,,,,,,1014,1784
VBL,F&O OI,68865,69522,,,,,,,,,68849,68763
VBL,CALL VOL,7670,5168,,,,,,,,,461,848
VBL,CALL OI,4781,4660,,,,,,,,,4746,4721
VBL,PUT VOL,4858,3646,,,,,,,,,124,219
VBL,PUT OI,3550,3396,,,,,,,,,3557,3564
VBL,CALL SPRD,,,,,,,,,,,1.43,1.09
VBL,PUT SPRD,,,,,,,,,,,1.9,1.87
VBL,CALL OI FIX,5083,,,,,,,,,,5048,5023
VBL,PUT OI FIX,4369,,,,,,,,,,4354,4353
VBL,CALL DOI,,,,,,,,,,,3158796,3129940
VBL,PUT DOI,,,,,,,,,,,-1823456,-1830545
VBL,CALL GEX,,,,,,,,,,,323674,326355
VBL,PUT GEX,,,,,,,,,,,201741,216240
VBL,GEX STRIKE,,,,,,,,,,,430.0,430.0
VBL,EXPIRY,,,,,,,,,,,2026-10-27,2026-10-27
VBL,ATM IV,,,,,,,,,,,28.91,28.92
VEDL,PRICE,252.05,259.0,,,,253.3,252.22,252.11,266.16,265.77,255.6,255.8
VEDL,VWAP,,,,,,,,,,,255.42,255.38
VEDL,CASH VOL,10131800,8639213,2259395,51.7,60.72,,,,,,834177,1279223
VEDL,F&O VOL,36093,28080,,,,,,,,,2250,4063
VEDL,F&O OI,73511,71609,,,,,,,,,73466,73378
VEDL,CALL VOL,17726,14944,,,,,,,,,1654,2660
VEDL,CALL OI,12386,10258,,,,,,,,,12199,12234
VEDL,PUT VOL,9452,7175,,,,,,,,,585,895
VEDL,PUT OI,9507,9164,,,,,,,,,9542,9549
VEDL,CALL SPRD,,,,,,,,,,,1.07,1.09
VEDL,PUT SPRD,,,,,,,,,,,1.87,1.29
VEDL,CALL OI FIX,10643,,,,,,,,,,10502,10543
VEDL,PUT OI FIX,8924,,,,,,,,,,8959,8976
VEDL,CALL DOI,,,,,,,,,,,5448522,5465849
VEDL,PUT DOI,,,,,,,,,,,-5226922,-5296915
VEDL,CALL GEX,,,,,,,,,,,597326,617674
VEDL,PUT GEX,,,,,,,,,,,387866,423312
VEDL,GEX STRIKE,,,,,,,,,,,260.0,260.0
VEDL,EXPIRY,,,,,,,,,,,2026-10-27,2026-10-27
VEDL,ATM IV,,,,,,,,,,,34.5,34.18
VMM,PRICE,99.5,101.0,,,,100.6,99.49,99.46,104.78,103.93,99.69,99.79
VMM,VWAP,,,,,,,,,,,99.78,99.68
VMM,CASH VOL,11791052,16476797,2125098,58.63,43.34,,,,,,486283,839292
VMM,F&O VOL,4303,6725,,,,,,,,,126,324
VMM,F&O OI,17198,16315,,,,,,,,,17247,17274
VMM,CALL VOL,608,892,,,,,,,,,25,75
VMM,CALL OI,773,551,,,,,,,,,780,783
VMM,PUT VOL,588,1245,,,,,,,,,44,59
VMM,PUT OI,818,731,,,,,,,,,835,836
VMM,CALL SPRD,,,,,,,,,,,4.17,2.97
VMM,PUT SPRD,,,,,,,,,,,3.09,0.87
VMM,CALL OI FIX,769,,,,,,,,,,776,779
VMM,PUT OI FIX,1098,,,,,,,,,,1115,1116
VMM,CALL DOI,,,,,,,,,,,1838112,1864493
VMM,PUT DOI,,,,,,,,,,,-1903186,-1882771
VMM,CALL GEX,,,,,,,,,,,203537,186244
VMM,PUT GEX,,,,,,,,,,,162725,166909
VMM,GEX STRIKE,,,,,,,,,,,100.0,100.0
VMM,EXPIRY,,,,,,,,,,,2026-10-27,2026-10-27
VMM,ATM IV,,,,,,,,,,,33.12,35.31
VOLTAS,PRICE,1053.2,1070.0,,,,1055.0,1059.6,1055.33,1117.78,1116.95,1059.9,1061.5
VOLTAS,VWAP,,,,,,,,,,,1056.8,1056.63
VOLTAS,CASH VOL,638996,1028057,249529,39.25,44.89,,,,,,22251,39394
VOLTAS,F&O VOL,15084,26925,,,,,,,,,478,1394
VOLTAS,F&O OI,46164,45307,,,,,,,,,46261,46363
VOLTAS,CALL VOL,6657,8747,,,,,,,,,298,694
VOLTAS,CALL OI,6118,5250,,,,,,,,,6185,6180
VOLTAS,PUT VOL,3593,9220,,,,,,,,,116,425
VOLTAS,PUT OI,5758,5705,,,,,,,,,5773,5722
VOLTAS,CALL SPRD,,,,,,,,,,,1.48,1.33
VOLTAS,PUT SPRD,,,,,,,,,,,1.08,0.78
VOLTAS,CALL OI FIX,6118,,,,,,,,,,6185,6180
VOLTAS,PUT OI FIX,5758,,,,,,,,,,5773,5722
VOLTAS,CALL DOI,,,,,,,,,,,731579,727067
VOLTAS,PUT DOI,,,,,,,,,,,-1115206,-1102544
VOLTAS,CALL GEX,,,,,,,,,,,95677,99229
VOLTAS,PUT GEX,,,,,,,,,,,82742,85095
VOLTAS,GEX STRIKE,,,,,,,,,,,1100.0,1100.0
VOLTAS,EXPIRY,,,,,,,,,,,2026-10-27,2026-10-27
VOLTAS,ATM IV,,,,,,,,,,,32.42,32.08
WAAREEENER,PRICE,2340.0,2374.4,,,,2352.0,2341.0,2340.33,2508.5,2499.5,2345.2,2347.6
WAAREEENER,VWAP,,,,,,,,,,,2351.6,2346.89
WAAREEENER,CASH VOL,841593,402951,184737,41.1,41.84,,,,,,22416,50380
WAAREEENER,F&O VOL,20312,10358,,,,,,,,,272,853
WAAREEENER,F&O OI,52461,51609,,,,,,,,,52490,52498
WAAREEENER,CALL VOL,5764,1861,,,,,,,,,87,253
WAAREEENER,CALL OI,2351,1411,,,,,,,,,2367,2373
WAAREEENER,PUT VOL,2003,1930,,,,,,,,,29,75
WAAREEENER,PUT OI,1628,1600,,,,,,,,,1627,1643
WAAREEENER,CALL SPRD,,,,,,,,,,,,
WAAREEENER,PUT SPRD,,,,,,,,,,,15.37,9.11
WAAREEENER,CALL OI FIX,2358,,,,,,,,,,2374,2380
WAAREEENER,PUT OI FIX,1763,,,,,,,,,,1762,1778
WAAREEENER,CALL DOI,,,,,,,,,,,194222,196250
WAAREEENER,PUT DOI,,,,,,,,,,,-139428,-138640
WAAREEENER,CALL GEX,,,,,,,,,,,19850,20870
WAAREEENER,PUT GEX,,,,,,,,,,,12784,12490
WAAREEENER,GEX STRIKE,,,,,,,,,,,2400.0,2400.0
WAAREEENER,EXPIRY,,,,,,,,,,,2026-10-27,2026-10-27
WAAREEENER,ATM IV,,,,,,,,,,,37.59,37.59
WIPRO,PRICE,159.35,158.5,,,,163.0,159.27,159.1,163.96,163.83,162.0,162.8
WIPRO,VWAP,,,,,,,,,,,162.19,162.35
WIPRO,CASH VOL,18521731,15966068,4136004,58.02,46.44,,,,,,1946864,3536003
WIPRO,F&O VOL,31502,36875,,,,,,,,,6619,11203
WIPRO,F&O OI,102106,103821,,,,,,,,,102717,102461
WIPRO,CALL VOL,13299,15289,,,,,,,,,3451,5482
WIPRO,CALL OI,12474,12000,,,,,,,,,12742,12769
WIPRO,PUT VOL,6570,8966,,,,,,,,,1313,2618
WIPRO,PUT OI,10600,11017,,,,,,,,,10694,10764
WIPRO,CALL SPRD,,,,,,,,,,,0.75,0.73
WIPRO,PUT SPRD,,,,,,,,,,,1.01,0.85
WIPRO,CALL OI FIX,11298,,,,,,,,,,11574,11581
WIPRO,PUT OI FIX,10344,,,,,,,,,,10436,10505
WIPRO,CALL DOI,,,,,,,,,,,17546199,18336049
WIPRO,PUT DOI,,,,,,,,,,,-14180779,-13625589
WIPRO,CALL GEX,,,,,,,,,,,1724743,1794818
WIPRO,PUT GEX,,,,,,,,,,,1334587,1382319
WIPRO,GEX STRIKE,,,,,,,,,,,165.0,165.0
WIPRO,EXPIRY,,,,,,,,,,,2026-10-27,2026-10-27
WIPRO,ATM IV,,,,,,,,,,,32.98,31.77
YESBANK,PRICE,20.75,20.95,,,,21.05,20.84,20.78,22.87,22.62,21.11,21.08
YESBANK,VWAP,,,,,,,,,,,21.09,21.09
YESBANK,CASH VOL,80611659,94081938,26974262,51.2,43.93,,,,,,7988449,12853345
YESBANK,F&O VOL,12432,14376,,,,,,,,,1393,2783
YESBANK,F&O OI,57318,56636,,,,,,,,,57341,57555
YESBANK,CALL VOL,5962,7644,,,,,,,,,965,1630
YESBANK,CALL OI,9234,8806,,,,,,,,,9305,9473
YESBANK,PUT VOL,2623,2666,,,,,,,,,305,570
YESBANK,PUT OI,6835,6538,,,,,,,,,6819,6852
YESBANK,CALL SPRD,,,,,,,,,,,2.53,2.63
YESBANK,PUT SPRD,,,,,,,,,,,3.51,4.88
YESBANK,CALL OI FIX,9234,,,,,,,,,,9305,9473
YESBANK,PUT OI FIX,6835,,,,,,,,,,6819,6852
YESBANK,CALL DOI,,,,,,,,,,,70677416,70779731
YESBANK,PUT DOI,,,,,,,,,,,-116194078,-119295187
YESBANK,CALL GEX,,,,,,,,,,,8848686,8971196
YESBANK,PUT GEX,,,,,,,,,,,7278057,7123926
YESBANK,GEX STRIKE,,,,,,,,,,,22.0,22.0
YESBANK,EXPIRY,,,,,,,,,,,2026-10-27,2026-10-27
YESBANK,ATM IV,,,,,,,,,,,32.8,32.87
ZYDUSLIFE,PRICE,1145.7,1162.0,,,,1145.7,1144.08,1140.85,1196.7,1182.3,1141.0,1143.1
ZYDUSLIFE,VWAP,,,,,,,,,,,1142.27,1141.82
ZYDUSLIFE,CASH VOL,2547369,1614233,845131,58.46,51.35,,,,,,23863,40645
ZYDUSLIFE,F&O VOL,11833,20876,,,,,,,,,380,865
ZYDUSLIFE,F&O OI,17584,17460,,,,,,,,,17606,17693
ZYDUSLIFE,CALL VOL,1698,1702,,,,,,,,,92,225
ZYDUSLIFE,CALL OI,789,541,,,,,,,,,815,819
ZYDUSLIFE,PUT VOL,2534,6237,,,,,,,,,61,148
ZYDUSLIFE,PUT OI,1583,1491,,,,,,,,,1595,1624
ZYDUSLIFE,CALL SPRD,,,,,,,,,,,3.07,1.85
ZYDUSLIFE,PUT SPRD,,,,,,,,,,,1.99,1.59
ZYDUSLIFE,CALL OI FIX,1670,,,,,,,,,,1680,1686
ZYDUSLIFE,PUT OI FIX,1913,,,,,,,,,,1925,1954
ZYDUSLIFE,CALL DOI,,,,,,,,,,,321079,326584
ZYDUSLIFE,PUT DOI,,,,,,,,,,,-671726,-666877
ZYDUSLIFE,CALL GEX,,,,,,,,,,,39516,41558
ZYDUSLIFE,PUT GEX,,,,,,,,,,,73142,72451
ZYDUSLIFE,GEX STRIKE,,,,,,,,,,,1180.0,1180.0
ZYDUSLIFE,EXPIRY,,,,,,,,,,,2026-10-27,2026-10-27
ZYDUSLIFE,ATM IV,,,,,,,,,,,28.25,28.64
