Symbol,Metric,PrevDay,PrevDay2,PrevLastHr,DelivPct,DelivPctPrev,Open,dTC,dBC,wTC,wBC,09:20,09:30,09:40,09:50
360ONE,PRICE,1050.0,1040.0,,,,1057.8,1048.82,1046.45,1041.4,1040.47,1061.7,1064.1,1063.3,1064.0
360ONE,VWAP,,,,,,,,,,,1059.03,1062.31,1062.62,1062.88
360ONE,CASH VOL,564932,1213803,160154,53.79,60.36,,,,,,14083,38508,48758,58605
360ONE,F&O VOL,4282,6931,,,,,,,,,115,870,1520,2115
360ONE,F&O OI,14316,14153,,,,,,,,,14316,14588,14752,14781
360ONE,CALL VOL,2112,2585,,,,,,,,,98,737,1210,1584
360ONE,CALL OI,2821,2701,,,,,,,,,2819,3082,3215,3230
360ONE,PUT VOL,784,1366,,,,,,,,,15,86,214,325
360ONE,PUT OI,2202,2106,,,,,,,,,2203,2211,2246,2221
360ONE,CALL SPRD,,,,,,,,,,,1.73,1.07,0.95,1.08
360ONE,PUT SPRD,,,,,,,,,,,8.09,2.01,1.72,0.8
360ONE,CALL OI FIX,2612,,,,,,,,,,2610,2869,3002,3022
360ONE,PUT OI FIX,2176,,,,,,,,,,2177,2185,2220,2195
360ONE,CALL DOI,,,,,,,,,,,570742,668451,702621,716274
360ONE,PUT DOI,,,,,,,,,,,-365756,-360338,-365257,-356224
360ONE,CALL GEX,,,,,,,,,,,66403,71345,74945,75430
360ONE,PUT GEX,,,,,,,,,,,38320,38679,39425,39411
360ONE,GEX STRIKE,,,,,,,,,,,1120.0,1120.0,1060.0,1060.0
360ONE,EXPIRY,,,,,,,,,,,2026-10-27,2026-10-27,2026-10-27,2026-10-27
360ONE,ATM IV,,,,,,,,,,,34.08,34.3,33.7,33.34
ABB,PRICE,6895.0,6900.0,,,,6899.0,6913.75,6901.25,6883.67,6851.0,6964.0,6933.5,6952.0,6959.5
ABB,VWAP,,,,,,,,,,,6936.83,6940.67,6940.55,6942.44
ABB,CASH VOL,157334,240835,31422,47.14,39.09,,,,,,7590,11900,14280,16142
ABB,F&O VOL,9869,17064,,,,,,,,,542,1855,2428,2801
ABB,F&O OI,23020,22740,,,,,,,,,23020,22798,22839,22820
ABB,CALL VOL,4250,8649,,,,,,,,,305,779,1355,1540
ABB,CALL OI,4339,4229,,,,,,,,,4353,3639,4279,4252
ABB,PUT VOL,2918,3217,,,,,,,,,83,265,348,422
ABB,PUT OI,3679,3622,,,,,,,,,3675,3696,3718,3738
ABB,CALL SPRD,,,,,,,,,,,1.89,1.13,0.97,0.79
ABB,PUT SPRD,,,,,,,,,,,4.41,1.51,1.43,1.92
ABB,CALL OI FIX,3676,,,,,,,,,,3697,3639,3671,3640
ABB,PUT OI FIX,3682,,,,,,,,,,3678,3696,3727,3744
ABB,CALL DOI,,,,,,,,,,,223749,192668,216035,214820
ABB,PUT DOI,,,,,,,,,,,-182850,-186051,-187838,-187090
ABB,CALL GEX,,,,,,,,,,,25597,22855,25375,26047
ABB,PUT GEX,,,,,,,,,,,20771,21885,22608,21819
ABB,GEX STRIKE,,,,,,,,,,,7000.0,7000.0,7000.0,7000.0
ABB,EXPIRY,,,,,,,,,,,2026-10-27,2026-10-27,2026-10-27,2026-10-27
ABB,ATM IV,,,,,,,,,,,32.81,31.02,30.47,30.36
ABCAPITAL,PRICE,377.4,375.05,,,,377.8,377.58,377.46,379.52,376.54,376.25,378.15,377.5,377.25
ABCAPITAL,VWAP,,,,,,,,,,,376.27,376.4,377.12,377.16
ABCAPITAL,CASH VOL,1609846,5001023,516176,52.19,66.05,,,,,,46677,69456,143867,166994
ABCAPITAL,F&O VOL,5644,12742,,,,,,,,,127,234,745,858
ABCAPITAL,F&O OI,19524,19956,,,,,,,,,19542,19557,19605,19649
ABCAPITAL,CALL VOL,2333,3854,,,,,,,,,59,111,329,350
ABCAPITAL,CALL OI,2256,2287,,,,,,,,,2274,2446,2312,2318
ABCAPITAL,PUT VOL,904,4667,,,,,,,,,52,52,235,262
ABCAPITAL,PUT OI,2761,2696,,,,,,,,,2766,2651,2769,2763
ABCAPITAL,CALL SPRD,,,,,,,,,,,1.7,1.57,1.63,1.64
ABCAPITAL,PUT SPRD,,,,,,,,,,,2.16,1.77,1.74,1.73
ABCAPITAL,CALL OI FIX,2256,,,,,,,,,,2274,2280,2312,2318
ABCAPITAL,PUT OI FIX,2761,,,,,,,,,,2766,2765,2769,2763
ABCAPITAL,CALL DOI,,,,,,,,,,,2379658,2687025,2593883,2539624
ABCAPITAL,PUT DOI,,,,,,,,,,,-3919260,-3700196,-3802977,-3838778
ABCAPITAL,CALL GEX,,,,,,,,,,,361395,387989,359578,371785
ABCAPITAL,PUT GEX,,,,,,,,,,,409771,399481,452220,432225
ABCAPITAL,GEX STRIKE,,,,,,,,,,,380.0,380.0,380.0,380.0
ABCAPITAL,EXPIRY,,,,,,,,,,,2026-10-27,2026-10-27,2026-10-27,2026-10-27
ABCAPITAL,ATM IV,,,,,,,,,,,27.7,29.34,28.95,28.61
ADANIENSOL,PRICE,1353.4,1326.4,,,,1354.0,1356.95,1354.58,1332.4,1328.4,1353.1,1357.4,1354.0,1354.8
ADANIENSOL,VWAP,,,,,,,,,,,1358.1,1354.67,1354.83,1354.68
ADANIENSOL,CASH VOL,2095376,7267118,288590,44.54,33.53,,,,,,79063,177222,247816,304403
ADANIENSOL,F&O VOL,11273,37095,,,,,,,,,592,1875,2478,2865
ADANIENSOL,F&O OI,42022,41695,,,,,,,,,42020,42305,42371,42434
ADANIENSOL,CALL VOL,4933,16803,,,,,,,,,458,1122,1434,1627
ADANIENSOL,CALL OI,3254,3333,,,,,,,,,3313,3456,3515,3562
ADANIENSOL,PUT VOL,1747,8183,,,,,,,,,197,602,696,771
ADANIENSOL,PUT OI,1801,1700,,,,,,,,,1819,1861,1851,1847
ADANIENSOL,CALL SPRD,,,,,,,,,,,1.34,1.27,1.28,1.07
ADANIENSOL,PUT SPRD,,,,,,,,,,,2.37,1.13,1.3,1.13
ADANIENSOL,CALL OI FIX,3254,,,,,,,,,,3313,3456,3515,3562
ADANIENSOL,PUT OI FIX,1801,,,,,,,,,,1819,1861,1851,1847
ADANIENSOL,CALL DOI,,,,,,,,,,,1151450,1216724,1205051,1227598
ADANIENSOL,PUT DOI,,,,,,,,,,,-500646,-503449,-511168,-507720
ADANIENSOL,CALL GEX,,,,,,,,,,,95958,91957,92077,95898
ADANIENSOL,PUT GEX,,,,,,,,,,,46732,48797,49136,47965
ADANIENSOL,GEX STRIKE,,,,,,,,,,,1400.0,1400.0,1400.0,1400.0
ADANIENSOL,EXPIRY,,,,,,,,,,,2026-10-27,2026-10-27,2026-10-27,2026-10-27
ADANIENSOL,ATM IV,,,,,,,,,,,36.6,38.62,38.23,38.77
ADANIENT,PRICE,2864.0,2816.8,,,,2869.0,2861.65,2856.95,2872.45,2835.35,2860.9,2875.0,2867.4,2866.5
ADANIENT,VWAP,,,,,,,,,,,2868.03,2869.72,2869.68,2869.34
ADANIENT,CASH VOL,1782260,2100334,403052,52.82,42.05,,,,,,34825,80140,100881,119119
ADANIENT,F&O VOL,36671,53694,,,,,,,,,960,2468,3349,3923
ADANIENT,F&O OI,85264,84147,,,,,,,,,85320,85498,85524,85652
ADANIENT,CALL VOL,17797,24380,,,,,,,,,676,1453,1888,2169
ADANIENT,CALL OI,14561,15121,,,,,,,,,14600,14663,14722,14819
ADANIENT,PUT VOL,10250,17165,,,,,,,,,235,608,775,924
ADANIENT,PUT OI,10725,9885,,,,,,,,,10732,10787,10760,10767
ADANIENT,CALL SPRD,,,,,,,,,,,1.23,0.74,1.09,0.99
ADANIENT,PUT SPRD,,,,,,,,,,,1.8,1.19,1.25,1.18
ADANIENT,CALL OI FIX,14561,,,,,,,,,,14600,14663,14722,14819
ADANIENT,PUT OI FIX,10725,,,,,,,,,,10732,10787,10760,10767
ADANIENT,CALL DOI,,,,,,,,,,,1717190,1848662,1779474,1797011
ADANIENT,PUT DOI,,,,,,,,,,,-1476456,-1406321,-1447204,-1455117
ADANIENT,CALL GEX,,,,,,,,,,,220574,216759,227577,221301
ADANIENT,PUT GEX,,,,,,,,,,,144361,151824,147103,151363
ADANIENT,GEX STRIKE,,,,,,,,,,,2900.0,2900.0,2900.0,2900.0
ADANIENT,EXPIRY,,,,,,,,,,,2026-10-27,2026-10-27,2026-10-27,2026-10-27
ADANIENT,ATM IV,,,,,,,,,,,30.48,30.98,30.37,30.62
ADANIGREEN,PRICE,1284.0,1276.1,,,,1286.1,1285.05,1284.35,1271.0,1260.8,1293.7,1307.4,1303.4,1306.6
ADANIGREEN,VWAP,,,,,,,,,,,1290.33,1295.56,1298.78,1299.42
ADANIGREEN,CASH VOL,1014292,6355094,177999,34.71,66.77,,,,,,133736,289108,409566,465304
ADANIGREEN,F&O VOL,14216,30616,,,,,,,,,627,2439,4232,5316
ADANIGREEN,F&O OI,48701,48286,,,,,,,,,48756,48727,48790,48945
ADANIGREEN,CALL VOL,7340,14900,,,,,,,,,350,1287,2285,2920
ADANIGREEN,CALL OI,4323,4265,,,,,,,,,4354,4286,4289,4487
ADANIGREEN,PUT VOL,3409,6268,,,,,,,,,157,563,864,1016
ADANIGREEN,PUT OI,2985,2789,,,,,,,,,2988,2996,3062,3088
ADANIGREEN,CALL SPRD,,,,,,,,,,,1.27,1.11,1.23,0.98
ADANIGREEN,PUT SPRD,,,,,,,,,,,1.61,1.59,0.92,0.83
ADANIGREEN,CALL OI FIX,3617,,,,,,,,,,3647,3608,3632,3820
ADANIGREEN,PUT OI FIX,2764,,,,,,,,,,2765,2770,2843,2874
ADANIGREEN,CALL DOI,,,,,,,,,,,1166114,1264915,1226528,1312708
ADANIGREEN,PUT DOI,,,,,,,,,,,-740023,-661417,-695293,-689887
ADANIGREEN,CALL GEX,,,,,,,,,,,111480,105453,104307,114806
ADANIGREEN,PUT GEX,,,,,,,,,,,70502,71312,75190,72582
ADANIGREEN,GEX STRIKE,,,,,,,,,,,1300.0,1300.0,1300.0,1300.0
ADANIGREEN,EXPIRY,,,,,,,,,,,2026-10-27,2026-10-27,2026-10-27,2026-10-27
ADANIGREEN,ATM IV,,,,,,,,,,,35.33,35.16,34.88,34.88
ADANIPORTS,PRICE,1774.0,1737.8,,,,1773.1,1768.8,1758.4,1769.0,1748.2,1768.3,1772.5,1777.0,1775.9
ADANIPORTS,VWAP,,,,,,,,,,,1768.0,1769.02,1770.89,1772.42
ADANIPORTS,CASH VOL,2792824,2157928,601469,59.24,52.62,,,,,,36597,80476,122365,172470
ADANIPORTS,F&O VOL,27632,27784,,,,,,,,,851,1758,2701,3735
ADANIPORTS,F&O OI,50394,50274,,,,,,,,,50338,50465,50560,50703
ADANIPORTS,CALL VOL,12159,10129,,,,,,,,,464,922,1367,1808
ADANIPORTS,CALL OI,6579,6342,,,,,,,,,6554,6647,6677,6759
ADANIPORTS,PUT VOL,7420,8914,,,,,,,,,254,490,715,998
ADANIPORTS,PUT OI,6826,6502,,,,,,,,,6987,6805,6825,6813
ADANIPORTS,CALL SPRD,,,,,,,,,,,1.73,1.06,0.74,1.13
ADANIPORTS,PUT SPRD,,,,,,,,,,,2.09,1.11,1.59,1.17
ADANIPORTS,CALL OI FIX,6579,,,,,,,,,,6598,6647,6677,6759
ADANIPORTS,PUT OI FIX,6826,,,,,,,,,,6793,6805,6825,6813
ADANIPORTS,CALL DOI,,,,,,,,,,,1359200,1429721,1492213,1494515
ADANIPORTS,PUT DOI,,,,,,,,,,,-1237335,-1177193,-1126710,-1156942
ADANIPORTS,CALL GEX,,,,,,,,,,,217329,212583,208002,222799
ADANIPORTS,PUT GEX,,,,,,,,,,,184550,182835,193676,184523
ADANIPORTS,GEX STRIKE,,,,,,,,,,,1800.0,1800.0,1800.0,1800.0
ADANIPORTS,EXPIRY,,,,,,,,,,,2026-10-27,2026-10-27,2026-10-27,2026-10-27
ADANIPORTS,ATM IV,,,,,,,,,,,23.34,23.57,23.09,23.18
ADANIPOWER,PRICE,201.0,196.21,,,,201.8,200.46,199.39,198.47,196.96,202.9,204.47,204.06,203.54
ADANIPOWER,VWAP,,,,,,,,,,,203.05,203.47,204.13,204.09
ADANIPOWER,CASH VOL,19752263,33548439,4423036,47.22,41.4,,,,,,1587554,3918727,8041992,8892760
ADANIPOWER,F&O VOL,16841,33594,,,,,,,,,1737,4215,9473,10843
ADANIPOWER,F&O OI,78185,78361,,,,,,,,,78264,78364,78822,78778
ADANIPOWER,CALL VOL,7556,14303,,,,,,,,,887,1961,3915,4419
ADANIPOWER,CALL OI,5745,6295,,,,,,,,,5662,5482,5426,5517
ADANIPOWER,PUT VOL,2113,6042,,,,,,,,,148,496,1018,1337
ADANIPOWER,PUT OI,4877,4625,,,,,,,,,4922,4526,4606,5021
ADANIPOWER,CALL SPRD,,,,,,,,,,,1.97,1.16,0.74,1.67
ADANIPOWER,PUT SPRD,,,,,,,,,,,3.2,1.72,1.85,2.36
ADANIPOWER,CALL OI FIX,5252,,,,,,,,,,5170,5097,5036,5032
ADANIPOWER,PUT OI FIX,4734,,,,,,,,,,4779,4855,4922,4864
ADANIPOWER,CALL DOI,,,,,,,,,,,10127636,10155790,9824057,10045095
ADANIPOWER,PUT DOI,,,,,,,,,,,-6783311,-6025144,-6238856,-6732082
ADANIPOWER,CALL GEX,,,,,,,,,,,917577,891620,862132,883863
ADANIPOWER,PUT GEX,,,,,,,,,,,717969,681378,713842,763859
ADANIPOWER,GEX STRIKE,,,,,,,,,,,200.0,200.0,200.0,200.0
ADANIPOWER,EXPIRY,,,,,,,,,,,2026-10-27,2026-10-27,2026-10-27,2026-10-27
ADANIPOWER,ATM IV,,,,,,,,,,,35.9,34.2,33.83,33.95
ALKEM,PRICE,5192.5,5220.0,,,,5223.5,5190.17,5185.5,5216.08,5208.25,5188.5,5174.0,5179.5,5208.5
ALKEM,VWAP,,,,,,,,,,,5193.5,5180.0,5179.74,5188.25
ALKEM,CASH VOL,102619,291015,33711,52.32,66.6,,,,,,736,1333,1523,2859
ALKEM,F&O VOL,3800,5562,,,,,,,,,49,111,203,263
ALKEM,F&O OI,18368,17034,,,,,,,,,18370,18374,18376,18376
ALKEM,CALL VOL,709,1726,,,,,,,,,11,53,82,112
ALKEM,CALL OI,765,731,,,,,,,,,768,707,767,761
ALKEM,PUT VOL,1992,875,,,,,,,,,31,40,58,75
ALKEM,PUT OI,1990,776,,,,,,,,,1990,2029,1990,1989
ALKEM,CALL SPRD,,,,,,,,,,,6.27,12.1,2.53,1.7
ALKEM,PUT SPRD,,,,,,,,,,,3.23,2.75,2.55,3.09
ALKEM,CALL OI FIX,765,,,,,,,,,,768,769,767,761
ALKEM,PUT OI FIX,1990,,,,,,,,,,1990,1989,1990,1989
ALKEM,CALL DOI,,,,,,,,,,,38086,34707,36498,39208
ALKEM,PUT DOI,,,,,,,,,,,-92134,-95388,-92025,-84499
ALKEM,CALL GEX,,,,,,,,,,,6914,6101,6315,6583
ALKEM,PUT GEX,,,,,,,,,,,14411,14987,15129,14207
ALKEM,GEX STRIKE,,,,,,,,,,,5150.0,5150.0,5150.0,5150.0
ALKEM,EXPIRY,,,,,,,,,,,2026-10-27,2026-10-27,2026-10-27,2026-10-27
ALKEM,ATM IV,,,,,,,,,,,21.56,20.04,23.59,23.96
AMBER,PRICE,6585.0,6500.0,,,,6551.5,6580.75,6572.25,6734.75,6578.25,6565.5,6652.5,6652.5,6675.0
AMBER,VWAP,,,,,,,,,,,6551.0,6583.72,6623.4,6627.09
AMBER,CASH VOL,114789,133557,30774,37.06,32.04,,,,,,5823,11130,20778,22929
AMBER,F&O VOL,8769,12428,,,,,,,,,108,349,1430,1696
AMBER,F&O OI,20070,19949,,,,,,,,,20085,20099,19991,19982
AMBER,CALL VOL,4653,6648,,,,,,,,,53,334,925,1048
AMBER,CALL OI,4202,4061,,,,,,,,,2993,4221,4159,4156
AMBER,PUT VOL,1030,1499,,,,,,,,,18,55,186,219
AMBER,PUT OI,1882,1842,,,,,,,,,2016,1883,1898,1903
AMBER,CALL SPRD,,,,,,,,,,,2.61,1.97,2.06,1.51
AMBER,PUT SPRD,,,,,,,,,,,12.69,2.59,2.44,3.8
AMBER,CALL OI FIX,2980,,,,,,,,,,2993,2995,2932,2924
AMBER,PUT OI FIX,2016,,,,,,,,,,2016,2020,2032,2042
AMBER,CALL DOI,,,,,,,,,,,106535,147306,148552,148178
AMBER,PUT DOI,,,,,,,,,,,-98234,-96907,-99658,-96103
AMBER,CALL GEX,,,,,,,,,,,13876,18400,17138,19399
AMBER,PUT GEX,,,,,,,,,,,8621,8601,9774,8650
AMBER,GEX STRIKE,,,,,,,,,,,6700.0,6700.0,6700.0,6700.0
AMBER,EXPIRY,,,,,,,,,,,2026-10-27,2026-10-27,2026-10-27,2026-10-27
AMBER,ATM IV,,,,,,,,,,,30.99,32.06,30.99,30.98
AMBUJACEM,PRICE,366.5,362.25,,,,367.5,365.99,364.98,370.05,364.85,367.2,366.9,366.3,364.15
AMBUJACEM,VWAP,,,,,,,,,,,367.73,367.56,367.24,366.04
AMBUJACEM,CASH VOL,1848613,3893265,751267,42.75,33.67,,,,,,62619,101053,148478,292480
AMBUJACEM,F&O VOL,1515,24951,,,,,,,,,20,51,68,176
AMBUJACEM,F&O OI,96273,97250,,,,,,,,,96273,96271,96269,96258
AMBUJACEM,CALL VOL,380,8819,,,,,,,,,0,5,5,11
AMBUJACEM,CALL OI,4195,4419,,,,,,,,,4195,4195,4195,4193
AMBUJACEM,PUT VOL,94,5141,,,,,,,,,0,5,5,7
AMBUJACEM,PUT OI,3069,3102,,,,,,,,,3069,3069,3069,3069
AMBUJACEM,CALL SPRD,,,,,,,,,,,34.01,25.33,27.31,14.21
AMBUJACEM,PUT SPRD,,,,,,,,,,,106.25,103.12,102.97,83.87
AMBUJACEM,CALL OI FIX,4195,,,,,,,,,,4195,4195,4195,4193
AMBUJACEM,PUT OI FIX,3069,,,,,,,,,,3069,3069,3069,3069
AMBUJACEM,CALL DOI,,,,,,,,,,,2053845,2055090,2006296,1821505
AMBUJACEM,PUT DOI,,,,,,,,,,,-1638707,-1647296,-1674271,-1767018
AMBUJACEM,CALL GEX,,,,,,,,,,,289517,297105,296074,269795
AMBUJACEM,PUT GEX,,,,,,,,,,,160725,162787,163004,168593
AMBUJACEM,GEX STRIKE,,,,,,,,,,,370.0,370.0,370.0,370.0
AMBUJACEM,EXPIRY,,,,,,,,,,,2026-10-27,2026-10-27,2026-10-27,2026-10-27
AMBUJACEM,ATM IV,,,,,,,,,,,28.41,28.41,28.41,28.41
ANGELONE,PRICE,285.2,276.8,,,,288.9,283.43,279.9,277.1,276.9,292.5,291.4,291.55,291.15
ANGELONE,VWAP,,,,,,,,,,,291.97,291.27,291.29,291.36
ANGELONE,CASH VOL,4255848,6751156,718540,27.52,34.37,,,,,,1047301,1945306,2261200,2616786
ANGELONE,F&O VOL,21568,24330,,,,,,,,,4486,9014,10673,12262
ANGELONE,F&O OI,26913,25443,,,,,,,,,27741,28305,28429,28444
ANGELONE,CALL VOL,11162,12397,,,,,,,,,2771,4843,5712,6518
ANGELONE,CALL OI,6823,6200,,,,,,,,,7181,7319,7402,7407
ANGELONE,PUT VOL,3547,4152,,,,,,,,,1019,1901,2300,2676
ANGELONE,PUT OI,3287,2777,,,,,,,,,3587,3723,3770,3797
ANGELONE,CALL SPRD,,,,,,,,,,,1.4,1.12,1.12,1.48
ANGELONE,PUT SPRD,,,,,,,,,,,1.85,1.31,1.35,1.41
ANGELONE,CALL OI FIX,6740,,,,,,,,,,7094,7230,7314,7321
ANGELONE,PUT OI FIX,3845,,,,,,,,,,4145,4286,4333,4359
ANGELONE,CALL DOI,,,,,,,,,,,10287149,10069223,10117704,10080663
ANGELONE,PUT DOI,,,,,,,,,,,-2947995,-3111359,-3094976,-3225283
ANGELONE,CALL GEX,,,,,,,,,,,649918,607880,599218,670952
ANGELONE,PUT GEX,,,,,,,,,,,269645,301916,320333,305762
ANGELONE,GEX STRIKE,,,,,,,,,,,290.0,290.0,290.0,290.0
ANGELONE,EXPIRY,,,,,,,,,,,2026-10-27,2026-10-27,2026-10-27,2026-10-27
ANGELONE,ATM IV,,,,,,,,,,,44.81,44.92,44.38,43.53
APLAPOLLO,PRICE,2099.8,2115.7,,,,2102.0,2104.4,2101.33,2142.0,2124.47,2114.3,2137.0,2138.6,2141.9
APLAPOLLO,VWAP,,,,,,,,,,,2110.67,2124.07,2127.91,2129.83
APLAPOLLO,CASH VOL,678442,1615913,138468,46.39,46.48,,,,,,7393,18829,24388,29481
APLAPOLLO,F&O VOL,12208,44500,,,,,,,,,292,1237,1973,2713
APLAPOLLO,F&O OI,58232,56531,,,,,,,,,58309,58348,58422,58537
APLAPOLLO,CALL VOL,4795,13262,,,,,,,,,146,795,1306,1661
APLAPOLLO,CALL OI,4813,4146,,,,,,,,,4594,4916,4972,5091
APLAPOLLO,PUT VOL,1991,10946,,,,,,,,,50,178,280,378
APLAPOLLO,PUT OI,3330,3236,,,,,,,,,3228,3358,3388,3420
APLAPOLLO,CALL SPRD,,,,,,,,,,,5.39,1.95,2.03,1.51
APLAPOLLO,PUT SPRD,,,,,,,,,,,6.79,6.86,1.41,2.6
APLAPOLLO,CALL OI FIX,4261,,,,,,,,,,4320,4370,4421,4532
APLAPOLLO,PUT OI FIX,3228,,,,,,,,,,3250,3274,3310,3342
APLAPOLLO,CALL DOI,,,,,,,,,,,648751,775909,793992,816659
APLAPOLLO,PUT DOI,,,,,,,,,,,-624044,-599297,-597110,-592433
APLAPOLLO,CALL GEX,,,,,,,,,,,81379,86186,82493,91646
APLAPOLLO,PUT GEX,,,,,,,,,,,58350,62065,63464,60263
APLAPOLLO,GEX STRIKE,,,,,,,,,,,2200.0,2200.0,2200.0,2200.0
APLAPOLLO,EXPIRY,,,,,,,,,,,2026-10-27,2026-10-27,2026-10-27,2026-10-27
APLAPOLLO,ATM IV,,,,,,,,,,,30.52,30.79,30.8,30.87
APOLLOHOSP,PRICE,7985.0,8133.5,,,,7970.0,7982.75,7978.25,8408.0,8225.0,7848.5,7812.5,7867.5,7884.5
APOLLOHOSP,VWAP,,,,,,,,,,,7897.33,7859.59,7855.34,7861.3
APOLLOHOSP,CASH VOL,895216,939105,187188,58.37,55.48,,,,,,72699,129310,168091,219571
APOLLOHOSP,F&O VOL,66111,92493,,,,,,,,,5066,17912,25643,31297
APOLLOHOSP,F&O OI,51253,47037,,,,,,,,,51970,54376,54434,54136
APOLLOHOSP,CALL VOL,18545,20887,,,,,,,,,1686,4931,7415,9724
APOLLOHOSP,CALL OI,5860,4936,,,,,,,,,5400,6224,7662,7604
APOLLOHOSP,PUT VOL,24970,37216,,,,,,,,,3161,8003,10053,11637
APOLLOHOSP,PUT OI,7930,7504,,,,,,,,,7762,8180,8170,8279
APOLLOHOSP,CALL SPRD,,,,,,,,,,,1.41,0.94,0.76,0.89
APOLLOHOSP,PUT SPRD,,,,,,,,,,,1.16,0.57,0.84,0.96
APOLLOHOSP,CALL OI FIX,7637,,,,,,,,,,8386,9416,9788,9739
APOLLOHOSP,PUT OI FIX,7668,,,,,,,,,,7768,8097,7847,7979
APOLLOHOSP,CALL DOI,,,,,,,,,,,219756,242942,317352,317863
APOLLOHOSP,PUT DOI,,,,,,,,,,,-474064,-513537,-496424,-481770
APOLLOHOSP,CALL GEX,,,,,,,,,,,39058,43958,53858,57006
APOLLOHOSP,PUT GEX,,,,,,,,,,,56484,58025,61501,58431
APOLLOHOSP,GEX STRIKE,,,,,,,,,,,8000.0,8000.0,8000.0,8000.0
APOLLOHOSP,EXPIRY,,,,,,,,,,,2026-10-27,2026-10-27,2026-10-27,2026-10-27
APOLLOHOSP,ATM IV,,,,,,,,,,,24.52,25.22,24.01,23.88
ASHOKLEY,PRICE,152.6,150.48,,,,153.0,152.55,152.44,153.69,151.55,153.11,153.19,153.4,153.2
ASHOKLEY,VWAP,,,,,,,,,,,152.93,153.05,153.13,153.13
ASHOKLEY,CASH VOL,9914723,20574319,1550667,48.28,37.98,,,,,,259005,423926,673727,762895
ASHOKLEY,F&O VOL,17090,43393,,,,,,,,,320,864,1636,1936
ASHOKLEY,F&O OI,48632,48415,,,,,,,,,48647,48815,48860,48818
ASHOKLEY,CALL VOL,7111,17819,,,,,,,,,147,317,701,809
ASHOKLEY,CALL OI,7403,7354,,,,,,,,,7412,7422,7431,7431
ASHOKLEY,PUT VOL,4421,12621,,,,,,,,,102,207,413,505
ASHOKLEY,PUT OI,7633,7413,,,,,,,,,7658,7673,7690,7649
ASHOKLEY,CALL SPRD,,,,,,,,,,,1.6,1.4,1.18,1.2
ASHOKLEY,PUT SPRD,,,,,,,,,,,1.75,1.26,1.55,1.55
ASHOKLEY,CALL OI FIX,7403,,,,,,,,,,7412,7422,7431,7431
ASHOKLEY,PUT OI FIX,7633,,,,,,,,,,7658,7673,7690,7649
ASHOKLEY,CALL DOI,,,,,,,,,,,14231550,14272806,14560178,14243916
ASHOKLEY,PUT DOI,,,,,,,,,,,-17405601,-17337780,-17081736,-17207239
ASHOKLEY,CALL GEX,,,,,,,,,,,1774494,1790606,1790554,1832868
ASHOKLEY,PUT GEX,,,,,,,,,,,1650211,1664048,1683377,1650108
ASHOKLEY,GEX STRIKE,,,,,,,,,,,160.0,160.0,160.0,160.0
ASHOKLEY,EXPIRY,,,,,,,,,,,2026-10-27,2026-10-27,2026-10-27,2026-10-27
ASHOKLEY,ATM IV,,,,,,,,,,,30.75,30.73,30.45,29.98
ASIANPAINT,PRICE,2366.0,2407.0,,,,2369.1,2372.85,2368.28,2409.3,2407.77,2358.2,2366.0,2361.0,2363.2
ASIANPAINT,VWAP,,,,,,,,,,,2357.6,2360.87,2361.19,2361.41
ASIANPAINT,CASH VOL,916254,1005836,259488,57.33,70.4,,,,,,13036,26786,38230,45323
ASIANPAINT,F&O VOL,32039,19505,,,,,,,,,460,2416,3471,3866
ASIANPAINT,F&O OI,49127,45371,,,,,,,,,49146,49698,49766,49847
ASIANPAINT,CALL VOL,10116,5649,,,,,,,,,192,713,1144,1288
ASIANPAINT,CALL OI,4982,3724,,,,,,,,,4971,4920,5008,5034
ASIANPAINT,PUT VOL,9312,4379,,,,,,,,,88,393,612,715
ASIANPAINT,PUT OI,4719,3885,,,,,,,,,4745,4754,4766,4772
ASIANPAINT,CALL SPRD,,,,,,,,,,,0.91,0.95,0.99,1.05
ASIANPAINT,PUT SPRD,,,,,,,,,,,1.52,0.55,1.28,0.99
ASIANPAINT,CALL OI FIX,4982,,,,,,,,,,4971,4920,5008,5034
ASIANPAINT,PUT OI FIX,4719,,,,,,,,,,4745,4754,4766,4772
ASIANPAINT,CALL DOI,,,,,,,,,,,494748,518948,505660,520898
ASIANPAINT,PUT DOI,,,,,,,,,,,-525224,-495820,-513233,-507388
ASIANPAINT,CALL GEX,,,,,,,,,,,88729,89878,94179,91927
ASIANPAINT,PUT GEX,,,,,,,,,,,67058,71593,70533,73198
ASIANPAINT,GEX STRIKE,,,,,,,,,,,2400.0,2400.0,2400.0,2400.0
ASIANPAINT,EXPIRY,,,,,,,,,,,2026-10-27,2026-10-27,2026-10-27,2026-10-27
ASIANPAINT,ATM IV,,,,,,,,,,,22.71,22.74,22.6,22.58
ASTRAL,PRICE,1362.1,1344.0,,,,1355.1,1359.17,1353.3,1354.5,1347.5,1354.5,1357.3,1366.8,1367.0
ASTRAL,VWAP,,,,,,,,,,,1352.6,1354.38,1358.39,1359.3
ASTRAL,CASH VOL,325806,299231,102272,49.79,49.48,,,,,,11202,18692,30194,33344
ASTRAL,F&O VOL,6685,9102,,,,,,,,,102,277,715,954
ASTRAL,F&O OI,17953,17923,,,,,,,,,17973,17929,17962,17898
ASTRAL,CALL VOL,2442,2250,,,,,,,,,62,114,353,486
ASTRAL,CALL OI,1586,1508,,,,,,,,,1600,1605,1644,1627
ASTRAL,PUT VOL,1341,1675,,,,,,,,,25,54,147,160
ASTRAL,PUT OI,1507,1412,,,,,,,,,1512,1512,1525,1528
ASTRAL,CALL SPRD,,,,,,,,,,,1.85,1.38,1.09,1.09
ASTRAL,PUT SPRD,,,,,,,,,,,3.02,1.92,1.65,1.68
ASTRAL,CALL OI FIX,1586,,,,,,,,,,1600,1605,1644,1627
ASTRAL,PUT OI FIX,1507,,,,,,,,,,1512,1512,1525,1528
ASTRAL,CALL DOI,,,,,,,,,,,254458,263856,303827,292940
ASTRAL,PUT DOI,,,,,,,,,,,-266958,-258690,-234469,-240900
ASTRAL,CALL GEX,,,,,,,,,,,39060,38961,36823,42095
ASTRAL,PUT GEX,,,,,,,,,,,31137,31491,33496,30704
ASTRAL,GEX STRIKE,,,,,,,,,,,1400.0,1400.0,1400.0,1400.0
ASTRAL,EXPIRY,,,,,,,,,,,2026-10-27,2026-10-27,2026-10-27,2026-10-27
ASTRAL,ATM IV,,,,,,,,,,,26.32,25.98,26.84,25.56
AUBANK,PRICE,1029.2,987.0,,,,1034.7,1025.27,1017.4,995.35,989.78,1027.9,1026.6,1032.3,1027.9
AUBANK,VWAP,,,,,,,,,,,1030.37,1026.84,1028.8,1029.37
AUBANK,CASH VOL,3358977,2487890,710791,48.27,54.82,,,,,,32368,65324,106581,187289
AUBANK,F&O VOL,27997,10660,,,,,,,,,480,1352,2068,2554
AUBANK,F&O OI,34539,33431,,,,,,,,,34568,34499,34480,34515
AUBANK,CALL VOL,11036,3737,,,,,,,,,165,441,720,920
AUBANK,CALL OI,3782,3784,,,,,,,,,3810,3812,3804,3827
AUBANK,PUT VOL,5310,1762,,,,,,,,,104,346,502,640
AUBANK,PUT OI,2520,1839,,,,,,,,,2522,2483,2498,2487
AUBANK,CALL SPRD,,,,,,,,,,,1.3,1.86,1.67,1.64
AUBANK,PUT SPRD,,,,,,,,,,,1.76,1.72,1.54,1.09
AUBANK,CALL OI FIX,3782,,,,,,,,,,3810,3812,3804,3827
AUBANK,PUT OI FIX,2520,,,,,,,,,,2522,2483,2498,2487
AUBANK,CALL DOI,,,,,,,,,,,1897259,1875167,1973180,1903986
AUBANK,PUT DOI,,,,,,,,,,,-937725,-934005,-849662,-921590
AUBANK,CALL GEX,,,,,,,,,,,199471,198288,178410,206681
AUBANK,PUT GEX,,,,,,,,,,,119674,120884,127506,121288
AUBANK,GEX STRIKE,,,,,,,,,,,1000.0,1000.0,1000.0,1000.0
AUBANK,EXPIRY,,,,,,,,,,,2026-10-27,2026-10-27,2026-10-27,2026-10-27
AUBANK,ATM IV,,,,,,,,,,,30.38,29.76,30.07,28.85
AUROPHARMA,PRICE,1674.9,1676.8,,,,1676.0,1679.55,1676.45,1681.5,1678.37,1676.9,1676.2,1678.1,1685.8
AUROPHARMA,VWAP,,,,,,,,,,,1677.3,1677.04,1677.19,1680.04
AUROPHARMA,CASH VOL,958714,1074057,222291,55.23,50.41,,,,,,30838,60303,74318,110142
AUROPHARMA,F&O VOL,9363,13030,,,,,,,,,270,543,814,1354
AUROPHARMA,F&O OI,35385,33701,,,,,,,,,35407,35446,35473,35447
AUROPHARMA,CALL VOL,2690,4645,,,,,,,,,152,203,277,480
AUROPHARMA,CALL OI,4722,4482,,,,,,,,,4722,4738,4750,4737
AUROPHARMA,PUT VOL,3399,4146,,,,,,,,,70,116,199,306
AUROPHARMA,PUT OI,4206,3514,,,,,,,,,4208,4208,4212,4217
AUROPHARMA,CALL SPRD,,,,,,,,,,,1.98,1.58,1.44,0.82
AUROPHARMA,PUT SPRD,,,,,,,,,,,2.02,1.54,1.23,1.9
AUROPHARMA,CALL OI FIX,4722,,,,,,,,,,4722,4738,4750,4737
AUROPHARMA,PUT OI FIX,4206,,,,,,,,,,4208,4208,4212,4217
AUROPHARMA,CALL DOI,,,,,,,,,,,1242901,1252427,1261841,1333886
AUROPHARMA,PUT DOI,,,,,,,,,,,-917658,-920481,-902477,-852505
AUROPHARMA,CALL GEX,,,,,,,,,,,148399,147727,146864,151375
AUROPHARMA,PUT GEX,,,,,,,,,,,120958,122192,126254,122142
AUROPHARMA,GEX STRIKE,,,,,,,,,,,1700.0,1700.0,1700.0,1700.0
AUROPHARMA,EXPIRY,,,,,,,,,,,2026-10-27,2026-10-27,2026-10-27,2026-10-27
AUROPHARMA,ATM IV,,,,,,,,,,,27.0,27.38,26.83,26.43
AXISBANK,PRICE,1222.2,1217.1,,,,1234.0,1226.9,1223.77,1216.75,1216.05,1238.2,1241.5,1240.8,1238.9
AXISBANK,VWAP,,,,,,,,,,,1237.13,1237.21,1238.83,1238.98
AXISBANK,CASH VOL,7472163,7005197,1780396,65.76,60.93,,,,,,506478,764614,1022079,1142766
AXISBANK,F&O VOL,57112,66986,,,,,,,,,5649,10123,16646,19287
AXISBANK,F&O OI,196663,192379,,,,,,,,,197190,197752,198213,198548
AXISBANK,CALL VOL,22057,26272,,,,,,,,,2401,4836,7522,8742
AXISBANK,CALL OI,19178,16954,,,,,,,,,19316,19510,19452,19531
AXISBANK,PUT VOL,13336,14467,,,,,,,,,969,2056,3332,3900
AXISBANK,PUT OI,9774,9549,,,,,,,,,9929,10047,10322,10421
AXISBANK,CALL SPRD,,,,,,,,,,,0.31,0.16,0.76,0.47
AXISBANK,PUT SPRD,,,,,,,,,,,0.7,0.72,0.93,0.73
AXISBANK,CALL OI FIX,17362,,,,,,,,,,17499,17661,17619,17693
AXISBANK,PUT OI FIX,11282,,,,,,,,,,11437,11566,11826,11919
AXISBANK,CALL DOI,,,,,,,,,,,6634070,6875933,6733656,6728678
AXISBANK,PUT DOI,,,,,,,,,,,-2361469,-2278746,-2334659,-2456314
AXISBANK,CALL GEX,,,,,,,,,,,771069,755152,691018,769773
AXISBANK,PUT GEX,,,,,,,,,,,349697,361381,397842,379398
AXISBANK,GEX STRIKE,,,,,,,,,,,1220.0,1220.0,1220.0,1220.0
AXISBANK,EXPIRY,,,,,,,,,,,2026-10-27,2026-10-27,2026-10-27,2026-10-27
AXISBANK,ATM IV,,,,,,,,,,,25.31,25.31,25.59,25.17
BAJAJ-AUTO,PRICE,10024.0,10045.0,,,,10050.0,10017.5,10004.5,10585.0,10225.0,9982.0,9979.0,9998.0,9997.0
BAJAJ-AUTO,VWAP,,,,,,,,,,,10006.33,9995.91,9993.8,9993.59
BAJAJ-AUTO,CASH VOL,354238,1491300,102087,46.57,26.54,,,,,,9030,13422,15769,17817
BAJAJ-AUTO,F&O VOL,104698,446709,,,,,,,,,1728,4974,6816,8295
BAJAJ-AUTO,F&O OI,80334,75474,,,,,,,,,80563,80833,81015,81227
BAJAJ-AUTO,CALL VOL,31297,93688,,,,,,,,,823,2043,2763,3361
BAJAJ-AUTO,CALL OI,10201,9347,,,,,,,,,10388,10643,10836,10957
BAJAJ-AUTO,PUT VOL,29361,169891,,,,,,,,,443,1150,1614,1948
BAJAJ-AUTO,PUT OI,8057,7899,,,,,,,,,8049,8061,8008,7999
BAJAJ-AUTO,CALL SPRD,,,,,,,,,,,0.95,0.91,0.68,0.84
BAJAJ-AUTO,PUT SPRD,,,,,,,,,,,0.92,1.33,0.55,1.72
BAJAJ-AUTO,CALL OI FIX,10201,,,,,,,,,,10388,10643,10836,10957
BAJAJ-AUTO,PUT OI FIX,8057,,,,,,,,,,8049,8061,8008,7999
BAJAJ-AUTO,CALL DOI,,,,,,,,,,,278168,284175,299216,302371
BAJAJ-AUTO,PUT DOI,,,,,,,,,,,-269592,-270986,-262641,-262581
BAJAJ-AUTO,CALL GEX,,,,,,,,,,,52258,53685,56074,55857
BAJAJ-AUTO,PUT GEX,,,,,,,,,,,36392,36085,35829,36935
BAJAJ-AUTO,GEX STRIKE,,,,,,,,,,,10000.0,10000.0,10000.0,10000.0
BAJAJ-AUTO,EXPIRY,,,,,,,,,,,2026-10-27,2026-10-27,2026-10-27,2026-10-27
BAJAJ-AUTO,ATM IV,,,,,,,,,,,22.43,22.76,22.51,22.21
BAJAJFINSV,PRICE,1751.4,1732.6,,,,1751.0,1749.85,1746.75,1735.55,1733.58,1746.6,1747.2,1747.1,1752.5
BAJAJFINSV,VWAP,,,,,,,,,,,1744.67,1745.89,1746.29,1747.25
BAJAJFINSV,CASH VOL,1075845,2292234,255011,57.53,73.62,,,,,,14852,30191,38015,46658
BAJAJFINSV,F&O VOL,26357,18625,,,,,,,,,762,2010,2447,2866
BAJAJFINSV,F&O OI,47879,45122,,,,,,,,,47986,48047,48083,48080
BAJAJFINSV,CALL VOL,11492,7107,,,,,,,,,338,830,998,1252
BAJAJFINSV,CALL OI,6284,5732,,,,,,,,,5536,5566,5572,6370
BAJAJFINSV,PUT VOL,5111,3745,,,,,,,,,213,694,800,903
BAJAJFINSV,PUT OI,5189,4829,,,,,,,,,5297,5285,5300,5251
BAJAJFINSV,CALL SPRD,,,,,,,,,,,0.95,1.02,1.02,0.74
BAJAJFINSV,PUT SPRD,,,,,,,,,,,1.57,1.21,1.2,0.77
BAJAJFINSV,CALL OI FIX,6284,,,,,,,,,,6326,6356,6361,6370
BAJAJFINSV,PUT OI FIX,5189,,,,,,,,,,5232,5228,5244,5251
BAJAJFINSV,CALL DOI,,,,,,,,,,,681718,688526,688233,733577
BAJAJFINSV,PUT DOI,,,,,,,,,,,-611110,-601736,-603855,-616448
BAJAJFINSV,CALL GEX,,,,,,,,,,,102133,102006,101496,116893
BAJAJFINSV,PUT GEX,,,,,,,,,,,86747,89981,90682,89078
BAJAJFINSV,GEX STRIKE,,,,,,,,,,,1760.0,1760.0,1760.0,1760.0
BAJAJFINSV,EXPIRY,,,,,,,,,,,2026-10-27,2026-10-27,2026-10-27,2026-10-27
BAJAJFINSV,ATM IV,,,,,,,,,,,24.62,24.38,24.45,23.89
BAJAJHLDNG,PRICE,10732.0,10666.0,,,,10732.0,10729.0,10723.0,10677.5,10669.83,10705.0,10720.0,10722.0,10723.0
BAJAJHLDNG,VWAP,,,,,,,,,,,10731.67,10714.27,10714.47,10716.91
BAJAJHLDNG,CASH VOL,50104,39942,15305,55.15,48.92,,,,,,633,1414,1908,2217
BAJAJHLDNG,F&O VOL,764,1134,,,,,,,,,8,17,22,53
BAJAJHLDNG,F&O OI,3731,3627,,,,,,,,,3735,3736,3737,3744
BAJAJHLDNG,CALL VOL,168,187,,,,,,,,,0,7,8,15
BAJAJHLDNG,CALL OI,180,148,,,,,,,,,180,180,180,181
BAJAJHLDNG,PUT VOL,136,386,,,,,,,,,0,0,1,1
BAJAJHLDNG,PUT OI,355,318,,,,,,,,,355,355,355,355
BAJAJHLDNG,CALL SPRD,,,,,,,,,,,51.78,50.28,43.55,6.49
BAJAJHLDNG,PUT SPRD,,,,,,,,,,,47.53,46.99,10.14,8.2
BAJAJHLDNG,CALL OI FIX,180,,,,,,,,,,180,180,180,181
BAJAJHLDNG,PUT OI FIX,355,,,,,,,,,,355,355,355,355
BAJAJHLDNG,CALL DOI,,,,,,,,,,,6062,6067,6081,6102
BAJAJHLDNG,PUT DOI,,,,,,,,,,,-11787,-11596,-11558,-11558
BAJAJHLDNG,CALL GEX,,,,,,,,,,,731,773,773,799
BAJAJHLDNG,PUT GEX,,,,,,,,,,,1367,1363,1387,1362
BAJAJHLDNG,GEX STRIKE,,,,,,,,,,,10700.0,10700.0,10700.0,10700.0
BAJAJHLDNG,EXPIRY,,,,,,,,,,,2026-10-27,2026-10-27,2026-10-27,2026-10-27
BAJAJHLDNG,ATM IV,,,,,,,,,,,30.02,30.02,29.57,30.2
BAJFINANCE,PRICE,970.0,948.3,,,,970.0,979.17,973.06,964.8,953.8,969.45,969.75,971.7,971.0
BAJFINANCE,VWAP,,,,,,,,,,,969.9,969.85,970.07,970.19
BAJFINANCE,CASH VOL,12682669,5698769,1701356,49.62,59.38,,,,,,219694,334634,454969,528175
BAJFINANCE,F&O VOL,125467,58148,,,,,,,,,3283,6381,7767,8676
BAJFINANCE,F&O OI,129688,129510,,,,,,,,,130207,130642,130730,130882
BAJFINANCE,CALL VOL,55896,21038,,,,,,,,,1536,2919,3504,3904
BAJFINANCE,CALL OI,13484,13289,,,,,,,,,13753,14219,14298,14356
BAJFINANCE,PUT VOL,28672,15146,,,,,,,,,1039,2037,2518,2729
BAJFINANCE,PUT OI,11656,10947,,,,,,,,,11755,11682,11765,11764
BAJFINANCE,CALL SPRD,,,,,,,,,,,0.88,0.54,0.7,0.52
BAJFINANCE,PUT SPRD,,,,,,,,,,,1.17,0.96,0.79,0.79
BAJFINANCE,CALL OI FIX,13484,,,,,,,,,,13753,14219,14298,14356
BAJFINANCE,PUT OI FIX,11656,,,,,,,,,,11755,11682,11765,11764
BAJFINANCE,CALL DOI,,,,,,,,,,,4562193,4697767,4855796,4812686
BAJFINANCE,PUT DOI,,,,,,,,,,,-3917667,-3850076,-3783120,-3811622
BAJFINANCE,CALL GEX,,,,,,,,,,,563611,606424,599672,616294
BAJFINANCE,PUT GEX,,,,,,,,,,,443270,429378,433973,432362
BAJFINANCE,GEX STRIKE,,,,,,,,,,,1000.0,1000.0,1000.0,1000.0
BAJFINANCE,EXPIRY,,,,,,,,,,,2026-10-27,2026-10-27,2026-10-27,2026-10-27
BAJFINANCE,ATM IV,,,,,,,,,,,29.46,29.01,29.34,28.99
BANDHANBNK,PRICE,168.27,176.0,,,,169.11,172.39,169.64,179.93,177.31,169.31,169.42,170.1,170.23
BANDHANBNK,VWAP,,,,,,,,,,,169.19,169.15,169.42,169.69
BANDHANBNK,CASH VOL,18154959,11142144,3143666,38.68,35.31,,,,,,464145,650465,922254,1192862
BANDHANBNK,F&O VOL,1421,2621,,,,,,,,,4,7,17,21
BANDHANBNK,F&O OI,53770,54891,,,,,,,,,53770,53769,53768,53766
BANDHANBNK,CALL VOL,41,257,,,,,,,,,0,0,0,0
BANDHANBNK,CALL OI,1653,1655,,,,,,,,,1653,1653,1653,1653
BANDHANBNK,PUT VOL,95,333,,,,,,,,,2,4,9,10
BANDHANBNK,PUT OI,3380,3423,,,,,,,,,3380,3380,3379,3378
BANDHANBNK,CALL SPRD,,,,,,,,,,,100.93,96.38,55.1,46.35
BANDHANBNK,PUT SPRD,,,,,,,,,,,16.87,6.45,9.88,12.46
BANDHANBNK,CALL OI FIX,1607,,,,,,,,,,1607,1607,1607,1607
BANDHANBNK,PUT OI FIX,3297,,,,,,,,,,3297,3297,3296,3295
BANDHANBNK,CALL DOI,,,,,,,,,,,2633138,2646230,2727822,2743339
BANDHANBNK,PUT DOI,,,,,,,,,,,-6666409,-6657414,-6467479,-6341526
BANDHANBNK,CALL GEX,,,,,,,,,,,203275,203482,204512,204701
BANDHANBNK,PUT GEX,,,,,,,,,,,405414,411523,417258,393302
BANDHANBNK,GEX STRIKE,,,,,,,,,,,180.0,180.0,180.0,180.0
BANDHANBNK,EXPIRY,,,,,,,,,,,2026-10-27,2026-10-27,2026-10-27,2026-10-27
BANDHANBNK,ATM IV,,,,,,,,,,,47.16,46.58,46.09,47.97
BANKBARODA,PRICE,232.8,230.82,,,,233.02,234.62,233.41,230.47,229.76,232.93,232.29,232.74,233.43
BANKBARODA,VWAP,,,,,,,,,,,233.01,232.81,232.7,232.82
BANKBARODA,CASH VOL,10802904,9034271,3526800,50.93,51.59,,,,,,146397,248681,339419,442411
BANKBARODA,F&O VOL,28106,21508,,,,,,,,,647,1169,1885,2704
BANKBARODA,F&O OI,73287,72246,,,,,,,,,73372,73410,73426,73334
BANKBARODA,CALL VOL,10705,7946,,,,,,,,,431,629,878,1208
BANKBARODA,CALL OI,7229,6724,,,,,,,,,7291,7284,7290,7309
BANKBARODA,PUT VOL,7273,5515,,,,,,,,,117,199,439,598
BANKBARODA,PUT OI,7264,7474,,,,,,,,,7279,7274,7290,7240
BANKBARODA,CALL SPRD,,,,,,,,,,,1.49,1.27,1.09,1.02
BANKBARODA,PUT SPRD,,,,,,,,,,,1.28,1.23,1.1,1.19
BANKBARODA,CALL OI FIX,7229,,,,,,,,,,7291,7284,7290,7309
BANKBARODA,PUT OI FIX,7264,,,,,,,,,,7279,7274,7290,7240
BANKBARODA,CALL DOI,,,,,,,,,,,9280885,8885516,9152153,9527156
BANKBARODA,PUT DOI,,,,,,,,,,,-8232038,-8545752,-8314026,-7889189
BANKBARODA,CALL GEX,,,,,,,,,,,1241470,1265203,1275145,1317123
BANKBARODA,PUT GEX,,,,,,,,,,,1059113,1088084,1084626,1043877
BANKBARODA,GEX STRIKE,,,,,,,,,,,240.0,240.0,240.0,240.0
BANKBARODA,EXPIRY,,,,,,,,,,,2026-10-27,2026-10-27,2026-10-27,2026-10-27
BANKBARODA,ATM IV,,,,,,,,,,,27.51,26.19,26.73,26.38
BANKINDIA,PRICE,133.5,129.48,,,,133.4,134.13,133.71,132.12,130.36,133.03,132.64,133.1,133.43
BANKINDIA,VWAP,,,,,,,,,,,133.31,133.03,133.01,133.07
BANKINDIA,CASH VOL,15657633,4296454,2275312,31.58,36.94,,,,,,194501,355694,487804,588166
BANKINDIA,F&O VOL,20658,5760,,,,,,,,,181,446,724,992
BANKINDIA,F&O OI,25312,25831,,,,,,,,,25354,25371,25331,25345
BANKINDIA,CALL VOL,8960,2220,,,,,,,,,104,191,300,453
BANKINDIA,CALL OI,5060,5156,,,,,,,,,5073,5087,5071,5077
BANKINDIA,PUT VOL,6606,1466,,,,,,,,,44,159,293,335
BANKINDIA,PUT OI,5067,4826,,,,,,,,,5073,5070,5046,5050
BANKINDIA,CALL SPRD,,,,,,,,,,,1.59,1.95,1.63,1.76
BANKINDIA,PUT SPRD,,,,,,,,,,,2.46,1.51,1.89,2.0
BANKINDIA,CALL OI FIX,5060,,,,,,,,,,5073,5087,5071,5077
BANKINDIA,PUT OI FIX,5067,,,,,,,,,,5073,5070,5046,5050
BANKINDIA,CALL DOI,,,,,,,,,,,9741271,9383569,9752310,10042790
BANKINDIA,PUT DOI,,,,,,,,,,,-10892017,-11111049,-10741411,-10468356
BANKINDIA,CALL GEX,,,,,,,,,,,1138240,1122561,1123732,1146985
BANKINDIA,PUT GEX,,,,,,,,,,,1076228,1077610,1084306,1076468
BANKINDIA,GEX STRIKE,,,,,,,,,,,135.0,135.0,135.0,135.0
BANKINDIA,EXPIRY,,,,,,,,,,,2026-10-27,2026-10-27,2026-10-27,2026-10-27
BANKINDIA,ATM IV,,,,,,,,,,,34.89,33.69,33.57,33.39
BDL,PRICE,1096.2,1087.9,,,,1096.2,1094.95,1092.45,1106.05,1093.95,1097.4,1098.0,1100.1,1108.1
BDL,VWAP,,,,,,,,,,,1097.6,1097.19,1097.87,1100.83
BDL,CASH VOL,660761,928850,151223,39.03,38.52,,,,,,47552,73980,123506,205368
BDL,F&O VOL,7439,10458,,,,,,,,,106,369,864,2401
BDL,F&O OI,35863,35841,,,,,,,,,35868,35869,35966,35908
BDL,CALL VOL,3703,5368,,,,,,,,,97,214,548,1493
BDL,CALL OI,6453,6265,,,,,,,,,6441,6444,6471,6369
BDL,PUT VOL,1268,2055,,,,,,,,,7,41,91,309
BDL,PUT OI,5443,5442,,,,,,,,,5442,5446,5453,5467
BDL,CALL SPRD,,,,,,,,,,,0.65,1.32,1.02,1.01
BDL,PUT SPRD,,,,,,,,,,,9.84,2.23,1.58,1.13
BDL,CALL OI FIX,6453,,,,,,,,,,6441,6444,6471,6369
BDL,PUT OI FIX,5443,,,,,,,,,,5442,5446,5453,5467
BDL,CALL DOI,,,,,,,,,,,874162,890939,929263,967673
BDL,PUT DOI,,,,,,,,,,,-1085273,-1094631,-1083981,-1000185
BDL,CALL GEX,,,,,,,,,,,108040,105950,104182,110536
BDL,PUT GEX,,,,,,,,,,,85629,91361,93412,87140
BDL,GEX STRIKE,,,,,,,,,,,1160.0,1160.0,1160.0,1160.0
BDL,EXPIRY,,,,,,,,,,,2026-10-27,2026-10-27,2026-10-27,2026-10-27
BDL,ATM IV,,,,,,,,,,,36.72,34.82,35.53,35.28
BEL,PRICE,384.85,383.1,,,,383.2,383.54,380.93,386.05,384.08,383.25,383.6,384.75,386.35
BEL,VWAP,,,,,,,,,,,383.57,383.43,383.53,384.15
BEL,CASH VOL,10909395,10250149,2076639,52.94,55.07,,,,,,673562,1034754,1327168,1761702
BEL,F&O VOL,42808,35884,,,,,,,,,1528,2917,4073,6006
BEL,F&O OI,103775,100265,,,,,,,,,103851,104049,104227,104248
BEL,CALL VOL,19293,15052,,,,,,,,,813,1473,2042,3302
BEL,CALL OI,14047,12878,,,,,,,,,14048,14063,14162,14123
BEL,PUT VOL,11161,8410,,,,,,,,,376,700,926,1330
BEL,PUT OI,11568,11189,,,,,,,,,11591,11693,11790,11817
BEL,CALL SPRD,,,,,,,,,,,1.08,1.05,0.98,0.9
BEL,PUT SPRD,,,,,,,,,,,1.09,0.55,1.2,1.31
BEL,CALL OI FIX,14047,,,,,,,,,,14048,14063,14162,14123
BEL,PUT OI FIX,11568,,,,,,,,,,11591,11693,11790,11817
BEL,CALL DOI,,,,,,,,,,,7168707,7345778,7816581,8205360
BEL,PUT DOI,,,,,,,,,,,-8947324,-9053728,-8810370,-8391891
BEL,CALL GEX,,,,,,,,,,,1155350,1139373,1129094,1204340
BEL,PUT GEX,,,,,,,,,,,940290,963833,1009020,978630
BEL,GEX STRIKE,,,,,,,,,,,400.0,400.0,400.0,400.0
BEL,EXPIRY,,,,,,,,,,,2026-10-27,2026-10-27,2026-10-27,2026-10-27
BEL,ATM IV,,,,,,,,,,,25.18,25.39,25.18,25.25
BHARATFORG,PRICE,1833.0,1875.0,,,,1830.1,1845.2,1837.07,1919.85,1889.95,1830.0,1836.0,1841.5,1842.0
BHARATFORG,VWAP,,,,,,,,,,,1830.47,1833.39,1834.36,1836.43
BHARATFORG,CASH VOL,1029681,1151437,332418,57.31,56.87,,,,,,14481,30611,37350,48205
BHARATFORG,F&O VOL,18784,13690,,,,,,,,,374,770,1218,1576
BHARATFORG,F&O OI,27265,25147,,,,,,,,,27308,27393,27408,27406
BHARATFORG,CALL VOL,4838,3344,,,,,,,,,110,324,451,639
BHARATFORG,CALL OI,2494,1886,,,,,,,,,1958,2557,2552,2563
BHARATFORG,PUT VOL,6853,3444,,,,,,,,,138,229,292,362
BHARATFORG,PUT OI,2641,1903,,,,,,,,,2460,2682,2698,2709
BHARATFORG,CALL SPRD,,,,,,,,,,,2.57,1.42,1.26,1.36
BHARATFORG,PUT SPRD,,,,,,,,,,,1.81,1.98,1.69,1.94
BHARATFORG,CALL OI FIX,2494,,,,,,,,,,2504,2557,2552,2563
BHARATFORG,PUT OI FIX,2641,,,,,,,,,,2671,2682,2698,2709
BHARATFORG,CALL DOI,,,,,,,,,,,381970,471790,492297,496585
BHARATFORG,PUT DOI,,,,,,,,,,,-575356,-651192,-634908,-634041
BHARATFORG,CALL GEX,,,,,,,,,,,54671,72862,73841,75219
BHARATFORG,PUT GEX,,,,,,,,,,,62634,68536,70419,71211
BHARATFORG,GEX STRIKE,,,,,,,,,,,1900.0,1900.0,1900.0,1900.0
BHARATFORG,EXPIRY,,,,,,,,,,,2026-10-27,2026-10-27,2026-10-27,2026-10-27
BHARATFORG,ATM IV,,,,,,,,,,,29.06,27.45,27.16,26.95
BHARTIARTL,PRICE,1779.9,1741.1,,,,1777.0,1773.63,1761.1,1756.9,1746.37,1772.9,1776.8,1777.4,1776.0
BHARTIARTL,VWAP,,,,,,,,,,,1775.0,1776.43,1776.37,1776.07
BHARTIARTL,CASH VOL,7310041,5609657,2353209,74.34,63.89,,,,,,125308,211158,276486,327372
BHARTIARTL,F&O VOL,63781,73377,,,,,,,,,2028,5196,7441,9281
BHARTIARTL,F&O OI,180073,180532,,,,,,,,,180243,180491,180904,181439
BHARTIARTL,CALL VOL,34291,37120,,,,,,,,,1366,3297,4041,5286
BHARTIARTL,CALL OI,24276,24179,,,,,,,,,24290,24415,24473,24941
BHARTIARTL,PUT VOL,15479,18688,,,,,,,,,512,1341,2555,2965
BHARTIARTL,PUT OI,19313,19433,,,,,,,,,19368,19442,19848,19934
BHARTIARTL,CALL SPRD,,,,,,,,,,,0.71,0.35,0.86,0.52
BHARTIARTL,PUT SPRD,,,,,,,,,,,1.11,0.95,1.0,0.59
BHARTIARTL,CALL OI FIX,24276,,,,,,,,,,24290,24415,24473,24941
BHARTIARTL,PUT OI FIX,19313,,,,,,,,,,19368,19442,19848,19934
BHARTIARTL,CALL DOI,,,,,,,,,,,4218451,4425930,4454979,4423135
BHARTIARTL,PUT DOI,,,,,,,,,,,-4514675,-4391094,-4416531,-4493385
BHARTIARTL,CALL GEX,,,,,,,,,,,998296,1053863,1079901,1036961
BHARTIARTL,PUT GEX,,,,,,,,,,,737202,729407,746241,774769
BHARTIARTL,GEX STRIKE,,,,,,,,,,,1800.0,1800.0,1800.0,1800.0
BHARTIARTL,EXPIRY,,,,,,,,,,,2026-10-27,2026-10-27,2026-10-27,2026-10-27
BHARTIARTL,ATM IV,,,,,,,,,,,15.92,15.98,15.72,15.88
BHEL,PRICE,429.0,421.0,,,,429.0,428.76,428.27,419.12,415.38,431.85,436.5,438.4,443.45
BHEL,VWAP,,,,,,,,,,,430.55,433.67,435.73,438.16
BHEL,CASH VOL,8225965,12669050,1247408,41.35,36.04,,,,,,359990,1201443,2556170,4295699
BHEL,F&O VOL,25945,42252,,,,,,,,,1138,4082,11375,20281
BHEL,F&O OI,46295,45041,,,,,,,,,46397,46987,47241,48337
BHEL,CALL VOL,12243,17539,,,,,,,,,443,2671,5620,10635
BHEL,CALL OI,5621,4955,,,,,,,,,6335,6675,6082,6646
BHEL,PUT VOL,4125,3650,,,,,,,,,215,847,1904,3439
BHEL,PUT OI,2021,1557,,,,,,,,,3500,3384,2885,2756
BHEL,CALL SPRD,,,,,,,,,,,0.6,0.59,0.95,0.59
BHEL,PUT SPRD,,,,,,,,,,,1.05,1.34,1.22,1.21
BHEL,CALL OI FIX,6319,,,,,,,,,,6335,6307,6676,7117
BHEL,PUT OI FIX,3480,,,,,,,,,,3500,3601,3775,4102
BHEL,CALL DOI,,,,,,,,,,,9672606,10388489,8865026,10056528
BHEL,PUT DOI,,,,,,,,,,,-3184921,-2809110,-2445749,-2387734
BHEL,CALL GEX,,,,,,,,,,,690715,681909,549406,685405
BHEL,PUT GEX,,,,,,,,,,,350371,332860,320450,263106
BHEL,GEX STRIKE,,,,,,,,,,,420.0,420.0,420.0,420.0
BHEL,EXPIRY,,,,,,,,,,,2026-10-27,2026-10-27,2026-10-27,2026-10-27
BHEL,ATM IV,,,,,,,,,,,37.29,38.21,38.29,39.48
BIOCON,PRICE,369.8,370.7,,,,369.7,369.56,369.08,372.4,371.27,369.0,368.4,368.95,370.15
BIOCON,VWAP,,,,,,,,,,,368.82,368.71,368.74,369.22
BIOCON,CASH VOL,2121058,2525268,1140648,58.52,42.58,,,,,,28865,63767,112132,176333
BIOCON,F&O VOL,6124,9921,,,,,,,,,131,286,511,834
BIOCON,F&O OI,32680,32382,,,,,,,,,32699,32747,32767,32850
BIOCON,CALL VOL,2309,3513,,,,,,,,,55,145,194,306
BIOCON,CALL OI,3130,3001,,,,,,,,,3136,3151,3155,3192
BIOCON,PUT VOL,1376,2562,,,,,,,,,29,75,99,192
BIOCON,PUT OI,3996,3897,,,,,,,,,4002,4005,3999,3999
BIOCON,CALL SPRD,,,,,,,,,,,2.0,2.03,2.04,1.46
BIOCON,PUT SPRD,,,,,,,,,,,1.65,1.65,2.22,2.37
BIOCON,CALL OI FIX,3130,,,,,,,,,,3136,3151,3155,3192
BIOCON,PUT OI FIX,3996,,,,,,,,,,4002,4005,3999,3999
BIOCON,CALL DOI,,,,,,,,,,,2860730,2799465,2885095,3007470
BIOCON,PUT DOI,,,,,,,,,,,-4410560,-4525958,-4418603,-4272006
BIOCON,CALL GEX,,,,,,,,,,,425506,428800,425683,458120
BIOCON,PUT GEX,,,,,,,,,,,520732,529792,542420,522101
BIOCON,GEX STRIKE,,,,,,,,,,,380.0,380.0,380.0,380.0
BIOCON,EXPIRY,,,,,,,,,,,2026-10-27,2026-10-27,2026-10-27,2026-10-27
BIOCON,ATM IV,,,,,,,,,,,27.14,26.77,26.84,26.43
BLUESTARCO,PRICE,1510.0,1459.6,,,,1508.4,1502.9,1488.7,1518.75,1479.32,1511.0,1546.7,1556.4,1565.4
BLUESTARCO,VWAP,,,,,,,,,,,1510.97,1530.65,1540.73,1545.03
BLUESTARCO,CASH VOL,367830,962569,60722,15.13,45.66,,,,,,12778,72574,133772,176703
BLUESTARCO,F&O VOL,19384,12584,,,,,,,,,104,1073,3559,4973
BLUESTARCO,F&O OI,28276,27894,,,,,,,,,28280,28157,28132,28099
BLUESTARCO,CALL VOL,11429,5012,,,,,,,,,63,741,2582,3620
BLUESTARCO,CALL OI,4035,3925,,,,,,,,,3919,3764,3797,3781
BLUESTARCO,PUT VOL,1962,672,,,,,,,,,19,105,294,391
BLUESTARCO,PUT OI,1439,1127,,,,,,,,,2000,1615,1512,1541
BLUESTARCO,CALL SPRD,,,,,,,,,,,2.32,1.25,1.49,0.84
BLUESTARCO,PUT SPRD,,,,,,,,,,,23.38,6.16,3.26,3.1
BLUESTARCO,CALL OI FIX,3782,,,,,,,,,,3780,3655,3525,3490
BLUESTARCO,PUT OI FIX,2308,,,,,,,,,,2316,2336,2373,2386
BLUESTARCO,CALL DOI,,,,,,,,,,,534572,664518,689155,741517
BLUESTARCO,PUT DOI,,,,,,,,,,,-268448,-196966,-180464,-178948
BLUESTARCO,CALL GEX,,,,,,,,,,,70393,68624,63992,68079
BLUESTARCO,PUT GEX,,,,,,,,,,,20739,16778,17471,15901
BLUESTARCO,GEX STRIKE,,,,,,,,,,,1500.0,1600.0,1600.0,1600.0
BLUESTARCO,EXPIRY,,,,,,,,,,,2026-10-27,2026-10-27,2026-10-27,2026-10-27
BLUESTARCO,ATM IV,,,,,,,,,,,37.73,38.99,34.23,35.32
BOSCHLTD,PRICE,44960.0,45480.0,,,,44960.0,45305.0,45075.0,46210.0,45723.33,45135.0,45135.0,45180.0,45140.0
BOSCHLTD,VWAP,,,,,,,,,,,45101.67,45081.79,45118.84,45128.22
BOSCHLTD,CASH VOL,41822,48572,6604,60.61,48.41,,,,,,1116,1889,2859,3241
BOSCHLTD,F&O VOL,13896,29398,,,,,,,,,279,797,1393,1710
BOSCHLTD,F&O OI,16370,14837,,,,,,,,,16369,16329,16308,16324
BOSCHLTD,CALL VOL,2511,3697,,,,,,,,,119,206,320,432
BOSCHLTD,CALL OI,1646,943,,,,,,,,,1662,1663,1673,1693
BOSCHLTD,PUT VOL,2432,6783,,,,,,,,,72,128,244,296
BOSCHLTD,PUT OI,2136,1888,,,,,,,,,2129,2114,2105,2096
BOSCHLTD,CALL SPRD,,,,,,,,,,,1.63,1.9,1.68,4.08
BOSCHLTD,PUT SPRD,,,,,,,,,,,5.55,2.48,2.85,3.77
BOSCHLTD,CALL OI FIX,1646,,,,,,,,,,1662,1663,1673,1693
BOSCHLTD,PUT OI FIX,2136,,,,,,,,,,2129,2114,2105,2096
BOSCHLTD,CALL DOI,,,,,,,,,,,17477,17380,17755,17684
BOSCHLTD,PUT DOI,,,,,,,,,,,-21109,-20797,-20272,-20434
BOSCHLTD,CALL GEX,,,,,,,,,,,2637,2633,2626,2697
BOSCHLTD,PUT GEX,,,,,,,,,,,2728,2735,2789,2807
BOSCHLTD,GEX STRIKE,,,,,,,,,,,45000.0,45000.0,45000.0,45000.0
BOSCHLTD,EXPIRY,,,,,,,,,,,2026-10-27,2026-10-27,2026-10-27,2026-10-27
BOSCHLTD,ATM IV,,,,,,,,,,,26.67,25.57,24.86,24.13
BPCL,PRICE,296.95,300.6,,,,297.4,300.43,298.11,302.5,301.23,297.45,297.4,298.95,298.2
BPCL,VWAP,,,,,,,,,,,297.82,297.67,297.85,297.96
BPCL,CASH VOL,7903107,5618518,1202321,59.79,48.85,,,,,,153953,250438,327594,400725
BPCL,F&O VOL,11001,10832,,,,,,,,,442,829,1442,1915
BPCL,F&O OI,26566,24709,,,,,,,,,26693,26877,26975,27021
BPCL,CALL VOL,4543,4387,,,,,,,,,186,313,476,611
BPCL,CALL OI,3291,2545,,,,,,,,,3262,3270,3372,3381
BPCL,PUT VOL,3354,3003,,,,,,,,,259,558,750,1020
BPCL,PUT OI,2869,2315,,,,,,,,,3138,3245,3154,3166
BPCL,CALL SPRD,,,,,,,,,,,1.53,2.03,1.3,1.39
BPCL,PUT SPRD,,,,,,,,,,,1.72,1.72,2.03,1.98
BPCL,CALL OI FIX,3191,,,,,,,,,,3262,3270,3270,3274
BPCL,PUT OI FIX,3042,,,,,,,,,,3138,3245,3345,3369
BPCL,CALL DOI,,,,,,,,,,,2179895,2176958,2390539,2268703
BPCL,PUT DOI,,,,,,,,,,,-2702319,-2745957,-2611977,-2688492
BPCL,CALL GEX,,,,,,,,,,,339214,340201,348207,356361
BPCL,PUT GEX,,,,,,,,,,,288061,295258,303298,301121
BPCL,GEX STRIKE,,,,,,,,,,,300.0,300.0,300.0,300.0
BPCL,EXPIRY,,,,,,,,,,,2026-10-27,2026-10-27,2026-10-27,2026-10-27
BPCL,ATM IV,,,,,,,,,,,26.85,27.79,26.38,25.92
BRITANNIA,PRICE,4770.0,4778.0,,,,4779.9,4775.65,4771.88,4835.0,4797.0,4787.8,4813.8,4812.0,4816.9
BRITANNIA,VWAP,,,,,,,,,,,4781.97,4800.1,4801.06,4803.28
BRITANNIA,CASH VOL,204743,362699,103055,64.64,60.59,,,,,,5455,10998,11971,14557
BRITANNIA,F&O VOL,10453,11797,,,,,,,,,194,1516,1953,2251
BRITANNIA,F&O OI,30305,29291,,,,,,,,,30321,30105,30119,30110
BRITANNIA,CALL VOL,4701,4007,,,,,,,,,195,947,1111,1252
BRITANNIA,CALL OI,3347,2906,,,,,,,,,3378,3180,3165,3165
BRITANNIA,PUT VOL,2140,2622,,,,,,,,,36,317,423,504
BRITANNIA,PUT OI,2646,2386,,,,,,,,,2645,2631,2639,2620
BRITANNIA,CALL SPRD,,,,,,,,,,,1.8,0.94,1.17,0.95
BRITANNIA,PUT SPRD,,,,,,,,,,,3.98,1.36,1.45,1.38
BRITANNIA,CALL OI FIX,3155,,,,,,,,,,3186,2984,2965,2955
BRITANNIA,PUT OI FIX,2862,,,,,,,,,,2861,2848,2857,2829
BRITANNIA,CALL DOI,,,,,,,,,,,142175,149183,145840,148748
BRITANNIA,PUT DOI,,,,,,,,,,,-158205,-151303,-152880,-149987
BRITANNIA,CALL GEX,,,,,,,,,,,30973,30233,30708,30783
BRITANNIA,PUT GEX,,,,,,,,,,,20160,22175,22199,22259
BRITANNIA,GEX STRIKE,,,,,,,,,,,5000.0,5000.0,5000.0,5000.0
BRITANNIA,EXPIRY,,,,,,,,,,,2026-10-27,2026-10-27,2026-10-27,2026-10-27
BRITANNIA,ATM IV,,,,,,,,,,,21.49,19.94,19.67,19.56
BSE,PRICE,3179.6,3046.0,,,,3209.0,3155.9,3108.5,3100.0,3064.0,3277.1,3269.2,3271.4,3254.9
BSE,VWAP,,,,,,,,,,,3256.07,3259.61,3261.02,3261.88
BSE,CASH VOL,6735475,6273089,2030383,47.76,48.18,,,,,,749209,1562650,1887326,2231443
BSE,F&O VOL,161674,133060,,,,,,,,,25518,63382,79212,92047
BSE,F&O OI,132229,132896,,,,,,,,,132973,134360,134735,134770
BSE,CALL VOL,83497,66005,,,,,,,,,15433,36409,43506,49769
BSE,CALL OI,30298,32744,,,,,,,,,28940,30974,31177,31048
BSE,PUT VOL,32237,23529,,,,,,,,,3398,14328,17967,21658
BSE,PUT OI,20113,18662,,,,,,,,,14638,20503,21183,21398
BSE,CALL SPRD,,,,,,,,,,,0.69,0.49,0.61,0.53
BSE,PUT SPRD,,,,,,,,,,,0.87,0.79,0.72,0.76
BSE,CALL OI FIX,26446,,,,,,,,,,26540,27135,27619,27542
BSE,PUT OI FIX,19559,,,,,,,,,,19934,19988,20571,20796
BSE,CALL DOI,,,,,,,,,,,3079022,3297704,3345640,3256328
BSE,PUT DOI,,,,,,,,,,,-1190415,-1390130,-1420557,-1522070
BSE,CALL GEX,,,,,,,,,,,233574,241246,241755,269622
BSE,PUT GEX,,,,,,,,,,,112887,144897,155360,147492
BSE,GEX STRIKE,,,,,,,,,,,3300.0,3300.0,3300.0,3300.0
BSE,EXPIRY,,,,,,,,,,,2026-10-27,2026-10-27,2026-10-27,2026-10-27
BSE,ATM IV,,,,,,,,,,,37.02,37.31,36.72,36.08
CAMS,PRICE,683.85,677.25,,,,688.0,685.2,684.3,687.17,680.56,683.6,681.25,683.0,685.8
CAMS,VWAP,,,,,,,,,,,683.98,682.03,682.13,682.38
CAMS,CASH VOL,1632385,1577224,303207,54.75,56.66,,,,,,55832,100484,135147,151593
CAMS,F&O VOL,5412,4571,,,,,,,,,155,402,708,828
CAMS,F&O OI,17334,17326,,,,,,,,,17384,17470,17490,17493
CAMS,CALL VOL,2499,1866,,,,,,,,,82,205,297,414
CAMS,CALL OI,1784,1663,,,,,,,,,1639,1671,1682,1854
CAMS,PUT VOL,849,792,,,,,,,,,0,47,141,161
CAMS,PUT OI,1652,1732,,,,,,,,,1612,1633,1643,1676
CAMS,CALL SPRD,,,,,,,,,,,6.45,1.27,3.07,3.46
CAMS,PUT SPRD,,,,,,,,,,,25.34,2.21,3.36,5.3
CAMS,CALL OI FIX,1610,,,,,,,,,,1639,1671,1682,1683
CAMS,PUT OI FIX,1612,,,,,,,,,,1612,1633,1643,1637
CAMS,CALL DOI,,,,,,,,,,,570950,558289,590217,632683
CAMS,PUT DOI,,,,,,,,,,,-555001,-573461,-559834,-592004
CAMS,CALL GEX,,,,,,,,,,,76109,73795,71511,86143
CAMS,PUT GEX,,,,,,,,,,,55581,59450,66340,61204
CAMS,GEX STRIKE,,,,,,,,,,,700.0,700.0,700.0,700.0
CAMS,EXPIRY,,,,,,,,,,,2026-10-27,2026-10-27,2026-10-27,2026-10-27
CAMS,ATM IV,,,,,,,,,,,31.19,29.2,28.88,29.68
CANBK,PRICE,118.5,118.36,,,,118.9,119.58,118.86,120.59,119.11,118.51,118.51,118.41,118.56
CANBK,VWAP,,,,,,,,,,,118.85,118.72,118.64,118.62
CANBK,CASH VOL,22263750,13953325,4917006,56.86,45.85,,,,,,561650,978208,1273174,1484496
CANBK,F&O VOL,11038,10754,,,,,,,,,284,727,1005,1457
CANBK,F&O OI,71563,70759,,,,,,,,,71576,71723,71785,71926
CANBK,CALL VOL,3753,2993,,,,,,,,,152,258,335,522
CANBK,CALL OI,3442,2953,,,,,,,,,3448,3485,3462,3564
CANBK,PUT VOL,1301,1807,,,,,,,,,29,91,118,172
CANBK,PUT OI,3394,3254,,,,,,,,,3394,3397,3415,3426
CANBK,CALL SPRD,,,,,,,,,,,2.22,1.66,1.24,1.39
CANBK,PUT SPRD,,,,,,,,,,,8.12,1.78,2.03,2.12
CANBK,CALL OI FIX,3394,,,,,,,,,,3400,3437,3462,3517
CANBK,PUT OI FIX,3400,,,,,,,,,,3400,3403,3415,3432
CANBK,CALL DOI,,,,,,,,,,,10756418,10897822,10736666,11185461
CANBK,PUT DOI,,,,,,,,,,,-11006842,-11076326,-11129339,-11088699
CANBK,CALL GEX,,,,,,,,,,,1239489,1251046,1258150,1291050
CANBK,PUT GEX,,,,,,,,,,,1132669,1164317,1175365,1188724
CANBK,GEX STRIKE,,,,,,,,,,,120.0,120.0,120.0,120.0
CANBK,EXPIRY,,,,,,,,,,,2026-10-27,2026-10-27,2026-10-27,2026-10-27
CANBK,ATM IV,,,,,,,,,,,30.83,31.18,30.69,29.94
CDSL,PRICE,1250.0,1242.5,,,,1255.0,1249.62,1248.85,1270.95,1251.98,1263.8,1265.2,1262.7,1262.8
CDSL,VWAP,,,,,,,,,,,1262.3,1262.54,1262.75,1262.53
CDSL,CASH VOL,915900,1324382,187066,45.1,38.64,,,,,,55536,102936,137771,175985
CDSL,F&O VOL,13097,31453,,,,,,,,,1028,2307,3080,4404
CDSL,F&O OI,45866,45332,,,,,,,,,45903,45912,45930,46195
CDSL,CALL VOL,5556,11459,,,,,,,,,882,1342,1754,2715
CDSL,CALL OI,5846,5339,,,,,,,,,5893,5901,5900,6158
CDSL,PUT VOL,3125,10245,,,,,,,,,242,426,592,740
CDSL,PUT OI,7696,7713,,,,,,,,,7709,7728,7728,7719
CDSL,CALL SPRD,,,,,,,,,,,1.16,0.72,1.32,1.18
CDSL,PUT SPRD,,,,,,,,,,,0.96,0.93,1.41,1.28
CDSL,CALL OI FIX,5071,,,,,,,,,,5122,5131,5132,5390
CDSL,PUT OI FIX,7530,,,,,,,,,,7542,7560,7563,7555
CDSL,CALL DOI,,,,,,,,,,,1015810,1044816,1015865,1059294
CDSL,PUT DOI,,,,,,,,,,,-1640537,-1639458,-1691063,-1692415
CDSL,CALL GEX,,,,,,,,,,,136648,135122,133882,144843
CDSL,PUT GEX,,,,,,,,,,,164973,169292,176092,169310
CDSL,GEX STRIKE,,,,,,,,,,,1300.0,1300.0,1300.0,1300.0
CDSL,EXPIRY,,,,,,,,,,,2026-10-27,2026-10-27,2026-10-27,2026-10-27
CDSL,ATM IV,,,,,,,,,,,29.8,30.56,30.27,30.37
CGPOWER,PRICE,882.3,879.0,,,,888.0,885.98,883.52,876.68,872.05,891.0,895.25,898.4,898.95
CGPOWER,VWAP,,,,,,,,,,,890.0,892.95,893.26,895.47
CGPOWER,CASH VOL,1290292,4633143,298994,43.28,26.29,,,,,,74316,219929,273068,489231
CGPOWER,F&O VOL,10307,30083,,,,,,,,,579,1856,2675,4001
CGPOWER,F&O OI,27474,26437,,,,,,,,,27544,27527,27482,27508
CGPOWER,CALL VOL,4024,15699,,,,,,,,,340,1145,1518,2196
CGPOWER,CALL OI,2272,2241,,,,,,,,,2561,2296,2280,2319
CGPOWER,PUT VOL,3203,5017,,,,,,,,,145,347,511,743
CGPOWER,PUT OI,2298,1342,,,,,,,,,2578,2351,2380,2387
CGPOWER,CALL SPRD,,,,,,,,,,,1.29,0.72,0.72,0.86
CGPOWER,PUT SPRD,,,,,,,,,,,3.53,0.92,1.12,1.18
CGPOWER,CALL OI FIX,2303,,,,,,,,,,2311,2313,2287,2317
CGPOWER,PUT OI FIX,2515,,,,,,,,,,2532,2566,2591,2581
CGPOWER,CALL DOI,,,,,,,,,,,1192914,1006008,1025676,1042297
CGPOWER,PUT DOI,,,,,,,,,,,-806531,-735502,-708336,-708949
CGPOWER,CALL GEX,,,,,,,,,,,101652,94779,94785,96074
CGPOWER,PUT GEX,,,,,,,,,,,97254,90005,92373,92398
CGPOWER,GEX STRIKE,,,,,,,,,,,900.0,900.0,900.0,900.0
CGPOWER,EXPIRY,,,,,,,,,,,2026-10-27,2026-10-27,2026-10-27,2026-10-27
CGPOWER,ATM IV,,,,,,,,,,,33.98,32.47,31.62,31.85
CHOLAFIN,PRICE,1605.4,1580.0,,,,1606.9,1602.07,1595.4,1611.8,1590.6,1598.2,1604.7,1608.3,1606.3
CHOLAFIN,VWAP,,,,,,,,,,,1599.27,1601.4,1602.42,1602.89
CHOLAFIN,CASH VOL,1378981,1699959,442971,57.09,59.26,,,,,,22040,49044,57568,64063
CHOLAFIN,F&O VOL,12365,14048,,,,,,,,,265,668,955,1224
CHOLAFIN,F&O OI,32618,32313,,,,,,,,,32670,32718,32669,32660
CHOLAFIN,CALL VOL,4696,4030,,,,,,,,,77,250,371,503
CHOLAFIN,CALL OI,2599,2524,,,,,,,,,2612,2646,2653,2651
CHOLAFIN,PUT VOL,3360,4464,,,,,,,,,116,196,266,339
CHOLAFIN,PUT OI,3306,3287,,,,,,,,,3311,3306,3316,3320
CHOLAFIN,CALL SPRD,,,,,,,,,,,1.47,1.08,0.76,0.88
CHOLAFIN,PUT SPRD,,,,,,,,,,,1.65,1.44,1.5,1.59
CHOLAFIN,CALL OI FIX,2599,,,,,,,,,,2612,2646,2653,2651
CHOLAFIN,PUT OI FIX,3306,,,,,,,,,,3311,3306,3316,3320
CHOLAFIN,CALL DOI,,,,,,,,,,,579949,623078,648051,630435
CHOLAFIN,PUT DOI,,,,,,,,,,,-919978,-878959,-856090,-873256
CHOLAFIN,CALL GEX,,,,,,,,,,,83507,85462,85115,87373
CHOLAFIN,PUT GEX,,,,,,,,,,,94472,94612,95540,94896
CHOLAFIN,GEX STRIKE,,,,,,,,,,,1600.0,1600.0,1600.0,1600.0
CHOLAFIN,EXPIRY,,,,,,,,,,,2026-10-27,2026-10-27,2026-10-27,2026-10-27
CHOLAFIN,ATM IV,,,,,,,,,,,30.14,30.24,30.08,30.0
CIPLA,PRICE,1335.5,1344.0,,,,1335.0,1333.45,1329.35,1369.2,1352.4,1327.6,1325.0,1323.7,1325.0
CIPLA,VWAP,,,,,,,,,,,1329.87,1327.01,1325.95,1325.71
CIPLA,CASH VOL,1084209,921789,375173,59.56,52.66,,,,,,13250,29443,47796,57826
CIPLA,F&O VOL,20437,15322,,,,,,,,,366,968,1645,2163
CIPLA,F&O OI,38413,36038,,,,,,,,,38465,38572,38646,38667
CIPLA,CALL VOL,3286,2736,,,,,,,,,154,321,449,620
CIPLA,CALL OI,1875,1263,,,,,,,,,2222,1951,1964,2007
CIPLA,PUT VOL,7267,4640,,,,,,,,,94,291,562,668
CIPLA,PUT OI,3202,2591,,,,,,,,,3330,3234,3240,3247
CIPLA,CALL SPRD,,,,,,,,,,,0.97,1.15,1.01,1.16
CIPLA,PUT SPRD,,,,,,,,,,,0.82,1.1,1.14,0.77
CIPLA,CALL OI FIX,2584,,,,,,,,,,2602,2662,2679,2727
CIPLA,PUT OI FIX,3364,,,,,,,,,,3371,3384,3375,3373
CIPLA,CALL DOI,,,,,,,,,,,394390,352937,351156,362551
CIPLA,PUT DOI,,,,,,,,,,,-689621,-652232,-659971,-650384
CIPLA,CALL GEX,,,,,,,,,,,65057,58680,58668,61077
CIPLA,PUT GEX,,,,,,,,,,,87043,82484,84441,84864
CIPLA,GEX STRIKE,,,,,,,,,,,1350.0,1350.0,1350.0,1350.0
CIPLA,EXPIRY,,,,,,,,,,,2026-10-27,2026-10-27,2026-10-27,2026-10-27
CIPLA,ATM IV,,,,,,,,,,,24.41,24.59,23.84,23.66
COALINDIA,PRICE,425.1,420.4,,,,426.05,426.25,425.48,424.6,421.8,424.15,424.35,424.6,424.55
COALINDIA,VWAP,,,,,,,,,,,424.98,424.72,424.64,424.63
COALINDIA,CASH VOL,7764099,7514836,3291951,60.23,52.92,,,,,,92580,169598,212622,238704
COALINDIA,F&O VOL,44541,58749,,,,,,,,,946,2626,3343,3834
COALINDIA,F&O OI,92790,91524,,,,,,,,,92823,92977,93367,93466
COALINDIA,CALL VOL,20424,29256,,,,,,,,,566,1330,1648,1900
COALINDIA,CALL OI,12664,12535,,,,,,,,,12685,12848,12839,12908
COALINDIA,PUT VOL,13501,16755,,,,,,,,,248,592,775,861
COALINDIA,PUT OI,7101,6434,,,,,,,,,7101,7131,7174,7177
COALINDIA,CALL SPRD,,,,,,,,,,,1.12,1.13,0.55,0.56
COALINDIA,PUT SPRD,,,,,,,,,,,1.74,1.17,1.22,1.82
COALINDIA,CALL OI FIX,12664,,,,,,,,,,12685,12848,12839,12908
COALINDIA,PUT OI FIX,7101,,,,,,,,,,7101,7131,7174,7177
COALINDIA,CALL DOI,,,,,,,,,,,7907088,7987436,7967641,8038023
COALINDIA,PUT DOI,,,,,,,,,,,-4096493,-4090781,-4064877,-4064103
COALINDIA,CALL GEX,,,,,,,,,,,1084842,1139168,1166657,1140562
COALINDIA,PUT GEX,,,,,,,,,,,590651,584226,583685,594975
COALINDIA,GEX STRIKE,,,,,,,,,,,430.0,430.0,430.0,430.0
COALINDIA,EXPIRY,,,,,,,,,,,2026-10-27,2026-10-27,2026-10-27,2026-10-27
COALINDIA,ATM IV,,,,,,,,,,,21.7,21.21,21.09,21.05
COCHINSHIP,PRICE,1283.8,1287.0,,,,1285.2,1293.65,1287.08,1319.0,1297.67,1278.7,1281.6,1277.2,1284.1
COCHINSHIP,VWAP,,,,,,,,,,,1282.3,1281.6,1280.7,1281.32
COCHINSHIP,CASH VOL,678043,727942,199092,42.53,37.8,,,,,,47313,67670,88734,137000
COCHINSHIP,F&O VOL,6019,7226,,,,,,,,,143,266,457,728
COCHINSHIP,F&O OI,25871,25641,,,,,,,,,25912,25936,25944,25967
COCHINSHIP,CALL VOL,1285,2212,,,,,,,,,47,98,144,248
COCHINSHIP,CALL OI,1771,1731,,,,,,,,,1790,1794,1797,1826
COCHINSHIP,PUT VOL,1339,1794,,,,,,,,,44,57,106,150
COCHINSHIP,PUT OI,1970,2043,,,,,,,,,1984,1985,1995,1979
COCHINSHIP,CALL SPRD,,,,,,,,,,,7.17,2.75,1.72,3.07
COCHINSHIP,PUT SPRD,,,,,,,,,,,12.69,6.01,2.64,4.46
COCHINSHIP,CALL OI FIX,1771,,,,,,,,,,1790,1794,1797,1826
COCHINSHIP,PUT OI FIX,1970,,,,,,,,,,1984,1985,1995,1979
COCHINSHIP,CALL DOI,,,,,,,,,,,263281,278282,264364,289758
COCHINSHIP,PUT DOI,,,,,,,,,,,-341681,-334388,-344302,-324060
COCHINSHIP,CALL GEX,,,,,,,,,,,37206,35553,35772,37084
COCHINSHIP,PUT GEX,,,,,,,,,,,32398,32987,33844,33041
COCHINSHIP,GEX STRIKE,,,,,,,,,,,1300.0,1300.0,1300.0,1300.0
COCHINSHIP,EXPIRY,,,,,,,,,,,2026-10-27,2026-10-27,2026-10-27,2026-10-27
COCHINSHIP,ATM IV,,,,,,,,,,,32.01,32.22,31.23,31.17
COFORGE,PRICE,1852.0,1826.0,,,,1859.0,1848.3,1840.9,1809.5,1776.5,1856.7,1840.0,1839.7,1839.7
COFORGE,VWAP,,,,,,,,,,,1859.67,1851.79,1848.23,1843.22
COFORGE,CASH VOL,3693526,3419070,492832,46.48,41.28,,,,,,135510,240952,322291,443375
COFORGE,F&O VOL,53187,49333,,,,,,,,,1206,2920,4018,6083
COFORGE,F&O OI,49611,50770,,,,,,,,,49689,49674,49517,49546
COFORGE,CALL VOL,24678,23016,,,,,,,,,569,1269,1715,2323
COFORGE,CALL OI,7007,7254,,,,,,,,,6999,7034,6940,6916
COFORGE,PUT VOL,9342,9215,,,,,,,,,188,685,927,1384
COFORGE,PUT OI,4924,4667,,,,,,,,,4766,4937,4896,4863
COFORGE,CALL SPRD,,,,,,,,,,,0.69,0.53,0.67,0.81
COFORGE,PUT SPRD,,,,,,,,,,,1.27,0.75,0.96,0.77
COFORGE,CALL OI FIX,6988,,,,,,,,,,6999,7022,6928,6906
COFORGE,PUT OI FIX,4739,,,,,,,,,,4766,4748,4706,4675
COFORGE,CALL DOI,,,,,,,,,,,1871483,1795449,1773112,1763507
COFORGE,PUT DOI,,,,,,,,,,,-866184,-950588,-942401,-938272
COFORGE,CALL GEX,,,,,,,,,,,135206,133393,131238,131446
COFORGE,PUT GEX,,,,,,,,,,,76566,80999,81089,80625
COFORGE,GEX STRIKE,,,,,,,,,,,1800.0,1800.0,1800.0,1800.0
COFORGE,EXPIRY,,,,,,,,,,,2026-10-27,2026-10-27,2026-10-27,2026-10-27
COFORGE,ATM IV,,,,,,,,,,,41.56,42.24,42.01,41.58
COLPAL,PRICE,1775.0,1735.0,,,,1773.0,1768.67,1756.0,1787.0,1752.33,1779.5,1786.5,1783.9,1782.4
COLPAL,VWAP,,,,,,,,,,,1774.2,1781.29,1782.43,1782.06
COLPAL,CASH VOL,173685,412868,69206,58.14,58.69,,,,,,7967,15408,19755,24770
COLPAL,F&O VOL,4240,6991,,,,,,,,,162,957,1347,1612
COLPAL,F&O OI,32177,31834,,,,,,,,,32146,32173,32250,32269
COLPAL,CALL VOL,1527,1899,,,,,,,,,106,551,737,894
COLPAL,CALL OI,2279,1988,,,,,,,,,2259,2338,2385,2392
COLPAL,PUT VOL,668,2014,,,,,,,,,9,148,200,232
COLPAL,PUT OI,2523,2439,,,,,,,,,2523,2488,2494,2499
COLPAL,CALL SPRD,,,,,,,,,,,2.84,1.12,1.38,1.62
COLPAL,PUT SPRD,,,,,,,,,,,11.48,2.27,1.5,1.82
COLPAL,CALL OI FIX,2279,,,,,,,,,,2259,2338,2385,2392
COLPAL,PUT OI FIX,2523,,,,,,,,,,2523,2488,2494,2499
COLPAL,CALL DOI,,,,,,,,,,,270130,298625,298057,294332
COLPAL,PUT DOI,,,,,,,,,,,-331063,-315285,-322230,-326486
COLPAL,CALL GEX,,,,,,,,,,,37016,38187,40476,39618
COLPAL,PUT GEX,,,,,,,,,,,35780,34328,33819,35089
COLPAL,GEX STRIKE,,,,,,,,,,,1840.0,1840.0,1840.0,1840.0
COLPAL,EXPIRY,,,,,,,,,,,2026-10-27,2026-10-27,2026-10-27,2026-10-27
COLPAL,ATM IV,,,,,,,,,,,25.78,27.8,26.8,27.11
CONCOR,PRICE,441.45,442.0,,,,441.5,441.15,440.55,448.9,444.3,441.45,441.45,441.7,443.1
CONCOR,VWAP,,,,,,,,,,,442.2,441.6,441.56,442.16
CONCOR,CASH VOL,949906,877730,265553,49.51,37.8,,,,,,22094,41197,57126,97787
CONCOR,F&O VOL,4464,5399,,,,,,,,,52,147,298,498
CONCOR,F&O OI,27945,27588,,,,,,,,,27954,27969,27993,28018
CONCOR,CALL VOL,1470,1903,,,,,,,,,46,79,145,267
CONCOR,CALL OI,2137,1942,,,,,,,,,1619,1616,1630,2164
CONCOR,PUT VOL,731,837,,,,,,,,,0,7,35,59
CONCOR,PUT OI,2270,2141,,,,,,,,,1974,1976,1982,2277
CONCOR,CALL SPRD,,,,,,,,,,,2.87,1.83,1.8,2.04
CONCOR,PUT SPRD,,,,,,,,,,,12.53,7.61,1.82,11.29
CONCOR,CALL OI FIX,1614,,,,,,,,,,1619,1616,1630,1636
CONCOR,PUT OI FIX,1974,,,,,,,,,,1974,1976,1982,1981
CONCOR,CALL DOI,,,,,,,,,,,792425,791573,807056,990819
CONCOR,PUT DOI,,,,,,,,,,,-1259807,-1258030,-1255043,-1488676
CONCOR,CALL GEX,,,,,,,,,,,109954,109730,109249,144174
CONCOR,PUT GEX,,,,,,,,,,,114432,113856,116400,128919
CONCOR,GEX STRIKE,,,,,,,,,,,460.0,460.0,460.0,460.0
CONCOR,EXPIRY,,,,,,,,,,,2026-10-27,2026-10-27,2026-10-27,2026-10-27
CONCOR,ATM IV,,,,,,,,,,,29.34,29.2,29.74,28.89
CROMPTON,PRICE,211.5,202.7,,,,211.0,210.21,207.64,211.2,205.53,211.46,212.47,211.87,212.25
CROMPTON,VWAP,,,,,,,,,,,211.17,211.49,211.63,211.74
CROMPTON,CASH VOL,3915311,4535645,630488,27.87,49.58,,,,,,85271,119368,157437,183481
CROMPTON,F&O VOL,14441,15083,,,,,,,,,149,386,687,1230
CROMPTON,F&O OI,45809,46066,,,,,,,,,45815,45798,45756,45848
CROMPTON,CALL VOL,6074,5954,,,,,,,,,87,206,327,675
CROMPTON,CALL OI,2913,3317,,,,,,,,,2928,2913,2900,3014
CROMPTON,PUT VOL,2229,2781,,,,,,,,,28,122,174,238
CROMPTON,PUT OI,3073,2853,,,,,,,,,3076,3077,3079,3082
CROMPTON,CALL SPRD,,,,,,,,,,,2.05,1.18,1.43,1.66
CROMPTON,PUT SPRD,,,,,,,,,,,18.18,4.77,1.38,1.14
CROMPTON,CALL OI FIX,2913,,,,,,,,,,2928,2913,2900,3014
CROMPTON,PUT OI FIX,3073,,,,,,,,,,3076,3077,3079,3082
CROMPTON,CALL DOI,,,,,,,,,,,2745053,2839099,2767403,2980586
CROMPTON,PUT DOI,,,,,,,,,,,-3341128,-3205970,-3286851,-3244029
CROMPTON,CALL GEX,,,,,,,,,,,309895,303927,300927,314653
CROMPTON,PUT GEX,,,,,,,,,,,287714,285572,285966,285823
CROMPTON,GEX STRIKE,,,,,,,,,,,220.0,220.0,220.0,220.0
CROMPTON,EXPIRY,,,,,,,,,,,2026-10-27,2026-10-27,2026-10-27,2026-10-27
CROMPTON,ATM IV,,,,,,,,,,,31.38,32.42,31.62,31.66
CUMMINSIND,PRICE,4832.3,4860.0,,,,4832.3,4844.6,4836.4,4853.5,4840.5,4819.9,4827.3,4844.3,4842.2
CUMMINSIND,VWAP,,,,,,,,,,,4821.73,4823.63,4825.17,4835.26
CUMMINSIND,CASH VOL,707402,393680,163349,70.61,48.69,,,,,,6904,10753,16695,99215
CUMMINSIND,F&O VOL,6789,9468,,,,,,,,,119,272,480,626
CUMMINSIND,F&O OI,36905,37546,,,,,,,,,36916,36905,36967,36989
CUMMINSIND,CALL VOL,2373,3027,,,,,,,,,112,153,253,334
CUMMINSIND,CALL OI,1626,1834,,,,,,,,,1208,1606,1629,1648
CUMMINSIND,PUT VOL,629,1449,,,,,,,,,34,51,73,81
CUMMINSIND,PUT OI,2044,2055,,,,,,,,,1952,2060,2062,2063
CUMMINSIND,CALL SPRD,,,,,,,,,,,14.46,4.88,1.91,4.0
CUMMINSIND,PUT SPRD,,,,,,,,,,,4.98,7.19,5.41,7.29
CUMMINSIND,CALL OI FIX,1626,,,,,,,,,,1616,1606,1629,1648
CUMMINSIND,PUT OI FIX,2044,,,,,,,,,,2065,2060,2062,2063
CUMMINSIND,CALL DOI,,,,,,,,,,,106860,124781,134479,134346
CUMMINSIND,PUT DOI,,,,,,,,,,,-160590,-172362,-163553,-164887
CUMMINSIND,CALL GEX,,,,,,,,,,,16078,19876,19891,20657
CUMMINSIND,PUT GEX,,,,,,,,,,,20187,20822,20960,20838
CUMMINSIND,GEX STRIKE,,,,,,,,,,,4900.0,4900.0,4900.0,4900.0
CUMMINSIND,EXPIRY,,,,,,,,,,,2026-10-27,2026-10-27,2026-10-27,2026-10-27
CUMMINSIND,ATM IV,,,,,,,,,,,24.11,26.34,27.09,25.34
DABUR,PRICE,378.65,374.25,,,,377.85,377.82,376.15,379.85,376.12,377.7,378.85,378.35,378.45
DABUR,VWAP,,,,,,,,,,,377.12,378.64,378.63,378.53
DABUR,CASH VOL,685009,2455226,191386,36.48,58.91,,,,,,25939,82999,107579,134570
DABUR,F&O VOL,10666,12603,,,,,,,,,312,1202,1619,1977
DABUR,F&O OI,36067,33883,,,,,,,,,36105,36163,36183,36270
DABUR,CALL VOL,4642,5149,,,,,,,,,167,627,797,985
DABUR,CALL OI,5030,4254,,,,,,,,,5049,4995,5004,5054
DABUR,PUT VOL,2646,3183,,,,,,,,,99,236,341,415
DABUR,PUT OI,3830,3217,,,,,,,,,3840,3874,3905,3926
DABUR,CALL SPRD,,,,,,,,,,,1.72,1.09,0.57,1.13
DABUR,PUT SPRD,,,,,,,,,,,1.63,1.75,1.13,1.71
DABUR,CALL OI FIX,5030,,,,,,,,,,5049,4995,5004,5054
DABUR,PUT OI FIX,3830,,,,,,,,,,3840,3874,3905,3926
DABUR,CALL DOI,,,,,,,,,,,2119223,2185195,2105218,2166184
DABUR,PUT DOI,,,,,,,,,,,-2190387,-2114544,-2167972,-2174314
DABUR,CALL GEX,,,,,,,,,,,369309,371463,381092,376424
DABUR,PUT GEX,,,,,,,,,,,258686,264940,262899,272741
DABUR,GEX STRIKE,,,,,,,,,,,380.0,380.0,380.0,380.0
DABUR,EXPIRY,,,,,,,,,,,2026-10-27,2026-10-27,2026-10-27,2026-10-27
DABUR,ATM IV,,,,,,,,,,,24.98,24.27,24.34,24.38
DALBHARAT,PRICE,1673.7,1682.1,,,,1688.0,1673.15,1672.05,1676.17,1664.3,,,,
DALBHARAT,VWAP,,,,,,,,,,,1678.33,1677.78,1677.48,1677.74
DALBHARAT,CASH VOL,20725,77064,8552,47.65,57.73,,,,,,1057,1518,1840,2640
DALBHARAT,F&O VOL,,,,,,,,,,,,,,
DALBHARAT,F&O OI,,,,,,,,,,,,,,
DALBHARAT,CALL VOL,,,,,,,,,,,,,,
DALBHARAT,CALL OI,,,,,,,,,,,,,,
DALBHARAT,PUT VOL,,,,,,,,,,,,,,
DALBHARAT,PUT OI,,,,,,,,,,,,,,
DALBHARAT,CALL SPRD,,,,,,,,,,,,,,
DALBHARAT,PUT SPRD,,,,,,,,,,,,,,
DALBHARAT,CALL OI FIX,,,,,,,,,,,,,,
DALBHARAT,PUT OI FIX,,,,,,,,,,,,,,
DALBHARAT,CALL DOI,,,,,,,,,,,,,,
DALBHARAT,PUT DOI,,,,,,,,,,,,,,
DALBHARAT,CALL GEX,,,,,,,,,,,,,,
DALBHARAT,PUT GEX,,,,,,,,,,,,,,
DALBHARAT,GEX STRIKE,,,,,,,,,,,,,,
DALBHARAT,EXPIRY,,,,,,,,,,,,,,
DALBHARAT,ATM IV,,,,,,,,,,,,,,
DELHIVERY,PRICE,400.3,400.0,,,,400.3,401.43,400.68,409.45,403.15,401.7,402.95,404.65,405.1
DELHIVERY,VWAP,,,,,,,,,,,401.85,401.89,402.85,403.21
DELHIVERY,CASH VOL,2579997,1371538,613488,57.95,50.61,,,,,,36385,70564,122863,139985
DELHIVERY,F&O VOL,4429,5682,,,,,,,,,55,170,516,741
DELHIVERY,F&O OI,21322,20927,,,,,,,,,21329,21373,21363,21364
DELHIVERY,CALL VOL,2139,2013,,,,,,,,,28,94,269,373
DELHIVERY,CALL OI,3515,3220,,,,,,,,,2049,3530,3519,3521
DELHIVERY,PUT VOL,596,1652,,,,,,,,,3,48,75,109
DELHIVERY,PUT OI,2423,2347,,,,,,,,,2354,2449,2456,2460
DELHIVERY,CALL SPRD,,,,,,,,,,,3.08,2.33,2.51,1.67
DELHIVERY,PUT SPRD,,,,,,,,,,,4.75,3.17,2.51,2.04
DELHIVERY,CALL OI FIX,2045,,,,,,,,,,2049,2060,2047,2050
DELHIVERY,PUT OI FIX,2354,,,,,,,,,,2354,2380,2387,2391
DELHIVERY,CALL DOI,,,,,,,,,,,1518063,2205220,2432468,2370680
DELHIVERY,PUT DOI,,,,,,,,,,,-2076140,-2147055,-1994753,-2008526
DELHIVERY,CALL GEX,,,,,,,,,,,229265,356926,346230,373033
DELHIVERY,PUT GEX,,,,,,,,,,,239114,250015,262719,257904
DELHIVERY,GEX STRIKE,,,,,,,,,,,420.0,430.0,430.0,430.0
DELHIVERY,EXPIRY,,,,,,,,,,,2026-10-27,2026-10-27,2026-10-27,2026-10-27
DELHIVERY,ATM IV,,,,,,,,,,,29.34,28.82,28.76,27.92
DIVISLAB,PRICE,9196.0,9249.0,,,,9210.0,9199.5,9197.17,9366.5,9288.17,9199.5,9190.0,9230.0,9242.5
DIVISLAB,VWAP,,,,,,,,,,,9203.33,9196.28,9198.32,9208.78
DIVISLAB,CASH VOL,480338,567310,165476,71.39,67.14,,,,,,6847,9924,11918,15276
DIVISLAB,F&O VOL,25076,39940,,,,,,,,,562,1680,3043,4728
DIVISLAB,F&O OI,71809,68311,,,,,,,,,71891,72069,72342,72425
DIVISLAB,CALL VOL,7339,11336,,,,,,,,,165,626,931,1538
DIVISLAB,CALL OI,8337,7664,,,,,,,,,8368,8447,8548,8656
DIVISLAB,PUT VOL,5825,10876,,,,,,,,,205,458,718,1110
DIVISLAB,PUT OI,5932,5344,,,,,,,,,5974,6025,6020,5991
DIVISLAB,CALL SPRD,,,,,,,,,,,1.16,1.09,0.89,0.94
DIVISLAB,PUT SPRD,,,,,,,,,,,1.52,0.83,0.76,1.01
DIVISLAB,CALL OI FIX,8337,,,,,,,,,,8368,8447,8548,8656
DIVISLAB,PUT OI FIX,5932,,,,,,,,,,5974,6025,6020,5991
DIVISLAB,CALL DOI,,,,,,,,,,,326159,324432,352454,356869
DIVISLAB,PUT DOI,,,,,,,,,,,-288888,-293872,-278216,-271439
DIVISLAB,CALL GEX,,,,,,,,,,,47536,47705,47234,51682
DIVISLAB,PUT GEX,,,,,,,,,,,33080,33549,35050,32795
DIVISLAB,GEX STRIKE,,,,,,,,,,,9500.0,9500.0,9500.0,9500.0
DIVISLAB,EXPIRY,,,,,,,,,,,2026-10-27,2026-10-27,2026-10-27,2026-10-27
DIVISLAB,ATM IV,,,,,,,,,,,26.12,26.33,26.19,25.62
DIXON,PRICE,12748.0,12700.0,,,,12751.0,12795.5,12763.83,13208.5,12869.5,12702.0,12866.0,12834.0,12824.0
DIXON,VWAP,,,,,,,,,,,12716.33,12760.33,12786.73,12790.96
DIXON,CASH VOL,211036,258830,37968,37.25,34.75,,,,,,8743,23224,32483,36627
DIXON,F&O VOL,37889,54854,,,,,,,,,1699,4265,8884,10410
DIXON,F&O OI,90039,88534,,,,,,,,,90297,90349,90465,90370
DIXON,CALL VOL,17607,20980,,,,,,,,,631,2177,4021,4756
DIXON,CALL OI,15036,14006,,,,,,,,,15089,15019,15079,15052
DIXON,PUT VOL,10782,18404,,,,,,,,,1032,2689,3759,4130
DIXON,PUT OI,14275,13510,,,,,,,,,14448,14473,14519,14471
DIXON,CALL SPRD,,,,,,,,,,,1.32,0.82,0.75,0.62
DIXON,PUT SPRD,,,,,,,,,,,0.99,1.53,0.7,0.86
DIXON,CALL OI FIX,15036,,,,,,,,,,15089,15019,15079,15052
DIXON,PUT OI FIX,14275,,,,,,,,,,14448,14473,14519,14471
DIXON,CALL DOI,,,,,,,,,,,251428,288782,287821,276532
DIXON,PUT DOI,,,,,,,,,,,-328733,-295054,-307782,-302681
DIXON,CALL GEX,,,,,,,,,,,29042,30485,28715,31279
DIXON,PUT GEX,,,,,,,,,,,25773,25849,29091,26354
DIXON,GEX STRIKE,,,,,,,,,,,13000.0,13000.0,13000.0,13000.0
DIXON,EXPIRY,,,,,,,,,,,2026-10-27,2026-10-27,2026-10-27,2026-10-27
DIXON,ATM IV,,,,,,,,,,,37.2,36.6,36.68,35.53
DLF,PRICE,673.0,658.4,,,,673.0,672.08,670.25,665.27,660.69,674.25,674.5,669.2,669.15
DLF,VWAP,,,,,,,,,,,673.23,673.82,672.95,672.68
DLF,CASH VOL,3470586,6264045,603757,53.26,56.31,,,,,,168600,276342,759562,827626
DLF,F&O VOL,23109,34545,,,,,,,,,1123,2463,3385,4145
DLF,F&O OI,51534,49954,,,,,,,,,51804,51768,51778,51829
DLF,CALL VOL,11244,13854,,,,,,,,,848,1417,1852,2209
DLF,CALL OI,5201,5073,,,,,,,,,5297,5375,5379,5447
DLF,PUT VOL,6186,9502,,,,,,,,,447,682,932,1153
DLF,PUT OI,3676,3331,,,,,,,,,3715,3773,3695,3643
DLF,CALL SPRD,,,,,,,,,,,1.11,0.9,0.78,1.03
DLF,PUT SPRD,,,,,,,,,,,1.24,1.23,0.79,1.07
DLF,CALL OI FIX,5201,,,,,,,,,,5297,5375,5379,5447
DLF,PUT OI FIX,3676,,,,,,,,,,3715,3773,3695,3643
DLF,CALL DOI,,,,,,,,,,,2429836,2478394,2227609,2286343
DLF,PUT DOI,,,,,,,,,,,-1228915,-1236386,-1348467,-1324175
DLF,CALL GEX,,,,,,,,,,,272039,270664,292129,276291
DLF,PUT GEX,,,,,,,,,,,152208,158569,150373,155412
DLF,GEX STRIKE,,,,,,,,,,,680.0,680.0,680.0,680.0
DLF,EXPIRY,,,,,,,,,,,2026-10-27,2026-10-27,2026-10-27,2026-10-27
DLF,ATM IV,,,,,,,,,,,29.68,29.37,29.23,29.69
DMART,PRICE,3567.0,3813.0,,,,3545.3,3676.95,3603.65,3813.1,3813.03,3533.2,3544.5,3526.0,3535.0
DMART,VWAP,,,,,,,,,,,3548.83,3545.56,3541.74,3538.08
DMART,CASH VOL,2550875,652283,477197,35.11,49.44,,,,,,69030,111653,149671,187333
DMART,F&O VOL,190790,21295,,,,,,,,,4638,10340,15335,20131
DMART,F&O OI,67895,42769,,,,,,,,,68177,68571,69277,69740
DMART,CALL VOL,43361,7988,,,,,,,,,1885,3918,5641,7191
DMART,CALL OI,10714,5518,,,,,,,,,10981,11348,11864,12264
DMART,PUT VOL,76397,4176,,,,,,,,,1768,3581,5278,6832
DMART,PUT OI,11595,5322,,,,,,,,,11626,11644,11630,11699
DMART,CALL SPRD,,,,,,,,,,,1.22,0.87,0.71,0.67
DMART,PUT SPRD,,,,,,,,,,,0.76,0.48,0.58,0.78
DMART,CALL OI FIX,10714,,,,,,,,,,10981,11348,11864,12264
DMART,PUT OI FIX,11595,,,,,,,,,,11626,11644,11630,11699
DMART,CALL DOI,,,,,,,,,,,540008,587332,558409,620630
DMART,PUT DOI,,,,,,,,,,,-912721,-900672,-924573,-918835
DMART,CALL GEX,,,,,,,,,,,77086,80437,84941,85557
DMART,PUT GEX,,,,,,,,,,,73337,79430,72932,79822
DMART,GEX STRIKE,,,,,,,,,,,3600.0,3600.0,3600.0,3600.0
DMART,EXPIRY,,,,,,,,,,,2026-10-27,2026-10-27,2026-10-27,2026-10-27
DMART,ATM IV,,,,,,,,,,,32.74,31.79,32.0,31.45
DRREDDY,PRICE,1203.0,1206.2,,,,1207.0,1201.27,1197.8,1223.85,1212.08,1197.5,1200.2,1201.9,1204.0
DRREDDY,VWAP,,,,,,,,,,,1201.4,1199.07,1200.13,1200.94
DRREDDY,CASH VOL,3075974,2607818,506812,60.39,65.2,,,,,,25057,53710,84808,124848
DRREDDY,F&O VOL,15816,22004,,,,,,,,,230,705,2448,2885
DRREDDY,F&O OI,49164,46956,,,,,,,,,49205,49275,49819,49910
DRREDDY,CALL VOL,4013,4985,,,,,,,,,74,392,586,695
DRREDDY,CALL OI,5285,4940,,,,,,,,,5304,5308,5329,5337
DRREDDY,PUT VOL,2890,6869,,,,,,,,,35,224,354,434
DRREDDY,PUT OI,4103,4058,,,,,,,,,4091,4113,4128,4136
DRREDDY,CALL SPRD,,,,,,,,,,,1.35,1.19,1.29,0.78
DRREDDY,PUT SPRD,,,,,,,,,,,1.4,1.23,0.98,1.2
DRREDDY,CALL OI FIX,5285,,,,,,,,,,5304,5308,5329,5337
DRREDDY,PUT OI FIX,4103,,,,,,,,,,4091,4113,4128,4136
DRREDDY,CALL DOI,,,,,,,,,,,1531803,1582590,1626189,1660388
DRREDDY,PUT DOI,,,,,,,,,,,-1207615,-1188823,-1170312,-1149121
DRREDDY,CALL GEX,,,,,,,,,,,224040,216919,203351,222153
DRREDDY,PUT GEX,,,,,,,,,,,127333,128744,140061,131077
DRREDDY,GEX STRIKE,,,,,,,,,,,1200.0,1200.0,1200.0,1200.0
DRREDDY,EXPIRY,,,,,,,,,,,2026-10-27,2026-10-27,2026-10-27,2026-10-27
DRREDDY,ATM IV,,,,,,,,,,,26.43,27.11,27.02,26.62
EICHERMOT,PRICE,7021.5,6920.0,,,,7065.0,7008.92,6983.75,7081.5,6973.83,6988.0,6993.5,7007.0,6992.0
EICHERMOT,VWAP,,,,,,,,,,,7009.83,6998.91,6997.64,6996.16
EICHERMOT,CASH VOL,381658,817452,90996,54.89,49.18,,,,,,10927,16418,19224,22213
EICHERMOT,F&O VOL,32664,102865,,,,,,,,,695,2350,3206,3894
EICHERMOT,F&O OI,60454,59494,,,,,,,,,60488,60716,60819,60871
EICHERMOT,CALL VOL,15003,38161,,,,,,,,,425,1207,1544,1917
EICHERMOT,CALL OI,7366,7727,,,,,,,,,7413,7514,7596,7658
EICHERMOT,PUT VOL,9658,46957,,,,,,,,,306,810,1114,1349
EICHERMOT,PUT OI,10679,10368,,,,,,,,,10676,10715,10733,10725
EICHERMOT,CALL SPRD,,,,,,,,,,,0.99,0.75,1.01,0.97
EICHERMOT,PUT SPRD,,,,,,,,,,,1.65,1.7,0.75,1.47
EICHERMOT,CALL OI FIX,7366,,,,,,,,,,7413,7514,7596,7658
EICHERMOT,PUT OI FIX,10679,,,,,,,,,,10676,10715,10733,10725
EICHERMOT,CALL DOI,,,,,,,,,,,246345,253028,265650,258774
EICHERMOT,PUT DOI,,,,,,,,,,,-491273,-482042,-466882,-480363
EICHERMOT,CALL GEX,,,,,,,,,,,45531,48147,49855,47603
EICHERMOT,PUT GEX,,,,,,,,,,,63341,61186,60580,63559
EICHERMOT,GEX STRIKE,,,,,,,,,,,7000.0,7000.0,7000.0,7000.0
EICHERMOT,EXPIRY,,,,,,,,,,,2026-10-27,2026-10-27,2026-10-27,2026-10-27
EICHERMOT,ATM IV,,,,,,,,,,,21.44,21.3,21.17,21.19
ETERNAL,PRICE,320.8,313.9,,,,322.5,319.02,315.48,322.45,316.75,320.65,320.4,319.95,322.0
ETERNAL,VWAP,,,,,,,,,,,321.13,320.44,320.33,320.47
ETERNAL,CASH VOL,31037275,29716584,5096623,57.52,51.58,,,,,,964630,1937184,2688824,3519028
ETERNAL,F&O VOL,42791,47672,,,,,,,,,1041,3182,3978,5031
ETERNAL,F&O OI,87176,83800,,,,,,,,,87341,87513,87709,87724
ETERNAL,CALL VOL,19329,19144,,,,,,,,,632,1613,2082,2527
ETERNAL,CALL OI,11755,10923,,,,,,,,,11898,11970,12131,12135
ETERNAL,PUT VOL,10516,11291,,,,,,,,,254,722,883,1172
ETERNAL,PUT OI,8949,8301,,,,,,,,,8937,8947,8963,8956
ETERNAL,CALL SPRD,,,,,,,,,,,0.85,0.88,0.88,0.82
ETERNAL,PUT SPRD,,,,,,,,,,,1.04,1.02,1.04,1.14
ETERNAL,CALL OI FIX,11755,,,,,,,,,,11898,11970,12131,12135
ETERNAL,PUT OI FIX,8949,,,,,,,,,,8937,8947,8963,8956
ETERNAL,CALL DOI,,,,,,,,,,,11830354,11734474,11775827,12463750
ETERNAL,PUT DOI,,,,,,,,,,,-9224498,-9217813,-9320077,-8725880
ETERNAL,CALL GEX,,,,,,,,,,,1280521,1273901,1246251,1332631
ETERNAL,PUT GEX,,,,,,,,,,,875789,888463,935830,884240
ETERNAL,GEX STRIKE,,,,,,,,,,,330.0,330.0,330.0,330.0
ETERNAL,EXPIRY,,,,,,,,,,,2026-10-27,2026-10-27,2026-10-27,2026-10-27
ETERNAL,ATM IV,,,,,,,,,,,34.95,35.03,34.29,34.13
FEDERALBNK,PRICE,327.35,318.2,,,,328.1,326.02,323.35,320.52,318.98,327.85,326.5,327.45,327.5
FEDERALBNK,VWAP,,,,,,,,,,,328.23,327.28,327.24,327.27
FEDERALBNK,CASH VOL,7542230,11278668,1884135,55.83,57.44,,,,,,104949,186158,240878,265663
FEDERALBNK,F&O VOL,15211,17343,,,,,,,,,439,753,970,1217
FEDERALBNK,F&O OI,47698,47650,,,,,,,,,47857,47733,47731,47713
FEDERALBNK,CALL VOL,6106,7169,,,,,,,,,98,228,303,408
FEDERALBNK,CALL OI,3862,3868,,,,,,,,,3980,3872,3879,3891
FEDERALBNK,PUT VOL,3733,4431,,,,,,,,,45,130,178,222
FEDERALBNK,PUT OI,3880,3835,,,,,,,,,3472,3881,3890,3886
FEDERALBNK,CALL SPRD,,,,,,,,,,,1.83,1.5,2.34,1.42
FEDERALBNK,PUT SPRD,,,,,,,,,,,2.03,1.88,2.68,1.35
FEDERALBNK,CALL OI FIX,3862,,,,,,,,,,3883,3872,3879,3891
FEDERALBNK,PUT OI FIX,3880,,,,,,,,,,3887,3881,3890,3886
FEDERALBNK,CALL DOI,,,,,,,,,,,4584321,4487652,4670246,4642975
FEDERALBNK,PUT DOI,,,,,,,,,,,-3762514,-4036222,-3887352,-3885873
FEDERALBNK,CALL GEX,,,,,,,,,,,530476,522856,502437,528374
FEDERALBNK,PUT GEX,,,,,,,,,,,401703,431955,445323,432788
FEDERALBNK,GEX STRIKE,,,,,,,,,,,330.0,330.0,330.0,330.0
FEDERALBNK,EXPIRY,,,,,,,,,,,2026-10-27,2026-10-27,2026-10-27,2026-10-27
FEDERALBNK,ATM IV,,,,,,,,,,,28.93,28.58,28.66,28.2
FORCEMOT,PRICE,16650.0,16800.0,,,,16650.0,16750.0,16683.33,16983.0,16861.0,16700.0,16741.0,16762.0,16960.0
FORCEMOT,VWAP,,,,,,,,,,,16709.33,16718.21,16744.34,16819.47
FORCEMOT,CASH VOL,62662,117482,14198,33.35,29.95,,,,,,3409,5309,9813,16658
FORCEMOT,F&O VOL,10834,19853,,,,,,,,,288,693,1235,2659
FORCEMOT,F&O OI,19789,18599,,,,,,,,,19798,19732,19565,19195
FORCEMOT,CALL VOL,3319,6543,,,,,,,,,100,184,365,1194
FORCEMOT,CALL OI,3114,2890,,,,,,,,,3106,3076,2994,2680
FORCEMOT,PUT VOL,1717,4981,,,,,,,,,45,90,159,407
FORCEMOT,PUT OI,1792,1743,,,,,,,,,1786,1790,1794,1766
FORCEMOT,CALL SPRD,,,,,,,,,,,4.9,6.65,7.55,1.89
FORCEMOT,PUT SPRD,,,,,,,,,,,30.92,26.96,8.44,1.93
FORCEMOT,CALL OI FIX,3115,,,,,,,,,,3106,3076,2994,2681
FORCEMOT,PUT OI FIX,1792,,,,,,,,,,1786,1790,1794,1766
FORCEMOT,CALL DOI,,,,,,,,,,,26735,27453,27635,27689
FORCEMOT,PUT DOI,,,,,,,,,,,-20819,-20620,-20337,-17876
FORCEMOT,CALL GEX,,,,,,,,,,,3274,3260,3041,3000
FORCEMOT,PUT GEX,,,,,,,,,,,1482,1708,1815,1661
FORCEMOT,GEX STRIKE,,,,,,,,,,,17000.0,17000.0,17000.0,17000.0
FORCEMOT,EXPIRY,,,,,,,,,,,2026-10-27,2026-10-27,2026-10-27,2026-10-27
FORCEMOT,ATM IV,,,,,,,,,,,37.45,38.51,34.63,36.33
FORTIS,PRICE,763.8,785.0,,,,770.0,774.77,767.46,792.78,787.59,761.25,759.8,761.35,763.0
FORTIS,VWAP,,,,,,,,,,,763.88,761.4,761.22,761.37
FORTIS,CASH VOL,2115546,6942851,442184,51.47,53.22,,,,,,52690,96669,117122,144857
FORTIS,F&O VOL,10771,28844,,,,,,,,,234,1206,1907,2086
FORTIS,F&O OI,25990,25527,,,,,,,,,26031,26070,26146,26092
FORTIS,CALL VOL,3178,9052,,,,,,,,,127,473,730,800
FORTIS,CALL OI,2235,2015,,,,,,,,,2259,2312,2394,2335
FORTIS,PUT VOL,4094,9078,,,,,,,,,108,494,697,785
FORTIS,PUT OI,2799,2697,,,,,,,,,2802,2811,2819,2810
FORTIS,CALL SPRD,,,,,,,,,,,1.81,1.28,1.44,1.6
FORTIS,PUT SPRD,,,,,,,,,,,1.51,1.43,1.52,1.33
FORTIS,CALL OI FIX,2235,,,,,,,,,,2259,2312,2394,2335
FORTIS,PUT OI FIX,2799,,,,,,,,,,2802,2811,2819,2810
FORTIS,CALL DOI,,,,,,,,,,,671225,670325,722433,711154
FORTIS,PUT DOI,,,,,,,,,,,-1060902,-1077784,-1071025,-1034248
FORTIS,CALL GEX,,,,,,,,,,,88810,91500,93522,95208
FORTIS,PUT GEX,,,,,,,,,,,104512,101646,108921,104304
FORTIS,GEX STRIKE,,,,,,,,,,,780.0,780.0,780.0,780.0
FORTIS,EXPIRY,,,,,,,,,,,2026-10-27,2026-10-27,2026-10-27,2026-10-27
FORTIS,ATM IV,,,,,,,,,,,30.86,31.03,30.62,30.31
GAIL,PRICE,167.5,171.22,,,,168.4,170.02,168.34,171.57,171.34,168.23,168.39,168.75,169.21
GAIL,VWAP,,,,,,,,,,,167.96,168.08,168.18,168.41
GAIL,CASH VOL,9655433,6882008,1660295,60.09,58.38,,,,,,614940,810533,950802,1195615
GAIL,F&O VOL,17020,7757,,,,,,,,,675,1172,1558,2098
GAIL,F&O OI,32432,29473,,,,,,,,,32394,32467,32380,32375
GAIL,CALL VOL,6140,3304,,,,,,,,,224,434,606,897
GAIL,CALL OI,4319,2828,,,,,,,,,4075,4043,4001,4250
GAIL,PUT VOL,7927,2086,,,,,,,,,281,447,540,671
GAIL,PUT OI,2848,2198,,,,,,,,,2834,2860,2850,2769
GAIL,CALL SPRD,,,,,,,,,,,1.99,1.3,1.23,1.36
GAIL,PUT SPRD,,,,,,,,,,,2.76,2.49,1.91,1.44
GAIL,CALL OI FIX,4080,,,,,,,,,,4075,4043,4001,3982
GAIL,PUT OI FIX,2937,,,,,,,,,,2834,2860,2850,2872
GAIL,CALL DOI,,,,,,,,,,,4261404,4300050,4470395,4664610
GAIL,PUT DOI,,,,,,,,,,,-4760003,-4725403,-4580796,-4567856
GAIL,CALL GEX,,,,,,,,,,,839334,837084,831809,901096
GAIL,PUT GEX,,,,,,,,,,,543989,561298,566511,584689
GAIL,GEX STRIKE,,,,,,,,,,,175.0,175.0,175.0,175.0
GAIL,EXPIRY,,,,,,,,,,,2026-10-27,2026-10-27,2026-10-27,2026-10-27
GAIL,ATM IV,,,,,,,,,,,23.62,22.73,22.93,22.18
GLENMARK,PRICE,2295.0,2331.0,,,,2312.2,2307.0,2299.0,2360.4,2340.8,2293.7,2281.0,2288.4,2292.1
GLENMARK,VWAP,,,,,,,,,,,2297.57,2290.39,2287.65,2289.08
GLENMARK,CASH VOL,490378,972522,118879,50.05,67.37,,,,,,9358,17663,26202,35815
GLENMARK,F&O VOL,7205,9575,,,,,,,,,112,409,657,1128
GLENMARK,F&O OI,34445,33446,,,,,,,,,34459,34567,34618,34730
GLENMARK,CALL VOL,2163,2168,,,,,,,,,90,125,197,562
GLENMARK,CALL OI,1972,1688,,,,,,,,,1984,1265,1295,2145
GLENMARK,PUT VOL,2023,2265,,,,,,,,,14,27,73,195
GLENMARK,PUT OI,1594,1328,,,,,,,,,1600,1442,1458,1633
GLENMARK,CALL SPRD,,,,,,,,,,,2.91,1.46,1.71,1.29
GLENMARK,PUT SPRD,,,,,,,,,,,2.43,5.91,2.42,1.93
GLENMARK,CALL OI FIX,1972,,,,,,,,,,1984,2032,2070,2145
GLENMARK,PUT OI FIX,1594,,,,,,,,,,1600,1601,1617,1633
GLENMARK,CALL DOI,,,,,,,,,,,280154,191700,210126,302179
GLENMARK,PUT DOI,,,,,,,,,,,-258908,-221338,-216946,-258626
GLENMARK,CALL GEX,,,,,,,,,,,43493,28056,28255,45228
GLENMARK,PUT GEX,,,,,,,,,,,26767,26604,26556,29278
GLENMARK,GEX STRIKE,,,,,,,,,,,2400.0,2300.0,2300.0,2400.0
GLENMARK,EXPIRY,,,,,,,,,,,2026-10-27,2026-10-27,2026-10-27,2026-10-27
GLENMARK,ATM IV,,,,,,,,,,,28.5,29.97,28.0,27.29
GMRAIRPORT,PRICE,92.79,93.16,,,,93.0,92.65,92.39,94.56,93.63,92.84,93.0,93.04,93.12
GMRAIRPORT,VWAP,,,,,,,,,,,92.92,92.95,92.98,92.99
GMRAIRPORT,CASH VOL,18285663,15683898,4700076,56.36,54.56,,,,,,545827,1101680,1518397,1929233
GMRAIRPORT,F&O VOL,9830,7655,,,,,,,,,132,280,550,658
GMRAIRPORT,F&O OI,31105,32170,,,,,,,,,31094,31133,31123,31131
GMRAIRPORT,CALL VOL,2337,1982,,,,,,,,,67,147,230,255
GMRAIRPORT,CALL OI,2094,1904,,,,,,,,,2093,2131,2109,2111
GMRAIRPORT,PUT VOL,1293,1846,,,,,,,,,30,66,82,93
GMRAIRPORT,PUT OI,4616,4541,,,,,,,,,4616,4615,4613,4614
GMRAIRPORT,CALL SPRD,,,,,,,,,,,3.04,1.83,1.53,1.5
GMRAIRPORT,PUT SPRD,,,,,,,,,,,41.2,9.94,10.08,9.68
GMRAIRPORT,CALL OI FIX,2094,,,,,,,,,,2093,2131,2109,2111
GMRAIRPORT,PUT OI FIX,4616,,,,,,,,,,4616,4615,4613,4614
GMRAIRPORT,CALL DOI,,,,,,,,,,,5599444,6003029,5963026,5998854
GMRAIRPORT,PUT DOI,,,,,,,,,,,-15506434,-15259384,-15177510,-15036927
GMRAIRPORT,CALL GEX,,,,,,,,,,,840665,839229,828156,848484
GMRAIRPORT,PUT GEX,,,,,,,,,,,1508888,1559734,1564212,1554522
GMRAIRPORT,GEX STRIKE,,,,,,,,,,,96.0,96.0,96.0,96.0
GMRAIRPORT,EXPIRY,,,,,,,,,,,2026-10-27,2026-10-27,2026-10-27,2026-10-27
GMRAIRPORT,ATM IV,,,,,,,,,,,30.52,30.15,30.09,29.8
GODFRYPHLP,PRICE,1876.0,1849.7,,,,1900.0,1873.85,1869.55,1911.7,1870.37,1881.2,1895.2,1888.4,1888.5
GODFRYPHLP,VWAP,,,,,,,,,,,1888.07,1889.28,1889.43,1889.26
GODFRYPHLP,CASH VOL,174573,256983,47873,27.88,34.89,,,,,,19562,30138,36663,40017
GODFRYPHLP,F&O VOL,2104,2078,,,,,,,,,166,437,646,794
GODFRYPHLP,F&O OI,7174,6897,,,,,,,,,7203,7252,7279,7299
GODFRYPHLP,CALL VOL,609,411,,,,,,,,,134,257,343,419
GODFRYPHLP,CALL OI,403,307,,,,,,,,,419,431,423,431
GODFRYPHLP,PUT VOL,226,413,,,,,,,,,3,10,43,52
GODFRYPHLP,PUT OI,311,275,,,,,,,,,312,247,326,321
GODFRYPHLP,CALL SPRD,,,,,,,,,,,12.78,1.52,30.36,26.46
GODFRYPHLP,PUT SPRD,,,,,,,,,,,,2.83,70.52,54.71
GODFRYPHLP,CALL OI FIX,403,,,,,,,,,,419,434,423,431
GODFRYPHLP,PUT OI FIX,311,,,,,,,,,,312,314,326,321
GODFRYPHLP,CALL DOI,,,,,,,,,,,54011,59966,56979,58129
GODFRYPHLP,PUT DOI,,,,,,,,,,,-37379,-30473,-37721,-37042
GODFRYPHLP,CALL GEX,,,,,,,,,,,5950,5656,5683,5775
GODFRYPHLP,PUT GEX,,,,,,,,,,,3440,3048,3889,3858
GODFRYPHLP,GEX STRIKE,,,,,,,,,,,1900.0,1900.0,1900.0,1900.0
GODFRYPHLP,EXPIRY,,,,,,,,,,,2026-10-27,2026-10-27,2026-10-27,2026-10-27
GODFRYPHLP,ATM IV,,,,,,,,,,,24.32,34.1,24.32,24.32
GODREJCP,PRICE,837.0,840.0,,,,846.4,840.08,838.03,857.38,845.79,852.85,861.0,857.75,852.6
GODREJCP,VWAP,,,,,,,,,,,850.8,855.36,856.2,856.02
GODREJCP,CASH VOL,788467,838419,286056,59.54,53.84,,,,,,122031,224071,277666,320895
GODREJCP,F&O VOL,10937,8657,,,,,,,,,2904,7853,9747,10698
GODREJCP,F&O OI,31647,30916,,,,,,,,,31722,31367,31344,31346
GODREJCP,CALL VOL,4968,3369,,,,,,,,,2057,5023,6193,6605
GODREJCP,CALL OI,3918,3510,,,,,,,,,4020,3910,3827,3743
GODREJCP,PUT VOL,2934,2603,,,,,,,,,761,1311,1661,2406
GODREJCP,PUT OI,3827,3642,,,,,,,,,3679,3176,3206,3672
GODREJCP,CALL SPRD,,,,,,,,,,,1.17,0.87,0.94,1.01
GODREJCP,PUT SPRD,,,,,,,,,,,2.53,1.55,1.24,1.46
GODREJCP,CALL OI FIX,2766,,,,,,,,,,3021,2946,2916,2903
GODREJCP,PUT OI FIX,3693,,,,,,,,,,3547,3499,3545,3545
GODREJCP,CALL DOI,,,,,,,,,,,815734,879249,806903,742356
GODREJCP,PUT DOI,,,,,,,,,,,-771871,-710773,-749253,-831669
GODREJCP,CALL GEX,,,,,,,,,,,109942,119664,128895,114422
GODREJCP,PUT GEX,,,,,,,,,,,93722,90054,86411,102994
GODREJCP,GEX STRIKE,,,,,,,,,,,870.0,870.0,870.0,870.0
GODREJCP,EXPIRY,,,,,,,,,,,2026-10-27,2026-10-27,2026-10-27,2026-10-27
GODREJCP,ATM IV,,,,,,,,,,,26.85,25.75,25.16,25.23
GODREJPROP,PRICE,1599.9,1595.8,,,,1597.1,1599.05,1597.35,1637.3,1609.63,1596.2,1605.0,1602.8,1604.9
GODREJPROP,VWAP,,,,,,,,,,,1593.87,1598.31,1599.93,1600.51
GODREJPROP,CASH VOL,509332,496337,114750,50.11,42.91,,,,,,30826,57061,83562,97875
GODREJPROP,F&O VOL,8683,21777,,,,,,,,,1416,3462,3999,4374
GODREJPROP,F&O OI,46047,45012,,,,,,,,,46445,46943,46986,47060
GODREJPROP,CALL VOL,2765,5461,,,,,,,,,438,1225,1450,1589
GODREJPROP,CALL OI,4121,3807,,,,,,,,,4244,4431,4474,4500
GODREJPROP,PUT VOL,1895,7027,,,,,,,,,820,1563,1721,1849
GODREJPROP,PUT OI,5827,5694,,,,,,,,,6096,6401,6428,6447
GODREJPROP,CALL SPRD,,,,,,,,,,,2.25,1.48,1.36,1.16
GODREJPROP,PUT SPRD,,,,,,,,,,,1.29,1.37,1.53,0.99
GODREJPROP,CALL OI FIX,4121,,,,,,,,,,4244,4431,4474,4500
GODREJPROP,PUT OI FIX,5827,,,,,,,,,,6096,6401,6428,6447
GODREJPROP,CALL DOI,,,,,,,,,,,497402,573170,565617,578288
GODREJPROP,PUT DOI,,,,,,,,,,,-996821,-972386,-982725,-972720
GODREJPROP,CALL GEX,,,,,,,,,,,58582,60034,61554,62081
GODREJPROP,PUT GEX,,,,,,,,,,,80079,84474,83733,83684
GODREJPROP,GEX STRIKE,,,,,,,,,,,1700.0,1700.0,1700.0,1700.0
GODREJPROP,EXPIRY,,,,,,,,,,,2026-10-27,2026-10-27,2026-10-27,2026-10-27
GODREJPROP,ATM IV,,,,,,,,,,,37.83,37.72,37.44,37.34
GRASIM,PRICE,2972.0,2962.0,,,,2988.0,2992.75,2978.92,3065.2,2996.4,2973.6,2976.7,2978.2,2981.1
GRASIM,VWAP,,,,,,,,,,,2976.5,2980.01,2979.68,2979.55
GRASIM,CASH VOL,263562,1385746,109843,54.61,53.67,,,,,,7203,13411,15687,18742
GRASIM,F&O VOL,9709,31865,,,,,,,,,123,730,974,1132
GRASIM,F&O OI,38648,38121,,,,,,,,,38666,38852,38888,38937
GRASIM,CALL VOL,2618,7375,,,,,,,,,63,227,261,292
GRASIM,CALL OI,2645,2492,,,,,,,,,2667,2656,2663,2672
GRASIM,PUT VOL,1806,9800,,,,,,,,,18,119,173,199
GRASIM,PUT OI,1858,1771,,,,,,,,,1862,1874,1885,1882
GRASIM,CALL SPRD,,,,,,,,,,,1.88,1.55,1.34,1.23
GRASIM,PUT SPRD,,,,,,,,,,,6.9,2.32,1.63,1.31
GRASIM,CALL OI FIX,2645,,,,,,,,,,2667,2656,2663,2672
GRASIM,PUT OI FIX,1858,,,,,,,,,,1862,1874,1885,1882
GRASIM,CALL DOI,,,,,,,,,,,306285,309873,312904,320747
GRASIM,PUT DOI,,,,,,,,,,,-203185,-200484,-200560,-196242
GRASIM,CALL GEX,,,,,,,,,,,58844,57906,62228,58886
GRASIM,PUT GEX,,,,,,,,,,,31792,32742,32091,32713
GRASIM,GEX STRIKE,,,,,,,,,,,3000.0,3000.0,3000.0,3000.0
GRASIM,EXPIRY,,,,,,,,,,,2026-10-27,2026-10-27,2026-10-27,2026-10-27
GRASIM,ATM IV,,,,,,,,,,,20.98,19.94,19.6,19.91
GVT&D,PRICE,4247.5,4253.2,,,,4242.0,4261.45,4252.15,4242.95,4222.45,4250.7,4250.1,4244.2,4242.3
GVT&D,VWAP,,,,,,,,,,,4251.43,4251.22,4249.22,4249.31
GVT&D,CASH VOL,454653,784543,147914,47.18,33.76,,,,,,10171,18058,22438,26534
GVT&D,F&O VOL,14864,27272,,,,,,,,,219,555,811,999
GVT&D,F&O OI,39125,38431,,,,,,,,,39156,39109,39065,39094
GVT&D,CALL VOL,8315,15196,,,,,,,,,178,374,538,661
GVT&D,CALL OI,7253,6115,,,,,,,,,7538,7450,7173,7197
GVT&D,PUT VOL,3250,6891,,,,,,,,,109,156,191,241
GVT&D,PUT OI,5525,5473,,,,,,,,,5540,5545,5542,5556
GVT&D,CALL SPRD,,,,,,,,,,,1.74,1.62,1.66,0.92
GVT&D,PUT SPRD,,,,,,,,,,,3.96,3.01,2.59,2.37
GVT&D,CALL OI FIX,7253,,,,,,,,,,7278,7190,7173,7197
GVT&D,PUT OI FIX,5525,,,,,,,,,,5535,5540,5542,5556
GVT&D,CALL DOI,,,,,,,,,,,364124,355740,345768,346505
GVT&D,PUT DOI,,,,,,,,,,,-216322,-219238,-223780,-224712
GVT&D,CALL GEX,,,,,,,,,,,40507,40302,40374,39839
GVT&D,PUT GEX,,,,,,,,,,,27686,27462,27469,27995
GVT&D,GEX STRIKE,,,,,,,,,,,4200.0,4200.0,4200.0,4200.0
GVT&D,EXPIRY,,,,,,,,,,,2026-10-27,2026-10-27,2026-10-27,2026-10-27
GVT&D,ATM IV,,,,,,,,,,,33.14,32.3,31.7,32.09
HAL,PRICE,4680.0,4601.0,,,,4680.0,4668.17,4644.5,4671.6,4624.53,4700.4,4712.8,4735.2,4774.7
HAL,VWAP,,,,,,,,,,,4699.97,4703.9,4709.37,4732.07
HAL,CASH VOL,465865,739864,170931,56.49,42.55,,,,,,30873,67559,97612,169249
HAL,F&O VOL,24753,30786,,,,,,,,,1290,4127,5772,12933
HAL,F&O OI,61485,60889,,,,,,,,,61528,61761,61693,61347
HAL,CALL VOL,12810,14405,,,,,,,,,831,2680,4469,8589
HAL,CALL OI,9453,9472,,,,,,,,,7457,7689,9579,9273
HAL,PUT VOL,4939,7501,,,,,,,,,280,655,1072,2347
HAL,PUT OI,8280,8307,,,,,,,,,7466,7527,8328,8306
HAL,CALL SPRD,,,,,,,,,,,0.81,0.59,0.46,0.91
HAL,PUT SPRD,,,,,,,,,,,0.69,0.84,0.67,0.64
HAL,CALL OI FIX,7478,,,,,,,,,,7457,7689,7665,7461
HAL,PUT OI FIX,7442,,,,,,,,,,7466,7527,7497,7476
HAL,CALL DOI,,,,,,,,,,,497117,537286,629504,678180
HAL,PUT DOI,,,,,,,,,,,-498692,-486993,-551782,-499496
HAL,CALL GEX,,,,,,,,,,,72534,73746,87724,91350
HAL,PUT GEX,,,,,,,,,,,65031,64000,70630,66869
HAL,GEX STRIKE,,,,,,,,,,,4700.0,4700.0,4700.0,4800.0
HAL,EXPIRY,,,,,,,,,,,2026-10-27,2026-10-27,2026-10-27,2026-10-27
HAL,ATM IV,,,,,,,,,,,24.68,25.32,24.63,24.39
HAVELLS,PRICE,1046.7,1040.0,,,,1050.0,1051.05,1048.15,1057.5,1045.83,1045.5,1047.3,1045.1,1049.1
HAVELLS,VWAP,,,,,,,,,,,1046.0,1046.24,1045.93,1046.91
HAVELLS,CASH VOL,845006,2030089,171089,53.71,53.96,,,,,,16749,25475,43782,72125
HAVELLS,F&O VOL,10545,20209,,,,,,,,,217,376,565,788
HAVELLS,F&O OI,33318,32945,,,,,,,,,33343,33379,33437,33418
HAVELLS,CALL VOL,4506,8385,,,,,,,,,137,200,273,357
HAVELLS,CALL OI,4255,3969,,,,,,,,,4267,4281,4284,4287
HAVELLS,PUT VOL,2142,4012,,,,,,,,,45,63,126,169
HAVELLS,PUT OI,3467,3311,,,,,,,,,3477,3486,3515,3522
HAVELLS,CALL SPRD,,,,,,,,,,,1.77,1.81,1.36,1.38
HAVELLS,PUT SPRD,,,,,,,,,,,2.29,2.11,1.53,1.69
HAVELLS,CALL OI FIX,4255,,,,,,,,,,4267,4281,4284,4287
HAVELLS,PUT OI FIX,3467,,,,,,,,,,3477,3486,3515,3522
HAVELLS,CALL DOI,,,,,,,,,,,861812,869568,845511,885404
HAVELLS,PUT DOI,,,,,,,,,,,-906694,-881669,-905468,-865497
HAVELLS,CALL GEX,,,,,,,,,,,106042,112389,112534,115201
HAVELLS,PUT GEX,,,,,,,,,,,88319,86311,85926,84302
HAVELLS,GEX STRIKE,,,,,,,,,,,1100.0,1100.0,1100.0,1100.0
HAVELLS,EXPIRY,,,,,,,,,,,2026-10-27,2026-10-27,2026-10-27,2026-10-27
HAVELLS,ATM IV,,,,,,,,,,,30.91,29.28,29.33,29.55
HCLTECH,PRICE,1201.9,1243.1,,,,1202.0,1221.85,1208.55,1244.65,1243.62,1206.6,1202.0,1202.7,1201.7
HCLTECH,VWAP,,,,,,,,,,,1205.67,1204.18,1203.28,1202.04
HCLTECH,CASH VOL,3843425,3430282,791163,38.09,52.43,,,,,,89890,169873,222596,291071
HCLTECH,F&O VOL,81336,44426,,,,,,,,,2291,4603,6089,9209
HCLTECH,F&O OI,92465,88517,,,,,,,,,92499,92764,93161,93946
HCLTECH,CALL VOL,22902,8994,,,,,,,,,1426,2112,2380,3012
HCLTECH,CALL OI,7300,6832,,,,,,,,,8129,7299,7348,7364
HCLTECH,PUT VOL,17688,9382,,,,,,,,,452,797,1076,1696
HCLTECH,PUT OI,6784,6477,,,,,,,,,7205,6882,6993,7035
HCLTECH,CALL SPRD,,,,,,,,,,,0.52,0.64,0.76,0.77
HCLTECH,PUT SPRD,,,,,,,,,,,0.85,0.67,0.9,0.78
HCLTECH,CALL OI FIX,7300,,,,,,,,,,7157,7299,7348,7364
HCLTECH,PUT OI FIX,6784,,,,,,,,,,6874,6882,6993,7035
HCLTECH,CALL DOI,,,,,,,,,,,1447567,1302243,1318824,1312346
HCLTECH,PUT DOI,,,,,,,,,,,-1431546,-1353188,-1364073,-1380202
HCLTECH,CALL GEX,,,,,,,,,,,163928,148697,151319,152201
HCLTECH,PUT GEX,,,,,,,,,,,105908,101731,102611,103227
HCLTECH,GEX STRIKE,,,,,,,,,,,1250.0,1250.0,1250.0,1250.0
HCLTECH,EXPIRY,,,,,,,,,,,2026-10-27,2026-10-27,2026-10-27,2026-10-27
HCLTECH,ATM IV,,,,,,,,,,,36.85,36.62,36.55,36.62
HDFCAMC,PRICE,2346.0,2308.1,,,,2359.0,2343.6,2338.8,2303.65,2294.75,2360.5,2356.3,2354.4,2359.4
HDFCAMC,VWAP,,,,,,,,,,,2357.93,2357.07,2356.6,2355.38
HDFCAMC,CASH VOL,1244530,1134071,434716,67.94,61.38,,,,,,11925,17199,21426,26788
HDFCAMC,F&O VOL,13414,11317,,,,,,,,,214,516,698,847
HDFCAMC,F&O OI,31803,32697,,,,,,,,,31831,31866,31876,31887
HDFCAMC,CALL VOL,5122,3664,,,,,,,,,112,276,319,417
HDFCAMC,CALL OI,1892,2133,,,,,,,,,1893,1901,1689,1920
HDFCAMC,PUT VOL,1292,971,,,,,,,,,19,44,56,77
HDFCAMC,PUT OI,1665,1667,,,,,,,,,1667,1676,1575,1682
HDFCAMC,CALL SPRD,,,,,,,,,,,7.13,1.63,1.35,1.62
HDFCAMC,PUT SPRD,,,,,,,,,,,35.64,38.2,1.07,34.77
HDFCAMC,CALL OI FIX,1692,,,,,,,,,,1693,1692,1689,1692
HDFCAMC,PUT OI FIX,1564,,,,,,,,,,1566,1575,1575,1581
HDFCAMC,CALL DOI,,,,,,,,,,,309715,306218,282658,311673
HDFCAMC,PUT DOI,,,,,,,,,,,-204908,-208684,-188975,-206595
HDFCAMC,CALL GEX,,,,,,,,,,,29788,30166,27071,31276
HDFCAMC,PUT GEX,,,,,,,,,,,23675,24476,23488,24949
HDFCAMC,GEX STRIKE,,,,,,,,,,,2300.0,2300.0,2300.0,2300.0
HDFCAMC,EXPIRY,,,,,,,,,,,2026-10-27,2026-10-27,2026-10-27,2026-10-27
HDFCAMC,ATM IV,,,,,,,,,,,25.23,29.83,29.73,29.06
HDFCBANK,PRICE,704.8,721.2,,,,705.6,717.73,709.11,720.67,719.62,702.4,705.95,706.5,707.7
HDFCBANK,VWAP,,,,,,,,,,,704.2,703.45,704.01,704.46
HDFCBANK,CASH VOL,66056690,37389857,11564017,63.5,63.31,,,,,,1882307,3050403,3709958,4255249
HDFCBANK,F&O VOL,697711,355049,,,,,,,,,17179,47843,64548,79929
HDFCBANK,F&O OI,928531,862277,,,,,,,,,931516,936479,935932,936806
HDFCBANK,CALL VOL,302935,151314,,,,,,,,,9221,24286,32048,38881
HDFCBANK,CALL OI,155244,109795,,,,,,,,,143163,159368,159434,159773
HDFCBANK,PUT VOL,162068,96492,,,,,,,,,4158,9779,13564,16804
HDFCBANK,PUT OI,89080,80851,,,,,,,,,90572,89993,89667,89640
HDFCBANK,CALL SPRD,,,,,,,,,,,0.5,0.65,0.95,0.62
HDFCBANK,PUT SPRD,,,,,,,,,,,0.65,0.78,0.55,0.58
HDFCBANK,CALL OI FIX,141517,,,,,,,,,,143163,145628,145724,146055
HDFCBANK,PUT OI FIX,90240,,,,,,,,,,90572,91170,90825,90759
HDFCBANK,CALL DOI,,,,,,,,,,,30674377,35395301,35857821,36081982
HDFCBANK,PUT DOI,,,,,,,,,,,-29529839,-28972599,-29073766,-28173155
HDFCBANK,CALL GEX,,,,,,,,,,,5158423,5724131,5699233,6122553
HDFCBANK,PUT GEX,,,,,,,,,,,2996729,3075204,3259845,3101821
HDFCBANK,GEX STRIKE,,,,,,,,,,,720.0,720.0,720.0,720.0
HDFCBANK,EXPIRY,,,,,,,,,,,2026-10-27,2026-10-27,2026-10-27,2026-10-27
HDFCBANK,ATM IV,,,,,,,,,,,25.99,25.73,25.03,24.55
HDFCLIFE,PRICE,531.0,534.2,,,,533.45,531.8,531.27,531.52,526.15,531.25,536.3,534.15,534.1
HDFCLIFE,VWAP,,,,,,,,,,,530.53,533.43,533.74,533.77
HDFCLIFE,CASH VOL,3381490,4008935,926675,49.61,44.22,,,,,,28406,176071,232814,271488
HDFCLIFE,F&O VOL,19451,36461,,,,,,,,,227,1135,1869,2139
HDFCLIFE,F&O OI,62776,61561,,,,,,,,,62782,62811,62796,62797
HDFCLIFE,CALL VOL,7368,16248,,,,,,,,,94,691,947,1027
HDFCLIFE,CALL OI,7840,7217,,,,,,,,,5790,7842,7820,7818
HDFCLIFE,PUT VOL,3320,7737,,,,,,,,,64,318,421,463
HDFCLIFE,PUT OI,3796,3864,,,,,,,,,3781,3809,3831,3838
HDFCLIFE,CALL SPRD,,,,,,,,,,,1.55,1.54,1.7,1.68
HDFCLIFE,PUT SPRD,,,,,,,,,,,1.88,1.86,1.72,1.75
HDFCLIFE,CALL OI FIX,5784,,,,,,,,,,5790,5784,5764,5765
HDFCLIFE,PUT OI FIX,3786,,,,,,,,,,3781,3799,3821,3828
HDFCLIFE,CALL DOI,,,,,,,,,,,3184675,4193297,3989432,3978048
HDFCLIFE,PUT DOI,,,,,,,,,,,-1747692,-1648752,-1746085,-1762795
HDFCLIFE,CALL GEX,,,,,,,,,,,366992,465096,489397,490548
HDFCLIFE,PUT GEX,,,,,,,,,,,210636,212651,210313,210363
HDFCLIFE,GEX STRIKE,,,,,,,,,,,530.0,530.0,530.0,530.0
HDFCLIFE,EXPIRY,,,,,,,,,,,2026-10-27,2026-10-27,2026-10-27,2026-10-27
HDFCLIFE,ATM IV,,,,,,,,,,,28.62,29.27,28.44,28.71
HEROMOTOCO,PRICE,5089.5,5168.0,,,,5095.0,5100.0,5093.0,5220.75,5185.58,5070.5,5054.0,5044.0,5058.5
HEROMOTOCO,VWAP,,,,,,,,,,,5086.5,5072.57,5063.18,5060.75
HEROMOTOCO,CASH VOL,1072997,862662,136180,47.77,46.48,,,,,,25127,42098,58034,68117
HEROMOTOCO,F&O VOL,79993,78085,,,,,,,,,1219,3088,5154,7102
HEROMOTOCO,F&O OI,45298,42351,,,,,,,,,45345,45583,45956,46477
HEROMOTOCO,CALL VOL,23384,13836,,,,,,,,,491,1314,1887,2488
HEROMOTOCO,CALL OI,4658,3386,,,,,,,,,4648,4784,4912,5032
HEROMOTOCO,PUT VOL,27291,28112,,,,,,,,,385,908,1419,1949
HEROMOTOCO,PUT OI,4338,4047,,,,,,,,,4345,4412,4513,4570
HEROMOTOCO,CALL SPRD,,,,,,,,,,,2.98,0.98,0.89,0.67
HEROMOTOCO,PUT SPRD,,,,,,,,,,,2.6,1.1,0.87,0.58
HEROMOTOCO,CALL OI FIX,4914,,,,,,,,,,4901,5033,5146,5266
HEROMOTOCO,PUT OI FIX,4040,,,,,,,,,,4040,4112,4214,4266
HEROMOTOCO,CALL DOI,,,,,,,,,,,277009,268893,261075,289978
HEROMOTOCO,PUT DOI,,,,,,,,,,,-294185,-309302,-322271,-317640
HEROMOTOCO,CALL GEX,,,,,,,,,,,41806,44777,47955,46041
HEROMOTOCO,PUT GEX,,,,,,,,,,,33095,32356,32696,36361
HEROMOTOCO,GEX STRIKE,,,,,,,,,,,5300.0,5300.0,5300.0,5300.0
HEROMOTOCO,EXPIRY,,,,,,,,,,,2026-10-27,2026-10-27,2026-10-27,2026-10-27
HEROMOTOCO,ATM IV,,,,,,,,,,,27.71,26.72,26.23,26.31
HINDALCO,PRICE,938.4,941.85,,,,945.35,942.58,939.79,948.2,943.97,941.75,943.7,945.35,944.75
HINDALCO,VWAP,,,,,,,,,,,944.53,944.19,943.97,944.34
HINDALCO,CASH VOL,4401291,5877840,969354,58.53,56.41,,,,,,105659,169226,244292,321582
HINDALCO,F&O VOL,33371,55578,,,,,,,,,1318,2325,2919,3767
HINDALCO,F&O OI,96723,96120,,,,,,,,,96819,96966,97070,96956
HINDALCO,CALL VOL,11471,16762,,,,,,,,,688,1091,1547,1579
HINDALCO,CALL OI,5892,6067,,,,,,,,,5970,6064,8051,6017
HINDALCO,PUT VOL,8377,18343,,,,,,,,,366,644,790,1080
HINDALCO,PUT OI,9569,8991,,,,,,,,,9622,9660,10861,9654
HINDALCO,CALL SPRD,,,,,,,,,,,0.92,1.25,0.85,0.5
HINDALCO,PUT SPRD,,,,,,,,,,,1.17,0.98,1.06,1.1
HINDALCO,CALL OI FIX,5892,,,,,,,,,,5970,6064,6070,6017
HINDALCO,PUT OI FIX,9569,,,,,,,,,,9622,9660,9715,9654
HINDALCO,CALL DOI,,,,,,,,,,,1776757,1868299,2223959,1873011
HINDALCO,PUT DOI,,,,,,,,,,,-3226325,-3171888,-3802502,-3129430
HINDALCO,CALL GEX,,,,,,,,,,,262801,257271,315627,257917
HINDALCO,PUT GEX,,,,,,,,,,,364203,377908,433346,391123
HINDALCO,GEX STRIKE,,,,,,,,,,,960.0,960.0,960.0,960.0
HINDALCO,EXPIRY,,,,,,,,,,,2026-10-27,2026-10-27,2026-10-27,2026-10-27
HINDALCO,ATM IV,,,,,,,,,,,26.4,26.7,26.12,26.3
HINDPETRO,PRICE,342.35,345.0,,,,344.05,345.82,343.51,347.3,345.77,343.6,344.2,344.4,344.3
HINDPETRO,VWAP,,,,,,,,,,,344.78,344.56,344.52,344.47
HINDPETRO,CASH VOL,2875288,5754484,643608,54.16,53.35,,,,,,136510,196928,275366,324750
HINDPETRO,F&O VOL,6416,7076,,,,,,,,,374,501,621,830
HINDPETRO,F&O OI,28515,27790,,,,,,,,,28622,28485,28497,28517
HINDPETRO,CALL VOL,2914,2217,,,,,,,,,145,212,280,354
HINDPETRO,CALL OI,2282,1951,,,,,,,,,2291,2292,2307,2352
HINDPETRO,PUT VOL,1367,2092,,,,,,,,,29,52,89,157
HINDPETRO,PUT OI,2080,2038,,,,,,,,,2091,2103,2113,2085
HINDPETRO,CALL SPRD,,,,,,,,,,,2.43,2.43,1.45,1.9
HINDPETRO,PUT SPRD,,,,,,,,,,,12.89,4.37,2.79,2.92
HINDPETRO,CALL OI FIX,1921,,,,,,,,,,1931,1932,1947,1964
HINDPETRO,PUT OI FIX,2002,,,,,,,,,,2013,2025,2035,2007
HINDPETRO,CALL DOI,,,,,,,,,,,1727672,1761551,1791444,1790192
HINDPETRO,PUT DOI,,,,,,,,,,,-1963160,-1937130,-1916107,-1899479
HINDPETRO,CALL GEX,,,,,,,,,,,225752,233927,233493,243016
HINDPETRO,PUT GEX,,,,,,,,,,,199802,198018,204922,200544
HINDPETRO,GEX STRIKE,,,,,,,,,,,350.0,350.0,350.0,350.0
HINDPETRO,EXPIRY,,,,,,,,,,,2026-10-27,2026-10-27,2026-10-27,2026-10-27
HINDPETRO,ATM IV,,,,,,,,,,,31.81,31.07,29.23,28.71
HINDUNILVR,PRICE,1838.4,1836.0,,,,1847.9,1838.33,1838.2,1880.05,1850.68,1845.7,1863.1,1860.6,1859.7
HINDUNILVR,VWAP,,,,,,,,,,,1841.63,1857.72,1858.9,1858.93
HINDUNILVR,CASH VOL,975071,1331680,251835,64.78,52.1,,,,,,34582,109940,140903,159286
HINDUNILVR,F&O VOL,30985,39287,,,,,,,,,759,8518,10646,11597
HINDUNILVR,F&O OI,99170,95380,,,,,,,,,99235,99202,99507,99582
HINDUNILVR,CALL VOL,14336,14541,,,,,,,,,495,4911,5739,6128
HINDUNILVR,CALL OI,12639,11710,,,,,,,,,11209,12484,12580,12605
HINDUNILVR,PUT VOL,5432,8434,,,,,,,,,140,1825,2275,2538
HINDUNILVR,PUT OI,10965,10485,,,,,,,,,10404,11129,11186,11204
HINDUNILVR,CALL SPRD,,,,,,,,,,,0.86,0.99,0.92,0.68
HINDUNILVR,PUT SPRD,,,,,,,,,,,0.45,0.87,0.95,0.98
HINDUNILVR,CALL OI FIX,11179,,,,,,,,,,11209,11059,11160,11188
HINDUNILVR,PUT OI FIX,10381,,,,,,,,,,10404,10535,10588,10607
HINDUNILVR,CALL DOI,,,,,,,,,,,1323461,1577525,1553121,1548936
HINDUNILVR,PUT DOI,,,,,,,,,,,-1606676,-1668026,-1703173,-1742755
HINDUNILVR,CALL GEX,,,,,,,,,,,220483,265390,286265,259351
HINDUNILVR,PUT GEX,,,,,,,,,,,193228,202496,192608,207933
HINDUNILVR,GEX STRIKE,,,,,,,,,,,1900.0,1900.0,1900.0,1900.0
HINDUNILVR,EXPIRY,,,,,,,,,,,2026-10-27,2026-10-27,2026-10-27,2026-10-27
HINDUNILVR,ATM IV,,,,,,,,,,,22.52,22.0,22.01,22.5
HINDZINC,PRICE,560.95,555.05,,,,564.15,563.22,561.71,563.75,557.95,563.75,564.05,564.0,564.0
HINDZINC,VWAP,,,,,,,,,,,563.13,563.97,563.92,563.96
HINDZINC,CASH VOL,2343222,3165448,899412,44.47,50.51,,,,,,86962,159317,205255,260592
HINDZINC,F&O VOL,13254,18358,,,,,,,,,389,941,1205,1333
HINDZINC,F&O OI,40290,38943,,,,,,,,,40298,40343,40379,40402
HINDZINC,CALL VOL,6141,7639,,,,,,,,,224,454,542,595
HINDZINC,CALL OI,7063,6433,,,,,,,,,7046,7082,7079,7082
HINDZINC,PUT VOL,3185,5339,,,,,,,,,163,252,341,394
HINDZINC,PUT OI,6780,6261,,,,,,,,,6783,6773,6797,6804
HINDZINC,CALL SPRD,,,,,,,,,,,0.94,1.16,0.91,1.15
HINDZINC,PUT SPRD,,,,,,,,,,,1.24,1.27,1.32,1.65
HINDZINC,CALL OI FIX,7063,,,,,,,,,,7046,7082,7079,7082
HINDZINC,PUT OI FIX,6780,,,,,,,,,,6783,6773,6797,6804
HINDZINC,CALL DOI,,,,,,,,,,,2985398,2999449,3003596,2976036
HINDZINC,PUT DOI,,,,,,,,,,,-3715362,-3696495,-3699654,-3700277
HINDZINC,CALL GEX,,,,,,,,,,,370938,376209,373376,381118
HINDZINC,PUT GEX,,,,,,,,,,,328193,329266,336097,333835
HINDZINC,GEX STRIKE,,,,,,,,,,,600.0,600.0,600.0,600.0
HINDZINC,EXPIRY,,,,,,,,,,,2026-10-27,2026-10-27,2026-10-27,2026-10-27
HINDZINC,ATM IV,,,,,,,,,,,34.84,34.28,34.33,34.19
HYUNDAI,PRICE,2000.0,2024.0,,,,2008.1,2006.7,2002.23,2057.5,2035.17,1998.1,2000.8,2001.2,2000.5
HYUNDAI,VWAP,,,,,,,,,,,2002.17,2001.51,2001.05,2000.72
HYUNDAI,CASH VOL,328159,1795808,84315,43.82,52.25,,,,,,9791,15734,19882,26598
HYUNDAI,F&O VOL,9743,21464,,,,,,,,,89,169,282,413
HYUNDAI,F&O OI,21710,20698,,,,,,,,,21721,21755,21758,21769
HYUNDAI,CALL VOL,3480,7888,,,,,,,,,27,81,147,229
HYUNDAI,CALL OI,1891,1505,,,,,,,,,1892,1915,1921,1948
HYUNDAI,PUT VOL,2372,4340,,,,,,,,,17,19,22,36
HYUNDAI,PUT OI,2073,1736,,,,,,,,,2075,2087,2086,2081
HYUNDAI,CALL SPRD,,,,,,,,,,,7.19,2.21,2.11,1.48
HYUNDAI,PUT SPRD,,,,,,,,,,,4.97,5.98,3.42,1.57
HYUNDAI,CALL OI FIX,1891,,,,,,,,,,1892,1915,1921,1948
HYUNDAI,PUT OI FIX,2073,,,,,,,,,,2075,2087,2086,2081
HYUNDAI,CALL DOI,,,,,,,,,,,195124,200384,199339,202870
HYUNDAI,PUT DOI,,,,,,,,,,,-271541,-269537,-268952,-269136
HYUNDAI,CALL GEX,,,,,,,,,,,29077,29897,31076,31269
HYUNDAI,PUT GEX,,,,,,,,,,,26732,26496,26282,26762
HYUNDAI,GEX STRIKE,,,,,,,,,,,2100.0,2100.0,2100.0,2100.0
HYUNDAI,EXPIRY,,,,,,,,,,,2026-10-27,2026-10-27,2026-10-27,2026-10-27
HYUNDAI,ATM IV,,,,,,,,,,,27.87,29.12,28.92,28.05
ICICIBANK,PRICE,1332.0,1310.6,,,,1330.1,1327.73,1319.2,1314.0,1311.73,1331.3,1331.3,1331.9,1334.2
ICICIBANK,VWAP,,,,,,,,,,,1331.0,1331.0,1330.98,1331.05
ICICIBANK,CASH VOL,13223493,13163495,3193860,61.46,57.07,,,,,,560638,667646,727043,786249
ICICIBANK,F&O VOL,78355,81428,,,,,,,,,3440,6691,7993,9379
ICICIBANK,F&O OI,247106,243518,,,,,,,,,247782,248000,248104,248311
ICICIBANK,CALL VOL,29216,25318,,,,,,,,,1783,2977,3510,3957
ICICIBANK,CALL OI,18685,19030,,,,,,,,,19311,19584,19622,19689
ICICIBANK,PUT VOL,18007,22304,,,,,,,,,744,1630,1943,2307
ICICIBANK,PUT OI,15754,14752,,,,,,,,,15811,15842,15840,15794
ICICIBANK,CALL SPRD,,,,,,,,,,,0.98,0.65,0.66,0.81
ICICIBANK,PUT SPRD,,,,,,,,,,,1.2,0.62,1.04,1.05
ICICIBANK,CALL OI FIX,18685,,,,,,,,,,19311,19584,19622,19689
ICICIBANK,PUT OI FIX,15754,,,,,,,,,,15811,15842,15840,15794
ICICIBANK,CALL DOI,,,,,,,,,,,7086161,7176078,7228087,7461642
ICICIBANK,PUT DOI,,,,,,,,,,,-4324218,-4318587,-4287639,-4171280
ICICIBANK,CALL GEX,,,,,,,,,,,983313,993277,1019516,1059585
ICICIBANK,PUT GEX,,,,,,,,,,,723911,741763,738684,710101
ICICIBANK,GEX STRIKE,,,,,,,,,,,1350.0,1350.0,1350.0,1350.0
ICICIBANK,EXPIRY,,,,,,,,,,,2026-10-27,2026-10-27,2026-10-27,2026-10-27
ICICIBANK,ATM IV,,,,,,,,,,,21.87,21.74,21.3,21.24
ICICIGI,PRICE,1600.0,1563.0,,,,1595.0,1594.85,1584.55,1557.48,1546.45,1583.2,1583.2,1582.1,1581.3
ICICIGI,VWAP,,,,,,,,,,,1582.7,1581.6,1581.79,1581.95
ICICIGI,CASH VOL,1196366,1189772,324394,58.41,60.54,,,,,,20095,32858,40268,44521
ICICIGI,F&O VOL,16168,11815,,,,,,,,,277,768,1007,1162
ICICIGI,F&O OI,22871,22205,,,,,,,,,22879,22864,22876,22862
ICICIGI,CALL VOL,8094,4898,,,,,,,,,143,357,430,540
ICICIGI,CALL OI,2581,2336,,,,,,,,,2584,2514,2516,2488
ICICIGI,PUT VOL,2825,2233,,,,,,,,,88,242,306,335
ICICIGI,PUT OI,1883,1602,,,,,,,,,1895,1923,1935,1949
ICICIGI,CALL SPRD,,,,,,,,,,,2.48,1.71,1.5,1.38
ICICIGI,PUT SPRD,,,,,,,,,,,2.07,0.92,1.4,1.42
ICICIGI,CALL OI FIX,2959,,,,,,,,,,2965,2893,2891,2862
ICICIGI,PUT OI FIX,1792,,,,,,,,,,1804,1832,1844,1857
ICICIGI,CALL DOI,,,,,,,,,,,435177,425594,423195,416518
ICICIGI,PUT DOI,,,,,,,,,,,-210584,-214112,-216712,-220719
ICICIGI,CALL GEX,,,,,,,,,,,47123,45624,44956,45928
ICICIGI,PUT GEX,,,,,,,,,,,27317,27831,28643,28513
ICICIGI,GEX STRIKE,,,,,,,,,,,1600.0,1600.0,1600.0,1600.0
ICICIGI,EXPIRY,,,,,,,,,,,2026-10-27,2026-10-27,2026-10-27,2026-10-27
ICICIGI,ATM IV,,,,,,,,,,,28.95,29.29,29.7,29.2
ICICIPRULI,PRICE,454.9,448.05,,,,458.0,453.77,451.52,453.0,449.7,454.6,457.3,455.35,455.6
ICICIPRULI,VWAP,,,,,,,,,,,455.2,455.87,456.03,455.8
ICICIPRULI,CASH VOL,1224982,1267559,257908,46.49,50.89,,,,,,19220,39755,50510,70756
ICICIPRULI,F&O VOL,10504,8015,,,,,,,,,91,306,473,574
ICICIPRULI,F&O OI,28508,28842,,,,,,,,,28525,28532,28503,28520
ICICIPRULI,CALL VOL,2633,2386,,,,,,,,,33,109,136,171
ICICIPRULI,CALL OI,2506,2425,,,,,,,,,2510,2508,2504,2503
ICICIPRULI,PUT VOL,1312,951,,,,,,,,,7,27,55,70
ICICIPRULI,PUT OI,2536,2325,,,,,,,,,2539,2543,2553,2554
ICICIPRULI,CALL SPRD,,,,,,,,,,,7.8,1.97,1.73,2.11
ICICIPRULI,PUT SPRD,,,,,,,,,,,3.83,2.05,1.63,1.95
ICICIPRULI,CALL OI FIX,2506,,,,,,,,,,2510,2508,2504,2503
ICICIPRULI,PUT OI FIX,2536,,,,,,,,,,2539,2543,2553,2554
ICICIPRULI,CALL DOI,,,,,,,,,,,1115509,1180156,1124210,1130107
ICICIPRULI,PUT DOI,,,,,,,,,,,-998041,-947907,-990249,-984141
ICICIPRULI,CALL GEX,,,,,,,,,,,119801,116296,118221,122822
ICICIPRULI,PUT GEX,,,,,,,,,,,94218,91001,92271,92620
ICICIPRULI,GEX STRIKE,,,,,,,,,,,450.0,450.0,450.0,450.0
ICICIPRULI,EXPIRY,,,,,,,,,,,2026-10-27,2026-10-27,2026-10-27,2026-10-27
ICICIPRULI,ATM IV,,,,,,,,,,,31.91,33.76,35.15,33.28
IDEA,PRICE,12.74,12.64,,,,12.77,12.74,12.73,13.37,12.88,12.84,12.95,13.2,13.13
IDEA,VWAP,,,,,,,,,,,12.84,12.9,13.01,13.05
IDEA,CASH VOL,460591162,612490273,90776018,35.72,33.78,,,,,,22997398,50304549,90813842,123233185
IDEA,F&O VOL,29730,40367,,,,,,,,,1252,3716,8345,11153
IDEA,F&O OI,131709,131631,,,,,,,,,131712,131970,132072,132345
IDEA,CALL VOL,17291,22543,,,,,,,,,986,2446,5252,6915
IDEA,CALL OI,23131,22445,,,,,,,,,23096,23200,23273,23435
IDEA,PUT VOL,5610,6908,,,,,,,,,266,553,1601,2004
IDEA,PUT OI,12553,13230,,,,,,,,,12551,12577,12612,12669
IDEA,CALL SPRD,,,,,,,,,,,1.98,1.83,1.53,1.6
IDEA,PUT SPRD,,,,,,,,,,,3.45,3.85,2.53,2.41
IDEA,CALL OI FIX,23131,,,,,,,,,,23096,23200,23273,23435
IDEA,PUT OI FIX,12553,,,,,,,,,,12551,12577,12612,12669
IDEA,CALL DOI,,,,,,,,,,,359225467,382376521,465224990,417082309
IDEA,PUT DOI,,,,,,,,,,,-569715641,-550875420,-533610698,-512581277
IDEA,CALL GEX,,,,,,,,,,,34064035,36260846,37062668,40131551
IDEA,PUT GEX,,,,,,,,,,,23329859,24090616,28677311,24936938
IDEA,GEX STRIKE,,,,,,,,,,,14.0,14.0,14.0,14.0
IDEA,EXPIRY,,,,,,,,,,,2026-10-27,2026-10-27,2026-10-27,2026-10-27
IDEA,ATM IV,,,,,,,,,,,43.32,42.87,43.27,40.93
IDFCFIRSTB,PRICE,82.22,80.39,,,,81.98,81.97,81.47,81.05,80.61,81.31,79.79,80.15,79.96
IDFCFIRSTB,VWAP,,,,,,,,,,,81.73,80.74,80.48,80.35
IDFCFIRSTB,CASH VOL,18439126,24434109,4179727,49.56,55.78,,,,,,944074,2686453,4205558,5624843
IDFCFIRSTB,F&O VOL,13768,13745,,,,,,,,,439,2613,4972,7087
IDFCFIRSTB,F&O OI,68595,68057,,,,,,,,,68668,69074,69282,69577
IDFCFIRSTB,CALL VOL,4008,3427,,,,,,,,,139,821,1615,2071
IDFCFIRSTB,CALL OI,5892,5938,,,,,,,,,7169,6026,6136,6207
IDFCFIRSTB,PUT VOL,3129,3229,,,,,,,,,90,606,1252,1598
IDFCFIRSTB,PUT OI,7759,7555,,,,,,,,,7504,7754,7801,7814
IDFCFIRSTB,CALL SPRD,,,,,,,,,,,2.46,1.14,1.51,1.15
IDFCFIRSTB,PUT SPRD,,,,,,,,,,,3.26,1.63,1.27,2.14
IDFCFIRSTB,CALL OI FIX,8166,,,,,,,,,,8171,8345,8469,8564
IDFCFIRSTB,PUT OI FIX,7381,,,,,,,,,,7385,7361,7382,7386
IDFCFIRSTB,CALL DOI,,,,,,,,,,,27621375,20430173,21915413,21663888
IDFCFIRSTB,PUT DOI,,,,,,,,,,,-29886044,-35115856,-33588230,-34457120
IDFCFIRSTB,CALL GEX,,,,,,,,,,,3329897,2627976,2775098,2716919
IDFCFIRSTB,PUT GEX,,,,,,,,,,,3104779,3157381,3065615,3223893
IDFCFIRSTB,GEX STRIKE,,,,,,,,,,,80.0,80.0,80.0,80.0
IDFCFIRSTB,EXPIRY,,,,,,,,,,,2026-10-27,2026-10-27,2026-10-27,2026-10-27
IDFCFIRSTB,ATM IV,,,,,,,,,,,31.96,32.41,32.67,32.2
IEX,PRICE,104.3,105.98,,,,105.3,105.22,104.61,108.53,106.83,105.08,105.22,105.17,105.3
IEX,VWAP,,,,,,,,,,,105.02,105.03,105.05,105.07
IEX,CASH VOL,3096998,3180623,659548,44.8,40.75,,,,,,371200,503939,574087,652302
IEX,F&O VOL,5076,5374,,,,,,,,,289,588,856,987
IEX,F&O OI,27674,26864,,,,,,,,,27655,27662,27642,27641
IEX,CALL VOL,1375,580,,,,,,,,,120,230,289,325
IEX,CALL OI,839,1319,,,,,,,,,831,862,883,884
IEX,PUT VOL,373,456,,,,,,,,,6,33,44,59
IEX,PUT OI,1066,1530,,,,,,,,,1066,1084,1089,1100
IEX,CALL SPRD,,,,,,,,,,,1.7,1.15,1.74,1.43
IEX,PUT SPRD,,,,,,,,,,,2.48,1.24,1.55,1.91
IEX,CALL OI FIX,866,,,,,,,,,,858,888,907,908
IEX,PUT OI FIX,1347,,,,,,,,,,1345,1352,1334,1336
IEX,CALL DOI,,,,,,,,,,,1721693,1823040,1859105,1879409
IEX,PUT DOI,,,,,,,,,,,-2264512,-2269196,-2288771,-2282643
IEX,CALL GEX,,,,,,,,,,,186317,195288,199423,203097
IEX,PUT GEX,,,,,,,,,,,189221,217137,217566,220057
IEX,GEX STRIKE,,,,,,,,,,,105.0,105.0,105.0,105.0
IEX,EXPIRY,,,,,,,,,,,2026-10-27,2026-10-27,2026-10-27,2026-10-27
IEX,ATM IV,,,,,,,,,,,37.88,33.33,33.17,32.85
INDHOTEL,PRICE,725.0,718.0,,,,720.3,723.27,719.8,720.75,718.92,727.8,728.75,727.55,729.1
INDHOTEL,VWAP,,,,,,,,,,,724.8,726.52,727.11,727.42
INDHOTEL,CASH VOL,3696656,4023940,962773,66.74,61.62,,,,,,33955,87732,217286,331842
INDHOTEL,F&O VOL,8996,14463,,,,,,,,,218,937,1513,2209
INDHOTEL,F&O OI,39037,37686,,,,,,,,,39048,39059,39093,39239
INDHOTEL,CALL VOL,3482,6207,,,,,,,,,149,472,739,1086
INDHOTEL,CALL OI,3376,3290,,,,,,,,,3375,3346,3326,3358
INDHOTEL,PUT VOL,2044,3356,,,,,,,,,51,292,448,592
INDHOTEL,PUT OI,2368,2331,,,,,,,,,2374,2386,2399,2401
INDHOTEL,CALL SPRD,,,,,,,,,,,1.96,1.46,1.69,1.35
INDHOTEL,PUT SPRD,,,,,,,,,,,3.22,1.84,1.58,1.66
INDHOTEL,CALL OI FIX,3209,,,,,,,,,,3210,3177,3158,3192
INDHOTEL,PUT OI FIX,2434,,,,,,,,,,2440,2452,2463,2465
INDHOTEL,CALL DOI,,,,,,,,,,,1506401,1510975,1475499,1535938
INDHOTEL,PUT DOI,,,,,,,,,,,-896040,-894122,-917316,-886015
INDHOTEL,CALL GEX,,,,,,,,,,,196581,200188,197234,197868
INDHOTEL,PUT GEX,,,,,,,,,,,139175,135891,139278,139708
INDHOTEL,GEX STRIKE,,,,,,,,,,,730.0,730.0,730.0,730.0
INDHOTEL,EXPIRY,,,,,,,,,,,2026-10-27,2026-10-27,2026-10-27,2026-10-27
INDHOTEL,ATM IV,,,,,,,,,,,24.16,24.35,24.1,24.16
INDIANB,PRICE,810.0,793.15,,,,812.0,809.94,809.83,809.6,798.63,811.9,811.25,812.6,816.9
INDIANB,VWAP,,,,,,,,,,,812.62,812.49,812.43,814.32
INDIANB,CASH VOL,1043196,671392,267131,44.67,41.36,,,,,,38106,48820,55794,113010
INDIANB,F&O VOL,5286,5602,,,,,,,,,151,244,410,734
INDIANB,F&O OI,16038,15784,,,,,,,,,16061,16075,16029,16022
INDIANB,CALL VOL,2370,2262,,,,,,,,,115,184,251,426
INDIANB,CALL OI,2357,2183,,,,,,,,,2300,2303,2271,2323
INDIANB,PUT VOL,1098,1435,,,,,,,,,7,18,33,104
INDIANB,PUT OI,2274,2166,,,,,,,,,2338,2341,2339,2267
INDIANB,CALL SPRD,,,,,,,,,,,2.05,2.04,1.81,1.4
INDIANB,PUT SPRD,,,,,,,,,,,32.27,40.79,40.79,2.06
INDIANB,CALL OI FIX,2294,,,,,,,,,,2300,2303,2271,2262
INDIANB,PUT OI FIX,2334,,,,,,,,,,2338,2341,2339,2327
INDIANB,CALL DOI,,,,,,,,,,,1048655,1038857,1029009,1083491
INDIANB,PUT DOI,,,,,,,,,,,-1027013,-1032445,-1016973,-975865
INDIANB,CALL GEX,,,,,,,,,,,117706,116226,116189,123744
INDIANB,PUT GEX,,,,,,,,,,,98051,99198,99477,96772
INDIANB,GEX STRIKE,,,,,,,,,,,800.0,800.0,800.0,800.0
INDIANB,EXPIRY,,,,,,,,,,,2026-10-27,2026-10-27,2026-10-27,2026-10-27
INDIANB,ATM IV,,,,,,,,,,,33.29,33.3,33.14,31.27
INDIGO,PRICE,4935.0,4929.9,,,,4954.9,4953.35,4941.12,4933.25,4931.02,4939.4,4963.2,4967.0,4965.7
INDIGO,VWAP,,,,,,,,,,,4941.33,4946.75,4951.68,4953.04
INDIGO,CASH VOL,404828,592514,123986,46.71,48.94,,,,,,7894,29452,39302,45934
INDIGO,F&O VOL,24964,41661,,,,,,,,,900,3626,5495,6536
INDIGO,F&O OI,59350,57324,,,,,,,,,59517,59566,59438,59384
INDIGO,CALL VOL,12371,15030,,,,,,,,,600,2129,3205,3703
INDIGO,CALL OI,7731,6785,,,,,,,,,7841,7879,7766,7787
INDIGO,PUT VOL,5567,11263,,,,,,,,,114,658,1001,1272
INDIGO,PUT OI,5226,4831,,,,,,,,,5234,5286,5261,5254
INDIGO,CALL SPRD,,,,,,,,,,,0.65,1.47,0.82,0.93
INDIGO,PUT SPRD,,,,,,,,,,,1.3,1.97,0.88,1.04
INDIGO,CALL OI FIX,7731,,,,,,,,,,7841,7879,7766,7787
INDIGO,PUT OI FIX,5226,,,,,,,,,,5234,5286,5261,5254
INDIGO,CALL DOI,,,,,,,,,,,561616,597215,587152,585740
INDIGO,PUT DOI,,,,,,,,,,,-339911,-321824,-318311,-322279
INDIGO,CALL GEX,,,,,,,,,,,62980,60209,57626,64735
INDIGO,PUT GEX,,,,,,,,,,,39323,41651,43912,39436
INDIGO,GEX STRIKE,,,,,,,,,,,5000.0,5000.0,5000.0,5000.0
INDIGO,EXPIRY,,,,,,,,,,,2026-10-27,2026-10-27,2026-10-27,2026-10-27
INDIGO,ATM IV,,,,,,,,,,,29.91,29.74,29.57,29.46
INDUSINDBK,PRICE,886.6,886.85,,,,886.0,890.48,887.89,895.5,889.73,894.1,897.7,900.3,898.75
INDUSINDBK,VWAP,,,,,,,,,,,890.55,892.58,895.36,896.85
INDUSINDBK,CASH VOL,2459043,1761249,699933,59.97,52.0,,,,,,77538,126020,201829,288040
INDUSINDBK,F&O VOL,14672,13374,,,,,,,,,1390,3235,5101,7311
INDUSINDBK,F&O OI,78428,76613,,,,,,,,,78428,78372,78299,78381
INDUSINDBK,CALL VOL,6421,4458,,,,,,,,,899,1642,2677,3798
INDUSINDBK,CALL OI,5012,4299,,,,,,,,,4384,4898,4823,4897
INDUSINDBK,PUT VOL,3251,3924,,,,,,,,,419,824,1243,1691
INDUSINDBK,PUT OI,5378,5206,,,,,,,,,4702,5420,5456,5488
INDUSINDBK,CALL SPRD,,,,,,,,,,,0.76,0.75,0.87,0.87
INDUSINDBK,PUT SPRD,,,,,,,,,,,0.68,1.15,1.03,1.0
INDUSINDBK,CALL OI FIX,4480,,,,,,,,,,4384,4335,4258,4329
INDUSINDBK,PUT OI FIX,4682,,,,,,,,,,4702,4726,4762,4793
INDUSINDBK,CALL DOI,,,,,,,,,,,1433006,1573007,1601522,1585664
INDUSINDBK,PUT DOI,,,,,,,,,,,-1558631,-1886891,-1831846,-1901475
INDUSINDBK,CALL GEX,,,,,,,,,,,150430,170490,159319,173771
INDUSINDBK,PUT GEX,,,,,,,,,,,163332,184660,192069,182296
INDUSINDBK,GEX STRIKE,,,,,,,,,,,900.0,900.0,900.0,900.0
INDUSINDBK,EXPIRY,,,,,,,,,,,2026-10-27,2026-10-27,2026-10-27,2026-10-27
INDUSINDBK,ATM IV,,,,,,,,,,,31.18,30.77,30.74,31.62
INDUSTOWER,PRICE,380.2,376.25,,,,382.8,379.58,378.35,374.21,370.12,386.3,388.3,388.6,388.2
INDUSTOWER,VWAP,,,,,,,,,,,385.42,386.5,387.52,387.63
INDUSTOWER,CASH VOL,5862757,9498411,1715541,67.35,55.45,,,,,,253811,561553,876682,1009067
INDUSTOWER,F&O VOL,9586,28945,,,,,,,,,1896,5021,9670,10795
INDUSTOWER,F&O OI,64623,65187,,,,,,,,,64693,65003,66080,66428
INDUSTOWER,CALL VOL,4694,13857,,,,,,,,,1283,2717,4914,5559
INDUSTOWER,CALL OI,7219,7157,,,,,,,,,7270,7162,7510,7681
INDUSTOWER,PUT VOL,1357,3915,,,,,,,,,381,1014,2023,2256
INDUSTOWER,PUT OI,2157,1696,,,,,,,,,2576,2309,2694,2777
INDUSTOWER,CALL SPRD,,,,,,,,,,,1.4,1.08,1.04,1.06
INDUSTOWER,PUT SPRD,,,,,,,,,,,2.74,2.4,1.05,1.57
INDUSTOWER,CALL OI FIX,7125,,,,,,,,,,6979,7076,7439,7599
INDUSTOWER,PUT OI FIX,2586,,,,,,,,,,2646,2738,3373,3470
INDUSTOWER,CALL DOI,,,,,,,,,,,7182385,7287259,7496507,7683257
INDUSTOWER,PUT DOI,,,,,,,,,,,-1352254,-1213279,-1451600,-1562353
INDUSTOWER,CALL GEX,,,,,,,,,,,732754,715317,678819,787081
INDUSTOWER,PUT GEX,,,,,,,,,,,194789,181159,232173,236696
INDUSTOWER,GEX STRIKE,,,,,,,,,,,380.0,380.0,380.0,380.0
INDUSTOWER,EXPIRY,,,,,,,,,,,2026-10-27,2026-10-27,2026-10-27,2026-10-27
INDUSTOWER,ATM IV,,,,,,,,,,,27.36,26.81,26.41,25.57
INFY,PRICE,1020.5,1035.0,,,,1018.0,1031.15,1024.05,1025.9,1007.7,1020.15,1013.45,1013.45,1013.4
INFY,VWAP,,,,,,,,,,,1018.05,1016.78,1015.82,1014.94
INFY,CASH VOL,12126808,15166446,1686494,41.92,51.96,,,,,,276452,497908,643014,807259
INFY,F&O VOL,228967,268503,,,,,,,,,5052,11008,15047,18853
INFY,F&O OI,302985,306784,,,,,,,,,303965,304112,304058,304433
INFY,CALL VOL,97771,117667,,,,,,,,,2124,4442,6152,7989
INFY,CALL OI,47999,45322,,,,,,,,,48056,48235,48346,48607
INFY,PUT VOL,56913,63357,,,,,,,,,1138,2735,3966,4884
INFY,PUT OI,37488,38016,,,,,,,,,37636,37615,37703,37808
INFY,CALL SPRD,,,,,,,,,,,0.25,0.55,0.42,0.41
INFY,PUT SPRD,,,,,,,,,,,0.58,0.54,0.53,0.67
INFY,CALL OI FIX,47999,,,,,,,,,,48056,48235,48346,48607
INFY,PUT OI FIX,37488,,,,,,,,,,37636,37615,37703,37808
INFY,CALL DOI,,,,,,,,,,,8386995,7928974,7933179,7992117
INFY,PUT DOI,,,,,,,,,,,-5823878,-6185653,-6190278,-6195012
INFY,CALL GEX,,,,,,,,,,,773002,754921,762942,757302
INFY,PUT GEX,,,,,,,,,,,540946,552985,547642,556941
INFY,GEX STRIKE,,,,,,,,,,,1040.0,1000.0,1000.0,1000.0
INFY,EXPIRY,,,,,,,,,,,2026-10-27,2026-10-27,2026-10-27,2026-10-27
INFY,ATM IV,,,,,,,,,,,37.89,38.02,37.97,37.92
INOXWIND,PRICE,67.8,68.75,,,,68.01,68.74,68.11,70.97,69.49,67.94,68.48,68.57,68.85
INOXWIND,VWAP,,,,,,,,,,,67.95,68.12,68.18,68.29
INOXWIND,CASH VOL,5978012,9972133,1798247,36.36,39.0,,,,,,311887,569390,729688,917025
INOXWIND,F&O VOL,3721,5599,,,,,,,,,133,236,331,566
INOXWIND,F&O OI,25336,24673,,,,,,,,,25351,25365,25372,25400
INOXWIND,CALL VOL,1368,1684,,,,,,,,,56,109,145,276
INOXWIND,CALL OI,1831,1421,,,,,,,,,1842,1856,1859,1894
INOXWIND,PUT VOL,444,732,,,,,,,,,21,23,12,56
INOXWIND,PUT OI,1142,1032,,,,,,,,,1171,1171,1146,1157
INOXWIND,CALL SPRD,,,,,,,,,,,175.17,175.17,2.58,3.13
INOXWIND,PUT SPRD,,,,,,,,,,,153.81,46.15,4.9,2.48
INOXWIND,CALL OI FIX,1831,,,,,,,,,,1842,1856,1859,1894
INOXWIND,PUT OI FIX,1163,,,,,,,,,,1171,1171,1167,1179
INOXWIND,CALL DOI,,,,,,,,,,,4918014,5277991,5380272,5606274
INOXWIND,PUT DOI,,,,,,,,,,,-3978349,-3769409,-3696949,-3526366
INOXWIND,CALL GEX,,,,,,,,,,,457590,493304,486934,507320
INOXWIND,PUT GEX,,,,,,,,,,,290665,289920,285602,280251
INOXWIND,GEX STRIKE,,,,,,,,,,,70.0,70.0,70.0,70.0
INOXWIND,EXPIRY,,,,,,,,,,,2026-10-27,2026-10-27,2026-10-27,2026-10-27
INOXWIND,ATM IV,,,,,,,,,,,42.02,42.02,39.27,37.51
IOC,PRICE,130.5,131.34,,,,131.0,132.07,131.02,133.5,132.06,129.72,129.9,130.13,130.13
IOC,VWAP,,,,,,,,,,,130.33,130.08,130.06,130.06
IOC,CASH VOL,9644919,12239747,1866833,50.19,51.62,,,,,,675515,1232161,1532191,1699524
IOC,F&O VOL,12060,11366,,,,,,,,,569,1505,1934,2301
IOC,F&O OI,40618,39795,,,,,,,,,40765,40783,40850,40878
IOC,CALL VOL,1498,852,,,,,,,,,145,333,406,506
IOC,CALL OI,1049,754,,,,,,,,,1026,1126,1143,1157
IOC,PUT VOL,2439,2475,,,,,,,,,97,271,294,347
IOC,PUT OI,1835,1427,,,,,,,,,1827,1807,1807,1802
IOC,CALL SPRD,,,,,,,,,,,1.12,0.87,1.4,1.15
IOC,PUT SPRD,,,,,,,,,,,0.95,1.25,0.33,1.68
IOC,CALL OI FIX,1049,,,,,,,,,,1026,1126,1143,1157
IOC,PUT OI FIX,1835,,,,,,,,,,1827,1807,1807,1802
IOC,CALL DOI,,,,,,,,,,,2320325,2611731,2728005,2756912
IOC,PUT DOI,,,,,,,,,,,-4249860,-4127215,-4031644,-4019701
IOC,CALL GEX,,,,,,,,,,,324897,357756,352964,375837
IOC,PUT GEX,,,,,,,,,,,506744,495060,511351,516215
IOC,GEX STRIKE,,,,,,,,,,,130.0,130.0,130.0,130.0
IOC,EXPIRY,,,,,,,,,,,2026-10-27,2026-10-27,2026-10-27,2026-10-27
IOC,ATM IV,,,,,,,,,,,26.9,26.77,26.41,25.68
IREDA,PRICE,109.0,111.0,,,,110.0,110.18,109.39,112.96,111.65,109.4,109.76,109.67,109.95
IREDA,VWAP,,,,,,,,,,,109.54,109.57,109.71,109.75
IREDA,CASH VOL,4155590,5290233,960998,36.7,41.04,,,,,,234182,367002,624657,760266
IREDA,F&O VOL,6467,8699,,,,,,,,,100,275,813,1077
IREDA,F&O OI,32347,31643,,,,,,,,,32371,32406,32181,32146
IREDA,CALL VOL,2089,2003,,,,,,,,,31,118,267,371
IREDA,CALL OI,2184,1920,,,,,,,,,2269,2198,2201,2182
IREDA,PUT VOL,451,779,,,,,,,,,1,16,28,50
IREDA,PUT OI,2095,1930,,,,,,,,,2568,2094,2090,2077
IREDA,CALL SPRD,,,,,,,,,,,2.48,1.03,0.67,1.29
IREDA,PUT SPRD,,,,,,,,,,,25.53,1.79,1.62,1.22
IREDA,CALL OI FIX,2260,,,,,,,,,,2269,2274,2277,2258
IREDA,PUT OI FIX,2568,,,,,,,,,,2568,2567,2563,2553
IREDA,CALL DOI,,,,,,,,,,,5199756,5176244,5148809,5247356
IREDA,PUT DOI,,,,,,,,,,,-5192740,-4414435,-4436928,-4320350
IREDA,CALL GEX,,,,,,,,,,,619958,604378,587599,611961
IREDA,PUT GEX,,,,,,,,,,,406237,339862,354524,344333
IREDA,GEX STRIKE,,,,,,,,,,,110.0,110.0,110.0,110.0
IREDA,EXPIRY,,,,,,,,,,,2026-10-27,2026-10-27,2026-10-27,2026-10-27
IREDA,ATM IV,,,,,,,,,,,40.05,35.57,34.85,34.51
IRFC,PRICE,76.5,77.06,,,,76.98,77.08,76.69,79.0,77.71,76.86,77.33,77.25,77.64
IRFC,VWAP,,,,,,,,,,,76.7,76.96,77.09,77.18
IRFC,CASH VOL,8816833,12764829,2461091,39.57,36.45,,,,,,434951,1063153,1490083,1856531
IRFC,F&O VOL,7830,14764,,,,,,,,,227,919,1503,2222
IRFC,F&O OI,37642,37050,,,,,,,,,37629,37426,37251,37096
IRFC,CALL VOL,4007,6058,,,,,,,,,142,615,961,1353
IRFC,CALL OI,5873,5464,,,,,,,,,5648,5461,5273,5303
IRFC,PUT VOL,775,2265,,,,,,,,,42,116,174,277
IRFC,PUT OI,4297,4290,,,,,,,,,4603,4590,4605,4319
IRFC,CALL SPRD,,,,,,,,,,,2.54,0.93,1.79,1.01
IRFC,PUT SPRD,,,,,,,,,,,1.38,1.14,1.6,1.06
IRFC,CALL OI FIX,5043,,,,,,,,,,5028,4845,4661,4491
IRFC,PUT OI FIX,4671,,,,,,,,,,4662,4649,4664,4690
IRFC,CALL DOI,,,,,,,,,,,11416704,11844518,11276018,11667614
IRFC,PUT DOI,,,,,,,,,,,-11221318,-10591096,-10820728,-10131044
IRFC,CALL GEX,,,,,,,,,,,1648622,1616219,1487481,1609157
IRFC,PUT GEX,,,,,,,,,,,891663,906662,993931,893496
IRFC,GEX STRIKE,,,,,,,,,,,80.0,80.0,80.0,80.0
IRFC,EXPIRY,,,,,,,,,,,2026-10-27,2026-10-27,2026-10-27,2026-10-27
IRFC,ATM IV,,,,,,,,,,,33.24,32.55,32.2,32.52
ITC,PRICE,268.9,255.9,,,,269.0,267.4,264.4,261.98,257.92,268.1,267.5,266.7,266.55
ITC,VWAP,,,,,,,,,,,268.13,267.82,267.63,267.55
ITC,CASH VOL,49020716,16447266,18477850,62.17,60.19,,,,,,787560,2384895,2956317,3220747
ITC,F&O VOL,184277,75823,,,,,,,,,3679,6693,10405,13161
ITC,F&O OI,162931,148842,,,,,,,,,162887,162964,162848,162838
ITC,CALL VOL,97759,42743,,,,,,,,,1997,3743,5357,7089
ITC,CALL OI,26155,24212,,,,,,,,,26116,26200,26128,26158
ITC,PUT VOL,38136,12182,,,,,,,,,1112,1836,2770,3719
ITC,PUT OI,19525,15433,,,,,,,,,19498,19539,19416,19280
ITC,CALL SPRD,,,,,,,,,,,1.71,1.87,1.96,2.0
ITC,PUT SPRD,,,,,,,,,,,2.33,2.17,2.13,2.08
ITC,CALL OI FIX,25825,,,,,,,,,,25759,25860,25785,25819
ITC,PUT OI FIX,15959,,,,,,,,,,15909,15954,15803,15673
ITC,CALL DOI,,,,,,,,,,,23436359,22660135,21868614,21434355
ITC,PUT DOI,,,,,,,,,,,-11835520,-12336737,-12922539,-12902328
ITC,CALL GEX,,,,,,,,,,,3521624,3499597,3842186,3523316
ITC,PUT GEX,,,,,,,,,,,2170581,2240704,2152046,2262592
ITC,GEX STRIKE,,,,,,,,,,,270.0,270.0,270.0,270.0
ITC,EXPIRY,,,,,,,,,,,2026-10-27,2026-10-27,2026-10-27,2026-10-27
ITC,ATM IV,,,,,,,,,,,19.3,19.64,19.13,19.18
JINDALSTEL,PRICE,1097.3,1100.5,,,,1090.0,1101.25,1098.62,1119.5,1106.83,1045.2,1054.0,1064.6,1069.5
JINDALSTEL,VWAP,,,,,,,,,,,1053.13,1055.06,1056.24,1059.99
JINDALSTEL,CASH VOL,444005,862948,171474,40.1,42.8,,,,,,312911,804559,1133115,1718910
JINDALSTEL,F&O VOL,10141,21892,,,,,,,,,4961,17917,24953,28677
JINDALSTEL,F&O OI,34140,35181,,,,,,,,,35658,39108,39618,40113
JINDALSTEL,CALL VOL,3857,4411,,,,,,,,,1781,6522,8667,9904
JINDALSTEL,CALL OI,2385,2879,,,,,,,,,2232,3672,3764,3840
JINDALSTEL,PUT VOL,2377,8240,,,,,,,,,2799,8354,11456,13179
JINDALSTEL,PUT OI,4743,4542,,,,,,,,,5114,7140,7439,7639
JINDALSTEL,CALL SPRD,,,,,,,,,,,26.34,1.32,0.99,1.64
JINDALSTEL,PUT SPRD,,,,,,,,,,,1.52,1.34,0.92,1.37
JINDALSTEL,CALL OI FIX,3455,,,,,,,,,,3930,4798,4879,4961
JINDALSTEL,PUT OI FIX,5130,,,,,,,,,,5695,7295,7487,7574
JINDALSTEL,CALL DOI,,,,,,,,,,,286775,577341,728471,763466
JINDALSTEL,PUT DOI,,,,,,,,,,,-2048231,-2468367,-2487869,-2291860
JINDALSTEL,CALL GEX,,,,,,,,,,,56835,96278,103431,117408
JINDALSTEL,PUT GEX,,,,,,,,,,,112448,188122,205382,208598
JINDALSTEL,GEX STRIKE,,,,,,,,,,,1120.0,1080.0,1080.0,1080.0
JINDALSTEL,EXPIRY,,,,,,,,,,,2026-10-27,2026-10-27,2026-10-27,2026-10-27
JINDALSTEL,ATM IV,,,,,,,,,,,42.84,31.36,31.73,30.22
JIOFIN,PRICE,212.0,212.5,,,,212.9,212.25,212.08,217.75,214.25,212.48,214.68,216.38,216.2
JIOFIN,VWAP,,,,,,,,,,,212.5,213.35,214.17,214.67
JIOFIN,CASH VOL,16101981,28082023,3368416,51.48,41.21,,,,,,843989,2065922,3465618,4392644
JIOFIN,F&O VOL,39218,76238,,,,,,,,,986,4822,11344,17548
JIOFIN,F&O OI,166291,165083,,,,,,,,,166396,166150,165697,165341
JIOFIN,CALL VOL,14966,24142,,,,,,,,,466,2046,6150,7067
JIOFIN,CALL OI,12229,13022,,,,,,,,,12378,12122,18497,11845
JIOFIN,PUT VOL,6206,15527,,,,,,,,,226,1050,1956,2817
JIOFIN,PUT OI,14209,13661,,,,,,,,,15378,14215,16971,14300
JIOFIN,CALL SPRD,,,,,,,,,,,0.87,0.75,0.32,0.52
JIOFIN,PUT SPRD,,,,,,,,,,,1.24,1.01,1.43,0.59
JIOFIN,CALL OI FIX,12342,,,,,,,,,,12378,12225,12130,11969
JIOFIN,PUT OI FIX,15399,,,,,,,,,,15378,15390,15447,15457
JIOFIN,CALL DOI,,,,,,,,,,,12032463,12564067,17740693,13126460
JIOFIN,PUT DOI,,,,,,,,,,,-18357275,-16577265,-20420614,-15416118
JIOFIN,CALL GEX,,,,,,,,,,,1408355,1374962,1866294,1439515
JIOFIN,PUT GEX,,,,,,,,,,,1772572,1766675,2285585,1679116
JIOFIN,GEX STRIKE,,,,,,,,,,,220.0,220.0,220.0,220.0
JIOFIN,EXPIRY,,,,,,,,,,,2026-10-27,2026-10-27,2026-10-27,2026-10-27
JIOFIN,ATM IV,,,,,,,,,,,30.73,30.82,29.97,30.74
JSWENERGY,PRICE,491.8,485.0,,,,492.0,490.38,487.52,490.75,486.92,495.25,495.3,496.0,496.0
JSWENERGY,VWAP,,,,,,,,,,,494.37,494.87,495.87,495.86
JSWENERGY,CASH VOL,1014257,1851516,230782,54.67,54.74,,,,,,121298,220581,396748,410101
JSWENERGY,F&O VOL,2833,5574,,,,,,,,,395,824,1443,1605
JSWENERGY,F&O OI,32500,32469,,,,,,,,,32479,32458,32414,32408
JSWENERGY,CALL VOL,1363,2662,,,,,,,,,325,557,993,1102
JSWENERGY,CALL OI,2861,2735,,,,,,,,,2813,2784,2736,2748
JSWENERGY,PUT VOL,275,1219,,,,,,,,,30,72,149,169
JSWENERGY,PUT OI,1968,1994,,,,,,,,,1972,1956,1956,1947
JSWENERGY,CALL SPRD,,,,,,,,,,,2.27,1.11,1.44,1.08
JSWENERGY,PUT SPRD,,,,,,,,,,,2.89,0.98,2.0,2.02
JSWENERGY,CALL OI FIX,2358,,,,,,,,,,2323,2295,2258,2268
JSWENERGY,PUT OI FIX,1787,,,,,,,,,,1791,1775,1775,1766
JSWENERGY,CALL DOI,,,,,,,,,,,1091296,1078699,1093087,1088545
JSWENERGY,PUT DOI,,,,,,,,,,,-945298,-941444,-919427,-917768
JSWENERGY,CALL GEX,,,,,,,,,,,133521,135493,127131,132894
JSWENERGY,PUT GEX,,,,,,,,,,,93722,90607,93234,89596
JSWENERGY,GEX STRIKE,,,,,,,,,,,500.0,500.0,500.0,500.0
JSWENERGY,EXPIRY,,,,,,,,,,,2026-10-27,2026-10-27,2026-10-27,2026-10-27
JSWENERGY,ATM IV,,,,,,,,,,,30.12,30.19,29.71,30.14
JSWSTEEL,PRICE,1235.3,1233.0,,,,1241.9,1240.55,1237.05,1246.6,1237.53,1238.8,1242.3,1243.1,1243.6
JSWSTEEL,VWAP,,,,,,,,,,,1238.07,1240.54,1241.31,1242.48
JSWSTEEL,CASH VOL,1047395,3158301,304676,57.36,58.44,,,,,,51321,77472,100353,145005
JSWSTEEL,F&O VOL,9512,29004,,,,,,,,,241,1320,1820,2437
JSWSTEEL,F&O OI,74012,72423,,,,,,,,,74055,74194,74299,74248
JSWSTEEL,CALL VOL,2225,6195,,,,,,,,,80,355,496,659
JSWSTEEL,CALL OI,3002,2706,,,,,,,,,3013,3031,3045,3032
JSWSTEEL,PUT VOL,2193,7899,,,,,,,,,67,359,462,676
JSWSTEEL,PUT OI,3921,3814,,,,,,,,,3936,4020,4050,4019
JSWSTEEL,CALL SPRD,,,,,,,,,,,2.25,1.37,1.48,1.92
JSWSTEEL,PUT SPRD,,,,,,,,,,,2.39,1.26,1.51,1.37
JSWSTEEL,CALL OI FIX,3002,,,,,,,,,,3013,3031,3045,3032
JSWSTEEL,PUT OI FIX,3921,,,,,,,,,,3936,4020,4050,4019
JSWSTEEL,CALL DOI,,,,,,,,,,,869336,908123,925096,925050
JSWSTEEL,PUT DOI,,,,,,,,,,,-1212379,-1182587,-1178154,-1160832
JSWSTEEL,CALL GEX,,,,,,,,,,,132985,134313,132825,133729
JSWSTEEL,PUT GEX,,,,,,,,,,,151343,154522,160321,159348
JSWSTEEL,GEX STRIKE,,,,,,,,,,,1280.0,1280.0,1280.0,1280.0
JSWSTEEL,EXPIRY,,,,,,,,,,,2026-10-27,2026-10-27,2026-10-27,2026-10-27
JSWSTEEL,ATM IV,,,,,,,,,,,25.42,25.26,25.13,24.49
JUBLFOOD,PRICE,445.7,443.4,,,,445.55,444.89,443.27,461.77,449.52,448.55,453.75,451.7,452.55
JUBLFOOD,VWAP,,,,,,,,,,,447.33,450.05,450.65,450.8
JUBLFOOD,CASH VOL,949778,1560787,224064,48.6,46.12,,,,,,40411,99213,131289,148740
JUBLFOOD,F&O VOL,5860,9048,,,,,,,,,94,871,1479,1666
JUBLFOOD,F&O OI,24057,23749,,,,,,,,,24064,24070,24054,24075
JUBLFOOD,CALL VOL,2348,3153,,,,,,,,,56,349,627,761
JUBLFOOD,CALL OI,2126,1753,,,,,,,,,1744,2098,1717,2107
JUBLFOOD,PUT VOL,1170,1796,,,,,,,,,27,156,280,260
JUBLFOOD,PUT OI,1482,1282,,,,,,,,,1309,1507,1372,1558
JUBLFOOD,CALL SPRD,,,,,,,,,,,2.26,1.28,1.16,1.7
JUBLFOOD,PUT SPRD,,,,,,,,,,,4.08,2.35,1.52,1.95
JUBLFOOD,CALL OI FIX,1691,,,,,,,,,,1688,1659,1665,1670
JUBLFOOD,PUT OI FIX,1461,,,,,,,,,,1464,1500,1530,1545
JUBLFOOD,CALL DOI,,,,,,,,,,,1008039,1250624,1061139,1212378
JUBLFOOD,PUT DOI,,,,,,,,,,,-659011,-936439,-648073,-988003
JUBLFOOD,CALL GEX,,,,,,,,,,,100641,113654,95769,120782
JUBLFOOD,PUT GEX,,,,,,,,,,,65973,79994,70611,82364
JUBLFOOD,GEX STRIKE,,,,,,,,,,,460.0,480.0,460.0,480.0
JUBLFOOD,EXPIRY,,,,,,,,,,,2026-10-27,2026-10-27,2026-10-27,2026-10-27
JUBLFOOD,ATM IV,,,,,,,,,,,35.78,36.2,35.06,34.74
KALYANKJIL,PRICE,556.85,528.5,,,,557.0,553.58,547.03,551.25,536.08,566.2,576.6,570.35,573.0
KALYANKJIL,VWAP,,,,,,,,,,,562.7,569.23,572.47,572.63
KALYANKJIL,CASH VOL,13447714,7831270,3352083,15.11,31.1,,,,,,752443,2570714,5214189,6375758
KALYANKJIL,F&O VOL,76118,47538,,,,,,,,,2917,12176,30567,36673
KALYANKJIL,F&O OI,37589,36888,,,,,,,,,37743,38334,39527,39948
KALYANKJIL,CALL VOL,41544,18604,,,,,,,,,2163,8500,17550,20295
KALYANKJIL,CALL OI,8385,7788,,,,,,,,,8469,8624,8751,9052
KALYANKJIL,PUT VOL,13554,11006,,,,,,,,,659,2048,6210,7122
KALYANKJIL,PUT OI,5991,5135,,,,,,,,,6030,5496,6751,6693
KALYANKJIL,CALL SPRD,,,,,,,,,,,0.84,0.63,0.97,0.93
KALYANKJIL,PUT SPRD,,,,,,,,,,,1.21,0.75,0.21,0.88
KALYANKJIL,CALL OI FIX,7487,,,,,,,,,,7561,7470,7724,8004
KALYANKJIL,PUT OI FIX,6111,,,,,,,,,,6152,6432,6890,6832
KALYANKJIL,CALL DOI,,,,,,,,,,,5208253,5805334,5540816,5916371
KALYANKJIL,PUT DOI,,,,,,,,,,,-3173032,-2746518,-3489508,-3333798
KALYANKJIL,CALL GEX,,,,,,,,,,,365582,401333,424483,422520
KALYANKJIL,PUT GEX,,,,,,,,,,,271614,226717,271945,271527
KALYANKJIL,GEX STRIKE,,,,,,,,,,,600.0,600.0,600.0,600.0
KALYANKJIL,EXPIRY,,,,,,,,,,,2026-10-27,2026-10-27,2026-10-27,2026-10-27
KALYANKJIL,ATM IV,,,,,,,,,,,45.02,45.61,44.98,45.59
KAYNES,PRICE,3394.8,3399.0,,,,3430.8,3422.5,3404.03,3522.2,3440.07,3354.8,3356.5,3360.0,3368.0
KAYNES,VWAP,,,,,,,,,,,3376.47,3358.81,3359.35,3359.73
KAYNES,CASH VOL,706676,964281,140783,17.09,24.82,,,,,,83891,179567,268172,282737
KAYNES,F&O VOL,11620,18733,,,,,,,,,686,2918,5363,5827
KAYNES,F&O OI,39532,38647,,,,,,,,,39727,40431,40673,40686
KAYNES,CALL VOL,4139,5808,,,,,,,,,440,1280,2046,2189
KAYNES,CALL OI,3814,3592,,,,,,,,,3940,4209,4267,4278
KAYNES,PUT VOL,3221,3685,,,,,,,,,140,717,1395,1595
KAYNES,PUT OI,4537,4386,,,,,,,,,4557,4640,4782,4793
KAYNES,CALL SPRD,,,,,,,,,,,3.7,0.91,2.25,1.67
KAYNES,PUT SPRD,,,,,,,,,,,3.7,1.41,1.75,1.7
KAYNES,CALL OI FIX,4089,,,,,,,,,,4215,4484,4543,4557
KAYNES,PUT OI FIX,4411,,,,,,,,,,4431,4514,4644,4654
KAYNES,CALL DOI,,,,,,,,,,,196709,214111,229194,227984
KAYNES,PUT DOI,,,,,,,,,,,-332505,-335777,-343438,-338071
KAYNES,CALL GEX,,,,,,,,,,,22060,24470,23374,25429
KAYNES,PUT GEX,,,,,,,,,,,18355,17881,20385,19283
KAYNES,GEX STRIKE,,,,,,,,,,,3600.0,3600.0,3600.0,3600.0
KAYNES,EXPIRY,,,,,,,,,,,2026-10-27,2026-10-27,2026-10-27,2026-10-27
KAYNES,ATM IV,,,,,,,,,,,45.97,47.61,45.47,45.23
KEI,PRICE,4638.2,4502.0,,,,4626.2,4619.27,4581.4,4546.35,4516.78,4600.0,4590.5,4596.4,4619.0
KEI,VWAP,,,,,,,,,,,4606.4,4598.88,4597.64,4601.36
KEI,CASH VOL,275897,320912,72712,38.49,43.82,,,,,,18187,29720,39696,51646
KEI,F&O VOL,17348,8961,,,,,,,,,240,683,1171,1599
KEI,F&O OI,20994,20526,,,,,,,,,20994,21053,21065,21087
KEI,CALL VOL,7903,4369,,,,,,,,,93,270,459,623
KEI,CALL OI,3776,3669,,,,,,,,,3797,3815,3823,3834
KEI,PUT VOL,5955,2148,,,,,,,,,124,378,555,738
KEI,PUT OI,4047,3585,,,,,,,,,4019,4060,4075,4085
KEI,CALL SPRD,,,,,,,,,,,1.73,1.84,0.55,0.71
KEI,PUT SPRD,,,,,,,,,,,1.8,1.65,0.84,0.48
KEI,CALL OI FIX,3776,,,,,,,,,,3797,3815,3823,3834
KEI,PUT OI FIX,4047,,,,,,,,,,4019,4060,4075,4085
KEI,CALL DOI,,,,,,,,,,,274411,269782,276298,288018
KEI,PUT DOI,,,,,,,,,,,-255434,-263259,-256737,-245784
KEI,CALL GEX,,,,,,,,,,,30770,30819,30088,31512
KEI,PUT GEX,,,,,,,,,,,27569,28197,29089,28060
KEI,GEX STRIKE,,,,,,,,,,,4700.0,4700.0,4700.0,4700.0
KEI,EXPIRY,,,,,,,,,,,2026-10-27,2026-10-27,2026-10-27,2026-10-27
KEI,ATM IV,,,,,,,,,,,34.2,33.76,33.08,33.07
KFINTECH,PRICE,867.5,832.0,,,,870.0,862.88,853.65,852.85,838.95,883.35,886.35,878.15,877.5
KFINTECH,VWAP,,,,,,,,,,,876.93,880.55,880.96,880.49
KFINTECH,CASH VOL,977572,857914,424249,41.74,45.86,,,,,,50311,109649,159205,176536
KFINTECH,F&O VOL,8113,3900,,,,,,,,,252,1271,2061,2403
KFINTECH,F&O OI,14188,13449,,,,,,,,,14155,14372,14397,14454
KFINTECH,CALL VOL,4168,1362,,,,,,,,,189,1022,1540,1771
KFINTECH,CALL OI,1891,1597,,,,,,,,,1873,2078,2093,2133
KFINTECH,PUT VOL,1295,587,,,,,,,,,20,110,247,276
KFINTECH,PUT OI,1485,1227,,,,,,,,,1486,1496,1498,1506
KFINTECH,CALL SPRD,,,,,,,,,,,1.44,1.57,1.33,1.78
KFINTECH,PUT SPRD,,,,,,,,,,,5.27,2.03,1.59,1.62
KFINTECH,CALL OI FIX,1866,,,,,,,,,,1848,2051,2066,2105
KFINTECH,PUT OI FIX,1772,,,,,,,,,,1773,1783,1779,1785
KFINTECH,CALL DOI,,,,,,,,,,,601325,702693,652349,641162
KFINTECH,PUT DOI,,,,,,,,,,,-276516,-274554,-303058,-307383
KFINTECH,CALL GEX,,,,,,,,,,,52516,59109,69583,71903
KFINTECH,PUT GEX,,,,,,,,,,,25197,25467,26249,26297
KFINTECH,GEX STRIKE,,,,,,,,,,,900.0,900.0,900.0,900.0
KFINTECH,EXPIRY,,,,,,,,,,,2026-10-27,2026-10-27,2026-10-27,2026-10-27
KFINTECH,ATM IV,,,,,,,,,,,45.39,36.23,36.08,36.19
KOTAKBANK,PRICE,416.0,418.35,,,,422.0,419.1,417.03,417.28,415.15,429.5,430.8,432.7,431.35
KOTAKBANK,VWAP,,,,,,,,,,,427.72,429.33,430.17,430.96
KOTAKBANK,CASH VOL,21967652,76637247,4369689,64.36,58.17,,,,,,3859485,5673932,8267772,10957218
KOTAKBANK,F&O VOL,61169,190714,,,,,,,,,19009,34448,47208,60514
KOTAKBANK,F&O OI,128445,122843,,,,,,,,,129231,129979,130837,132788
KOTAKBANK,CALL VOL,32039,89436,,,,,,,,,12444,20846,28305,34319
KOTAKBANK,CALL OI,23827,20931,,,,,,,,,23236,23544,23633,24178
KOTAKBANK,PUT VOL,13058,46799,,,,,,,,,3336,5834,8911,12413
KOTAKBANK,PUT OI,8573,7700,,,,,,,,,9117,9473,9307,10685
KOTAKBANK,CALL SPRD,,,,,,,,,,,0.98,0.95,0.56,0.93
KOTAKBANK,PUT SPRD,,,,,,,,,,,1.05,1.06,0.46,1.14
KOTAKBANK,CALL OI FIX,22529,,,,,,,,,,22314,22577,22794,22893
KOTAKBANK,PUT OI FIX,12849,,,,,,,,,,13449,13895,14526,15256
KOTAKBANK,CALL DOI,,,,,,,,,,,28507491,30156527,29995889,31138255
KOTAKBANK,PUT DOI,,,,,,,,,,,-6244624,-6319334,-6057607,-7124629
KOTAKBANK,CALL GEX,,,,,,,,,,,2750531,2845693,2725223,2981736
KOTAKBANK,PUT GEX,,,,,,,,,,,996136,983029,1038733,1153348
KOTAKBANK,GEX STRIKE,,,,,,,,,,,430.0,430.0,430.0,430.0
KOTAKBANK,EXPIRY,,,,,,,,,,,2026-10-27,2026-10-27,2026-10-27,2026-10-27
KOTAKBANK,ATM IV,,,,,,,,,,,24.19,24.39,23.8,23.18
KPITTECH,PRICE,489.5,492.0,,,,490.3,498.98,492.66,502.1,495.37,492.7,492.4,492.1,494.0
KPITTECH,VWAP,,,,,,,,,,,491.8,491.98,492.11,492.29
KPITTECH,CASH VOL,1394781,1989750,290896,28.82,28.42,,,,,,50845,85957,109456,146502
KPITTECH,F&O VOL,13222,13837,,,,,,,,,334,598,847,1117
KPITTECH,F&O OI,25641,25428,,,,,,,,,25688,25710,25699,25686
KPITTECH,CALL VOL,6681,6590,,,,,,,,,167,342,431,536
KPITTECH,CALL OI,3767,3473,,,,,,,,,3781,3796,3827,3822
KPITTECH,PUT VOL,2540,2928,,,,,,,,,108,165,255,304
KPITTECH,PUT OI,2853,2880,,,,,,,,,2871,2867,2854,2857
KPITTECH,CALL SPRD,,,,,,,,,,,1.44,0.74,0.98,1.39
KPITTECH,PUT SPRD,,,,,,,,,,,1.25,1.22,0.93,1.65
KPITTECH,CALL OI FIX,3767,,,,,,,,,,3781,3796,3827,3822
KPITTECH,PUT OI FIX,2853,,,,,,,,,,2871,2867,2854,2857
KPITTECH,CALL DOI,,,,,,,,,,,1058488,1049607,1051972,1083586
KPITTECH,PUT DOI,,,,,,,,,,,-1127908,-1130882,-1129981,-1090061
KPITTECH,CALL GEX,,,,,,,,,,,110610,110958,111454,115444
KPITTECH,PUT GEX,,,,,,,,,,,79878,79095,79576,77096
KPITTECH,GEX STRIKE,,,,,,,,,,,520.0,520.0,520.0,520.0
KPITTECH,EXPIRY,,,,,,,,,,,2026-10-27,2026-10-27,2026-10-27,2026-10-27
KPITTECH,ATM IV,,,,,,,,,,,39.12,39.2,38.92,38.92
LAURUSLABS,PRICE,1971.4,1984.0,,,,1968.9,1978.55,1973.78,1988.5,1985.5,1971.0,1970.0,1971.3,1977.0
LAURUSLABS,VWAP,,,,,,,,,,,1967.47,1970.36,1970.58,1977.92
LAURUSLABS,CASH VOL,1374138,1459687,280779,46.42,46.24,,,,,,40602,80269,101854,632639
LAURUSLABS,F&O VOL,14160,25981,,,,,,,,,342,756,955,2112
LAURUSLABS,F&O OI,40803,39595,,,,,,,,,40843,40857,40885,40765
LAURUSLABS,CALL VOL,4375,8821,,,,,,,,,126,237,272,653
LAURUSLABS,CALL OI,6014,5482,,,,,,,,,6009,5809,6031,6001
LAURUSLABS,PUT VOL,3456,6106,,,,,,,,,124,200,231,503
LAURUSLABS,PUT OI,3773,3729,,,,,,,,,3781,3818,3792,3801
LAURUSLABS,CALL SPRD,,,,,,,,,,,1.67,1.52,1.29,1.44
LAURUSLABS,PUT SPRD,,,,,,,,,,,1.6,1.24,1.37,1.56
LAURUSLABS,CALL OI FIX,6014,,,,,,,,,,6009,6030,6031,6001
LAURUSLABS,PUT OI FIX,3773,,,,,,,,,,3781,3795,3792,3801
LAURUSLABS,CALL DOI,,,,,,,,,,,2451484,2385119,2450808,2501480
LAURUSLABS,PUT DOI,,,,,,,,,,,-1360479,-1342569,-1369064,-1333485
LAURUSLABS,CALL GEX,,,,,,,,,,,236717,243807,250432,255386
LAURUSLABS,PUT GEX,,,,,,,,,,,145953,138183,138696,137923
LAURUSLABS,GEX STRIKE,,,,,,,,,,,2000.0,2000.0,2000.0,2000.0
LAURUSLABS,EXPIRY,,,,,,,,,,,2026-10-27,2026-10-27,2026-10-27,2026-10-27
LAURUSLABS,ATM IV,,,,,,,,,,,33.7,33.84,33.98,33.65
LICHSGFIN,PRICE,505.0,509.0,,,,505.3,508.4,506.13,536.98,518.32,502.05,502.9,504.25,504.0
LICHSGFIN,VWAP,,,,,,,,,,,504.5,503.45,503.76,503.8
LICHSGFIN,CASH VOL,1495045,5986497,267920,43.06,47.67,,,,,,57546,96602,140797,165295
LICHSGFIN,F&O VOL,11568,30391,,,,,,,,,179,758,1122,1236
LICHSGFIN,F&O OI,52665,51214,,,,,,,,,52700,52926,52946,52977
LICHSGFIN,CALL VOL,3379,5410,,,,,,,,,85,366,473,505
LICHSGFIN,CALL OI,2852,1625,,,,,,,,,1796,3045,3040,3042
LICHSGFIN,PUT VOL,1831,9205,,,,,,,,,42,113,179,202
LICHSGFIN,PUT OI,3299,3271,,,,,,,,,3087,3283,3275,3284
LICHSGFIN,CALL SPRD,,,,,,,,,,,2.56,2.02,2.31,1.63
LICHSGFIN,PUT SPRD,,,,,,,,,,,2.4,2.74,2.5,2.55
LICHSGFIN,CALL OI FIX,2852,,,,,,,,,,2878,3045,3040,3042
LICHSGFIN,PUT OI FIX,3299,,,,,,,,,,3296,3283,3275,3284
LICHSGFIN,CALL DOI,,,,,,,,,,,742666,1115374,1172388,1147259
LICHSGFIN,PUT DOI,,,,,,,,,,,-1359968,-1492339,-1428606,-1445545
LICHSGFIN,CALL GEX,,,,,,,,,,,93785,155577,151630,157216
LICHSGFIN,PUT GEX,,,,,,,,,,,153677,160151,167799,163195
LICHSGFIN,GEX STRIKE,,,,,,,,,,,500.0,500.0,500.0,500.0
LICHSGFIN,EXPIRY,,,,,,,,,,,2026-10-27,2026-10-27,2026-10-27,2026-10-27
LICHSGFIN,ATM IV,,,,,,,,,,,30.76,30.54,30.64,29.89
LICI,PRICE,388.7,391.85,,,,390.0,390.15,389.18,397.0,393.57,387.4,388.95,389.0,390.1
LICI,VWAP,,,,,,,,,,,388.05,388.27,388.5,388.7
LICI,CASH VOL,6242567,5862855,970822,57.05,52.54,,,,,,129211,275279,384872,480404
LICI,F&O VOL,14824,15077,,,,,,,,,221,524,1045,1704
LICI,F&O OI,51893,48676,,,,,,,,,51948,51986,52145,52177
LICI,CALL VOL,5539,5877,,,,,,,,,131,299,701,1209
LICI,CALL OI,6534,4871,,,,,,,,,6282,6584,6741,6789
LICI,PUT VOL,3721,3385,,,,,,,,,28,80,144,235
LICI,PUT OI,5731,5287,,,,,,,,,5873,5747,5757,5718
LICI,CALL SPRD,,,,,,,,,,,2.38,1.8,1.2,1.12
LICI,PUT SPRD,,,,,,,,,,,2.25,2.34,1.18,1.93
LICI,CALL OI FIX,6534,,,,,,,,,,6574,6584,6741,6789
LICI,PUT OI FIX,5731,,,,,,,,,,5739,5747,5757,5718
LICI,CALL DOI,,,,,,,,,,,2847230,3079040,3183001,3386824
LICI,PUT DOI,,,,,,,,,,,-4036887,-3840731,-3944005,-3738056
LICI,CALL GEX,,,,,,,,,,,565419,607660,626817,652559
LICI,PUT GEX,,,,,,,,,,,460546,460995,484920,465391
LICI,GEX STRIKE,,,,,,,,,,,400.0,400.0,400.0,400.0
LICI,EXPIRY,,,,,,,,,,,2026-10-27,2026-10-27,2026-10-27,2026-10-27
LICI,ATM IV,,,,,,,,,,,22.94,22.71,22.45,22.31
LODHA,PRICE,1132.5,1105.6,,,,1125.0,1128.67,1121.0,1124.15,1111.78,1136.9,1132.0,1131.0,1132.9
LODHA,VWAP,,,,,,,,,,,1132.27,1133.19,1131.96,1131.65
LODHA,CASH VOL,1495653,2249380,320445,61.56,54.2,,,,,,116472,264360,360901,483812
LODHA,F&O VOL,9713,11973,,,,,,,,,735,2073,2839,3394
LODHA,F&O OI,16146,15609,,,,,,,,,16366,17004,17076,17067
LODHA,CALL VOL,3426,3930,,,,,,,,,227,874,1149,1317
LODHA,CALL OI,2006,2044,,,,,,,,,2050,2360,2379,2358
LODHA,PUT VOL,2686,3708,,,,,,,,,410,987,1236,1416
LODHA,PUT OI,1835,1539,,,,,,,,,1956,2234,2243,2249
LODHA,CALL SPRD,,,,,,,,,,,1.18,1.13,0.92,1.39
LODHA,PUT SPRD,,,,,,,,,,,1.45,1.2,0.93,1.21
LODHA,CALL OI FIX,2006,,,,,,,,,,2050,2360,2379,2358
LODHA,PUT OI FIX,1835,,,,,,,,,,1956,2234,2243,2249
LODHA,CALL DOI,,,,,,,,,,,636626,709857,700785,710071
LODHA,PUT DOI,,,,,,,,,,,-431024,-531220,-542203,-531420
LODHA,CALL GEX,,,,,,,,,,,48497,59579,64484,61668
LODHA,PUT GEX,,,,,,,,,,,46831,54081,51581,53234
LODHA,GEX STRIKE,,,,,,,,,,,1100.0,1100.0,1100.0,1100.0
LODHA,EXPIRY,,,,,,,,,,,2026-10-27,2026-10-27,2026-10-27,2026-10-27
LODHA,ATM IV,,,,,,,,,,,39.14,37.99,37.53,37.79
LT,PRICE,3750.0,3693.4,,,,3742.5,3742.97,3728.9,3757.05,3714.62,3741.9,3738.5,3747.9,3746.7
LT,VWAP,,,,,,,,,,,3740.83,3740.91,3740.83,3742.25
LT,CASH VOL,2323437,2220932,505323,70.92,59.8,,,,,,34280,58045,81494,105074
LT,F&O VOL,44892,60272,,,,,,,,,870,2581,3557,4750
LT,F&O OI,122315,118846,,,,,,,,,122462,122677,122785,122820
LT,CALL VOL,22018,31476,,,,,,,,,608,1537,2053,2681
LT,CALL OI,19084,19183,,,,,,,,,19145,19366,19434,19495
LT,PUT VOL,10239,15058,,,,,,,,,188,472,644,927
LT,PUT OI,17924,17783,,,,,,,,,17940,17961,17976,17972
LT,CALL SPRD,,,,,,,,,,,0.73,0.88,0.75,0.43
LT,PUT SPRD,,,,,,,,,,,1.24,1.02,0.84,0.8
LT,CALL OI FIX,19084,,,,,,,,,,19145,19366,19434,19495
LT,PUT OI FIX,17924,,,,,,,,,,17940,17961,17976,17972
LT,CALL DOI,,,,,,,,,,,1142316,1116012,1174675,1159257
LT,PUT DOI,,,,,,,,,,,-1681948,-1704193,-1655552,-1666693
LT,CALL GEX,,,,,,,,,,,206707,213592,216327,222238
LT,PUT GEX,,,,,,,,,,,186940,187298,190508,189149
LT,GEX STRIKE,,,,,,,,,,,3800.0,3800.0,3800.0,3800.0
LT,EXPIRY,,,,,,,,,,,2026-10-27,2026-10-27,2026-10-27,2026-10-27
LT,ATM IV,,,,,,,,,,,21.6,21.37,21.3,21.0
LTF,PRICE,263.75,264.35,,,,264.0,265.35,264.28,272.6,267.1,263.3,263.65,263.45,263.55
LTF,VWAP,,,,,,,,,,,263.07,263.27,263.29,263.32
LTF,CASH VOL,4100927,7097076,637591,41.45,44.81,,,,,,87212,208529,295218,340710
LTF,F&O VOL,14293,22010,,,,,,,,,380,862,1223,1606
LTF,F&O OI,49698,47570,,,,,,,,,49713,49807,49827,49833
LTF,CALL VOL,5518,6259,,,,,,,,,189,352,532,618
LTF,CALL OI,7488,6456,,,,,,,,,7484,7507,7498,7498
LTF,PUT VOL,3340,7959,,,,,,,,,64,111,193,302
LTF,PUT OI,9607,9386,,,,,,,,,9608,9602,9604,9586
LTF,CALL SPRD,,,,,,,,,,,1.14,1.14,1.7,1.12
LTF,PUT SPRD,,,,,,,,,,,1.46,1.44,1.45,1.5
LTF,CALL OI FIX,7488,,,,,,,,,,7484,7507,7498,7498
LTF,PUT OI FIX,9607,,,,,,,,,,9608,9602,9604,9586
LTF,CALL DOI,,,,,,,,,,,5051570,5124288,5117631,5061835
LTF,PUT DOI,,,,,,,,,,,-10025526,-9907928,-9980670,-9950277
LTF,CALL GEX,,,,,,,,,,,614454,627336,619063,629883
LTF,PUT GEX,,,,,,,,,,,748040,732452,739383,737642
LTF,GEX STRIKE,,,,,,,,,,,280.0,280.0,280.0,280.0
LTF,EXPIRY,,,,,,,,,,,2026-10-27,2026-10-27,2026-10-27,2026-10-27
LTF,ATM IV,,,,,,,,,,,37.73,38.12,37.81,37.68
LTM,PRICE,4010.0,4007.0,,,,4011.9,4009.87,4009.6,4059.8,4024.6,4021.0,4008.9,4009.6,4006.0
LTM,VWAP,,,,,,,,,,,4014.33,4011.48,4011.27,4006.77
LTM,CASH VOL,216279,479221,47906,24.73,38.92,,,,,,7821,18799,20906,28656
LTM,F&O VOL,16221,16187,,,,,,,,,262,574,740,1259
LTM,F&O OI,42894,42433,,,,,,,,,42936,42911,42964,43063
LTM,CALL VOL,7311,6026,,,,,,,,,131,328,370,631
LTM,CALL OI,3820,3623,,,,,,,,,3859,3881,3898,3939
LTM,PUT VOL,2720,2819,,,,,,,,,35,98,109,205
LTM,PUT OI,3339,3187,,,,,,,,,3339,3321,3319,3385
LTM,CALL SPRD,,,,,,,,,,,1.62,1.4,1.58,1.09
LTM,PUT SPRD,,,,,,,,,,,2.34,1.51,1.44,1.58
LTM,CALL OI FIX,3820,,,,,,,,,,3859,3881,3898,3939
LTM,PUT OI FIX,3339,,,,,,,,,,3339,3321,3319,3385
LTM,CALL DOI,,,,,,,,,,,306017,297750,300493,300372
LTM,PUT DOI,,,,,,,,,,,-208091,-212106,-211641,-218063
LTM,CALL GEX,,,,,,,,,,,27821,28917,28756,29564
LTM,PUT GEX,,,,,,,,,,,17566,17408,17532,17608
LTM,GEX STRIKE,,,,,,,,,,,4000.0,4000.0,4000.0,4000.0
LTM,EXPIRY,,,,,,,,,,,2026-10-27,2026-10-27,2026-10-27,2026-10-27
LTM,ATM IV,,,,,,,,,,,37.48,37.25,37.25,37.91
LUPIN,PRICE,2011.0,2031.2,,,,2011.0,2012.65,2011.55,2051.4,2037.93,2008.8,2007.7,2007.1,2009.4
LUPIN,VWAP,,,,,,,,,,,2008.83,2008.32,2007.86,2009.79
LUPIN,CASH VOL,571495,825892,153532,56.47,55.73,,,,,,12515,22849,28468,50405
LUPIN,F&O VOL,10467,14027,,,,,,,,,184,375,581,1284
LUPIN,F&O OI,29355,29036,,,,,,,,,29381,29414,29442,29633
LUPIN,CALL VOL,3638,4142,,,,,,,,,75,133,243,668
LUPIN,CALL OI,2676,2839,,,,,,,,,2686,2695,2717,2814
LUPIN,PUT VOL,2797,4963,,,,,,,,,105,164,210,311
LUPIN,PUT OI,3863,3676,,,,,,,,,3872,3900,3905,3923
LUPIN,CALL SPRD,,,,,,,,,,,3.69,1.2,1.64,0.89
LUPIN,PUT SPRD,,,,,,,,,,,1.77,1.36,1.74,1.25
LUPIN,CALL OI FIX,2951,,,,,,,,,,2966,2967,2988,3096
LUPIN,PUT OI FIX,3889,,,,,,,,,,3895,3921,3924,3944
LUPIN,CALL DOI,,,,,,,,,,,363608,355685,356094,387493
LUPIN,PUT DOI,,,,,,,,,,,-865590,-875211,-878353,-873499
LUPIN,CALL GEX,,,,,,,,,,,74884,76584,77447,81039
LUPIN,PUT GEX,,,,,,,,,,,94748,94475,94759,97602
LUPIN,GEX STRIKE,,,,,,,,,,,2100.0,2100.0,2100.0,2100.0
LUPIN,EXPIRY,,,,,,,,,,,2026-10-27,2026-10-27,2026-10-27,2026-10-27
LUPIN,ATM IV,,,,,,,,,,,22.01,22.52,22.26,22.18
M&M,PRICE,2857.6,2860.0,,,,2849.0,2854.92,2849.55,2915.95,2878.65,2841.6,2841.7,2851.4,2846.3
M&M,VWAP,,,,,,,,,,,2846.4,2846.39,2846.73,2846.41
M&M,CASH VOL,3307236,5453321,683670,62.37,58.85,,,,,,86279,174156,217488,285127
M&M,F&O VOL,66667,143206,,,,,,,,,1450,4503,6994,9809
M&M,F&O OI,118257,112715,,,,,,,,,118486,118719,118895,119472
M&M,CALL VOL,31706,61294,,,,,,,,,923,2384,3838,4977
M&M,CALL OI,21043,19962,,,,,,,,,21234,21208,21352,21444
M&M,PUT VOL,22243,49880,,,,,,,,,591,1627,2683,3135
M&M,PUT OI,15395,12927,,,,,,,,,15422,15350,15387,15411
M&M,CALL SPRD,,,,,,,,,,,0.91,0.86,0.73,0.7
M&M,PUT SPRD,,,,,,,,,,,0.93,0.62,0.67,1.12
M&M,CALL OI FIX,21043,,,,,,,,,,21234,21208,21352,21444
M&M,PUT OI FIX,15395,,,,,,,,,,15422,15350,15387,15411
M&M,CALL DOI,,,,,,,,,,,1194517,1166458,1249171,1219537
M&M,PUT DOI,,,,,,,,,,,-1750024,-1743563,-1671627,-1685448
M&M,CALL GEX,,,,,,,,,,,205117,209289,218363,215047
M&M,PUT GEX,,,,,,,,,,,152564,151169,150324,153807
M&M,GEX STRIKE,,,,,,,,,,,3000.0,3000.0,3000.0,3000.0
M&M,EXPIRY,,,,,,,,,,,2026-10-27,2026-10-27,2026-10-27,2026-10-27
M&M,ATM IV,,,,,,,,,,,25.31,24.71,24.67,24.73
MANAPPURAM,PRICE,310.7,308.9,,,,311.4,311.5,310.97,317.0,311.6,311.2,312.2,310.35,311.35
MANAPPURAM,VWAP,,,,,,,,,,,311.27,311.67,311.61,311.5
MANAPPURAM,CASH VOL,3951162,7653852,993216,51.07,49.09,,,,,,144068,232798,328860,390642
MANAPPURAM,F&O VOL,4621,10375,,,,,,,,,129,195,279,367
MANAPPURAM,F&O OI,26898,26326,,,,,,,,,26972,26964,26974,27002
MANAPPURAM,CALL VOL,1847,4149,,,,,,,,,108,141,180,230
MANAPPURAM,CALL OI,2292,2121,,,,,,,,,2364,2364,2365,2370
MANAPPURAM,PUT VOL,757,2384,,,,,,,,,2,9,24,42
MANAPPURAM,PUT OI,1477,1541,,,,,,,,,1477,1477,1487,1488
MANAPPURAM,CALL SPRD,,,,,,,,,,,1.92,2.29,1.96,2.34
MANAPPURAM,PUT SPRD,,,,,,,,,,,8.2,2.56,3.0,1.27
MANAPPURAM,CALL OI FIX,2292,,,,,,,,,,2364,2364,2365,2370
MANAPPURAM,PUT OI FIX,1477,,,,,,,,,,1477,1477,1487,1488
MANAPPURAM,CALL DOI,,,,,,,,,,,3043150,3148759,2898954,3058733
MANAPPURAM,PUT DOI,,,,,,,,,,,-1942433,-1879310,-2008064,-1939879
MANAPPURAM,CALL GEX,,,,,,,,,,,360213,371398,371291,362386
MANAPPURAM,PUT GEX,,,,,,,,,,,193262,193902,195606,198477
MANAPPURAM,GEX STRIKE,,,,,,,,,,,320.0,320.0,320.0,320.0
MANAPPURAM,EXPIRY,,,,,,,,,,,2026-10-27,2026-10-27,2026-10-27,2026-10-27
MANAPPURAM,ATM IV,,,,,,,,,,,31.9,31.05,31.21,30.9
MANKIND,PRICE,2479.0,2535.0,,,,2481.0,2502.0,2486.67,2521.55,2494.65,2477.8,2471.0,2473.1,2470.5
MANKIND,VWAP,,,,,,,,,,,2478.7,2474.31,2473.7,2473.72
MANKIND,CASH VOL,527032,427905,120586,58.38,53.59,,,,,,4585,15182,20235,22648
MANKIND,F&O VOL,7546,9638,,,,,,,,,71,416,789,927
MANKIND,F&O OI,18495,17750,,,,,,,,,18500,18551,18553,18586
MANKIND,CALL VOL,2411,2366,,,,,,,,,44,238,372,433
MANKIND,CALL OI,1689,1655,,,,,,,,,1693,1678,1679,1687
MANKIND,PUT VOL,1607,1848,,,,,,,,,5,29,66,80
MANKIND,PUT OI,1554,1640,,,,,,,,,1556,1557,1558,1562
MANKIND,CALL SPRD,,,,,,,,,,,3.79,2.67,2.87,2.19
MANKIND,PUT SPRD,,,,,,,,,,,22.3,7.73,12.62,1.81
MANKIND,CALL OI FIX,1689,,,,,,,,,,1693,1678,1679,1687
MANKIND,PUT OI FIX,1554,,,,,,,,,,1556,1557,1558,1562
MANKIND,CALL DOI,,,,,,,,,,,211232,201491,204491,201928
MANKIND,PUT DOI,,,,,,,,,,,-166321,-171909,-169881,-172406
MANKIND,CALL GEX,,,,,,,,,,,27308,27215,27252,28356
MANKIND,PUT GEX,,,,,,,,,,,19694,19644,20218,19948
MANKIND,GEX STRIKE,,,,,,,,,,,2500.0,2500.0,2500.0,2500.0
MANKIND,EXPIRY,,,,,,,,,,,2026-10-27,2026-10-27,2026-10-27,2026-10-27
MANKIND,ATM IV,,,,,,,,,,,28.24,27.72,27.6,27.05
MARICO,PRICE,790.0,781.35,,,,796.95,797.0,792.33,790.62,784.44,789.5,792.15,791.05,789.35
MARICO,VWAP,,,,,,,,,,,789.77,791.57,791.53,791.11
MARICO,CASH VOL,3353838,1777571,755557,55.97,57.74,,,,,,45054,79197,106976,127270
MARICO,F&O VOL,18961,20834,,,,,,,,,450,989,1307,1548
MARICO,F&O OI,21363,21458,,,,,,,,,21427,21442,21495,21502
MARICO,CALL VOL,8774,7948,,,,,,,,,347,683,843,992
MARICO,CALL OI,2586,2442,,,,,,,,,2628,2659,2685,2694
MARICO,PUT VOL,5326,6977,,,,,,,,,85,173,230,294
MARICO,PUT OI,2151,2254,,,,,,,,,2162,2155,2153,2144
MARICO,CALL SPRD,,,,,,,,,,,1.96,1.58,1.09,1.43
MARICO,PUT SPRD,,,,,,,,,,,2.47,2.2,1.8,1.73
MARICO,CALL OI FIX,2586,,,,,,,,,,2628,2659,2685,2694
MARICO,PUT OI FIX,2151,,,,,,,,,,2162,2155,2153,2144
MARICO,CALL DOI,,,,,,,,,,,1231158,1323818,1295680,1261905
MARICO,PUT DOI,,,,,,,,,,,-1144816,-1090971,-1115441,-1144550
MARICO,CALL GEX,,,,,,,,,,,215853,224215,235374,224317
MARICO,PUT GEX,,,,,,,,,,,158874,155123,152444,167193
MARICO,GEX STRIKE,,,,,,,,,,,800.0,800.0,800.0,800.0
MARICO,EXPIRY,,,,,,,,,,,2026-10-27,2026-10-27,2026-10-27,2026-10-27
MARICO,ATM IV,,,,,,,,,,,21.16,21.3,21.3,21.2
MARUTI,PRICE,11532.0,11386.0,,,,11485.0,11496.17,11424.5,11710.5,11494.17,11470.0,11495.0,11563.0,11567.0
MARUTI,VWAP,,,,,,,,,,,11482.0,11485.41,11507.35,11519.53
MARUTI,CASH VOL,757171,885820,165798,64.64,45.98,,,,,,10782,20632,32334,41085
MARUTI,F&O VOL,131596,185571,,,,,,,,,1878,5597,10453,17048
MARUTI,F&O OI,130374,125537,,,,,,,,,130573,130339,130337,131668
MARUTI,CALL VOL,53671,53569,,,,,,,,,1113,2451,5081,6947
MARUTI,CALL OI,16854,15904,,,,,,,,,15662,15706,17167,17478
MARUTI,PUT VOL,19415,36750,,,,,,,,,356,1269,1222,1980
MARUTI,PUT OI,11609,10874,,,,,,,,,13914,13818,11734,11859
MARUTI,CALL SPRD,,,,,,,,,,,0.9,0.99,0.82,0.64
MARUTI,PUT SPRD,,,,,,,,,,,0.92,1.45,1.52,0.8
MARUTI,CALL OI FIX,15518,,,,,,,,,,15662,15706,15869,16198
MARUTI,PUT OI FIX,13881,,,,,,,,,,13914,13818,13828,13960
MARUTI,CALL DOI,,,,,,,,,,,296998,307215,351078,356015
MARUTI,PUT DOI,,,,,,,,,,,-317245,-306968,-283498,-285288
MARUTI,CALL GEX,,,,,,,,,,,49470,51853,54139,58269
MARUTI,PUT GEX,,,,,,,,,,,40582,39851,37427,36510
MARUTI,GEX STRIKE,,,,,,,,,,,12000.0,12000.0,12000.0,12000.0
MARUTI,EXPIRY,,,,,,,,,,,2026-10-27,2026-10-27,2026-10-27,2026-10-27
MARUTI,ATM IV,,,,,,,,,,,23.95,23.48,23.47,23.2
MAXHEALTH,PRICE,917.0,940.95,,,,921.55,925.9,919.97,958.92,946.94,899.35,896.7,906.5,903.4
MAXHEALTH,VWAP,,,,,,,,,,,908.17,901.78,901.05,901.83
MAXHEALTH,CASH VOL,3127962,5464461,939941,54.77,52.55,,,,,,116597,313576,469251,612369
MAXHEALTH,F&O VOL,24320,50749,,,,,,,,,1245,7990,10268,12347
MAXHEALTH,F&O OI,40716,39820,,,,,,,,,40868,41519,41607,41727
MAXHEALTH,CALL VOL,5267,11280,,,,,,,,,707,2205,3139,3270
MAXHEALTH,CALL OI,2820,2651,,,,,,,,,2951,3286,3701,3383
MAXHEALTH,PUT VOL,8751,17989,,,,,,,,,841,3239,3946,4965
MAXHEALTH,PUT OI,4276,4640,,,,,,,,,4250,4418,4530,4619
MAXHEALTH,CALL SPRD,,,,,,,,,,,1.36,1.24,1.17,0.48
MAXHEALTH,PUT SPRD,,,,,,,,,,,1.35,1.27,1.21,1.28
MAXHEALTH,CALL OI FIX,3515,,,,,,,,,,3645,3934,3960,4000
MAXHEALTH,PUT OI FIX,4312,,,,,,,,,,4291,4440,4552,4586
MAXHEALTH,CALL DOI,,,,,,,,,,,590298,674257,822989,760350
MAXHEALTH,PUT DOI,,,,,,,,,,,-1147087,-1221332,-1204281,-1212109
MAXHEALTH,CALL GEX,,,,,,,,,,,83105,84850,91654,88442
MAXHEALTH,PUT GEX,,,,,,,,,,,97602,106484,122002,118559
MAXHEALTH,GEX STRIKE,,,,,,,,,,,900.0,900.0,900.0,900.0
MAXHEALTH,EXPIRY,,,,,,,,,,,2026-10-27,2026-10-27,2026-10-27,2026-10-27
MAXHEALTH,ATM IV,,,,,,,,,,,31.48,32.61,31.67,31.67
MAZDOCK,PRICE,2074.0,2064.0,,,,2080.0,2074.65,2074.22,2115.3,2081.1,2083.0,2082.7,2086.2,2107.0
MAZDOCK,VWAP,,,,,,,,,,,2084.27,2083.27,2083.5,2089.72
MAZDOCK,CASH VOL,364228,648362,67766,31.14,39.98,,,,,,21184,47054,61434,100555
MAZDOCK,F&O VOL,10699,22153,,,,,,,,,623,1157,1463,3031
MAZDOCK,F&O OI,45088,44435,,,,,,,,,44965,44886,44877,45075
MAZDOCK,CALL VOL,3088,4161,,,,,,,,,410,658,769,1606
MAZDOCK,CALL OI,3580,3176,,,,,,,,,3448,3366,3361,3559
MAZDOCK,PUT VOL,804,3841,,,,,,,,,57,98,149,150
MAZDOCK,PUT OI,3267,3312,,,,,,,,,4021,4017,4008,3240
MAZDOCK,CALL SPRD,,,,,,,,,,,1.87,2.0,1.88,0.74
MAZDOCK,PUT SPRD,,,,,,,,,,,24.7,30.73,20.59,1.37
MAZDOCK,CALL OI FIX,3548,,,,,,,,,,3448,3366,3361,3527
MAZDOCK,PUT OI FIX,4009,,,,,,,,,,4021,4017,4008,4014
MAZDOCK,CALL DOI,,,,,,,,,,,355623,343693,351353,399778
MAZDOCK,PUT DOI,,,,,,,,,,,-411430,-411554,-404545,-321241
MAZDOCK,CALL GEX,,,,,,,,,,,36984,37034,36193,40804
MAZDOCK,PUT GEX,,,,,,,,,,,40415,40334,41198,32430
MAZDOCK,GEX STRIKE,,,,,,,,,,,2100.0,2100.0,2100.0,2150.0
MAZDOCK,EXPIRY,,,,,,,,,,,2026-10-27,2026-10-27,2026-10-27,2026-10-27
MAZDOCK,ATM IV,,,,,,,,,,,35.48,33.04,34.03,33.98
MCX,PRICE,3181.7,3204.0,,,,3195.0,3204.35,3189.25,3269.3,3225.77,3220.5,3209.9,3208.6,3204.1
MCX,VWAP,,,,,,,,,,,3216.3,3212.35,3212.14,3211.43
MCX,CASH VOL,1386833,2002629,466705,44.88,47.86,,,,,,97254,170370,202510,233377
MCX,F&O VOL,49897,50257,,,,,,,,,3699,10080,12801,14116
MCX,F&O OI,68906,64250,,,,,,,,,68981,67884,67898,67975
MCX,CALL VOL,14891,12158,,,,,,,,,1889,3600,4335,4668
MCX,CALL OI,10210,9329,,,,,,,,,10256,10290,10295,10307
MCX,PUT VOL,16440,17785,,,,,,,,,845,4187,5052,5352
MCX,PUT OI,11013,8946,,,,,,,,,11004,9777,9761,9783
MCX,CALL SPRD,,,,,,,,,,,1.54,1.01,0.69,0.78
MCX,PUT SPRD,,,,,,,,,,,1.3,0.72,1.08,0.83
MCX,CALL OI FIX,10210,,,,,,,,,,10256,10290,10295,10307
MCX,PUT OI FIX,11013,,,,,,,,,,11004,9777,9761,9783
MCX,CALL DOI,,,,,,,,,,,1038789,986112,981912,961821
MCX,PUT DOI,,,,,,,,,,,-1029123,-965161,-967971,-984284
MCX,CALL GEX,,,,,,,,,,,82518,92180,92364,95042
MCX,PUT GEX,,,,,,,,,,,95490,83347,84117,82288
MCX,GEX STRIKE,,,,,,,,,,,3300.0,3300.0,3300.0,3300.0
MCX,EXPIRY,,,,,,,,,,,2026-10-27,2026-10-27,2026-10-27,2026-10-27
MCX,ATM IV,,,,,,,,,,,40.97,39.0,38.38,38.53
MFSL,PRICE,1348.0,1392.0,,,,1350.0,1363.15,1353.05,1402.6,1395.53,1352.7,1356.2,1352.7,1351.7
MFSL,VWAP,,,,,,,,,,,1350.4,1353.12,1353.2,1353.19
MFSL,CASH VOL,2005008,1151973,290552,64.17,54.21,,,,,,8008,23869,29458,35863
MFSL,F&O VOL,16212,10280,,,,,,,,,175,469,668,843
MFSL,F&O OI,21409,19532,,,,,,,,,21440,21462,21483,21496
MFSL,CALL VOL,4556,2668,,,,,,,,,46,126,190,242
MFSL,CALL OI,1698,1363,,,,,,,,,1712,1715,1717,1714
MFSL,PUT VOL,5214,3309,,,,,,,,,64,119,136,154
MFSL,PUT OI,2156,2057,,,,,,,,,2161,2156,2151,2152
MFSL,CALL SPRD,,,,,,,,,,,2.54,1.88,1.94,1.83
MFSL,PUT SPRD,,,,,,,,,,,1.77,1.81,1.42,1.52
MFSL,CALL OI FIX,1483,,,,,,,,,,1494,1502,1504,1508
MFSL,PUT OI FIX,2154,,,,,,,,,,2159,2154,2149,2150
MFSL,CALL DOI,,,,,,,,,,,233612,240260,229981,226493
MFSL,PUT DOI,,,,,,,,,,,-419326,-408712,-417952,-422000
MFSL,CALL GEX,,,,,,,,,,,31050,32299,32596,32516
MFSL,PUT GEX,,,,,,,,,,,39074,38485,38302,38208
MFSL,GEX STRIKE,,,,,,,,,,,1400.0,1400.0,1400.0,1400.0
MFSL,EXPIRY,,,,,,,,,,,2026-10-27,2026-10-27,2026-10-27,2026-10-27
MFSL,ATM IV,,,,,,,,,,,32.14,32.48,31.69,31.37
MOTHERSON,PRICE,156.5,157.03,,,,156.28,157.07,156.69,159.65,157.9,155.99,156.44,157.09,157.2
MOTHERSON,VWAP,,,,,,,,,,,156.28,156.43,156.49,156.61
MOTHERSON,CASH VOL,14480075,23039471,2760684,56.33,45.97,,,,,,383283,725340,906837,1066093
MOTHERSON,F&O VOL,11271,16153,,,,,,,,,196,570,824,1199
MOTHERSON,F&O OI,30906,29433,,,,,,,,,30903,30930,30925,31029
MOTHERSON,CALL VOL,4778,6213,,,,,,,,,90,315,415,685
MOTHERSON,CALL OI,3389,2937,,,,,,,,,2020,3415,3406,3514
MOTHERSON,PUT VOL,3388,4059,,,,,,,,,50,146,233,274
MOTHERSON,PUT OI,2676,2185,,,,,,,,,2521,2664,2655,2652
MOTHERSON,CALL SPRD,,,,,,,,,,,3.46,1.92,1.98,1.56
MOTHERSON,PUT SPRD,,,,,,,,,,,2.4,2.29,2.28,1.77
MOTHERSON,CALL OI FIX,3389,,,,,,,,,,3386,3415,3406,3514
MOTHERSON,PUT OI FIX,2676,,,,,,,,,,2668,2664,2655,2652
MOTHERSON,CALL DOI,,,,,,,,,,,4439922,5805358,6243801,6521885
MOTHERSON,PUT DOI,,,,,,,,,,,-6764507,-7257474,-6894466,-6845880
MOTHERSON,CALL GEX,,,,,,,,,,,617427,921117,944862,1002001
MOTHERSON,PUT GEX,,,,,,,,,,,774755,786891,789251,778596
MOTHERSON,GEX STRIKE,,,,,,,,,,,160.0,160.0,160.0,160.0
MOTHERSON,EXPIRY,,,,,,,,,,,2026-10-27,2026-10-27,2026-10-27,2026-10-27
MOTHERSON,ATM IV,,,,,,,,,,,29.55,28.17,28.27,28.26
MOTILALOFS,PRICE,1011.1,989.9,,,,1019.5,1008.53,1003.4,999.23,993.01,1035.9,1035.7,1032.0,1038.05
MOTILALOFS,VWAP,,,,,,,,,,,1032.38,1032.97,1033.05,1034.46
MOTILALOFS,CASH VOL,445092,1607962,96564,37.69,51.42,,,,,,112628,186041,209288,285083
MOTILALOFS,F&O VOL,4496,4888,,,,,,,,,949,2300,2923,4038
MOTILALOFS,F&O OI,9825,9645,,,,,,,,,9868,9910,9952,9999
MOTILALOFS,CALL VOL,2289,1949,,,,,,,,,825,1830,2163,2902
MOTILALOFS,CALL OI,1677,1550,,,,,,,,,1733,1772,1810,1806
MOTILALOFS,PUT VOL,730,621,,,,,,,,,152,278,329,507
MOTILALOFS,PUT OI,961,851,,,,,,,,,988,1002,1006,1029
MOTILALOFS,CALL SPRD,,,,,,,,,,,1.69,0.69,0.99,1.31
MOTILALOFS,PUT SPRD,,,,,,,,,,,2.68,1.46,1.49,1.5
MOTILALOFS,CALL OI FIX,1623,,,,,,,,,,1653,1688,1727,1729
MOTILALOFS,PUT OI FIX,1038,,,,,,,,,,1065,1079,1083,1102
MOTILALOFS,CALL DOI,,,,,,,,,,,620719,638019,635322,655273
MOTILALOFS,PUT DOI,,,,,,,,,,,-217025,-220875,-231655,-224661
MOTILALOFS,CALL GEX,,,,,,,,,,,53376,53562,54537,59072
MOTILALOFS,PUT GEX,,,,,,,,,,,27823,28408,29114,28029
MOTILALOFS,GEX STRIKE,,,,,,,,,,,1000.0,1000.0,1000.0,1000.0
MOTILALOFS,EXPIRY,,,,,,,,,,,2026-10-27,2026-10-27,2026-10-27,2026-10-27
MOTILALOFS,ATM IV,,,,,,,,,,,35.69,36.5,36.42,36.2
MPHASIS,PRICE,2297.1,2250.2,,,,2290.0,2294.93,2290.6,2235.1,2204.9,2299.9,2289.6,2291.0,2286.8
MPHASIS,VWAP,,,,,,,,,,,2297.07,2295.1,2293.2,2290.84
MPHASIS,CASH VOL,1107616,1178274,250916,52.45,25.8,,,,,,8181,12984,16786,23745
MPHASIS,F&O VOL,20534,29563,,,,,,,,,233,475,688,1369
MPHASIS,F&O OI,26390,26623,,,,,,,,,26419,26407,26369,26629
MPHASIS,CALL VOL,10989,17258,,,,,,,,,163,342,396,881
MPHASIS,CALL OI,2638,2374,,,,,,,,,2661,2644,2625,2880
MPHASIS,PUT VOL,4042,5820,,,,,,,,,39,81,153,250
MPHASIS,PUT OI,1883,1792,,,,,,,,,1891,1891,1885,1892
MPHASIS,CALL SPRD,,,,,,,,,,,1.84,1.32,0.83,1.76
MPHASIS,PUT SPRD,,,,,,,,,,,1.67,2.03,1.52,1.73
MPHASIS,CALL OI FIX,2638,,,,,,,,,,2661,2644,2625,2880
MPHASIS,PUT OI FIX,1883,,,,,,,,,,1891,1891,1885,1892
MPHASIS,CALL DOI,,,,,,,,,,,321323,304753,302547,322275
MPHASIS,PUT DOI,,,,,,,,,,,-144423,-152514,-150854,-153224
MPHASIS,CALL GEX,,,,,,,,,,,31107,31383,31632,34208
MPHASIS,PUT GEX,,,,,,,,,,,17353,17727,17573,17838
MPHASIS,GEX STRIKE,,,,,,,,,,,2300.0,2300.0,2300.0,2300.0
MPHASIS,EXPIRY,,,,,,,,,,,2026-10-27,2026-10-27,2026-10-27,2026-10-27
MPHASIS,ATM IV,,,,,,,,,,,34.39,33.87,33.56,33.96
MUTHOOTFIN,PRICE,2716.4,2697.1,,,,2722.9,2723.9,2718.9,2743.45,2712.55,2696.1,2702.0,2703.0,2701.6
MUTHOOTFIN,VWAP,,,,,,,,,,,2702.4,2699.45,2699.74,2700.04
MUTHOOTFIN,CASH VOL,499788,553592,76485,53.7,51.49,,,,,,25169,41141,48986,54521
MUTHOOTFIN,F&O VOL,12059,16532,,,,,,,,,990,1806,2308,2743
MUTHOOTFIN,F&O OI,38093,37188,,,,,,,,,38486,38694,38744,38804
MUTHOOTFIN,CALL VOL,5812,6456,,,,,,,,,797,1271,1518,1789
MUTHOOTFIN,CALL OI,5632,4984,,,,,,,,,6037,6183,6210,6219
MUTHOOTFIN,PUT VOL,3386,5357,,,,,,,,,78,315,439,498
MUTHOOTFIN,PUT OI,4270,4010,,,,,,,,,4258,4297,4330,4338
MUTHOOTFIN,CALL SPRD,,,,,,,,,,,1.34,0.87,0.86,1.0
MUTHOOTFIN,PUT SPRD,,,,,,,,,,,1.45,1.03,1.11,1.23
MUTHOOTFIN,CALL OI FIX,5632,,,,,,,,,,6037,6183,6210,6219
MUTHOOTFIN,PUT OI FIX,4270,,,,,,,,,,4258,4297,4330,4338
MUTHOOTFIN,CALL DOI,,,,,,,,,,,540732,578633,586462,573646
MUTHOOTFIN,PUT DOI,,,,,,,,,,,-538250,-534727,-537191,-540549
MUTHOOTFIN,CALL GEX,,,,,,,,,,,78127,79732,79641,82216
MUTHOOTFIN,PUT GEX,,,,,,,,,,,47773,51110,51887,50683
MUTHOOTFIN,GEX STRIKE,,,,,,,,,,,2800.0,2800.0,2800.0,2800.0
MUTHOOTFIN,EXPIRY,,,,,,,,,,,2026-10-27,2026-10-27,2026-10-27,2026-10-27
MUTHOOTFIN,ATM IV,,,,,,,,,,,32.75,31.82,31.83,31.36
NAM-INDIA,PRICE,1061.0,1046.0,,,,1067.9,1059.92,1057.75,1090.7,1060.9,1075.9,1067.9,1066.8,1066.1
NAM-INDIA,VWAP,,,,,,,,,,,1074.7,1073.19,1071.76,1071.11
NAM-INDIA,CASH VOL,842149,768278,332240,52.39,49.09,,,,,,48230,64427,77260,84971
NAM-INDIA,F&O VOL,2646,2926,,,,,,,,,86,194,260,312
NAM-INDIA,F&O OI,8965,8737,,,,,,,,,8982,8972,8966,8959
NAM-INDIA,CALL VOL,775,924,,,,,,,,,55,91,110,119
NAM-INDIA,CALL OI,668,550,,,,,,,,,730,673,674,676
NAM-INDIA,PUT VOL,402,803,,,,,,,,,1,19,44,49
NAM-INDIA,PUT OI,1049,1031,,,,,,,,,961,1056,1068,1065
NAM-INDIA,CALL SPRD,,,,,,,,,,,4.11,2.38,2.37,2.26
NAM-INDIA,PUT SPRD,,,,,,,,,,,19.99,1.41,2.33,2.32
NAM-INDIA,CALL OI FIX,668,,,,,,,,,,679,673,674,676
NAM-INDIA,PUT OI FIX,1049,,,,,,,,,,1049,1056,1068,1065
NAM-INDIA,CALL DOI,,,,,,,,,,,172093,153737,153440,152367
NAM-INDIA,PUT DOI,,,,,,,,,,,-227456,-246120,-247795,-248691
NAM-INDIA,CALL GEX,,,,,,,,,,,21230,20167,19503,19483
NAM-INDIA,PUT GEX,,,,,,,,,,,20733,22643,24512,24627
NAM-INDIA,GEX STRIKE,,,,,,,,,,,1100.0,1100.0,1100.0,1100.0
NAM-INDIA,EXPIRY,,,,,,,,,,,2026-10-27,2026-10-27,2026-10-27,2026-10-27
NAM-INDIA,ATM IV,,,,,,,,,,,37.18,31.91,31.61,31.92
NATIONALUM,PRICE,340.0,334.9,,,,344.95,339.73,339.2,342.12,337.31,342.85,343.85,343.7,344.65
NATIONALUM,VWAP,,,,,,,,,,,344.62,344.43,344.33,344.34
NATIONALUM,CASH VOL,5169746,4672624,785986,48.12,44.18,,,,,,681178,969170,1069712,1212458
NATIONALUM,F&O VOL,11109,16879,,,,,,,,,2499,3546,3888,4244
NATIONALUM,F&O OI,38905,38281,,,,,,,,,39148,39055,39071,39063
NATIONALUM,CALL VOL,4874,6514,,,,,,,,,1307,1880,1978,2137
NATIONALUM,CALL OI,6405,6174,,,,,,,,,6455,6490,6487,6484
NATIONALUM,PUT VOL,2479,4205,,,,,,,,,428,747,829,906
NATIONALUM,PUT OI,6356,6246,,,,,,,,,6371,6413,6420,6427
NATIONALUM,CALL SPRD,,,,,,,,,,,1.73,1.28,1.27,1.25
NATIONALUM,PUT SPRD,,,,,,,,,,,1.71,1.3,1.36,1.41
NATIONALUM,CALL OI FIX,5701,,,,,,,,,,5762,5782,5779,5775
NATIONALUM,PUT OI FIX,6166,,,,,,,,,,6181,6224,6231,6239
NATIONALUM,CALL DOI,,,,,,,,,,,4677431,4808164,4777808,4923895
NATIONALUM,PUT DOI,,,,,,,,,,,-5337914,-5217287,-5211165,-5095868
NATIONALUM,CALL GEX,,,,,,,,,,,520825,540923,543302,540692
NATIONALUM,PUT GEX,,,,,,,,,,,475781,491269,485939,502132
NATIONALUM,GEX STRIKE,,,,,,,,,,,350.0,350.0,350.0,350.0
NATIONALUM,EXPIRY,,,,,,,,,,,2026-10-27,2026-10-27,2026-10-27,2026-10-27
NATIONALUM,ATM IV,,,,,,,,,,,35.64,34.72,34.57,34.55
NAUKRI,PRICE,1201.7,1200.0,,,,1208.7,1219.7,1207.7,1221.65,1207.22,1218.9,1213.6,1214.9,1215.0
NAUKRI,VWAP,,,,,,,,,,,1213.27,1215.05,1214.65,1214.51
NAUKRI,CASH VOL,2021519,2219568,523574,53.75,62.17,,,,,,42710,68735,89979,98286
NAUKRI,F&O VOL,12081,11614,,,,,,,,,555,1221,1458,1648
NAUKRI,F&O OI,31018,30323,,,,,,,,,31035,31060,31095,31119
NAUKRI,CALL VOL,5543,5186,,,,,,,,,460,771,878,949
NAUKRI,CALL OI,2183,1906,,,,,,,,,2178,2203,2227,2240
NAUKRI,PUT VOL,2787,3061,,,,,,,,,154,246,303,346
NAUKRI,PUT OI,1592,1236,,,,,,,,,1603,1609,1619,1632
NAUKRI,CALL SPRD,,,,,,,,,,,1.17,1.26,1.52,1.12
NAUKRI,PUT SPRD,,,,,,,,,,,1.48,1.14,1.52,1.41
NAUKRI,CALL OI FIX,2103,,,,,,,,,,2101,2130,2153,2166
NAUKRI,PUT OI FIX,1647,,,,,,,,,,1658,1664,1674,1693
NAUKRI,CALL DOI,,,,,,,,,,,481296,457168,465332,465875
NAUKRI,PUT DOI,,,,,,,,,,,-378767,-397500,-395574,-396398
NAUKRI,CALL GEX,,,,,,,,,,,51128,52144,52911,53751
NAUKRI,PUT GEX,,,,,,,,,,,38010,38083,38227,37821
NAUKRI,GEX STRIKE,,,,,,,,,,,1240.0,1240.0,1240.0,1240.0
NAUKRI,EXPIRY,,,,,,,,,,,2026-10-27,2026-10-27,2026-10-27,2026-10-27
NAUKRI,ATM IV,,,,,,,,,,,34.53,33.95,34.23,34.16
NBCC,PRICE,76.2,77.4,,,,76.5,77.01,76.47,79.28,78.03,76.51,76.66,76.61,77.0
NBCC,VWAP,,,,,,,,,,,76.55,76.59,76.61,76.65
NBCC,CASH VOL,7593129,6195124,1613854,44.83,35.69,,,,,,335513,541802,689366,828892
NBCC,F&O VOL,3999,5501,,,,,,,,,54,165,449,633
NBCC,F&O OI,20044,19137,,,,,,,,,20054,20064,20120,20120
NBCC,CALL VOL,1443,1290,,,,,,,,,21,73,122,183
NBCC,CALL OI,1446,851,,,,,,,,,1448,1449,1469,1470
NBCC,PUT VOL,501,969,,,,,,,,,14,21,31,45
NBCC,PUT OI,854,755,,,,,,,,,854,862,862,863
NBCC,CALL SPRD,,,,,,,,,,,20.35,2.18,1.8,2.4
NBCC,PUT SPRD,,,,,,,,,,,11.42,25.17,15.52,14.42
NBCC,CALL OI FIX,1405,,,,,,,,,,1407,1408,1428,1429
NBCC,PUT OI FIX,874,,,,,,,,,,874,882,882,883
NBCC,CALL DOI,,,,,,,,,,,3319353,3408860,3413121,3652297
NBCC,PUT DOI,,,,,,,,,,,-2768102,-2726095,-2745856,-2662583
NBCC,CALL GEX,,,,,,,,,,,448916,451019,461768,480095
NBCC,PUT GEX,,,,,,,,,,,246007,254259,251284,263445
NBCC,GEX STRIKE,,,,,,,,,,,80.0,80.0,80.0,80.0
NBCC,EXPIRY,,,,,,,,,,,2026-10-27,2026-10-27,2026-10-27,2026-10-27
NBCC,ATM IV,,,,,,,,,,,32.57,33.08,32.8,32.59
NESTLEIND,PRICE,1297.1,1307.7,,,,1303.6,1302.1,1298.77,1325.9,1313.77,1297.8,1301.3,1298.8,1296.2
NESTLEIND,VWAP,,,,,,,,,,,1298.67,1301.26,1300.9,1300.19
NESTLEIND,CASH VOL,1676136,1626876,329371,65.17,64.34,,,,,,27665,51147,61865,71075
NESTLEIND,F&O VOL,10182,13148,,,,,,,,,151,614,815,1106
NESTLEIND,F&O OI,29228,27644,,,,,,,,,29264,29290,29336,29342
NESTLEIND,CALL VOL,2158,2330,,,,,,,,,45,230,302,388
NESTLEIND,CALL OI,1139,900,,,,,,,,,1157,1178,1197,1205
NESTLEIND,PUT VOL,3616,3371,,,,,,,,,61,184,227,301
NESTLEIND,PUT OI,2137,1816,,,,,,,,,2156,2134,2130,2135
NESTLEIND,CALL SPRD,,,,,,,,,,,1.51,0.92,1.37,0.86
NESTLEIND,PUT SPRD,,,,,,,,,,,1.65,1.22,1.5,1.27
NESTLEIND,CALL OI FIX,1139,,,,,,,,,,1157,1178,1197,1205
NESTLEIND,PUT OI FIX,2137,,,,,,,,,,2156,2134,2130,2135
NESTLEIND,CALL DOI,,,,,,,,,,,240623,256439,252896,251251
NESTLEIND,PUT DOI,,,,,,,,,,,-509728,-489581,-501077,-511146
NESTLEIND,CALL GEX,,,,,,,,,,,34717,35704,37641,35268
NESTLEIND,PUT GEX,,,,,,,,,,,60609,59306,58105,60522
NESTLEIND,GEX STRIKE,,,,,,,,,,,1300.0,1300.0,1300.0,1300.0
NESTLEIND,EXPIRY,,,,,,,,,,,2026-10-27,2026-10-27,2026-10-27,2026-10-27
NESTLEIND,ATM IV,,,,,,,,,,,26.93,26.72,26.42,26.81
NHPC,PRICE,72.0,71.75,,,,71.79,71.99,71.97,73.08,72.19,71.47,71.61,71.68,71.69
NHPC,VWAP,,,,,,,,,,,71.52,71.53,71.63,71.64
NHPC,CASH VOL,4447161,10903143,1179343,53.95,42.98,,,,,,228911,419669,752592,857696
NHPC,F&O VOL,3978,9427,,,,,,,,,125,257,418,482
NHPC,F&O OI,24062,23676,,,,,,,,,24078,24085,24110,24103
NHPC,CALL VOL,1451,3178,,,,,,,,,49,98,140,164
NHPC,CALL OI,1916,1805,,,,,,,,,1767,1945,1955,1962
NHPC,PUT VOL,879,2837,,,,,,,,,35,69,95,105
NHPC,PUT OI,2183,2209,,,,,,,,,2243,2186,2192,2194
NHPC,CALL SPRD,,,,,,,,,,,6.9,2.4,2.35,2.35
NHPC,PUT SPRD,,,,,,,,,,,3.23,3.1,2.53,1.92
NHPC,CALL OI FIX,1916,,,,,,,,,,1934,1945,1955,1962
NHPC,PUT OI FIX,2183,,,,,,,,,,2180,2186,2192,2194
NHPC,CALL DOI,,,,,,,,,,,3857655,4202461,4348643,4314742
NHPC,PUT DOI,,,,,,,,,,,-6533309,-6419518,-6542389,-6525617
NHPC,CALL GEX,,,,,,,,,,,690230,745541,738798,763563
NHPC,PUT GEX,,,,,,,,,,,832993,819099,882217,856851
NHPC,GEX STRIKE,,,,,,,,,,,75.0,75.0,75.0,75.0
NHPC,EXPIRY,,,,,,,,,,,2026-10-27,2026-10-27,2026-10-27,2026-10-27
NHPC,ATM IV,,,,,,,,,,,24.41,24.54,23.95,23.99
NMDC,PRICE,73.74,74.64,,,,74.41,74.28,73.92,77.31,75.53,73.96,74.07,74.28,74.31
NMDC,VWAP,,,,,,,,,,,74.0,74.08,74.1,74.14
NMDC,CASH VOL,11989948,17077400,2747860,49.19,48.92,,,,,,542048,1311615,1569134,1891600
NMDC,F&O VOL,6504,14792,,,,,,,,,137,365,495,623
NMDC,F&O OI,70178,69717,,,,,,,,,70201,70223,70232,70251
NMDC,CALL VOL,2129,4249,,,,,,,,,70,155,225,269
NMDC,CALL OI,2545,2245,,,,,,,,,2551,2562,2573,2577
NMDC,PUT VOL,953,2388,,,,,,,,,37,77,97,110
NMDC,PUT OI,3004,2924,,,,,,,,,3014,3019,3017,3020
NMDC,CALL SPRD,,,,,,,,,,,2.26,1.34,1.69,0.42
NMDC,PUT SPRD,,,,,,,,,,,2.36,1.94,1.56,2.13
NMDC,CALL OI FIX,2545,,,,,,,,,,2551,2562,2573,2577
NMDC,PUT OI FIX,3004,,,,,,,,,,3014,3019,3017,3020
NMDC,CALL DOI,,,,,,,,,,,6253147,6464954,6727969,6706257
NMDC,PUT DOI,,,,,,,,,,,-11173652,-10920767,-10700506,-10591855
NMDC,CALL GEX,,,,,,,,,,,876298,880557,892405,931313
NMDC,PUT GEX,,,,,,,,,,,887339,887114,904476,879328
NMDC,GEX STRIKE,,,,,,,,,,,78.0,78.0,78.0,78.0
NMDC,EXPIRY,,,,,,,,,,,2026-10-27,2026-10-27,2026-10-27,2026-10-27
NMDC,ATM IV,,,,,,,,,,,30.43,30.08,31.21,29.91
NTPC,PRICE,321.8,315.1,,,,323.5,321.13,319.8,319.83,316.68,321.0,321.1,321.25,321.1
NTPC,VWAP,,,,,,,,,,,321.72,321.39,321.39,321.36
NTPC,CASH VOL,9458589,10094465,2832281,67.02,61.51,,,,,,79824,124353,199492,226641
NTPC,F&O VOL,27790,19718,,,,,,,,,422,872,1311,1542
NTPC,F&O OI,83069,79109,,,,,,,,,83154,83224,83246,83231
NTPC,CALL VOL,11378,7107,,,,,,,,,201,357,516,600
NTPC,CALL OI,9270,5454,,,,,,,,,9336,9367,9380,9384
NTPC,PUT VOL,4484,3381,,,,,,,,,49,139,202,261
NTPC,PUT OI,4201,3457,,,,,,,,,4216,4218,4223,4205
NTPC,CALL SPRD,,,,,,,,,,,3.95,2.37,2.33,2.35
NTPC,PUT SPRD,,,,,,,,,,,3.17,2.15,2.15,2.17
NTPC,CALL OI FIX,9858,,,,,,,,,,9927,9961,9976,9980
NTPC,PUT OI FIX,4310,,,,,,,,,,4325,4327,4332,4314
NTPC,CALL DOI,,,,,,,,,,,6173949,6210269,6328621,6234224
NTPC,PUT DOI,,,,,,,,,,,-2700908,-2654684,-2661213,-2668681
NTPC,CALL GEX,,,,,,,,,,,1399004,1421912,1367135,1418490
NTPC,PUT GEX,,,,,,,,,,,455216,471871,498364,483478
NTPC,GEX STRIKE,,,,,,,,,,,325.0,325.0,325.0,325.0
NTPC,EXPIRY,,,,,,,,,,,2026-10-27,2026-10-27,2026-10-27,2026-10-27
NTPC,ATM IV,,,,,,,,,,,17.7,17.58,17.58,17.53
NYKAA,PRICE,339.55,324.95,,,,339.5,339.77,339.62,324.79,324.48,342.35,342.95,341.15,341.3
NYKAA,VWAP,,,,,,,,,,,340.65,342.6,342.4,342.25
NYKAA,CASH VOL,19341790,7907193,3727935,32.91,61.61,,,,,,278202,769363,955839,1070322
NYKAA,F&O VOL,45572,8343,,,,,,,,,793,3042,4047,4497
NYKAA,F&O OI,17825,14735,,,,,,,,,17935,18205,18269,18350
NYKAA,CALL VOL,23592,2467,,,,,,,,,439,1869,2204,2373
NYKAA,CALL OI,2963,1524,,,,,,,,,2940,3164,2986,2992
NYKAA,PUT VOL,11929,1632,,,,,,,,,254,717,929,1018
NYKAA,PUT OI,1938,925,,,,,,,,,1992,1967,2077,2085
NYKAA,CALL SPRD,,,,,,,,,,,2.38,1.88,1.6,0.53
NYKAA,PUT SPRD,,,,,,,,,,,1.97,2.43,1.19,1.22
NYKAA,CALL OI FIX,2963,,,,,,,,,,2940,2981,2986,2992
NYKAA,PUT OI FIX,1938,,,,,,,,,,1992,2103,2077,2085
NYKAA,CALL DOI,,,,,,,,,,,4768763,4858090,4590552,4608724
NYKAA,PUT DOI,,,,,,,,,,,-1628248,-1775539,-1949639,-1889737
NYKAA,CALL GEX,,,,,,,,,,,466966,577427,602768,547302
NYKAA,PUT GEX,,,,,,,,,,,277192,259153,272038,283462
NYKAA,GEX STRIKE,,,,,,,,,,,340.0,340.0,340.0,340.0
NYKAA,EXPIRY,,,,,,,,,,,2026-10-27,2026-10-27,2026-10-27,2026-10-27
NYKAA,ATM IV,,,,,,,,,,,28.23,28.02,26.28,26.87
OBEROIRLTY,PRICE,1751.2,1754.6,,,,1748.0,1771.45,1757.95,1790.8,1766.67,1763.0,1757.6,1755.4,1756.6
OBEROIRLTY,VWAP,,,,,,,,,,,1758.17,1758.55,1758.4,1758.22
OBEROIRLTY,CASH VOL,419733,282807,123000,63.6,47.96,,,,,,24986,30288,33191,35402
OBEROIRLTY,F&O VOL,3432,4973,,,,,,,,,205,349,446,527
OBEROIRLTY,F&O OI,15304,15059,,,,,,,,,15385,15393,15396,15411
OBEROIRLTY,CALL VOL,782,855,,,,,,,,,58,82,118,143
OBEROIRLTY,CALL OI,1036,868,,,,,,,,,1057,1056,1052,1053
OBEROIRLTY,PUT VOL,559,1197,,,,,,,,,112,169,196,227
OBEROIRLTY,PUT OI,1259,1171,,,,,,,,,1307,1321,1334,1343
OBEROIRLTY,CALL SPRD,,,,,,,,,,,5.52,32.79,1.74,2.21
OBEROIRLTY,PUT SPRD,,,,,,,,,,,1.73,1.62,1.43,1.51
OBEROIRLTY,CALL OI FIX,1036,,,,,,,,,,1057,1056,1052,1053
OBEROIRLTY,PUT OI FIX,1259,,,,,,,,,,1307,1321,1334,1343
OBEROIRLTY,CALL DOI,,,,,,,,,,,160638,155085,152346,151561
OBEROIRLTY,PUT DOI,,,,,,,,,,,-200458,-207772,-212092,-211559
OBEROIRLTY,CALL GEX,,,,,,,,,,,16746,16744,16701,17189
OBEROIRLTY,PUT GEX,,,,,,,,,,,20940,21340,21655,21441
OBEROIRLTY,GEX STRIKE,,,,,,,,,,,1800.0,1800.0,1800.0,1800.0
OBEROIRLTY,EXPIRY,,,,,,,,,,,2026-10-27,2026-10-27,2026-10-27,2026-10-27
OBEROIRLTY,ATM IV,,,,,,,,,,,34.86,34.36,33.55,33.7
OFSS,PRICE,10470.0,10420.0,,,,10485.0,10509.5,10483.17,10586.5,10475.5,10505.0,10456.0,10436.0,10428.0
OFSS,VWAP,,,,,,,,,,,10509.67,10478.26,10466.39,10461.05
OFSS,CASH VOL,158183,194062,32924,36.24,35.18,,,,,,5294,14108,20124,22933
OFSS,F&O VOL,8861,11876,,,,,,,,,131,547,1011,1273
OFSS,F&O OI,23833,23623,,,,,,,,,23851,23922,24031,24114
OFSS,CALL VOL,2449,2115,,,,,,,,,55,175,249,378
OFSS,CALL OI,1670,1480,,,,,,,,,1719,1739,1709,1775
OFSS,PUT VOL,1858,3228,,,,,,,,,7,63,188,244
OFSS,PUT OI,2893,2716,,,,,,,,,2362,2376,2926,2936
OFSS,CALL SPRD,,,,,,,,,,,1.1,0.59,1.83,1.07
OFSS,PUT SPRD,,,,,,,,,,,1.35,0.66,0.93,0.97
OFSS,CALL OI FIX,1705,,,,,,,,,,1719,1739,1743,1808
OFSS,PUT OI FIX,2361,,,,,,,,,,2362,2376,2385,2385
OFSS,CALL DOI,,,,,,,,,,,85020,82845,82077,85364
OFSS,PUT DOI,,,,,,,,,,,-112890,-117686,-132830,-133715
OFSS,CALL GEX,,,,,,,,,,,7003,6969,7052,7137
OFSS,PUT GEX,,,,,,,,,,,8745,8868,10437,10775
OFSS,GEX STRIKE,,,,,,,,,,,10800.0,10600.0,10800.0,10500.0
OFSS,EXPIRY,,,,,,,,,,,2026-10-27,2026-10-27,2026-10-27,2026-10-27
OFSS,ATM IV,,,,,,,,,,,41.92,42.25,41.93,41.56
OIL,PRICE,446.5,444.0,,,,445.85,446.28,445.85,455.55,447.85,446.05,447.2,449.8,448.35
OIL,VWAP,,,,,,,,,,,444.57,445.81,446.95,447.23
OIL,CASH VOL,2225503,2266203,398584,53.62,50.15,,,,,,41234,78213,130054,149769
OIL,F&O VOL,3903,5665,,,,,,,,,119,192,286,341
OIL,F&O OI,13224,13178,,,,,,,,,13244,13247,13232,13228
OIL,CALL VOL,1696,2015,,,,,,,,,74,93,145,168
OIL,CALL OI,908,883,,,,,,,,,833,837,940,934
OIL,PUT VOL,595,1003,,,,,,,,,31,44,45,60
OIL,PUT OI,824,791,,,,,,,,,890,890,818,820
OIL,CALL SPRD,,,,,,,,,,,2.7,2.27,0.85,2.21
OIL,PUT SPRD,,,,,,,,,,,2.91,2.48,1.75,2.55
OIL,CALL OI FIX,805,,,,,,,,,,833,837,837,831
OIL,PUT OI FIX,895,,,,,,,,,,890,890,886,888
OIL,CALL DOI,,,,,,,,,,,499945,516750,594549,559658
OIL,PUT DOI,,,,,,,,,,,-498185,-485398,-442777,-465336
OIL,CALL GEX,,,,,,,,,,,65477,69798,73485,77385
OIL,PUT GEX,,,,,,,,,,,62465,60722,57431,57397
OIL,GEX STRIKE,,,,,,,,,,,450.0,450.0,450.0,450.0
OIL,EXPIRY,,,,,,,,,,,2026-10-27,2026-10-27,2026-10-27,2026-10-27
OIL,ATM IV,,,,,,,,,,,27.34,27.16,27.93,27.0
ONGC,PRICE,224.9,222.37,,,,225.0,224.78,224.56,228.22,224.32,223.95,223.63,223.99,223.1
ONGC,VWAP,,,,,,,,,,,224.38,224.08,224.0,223.84
ONGC,CASH VOL,19420879,13099985,5490000,69.58,62.87,,,,,,327808,502518,697267,951476
ONGC,F&O VOL,24035,23515,,,,,,,,,566,1224,1930,2810
ONGC,F&O OI,52273,51321,,,,,,,,,52341,52488,52645,52857
ONGC,CALL VOL,8752,7812,,,,,,,,,309,585,894,1115
ONGC,CALL OI,5769,5878,,,,,,,,,6453,5859,6636,6017
ONGC,PUT VOL,6161,6114,,,,,,,,,221,355,471,652
ONGC,PUT OI,6509,6476,,,,,,,,,6343,6546,6343,6546
ONGC,CALL SPRD,,,,,,,,,,,0.9,0.71,0.9,0.91
ONGC,PUT SPRD,,,,,,,,,,,1.07,1.13,1.31,1.1
ONGC,CALL OI FIX,6410,,,,,,,,,,6453,6516,6636,6733
ONGC,PUT OI FIX,6309,,,,,,,,,,6343,6352,6343,6347
ONGC,CALL DOI,,,,,,,,,,,5299727,4949744,5471390,4916112
ONGC,PUT DOI,,,,,,,,,,,-6983323,-6977314,-6981897,-7092247
ONGC,CALL GEX,,,,,,,,,,,964245,926379,1006860,910230
ONGC,PUT GEX,,,,,,,,,,,928899,914545,920401,946294
ONGC,GEX STRIKE,,,,,,,,,,,230.0,230.0,230.0,230.0
ONGC,EXPIRY,,,,,,,,,,,2026-10-27,2026-10-27,2026-10-27,2026-10-27
ONGC,ATM IV,,,,,,,,,,,20.98,20.89,21.1,20.91
PAGEIND,PRICE,37465.0,36660.0,,,,37600.0,37368.33,37175.0,36867.5,36729.17,38150.0,38375.0,37850.0,37815.0
PAGEIND,VWAP,,,,,,,,,,,37833.33,38118.3,38130.81,38079.67
PAGEIND,CASH VOL,24628,40495,4113,43.42,41.68,,,,,,2454,6251,9094,10406
PAGEIND,F&O VOL,8119,4895,,,,,,,,,630,3641,6317,7629
PAGEIND,F&O OI,14922,14415,,,,,,,,,14994,15363,15846,15723
PAGEIND,CALL VOL,3486,1954,,,,,,,,,458,2533,3094,3673
PAGEIND,CALL OI,1355,1245,,,,,,,,,1348,2102,1780,1863
PAGEIND,PUT VOL,841,453,,,,,,,,,166,613,1137,1374
PAGEIND,PUT OI,759,691,,,,,,,,,774,879,1020,988
PAGEIND,CALL SPRD,,,,,,,,,,,1.61,3.84,1.58,1.9
PAGEIND,PUT SPRD,,,,,,,,,,,5.09,6.09,1.88,2.34
PAGEIND,CALL OI FIX,1323,,,,,,,,,,1316,1615,1744,1816
PAGEIND,PUT OI FIX,897,,,,,,,,,,905,1019,1172,1142
PAGEIND,CALL DOI,,,,,,,,,,,13475,18877,15325,15646
PAGEIND,PUT DOI,,,,,,,,,,,-4383,-4734,-6719,-6608
PAGEIND,CALL GEX,,,,,,,,,,,1264,1984,1868,1923
PAGEIND,PUT GEX,,,,,,,,,,,783,824,1016,1005
PAGEIND,GEX STRIKE,,,,,,,,,,,37000.0,40000.0,40000.0,40000.0
PAGEIND,EXPIRY,,,,,,,,,,,2026-10-27,2026-10-27,2026-10-27,2026-10-27
PAGEIND,ATM IV,,,,,,,,,,,29.0,29.28,28.22,27.91
PATANJALI,PRICE,355.7,355.15,,,,355.7,355.08,353.83,375.8,362.03,354.7,354.7,352.4,353.5
PATANJALI,VWAP,,,,,,,,,,,354.83,354.76,354.41,354.31
PATANJALI,CASH VOL,7070094,4327803,1667241,29.56,30.17,,,,,,119502,561150,763807,817357
PATANJALI,F&O VOL,25759,27124,,,,,,,,,229,1072,2028,2354
PATANJALI,F&O OI,51107,51021,,,,,,,,,51166,51248,51381,51397
PATANJALI,CALL VOL,8827,7206,,,,,,,,,95,335,576,742
PATANJALI,CALL OI,3748,3186,,,,,,,,,3764,3743,2843,3846
PATANJALI,PUT VOL,4850,5183,,,,,,,,,40,171,347,406
PATANJALI,PUT OI,2570,2672,,,,,,,,,2578,2588,2449,2645
PATANJALI,CALL SPRD,,,,,,,,,,,1.52,2.33,1.39,1.61
PATANJALI,PUT SPRD,,,,,,,,,,,2.54,2.1,1.91,2.04
PATANJALI,CALL OI FIX,3748,,,,,,,,,,3764,3743,3837,3846
PATANJALI,PUT OI FIX,2570,,,,,,,,,,2578,2588,2635,2645
PATANJALI,CALL DOI,,,,,,,,,,,1636749,1622313,1296323,1622090
PATANJALI,PUT DOI,,,,,,,,,,,-1280351,-1290548,-1195857,-1350250
PATANJALI,CALL GEX,,,,,,,,,,,164207,166691,137067,168845
PATANJALI,PUT GEX,,,,,,,,,,,108957,108928,101603,111766
PATANJALI,GEX STRIKE,,,,,,,,,,,360.0,360.0,360.0,360.0
PATANJALI,EXPIRY,,,,,,,,,,,2026-10-27,2026-10-27,2026-10-27,2026-10-27
PATANJALI,ATM IV,,,,,,,,,,,37.17,36.75,36.86,36.94
PAYTM,PRICE,1684.0,1656.0,,,,1698.0,1680.82,1674.45,1666.2,1659.4,1687.8,1692.1,1702.0,1705.0
PAYTM,VWAP,,,,,,,,,,,1689.83,1691.86,1693.84,1695.83
PAYTM,CASH VOL,2267650,1936812,517967,47.69,42.24,,,,,,128018,277046,450915,592183
PAYTM,F&O VOL,25265,20681,,,,,,,,,901,1822,3715,5949
PAYTM,F&O OI,39496,37651,,,,,,,,,39700,39838,39954,40072
PAYTM,CALL VOL,11619,7512,,,,,,,,,469,1266,2060,3293
PAYTM,CALL OI,7719,6578,,,,,,,,,6133,7993,7984,8027
PAYTM,PUT VOL,6265,5216,,,,,,,,,187,394,945,1366
PAYTM,PUT OI,5019,4894,,,,,,,,,4652,5084,5115,5170
PAYTM,CALL SPRD,,,,,,,,,,,1.15,0.73,0.88,0.83
PAYTM,PUT SPRD,,,,,,,,,,,1.5,0.91,1.02,1.19
PAYTM,CALL OI FIX,5977,,,,,,,,,,6133,6238,6215,6276
PAYTM,PUT OI FIX,4624,,,,,,,,,,4652,4685,4721,4780
PAYTM,CALL DOI,,,,,,,,,,,2293861,2713921,2854541,2905064
PAYTM,PUT DOI,,,,,,,,,,,-1297312,-1486619,-1408939,-1417635
PAYTM,CALL GEX,,,,,,,,,,,195947,243081,241338,252617
PAYTM,PUT GEX,,,,,,,,,,,129989,140305,140890,140326
PAYTM,GEX STRIKE,,,,,,,,,,,1700.0,1700.0,1700.0,1700.0
PAYTM,EXPIRY,,,,,,,,,,,2026-10-27,2026-10-27,2026-10-27,2026-10-27
PAYTM,ATM IV,,,,,,,,,,,37.92,37.6,37.35,37.05
PERSISTENT,PRICE,5530.0,5367.0,,,,5520.0,5521.25,5503.75,5337.83,5279.5,5545.0,5537.5,5520.0,5512.0
PERSISTENT,VWAP,,,,,,,,,,,5526.33,5535.53,5533.34,5525.89
PERSISTENT,CASH VOL,768988,506268,124626,37.03,36.47,,,,,,19524,32461,43869,55795
PERSISTENT,F&O VOL,56494,31783,,,,,,,,,657,1481,2259,3427
PERSISTENT,F&O OI,36572,34746,,,,,,,,,36599,36621,36653,36610
PERSISTENT,CALL VOL,28787,17614,,,,,,,,,370,775,1131,1635
PERSISTENT,CALL OI,5623,4930,,,,,,,,,5623,5609,5627,5526
PERSISTENT,PUT VOL,14204,6750,,,,,,,,,190,375,600,965
PERSISTENT,PUT OI,3984,3423,,,,,,,,,4013,4054,4093,4090
PERSISTENT,CALL SPRD,,,,,,,,,,,0.9,0.88,0.99,0.85
PERSISTENT,PUT SPRD,,,,,,,,,,,1.47,0.99,0.89,0.87
PERSISTENT,CALL OI FIX,5623,,,,,,,,,,5623,5609,5627,5526
PERSISTENT,PUT OI FIX,3984,,,,,,,,,,4013,4054,4093,4090
PERSISTENT,CALL DOI,,,,,,,,,,,369143,366252,357713,348001
PERSISTENT,PUT DOI,,,,,,,,,,,-158720,-163221,-172950,-173622
PERSISTENT,CALL GEX,,,,,,,,,,,28331,29187,31394,29091
PERSISTENT,PUT GEX,,,,,,,,,,,16295,16399,16186,16920
PERSISTENT,GEX STRIKE,,,,,,,,,,,5300.0,5300.0,5300.0,5300.0
PERSISTENT,EXPIRY,,,,,,,,,,,2026-10-27,2026-10-27,2026-10-27,2026-10-27
PERSISTENT,ATM IV,,,,,,,,,,,39.17,38.66,38.53,38.82
PETRONET,PRICE,290.0,285.5,,,,291.7,290.25,290.08,287.4,286.13,292.65,292.5,293.8,294.75
PETRONET,VWAP,,,,,,,,,,,292.58,292.59,292.94,293.93
PETRONET,CASH VOL,2861154,1678508,574936,48.85,69.08,,,,,,77341,143157,217996,453398
PETRONET,F&O VOL,9433,3601,,,,,,,,,108,269,601,1346
PETRONET,F&O OI,18981,18568,,,,,,,,,18984,18977,19016,19176
PETRONET,CALL VOL,5517,1331,,,,,,,,,78,183,397,925
PETRONET,CALL OI,2039,1763,,,,,,,,,2086,2069,2039,2174
PETRONET,PUT VOL,1193,396,,,,,,,,,15,30,58,167
PETRONET,PUT OI,615,562,,,,,,,,,855,864,616,627
PETRONET,CALL SPRD,,,,,,,,,,,4.69,2.82,2.08,1.83
PETRONET,PUT SPRD,,,,,,,,,,,4.29,2.88,1.29,2.12
PETRONET,CALL OI FIX,2005,,,,,,,,,,1999,1982,1994,2129
PETRONET,PUT OI FIX,865,,,,,,,,,,864,873,883,893
PETRONET,CALL DOI,,,,,,,,,,,2324268,2298876,2348938,2555684
PETRONET,PUT DOI,,,,,,,,,,,-565147,-574255,-438914,-429054
PETRONET,CALL GEX,,,,,,,,,,,356144,362715,338575,380412
PETRONET,PUT GEX,,,,,,,,,,,83660,85668,65588,64682
PETRONET,GEX STRIKE,,,,,,,,,,,290.0,290.0,290.0,290.0
PETRONET,EXPIRY,,,,,,,,,,,2026-10-27,2026-10-27,2026-10-27,2026-10-27
PETRONET,ATM IV,,,,,,,,,,,23.71,21.68,22.55,22.04
PFC,PRICE,322.0,318.0,,,,322.3,321.51,320.52,325.95,320.65,324.25,324.2,324.75,324.25
PFC,VWAP,,,,,,,,,,,323.8,323.73,324.11,324.12
PFC,CASH VOL,11353503,9777829,2366308,64.6,57.67,,,,,,238733,437329,668576,801200
PFC,F&O VOL,24263,28145,,,,,,,,,1313,2298,4389,5260
PFC,F&O OI,113520,110213,,,,,,,,,113624,113656,113735,113784
PFC,CALL VOL,10884,13727,,,,,,,,,855,1650,2504,2949
PFC,CALL OI,11804,11232,,,,,,,,,11817,11912,11857,11857
PFC,PUT VOL,6554,6000,,,,,,,,,408,780,1190,1434
PFC,PUT OI,10202,9429,,,,,,,,,10259,10267,10312,10336
PFC,CALL SPRD,,,,,,,,,,,1.16,1.17,1.12,1.14
PFC,PUT SPRD,,,,,,,,,,,1.89,1.92,1.33,1.98
PFC,CALL OI FIX,8969,,,,,,,,,,8968,9068,9017,9014
PFC,PUT OI FIX,9011,,,,,,,,,,9068,9077,9125,9149
PFC,CALL DOI,,,,,,,,,,,5723561,5684003,5858185,5629996
PFC,PUT DOI,,,,,,,,,,,-6692939,-6659416,-6734036,-6667191
PFC,CALL GEX,,,,,,,,,,,742226,785576,749235,790911
PFC,PUT GEX,,,,,,,,,,,689337,666550,702326,671711
PFC,GEX STRIKE,,,,,,,,,,,330.0,330.0,330.0,330.0
PFC,EXPIRY,,,,,,,,,,,2026-10-27,2026-10-27,2026-10-27,2026-10-27
PFC,ATM IV,,,,,,,,,,,26.91,26.43,26.43,26.18
PGEL,PRICE,487.7,481.1,,,,487.7,492.9,489.43,498.55,486.92,486.55,490.65,494.8,496.1
PGEL,VWAP,,,,,,,,,,,486.02,486.96,490.54,492.53
PGEL,CASH VOL,1475580,1012842,197436,41.25,45.84,,,,,,37918,65827,117648,213568
PGEL,F&O VOL,10133,6632,,,,,,,,,165,470,1160,1938
PGEL,F&O OI,18249,17263,,,,,,,,,18263,18288,18298,18369
PGEL,CALL VOL,5474,2940,,,,,,,,,115,275,701,1167
PGEL,CALL OI,2653,2301,,,,,,,,,2243,2247,2208,2604
PGEL,PUT VOL,1986,1455,,,,,,,,,23,77,196,345
PGEL,PUT OI,1948,1883,,,,,,,,,2003,1996,2048,2016
PGEL,CALL SPRD,,,,,,,,,,,2.44,2.56,1.94,1.23
PGEL,PUT SPRD,,,,,,,,,,,3.56,2.9,2.28,2.33
PGEL,CALL OI FIX,2243,,,,,,,,,,2243,2247,2208,2212
PGEL,PUT OI FIX,1997,,,,,,,,,,2003,1996,2048,2066
PGEL,CALL DOI,,,,,,,,,,,684534,745506,836784,886965
PGEL,PUT DOI,,,,,,,,,,,-848745,-792370,-729558,-762069
PGEL,CALL GEX,,,,,,,,,,,78725,84279,74316,94628
PGEL,PUT GEX,,,,,,,,,,,70635,70637,76695,71759
PGEL,GEX STRIKE,,,,,,,,,,,520.0,520.0,520.0,520.0
PGEL,EXPIRY,,,,,,,,,,,2026-10-27,2026-10-27,2026-10-27,2026-10-27
PGEL,ATM IV,,,,,,,,,,,36.28,35.36,36.48,35.2
PHOENIXLTD,PRICE,1935.0,1930.0,,,,1946.8,1934.02,1932.05,1942.45,1934.15,1934.9,1932.9,1928.4,1927.7
PHOENIXLTD,VWAP,,,,,,,,,,,1933.8,1933.12,1932.78,1931.92
PHOENIXLTD,CASH VOL,430722,555494,121077,60.14,59.45,,,,,,8392,13154,16294,19254
PHOENIXLTD,F&O VOL,1670,4241,,,,,,,,,43,76,100,129
PHOENIXLTD,F&O OI,12551,12383,,,,,,,,,12561,12566,12563,12562
PHOENIXLTD,CALL VOL,376,1090,,,,,,,,,24,37,47,67
PHOENIXLTD,CALL OI,763,763,,,,,,,,,769,771,768,769
PHOENIXLTD,PUT VOL,416,1105,,,,,,,,,13,13,18,23
PHOENIXLTD,PUT OI,824,759,,,,,,,,,791,791,824,824
PHOENIXLTD,CALL SPRD,,,,,,,,,,,2.63,1.41,2.22,1.78
PHOENIXLTD,PUT SPRD,,,,,,,,,,,2.38,2.94,1.84,2.15
PHOENIXLTD,CALL OI FIX,764,,,,,,,,,,769,771,769,770
PHOENIXLTD,PUT OI FIX,789,,,,,,,,,,791,791,789,789
PHOENIXLTD,CALL DOI,,,,,,,,,,,121679,120551,116558,116097
PHOENIXLTD,PUT DOI,,,,,,,,,,,-106499,-108425,-112365,-112422
PHOENIXLTD,CALL GEX,,,,,,,,,,,14451,14497,14491,14500
PHOENIXLTD,PUT GEX,,,,,,,,,,,13470,13129,13727,14000
PHOENIXLTD,GEX STRIKE,,,,,,,,,,,1940.0,1940.0,1940.0,1940.0
PHOENIXLTD,EXPIRY,,,,,,,,,,,2026-10-27,2026-10-27,2026-10-27,2026-10-27
PHOENIXLTD,ATM IV,,,,,,,,,,,30.15,30.97,29.36,29.88
PIDILITIND,PRICE,1487.7,1464.0,,,,1485.9,1482.78,1472.95,1482.4,1470.13,1480.8,1479.1,1475.7,1477.9
PIDILITIND,VWAP,,,,,,,,,,,1478.97,1479.0,1478.21,1477.89
PIDILITIND,CASH VOL,843401,867267,268552,75.11,60.78,,,,,,12997,29489,39698,45806
PIDILITIND,F&O VOL,3364,4061,,,,,,,,,253,602,795,977
PIDILITIND,F&O OI,13268,13304,,,,,,,,,13296,13364,13401,13378
PIDILITIND,CALL VOL,1410,1558,,,,,,,,,220,436,551,678
PIDILITIND,CALL OI,1221,1122,,,,,,,,,1245,1277,1294,1254
PIDILITIND,PUT VOL,845,1140,,,,,,,,,38,127,160,193
PIDILITIND,PUT OI,1121,1075,,,,,,,,,1122,1143,1153,1162
PIDILITIND,CALL SPRD,,,,,,,,,,,2.52,1.68,1.46,1.47
PIDILITIND,PUT SPRD,,,,,,,,,,,3.15,1.94,1.88,1.56
PIDILITIND,CALL OI FIX,1221,,,,,,,,,,1245,1277,1294,1254
PIDILITIND,PUT OI FIX,1121,,,,,,,,,,1122,1143,1153,1162
PIDILITIND,CALL DOI,,,,,,,,,,,256118,255392,249313,249735
PIDILITIND,PUT DOI,,,,,,,,,,,-213611,-223105,-233703,-229850
PIDILITIND,CALL GEX,,,,,,,,,,,39947,43298,44483,42138
PIDILITIND,PUT GEX,,,,,,,,,,,34527,34934,34928,36197
PIDILITIND,GEX STRIKE,,,,,,,,,,,1500.0,1500.0,1500.0,1500.0
PIDILITIND,EXPIRY,,,,,,,,,,,2026-10-27,2026-10-27,2026-10-27,2026-10-27
PIDILITIND,ATM IV,,,,,,,,,,,22.83,22.48,22.37,22.33
PIIND,PRICE,2220.0,2236.0,,,,2220.0,2243.75,2227.92,2309.2,2260.4,2208.6,2219.9,2219.8,2209.3
PIIND,VWAP,,,,,,,,,,,2211.6,2212.13,2213.71,2213.95
PIIND,CASH VOL,210128,125263,52960,47.7,45.24,,,,,,11459,14226,17993,44879
PIIND,F&O VOL,9859,8205,,,,,,,,,221,471,669,906
PIIND,F&O OI,30729,30163,,,,,,,,,30754,30793,30820,30873
PIIND,CALL VOL,1186,581,,,,,,,,,47,165,213,148
PIIND,CALL OI,569,463,,,,,,,,,567,1330,1332,583
PIIND,PUT VOL,1545,1542,,,,,,,,,34,65,91,141
PIIND,PUT OI,1067,1072,,,,,,,,,1082,1781,1781,1105
PIIND,CALL SPRD,,,,,,,,,,,2.22,2.22,1.86,1.8
PIIND,PUT SPRD,,,,,,,,,,,2.27,13.97,21.31,1.48
PIIND,CALL OI FIX,1332,,,,,,,,,,1331,1330,1332,1344
PIIND,PUT OI FIX,1767,,,,,,,,,,1782,1781,1781,1803
PIIND,CALL DOI,,,,,,,,,,,50247,98963,99409,51675
PIIND,PUT DOI,,,,,,,,,,,-82718,-155388,-155008,-83832
PIIND,CALL GEX,,,,,,,,,,,6187,12983,12860,6178
PIIND,PUT GEX,,,,,,,,,,,9350,15482,15842,10393
PIIND,GEX STRIKE,,,,,,,,,,,2200.0,2300.0,2300.0,2200.0
PIIND,EXPIRY,,,,,,,,,,,2026-10-27,2026-10-27,2026-10-27,2026-10-27
PIIND,ATM IV,,,,,,,,,,,28.49,29.59,30.53,28.01
PNB,PRICE,112.35,109.57,,,,112.36,112.25,112.04,112.96,110.7,112.4,112.22,112.52,112.5
PNB,VWAP,,,,,,,,,,,112.58,112.46,112.45,112.48
PNB,CASH VOL,12282429,11365686,1737229,32.59,42.94,,,,,,485539,813806,1005557,1194033
PNB,F&O VOL,13390,12370,,,,,,,,,294,672,1110,1395
PNB,F&O OI,42985,42494,,,,,,,,,43043,43137,43192,43223
PNB,CALL VOL,4604,3616,,,,,,,,,125,284,412,484
PNB,CALL OI,2538,2369,,,,,,,,,2559,2598,2906,2609
PNB,PUT VOL,3316,2767,,,,,,,,,76,189,269,347
PNB,PUT OI,2861,2617,,,,,,,,,2885,2913,2994,2956
PNB,CALL SPRD,,,,,,,,,,,1.64,1.38,0.94,1.06
PNB,PUT SPRD,,,,,,,,,,,1.39,1.36,0.91,1.1
PNB,CALL OI FIX,2538,,,,,,,,,,2559,2598,2612,2609
PNB,PUT OI FIX,2861,,,,,,,,,,2885,2913,2934,2956
PNB,CALL DOI,,,,,,,,,,,9870433,9829104,10805358,10158066
PNB,PUT DOI,,,,,,,,,,,-10755699,-11030225,-11334782,-10899361
PNB,CALL GEX,,,,,,,,,,,1100813,1136480,1232271,1150425
PNB,PUT GEX,,,,,,,,,,,1148288,1133898,1212654,1176923
PNB,GEX STRIKE,,,,,,,,,,,115.0,115.0,115.0,115.0
PNB,EXPIRY,,,,,,,,,,,2026-10-27,2026-10-27,2026-10-27,2026-10-27
PNB,ATM IV,,,,,,,,,,,30.3,30.36,30.05,29.73
PNBHOUSING,PRICE,1105.8,1092.0,,,,1103.0,1104.58,1102.15,1098.95,1094.32,1106.4,1106.3,1107.5,1107.8
PNBHOUSING,VWAP,,,,,,,,,,,1107.6,1106.85,1106.89,1107.01
PNBHOUSING,CASH VOL,638892,1090171,189958,55.92,55.91,,,,,,9316,15435,23074,28252
PNBHOUSING,F&O VOL,5146,5584,,,,,,,,,62,135,252,308
PNBHOUSING,F&O OI,20665,19569,,,,,,,,,20667,20684,20699,20700
PNBHOUSING,CALL VOL,2371,1883,,,,,,,,,42,74,154,182
PNBHOUSING,CALL OI,1866,1315,,,,,,,,,1863,1867,1875,1873
PNBHOUSING,PUT VOL,918,1407,,,,,,,,,26,37,49,67
PNBHOUSING,PUT OI,1098,997,,,,,,,,,1100,1100,1105,1105
PNBHOUSING,CALL SPRD,,,,,,,,,,,2.44,1.46,1.91,1.43
PNBHOUSING,PUT SPRD,,,,,,,,,,,2.12,2.47,2.37,1.71
PNBHOUSING,CALL OI FIX,1866,,,,,,,,,,1863,1867,1875,1873
PNBHOUSING,PUT OI FIX,1098,,,,,,,,,,1100,1100,1105,1105
PNBHOUSING,CALL DOI,,,,,,,,,,,516087,516553,526943,525527
PNBHOUSING,PUT DOI,,,,,,,,,,,-235705,-234310,-232255,-232473
PNBHOUSING,CALL GEX,,,,,,,,,,,55812,55736,55089,55964
PNBHOUSING,PUT GEX,,,,,,,,,,,26917,27311,27581,27479
PNBHOUSING,GEX STRIKE,,,,,,,,,,,1120.0,1120.0,1120.0,1120.0
PNBHOUSING,EXPIRY,,,,,,,,,,,2026-10-27,2026-10-27,2026-10-27,2026-10-27
PNBHOUSING,ATM IV,,,,,,,,,,,34.33,33.84,33.89,33.82
POLICYBZR,PRICE,976.2,980.0,,,,984.0,976.03,975.7,1088.7,1016.23,982.9,986.2,987.3,985.0
POLICYBZR,VWAP,,,,,,,,,,,980.6,982.88,983.27,983.32
POLICYBZR,CASH VOL,13249741,14061779,1586518,30.65,42.62,,,,,,317016,535388,623760,712260
POLICYBZR,F&O VOL,236261,243134,,,,,,,,,5746,14351,18235,21947
POLICYBZR,F&O OI,172922,160721,,,,,,,,,173902,174426,174634,174883
POLICYBZR,CALL VOL,78455,41667,,,,,,,,,2540,5055,6214,7407
POLICYBZR,CALL OI,13707,9370,,,,,,,,,14229,14780,14974,14959
POLICYBZR,PUT VOL,67304,81742,,,,,,,,,2095,4544,5537,6490
POLICYBZR,PUT OI,15118,13298,,,,,,,,,15345,15395,15364,15339
POLICYBZR,CALL SPRD,,,,,,,,,,,1.26,0.72,0.9,0.84
POLICYBZR,PUT SPRD,,,,,,,,,,,0.74,0.67,0.68,0.56
POLICYBZR,CALL OI FIX,13707,,,,,,,,,,14229,14780,14974,14959
POLICYBZR,PUT OI FIX,15118,,,,,,,,,,15345,15395,15364,15339
POLICYBZR,CALL DOI,,,,,,,,,,,2274204,2388462,2432785,2397374
POLICYBZR,PUT DOI,,,,,,,,,,,-2219723,-2178317,-2163470,-2193605
POLICYBZR,CALL GEX,,,,,,,,,,,138809,154169,156263,154074
POLICYBZR,PUT GEX,,,,,,,,,,,145656,143354,145107,147993
POLICYBZR,GEX STRIKE,,,,,,,,,,,1000.0,1000.0,1000.0,1000.0
POLICYBZR,EXPIRY,,,,,,,,,,,2026-10-27,2026-10-27,2026-10-27,2026-10-27
POLICYBZR,ATM IV,,,,,,,,,,,54.79,53.03,52.76,52.38
POLYCAB,PRICE,8080.0,7990.0,,,,8120.0,8083.25,8081.08,8141.5,8040.5,8102.0,8118.0,8146.5,8156.0
POLYCAB,VWAP,,,,,,,,,,,8094.17,8101.31,8108.52,8124.88
POLYCAB,CASH VOL,424158,463691,111908,65.11,57.1,,,,,,5572,11882,19376,30296
POLYCAB,F&O VOL,17476,16535,,,,,,,,,288,1070,1783,2966
POLYCAB,F&O OI,31033,30020,,,,,,,,,31096,31226,31412,31374
POLYCAB,CALL VOL,7550,7194,,,,,,,,,187,555,768,1380
POLYCAB,CALL OI,4837,4933,,,,,,,,,4584,4621,4578,4901
POLYCAB,PUT VOL,4051,3410,,,,,,,,,69,388,605,814
POLYCAB,PUT OI,5993,5537,,,,,,,,,6030,6163,6292,6274
POLYCAB,CALL SPRD,,,,,,,,,,,1.72,1.25,1.14,1.0
POLYCAB,PUT SPRD,,,,,,,,,,,2.0,1.53,2.19,1.73
POLYCAB,CALL OI FIX,4528,,,,,,,,,,4584,4621,4578,4578
POLYCAB,PUT OI FIX,6034,,,,,,,,,,6030,6163,6292,6300
POLYCAB,CALL DOI,,,,,,,,,,,240901,246712,255632,265929
POLYCAB,PUT DOI,,,,,,,,,,,-321465,-319279,-308661,-310339
POLYCAB,CALL GEX,,,,,,,,,,,29437,30479,30045,33077
POLYCAB,PUT GEX,,,,,,,,,,,38288,38935,40217,38964
POLYCAB,GEX STRIKE,,,,,,,,,,,8200.0,8200.0,8200.0,8200.0
POLYCAB,EXPIRY,,,,,,,,,,,2026-10-27,2026-10-27,2026-10-27,2026-10-27
POLYCAB,ATM IV,,,,,,,,,,,29.73,29.27,29.14,28.76
POWERGRID,PRICE,257.0,254.55,,,,257.0,257.45,257.15,261.12,256.74,256.8,257.0,257.1,257.35
POWERGRID,VWAP,,,,,,,,,,,256.83,256.96,257.12,257.15
POWERGRID,CASH VOL,7327971,10976701,2232902,65.2,66.25,,,,,,112217,207106,412126,524414
POWERGRID,F&O VOL,17349,24857,,,,,,,,,343,784,1138,1511
POWERGRID,F&O OI,53388,51838,,,,,,,,,53463,53495,53507,53515
POWERGRID,CALL VOL,7232,10234,,,,,,,,,307,518,643,828
POWERGRID,CALL OI,6183,6157,,,,,,,,,6300,6292,6316,6315
POWERGRID,PUT VOL,3529,6345,,,,,,,,,68,104,166,256
POWERGRID,PUT OI,4384,4061,,,,,,,,,4385,4398,4384,4391
POWERGRID,CALL SPRD,,,,,,,,,,,1.83,1.85,1.79,1.77
POWERGRID,PUT SPRD,,,,,,,,,,,2.17,2.15,2.25,2.3
POWERGRID,CALL OI FIX,6183,,,,,,,,,,6300,6292,6316,6315
POWERGRID,PUT OI FIX,4384,,,,,,,,,,4385,4398,4384,4391
POWERGRID,CALL DOI,,,,,,,,,,,4421566,4470782,4541348,4577503
POWERGRID,PUT DOI,,,,,,,,,,,-4581166,-4549560,-4540633,-4464533
POWERGRID,CALL GEX,,,,,,,,,,,819511,850396,830188,867419
POWERGRID,PUT GEX,,,,,,,,,,,574252,568450,583656,562801
POWERGRID,GEX STRIKE,,,,,,,,,,,260.0,260.0,260.0,265.0
POWERGRID,EXPIRY,,,,,,,,,,,2026-10-27,2026-10-27,2026-10-27,2026-10-27
POWERGRID,ATM IV,,,,,,,,,,,20.76,20.32,20.32,20.22
POWERINDIA,PRICE,31500.0,31290.0,,,,31510.0,31697.5,31565.83,31106.67,30740.0,31735.0,31600.0,31630.0,31630.0
POWERINDIA,VWAP,,,,,,,,,,,31653.33,31659.46,31638.0,31639.82
POWERINDIA,CASH VOL,72077,145146,15579,44.7,36.88,,,,,,4026,6840,8405,9954
POWERINDIA,F&O VOL,17505,37898,,,,,,,,,539,1266,1834,2337
POWERINDIA,F&O OI,31190,30694,,,,,,,,,31195,31140,31268,31287
POWERINDIA,CALL VOL,7076,18932,,,,,,,,,358,689,931,1150
POWERINDIA,CALL OI,5282,5044,,,,,,,,,5257,5224,5278,5274
POWERINDIA,PUT VOL,6050,8673,,,,,,,,,95,285,435,588
POWERINDIA,PUT OI,5739,5488,,,,,,,,,5765,5783,5808,5835
POWERINDIA,CALL SPRD,,,,,,,,,,,3.45,2.22,1.09,1.46
POWERINDIA,PUT SPRD,,,,,,,,,,,2.94,2.12,2.43,2.75
POWERINDIA,CALL OI FIX,5282,,,,,,,,,,5257,5224,5278,5274
POWERINDIA,PUT OI FIX,5739,,,,,,,,,,5765,5783,5808,5835
POWERINDIA,CALL DOI,,,,,,,,,,,68738,65898,67033,67005
POWERINDIA,PUT DOI,,,,,,,,,,,-46749,-50021,-49492,-49324
POWERINDIA,CALL GEX,,,,,,,,,,,5538,5883,6002,6057
POWERINDIA,PUT GEX,,,,,,,,,,,5768,5665,5691,5783
POWERINDIA,GEX STRIKE,,,,,,,,,,,31000.0,31000.0,31000.0,31000.0
POWERINDIA,EXPIRY,,,,,,,,,,,2026-10-27,2026-10-27,2026-10-27,2026-10-27
POWERINDIA,ATM IV,,,,,,,,,,,35.39,34.35,34.66,33.75
PREMIERENE,PRICE,891.95,878.05,,,,889.4,887.57,878.8,885.6,880.57,893.65,890.85,888.95,893.2
PREMIERENE,VWAP,,,,,,,,,,,890.13,890.74,890.33,890.4
PREMIERENE,CASH VOL,985692,1259157,343189,41.02,38.06,,,,,,24591,42039,50063,79953
PREMIERENE,F&O VOL,9858,13776,,,,,,,,,87,372,539,688
PREMIERENE,F&O OI,32269,32774,,,,,,,,,32280,32306,32312,32313
PREMIERENE,CALL VOL,5881,7264,,,,,,,,,64,225,224,390
PREMIERENE,CALL OI,7820,8691,,,,,,,,,7821,7835,6202,7830
PREMIERENE,PUT VOL,1499,2295,,,,,,,,,14,57,87,124
PREMIERENE,PUT OI,4232,4235,,,,,,,,,4228,4225,4362,4240
PREMIERENE,CALL SPRD,,,,,,,,,,,1.56,1.44,1.78,1.73
PREMIERENE,PUT SPRD,,,,,,,,,,,2.22,1.75,2.55,1.97
PREMIERENE,CALL OI FIX,7820,,,,,,,,,,7821,7835,7830,7830
PREMIERENE,PUT OI FIX,4232,,,,,,,,,,4228,4225,4225,4240
PREMIERENE,CALL DOI,,,,,,,,,,,2003117,1931284,1751627,1984373
PREMIERENE,PUT DOI,,,,,,,,,,,-938897,-959674,-974367,-941009
PREMIERENE,CALL GEX,,,,,,,,,,,195843,198805,178696,200378
PREMIERENE,PUT GEX,,,,,,,,,,,98360,100770,100718,100446
PREMIERENE,GEX STRIKE,,,,,,,,,,,900.0,900.0,900.0,900.0
PREMIERENE,EXPIRY,,,,,,,,,,,2026-10-27,2026-10-27,2026-10-27,2026-10-27
PREMIERENE,ATM IV,,,,,,,,,,,37.18,36.76,35.84,36.22
PRESTIGE,PRICE,1445.0,1486.1,,,,1446.4,1472.3,1454.1,1477.13,1459.2,1450.1,1453.9,1444.2,1448.0
PRESTIGE,VWAP,,,,,,,,,,,1446.2,1449.43,1449.3,1448.94
PRESTIGE,CASH VOL,745266,1381292,411218,67.28,41.45,,,,,,20984,39724,48188,56018
PRESTIGE,F&O VOL,9007,16294,,,,,,,,,453,951,1109,1291
PRESTIGE,F&O OI,18715,18352,,,,,,,,,18802,18744,18750,18831
PRESTIGE,CALL VOL,2817,4947,,,,,,,,,40,87,115,135
PRESTIGE,CALL OI,1707,1469,,,,,,,,,1943,1956,1727,1724
PRESTIGE,PUT VOL,1877,4755,,,,,,,,,144,221,262,306
PRESTIGE,PUT OI,2282,2292,,,,,,,,,2259,2251,2278,2287
PRESTIGE,CALL SPRD,,,,,,,,,,,2.54,1.69,1.68,1.99
PRESTIGE,PUT SPRD,,,,,,,,,,,1.69,1.53,1.74,2.03
PRESTIGE,CALL OI FIX,1707,,,,,,,,,,1709,1725,1727,1724
PRESTIGE,PUT OI FIX,2282,,,,,,,,,,2300,2292,2278,2287
PRESTIGE,CALL DOI,,,,,,,,,,,349265,357724,306021,319270
PRESTIGE,PUT DOI,,,,,,,,,,,-449068,-440265,-458412,-449705
PRESTIGE,CALL GEX,,,,,,,,,,,36690,38516,35601,34335
PRESTIGE,PUT GEX,,,,,,,,,,,45368,44008,43649,45104
PRESTIGE,GEX STRIKE,,,,,,,,,,,1500.0,1500.0,1500.0,1500.0
PRESTIGE,EXPIRY,,,,,,,,,,,2026-10-27,2026-10-27,2026-10-27,2026-10-27
PRESTIGE,ATM IV,,,,,,,,,,,36.45,35.82,36.12,36.04
RADICO,PRICE,4289.1,4237.0,,,,4300.0,4283.65,4272.75,4392.75,4288.92,4333.1,4349.3,4351.1,4349.8
RADICO,VWAP,,,,,,,,,,,4328.13,4347.55,4346.1,4346.13
RADICO,CASH VOL,395032,426809,98305,66.47,56.11,,,,,,7192,25766,34889,41139
RADICO,F&O VOL,5543,6515,,,,,,,,,212,712,1785,2251
RADICO,F&O OI,13923,13025,,,,,,,,,13944,13927,14261,14312
RADICO,CALL VOL,1270,1670,,,,,,,,,83,390,1098,1285
RADICO,CALL OI,1567,1471,,,,,,,,,1576,1568,1869,1862
RADICO,PUT VOL,443,789,,,,,,,,,3,33,60,92
RADICO,PUT OI,958,944,,,,,,,,,958,959,964,971
RADICO,CALL SPRD,,,,,,,,,,,5.97,1.58,1.65,0.93
RADICO,PUT SPRD,,,,,,,,,,,13.95,6.12,3.13,3.74
RADICO,CALL OI FIX,1082,,,,,,,,,,1092,1100,1402,1403
RADICO,PUT OI FIX,909,,,,,,,,,,909,910,915,922
RADICO,CALL DOI,,,,,,,,,,,88844,93879,114335,113679
RADICO,PUT DOI,,,,,,,,,,,-72650,-70313,-70101,-70478
RADICO,CALL GEX,,,,,,,,,,,10610,10392,13376,13309
RADICO,PUT GEX,,,,,,,,,,,6390,6630,6490,6489
RADICO,GEX STRIKE,,,,,,,,,,,4500.0,4500.0,4400.0,4400.0
RADICO,EXPIRY,,,,,,,,,,,2026-10-27,2026-10-27,2026-10-27,2026-10-27
RADICO,ATM IV,,,,,,,,,,,34.34,34.31,33.73,33.99
RBLBANK,PRICE,416.55,411.4,,,,416.95,416.05,415.05,410.81,409.62,417.0,415.45,417.05,416.55
RBLBANK,VWAP,,,,,,,,,,,416.8,416.19,416.27,416.43
RBLBANK,CASH VOL,4238401,5387538,634833,29.0,29.82,,,,,,76355,202149,246704,292588
RBLBANK,F&O VOL,17021,18999,,,,,,,,,573,1323,1574,1923
RBLBANK,F&O OI,24130,23384,,,,,,,,,24223,24385,24409,24466
RBLBANK,CALL VOL,8176,7885,,,,,,,,,371,702,827,998
RBLBANK,CALL OI,4465,4023,,,,,,,,,4520,4571,4578,4583
RBLBANK,PUT VOL,3376,4629,,,,,,,,,201,374,390,494
RBLBANK,PUT OI,3219,2699,,,,,,,,,3272,3320,3326,3358
RBLBANK,CALL SPRD,,,,,,,,,,,1.04,1.11,1.76,1.42
RBLBANK,PUT SPRD,,,,,,,,,,,1.78,1.63,1.75,1.74
RBLBANK,CALL OI FIX,4465,,,,,,,,,,4520,4571,4578,4583
RBLBANK,PUT OI FIX,3219,,,,,,,,,,3272,3320,3326,3358
RBLBANK,CALL DOI,,,,,,,,,,,7525951,7252691,7551804,7467402
RBLBANK,PUT DOI,,,,,,,,,,,-3693586,-3935976,-3734051,-3837645
RBLBANK,CALL GEX,,,,,,,,,,,702207,734637,702854,729493
RBLBANK,PUT GEX,,,,,,,,,,,438592,436687,442737,446537
RBLBANK,GEX STRIKE,,,,,,,,,,,400.0,400.0,400.0,400.0
RBLBANK,EXPIRY,,,,,,,,,,,2026-10-27,2026-10-27,2026-10-27,2026-10-27
RBLBANK,ATM IV,,,,,,,,,,,32.38,32.38,32.06,31.88
RECLTD,PRICE,295.65,287.75,,,,295.55,294.45,292.05,298.9,291.47,297.4,298.05,298.45,298.4
RECLTD,VWAP,,,,,,,,,,,297.17,297.29,297.72,297.82
RECLTD,CASH VOL,8639552,9069239,1721106,68.19,57.74,,,,,,194370,334862,486230,614311
RECLTD,F&O VOL,18562,23993,,,,,,,,,600,1750,3009,3410
RECLTD,F&O OI,53515,54120,,,,,,,,,53561,53534,53623,53642
RECLTD,CALL VOL,6940,10553,,,,,,,,,360,861,1573,1790
RECLTD,CALL OI,7181,7009,,,,,,,,,7138,7243,7300,7325
RECLTD,PUT VOL,4697,6739,,,,,,,,,267,601,788,868
RECLTD,PUT OI,6868,6770,,,,,,,,,7099,6862,6823,6831
RECLTD,CALL SPRD,,,,,,,,,,,1.47,1.29,1.29,0.64
RECLTD,PUT SPRD,,,,,,,,,,,1.57,1.8,1.82,1.24
RECLTD,CALL OI FIX,7139,,,,,,,,,,7138,7160,7215,7240
RECLTD,PUT OI FIX,7125,,,,,,,,,,7099,7120,7081,7088
RECLTD,CALL DOI,,,,,,,,,,,4652743,4595083,4695456,4666894
RECLTD,PUT DOI,,,,,,,,,,,-5104252,-5194526,-5115718,-5092043
RECLTD,CALL GEX,,,,,,,,,,,534031,584018,570938,604536
RECLTD,PUT GEX,,,,,,,,,,,550883,524918,551946,522484
RECLTD,GEX STRIKE,,,,,,,,,,,300.0,300.0,300.0,300.0
RECLTD,EXPIRY,,,,,,,,,,,2026-10-27,2026-10-27,2026-10-27,2026-10-27
RECLTD,ATM IV,,,,,,,,,,,29.38,28.31,27.79,27.77
RELIANCE,PRICE,1186.4,1167.7,,,,1188.1,1184.97,1182.1,1190.25,1175.22,1190.0,1191.6,1197.0,1198.5
RELIANCE,VWAP,,,,,,,,,,,1190.1,1191.88,1192.58,1194.03
RELIANCE,CASH VOL,14254907,16771221,2662564,62.29,61.24,,,,,,470538,930358,1244756,1572132
RELIANCE,F&O VOL,253588,248960,,,,,,,,,7027,17438,25439,36408
RELIANCE,F&O OI,574596,574921,,,,,,,,,575994,577138,577132,577180
RELIANCE,CALL VOL,106333,86161,,,,,,,,,1861,4935,8930,13088
RELIANCE,CALL OI,60744,66503,,,,,,,,,50472,50650,60940,60572
RELIANCE,PUT VOL,40643,42681,,,,,,,,,808,2488,4018,5596
RELIANCE,PUT OI,52148,52317,,,,,,,,,48625,48628,52219,52330
RELIANCE,CALL SPRD,,,,,,,,,,,0.5,0.48,0.36,0.53
RELIANCE,PUT SPRD,,,,,,,,,,,0.6,0.84,0.19,0.58
RELIANCE,CALL OI FIX,50358,,,,,,,,,,50472,50650,50520,50258
RELIANCE,PUT OI FIX,48533,,,,,,,,,,48625,48628,48656,48770
RELIANCE,CALL DOI,,,,,,,,,,,11715148,11945573,13951313,14052612
RELIANCE,PUT DOI,,,,,,,,,,,-11388189,-11211886,-12598535,-12355175
RELIANCE,CALL GEX,,,,,,,,,,,1649778,1690006,1939857,2080832
RELIANCE,PUT GEX,,,,,,,,,,,1478535,1470163,1626470,1548917
RELIANCE,GEX STRIKE,,,,,,,,,,,1200.0,1200.0,1200.0,1200.0
RELIANCE,EXPIRY,,,,,,,,,,,2026-10-27,2026-10-27,2026-10-27,2026-10-27
RELIANCE,ATM IV,,,,,,,,,,,24.3,24.2,23.92,23.54
RVNL,PRICE,196.95,197.0,,,,197.0,197.62,197.17,201.85,198.62,197.68,198.74,198.61,199.75
RVNL,VWAP,,,,,,,,,,,197.52,197.98,198.22,198.72
RVNL,CASH VOL,2937181,6247340,598947,26.48,29.56,,,,,,150950,341787,486016,778783
RVNL,F&O VOL,7573,18564,,,,,,,,,88,379,877,1451
RVNL,F&O OI,35318,35214,,,,,,,,,35326,35346,35257,35220
RVNL,CALL VOL,3732,7867,,,,,,,,,51,276,516,865
RVNL,CALL OI,4539,4600,,,,,,,,,4448,4473,4369,4442
RVNL,PUT VOL,905,3330,,,,,,,,,12,41,75,177
RVNL,PUT OI,3795,3813,,,,,,,,,3966,3967,3968,3804
RVNL,CALL SPRD,,,,,,,,,,,5.11,1.55,1.93,0.84
RVNL,PUT SPRD,,,,,,,,,,,2.51,1.85,2.23,1.47
RVNL,CALL OI FIX,4438,,,,,,,,,,4448,4473,4369,4342
RVNL,PUT OI FIX,3969,,,,,,,,,,3966,3967,3968,3976
RVNL,CALL DOI,,,,,,,,,,,3245748,3480436,3363558,3545132
RVNL,PUT DOI,,,,,,,,,,,-3799374,-3662198,-3682595,-3427002
RVNL,CALL GEX,,,,,,,,,,,355412,358593,347024,369642
RVNL,PUT GEX,,,,,,,,,,,280258,287713,294979,274594
RVNL,GEX STRIKE,,,,,,,,,,,210.0,210.0,210.0,210.0
RVNL,EXPIRY,,,,,,,,,,,2026-10-27,2026-10-27,2026-10-27,2026-10-27
RVNL,ATM IV,,,,,,,,,,,37.37,37.38,37.59,36.64
SAIL,PRICE,176.95,174.5,,,,177.3,176.92,176.86,179.44,176.15,176.94,178.2,179.34,179.32
SAIL,VWAP,,,,,,,,,,,177.6,177.73,178.06,178.36
SAIL,CASH VOL,11407529,26206885,2765030,41.8,43.19,,,,,,1178281,2109311,2791317,3345702
SAIL,F&O VOL,48,222,,,,,,,,,,2,9,13
SAIL,F&O OI,37592,37610,,,,,,,,,37592,37593,37593,37592
SAIL,CALL VOL,,,,,,,,,,,0,0,0,0
SAIL,CALL OI,27,27,,,,,,,,,27,27,27,27
SAIL,PUT VOL,,,,,,,,,,,0,0,0,0
SAIL,PUT OI,13,13,,,,,,,,,13,13,13,13
SAIL,CALL SPRD,,,,,,,,,,,,198.56,195.95,193.56
SAIL,PUT SPRD,,,,,,,,,,,195.1,195.1,127.67,127.67
SAIL,CALL OI FIX,27,,,,,,,,,,27,27,27,27
SAIL,PUT OI FIX,13,,,,,,,,,,13,13,13,13
SAIL,CALL DOI,,,,,,,,,,,49505,53494,57121,57055
SAIL,PUT DOI,,,,,,,,,,,-30906,-29199,-27671,-27698
SAIL,CALL GEX,,,,,,,,,,,5581,5667,5712,5712
SAIL,PUT GEX,,,,,,,,,,,2408,2404,2390,2391
SAIL,GEX STRIKE,,,,,,,,,,,180.0,180.0,180.0,180.0
SAIL,EXPIRY,,,,,,,,,,,2026-10-27,2026-10-27,2026-10-27,2026-10-27
SAIL,ATM IV,,,,,,,,,,,,,36.5,36.5
SBICARD,PRICE,566.0,563.2,,,,566.0,569.2,567.07,585.08,570.49,567.25,566.75,566.25,567.0
SBICARD,VWAP,,,,,,,,,,,565.65,566.42,566.32,566.34
SBICARD,CASH VOL,778398,962872,174322,44.83,41.32,,,,,,26325,44984,62677,74431
SBICARD,F&O VOL,9620,15626,,,,,,,,,209,511,709,812
SBICARD,F&O OI,36721,35920,,,,,,,,,36746,36756,36793,36822
SBICARD,CALL VOL,3619,4495,,,,,,,,,100,253,341,370
SBICARD,CALL OI,4138,3960,,,,,,,,,4148,4146,4141,4154
SBICARD,PUT VOL,2093,2653,,,,,,,,,42,75,99,116
SBICARD,PUT OI,4587,4372,,,,,,,,,4588,4597,4599,4605
SBICARD,CALL SPRD,,,,,,,,,,,2.16,1.65,1.68,1.65
SBICARD,PUT SPRD,,,,,,,,,,,3.03,1.66,1.65,1.96
SBICARD,CALL OI FIX,4138,,,,,,,,,,4148,4146,4141,4154
SBICARD,PUT OI FIX,4587,,,,,,,,,,4588,4597,4599,4605
SBICARD,CALL DOI,,,,,,,,,,,1071706,1040898,1021801,1043701
SBICARD,PUT DOI,,,,,,,,,,,-1890049,-1899585,-1913296,-1895869
SBICARD,CALL GEX,,,,,,,,,,,134182,137186,137398,139375
SBICARD,PUT GEX,,,,,,,,,,,150251,149083,149391,148947
SBICARD,GEX STRIKE,,,,,,,,,,,600.0,600.0,600.0,600.0
SBICARD,EXPIRY,,,,,,,,,,,2026-10-27,2026-10-27,2026-10-27,2026-10-27
SBICARD,ATM IV,,,,,,,,,,,35.37,33.16,33.11,33.83
SBILIFE,PRICE,1709.5,1721.6,,,,1720.2,1725.45,1714.82,1719.0,1713.8,1715.0,1721.6,1724.9,1725.3
SBILIFE,VWAP,,,,,,,,,,,1715.0,1716.86,1719.93,1721.84
SBILIFE,CASH VOL,1322426,3329860,248121,63.43,63.76,,,,,,12698,20941,32333,45807
SBILIFE,F&O VOL,10796,12730,,,,,,,,,238,669,1057,1324
SBILIFE,F&O OI,24434,24228,,,,,,,,,24492,24538,24538,24560
SBILIFE,CALL VOL,4672,4630,,,,,,,,,175,431,641,786
SBILIFE,CALL OI,2339,1902,,,,,,,,,2406,2397,2399,2403
SBILIFE,PUT VOL,3048,3208,,,,,,,,,44,174,242,292
SBILIFE,PUT OI,1682,1646,,,,,,,,,1672,1692,1698,1703
SBILIFE,CALL SPRD,,,,,,,,,,,1.62,1.09,1.16,1.05
SBILIFE,PUT SPRD,,,,,,,,,,,1.04,0.74,0.77,0.78
SBILIFE,CALL OI FIX,2229,,,,,,,,,,2292,2285,2285,2290
SBILIFE,PUT OI FIX,1810,,,,,,,,,,1800,1819,1827,1832
SBILIFE,CALL DOI,,,,,,,,,,,340674,361130,373235,371292
SBILIFE,PUT DOI,,,,,,,,,,,-300648,-291656,-286859,-286615
SBILIFE,CALL GEX,,,,,,,,,,,53157,53607,53670,56276
SBILIFE,PUT GEX,,,,,,,,,,,33370,34249,35719,34111
SBILIFE,GEX STRIKE,,,,,,,,,,,1760.0,1760.0,1760.0,1760.0
SBILIFE,EXPIRY,,,,,,,,,,,2026-10-27,2026-10-27,2026-10-27,2026-10-27
SBILIFE,ATM IV,,,,,,,,,,,26.37,26.31,26.27,26.02
SBIN,PRICE,958.0,954.1,,,,962.1,962.73,959.57,964.15,957.45,955.5,955.75,957.45,957.75
SBIN,VWAP,,,,,,,,,,,957.63,956.27,956.24,956.42
SBIN,CASH VOL,8165087,7390452,1621972,61.1,50.73,,,,,,339763,480182,617972,714103
SBIN,F&O VOL,94946,112766,,,,,,,,,3071,8290,10913,13302
SBIN,F&O OI,240813,236879,,,,,,,,,241202,242021,242195,242202
SBIN,CALL VOL,37305,47653,,,,,,,,,1990,4196,5344,6404
SBIN,CALL OI,26943,26163,,,,,,,,,27341,27889,28045,28081
SBIN,PUT VOL,29111,30907,,,,,,,,,823,2154,2871,3624
SBIN,PUT OI,26423,25974,,,,,,,,,26461,26555,26400,26295
SBIN,CALL SPRD,,,,,,,,,,,0.54,0.78,0.5,0.5
SBIN,PUT SPRD,,,,,,,,,,,0.92,0.74,0.78,0.8
SBIN,CALL OI FIX,26943,,,,,,,,,,27341,27889,28045,28081
SBIN,PUT OI FIX,26423,,,,,,,,,,26461,26555,26400,26295
SBIN,CALL DOI,,,,,,,,,,,7299132,7352811,7660603,7638985
SBIN,PUT DOI,,,,,,,,,,,-10310818,-10313566,-10113025,-9967105
SBIN,CALL GEX,,,,,,,,,,,1383148,1434460,1444937,1493861
SBIN,PUT GEX,,,,,,,,,,,1252026,1271284,1318812,1281248
SBIN,GEX STRIKE,,,,,,,,,,,1000.0,1000.0,1000.0,1000.0
SBIN,EXPIRY,,,,,,,,,,,2026-10-27,2026-10-27,2026-10-27,2026-10-27
SBIN,ATM IV,,,,,,,,,,,22.05,21.59,21.36,21.09
SHREECEM,PRICE,21990.0,21900.0,,,,21800.0,21963.33,21910.0,21892.5,21877.5,21935.0,21900.0,21910.0,21965.0
SHREECEM,VWAP,,,,,,,,,,,21990.0,21952.32,21942.75,21942.23
SHREECEM,CASH VOL,39075,59306,11388,62.52,60.82,,,,,,1034,1935,2522,2959
SHREECEM,F&O VOL,4984,9979,,,,,,,,,104,217,313,394
SHREECEM,F&O OI,19636,19894,,,,,,,,,19652,19660,19658,19665
SHREECEM,CALL VOL,1284,4462,,,,,,,,,38,69,93,109
SHREECEM,CALL OI,1873,1957,,,,,,,,,1869,1872,1871,1877
SHREECEM,PUT VOL,423,1461,,,,,,,,,43,63,73,106
SHREECEM,PUT OI,1026,1001,,,,,,,,,1032,1038,1038,1041
SHREECEM,CALL SPRD,,,,,,,,,,,3.68,5.59,3.57,2.93
SHREECEM,PUT SPRD,,,,,,,,,,,8.88,3.45,3.02,3.7
SHREECEM,CALL OI FIX,1873,,,,,,,,,,1869,1872,1871,1877
SHREECEM,PUT OI FIX,1026,,,,,,,,,,1032,1038,1038,1041
SHREECEM,CALL DOI,,,,,,,,,,,18806,18492,18635,19245
SHREECEM,PUT DOI,,,,,,,,,,,-11760,-11912,-11836,-11543
SHREECEM,CALL GEX,,,,,,,,,,,2721,2652,2624,2688
SHREECEM,PUT GEX,,,,,,,,,,,1388,1432,1430,1422
SHREECEM,GEX STRIKE,,,,,,,,,,,22000.0,22000.0,22000.0,22000.0
SHREECEM,EXPIRY,,,,,,,,,,,2026-10-27,2026-10-27,2026-10-27,2026-10-27
SHREECEM,ATM IV,,,,,,,,,,,26.21,26.45,26.99,27.05
SHRIRAMFIN,PRICE,971.4,945.0,,,,971.4,968.85,963.75,963.65,951.22,971.1,970.65,972.1,971.25
SHRIRAMFIN,VWAP,,,,,,,,,,,971.55,971.2,971.24,971.22
SHRIRAMFIN,CASH VOL,5092892,5599670,959487,59.46,63.51,,,,,,135270,181873,251918,297786
SHRIRAMFIN,F&O VOL,20691,34253,,,,,,,,,361,654,1056,1318
SHRIRAMFIN,F&O OI,47155,47227,,,,,,,,,47202,47214,47247,47292
SHRIRAMFIN,CALL VOL,10879,14902,,,,,,,,,244,417,591,704
SHRIRAMFIN,CALL OI,8010,7717,,,,,,,,,8050,8038,8048,8070
SHRIRAMFIN,PUT VOL,5865,11603,,,,,,,,,70,148,254,340
SHRIRAMFIN,PUT OI,6284,6496,,,,,,,,,6284,6290,6296,6297
SHRIRAMFIN,CALL SPRD,,,,,,,,,,,0.76,1.15,1.14,0.76
SHRIRAMFIN,PUT SPRD,,,,,,,,,,,1.35,1.06,1.38,1.56
SHRIRAMFIN,CALL OI FIX,8010,,,,,,,,,,8050,8038,8048,8070
SHRIRAMFIN,PUT OI FIX,6284,,,,,,,,,,6284,6290,6296,6297
SHRIRAMFIN,CALL DOI,,,,,,,,,,,2596259,2568300,2607695,2578223
SHRIRAMFIN,PUT DOI,,,,,,,,,,,-2219799,-2229639,-2193613,-2215315
SHRIRAMFIN,CALL GEX,,,,,,,,,,,315142,317493,323878,328844
SHRIRAMFIN,PUT GEX,,,,,,,,,,,220854,221422,222028,222210
SHRIRAMFIN,GEX STRIKE,,,,,,,,,,,1000.0,980.0,1000.0,980.0
SHRIRAMFIN,EXPIRY,,,,,,,,,,,2026-10-27,2026-10-27,2026-10-27,2026-10-27
SHRIRAMFIN,ATM IV,,,,,,,,,,,32.05,31.8,31.58,30.91
SIEMENS,PRICE,3701.1,3804.0,,,,3734.0,3771.0,3724.4,3798.03,3786.1,3727.7,3720.1,3726.7,3729.1
SIEMENS,VWAP,,,,,,,,,,,3719.87,3723.45,3722.77,3724.74
SIEMENS,CASH VOL,184140,243713,52987,44.22,42.26,,,,,,8814,13985,17059,21210
SIEMENS,F&O VOL,11141,9593,,,,,,,,,315,604,777,993
SIEMENS,F&O OI,26159,26934,,,,,,,,,26136,26125,26134,26120
SIEMENS,CALL VOL,5305,5003,,,,,,,,,249,300,428,563
SIEMENS,CALL OI,2516,2753,,,,,,,,,2502,1982,2478,2469
SIEMENS,PUT VOL,2029,1659,,,,,,,,,83,117,171,222
SIEMENS,PUT OI,3248,3063,,,,,,,,,3240,3159,3255,3260
SIEMENS,CALL SPRD,,,,,,,,,,,2.4,2.94,5.4,2.8
SIEMENS,PUT SPRD,,,,,,,,,,,7.45,2.99,3.95,5.52
SIEMENS,CALL OI FIX,2030,,,,,,,,,,2017,1982,1988,1982
SIEMENS,PUT OI FIX,3154,,,,,,,,,,3146,3159,3161,3166
SIEMENS,CALL DOI,,,,,,,,,,,159646,133051,151329,151402
SIEMENS,PUT DOI,,,,,,,,,,,-257977,-248334,-257005,-254631
SIEMENS,CALL GEX,,,,,,,,,,,20784,18514,22198,22671
SIEMENS,PUT GEX,,,,,,,,,,,29267,26788,28169,28655
SIEMENS,GEX STRIKE,,,,,,,,,,,3800.0,3800.0,3800.0,3800.0
SIEMENS,EXPIRY,,,,,,,,,,,2026-10-27,2026-10-27,2026-10-27,2026-10-27
SIEMENS,ATM IV,,,,,,,,,,,33.13,29.55,29.68,29.88
SOLARINDS,PRICE,19540.0,19400.0,,,,19464.0,19508.5,19445.5,19345.0,19235.0,19651.0,19599.0,19623.0,19690.0
SOLARINDS,VWAP,,,,,,,,,,,19604.33,19600.89,19599.25,19637.39
SOLARINDS,CASH VOL,114870,204788,26293,39.72,35.8,,,,,,8140,11332,13538,20669
SOLARINDS,F&O VOL,16405,27724,,,,,,,,,1424,2635,3152,5055
SOLARINDS,F&O OI,38204,37894,,,,,,,,,37937,37913,37931,37735
SOLARINDS,CALL VOL,6057,11094,,,,,,,,,1048,1367,1517,2923
SOLARINDS,CALL OI,6663,6958,,,,,,,,,6456,5145,5133,6435
SOLARINDS,PUT VOL,2104,3996,,,,,,,,,155,282,343,510
SOLARINDS,PUT OI,4186,4201,,,,,,,,,4200,4069,4084,4216
SOLARINDS,CALL SPRD,,,,,,,,,,,2.09,1.48,1.24,0.91
SOLARINDS,PUT SPRD,,,,,,,,,,,15.71,1.64,1.36,5.13
SOLARINDS,CALL OI FIX,5274,,,,,,,,,,5100,5145,5133,5160
SOLARINDS,PUT OI FIX,4042,,,,,,,,,,4056,4069,4084,4072
SOLARINDS,CALL DOI,,,,,,,,,,,148160,129698,130624,151610
SOLARINDS,PUT DOI,,,,,,,,,,,-87331,-82935,-81820,-85499
SOLARINDS,CALL GEX,,,,,,,,,,,13880,11528,11305,14368
SOLARINDS,PUT GEX,,,,,,,,,,,8761,8738,8822,8859
SOLARINDS,GEX STRIKE,,,,,,,,,,,20000.0,20000.0,20000.0,20000.0
SOLARINDS,EXPIRY,,,,,,,,,,,2026-10-27,2026-10-27,2026-10-27,2026-10-27
SOLARINDS,ATM IV,,,,,,,,,,,36.12,35.06,35.24,34.7
SONACOMS,PRICE,797.0,805.0,,,,799.7,796.22,794.67,810.33,806.78,796.8,797.25,797.9,799.4
SONACOMS,VWAP,,,,,,,,,,,796.73,797.06,797.03,797.79
SONACOMS,CASH VOL,2049996,3497748,539843,44.39,44.74,,,,,,36787,63078,81925,110256
SONACOMS,F&O VOL,7858,19044,,,,,,,,,92,216,309,597
SONACOMS,F&O OI,19874,19637,,,,,,,,,19880,19905,19908,19936
SONACOMS,CALL VOL,3080,6193,,,,,,,,,50,119,151,284
SONACOMS,CALL OI,3206,3038,,,,,,,,,3205,3208,3212,3202
SONACOMS,PUT VOL,1422,4058,,,,,,,,,4,9,24,99
SONACOMS,PUT OI,2421,2297,,,,,,,,,2421,2422,2421,2441
SONACOMS,CALL SPRD,,,,,,,,,,,1.31,1.48,0.92,0.89
SONACOMS,PUT SPRD,,,,,,,,,,,6.44,6.13,1.87,0.98
SONACOMS,CALL OI FIX,3206,,,,,,,,,,3205,3208,3212,3202
SONACOMS,PUT OI FIX,2421,,,,,,,,,,2421,2422,2421,2441
SONACOMS,CALL DOI,,,,,,,,,,,1523033,1518863,1528684,1561065
SONACOMS,PUT DOI,,,,,,,,,,,-1430006,-1427643,-1417288,-1394370
SONACOMS,CALL GEX,,,,,,,,,,,173262,177127,180187,178591
SONACOMS,PUT GEX,,,,,,,,,,,116093,116224,117951,120279
SONACOMS,GEX STRIKE,,,,,,,,,,,800.0,800.0,800.0,800.0
SONACOMS,EXPIRY,,,,,,,,,,,2026-10-27,2026-10-27,2026-10-27,2026-10-27
SONACOMS,ATM IV,,,,,,,,,,,36.8,36.89,35.66,35.24
SRF,PRICE,2460.0,2486.2,,,,2450.0,2468.5,2462.83,2481.67,2472.6,2457.8,2463.2,2466.0,2469.6
SRF,VWAP,,,,,,,,,,,2457.27,2457.98,2457.83,2460.77
SRF,CASH VOL,204482,352530,42493,59.29,61.36,,,,,,2458,5201,13630,21561
SRF,F&O VOL,4371,5207,,,,,,,,,83,158,271,416
SRF,F&O OI,26863,26994,,,,,,,,,26877,26888,26901,26908
SRF,CALL VOL,1650,1636,,,,,,,,,32,48,96,158
SRF,CALL OI,1704,1811,,,,,,,,,1718,1721,1723,1730
SRF,PUT VOL,676,930,,,,,,,,,7,11,20,50
SRF,PUT OI,1793,1792,,,,,,,,,1797,1798,1801,1800
SRF,CALL SPRD,,,,,,,,,,,42.26,34.18,39.55,7.36
SRF,PUT SPRD,,,,,,,,,,,42.7,39.63,26.58,9.17
SRF,CALL OI FIX,1704,,,,,,,,,,1718,1721,1723,1730
SRF,PUT OI FIX,1793,,,,,,,,,,1797,1798,1801,1800
SRF,CALL DOI,,,,,,,,,,,155794,160602,162794,165839
SRF,PUT DOI,,,,,,,,,,,-179519,-175138,-172736,-169630
SRF,CALL GEX,,,,,,,,,,,20410,21385,21559,22018
SRF,PUT GEX,,,,,,,,,,,22597,22250,22426,22312
SRF,GEX STRIKE,,,,,,,,,,,2500.0,2500.0,2500.0,2500.0
SRF,EXPIRY,,,,,,,,,,,2026-10-27,2026-10-27,2026-10-27,2026-10-27
SRF,ATM IV,,,,,,,,,,,27.68,27.68,27.68,28.52
SUNPHARMA,PRICE,1779.7,1801.0,,,,1775.0,1789.8,1783.07,1828.8,1810.27,1774.6,1774.8,1775.8,1778.9
SUNPHARMA,VWAP,,,,,,,,,,,1773.23,1773.4,1773.8,1774.94
SUNPHARMA,CASH VOL,1290843,2314700,271736,57.02,63.96,,,,,,33780,50993,71119,90212
SUNPHARMA,F&O VOL,33037,33516,,,,,,,,,1058,1924,2560,3312
SUNPHARMA,F&O OI,69295,66185,,,,,,,,,69395,69601,69730,69842
SUNPHARMA,CALL VOL,13548,9351,,,,,,,,,565,946,1174,1545
SUNPHARMA,CALL OI,5286,4416,,,,,,,,,5342,5387,5441,5514
SUNPHARMA,PUT VOL,12175,11873,,,,,,,,,353,716,971,1231
SUNPHARMA,PUT OI,7383,6467,,,,,,,,,7447,7551,7602,7615
SUNPHARMA,CALL SPRD,,,,,,,,,,,1.32,1.23,1.36,1.15
SUNPHARMA,PUT SPRD,,,,,,,,,,,1.28,1.56,1.12,1.39
SUNPHARMA,CALL OI FIX,5286,,,,,,,,,,5342,5387,5441,5514
SUNPHARMA,PUT OI FIX,7383,,,,,,,,,,7447,7551,7602,7615
SUNPHARMA,CALL DOI,,,,,,,,,,,592876,576627,590622,624183
SUNPHARMA,PUT DOI,,,,,,,,,,,-1242074,-1252741,-1246768,-1216998
SUNPHARMA,CALL GEX,,,,,,,,,,,126996,135419,138825,144189
SUNPHARMA,PUT GEX,,,,,,,,,,,184203,178983,180614,183930
SUNPHARMA,GEX STRIKE,,,,,,,,,,,1780.0,1780.0,1780.0,1780.0
SUNPHARMA,EXPIRY,,,,,,,,,,,2026-10-27,2026-10-27,2026-10-27,2026-10-27
SUNPHARMA,ATM IV,,,,,,,,,,,19.45,19.14,18.75,18.49
SUPREMEIND,PRICE,3398.9,3380.0,,,,3410.0,3400.45,3399.42,3423.8,3394.6,3386.9,3408.6,3409.5,3412.9
SUPREMEIND,VWAP,,,,,,,,,,,3383.53,3392.35,3396.24,3400.71
SUPREMEIND,CASH VOL,53297,167968,17583,41.07,41.88,,,,,,1390,3146,4008,5364
SUPREMEIND,F&O VOL,4098,6789,,,,,,,,,49,122,250,349
SUPREMEIND,F&O OI,15655,14647,,,,,,,,,15667,15661,15669,15695
SUPREMEIND,CALL VOL,2061,2304,,,,,,,,,17,75,121,180
SUPREMEIND,CALL OI,1533,934,,,,,,,,,1535,1535,1529,1535
SUPREMEIND,PUT VOL,749,1360,,,,,,,,,13,26,73,85
SUPREMEIND,PUT OI,1068,869,,,,,,,,,1068,1068,1093,1098
SUPREMEIND,CALL SPRD,,,,,,,,,,,4.46,2.49,1.52,1.72
SUPREMEIND,PUT SPRD,,,,,,,,,,,12.84,6.33,2.04,2.13
SUPREMEIND,CALL OI FIX,1533,,,,,,,,,,1535,1535,1529,1535
SUPREMEIND,PUT OI FIX,1068,,,,,,,,,,1068,1068,1093,1098
SUPREMEIND,CALL DOI,,,,,,,,,,,102677,110946,111620,113303
SUPREMEIND,PUT DOI,,,,,,,,,,,-90078,-84708,-84589,-84495
SUPREMEIND,CALL GEX,,,,,,,,,,,13466,13865,13561,13759
SUPREMEIND,PUT GEX,,,,,,,,,,,7957,8188,8794,8740
SUPREMEIND,GEX STRIKE,,,,,,,,,,,3400.0,3400.0,3400.0,3400.0
SUPREMEIND,EXPIRY,,,,,,,,,,,2026-10-27,2026-10-27,2026-10-27,2026-10-27
SUPREMEIND,ATM IV,,,,,,,,,,,33.58,32.12,30.74,30.62
SUZLON,PRICE,38.92,38.91,,,,39.01,39.11,38.98,39.66,39.16,39.1,39.15,39.29,39.37
SUZLON,VWAP,,,,,,,,,,,39.05,39.08,39.13,39.19
SUZLON,CASH VOL,51123556,53247107,13994593,43.77,38.56,,,,,,1968302,3085928,4479323,6255948
SUZLON,F&O VOL,10945,15479,,,,,,,,,381,591,1030,1345
SUZLON,F&O OI,55282,54424,,,,,,,,,55373,55397,55430,55480
SUZLON,CALL VOL,4897,5653,,,,,,,,,233,333,459,606
SUZLON,CALL OI,6940,6487,,,,,,,,,6996,6996,6980,6983
SUZLON,PUT VOL,1671,3638,,,,,,,,,48,96,206,260
SUZLON,PUT OI,4762,4679,,,,,,,,,4779,4793,4812,4813
SUZLON,CALL SPRD,,,,,,,,,,,2.45,1.81,2.34,2.3
SUZLON,PUT SPRD,,,,,,,,,,,2.32,1.59,2.51,2.64
SUZLON,CALL OI FIX,6940,,,,,,,,,,6996,6996,6980,6983
SUZLON,PUT OI FIX,4762,,,,,,,,,,4779,4793,4812,4813
SUZLON,CALL DOI,,,,,,,,,,,29233617,29411429,30527083,30386546
SUZLON,PUT DOI,,,,,,,,,,,-29650370,-29369390,-28653037,-28156241
SUZLON,CALL GEX,,,,,,,,,,,2925823,2979436,2974441,3138226
SUZLON,PUT GEX,,,,,,,,,,,2120630,2122896,2205491,2121686
SUZLON,GEX STRIKE,,,,,,,,,,,40.0,40.0,40.0,40.0
SUZLON,EXPIRY,,,,,,,,,,,2026-10-27,2026-10-27,2026-10-27,2026-10-27
SUZLON,ATM IV,,,,,,,,,,,39.22,39.11,38.84,38.43
SWIGGY,PRICE,238.8,238.0,,,,240.0,241.85,239.82,250.78,242.26,239.2,239.05,238.4,239.6
SWIGGY,VWAP,,,,,,,,,,,239.47,239.26,239.04,238.97
SWIGGY,CASH VOL,11179271,13785398,1973436,37.98,44.9,,,,,,514672,768297,1079768,1339961
SWIGGY,F&O VOL,25006,28918,,,,,,,,,216,966,1521,2180
SWIGGY,F&O OI,67379,63659,,,,,,,,,67420,67665,67781,67902
SWIGGY,CALL VOL,11420,8319,,,,,,,,,128,415,821,1098
SWIGGY,CALL OI,7740,5476,,,,,,,,,7775,7876,8027,8091
SWIGGY,PUT VOL,3348,6564,,,,,,,,,27,103,149,218
SWIGGY,PUT OI,6253,5981,,,,,,,,,6256,6261,6269,6261
SWIGGY,CALL SPRD,,,,,,,,,,,1.63,1.13,1.17,0.54
SWIGGY,PUT SPRD,,,,,,,,,,,1.73,2.22,2.15,1.77
SWIGGY,CALL OI FIX,7740,,,,,,,,,,7775,7876,8027,8091
SWIGGY,PUT OI FIX,6253,,,,,,,,,,6256,6261,6269,6261
SWIGGY,CALL DOI,,,,,,,,,,,4226567,4315454,4221251,4560497
SWIGGY,PUT DOI,,,,,,,,,,,-6020416,-6050745,-6157464,-5959177
SWIGGY,CALL GEX,,,,,,,,,,,491927,490505,503130,510853
SWIGGY,PUT GEX,,,,,,,,,,,402447,411740,405132,415643
SWIGGY,GEX STRIKE,,,,,,,,,,,240.0,240.0,240.0,240.0
SWIGGY,EXPIRY,,,,,,,,,,,2026-10-27,2026-10-27,2026-10-27,2026-10-27
SWIGGY,ATM IV,,,,,,,,,,,39.23,39.53,38.98,38.99
TATACONSUM,PRICE,953.75,957.0,,,,953.75,953.67,953.5,964.3,959.43,950.75,951.05,949.85,951.4
TATACONSUM,VWAP,,,,,,,,,,,950.97,952.25,951.98,951.72
TATACONSUM,CASH VOL,1540341,1829307,338822,67.88,62.53,,,,,,22923,81087,89812,102385
TATACONSUM,F&O VOL,9200,12132,,,,,,,,,173,695,915,1080
TATACONSUM,F&O OI,41744,40557,,,,,,,,,41763,41752,41787,41763
TATACONSUM,CALL VOL,3504,3959,,,,,,,,,111,407,558,667
TATACONSUM,CALL OI,2486,2370,,,,,,,,,2496,2513,2522,2517
TATACONSUM,PUT VOL,2434,3700,,,,,,,,,17,160,202,235
TATACONSUM,PUT OI,3480,3211,,,,,,,,,3482,3454,3452,3457
TATACONSUM,CALL SPRD,,,,,,,,,,,1.67,1.22,1.03,1.22
TATACONSUM,PUT SPRD,,,,,,,,,,,1.35,1.4,1.38,1.41
TATACONSUM,CALL OI FIX,2486,,,,,,,,,,2496,2513,2522,2517
TATACONSUM,PUT OI FIX,3480,,,,,,,,,,3482,3454,3452,3457
TATACONSUM,CALL DOI,,,,,,,,,,,488462,492203,475947,500573
TATACONSUM,PUT DOI,,,,,,,,,,,-974780,-959234,-976391,-956842
TATACONSUM,CALL GEX,,,,,,,,,,,88371,89352,91733,87313
TATACONSUM,PUT GEX,,,,,,,,,,,107978,107361,105598,108163
TATACONSUM,GEX STRIKE,,,,,,,,,,,1000.0,1000.0,1000.0,1000.0
TATACONSUM,EXPIRY,,,,,,,,,,,2026-10-27,2026-10-27,2026-10-27,2026-10-27
TATACONSUM,ATM IV,,,,,,,,,,,23.08,23.52,23.16,23.49
TATAELXSI,PRICE,3105.0,3092.8,,,,3110.1,3109.25,3106.42,3129.4,3105.0,3103.9,3095.7,3088.9,3101.1
TATAELXSI,VWAP,,,,,,,,,,,3105.67,3100.81,3097.52,3095.77
TATAELXSI,CASH VOL,237392,333513,48079,32.67,26.48,,,,,,7811,18691,27071,38079
TATAELXSI,F&O VOL,16924,24368,,,,,,,,,315,1147,1540,1978
TATAELXSI,F&O OI,36380,34113,,,,,,,,,36460,36638,36648,36721
TATAELXSI,CALL VOL,6777,10724,,,,,,,,,303,809,1062,1274
TATAELXSI,CALL OI,4532,4453,,,,,,,,,4638,4709,4713,4740
TATAELXSI,PUT VOL,2383,5065,,,,,,,,,55,191,285,364
TATAELXSI,PUT OI,4979,4708,,,,,,,,,4984,5040,5066,5088
TATAELXSI,CALL SPRD,,,,,,,,,,,1.54,1.15,1.32,1.18
TATAELXSI,PUT SPRD,,,,,,,,,,,1.08,1.56,0.88,1.12
TATAELXSI,CALL OI FIX,4532,,,,,,,,,,4638,4709,4713,4740
TATAELXSI,PUT OI FIX,4979,,,,,,,,,,4984,5040,5066,5088
TATAELXSI,CALL DOI,,,,,,,,,,,239772,235593,228222,243276
TATAELXSI,PUT DOI,,,,,,,,,,,-281092,-288562,-296050,-285408
TATAELXSI,CALL GEX,,,,,,,,,,,23949,23887,24431,23551
TATAELXSI,PUT GEX,,,,,,,,,,,23526,24476,24689,25319
TATAELXSI,GEX STRIKE,,,,,,,,,,,3200.0,3200.0,3200.0,3200.0
TATAELXSI,EXPIRY,,,,,,,,,,,2026-10-27,2026-10-27,2026-10-27,2026-10-27
TATAELXSI,ATM IV,,,,,,,,,,,38.03,37.76,37.31,37.7
TATAPOWER,PRICE,351.5,350.15,,,,352.1,351.33,350.98,356.57,352.29,350.75,351.3,351.15,352.1
TATAPOWER,VWAP,,,,,,,,,,,351.3,351.14,351.22,351.34
TATAPOWER,CASH VOL,2763239,4222986,677870,55.85,45.26,,,,,,87013,148533,191157,257823
TATAPOWER,F&O VOL,16206,21541,,,,,,,,,366,728,1102,1854
TATAPOWER,F&O OI,66665,64997,,,,,,,,,66730,66743,66783,66931
TATAPOWER,CALL VOL,9074,10770,,,,,,,,,194,441,651,1062
TATAPOWER,CALL OI,6615,5883,,,,,,,,,6672,6675,6703,6789
TATAPOWER,PUT VOL,3640,5454,,,,,,,,,65,147,231,383
TATAPOWER,PUT OI,6440,6033,,,,,,,,,6439,6448,6457,6465
TATAPOWER,CALL SPRD,,,,,,,,,,,1.78,1.7,1.73,1.06
TATAPOWER,PUT SPRD,,,,,,,,,,,2.53,1.77,1.72,1.9
TATAPOWER,CALL OI FIX,6615,,,,,,,,,,6672,6675,6703,6789
TATAPOWER,PUT OI FIX,6440,,,,,,,,,,6439,6448,6457,6465
TATAPOWER,CALL DOI,,,,,,,,,,,3319641,3419777,3398597,3617089
TATAPOWER,PUT DOI,,,,,,,,,,,-5036082,-4981677,-5082200,-5057877
TATAPOWER,CALL GEX,,,,,,,,,,,630443,632839,640371,652328
TATAPOWER,PUT GEX,,,,,,,,,,,549209,557584,584794,602977
TATAPOWER,GEX STRIKE,,,,,,,,,,,360.0,360.0,360.0,360.0
TATAPOWER,EXPIRY,,,,,,,,,,,2026-10-27,2026-10-27,2026-10-27,2026-10-27
TATAPOWER,ATM IV,,,,,,,,,,,21.1,21.28,21.36,21.46
TATASTEEL,PRICE,178.14,178.0,,,,178.25,179.15,178.48,182.65,179.55,177.7,177.55,178.65,178.35
TATASTEEL,VWAP,,,,,,,,,,,177.73,177.83,177.97,178.05
TATASTEEL,CASH VOL,20426029,47659952,4957603,51.06,52.38,,,,,,1012539,1764825,2976258,3446299
TATASTEEL,F&O VOL,61917,118854,,,,,,,,,1925,6127,9525,10968
TATASTEEL,F&O OI,185716,178208,,,,,,,,,185994,186775,187497,187592
TATASTEEL,CALL VOL,24261,43528,,,,,,,,,1235,3119,4162,4706
TATASTEEL,CALL OI,20246,17665,,,,,,,,,20478,21109,21145,21162
TATASTEEL,PUT VOL,18527,32558,,,,,,,,,630,1643,2246,2591
TATASTEEL,PUT OI,20442,17316,,,,,,,,,20451,20479,20589,20583
TATASTEEL,CALL SPRD,,,,,,,,,,,0.94,1.11,0.84,1.03
TATASTEEL,PUT SPRD,,,,,,,,,,,0.78,1.03,1.18,0.94
TATASTEEL,CALL OI FIX,20246,,,,,,,,,,20478,21109,21145,21162
TATASTEEL,PUT OI FIX,20442,,,,,,,,,,20451,20479,20589,20583
TATASTEEL,CALL DOI,,,,,,,,,,,19608495,19502538,21596827,20833034
TATASTEEL,PUT DOI,,,,,,,,,,,-29309171,-29319897,-28285033,-28430008
TATASTEEL,CALL GEX,,,,,,,,,,,2592426,2738915,2713009,2795042
TATASTEEL,PUT GEX,,,,,,,,,,,2561455,2477784,2742271,2664501
TATASTEEL,GEX STRIKE,,,,,,,,,,,190.0,190.0,190.0,190.0
TATASTEEL,EXPIRY,,,,,,,,,,,2026-10-27,2026-10-27,2026-10-27,2026-10-27
TATASTEEL,ATM IV,,,,,,,,,,,30.5,30.37,29.78,29.25
TCS,PRICE,2114.4,2075.0,,,,2097.0,2110.35,2102.25,2072.23,2066.7,2111.9,2105.2,2104.2,2100.2
TCS,VWAP,,,,,,,,,,,2107.4,2108.05,2106.25,2103.33
TCS,CASH VOL,5270768,3428501,1164237,46.65,54.9,,,,,,109972,219194,308383,422864
TCS,F&O VOL,206635,124119,,,,,,,,,4552,9070,14574,19631
TCS,F&O OI,220376,224194,,,,,,,,,220964,221286,221747,222027
TCS,CALL VOL,81864,56317,,,,,,,,,2111,3732,5020,6838
TCS,CALL OI,33463,33985,,,,,,,,,33177,34050,34051,34298
TCS,PUT VOL,48054,24510,,,,,,,,,877,2117,2992,4393
TCS,PUT OI,24715,24510,,,,,,,,,21507,25005,25020,24895
TCS,CALL SPRD,,,,,,,,,,,0.65,0.45,0.46,0.63
TCS,PUT SPRD,,,,,,,,,,,0.79,0.51,0.65,0.5
TCS,CALL OI FIX,32760,,,,,,,,,,33177,33391,33381,33624
TCS,PUT OI FIX,21341,,,,,,,,,,21507,21549,21562,21456
TCS,CALL DOI,,,,,,,,,,,3974577,4084747,4091873,3998595
TCS,PUT DOI,,,,,,,,,,,-2075284,-2335990,-2347612,-2372780
TCS,CALL GEX,,,,,,,,,,,391185,416659,431205,416612
TCS,PUT GEX,,,,,,,,,,,198928,223359,221178,226660
TCS,GEX STRIKE,,,,,,,,,,,2100.0,2100.0,2100.0,2100.0
TCS,EXPIRY,,,,,,,,,,,2026-10-27,2026-10-27,2026-10-27,2026-10-27
TCS,ATM IV,,,,,,,,,,,34.24,33.62,33.37,33.52
TECHM,PRICE,1535.9,1533.0,,,,1536.0,1535.72,1535.35,1535.0,1533.67,1532.7,1519.0,1517.0,1515.3
TECHM,VWAP,,,,,,,,,,,1534.1,1527.53,1523.37,1519.2
TECHM,CASH VOL,3346008,2663224,794858,58.08,48.36,,,,,,34046,71931,106061,160056
TECHM,F&O VOL,28342,33997,,,,,,,,,398,1001,2100,3319
TECHM,F&O OI,44678,42851,,,,,,,,,44702,44796,45041,45322
TECHM,CALL VOL,10916,14930,,,,,,,,,287,753,1091,1572
TECHM,CALL OI,7099,6690,,,,,,,,,7322,7123,7172,7278
TECHM,PUT VOL,5880,6761,,,,,,,,,30,175,567,944
TECHM,PUT OI,3421,3190,,,,,,,,,3301,3437,3602,3675
TECHM,CALL SPRD,,,,,,,,,,,1.4,1.18,0.84,0.86
TECHM,PUT SPRD,,,,,,,,,,,1.26,0.97,0.94,0.92
TECHM,CALL OI FIX,7318,,,,,,,,,,7322,7341,7389,7491
TECHM,PUT OI FIX,3291,,,,,,,,,,3301,3307,3470,3539
TECHM,CALL DOI,,,,,,,,,,,2035626,1780362,1748823,1786784
TECHM,PUT DOI,,,,,,,,,,,-849496,-934705,-982030,-1009815
TECHM,CALL GEX,,,,,,,,,,,260499,258478,265699,239823
TECHM,PUT GEX,,,,,,,,,,,78746,79875,81350,89447
TECHM,GEX STRIKE,,,,,,,,,,,1540.0,1540.0,1540.0,1540.0
TECHM,EXPIRY,,,,,,,,,,,2026-10-27,2026-10-27,2026-10-27,2026-10-27
TECHM,ATM IV,,,,,,,,,,,32.5,32.41,32.35,32.59
TIINDIA,PRICE,2320.0,2340.0,,,,2329.2,2331.35,2323.78,2415.25,2365.08,2328.0,2335.4,2338.4,2346.8
TIINDIA,VWAP,,,,,,,,,,,2326.57,2330.01,2332.41,2334.45
TIINDIA,CASH VOL,687174,471021,307811,65.03,53.59,,,,,,4478,8557,15728,19948
TIINDIA,F&O VOL,5737,8018,,,,,,,,,275,410,634,1028
TIINDIA,F&O OI,17982,16580,,,,,,,,,18066,18067,18059,18055
TIINDIA,CALL VOL,1968,2170,,,,,,,,,108,190,280,392
TIINDIA,CALL OI,1452,1154,,,,,,,,,1519,1514,1513,1512
TIINDIA,PUT VOL,1462,1200,,,,,,,,,121,183,259,504
TIINDIA,PUT OI,1361,899,,,,,,,,,1384,1390,1379,1358
TIINDIA,CALL SPRD,,,,,,,,,,,3.34,1.23,1.32,1.1
TIINDIA,PUT SPRD,,,,,,,,,,,29.03,22.58,34.77,10.22
TIINDIA,CALL OI FIX,1052,,,,,,,,,,1114,1114,1116,1115
TIINDIA,PUT OI FIX,1309,,,,,,,,,,1332,1338,1327,1306
TIINDIA,CALL DOI,,,,,,,,,,,86416,86815,88383,91960
TIINDIA,PUT DOI,,,,,,,,,,,-118285,-116639,-114073,-111012
TIINDIA,CALL GEX,,,,,,,,,,,10956,11595,11699,11883
TIINDIA,PUT GEX,,,,,,,,,,,10256,9990,9902,9890
TIINDIA,GEX STRIKE,,,,,,,,,,,2500.0,2500.0,2500.0,2500.0
TIINDIA,EXPIRY,,,,,,,,,,,2026-10-27,2026-10-27,2026-10-27,2026-10-27
TIINDIA,ATM IV,,,,,,,,,,,35.08,33.02,32.86,32.94
TITAN,PRICE,4580.0,4515.7,,,,4599.9,4572.63,4557.9,4686.0,4572.47,4578.8,4593.0,4574.1,4576.4
TITAN,VWAP,,,,,,,,,,,4573.63,4581.43,4583.95,4581.57
TITAN,CASH VOL,731987,694098,186522,58.76,57.67,,,,,,14712,27379,46069,55450
TITAN,F&O VOL,44898,47728,,,,,,,,,987,2516,4719,6000
TITAN,F&O OI,61891,57483,,,,,,,,,62067,62285,62551,62587
TITAN,CALL VOL,18255,17268,,,,,,,,,490,1329,2284,2875
TITAN,CALL OI,8694,7773,,,,,,,,,8774,8897,8453,9028
TITAN,PUT VOL,10907,12131,,,,,,,,,344,588,1106,1124
TITAN,PUT OI,7217,6112,,,,,,,,,7342,7356,9074,7343
TITAN,CALL SPRD,,,,,,,,,,,0.52,0.59,0.94,0.59
TITAN,PUT SPRD,,,,,,,,,,,0.71,0.79,0.97,0.7
TITAN,CALL OI FIX,8694,,,,,,,,,,8774,8897,8965,9028
TITAN,PUT OI FIX,7217,,,,,,,,,,7342,7356,7348,7343
TITAN,CALL DOI,,,,,,,,,,,603185,641780,587853,612866
TITAN,PUT DOI,,,,,,,,,,,-628076,-613917,-622619,-642866
TITAN,CALL GEX,,,,,,,,,,,96110,99425,99954,100280
TITAN,PUT GEX,,,,,,,,,,,68394,68734,76304,68766
TITAN,GEX STRIKE,,,,,,,,,,,4600.0,4600.0,4600.0,4600.0
TITAN,EXPIRY,,,,,,,,,,,2026-10-27,2026-10-27,2026-10-27,2026-10-27
TITAN,ATM IV,,,,,,,,,,,24.64,24.84,24.5,24.88
TMPV,PRICE,288.65,279.4,,,,288.4,287.23,284.38,281.7,280.17,287.65,287.15,288.2,288.0
TMPV,VWAP,,,,,,,,,,,287.83,287.79,287.73,287.76
TMPV,CASH VOL,13512719,15258191,2262002,31.98,50.67,,,,,,251687,416407,688898,803980
TMPV,F&O VOL,89346,65166,,,,,,,,,832,1890,4164,6789
TMPV,F&O OI,112488,112940,,,,,,,,,112585,112743,112832,113719
TMPV,CALL VOL,41100,30047,,,,,,,,,474,922,2075,2910
TMPV,CALL OI,17174,19414,,,,,,,,,17222,16910,17510,17579
TMPV,PUT VOL,17372,12636,,,,,,,,,252,451,1060,1826
TMPV,PUT OI,13314,12620,,,,,,,,,13376,14836,13524,13534
TMPV,CALL SPRD,,,,,,,,,,,0.63,0.94,1.2,0.62
TMPV,PUT SPRD,,,,,,,,,,,1.62,1.49,1.74,1.71
TMPV,CALL OI FIX,17174,,,,,,,,,,17222,17311,17510,17579
TMPV,PUT OI FIX,13314,,,,,,,,,,13376,13407,13524,13534
TMPV,CALL DOI,,,,,,,,,,,12023333,11938065,12406137,12323456
TMPV,PUT DOI,,,,,,,,,,,-9461598,-9604827,-9347845,-9396680
TMPV,CALL GEX,,,,,,,,,,,1264368,1278528,1280913,1307229
TMPV,PUT GEX,,,,,,,,,,,916415,967390,965817,949243
TMPV,GEX STRIKE,,,,,,,,,,,300.0,300.0,300.0,300.0
TMPV,EXPIRY,,,,,,,,,,,2026-10-27,2026-10-27,2026-10-27,2026-10-27
TMPV,ATM IV,,,,,,,,,,,31.75,30.72,30.56,30.74
TORNTPHARM,PRICE,4772.0,4767.3,,,,4763.5,4765.5,4752.5,4856.9,4797.17,4730.3,4721.0,4750.1,4755.0
TORNTPHARM,VWAP,,,,,,,,,,,4742.93,4732.87,4730.97,4743.03
TORNTPHARM,CASH VOL,332068,357701,124775,61.17,57.18,,,,,,8168,13975,29089,55457
TORNTPHARM,F&O VOL,6827,8050,,,,,,,,,104,431,925,1361
TORNTPHARM,F&O OI,33561,32842,,,,,,,,,33565,33606,33658,33673
TORNTPHARM,CALL VOL,2464,2024,,,,,,,,,33,111,370,554
TORNTPHARM,CALL OI,1958,1566,,,,,,,,,1958,1330,2008,2000
TORNTPHARM,PUT VOL,2504,3511,,,,,,,,,93,271,421,550
TORNTPHARM,PUT OI,1770,1740,,,,,,,,,1767,1768,1767,1777
TORNTPHARM,CALL SPRD,,,,,,,,,,,3.87,16.09,0.82,1.15
TORNTPHARM,PUT SPRD,,,,,,,,,,,7.0,1.78,2.29,1.62
TORNTPHARM,CALL OI FIX,1958,,,,,,,,,,1958,1994,2008,2000
TORNTPHARM,PUT OI FIX,1770,,,,,,,,,,1767,1772,1767,1777
TORNTPHARM,CALL DOI,,,,,,,,,,,76099,59506,86493,85491
TORNTPHARM,PUT DOI,,,,,,,,,,,-91609,-90481,-85777,-85719
TORNTPHARM,CALL GEX,,,,,,,,,,,14687,10791,15026,15817
TORNTPHARM,PUT GEX,,,,,,,,,,,13321,13507,13802,13411
TORNTPHARM,GEX STRIKE,,,,,,,,,,,4800.0,4800.0,4900.0,4800.0
TORNTPHARM,EXPIRY,,,,,,,,,,,2026-10-27,2026-10-27,2026-10-27,2026-10-27
TORNTPHARM,ATM IV,,,,,,,,,,,22.83,22.31,22.9,22.43
TRENT,PRICE,2580.0,2580.0,,,,2800.0,2590.55,2583.52,2607.85,2589.28,2838.0,2865.9,2809.2,2851.3
TRENT,VWAP,,,,,,,,,,,2819.7,2827.92,2849.85,2843.56
TRENT,CASH VOL,802316,896919,208489,59.83,56.42,,,,,,322914,531886,1460174,2077991
TRENT,F&O VOL,22443,22571,,,,,,,,,23808,34433,115829,146238
TRENT,F&O OI,66991,62511,,,,,,,,,71259,73103,79664,82032
TRENT,CALL VOL,9825,10258,,,,,,,,,11245,15003,48142,68846
TRENT,CALL OI,12148,10130,,,,,,,,,13992,15913,15862,18341
TRENT,PUT VOL,3060,3220,,,,,,,,,4673,8279,28112,35934
TRENT,PUT OI,5802,5250,,,,,,,,,6818,7950,9881,10929
TRENT,CALL SPRD,,,,,,,,,,,0.43,0.04,0.64,0.74
TRENT,PUT SPRD,,,,,,,,,,,1.09,0.36,0.86,0.83
TRENT,CALL OI FIX,7866,,,,,,,,,,8542,9083,8743,8667
TRENT,PUT OI FIX,7179,,,,,,,,,,8061,9122,10196,11596
TRENT,CALL DOI,,,,,,,,,,,1720456,2001086,1832034,2065167
TRENT,PUT DOI,,,,,,,,,,,-482579,-525453,-812446,-803836
TRENT,CALL GEX,,,,,,,,,,,106516,118445,158437,157272
TRENT,PUT GEX,,,,,,,,,,,52830,66880,82452,104306
TRENT,GEX STRIKE,,,,,,,,,,,2800.0,2800.0,2800.0,2800.0
TRENT,EXPIRY,,,,,,,,,,,2026-10-27,2026-10-27,2026-10-27,2026-10-27
TRENT,ATM IV,,,,,,,,,,,39.81,36.44,33.55,33.42
TVSMOTOR,PRICE,4031.0,4021.0,,,,4030.0,4013.92,3979.75,4052.4,4031.47,4001.9,3995.2,4019.6,4027.8
TVSMOTOR,VWAP,,,,,,,,,,,4015.2,4006.5,4006.25,4011.54
TVSMOTOR,CASH VOL,706602,1234692,143542,47.78,48.98,,,,,,11966,21431,35470,48655
TVSMOTOR,F&O VOL,35663,71204,,,,,,,,,393,1864,2665,3375
TVSMOTOR,F&O OI,57838,57200,,,,,,,,,57873,58086,58109,58063
TVSMOTOR,CALL VOL,14825,26637,,,,,,,,,214,929,1326,1680
TVSMOTOR,CALL OI,4935,5627,,,,,,,,,4366,4557,4527,5090
TVSMOTOR,PUT VOL,10444,20928,,,,,,,,,152,607,905,1098
TVSMOTOR,PUT OI,5622,4726,,,,,,,,,5528,5585,5613,5703
TVSMOTOR,CALL SPRD,,,,,,,,,,,1.31,0.76,1.03,0.86
TVSMOTOR,PUT SPRD,,,,,,,,,,,1.08,0.75,1.03,1.24
TVSMOTOR,CALL OI FIX,4935,,,,,,,,,,4954,5160,5130,5090
TVSMOTOR,PUT OI FIX,5622,,,,,,,,,,5644,5698,5722,5703
TVSMOTOR,CALL DOI,,,,,,,,,,,317592,322258,350074,372921
TVSMOTOR,PUT DOI,,,,,,,,,,,-465271,-477989,-449291,-458238
TVSMOTOR,CALL GEX,,,,,,,,,,,39415,44160,41769,48733
TVSMOTOR,PUT GEX,,,,,,,,,,,49830,48610,52419,50396
TVSMOTOR,GEX STRIKE,,,,,,,,,,,4000.0,4000.0,4000.0,4000.0
TVSMOTOR,EXPIRY,,,,,,,,,,,2026-10-27,2026-10-27,2026-10-27,2026-10-27
TVSMOTOR,ATM IV,,,,,,,,,,,30.02,29.13,29.21,28.07
ULTRACEMCO,PRICE,10850.0,10710.0,,,,10850.0,10845.17,10835.5,10883.5,10767.83,10877.0,10847.0,10858.0,10857.0
ULTRACEMCO,VWAP,,,,,,,,,,,10871.0,10876.26,10865.74,10864.8
ULTRACEMCO,CASH VOL,314538,570684,112044,62.99,57.14,,,,,,4981,9857,15201,16445
ULTRACEMCO,F&O VOL,16715,28151,,,,,,,,,212,703,1520,1814
ULTRACEMCO,F&O OI,55491,53480,,,,,,,,,55470,55511,55715,55703
ULTRACEMCO,CALL VOL,5450,7472,,,,,,,,,97,247,419,490
ULTRACEMCO,CALL OI,4375,4225,,,,,,,,,4380,4184,4408,4413
ULTRACEMCO,PUT VOL,3488,5652,,,,,,,,,7,178,263,366
ULTRACEMCO,PUT OI,3586,3175,,,,,,,,,3586,3531,3591,3549
ULTRACEMCO,CALL SPRD,,,,,,,,,,,4.36,3.25,2.17,3.23
ULTRACEMCO,PUT SPRD,,,,,,,,,,,10.96,2.68,3.36,5.22
ULTRACEMCO,CALL OI FIX,4155,,,,,,,,,,4160,4184,4188,4191
ULTRACEMCO,PUT OI FIX,3504,,,,,,,,,,3504,3531,3509,3467
ULTRACEMCO,CALL DOI,,,,,,,,,,,100583,93966,98143,98324
ULTRACEMCO,PUT DOI,,,,,,,,,,,-78811,-78230,-81104,-79699
ULTRACEMCO,CALL GEX,,,,,,,,,,,15606,15519,16169,15886
ULTRACEMCO,PUT GEX,,,,,,,,,,,11441,11079,11145,11056
ULTRACEMCO,GEX STRIKE,,,,,,,,,,,11000.0,11000.0,11000.0,11000.0
ULTRACEMCO,EXPIRY,,,,,,,,,,,2026-10-27,2026-10-27,2026-10-27,2026-10-27
ULTRACEMCO,ATM IV,,,,,,,,,,,22.55,22.72,23.2,23.12
UNIONBANK,PRICE,167.97,167.59,,,,169.0,168.38,168.11,171.9,169.03,168.65,169.17,170.26,170.32
UNIONBANK,VWAP,,,,,,,,,,,168.73,168.93,169.17,169.84
UNIONBANK,CASH VOL,7966548,7875995,1189802,43.16,45.17,,,,,,531208,709443,969229,1599432
UNIONBANK,F&O VOL,10356,10638,,,,,,,,,403,869,1224,2288
UNIONBANK,F&O OI,32064,31718,,,,,,,,,32105,32168,32221,32252
UNIONBANK,CALL VOL,4012,3939,,,,,,,,,266,487,670,1187
UNIONBANK,CALL OI,3297,3068,,,,,,,,,3260,3325,3387,3344
UNIONBANK,PUT VOL,2330,2313,,,,,,,,,68,164,262,497
UNIONBANK,PUT OI,2718,2732,,,,,,,,,2820,2773,2795,2887
UNIONBANK,CALL SPRD,,,,,,,,,,,1.77,1.55,1.29,1.2
UNIONBANK,PUT SPRD,,,,,,,,,,,5.37,1.66,0.98,1.9
UNIONBANK,CALL OI FIX,3241,,,,,,,,,,3260,3269,3329,3291
UNIONBANK,PUT OI FIX,2799,,,,,,,,,,2820,2854,2876,2962
UNIONBANK,CALL DOI,,,,,,,,,,,5388501,5639457,6255287,6149385
UNIONBANK,PUT DOI,,,,,,,,,,,-6305578,-6251638,-5972985,-6070881
UNIONBANK,CALL GEX,,,,,,,,,,,673454,693396,691879,736573
UNIONBANK,PUT GEX,,,,,,,,,,,527524,549498,585240,567207
UNIONBANK,GEX STRIKE,,,,,,,,,,,175.0,175.0,175.0,175.0
UNIONBANK,EXPIRY,,,,,,,,,,,2026-10-27,2026-10-27,2026-10-27,2026-10-27
UNIONBANK,ATM IV,,,,,,,,,,,35.48,32.77,32.76,32.52
UNITDSPR,PRICE,1369.0,1335.1,,,,1365.0,1363.93,1353.8,1368.3,1346.17,1366.7,1370.2,1365.0,1361.4
UNITDSPR,VWAP,,,,,,,,,,,1367.1,1368.46,1368.33,1367.13
UNITDSPR,CASH VOL,1272603,1003620,534793,57.96,59.91,,,,,,33980,55426,65019,79339
UNITDSPR,F&O VOL,11330,7095,,,,,,,,,306,807,1049,1187
UNITDSPR,F&O OI,25086,25049,,,,,,,,,25118,25186,25206,25250
UNITDSPR,CALL VOL,5136,2514,,,,,,,,,191,307,383,434
UNITDSPR,CALL OI,2829,2700,,,,,,,,,2828,2953,2867,2861
UNITDSPR,PUT VOL,1998,1362,,,,,,,,,85,296,375,410
UNITDSPR,PUT OI,2712,2738,,,,,,,,,2726,2310,2828,2820
UNITDSPR,CALL SPRD,,,,,,,,,,,2.02,1.75,1.89,1.98
UNITDSPR,PUT SPRD,,,,,,,,,,,2.48,3.21,1.83,1.75
UNITDSPR,CALL OI FIX,2829,,,,,,,,,,2828,2861,2867,2861
UNITDSPR,PUT OI FIX,2712,,,,,,,,,,2726,2752,2828,2820
UNITDSPR,CALL DOI,,,,,,,,,,,502263,526674,494924,482214
UNITDSPR,PUT DOI,,,,,,,,,,,-419684,-421983,-443875,-458271
UNITDSPR,CALL GEX,,,,,,,,,,,59229,64094,65311,61646
UNITDSPR,PUT GEX,,,,,,,,,,,52950,47999,54083,56914
UNITDSPR,GEX STRIKE,,,,,,,,,,,1400.0,1400.0,1400.0,1400.0
UNITDSPR,EXPIRY,,,,,,,,,,,2026-10-27,2026-10-27,2026-10-27,2026-10-27
UNITDSPR,ATM IV,,,,,,,,,,,27.77,27.78,26.39,27.77
UNOMINDA,PRICE,1101.0,1111.0,,,,1101.0,1106.1,1102.7,1156.65,1126.22,1103.2,1104.8,1106.5,1106.9
UNOMINDA,VWAP,,,,,,,,,,,1105.63,1105.55,1104.84,1105.63
UNOMINDA,CASH VOL,952575,788650,203233,54.86,47.26,,,,,,14322,23792,33821,45771
UNOMINDA,F&O VOL,7605,6233,,,,,,,,,127,234,362,504
UNOMINDA,F&O OI,14758,12425,,,,,,,,,14763,14776,14793,14836
UNOMINDA,CALL VOL,1997,1664,,,,,,,,,62,102,169,236
UNOMINDA,CALL OI,977,722,,,,,,,,,974,972,983,1007
UNOMINDA,PUT VOL,3070,2081,,,,,,,,,42,71,100,126
UNOMINDA,PUT OI,2284,849,,,,,,,,,2286,2288,2289,2288
UNOMINDA,CALL SPRD,,,,,,,,,,,2.43,1.5,1.65,1.59
UNOMINDA,PUT SPRD,,,,,,,,,,,2.89,1.64,1.63,1.68
UNOMINDA,CALL OI FIX,977,,,,,,,,,,974,972,983,1007
UNOMINDA,PUT OI FIX,2284,,,,,,,,,,2286,2288,2289,2288
UNOMINDA,CALL DOI,,,,,,,,,,,170906,172297,177221,183290
UNOMINDA,PUT DOI,,,,,,,,,,,-514504,-508868,-503033,-498954
UNOMINDA,CALL GEX,,,,,,,,,,,25296,25284,26365,27245
UNOMINDA,PUT GEX,,,,,,,,,,,53466,52043,51089,51555
UNOMINDA,GEX STRIKE,,,,,,,,,,,1100.0,1100.0,1100.0,1100.0
UNOMINDA,EXPIRY,,,,,,,,,,,2026-10-27,2026-10-27,2026-10-27,2026-10-27
UNOMINDA,ATM IV,,,,,,,,,,,29.71,30.8,30.46,30.01
UPL,PRICE,502.5,516.8,,,,503.9,511.42,505.48,531.42,521.67,506.6,508.65,509.6,510.35
UPL,VWAP,,,,,,,,,,,506.82,507.53,507.79,508.15
UPL,CASH VOL,5330366,2466891,1887361,57.76,60.28,,,,,,145606,208245,244047,284916
UPL,F&O VOL,19690,12519,,,,,,,,,861,1899,2321,2900
UPL,F&O OI,34269,31134,,,,,,,,,34292,34348,34363,34240
UPL,CALL VOL,4863,1894,,,,,,,,,471,893,1111,1311
UPL,CALL OI,1646,616,,,,,,,,,1548,1645,1667,1606
UPL,PUT VOL,4991,3262,,,,,,,,,145,335,432,540
UPL,PUT OI,1514,1039,,,,,,,,,1607,1569,1565,1534
UPL,CALL SPRD,,,,,,,,,,,1.82,1.08,1.05,1.35
UPL,PUT SPRD,,,,,,,,,,,2.17,1.1,1.14,1.61
UPL,CALL OI FIX,1153,,,,,,,,,,1142,1169,1193,1144
UPL,PUT OI FIX,1384,,,,,,,,,,1393,1431,1426,1386
UPL,CALL DOI,,,,,,,,,,,925279,1015719,1057880,1035074
UPL,PUT DOI,,,,,,,,,,,-1018184,-1007016,-983156,-964822
UPL,CALL GEX,,,,,,,,,,,116563,125056,125034,125270
UPL,PUT GEX,,,,,,,,,,,106065,109064,110280,107428
UPL,GEX STRIKE,,,,,,,,,,,500.0,500.0,500.0,500.0
UPL,EXPIRY,,,,,,,,,,,2026-10-27,2026-10-27,2026-10-27,2026-10-27
UPL,ATM IV,,,,,,,,,,,28.34,28.24,28.13,28.27
VBL,PRICE,439.6,425.3,,,,440.5,437.48,433.25,425.88,425.49,439.85,440.95,440.4,440.8
VBL,VWAP,,,,,,,,,,,440.17,440.87,440.81,440.69
VBL,CASH VOL,4643552,8516414,1773253,52.95,55.87,,,,,,269153,442579,522464,597066
VBL,F&O VOL,25777,22409,,,,,,,,,1569,3481,4399,5157
VBL,F&O OI,68902,68865,,,,,,,,,69132,69288,69485,69442
VBL,CALL VOL,11182,7938,,,,,,,,,865,1579,1898,2151
VBL,CALL OI,5374,4832,,,,,,,,,5426,5390,5374,5394
VBL,PUT VOL,4099,3599,,,,,,,,,239,496,611,660
VBL,PUT OI,2978,2983,,,,,,,,,3014,3057,3097,3109
VBL,CALL SPRD,,,,,,,,,,,1.1,1.08,1.49,1.12
VBL,PUT SPRD,,,,,,,,,,,1.67,1.74,1.73,1.31
VBL,CALL OI FIX,5374,,,,,,,,,,5426,5390,5374,5394
VBL,PUT OI FIX,2978,,,,,,,,,,3014,3057,3097,3109
VBL,CALL DOI,,,,,,,,,,,3746673,3762866,3738691,3755670
VBL,PUT DOI,,,,,,,,,,,-1433363,-1413838,-1453433,-1434904
VBL,CALL GEX,,,,,,,,,,,357104,362848,382597,368475
VBL,PUT GEX,,,,,,,,,,,180880,179270,180308,185305
VBL,GEX STRIKE,,,,,,,,,,,440.0,440.0,440.0,440.0
VBL,EXPIRY,,,,,,,,,,,2026-10-27,2026-10-27,2026-10-27,2026-10-27
VBL,ATM IV,,,,,,,,,,,30.41,30.24,29.4,29.45
VEDL,PRICE,255.05,252.05,,,,257.2,254.81,254.33,255.82,253.31,262.0,262.35,262.8,263.4
VEDL,VWAP,,,,,,,,,,,260.23,261.85,262.12,262.38
VEDL,CASH VOL,7161255,10131800,1580120,56.57,51.7,,,,,,1797671,3645158,4530289,5337168
VEDL,F&O VOL,27460,36093,,,,,,,,,2889,14834,20578,24954
VEDL,F&O OI,73129,73511,,,,,,,,,73217,73721,74423,74375
VEDL,CALL VOL,13853,18863,,,,,,,,,3047,10428,13578,16124
VEDL,CALL OI,14151,14033,,,,,,,,,12997,13005,14055,13969
VEDL,PUT VOL,8485,8495,,,,,,,,,735,2645,3471,4418
VEDL,PUT OI,9053,9219,,,,,,,,,9224,9353,9421,9542
VEDL,CALL SPRD,,,,,,,,,,,0.58,0.54,1.44,0.67
VEDL,PUT SPRD,,,,,,,,,,,1.22,1.3,1.46,1.02
VEDL,CALL OI FIX,12469,,,,,,,,,,12342,12360,12315,12170
VEDL,PUT OI FIX,9372,,,,,,,,,,9491,9629,9791,9903
VEDL,CALL DOI,,,,,,,,,,,7092048,7176958,7501823,7642712
VEDL,PUT DOI,,,,,,,,,,,-4139459,-4222138,-4318971,-4310620
VEDL,CALL GEX,,,,,,,,,,,683699,740622,789445,786940
VEDL,PUT GEX,,,,,,,,,,,392737,393352,397601,402829
VEDL,GEX STRIKE,,,,,,,,,,,260.0,260.0,260.0,260.0
VEDL,EXPIRY,,,,,,,,,,,2026-10-27,2026-10-27,2026-10-27,2026-10-27
VEDL,ATM IV,,,,,,,,,,,34.22,33.76,34.34,33.78
VMM,PRICE,98.25,99.5,,,,98.25,99.35,98.62,101.15,100.05,98.33,99.2,98.91,99.9
VMM,VWAP,,,,,,,,,,,98.35,98.67,98.8,99.09
VMM,CASH VOL,5980303,11791052,1266698,44.78,58.63,,,,,,401721,1052578,1380463,2172282
VMM,F&O VOL,3317,4303,,,,,,,,,125,514,864,1165
VMM,F&O OI,18086,17198,,,,,,,,,18089,18148,18152,18176
VMM,CALL VOL,827,608,,,,,,,,,45,148,222,317
VMM,CALL OI,1112,773,,,,,,,,,1069,1121,1135,1134
VMM,PUT VOL,317,588,,,,,,,,,29,139,235,30
VMM,PUT OI,917,818,,,,,,,,,1348,1279,1233,921
VMM,CALL SPRD,,,,,,,,,,,17.65,1.88,1.15,2.0
VMM,PUT SPRD,,,,,,,,,,,178.58,15.11,14.29,2.6
VMM,CALL OI FIX,1056,,,,,,,,,,1069,1068,1082,1078
VMM,PUT OI FIX,1348,,,,,,,,,,1348,1348,1302,1310
VMM,CALL DOI,,,,,,,,,,,2251334,2594447,2557503,2742529
VMM,PUT DOI,,,,,,,,,,,-2986861,-2655763,-2683074,-2060833
VMM,CALL GEX,,,,,,,,,,,247081,233093,240168,265853
VMM,PUT GEX,,,,,,,,,,,283465,297344,283672,195199
VMM,GEX STRIKE,,,,,,,,,,,100.0,100.0,100.0,100.0
VMM,EXPIRY,,,,,,,,,,,2026-10-27,2026-10-27,2026-10-27,2026-10-27
VMM,ATM IV,,,,,,,,,,,,37.56,37.02,36.11
VOLTAS,PRICE,1061.3,1053.2,,,,1064.7,1062.5,1061.7,1092.55,1066.32,1056.2,1060.0,1057.0,1059.5
VOLTAS,VWAP,,,,,,,,,,,1057.97,1055.88,1057.5,1057.63
VOLTAS,CASH VOL,436486,638996,89578,30.82,39.25,,,,,,16601,83475,167783,207514
VOLTAS,F&O VOL,12986,15084,,,,,,,,,173,990,2136,2709
VOLTAS,F&O OI,45830,46164,,,,,,,,,45865,45985,46020,46066
VOLTAS,CALL VOL,6288,6657,,,,,,,,,147,670,1184,1453
VOLTAS,CALL OI,6010,6118,,,,,,,,,6035,6149,6183,6231
VOLTAS,PUT VOL,2539,3593,,,,,,,,,55,291,534,718
VOLTAS,PUT OI,5844,5758,,,,,,,,,5852,5895,5909,5899
VOLTAS,CALL SPRD,,,,,,,,,,,0.77,1.28,1.63,1.15
VOLTAS,PUT SPRD,,,,,,,,,,,1.4,1.34,0.97,0.69
VOLTAS,CALL OI FIX,6010,,,,,,,,,,6035,6149,6183,6231
VOLTAS,PUT OI FIX,5844,,,,,,,,,,5852,5895,5909,5899
VOLTAS,CALL DOI,,,,,,,,,,,669859,741346,727928,738528
VOLTAS,PUT DOI,,,,,,,,,,,-1161509,-1152408,-1194722,-1178249
VOLTAS,CALL GEX,,,,,,,,,,,94572,95873,93821,98703
VOLTAS,PUT GEX,,,,,,,,,,,85244,93213,95429,95344
VOLTAS,GEX STRIKE,,,,,,,,,,,1100.0,1100.0,1100.0,1100.0
VOLTAS,EXPIRY,,,,,,,,,,,2026-10-27,2026-10-27,2026-10-27,2026-10-27
VOLTAS,ATM IV,,,,,,,,,,,32.62,31.8,32.22,31.45
WAAREEENER,PRICE,2346.5,2340.0,,,,2346.5,2345.53,2343.6,2405.15,2361.72,2371.0,2373.3,2370.9,2374.3
WAAREEENER,VWAP,,,,,,,,,,,2362.27,2367.41,2368.08,2368.78
WAAREEENER,CASH VOL,341571,841593,78168,38.28,41.1,,,,,,25242,45161,54647,65651
WAAREEENER,F&O VOL,9148,20312,,,,,,,,,307,1253,1588,1875
WAAREEENER,F&O OI,52881,52461,,,,,,,,,52830,52866,52787,52769
WAAREEENER,CALL VOL,2975,6807,,,,,,,,,233,705,795,924
WAAREEENER,CALL OI,3699,3066,,,,,,,,,3702,3753,3739,3747
WAAREEENER,PUT VOL,1008,2082,,,,,,,,,115,246,297,327
WAAREEENER,PUT OI,2097,1826,,,,,,,,,2083,2102,2099,2097
WAAREEENER,CALL SPRD,,,,,,,,,,,20.48,11.39,6.45,6.67
WAAREEENER,PUT SPRD,,,,,,,,,,,,22.43,22.55,21.18
WAAREEENER,CALL OI FIX,2972,,,,,,,,,,2974,3034,3025,3033
WAAREEENER,PUT OI FIX,1903,,,,,,,,,,1889,1908,1905,1903
WAAREEENER,CALL DOI,,,,,,,,,,,330385,339213,334397,340144
WAAREEENER,PUT DOI,,,,,,,,,,,-158539,-159395,-161122,-158324
WAAREEENER,CALL GEX,,,,,,,,,,,31147,33770,33748,33597
WAAREEENER,PUT GEX,,,,,,,,,,,16904,16718,16713,16769
WAAREEENER,GEX STRIKE,,,,,,,,,,,2400.0,2400.0,2400.0,2400.0
WAAREEENER,EXPIRY,,,,,,,,,,,2026-10-27,2026-10-27,2026-10-27,2026-10-27
WAAREEENER,ATM IV,,,,,,,,,,,35.97,35.97,34.62,34.54
WIPRO,PRICE,162.14,159.35,,,,161.96,162.87,162.38,160.62,159.77,162.53,161.69,162.01,162.4
WIPRO,VWAP,,,,,,,,,,,162.45,162.05,162.0,162.03
WIPRO,CASH VOL,30838863,18521731,5409768,57.88,58.02,,,,,,630317,1574094,2077389,2615113
WIPRO,F&O VOL,55947,31502,,,,,,,,,1282,4342,5674,6728
WIPRO,F&O OI,103941,102106,,,,,,,,,104102,104940,105214,105208
WIPRO,CALL VOL,20410,13299,,,,,,,,,867,1745,2085,2498
WIPRO,CALL OI,12158,12474,,,,,,,,,12295,12444,12489,12354
WIPRO,PUT VOL,12232,6570,,,,,,,,,404,1096,1336,1548
WIPRO,PUT OI,10548,10600,,,,,,,,,10603,10716,10731,10760
WIPRO,CALL SPRD,,,,,,,,,,,0.87,0.78,0.94,0.91
WIPRO,PUT SPRD,,,,,,,,,,,1.28,0.98,0.61,0.85
WIPRO,CALL OI FIX,12158,,,,,,,,,,12295,12444,12489,12354
WIPRO,PUT OI FIX,10548,,,,,,,,,,10603,10716,10731,10760
WIPRO,CALL DOI,,,,,,,,,,,17300672,16516271,16922996,17205680
WIPRO,PUT DOI,,,,,,,,,,,-13791265,-14627339,-14315619,-13947379
WIPRO,CALL GEX,,,,,,,,,,,1667633,1686080,1675078,1696701
WIPRO,PUT GEX,,,,,,,,,,,1404734,1397147,1432837,1414209
WIPRO,GEX STRIKE,,,,,,,,,,,165.0,165.0,165.0,165.0
WIPRO,EXPIRY,,,,,,,,,,,2026-10-27,2026-10-27,2026-10-27,2026-10-27
WIPRO,ATM IV,,,,,,,,,,,32.85,33.27,33.05,32.86
YESBANK,PRICE,21.06,20.75,,,,21.05,21.07,21.06,21.45,20.98,20.88,20.94,21.0,20.97
YESBANK,VWAP,,,,,,,,,,,20.92,20.92,20.94,20.95
YESBANK,CASH VOL,61113748,80611659,10219059,41.48,51.2,,,,,,4169223,6437031,8425295,10047003
YESBANK,F&O VOL,11578,12432,,,,,,,,,558,922,1695,1934
YESBANK,F&O OI,57731,57318,,,,,,,,,57804,57878,57850,57811
YESBANK,CALL VOL,5959,5962,,,,,,,,,342,421,864,952
YESBANK,CALL OI,9545,9234,,,,,,,,,9672,9700,9669,9687
YESBANK,PUT VOL,2450,2623,,,,,,,,,100,169,342,393
YESBANK,PUT OI,6982,6835,,,,,,,,,6987,7003,7002,6985
YESBANK,CALL SPRD,,,,,,,,,,,3.13,1.5,1.44,1.48
YESBANK,PUT SPRD,,,,,,,,,,,2.86,3.03,4.88,3.17
YESBANK,CALL OI FIX,9545,,,,,,,,,,9672,9700,9669,9687
YESBANK,PUT OI FIX,6982,,,,,,,,,,6987,7003,7002,6985
YESBANK,CALL DOI,,,,,,,,,,,63823583,65908645,69183612,67463885
YESBANK,PUT DOI,,,,,,,,,,,-130148830,-127600659,-126985793,-126330555
YESBANK,CALL GEX,,,,,,,,,,,8573756,8792274,8813300,9007200
YESBANK,PUT GEX,,,,,,,,,,,7425708,7398459,7645723,7480913
YESBANK,GEX STRIKE,,,,,,,,,,,22.0,22.0,22.0,22.0
YESBANK,EXPIRY,,,,,,,,,,,2026-10-27,2026-10-27,2026-10-27,2026-10-27
YESBANK,ATM IV,,,,,,,,,,,33.48,33.23,32.97,32.4
ZYDUSLIFE,PRICE,1139.0,1145.7,,,,1145.0,1139.55,1139.18,1177.9,1156.43,1153.0,1155.5,1158.0,1157.0
ZYDUSLIFE,VWAP,,,,,,,,,,,1152.2,1152.9,1154.26,1154.85
ZYDUSLIFE,CASH VOL,1592973,2547369,308658,49.23,58.46,,,,,,34380,89116,129195,151463
ZYDUSLIFE,F&O VOL,7220,11833,,,,,,,,,401,1391,2068,2627
ZYDUSLIFE,F&O OI,18019,17584,,,,,,,,,18128,18316,18260,18182
ZYDUSLIFE,CALL VOL,2639,2799,,,,,,,,,201,774,1159,1316
ZYDUSLIFE,CALL OI,1961,1771,,,,,,,,,1866,2095,2126,2098
ZYDUSLIFE,PUT VOL,1132,1811,,,,,,,,,51,144,241,303
ZYDUSLIFE,PUT OI,1797,1685,,,,,,,,,2035,1822,1846,1855
ZYDUSLIFE,CALL SPRD,,,,,,,,,,,1.88,1.34,1.47,1.47
ZYDUSLIFE,PUT SPRD,,,,,,,,,,,1.96,2.0,0.81,1.65
ZYDUSLIFE,CALL OI FIX,928,,,,,,,,,,955,1082,1120,1109
ZYDUSLIFE,PUT OI FIX,1694,,,,,,,,,,1696,1717,1733,1738
ZYDUSLIFE,CALL DOI,,,,,,,,,,,691969,777555,820304,788333
ZYDUSLIFE,PUT DOI,,,,,,,,,,,-829498,-809610,-807786,-812036
ZYDUSLIFE,CALL GEX,,,,,,,,,,,92579,106151,105758,112700
ZYDUSLIFE,PUT GEX,,,,,,,,,,,89329,82229,88880,84099
ZYDUSLIFE,GEX STRIKE,,,,,,,,,,,1200.0,1200.0,1200.0,1200.0
ZYDUSLIFE,EXPIRY,,,,,,,,,,,2026-10-27,2026-10-27,2026-10-27,2026-10-27
ZYDUSLIFE,ATM IV,,,,,,,,,,,28.71,28.4,27.88,27.37
