Symbol,Metric,PrevDay,PrevDay2,PrevLastHr,DelivPct,DelivPctPrev,Open,dTC,dBC,wTC,wBC,09:20,09:30,09:50,10:00,10:20,10:30
360ONE,PRICE,1073.1,1061.3,,,,1073.3,1073.3,1073.17,1089.8,1087.4,1072.0,1069.0,1064.0,1063.0,1068.0,1068.0
360ONE,VWAP,,,,,,,,,,,1075.95,1073.38,1071.78,1070.74,1070.06,1069.89
360ONE,CASH VOL,519067,442034,315326,66.99,55.02,,,,,,19518,42204,53411,62694,76932,83181
360ONE,F&O VOL,4839,5375,,,,,,,,,142,437,838,1194,1466,1619
360ONE,F&O OI,16625,16870,,,,,,,,,16638,16629,16627,16627,16667,16653
360ONE,CALL VOL,2039,2211,,,,,,,,,92,252,350,510,650,715
360ONE,CALL OI,1930,2108,,,,,,,,,2105,1945,1965,1986,2016,2014
360ONE,PUT VOL,1075,1063,,,,,,,,,32,90,168,249,308,345
360ONE,PUT OI,3046,2938,,,,,,,,,3077,3038,3031,3059,3071,3071
ABB,PRICE,7270.5,7130.5,,,,7240.0,7256.67,7229.0,7326.5,7291.5,7226.0,7262.0,7252.0,7242.0,7260.0,7259.0
ABB,VWAP,,,,,,,,,,,7254.36,7257.74,7258.47,7255.72,7255.84,7257.38
ABB,CASH VOL,383030,207124,192103,57.62,47.08,,,,,,12122,17846,23266,27494,29706,33210
ABB,F&O VOL,40980,27297,,,,,,,,,1331,2921,3913,4612,4978,5635
ABB,F&O OI,32301,32489,,,,,,,,,32289,32415,32531,32532,32549,32595
ABB,CALL VOL,25642,13501,,,,,,,,,1053,1704,2188,2493,2680,3025
ABB,CALL OI,7842,8228,,,,,,,,,7882,7907,7322,7972,7984,7968
ABB,PUT VOL,9028,7845,,,,,,,,,384,687,1202,1110,1197,1383
ABB,PUT OI,6355,5968,,,,,,,,,6364,6393,7275,6427,6440,6460
ABCAPITAL,PRICE,410.05,390.0,,,,405.1,406.79,400.27,396.52,395.51,402.0,402.0,402.0,401.0,401.0,401.0
ABCAPITAL,VWAP,,,,,,,,,,,403.35,403.35,403.2,402.79,402.61,402.54
ABCAPITAL,CASH VOL,4888619,2783223,2190752,62.47,43.46,,,,,,133347,227194,263073,351778,387093,404812
ABCAPITAL,F&O VOL,26957,14294,,,,,,,,,647,1714,2089,2731,3077,3262
ABCAPITAL,F&O OI,21588,21789,,,,,,,,,21614,21641,21589,21564,21618,21609
ABCAPITAL,CALL VOL,12189,7014,,,,,,,,,411,904,1051,1352,1511,1609
ABCAPITAL,CALL OI,3332,3574,,,,,,,,,3577,3611,3371,3359,3400,3379
ABCAPITAL,PUT VOL,8873,3528,,,,,,,,,234,525,668,876,987,1043
ABCAPITAL,PUT OI,3816,3516,,,,,,,,,3638,3609,3753,3752,3753,3758
ADANIENSOL,PRICE,1436.1,1386.8,,,,1421.1,1426.97,1408.7,1405.1,1383.7,1419.0,1424.0,1410.0,1411.0,1412.0,1411.0
ADANIENSOL,VWAP,,,,,,,,,,,1421.87,1422.1,1419.47,1417.62,1416.93,1416.42
ADANIENSOL,CASH VOL,2145921,1185354,659478,52.95,52.34,,,,,,84012,192821,281332,373003,410636,448298
ADANIENSOL,F&O VOL,29481,15925,,,,,,,,,747,1977,3117,3841,4125,4401
ADANIENSOL,F&O OI,53223,54445,,,,,,,,,53251,53365,53354,53359,53354,53291
ADANIENSOL,CALL VOL,15348,6945,,,,,,,,,336,943,1263,1726,1793,1909
ADANIENSOL,CALL OI,5852,6269,,,,,,,,,5908,5996,5858,5989,5989,5998
ADANIENSOL,PUT VOL,5702,3170,,,,,,,,,204,428,764,955,1039,1069
ADANIENSOL,PUT OI,3728,3693,,,,,,,,,3698,3729,3828,3707,3691,3684
ADANIENT,PRICE,3020.0,2923.2,,,,2995.6,3004.1,2972.3,3052.87,3038.6,3003.0,3009.0,2999.0,3001.0,3003.0,3002.0
ADANIENT,VWAP,,,,,,,,,,,3002.05,3005.45,3003.7,3003.4,3003.32,3003.23
ADANIENT,CASH VOL,1628125,588066,922403,55.85,25.54,,,,,,61261,101092,143534,168919,180983,194988
ADANIENT,F&O VOL,84153,40770,,,,,,,,,3272,8046,11802,15045,15870,17007
ADANIENT,F&O OI,99225,97968,,,,,,,,,99568,99871,99984,99877,99864,99836
ADANIENT,CALL VOL,49828,21341,,,,,,,,,1897,4290,6136,7980,8369,8763
ADANIENT,CALL OI,22367,22127,,,,,,,,,22516,22545,22610,22514,22489,22523
ADANIENT,PUT VOL,20095,10256,,,,,,,,,945,2198,3383,4314,4584,4940
ADANIENT,PUT OI,12700,12967,,,,,,,,,12821,12927,12961,12929,12940,12905
ADANIGREEN,PRICE,1334.5,1274.2,,,,1332.0,1325.02,1306.05,1306.45,1289.68,1318.0,1321.0,1314.0,1315.0,1316.0,1315.0
ADANIGREEN,VWAP,,,,,,,,,,,1320.62,1319.46,1318.64,1318.2,1318.12,1318.01
ADANIGREEN,CASH VOL,2597171,717317,706090,35.66,29.87,,,,,,129667,202814,244629,279916,288175,301794
ADANIGREEN,F&O VOL,68569,13066,,,,,,,,,1880,4075,5679,6830,7037,7513
ADANIGREEN,F&O OI,57002,56779,,,,,,,,,57084,57105,57192,57178,57174,57190
ADANIGREEN,CALL VOL,43800,7328,,,,,,,,,1385,2795,3954,4624,4751,5005
ADANIGREEN,CALL OI,7764,7454,,,,,,,,,7860,7921,8008,8004,7992,7988
ADANIGREEN,PUT VOL,15727,2870,,,,,,,,,346,830,1215,1435,1483,1577
ADANIGREEN,PUT OI,4318,4207,,,,,,,,,4292,4263,4253,4267,4278,4273
ADANIPORTS,PRICE,1824.0,1738.3,,,,1793.7,1810.67,1784.0,1758.38,1745.95,1770.0,1776.0,1774.0,1783.0,1784.0,1784.0
ADANIPORTS,VWAP,,,,,,,,,,,1772.82,1773.58,1774.16,1776.19,1776.79,1777.32
ADANIPORTS,CASH VOL,4148803,791353,2333577,76.82,52.29,,,,,,418821,593638,742539,924620,974236,1030985
ADANIPORTS,F&O VOL,76626,19408,,,,,,,,,6300,15256,21052,29220,30920,33765
ADANIPORTS,F&O OI,68953,70178,,,,,,,,,69598,70984,71390,72228,72479,72670
ADANIPORTS,CALL VOL,39306,10149,,,,,,,,,3324,7124,10218,14852,15811,17246
ADANIPORTS,CALL OI,13968,14681,,,,,,,,,14373,14937,15238,15500,15541,15587
ADANIPORTS,PUT VOL,22785,5154,,,,,,,,,3190,6443,8479,10930,11564,12212
ADANIPORTS,PUT OI,10261,9873,,,,,,,,,10533,10840,10878,11042,11146,11136
ADANIPOWER,PRICE,206.6,205.92,,,,207.64,207.62,206.94,211.3,210.41,208.0,208.0,208.0,209.0,209.0,208.0
ADANIPOWER,VWAP,,,,,,,,,,,209.1,208.99,208.9,209.0,209.03,209.02
ADANIPOWER,CASH VOL,18185888,8794789,6025681,44.56,30.02,,,,,,1533874,2215653,2673502,3445263,3665723,3894071
ADANIPOWER,F&O VOL,42412,26063,,,,,,,,,3162,6018,7937,10990,12237,13254
ADANIPOWER,F&O OI,85140,86153,,,,,,,,,85466,85676,85709,85789,85844,85726
ADANIPOWER,CALL VOL,24157,14959,,,,,,,,,2166,3975,5333,7335,8119,8693
ADANIPOWER,CALL OI,14780,15854,,,,,,,,,15027,15109,15204,15186,15195,15146
ADANIPOWER,PUT VOL,11875,6755,,,,,,,,,617,971,1382,2060,2378,2746
ADANIPOWER,PUT OI,9171,9654,,,,,,,,,9125,9198,9105,9176,9128,9060
ALKEM,PRICE,5466.5,5348.5,,,,5395.0,5440.5,5388.5,5136.5,5103.83,5389.0,5373.0,5377.0,5377.0,5396.0,5385.0
ALKEM,VWAP,,,,,,,,,,,5389.29,5384.55,5383.96,5383.75,5384.72,5385.04
ALKEM,CASH VOL,320770,231871,144068,76.31,58.13,,,,,,6633,11231,13027,13881,15894,16633
ALKEM,F&O VOL,9825,14473,,,,,,,,,503,1449,1930,2296,2608,2884
ALKEM,F&O OI,19598,20539,,,,,,,,,19649,19653,19619,19619,19592,19575
ALKEM,CALL VOL,4633,7908,,,,,,,,,315,664,943,1087,1160,1272
ALKEM,CALL OI,2077,2293,,,,,,,,,2071,2117,2031,2061,2053,2082
ALKEM,PUT VOL,2368,2063,,,,,,,,,91,427,520,629,771,834
ALKEM,PUT OI,1793,1822,,,,,,,,,1816,2007,1836,1822,1808,1803
AMBER,PRICE,7125.0,7046.0,,,,7125.0,7123.25,7119.75,7244.67,7244.0,7123.0,7145.0,7116.0,7114.0,7204.0,7194.0
AMBER,VWAP,,,,,,,,,,,7142.87,7138.79,7143.59,7140.35,7152.24,7155.21
AMBER,CASH VOL,75972,89317,24206,40.04,21.38,,,,,,7666,14101,34806,39813,57025,61828
AMBER,F&O VOL,12191,16513,,,,,,,,,503,1875,2976,3720,5347,6220
AMBER,F&O OI,28402,28912,,,,,,,,,28427,28444,28578,28580,28550,28440
AMBER,CALL VOL,5509,8768,,,,,,,,,229,571,987,1298,2379,2831
AMBER,CALL OI,6248,6506,,,,,,,,,5199,5225,5260,5273,6316,6334
AMBER,PUT VOL,3240,3605,,,,,,,,,184,473,898,1169,1438,1573
AMBER,PUT OI,4510,4779,,,,,,,,,4308,4294,4331,4355,4611,4600
AMBUJACEM,PRICE,388.3,383.25,,,,389.1,389.95,388.85,394.23,392.64,394.0,395.0,393.0,393.0,392.0,391.0
AMBUJACEM,VWAP,,,,,,,,,,,393.43,394.52,394.46,394.4,394.14,393.93
AMBUJACEM,CASH VOL,2583375,1224906,1122582,50.02,51.81,,,,,,86886,259104,307491,346643,398076,431781
AMBUJACEM,F&O VOL,33265,15216,,,,,,,,,1231,3661,4881,5551,6232,6604
AMBUJACEM,F&O OI,104928,102981,,,,,,,,,105111,105608,105684,105768,105763,105779
AMBUJACEM,CALL VOL,17616,6577,,,,,,,,,684,1876,2328,2579,2903,3051
AMBUJACEM,CALL OI,8320,8138,,,,,,,,,9997,10243,10264,10276,8673,8655
AMBUJACEM,PUT VOL,5577,1911,,,,,,,,,237,896,1126,1245,1359,1433
AMBUJACEM,PUT OI,4838,4466,,,,,,,,,5380,5638,5640,5660,5131,5126
ANGELONE,PRICE,299.1,295.0,,,,299.2,298.86,298.38,302.74,298.23,299.0,300.0,298.0,296.0,297.0,297.0
ANGELONE,VWAP,,,,,,,,,,,300.16,300.66,300.3,299.39,299.12,299.01
ANGELONE,CASH VOL,3531096,1881558,955525,41.16,30.31,,,,,,118252,301969,393294,557694,619140,658969
ANGELONE,F&O VOL,16503,9983,,,,,,,,,452,1900,3018,4708,5280,5631
ANGELONE,F&O OI,28225,29270,,,,,,,,,28320,28448,28366,28227,28170,28230
ANGELONE,CALL VOL,8541,5155,,,,,,,,,426,1060,1551,2452,2790,2870
ANGELONE,CALL OI,7924,8634,,,,,,,,,8225,8298,8310,8080,8284,8086
ANGELONE,PUT VOL,4147,2379,,,,,,,,,152,505,686,1056,1141,1240
ANGELONE,PUT OI,3850,3975,,,,,,,,,3608,3662,3637,3877,3604,3836
APLAPOLLO,PRICE,2270.1,2148.5,,,,2224.2,2249.47,2208.2,2153.12,2152.35,2218.0,2205.0,2206.0,2195.0,2195.0,2195.0
APLAPOLLO,VWAP,,,,,,,,,,,2221.8,2215.63,2213.19,2205.05,2204.28,2203.71
APLAPOLLO,CASH VOL,1115754,335858,605821,64.55,40.61,,,,,,44057,75166,91561,168534,180089,188825
APLAPOLLO,F&O VOL,30889,13632,,,,,,,,,2678,4138,4912,6193,6430,6622
APLAPOLLO,F&O OI,51793,51390,,,,,,,,,51644,51676,51657,51772,51809,51833
APLAPOLLO,CALL VOL,15104,6447,,,,,,,,,1536,2183,2484,3055,3193,3267
APLAPOLLO,CALL OI,5981,6570,,,,,,,,,5114,5640,5670,5753,5747,5755
APLAPOLLO,PUT VOL,6984,2623,,,,,,,,,583,1113,1331,1695,1771,1813
APLAPOLLO,PUT OI,3585,3093,,,,,,,,,2714,3651,3636,3631,3673,3662
APOLLOHOSP,PRICE,8944.5,8768.5,,,,8889.0,8920.08,8871.25,8913.75,8861.92,8848.0,8900.0,8909.0,8908.0,8903.0,8904.0
APOLLOHOSP,VWAP,,,,,,,,,,,8850.02,8869.62,8883.27,8891.91,8893.34,8895.11
APOLLOHOSP,CASH VOL,344265,191301,157774,75.65,66.14,,,,,,10010,22393,31132,41787,46616,53365
APOLLOHOSP,F&O VOL,24458,18773,,,,,,,,,1122,4570,8115,10252,10850,12393
APOLLOHOSP,F&O OI,38060,38271,,,,,,,,,38285,38700,39050,39259,39297,39379
APOLLOHOSP,CALL VOL,13720,9620,,,,,,,,,639,2618,4661,5852,6171,6981
APOLLOHOSP,CALL OI,7252,7220,,,,,,,,,7290,7351,7434,7420,7431,7544
APOLLOHOSP,PUT VOL,7625,5745,,,,,,,,,439,1515,2475,3186,3334,4013
APOLLOHOSP,PUT OI,4152,4209,,,,,,,,,5382,4559,4780,4952,4982,4932
ASHOKLEY,PRICE,163.0,158.62,,,,163.0,162.27,160.81,164.63,164.05,162.0,162.0,162.0,161.0,161.0,161.0
ASHOKLEY,VWAP,,,,,,,,,,,162.64,162.7,162.61,162.31,162.07,161.97
ASHOKLEY,CASH VOL,17546400,8725516,8684552,68.83,39.1,,,,,,545133,961474,1280545,1761070,2163464,2451549
ASHOKLEY,F&O VOL,36527,35687,,,,,,,,,1154,3180,4391,6015,6967,7619
ASHOKLEY,F&O OI,62004,63411,,,,,,,,,62041,62159,62149,62143,62151,62180
ASHOKLEY,CALL VOL,14590,14494,,,,,,,,,501,1368,1989,2787,2842,3127
ASHOKLEY,CALL OI,7396,8305,,,,,,,,,9576,9699,9719,9706,7537,7541
ASHOKLEY,PUT VOL,10371,12035,,,,,,,,,405,922,1252,1702,1992,2182
ASHOKLEY,PUT OI,8666,8236,,,,,,,,,9306,9268,9241,9223,8536,8557
ASIANPAINT,PRICE,2451.3,2454.0,,,,2450.0,2456.0,2452.87,2471.82,2470.45,2457.0,2461.0,2459.0,2456.0,2458.0,2458.0
ASIANPAINT,VWAP,,,,,,,,,,,2456.63,2457.94,2458.18,2458.06,2457.97,2458.09
ASIANPAINT,CASH VOL,1000730,486007,593301,68.26,61.58,,,,,,18613,30755,39170,48071,57055,61648
ASIANPAINT,F&O VOL,27820,24429,,,,,,,,,1121,3050,4305,5441,6081,6861
ASIANPAINT,F&O OI,64328,65176,,,,,,,,,64429,64589,64466,64423,64314,64143
ASIANPAINT,CALL VOL,11809,8653,,,,,,,,,679,1551,2023,2427,2640,2843
ASIANPAINT,CALL OI,6684,6637,,,,,,,,,6817,6893,6924,6916,6929,6941
ASIANPAINT,PUT VOL,7282,7969,,,,,,,,,268,665,919,1140,1281,1437
ASIANPAINT,PUT OI,7879,7984,,,,,,,,,7879,7975,7943,7957,7964,7982
ASTRAL,PRICE,1427.7,1398.9,,,,1421.8,1422.67,1412.6,1454.75,1425.85,1418.0,1415.0,1410.0,1407.0,1408.0,1407.0
ASTRAL,VWAP,,,,,,,,,,,1421.34,1419.0,1417.44,1416.11,1414.94,1414.09
ASTRAL,CASH VOL,1389183,473351,513090,65.54,53.78,,,,,,18854,33292,42123,49013,53715,59840
ASTRAL,F&O VOL,17105,14887,,,,,,,,,454,1291,1834,2233,2495,2864
ASTRAL,F&O OI,32102,31433,,,,,,,,,32066,32061,31956,31966,31943,31901
ASTRAL,CALL VOL,7615,5129,,,,,,,,,206,549,822,990,1070,1228
ASTRAL,CALL OI,3937,3890,,,,,,,,,4275,4320,3965,3972,3963,3980
ASTRAL,PUT VOL,3204,3149,,,,,,,,,104,362,495,581,634,716
ASTRAL,PUT OI,2981,2974,,,,,,,,,2938,2924,2973,2994,2997,2993
AUBANK,PRICE,1058.6,1039.3,,,,1046.8,1054.38,1045.95,1057.78,1055.55,1041.0,1044.0,1043.0,1042.0,1042.0,1044.0
AUBANK,VWAP,,,,,,,,,,,1042.54,1042.71,1042.92,1043.04,1042.91,1043.0
AUBANK,CASH VOL,1251837,770876,669263,64.82,52.14,,,,,,43879,74220,87984,126400,138758,148580
AUBANK,F&O VOL,16457,11850,,,,,,,,,590,1420,1872,2488,2856,3350
AUBANK,F&O OI,41332,40316,,,,,,,,,41329,41314,41367,41339,41310,41305
AUBANK,CALL VOL,6413,5639,,,,,,,,,403,803,1042,1434,1564,1852
AUBANK,CALL OI,7894,7010,,,,,,,,,7891,7918,7958,7961,7972,7924
AUBANK,PUT VOL,6748,3685,,,,,,,,,168,369,516,719,774,905
AUBANK,PUT OI,6560,6316,,,,,,,,,6562,6557,6574,6537,6537,6550
AUROPHARMA,PRICE,1734.0,1690.0,,,,1709.8,1724.35,1705.05,1679.7,1679.5,1726.0,1732.0,1736.0,1729.0,1734.0,1725.0
AUROPHARMA,VWAP,,,,,,,,,,,1723.83,1726.76,1731.33,1731.26,1731.73,1730.89
AUROPHARMA,CASH VOL,1209478,758827,682600,56.14,42.18,,,,,,40260,66855,143294,175366,207986,243243
AUROPHARMA,F&O VOL,26016,18946,,,,,,,,,2097,4821,8831,10835,12715,14374
AUROPHARMA,F&O OI,36893,36945,,,,,,,,,36844,37085,37554,37838,37954,38178
AUROPHARMA,CALL VOL,11470,9337,,,,,,,,,1195,2512,4733,5423,6454,6963
AUROPHARMA,CALL OI,8514,8724,,,,,,,,,8383,8717,8807,8674,8786,8706
AUROPHARMA,PUT VOL,5350,4805,,,,,,,,,426,1042,2098,2858,3256,3876
AUROPHARMA,PUT OI,3107,3249,,,,,,,,,3147,2916,3118,3521,3289,3685
AXISBANK,PRICE,1257.0,1240.0,,,,1248.0,1254.25,1248.75,1245.2,1243.6,1248.0,1250.0,1247.0,1242.0,1243.0,1243.0
AXISBANK,VWAP,,,,,,,,,,,1248.01,1248.53,1248.33,1246.71,1246.27,1245.88
AXISBANK,CASH VOL,5693016,4413665,3734554,81.28,57.21,,,,,,85991,208046,296884,462379,516023,583131
AXISBANK,F&O VOL,64925,75869,,,,,,,,,3367,8577,12124,15794,16944,18185
AXISBANK,F&O OI,200104,200543,,,,,,,,,199963,200306,200541,200975,201009,201145
AXISBANK,CALL VOL,31500,37953,,,,,,,,,1611,4391,6362,8316,8955,9605
AXISBANK,CALL OI,25829,25897,,,,,,,,,25780,25935,26033,26266,26329,26414
AXISBANK,PUT VOL,23456,28914,,,,,,,,,1582,3521,4782,6044,6500,6856
AXISBANK,PUT OI,16911,17162,,,,,,,,,16796,16857,16882,16946,16896,16908
BAJAJ-AUTO,PRICE,11414.0,11500.0,,,,11470.0,11473.0,11433.67,11712.5,11689.5,11517.0,11472.0,11481.0,11481.0,11518.0,11500.0
BAJAJ-AUTO,VWAP,,,,,,,,,,,11506.03,11495.98,11490.35,11486.04,11489.19,11490.92
BAJAJ-AUTO,CASH VOL,296757,129351,188471,74.65,47.71,,,,,,8460,14209,19478,24405,29383,33610
BAJAJ-AUTO,F&O VOL,34448,35666,,,,,,,,,2994,6455,8780,11046,14066,15307
BAJAJ-AUTO,F&O OI,64531,63211,,,,,,,,,64678,64958,65178,65465,65317,65397
BAJAJ-AUTO,CALL VOL,14090,12684,,,,,,,,,1674,2917,3872,4876,6380,6927
BAJAJ-AUTO,CALL OI,9186,7975,,,,,,,,,9188,9314,9506,9694,9514,9573
BAJAJ-AUTO,PUT VOL,11192,11273,,,,,,,,,1010,2200,2623,3224,4067,4559
BAJAJ-AUTO,PUT OI,12447,12431,,,,,,,,,12543,12628,12658,12672,12666,12667
BAJAJFINSV,PRICE,1852.5,1859.2,,,,1860.2,1862.55,1855.85,1923.45,1916.82,1855.0,1860.0,1860.0,1853.0,1855.0,1853.0
BAJAJFINSV,VWAP,,,,,,,,,,,1857.58,1858.57,1858.71,1858.22,1858.0,1857.43
BAJAJFINSV,CASH VOL,719520,460650,510822,70.08,51.21,,,,,,23808,33735,39963,45320,47569,54172
BAJAJFINSV,F&O VOL,14598,18455,,,,,,,,,867,2242,2886,4542,4955,5248
BAJAJFINSV,F&O OI,62771,63294,,,,,,,,,62809,63027,63069,63227,63262,63315
BAJAJFINSV,CALL VOL,6064,8112,,,,,,,,,501,1143,1418,2353,2542,2632
BAJAJFINSV,CALL OI,6664,6699,,,,,,,,,6677,6758,6779,6899,6921,6944
BAJAJFINSV,PUT VOL,3319,4829,,,,,,,,,217,479,580,886,1018,1074
BAJAJFINSV,PUT OI,8835,8877,,,,,,,,,8855,8941,8942,8952,8954,8953
BAJAJHLDNG,PRICE,11282.0,11010.0,,,,11282.0,11260.17,11216.5,11100.67,11034.0,11317.0,11317.0,11360.0,11366.0,11354.0,11344.0
BAJAJHLDNG,VWAP,,,,,,,,,,,11294.61,11304.24,11363.03,11363.61,11361.75,11361.38
BAJAJHLDNG,CASH VOL,56100,29620,31360,63.11,55.01,,,,,,2671,3628,9744,10771,12603,13035
BAJAJHLDNG,F&O VOL,5745,3777,,,,,,,,,321,504,1111,1364,1529,1577
BAJAJHLDNG,F&O OI,5248,5408,,,,,,,,,5306,5325,5349,5356,5386,5366
BAJAJHLDNG,CALL VOL,2008,493,,,,,,,,,90,152,550,666,760,778
BAJAJHLDNG,CALL OI,777,939,,,,,,,,,778,780,799,808,830,819
BAJAJHLDNG,PUT VOL,181,66,,,,,,,,,15,22,42,50,59,62
BAJAJHLDNG,PUT OI,379,363,,,,,,,,,375,380,396,395,396,397
BAJFINANCE,PRICE,1040.3,1015.0,,,,1035.0,1036.77,1029.7,1037.6,1035.53,1027.0,1034.0,1033.0,1030.0,1031.0,1030.0
BAJFINANCE,VWAP,,,,,,,,,,,1030.33,1030.96,1031.26,1031.33,1031.25,1031.22
BAJFINANCE,CASH VOL,8201656,4816547,4099588,75.91,58.09,,,,,,252523,386398,446784,545557,605394,645432
BAJFINANCE,F&O VOL,61546,65965,,,,,,,,,3493,7218,9057,11140,12853,13890
BAJFINANCE,F&O OI,144180,146695,,,,,,,,,144758,145438,145717,145861,146267,146643
BAJFINANCE,CALL VOL,27239,33727,,,,,,,,,1673,3097,3764,4527,5005,5393
BAJFINANCE,CALL OI,14063,14807,,,,,,,,,14246,14275,14394,14427,14451,14527
BAJFINANCE,PUT VOL,16897,17196,,,,,,,,,761,1478,1921,2439,2686,2877
BAJFINANCE,PUT OI,13258,12904,,,,,,,,,13258,13320,13349,13401,13379,13379
BANDHANBNK,PRICE,175.0,171.5,,,,176.0,175.4,175.13,175.55,173.59,179.0,178.0,180.0,180.0,180.0,180.0
BANDHANBNK,VWAP,,,,,,,,,,,178.47,178.69,179.34,179.71,179.74,179.76
BANDHANBNK,CASH VOL,20360613,4150818,6515096,59.83,46.03,,,,,,1634575,2936009,5257316,7076099,7634923,8241194
BANDHANBNK,F&O VOL,1411,227,,,,,,,,,72,309,1235,1775,1829,1879
BANDHANBNK,F&O OI,47678,48817,,,,,,,,,47685,47641,47471,47408,47401,47389
BANDHANBNK,CALL VOL,228,85,,,,,,,,,31,77,316,443,467,478
BANDHANBNK,CALL OI,8054,8182,,,,,,,,,8052,8023,7930,7894,7886,7875
BANDHANBNK,PUT VOL,155,40,,,,,,,,,29,57,379,539,544,552
BANDHANBNK,PUT OI,5129,5237,,,,,,,,,5131,5127,5071,5058,5059,5063
BANKBARODA,PRICE,234.94,232.3,,,,234.0,234.44,233.43,237.67,236.75,233.0,233.0,233.0,233.0,234.0,234.0
BANKBARODA,VWAP,,,,,,,,,,,233.65,233.55,233.57,233.57,233.64,233.67
BANKBARODA,CASH VOL,7110561,4576908,4018279,65.27,39.06,,,,,,288544,571933,706971,840780,1012961,1112656
BANKBARODA,F&O VOL,21871,32327,,,,,,,,,996,3289,4627,5446,6286,6964
BANKBARODA,F&O OI,86395,86815,,,,,,,,,86512,86433,86404,86385,86363,86344
BANKBARODA,CALL VOL,12858,17637,,,,,,,,,696,1934,2578,3032,3414,3667
BANKBARODA,CALL OI,15484,15976,,,,,,,,,15533,15527,15477,15428,15396,15325
BANKBARODA,PUT VOL,4689,9674,,,,,,,,,357,835,1228,1442,1721,1875
BANKBARODA,PUT OI,11978,12076,,,,,,,,,12022,11991,12028,11987,11990,12005
BANKINDIA,PRICE,140.0,138.17,,,,139.22,139.67,139.01,140.0,139.99,138.0,138.0,138.0,138.0,138.0,138.0
BANKINDIA,VWAP,,,,,,,,,,,138.88,138.97,138.91,138.69,138.67,138.66
BANKINDIA,CASH VOL,4269930,9976048,2595704,61.69,53.35,,,,,,250918,359101,500701,813859,893481,980885
BANKINDIA,F&O VOL,9614,11417,,,,,,,,,115,572,947,1556,1728,1823
BANKINDIA,F&O OI,28990,28325,,,,,,,,,29009,29015,29034,29118,29143,29116
BANKINDIA,CALL VOL,4105,5948,,,,,,,,,64,298,513,719,824,864
BANKINDIA,CALL OI,5697,4590,,,,,,,,,5722,6125,5740,5733,5736,5716
BANKINDIA,PUT VOL,4252,2739,,,,,,,,,35,122,213,404,439,456
BANKINDIA,PUT OI,5485,5738,,,,,,,,,5484,5347,5497,5505,5509,5504
BDL,PRICE,1196.6,1151.9,,,,1180.0,1189.0,1173.8,1206.5,1195.5,1173.0,1174.0,1168.0,1169.0,1168.0,1168.0
BDL,VWAP,,,,,,,,,,,1175.14,1176.06,1172.55,1172.23,1171.98,1171.62
BDL,CASH VOL,741593,677240,196581,35.48,25.66,,,,,,74816,137735,243090,273344,292505,321594
BDL,F&O VOL,33117,30464,,,,,,,,,1179,2959,5008,6325,8502,9965
BDL,F&O OI,65247,66302,,,,,,,,,65297,65439,65775,65831,65643,65510
BDL,CALL VOL,13969,13196,,,,,,,,,848,1672,2413,2840,3672,4207
BDL,CALL OI,10425,10526,,,,,,,,,12214,12320,10776,10819,10638,10535
BDL,PUT VOL,6259,6516,,,,,,,,,183,463,774,1016,1452,1708
BDL,PUT OI,8214,8170,,,,,,,,,8538,8561,8223,8232,8245,8271
BEL,PRICE,393.3,395.45,,,,394.35,396.25,394.28,406.55,405.08,395.0,395.0,396.0,395.0,395.0,395.0
BEL,VWAP,,,,,,,,,,,396.07,396.14,396.08,396.04,395.97,395.74
BEL,CASH VOL,11862641,7820077,4697408,57.0,46.98,,,,,,393261,649895,936217,1498224,1738652,2052075
BEL,F&O VOL,63427,89997,,,,,,,,,1907,5058,8273,11291,12529,14254
BEL,F&O OI,144091,145512,,,,,,,,,144373,144797,145011,145265,145303,145460
BEL,CALL VOL,33007,49632,,,,,,,,,1334,2907,4543,5885,6389,7621
BEL,CALL OI,28361,28978,,,,,,,,,28539,28801,28966,29126,29106,29334
BEL,PUT VOL,15669,22102,,,,,,,,,379,874,1772,2469,2724,3112
BEL,PUT OI,17753,17666,,,,,,,,,17807,17818,17817,17789,17819,17802
BHARATFORG,PRICE,1962.1,1918.7,,,,1964.9,1967.5,1963.9,1956.8,1948.87,1973.0,1959.0,1955.0,1943.0,1965.0,1962.0
BHARATFORG,VWAP,,,,,,,,,,,1973.4,1969.81,1965.63,1959.81,1957.8,1958.02
BHARATFORG,CASH VOL,1602315,522135,608746,42.19,44.68,,,,,,28044,50651,75327,106890,152322,159814
BHARATFORG,F&O VOL,58883,16820,,,,,,,,,1072,2624,4600,7276,9066,9867
BHARATFORG,F&O OI,33896,32015,,,,,,,,,33785,33751,33902,34011,34352,34450
BHARATFORG,CALL VOL,31112,7288,,,,,,,,,713,1400,2252,2956,4289,4653
BHARATFORG,CALL OI,4908,4634,,,,,,,,,4980,4840,4986,4516,5497,5481
BHARATFORG,PUT VOL,15436,3332,,,,,,,,,295,668,1341,2457,2856,3059
BHARATFORG,PUT OI,4663,3384,,,,,,,,,4578,4602,4591,4451,4503,4580
BHARTIARTL,PRICE,1893.3,1836.0,,,,1854.8,1883.63,1864.3,1832.5,1831.57,1850.0,1850.0,1848.0,1844.0,1842.0,1841.0
BHARTIARTL,VWAP,,,,,,,,,,,1847.55,1848.13,1848.05,1846.34,1846.25,1846.04
BHARTIARTL,CASH VOL,14189780,4368285,11274209,87.97,64.82,,,,,,884863,1125321,1308585,2298829,2357657,2443361
BHARTIARTL,F&O VOL,138119,71485,,,,,,,,,15983,31601,39642,54230,57469,63453
BHARTIARTL,F&O OI,214591,214849,,,,,,,,,215672,216868,217184,217369,217395,217991
BHARTIARTL,CALL VOL,69417,38727,,,,,,,,,9251,16184,20444,27956,29948,33530
BHARTIARTL,CALL OI,34229,33135,,,,,,,,,38272,35496,35589,35778,35814,36332
BHARTIARTL,PUT VOL,34914,20186,,,,,,,,,6398,11304,13921,18762,19774,21431
BHARTIARTL,PUT OI,23421,21913,,,,,,,,,24423,24282,24369,24094,24110,24037
BHEL,PRICE,439.9,429.2,,,,433.0,437.79,433.57,429.7,427.1,434.0,433.0,432.0,430.0,433.0,433.0
BHEL,VWAP,,,,,,,,,,,435.83,435.35,434.67,433.59,433.41,433.42
BHEL,CASH VOL,7669374,8684564,3116316,50.41,29.79,,,,,,382538,582737,774862,1106928,1342600,1410344
BHEL,F&O VOL,33844,56054,,,,,,,,,2290,4248,6777,10618,12734,13383
BHEL,F&O OI,54377,54111,,,,,,,,,54749,55061,55069,55031,55139,55182
BHEL,CALL VOL,15083,27859,,,,,,,,,1231,2070,2945,4535,6184,6535
BHEL,CALL OI,9550,9822,,,,,,,,,9763,9904,9169,9215,10046,10021
BHEL,PUT VOL,10926,12416,,,,,,,,,670,1238,1953,3409,3881,4104
BHEL,PUT OI,6186,5710,,,,,,,,,6270,6279,6454,6292,6086,6145
BIOCON,PRICE,385.0,380.0,,,,388.3,384.55,383.65,394.3,391.87,388.0,391.0,392.0,394.0,394.0,392.0
BIOCON,VWAP,,,,,,,,,,,388.85,390.53,391.44,391.82,392.28,392.36
BIOCON,CASH VOL,7901211,3043285,5721183,80.06,56.88,,,,,,159353,464306,670198,821315,973372,1101563
BIOCON,F&O VOL,12896,23179,,,,,,,,,1527,4445,8111,10372,12258,13448
BIOCON,F&O OI,44411,45314,,,,,,,,,44387,44321,44302,44225,44253,44117
BIOCON,CALL VOL,6815,11978,,,,,,,,,1046,2932,4565,6086,7216,7147
BIOCON,CALL OI,7613,8141,,,,,,,,,7608,9479,7434,9281,9285,7296
BIOCON,PUT VOL,2582,4872,,,,,,,,,290,1027,1710,2315,3019,3354
BIOCON,PUT OI,5463,5313,,,,,,,,,5451,6055,5569,6226,6256,5617
BLUESTARCO,PRICE,1531.8,1553.0,,,,1536.8,1551.65,1538.42,1538.23,1498.7,1539.0,1570.0,1573.0,1571.0,1565.0,1561.0
BLUESTARCO,VWAP,,,,,,,,,,,1540.79,1559.15,1566.35,1568.06,1567.76,1566.75
BLUESTARCO,CASH VOL,798646,517440,263463,57.94,40.61,,,,,,8923,43004,85539,193826,232184,254108
BLUESTARCO,F&O VOL,16895,21729,,,,,,,,,344,2581,6336,8840,9441,10472
BLUESTARCO,F&O OI,34964,34264,,,,,,,,,34997,35051,35226,35352,35318,35363
BLUESTARCO,CALL VOL,7488,12749,,,,,,,,,185,1368,3645,5126,5560,5979
BLUESTARCO,CALL OI,4646,4604,,,,,,,,,4433,4665,4485,4697,4658,4676
BLUESTARCO,PUT VOL,3957,3393,,,,,,,,,141,895,1699,2367,2521,2735
BLUESTARCO,PUT OI,3053,2797,,,,,,,,,3368,3126,2756,3178,3162,3147
BOSCHLTD,PRICE,47000.0,47735.0,,,,47460.0,47825.0,47275.0,48590.0,48453.33,48110.0,48025.0,48065.0,47880.0,48075.0,48060.0
BOSCHLTD,VWAP,,,,,,,,,,,47956.07,47969.59,47983.38,47975.06,47985.62,47989.56
BOSCHLTD,CASH VOL,27389,17379,13029,52.15,43.17,,,,,,2066,3734,4838,5401,6959,7268
BOSCHLTD,F&O VOL,19424,14063,,,,,,,,,1791,5782,7671,9834,11578,12387
BOSCHLTD,F&O OI,21955,20927,,,,,,,,,22176,22845,23030,23156,23063,23054
BOSCHLTD,CALL VOL,6516,3672,,,,,,,,,1356,3094,3876,4633,5242,5501
BOSCHLTD,CALL OI,3140,2891,,,,,,,,,3379,3590,3640,3618,3659,3659
BOSCHLTD,PUT VOL,4966,1693,,,,,,,,,348,890,1265,1784,2215,2490
BOSCHLTD,PUT OI,3206,2860,,,,,,,,,3332,3347,3441,3535,3577,3608
BPCL,PRICE,314.0,307.0,,,,313.0,313.08,311.23,303.42,301.25,313.0,313.0,313.0,313.0,313.0,312.0
BPCL,VWAP,,,,,,,,,,,314.05,313.9,313.89,313.83,313.83,313.75
BPCL,CASH VOL,9439555,3005596,4366567,74.4,49.54,,,,,,188118,249279,332579,401033,412426,450009
BPCL,F&O VOL,17411,11479,,,,,,,,,772,1490,2153,2533,2636,3100
BPCL,F&O OI,28811,30077,,,,,,,,,28792,28816,28849,28813,28831,28872
BPCL,CALL VOL,7163,5236,,,,,,,,,408,818,1170,1351,1412,1657
BPCL,CALL OI,4643,5010,,,,,,,,,4938,4973,4998,4974,4981,4738
BPCL,PUT VOL,5411,3856,,,,,,,,,256,479,688,787,831,934
BPCL,PUT OI,4349,4336,,,,,,,,,4356,4368,4379,4368,4374,4362
BRITANNIA,PRICE,4998.0,4982.0,,,,5001.5,4997.75,4997.25,5029.0,4984.33,5002.0,5025.0,5012.0,5014.0,5015.0,5012.0
BRITANNIA,VWAP,,,,,,,,,,,5005.6,5013.89,5014.44,5014.29,5014.27,5014.61
BRITANNIA,CASH VOL,346885,308669,176606,75.08,59.47,,,,,,5541,11910,14669,16013,17367,19010
BRITANNIA,F&O VOL,15845,17197,,,,,,,,,649,2438,3333,3792,4092,4865
BRITANNIA,F&O OI,38595,37372,,,,,,,,,38597,38518,38402,38421,38440,38396
BRITANNIA,CALL VOL,7977,6796,,,,,,,,,397,1297,1786,2044,2190,2583
BRITANNIA,CALL OI,4304,3724,,,,,,,,,4289,4231,4153,4158,4150,4116
BRITANNIA,PUT VOL,3216,4550,,,,,,,,,198,699,954,1084,1195,1382
BRITANNIA,PUT OI,4956,4958,,,,,,,,,5001,5029,4998,5014,5035,5016
BSE,PRICE,3266.4,3259.0,,,,3258.0,3268.5,3267.1,3353.93,3293.8,3232.0,3216.0,3199.0,3189.0,3186.0,3177.0
BSE,VWAP,,,,,,,,,,,3233.43,3226.24,3219.59,3210.65,3208.85,3203.84
BSE,CASH VOL,2075360,2770028,574371,43.44,33.91,,,,,,230378,531037,808322,1132165,1234260,1460794
BSE,F&O VOL,92937,142670,,,,,,,,,13524,41076,58472,83905,93963,108240
BSE,F&O OI,168154,165122,,,,,,,,,170453,173233,174729,177016,178210,179671
BSE,CALL VOL,49785,71099,,,,,,,,,8126,21810,29550,40705,45469,52534
BSE,CALL OI,44802,43365,,,,,,,,,46072,47269,48516,49889,50623,51632
BSE,PUT VOL,28865,47649,,,,,,,,,4375,14978,20241,30013,33586,38769
BSE,PUT OI,32406,32873,,,,,,,,,32936,34075,33939,33901,34284,34073
CAMS,PRICE,708.05,714.95,,,,715.0,715.83,710.64,709.17,705.5,710.0,710.0,708.0,707.0,708.0,708.0
CAMS,VWAP,,,,,,,,,,,710.5,710.73,710.08,709.48,709.34,709.26
CAMS,CASH VOL,1128255,1304374,445290,52.86,52.42,,,,,,44370,71263,102365,130970,140795,150319
CAMS,F&O VOL,7526,9059,,,,,,,,,232,598,1308,2200,2449,2725
CAMS,F&O OI,25218,25105,,,,,,,,,25248,25264,25204,25207,25206,25273
CAMS,CALL VOL,4064,4297,,,,,,,,,173,388,697,1122,1305,1435
CAMS,CALL OI,3669,3720,,,,,,,,,3705,3723,3782,3785,3808,3835
CAMS,PUT VOL,1520,2298,,,,,,,,,26,90,149,323,372,385
CAMS,PUT OI,3826,3903,,,,,,,,,3824,3793,3806,3786,3785,3780
CANBK,PRICE,123.78,123.9,,,,123.23,123.67,123.45,125.12,124.38,123.0,123.0,123.0,123.0,123.0,123.0
CANBK,VWAP,,,,,,,,,,,123.25,123.33,123.31,123.29,123.31,123.38
CANBK,CASH VOL,11489793,11099833,5891552,59.97,29.34,,,,,,839048,1300637,1729125,1954975,2205764,2657327
CANBK,F&O VOL,10909,16908,,,,,,,,,479,1602,2157,2634,2928,3448
CANBK,F&O OI,81962,82131,,,,,,,,,82097,82123,82134,82150,82128,82129
CANBK,CALL VOL,5906,9283,,,,,,,,,373,1043,1277,1499,1680,1871
CANBK,CALL OI,11484,11632,,,,,,,,,11675,11636,11644,11645,11581,11506
CANBK,PUT VOL,2295,4226,,,,,,,,,44,281,420,500,545,716
CANBK,PUT OI,8356,8636,,,,,,,,,8353,8322,8304,8282,8279,8336
CDSL,PRICE,1390.0,1349.4,,,,1390.0,1382.75,1368.25,1358.08,1354.25,1372.0,1363.0,1362.0,1359.0,1368.0,1365.0
CDSL,VWAP,,,,,,,,,,,1379.41,1372.97,1368.55,1366.54,1366.18,1366.15
CDSL,CASH VOL,1694146,1823018,463713,41.15,26.48,,,,,,90783,164951,248917,309510,365008,385221
CDSL,F&O VOL,65517,76042,,,,,,,,,2410,7393,12900,16308,18170,19041
CDSL,F&O OI,60049,62020,,,,,,,,,60016,60224,60754,60987,60892,60893
CDSL,CALL VOL,33276,41489,,,,,,,,,1235,3178,5154,6276,7202,7534
CDSL,CALL OI,12458,13632,,,,,,,,,13215,12838,13021,13150,13039,13014
CDSL,PUT VOL,14745,15788,,,,,,,,,671,2211,4997,5846,6478,6713
CDSL,PUT OI,9567,9584,,,,,,,,,9168,9353,9482,9673,9615,9659
CGPOWER,PRICE,892.0,880.0,,,,903.0,896.15,893.38,910.0,909.33,912.0,915.0,912.0,909.0,911.0,912.0
CGPOWER,VWAP,,,,,,,,,,,913.62,914.69,914.33,913.71,913.46,913.38
CGPOWER,CASH VOL,3114673,2342568,1051209,48.82,19.15,,,,,,307600,544637,690577,827195,914835,966942
CGPOWER,F&O VOL,53328,46096,,,,,,,,,6907,14849,19251,23161,25483,26632
CGPOWER,F&O OI,36559,38513,,,,,,,,,37463,38412,38643,38870,38876,39037
CGPOWER,CALL VOL,33260,31004,,,,,,,,,6058,11319,14369,17154,18345,19022
CGPOWER,CALL OI,8553,9464,,,,,,,,,9298,9980,10485,10659,10688,10766
CGPOWER,PUT VOL,15575,10255,,,,,,,,,1483,3025,3953,5146,5880,6150
CGPOWER,PUT OI,6048,6733,,,,,,,,,6244,6393,6170,6206,6186,6202
CHOLAFIN,PRICE,1800.0,1764.5,,,,1806.0,1795.07,1785.2,1841.15,1831.65,1791.0,1796.0,1797.0,1797.0,1788.0,1789.0
CHOLAFIN,VWAP,,,,,,,,,,,1795.5,1794.29,1794.63,1794.9,1794.48,1793.96
CHOLAFIN,CASH VOL,1509978,1802374,550985,66.29,64.88,,,,,,55103,125171,149420,173507,193996,208571
CHOLAFIN,F&O VOL,14250,17414,,,,,,,,,376,1851,2269,2705,3261,3544
CHOLAFIN,F&O OI,33565,33427,,,,,,,,,33549,33549,33539,33552,33537,33542
CHOLAFIN,CALL VOL,6216,6370,,,,,,,,,324,994,1168,1393,1377,1493
CHOLAFIN,CALL OI,3501,3551,,,,,,,,,4554,4485,4481,4486,3445,3451
CHOLAFIN,PUT VOL,3492,5385,,,,,,,,,201,551,657,751,919,1008
CHOLAFIN,PUT OI,3369,3347,,,,,,,,,3324,3340,3326,3325,3346,3339
CIPLA,PRICE,1394.5,1376.3,,,,1383.2,1390.7,1383.1,1368.2,1366.73,1390.0,1394.0,1398.0,1390.0,1399.0,1401.0
CIPLA,VWAP,,,,,,,,,,,1391.66,1392.33,1394.2,1394.06,1395.16,1395.81
CIPLA,CASH VOL,1386584,730653,825941,68.04,58.04,,,,,,37317,65269,106120,146108,210384,244847
CIPLA,F&O VOL,21865,17632,,,,,,,,,1141,3000,5199,7164,8825,10337
CIPLA,F&O OI,47848,48503,,,,,,,,,47815,47932,47837,47905,47819,47759
CIPLA,CALL VOL,10991,8273,,,,,,,,,693,1703,2691,3590,4746,5579
CIPLA,CALL OI,6119,6240,,,,,,,,,5598,6156,6108,5653,6111,6093
CIPLA,PUT VOL,4703,3207,,,,,,,,,199,553,1057,1803,1806,2166
CIPLA,PUT OI,4164,4106,,,,,,,,,4388,4206,4199,4419,4202,4234
COALINDIA,PRICE,409.9,418.0,,,,411.7,414.8,411.53,428.05,426.95,411.0,412.0,412.0,413.0,412.0,412.0
COALINDIA,VWAP,,,,,,,,,,,412.31,411.84,412.08,412.22,412.3,412.32
COALINDIA,CASH VOL,7700870,3329425,3441323,64.25,65.02,,,,,,190835,373898,508626,632023,699766,797142
COALINDIA,F&O VOL,82238,33668,,,,,,,,,2063,6447,9333,12260,13374,14356
COALINDIA,F&O OI,126804,125007,,,,,,,,,126988,127275,127635,127729,127775,127837
COALINDIA,CALL VOL,35116,14154,,,,,,,,,1293,3184,4822,6245,6750,6858
COALINDIA,CALL OI,21671,18965,,,,,,,,,21840,22097,22164,25109,25137,22074
COALINDIA,PUT VOL,30973,10436,,,,,,,,,833,2376,3269,3985,4316,4743
COALINDIA,PUT OI,14190,15554,,,,,,,,,14305,14198,14362,14838,14849,14411
COCHINSHIP,PRICE,1398.0,1334.3,,,,1373.8,1387.17,1365.5,1471.9,1411.3,1381.0,1379.0,1378.0,1377.0,1376.0,1378.0
COCHINSHIP,VWAP,,,,,,,,,,,1382.7,1382.39,1381.21,1380.83,1380.59,1380.42
COCHINSHIP,CASH VOL,1456165,778679,771143,52.58,26.26,,,,,,106569,159609,199349,234238,252295,264988
COCHINSHIP,F&O VOL,40925,18479,,,,,,,,,2375,4034,6083,6992,7336,7673
COCHINSHIP,F&O OI,42973,44945,,,,,,,,,42920,42880,42782,42684,42711,42717
COCHINSHIP,CALL VOL,16004,9546,,,,,,,,,1588,2282,2752,3227,3372,3542
COCHINSHIP,CALL OI,7027,8477,,,,,,,,,6996,7052,6961,6931,6927,6960
COCHINSHIP,PUT VOL,7374,3389,,,,,,,,,575,911,1119,1285,1339,1389
COCHINSHIP,PUT OI,5002,4757,,,,,,,,,5025,4975,4943,4923,4920,4903
COFORGE,PRICE,1841.0,1793.0,,,,1809.0,1826.53,1797.6,1840.78,1829.35,1801.0,1803.0,1806.0,1801.0,1806.0,1809.0
COFORGE,VWAP,,,,,,,,,,,1805.08,1800.88,1802.0,1802.35,1802.64,1803.07
COFORGE,CASH VOL,2489460,1305465,1092691,58.71,43.04,,,,,,350779,583954,722588,822140,907551,958505
COFORGE,F&O VOL,52416,46340,,,,,,,,,6124,13362,16649,19796,21763,23320
COFORGE,F&O OI,77089,77653,,,,,,,,,77097,77281,77331,77267,77319,77210
COFORGE,CALL VOL,24155,19703,,,,,,,,,3025,6172,7590,8805,9717,10814
COFORGE,CALL OI,13620,13544,,,,,,,,,12788,12923,12910,12842,12858,13543
COFORGE,PUT VOL,11837,11673,,,,,,,,,2261,4579,5577,6362,6881,6466
COFORGE,PUT OI,10068,10199,,,,,,,,,10679,10750,10789,10870,10865,10415
COLPAL,PRICE,1917.8,1840.3,,,,1892.3,1904.32,1877.35,1798.55,1797.78,1892.0,1897.0,1889.0,1894.0,1894.0,1891.0
COLPAL,VWAP,,,,,,,,,,,1891.56,1896.01,1894.87,1894.4,1894.4,1894.44
COLPAL,CASH VOL,601910,416358,330150,69.64,51.74,,,,,,41267,81261,119028,137216,144985,157496
COLPAL,F&O VOL,25064,22160,,,,,,,,,1107,4163,5317,6098,6412,6925
COLPAL,F&O OI,42960,41817,,,,,,,,,43094,43172,43237,43273,43273,43331
COLPAL,CALL VOL,11584,11172,,,,,,,,,728,2132,2452,3042,3203,3390
COLPAL,CALL OI,8010,8254,,,,,,,,,8063,8064,7189,8110,8135,8138
COLPAL,PUT VOL,5663,5654,,,,,,,,,315,1364,1773,1904,2037,2162
COLPAL,PUT OI,6036,5946,,,,,,,,,6070,6147,5372,6194,6206,6233
CONCOR,PRICE,504.55,488.15,,,,498.6,501.31,494.83,503.3,500.6,499.0,499.0,496.0,494.0,494.0,494.0
CONCOR,VWAP,,,,,,,,,,,498.61,499.35,498.84,497.73,497.35,497.05
CONCOR,CASH VOL,2242132,791185,1008454,67.01,46.45,,,,,,104344,153521,182275,228274,249034,269816
CONCOR,F&O VOL,10400,7180,,,,,,,,,1194,3120,3850,4488,4727,4936
CONCOR,F&O OI,30974,31223,,,,,,,,,30955,31083,31210,31325,31374,31443
CONCOR,CALL VOL,6245,3717,,,,,,,,,899,2370,2813,3176,3251,3358
CONCOR,CALL OI,3907,4061,,,,,,,,,3996,4137,4058,4154,4163,4185
CONCOR,PUT VOL,1615,1368,,,,,,,,,123,310,445,553,604,633
CONCOR,PUT OI,2795,2716,,,,,,,,,2615,2603,2792,2774,2792,2793
CROMPTON,PRICE,227.12,225.1,,,,226.53,226.79,226.12,230.84,230.52,225.0,225.0,226.0,225.0,225.0,226.0
CROMPTON,VWAP,,,,,,,,,,,225.96,225.81,225.93,225.8,225.8,225.81
CROMPTON,CASH VOL,1405047,1444471,978048,67.27,55.57,,,,,,98726,167535,236664,352050,371249,397782
CROMPTON,F&O VOL,4489,8131,,,,,,,,,171,753,1480,2001,2236,2445
CROMPTON,F&O OI,53155,53473,,,,,,,,,53196,53229,53311,53355,53286,53280
CROMPTON,CALL VOL,2205,4613,,,,,,,,,153,544,897,1175,1317,1409
CROMPTON,CALL OI,7473,7720,,,,,,,,,7491,7524,7553,7605,7536,7532
CROMPTON,PUT VOL,688,1414,,,,,,,,,0,66,229,320,350,385
CROMPTON,PUT OI,5695,5742,,,,,,,,,5695,5694,5766,5739,5730,5738
CUMMINSIND,PRICE,5099.5,5020.0,,,,5100.0,5086.17,5059.5,5128.5,5089.5,5104.0,5077.0,5060.0,5051.0,5062.0,5071.0
CUMMINSIND,VWAP,,,,,,,,,,,5116.63,5102.97,5088.53,5081.85,5078.53,5077.09
CUMMINSIND,CASH VOL,502366,255287,241549,73.64,57.84,,,,,,6847,12786,19597,24092,27884,37830
CUMMINSIND,F&O VOL,11369,11715,,,,,,,,,571,1365,1941,2555,2870,3363
CUMMINSIND,F&O OI,41503,42417,,,,,,,,,41520,41465,41482,41532,41516,41493
CUMMINSIND,CALL VOL,5839,6173,,,,,,,,,330,720,928,1201,1339,1576
CUMMINSIND,CALL OI,4982,5419,,,,,,,,,4961,4946,4946,4945,4947,4947
CUMMINSIND,PUT VOL,3669,3413,,,,,,,,,210,425,749,1064,1170,1352
CUMMINSIND,PUT OI,5436,5594,,,,,,,,,5470,5444,5437,5497,5460,5408
DABUR,PRICE,395.25,384.55,,,,390.0,393.2,389.1,374.97,372.9,389.0,391.0,390.0,390.0,389.0,389.0
DABUR,VWAP,,,,,,,,,,,389.53,390.81,390.71,390.69,390.65,390.6
DABUR,CASH VOL,2455500,1528427,1551922,68.15,55.59,,,,,,102343,217931,292359,323501,344889,373242
DABUR,F&O VOL,14415,21969,,,,,,,,,805,3801,5321,6040,6470,6958
DABUR,F&O OI,47428,48171,,,,,,,,,47430,47462,47541,47506,47494,47552
DABUR,CALL VOL,6902,10047,,,,,,,,,436,2002,2868,3216,3430,3572
DABUR,CALL OI,7898,8242,,,,,,,,,7815,7858,7928,7944,7931,7929
DABUR,PUT VOL,4110,6721,,,,,,,,,173,875,1270,1425,1554,1667
DABUR,PUT OI,5649,5772,,,,,,,,,5671,5711,5670,5662,5634,5643
DALBHARAT,PRICE,1761.4,1693.3,,,,1765.0,1755.95,1745.05,1739.77,1726.1,,,,,,
DALBHARAT,VWAP,,,,,,,,,,,1799.2,1789.37,1787.35,1785.6,1785.15,1784.71
DALBHARAT,CASH VOL,374184,43925,172191,52.08,51.24,,,,,,13902,34769,41181,46367,47553,48740
DALBHARAT,F&O VOL,,,,,,,,,,,,,,,,
DALBHARAT,F&O OI,,,,,,,,,,,,,,,,
DALBHARAT,CALL VOL,,,,,,,,,,,,,,,,
DALBHARAT,CALL OI,,,,,,,,,,,,,,,,
DALBHARAT,PUT VOL,,,,,,,,,,,,,,,,
DALBHARAT,PUT OI,,,,,,,,,,,,,,,,
DELHIVERY,PRICE,428.0,425.95,,,,426.75,429.7,428.57,444.43,440.81,426.0,428.0,430.0,427.0,427.0,427.0
DELHIVERY,VWAP,,,,,,,,,,,427.47,427.89,428.2,428.23,428.16,428.07
DELHIVERY,CASH VOL,1686221,2714899,524080,65.72,59.03,,,,,,227887,508482,774347,946414,1026244,1113335
DELHIVERY,F&O VOL,5438,7422,,,,,,,,,183,574,1265,1730,2399,2600
DELHIVERY,F&O OI,24411,23394,,,,,,,,,24454,24523,24575,24666,24518,24572
DELHIVERY,CALL VOL,2729,3407,,,,,,,,,94,256,694,964,1320,1403
DELHIVERY,CALL OI,3196,2688,,,,,,,,,3216,3391,3387,3279,3210,3254
DELHIVERY,PUT VOL,1042,1463,,,,,,,,,8,98,174,237,261,277
DELHIVERY,PUT OI,3181,3076,,,,,,,,,3187,2933,2935,3190,3195,3195
DIVISLAB,PRICE,9375.0,9323.0,,,,9418.0,9386.75,9378.92,9462.75,9368.92,9388.0,9429.0,9431.0,9411.0,9414.0,9406.0
DIVISLAB,VWAP,,,,,,,,,,,9395.68,9402.57,9412.22,9414.74,9413.64,9413.41
DIVISLAB,CASH VOL,691534,494167,244437,71.25,65.48,,,,,,41965,54405,69531,87196,96459,98232
DIVISLAB,F&O VOL,53920,54288,,,,,,,,,3253,8903,13727,16699,17795,19147
DIVISLAB,F&O OI,77354,77399,,,,,,,,,77470,77783,77716,77801,77790,77894
DIVISLAB,CALL VOL,27023,26275,,,,,,,,,1794,4573,7104,8504,8924,9303
DIVISLAB,CALL OI,14958,14900,,,,,,,,,14970,14864,14542,14596,14559,14599
DIVISLAB,PUT VOL,16232,15236,,,,,,,,,1071,2707,3789,4916,5294,5632
DIVISLAB,PUT OI,7956,8093,,,,,,,,,8154,8435,8527,8508,8500,8523
DIXON,PRICE,13005.0,13290.0,,,,13128.0,13194.0,13068.0,13625.5,13491.83,13191.0,13270.0,13267.0,13210.0,13257.0,13239.0
DIXON,VWAP,,,,,,,,,,,13218.4,13256.6,13257.86,13252.93,13251.87,13250.88
DIXON,CASH VOL,371296,267254,154478,52.56,32.21,,,,,,14442,31732,42157,52886,59764,63710
DIXON,F&O VOL,129293,105924,,,,,,,,,5382,18382,27440,35198,41316,44037
DIXON,F&O OI,159717,155138,,,,,,,,,160177,160640,160619,160649,160150,160237
DIXON,CALL VOL,57937,49012,,,,,,,,,3372,10283,14911,18797,21881,22756
DIXON,CALL OI,30271,28310,,,,,,,,,30832,31132,31262,31222,31026,31007
DIXON,PUT VOL,38701,30341,,,,,,,,,1580,4468,6466,7964,9402,10004
DIXON,PUT OI,21732,20358,,,,,,,,,21826,22276,22510,22534,22512,22606
DLF,PRICE,644.35,640.0,,,,645.1,646.85,645.18,651.05,646.68,650.0,651.0,651.0,648.0,648.0,648.0
DLF,VWAP,,,,,,,,,,,650.9,650.93,651.35,650.96,650.49,650.41
DLF,CASH VOL,2890331,2478290,1230661,63.91,39.24,,,,,,83325,154111,234318,289103,334279,345839
DLF,F&O VOL,34317,40914,,,,,,,,,1599,4027,6077,7604,8675,9158
DLF,F&O OI,71415,71432,,,,,,,,,71396,71324,71312,71352,71426,71472
DLF,CALL VOL,16820,20692,,,,,,,,,752,1782,2710,3685,4167,4405
DLF,CALL OI,10129,10436,,,,,,,,,10153,10126,10134,10184,10232,10235
DLF,PUT VOL,12197,13210,,,,,,,,,626,1888,2614,3141,3469,3590
DLF,PUT OI,7315,6538,,,,,,,,,7268,7254,7271,7273,7265,7275
DMART,PRICE,3749.9,3711.2,,,,3732.0,3739.23,3717.9,3700.0,3692.0,3745.0,3752.0,3756.0,3777.0,3773.0,3757.0
DMART,VWAP,,,,,,,,,,,3750.9,3751.94,3752.87,3768.33,3770.16,3769.87
DMART,CASH VOL,881497,381790,275774,71.03,58.01,,,,,,21198,35652,48939,123151,150527,185210
DMART,F&O VOL,33161,19568,,,,,,,,,1351,3051,4117,10685,13040,14767
DMART,F&O OI,60761,61028,,,,,,,,,60574,60548,60482,60246,60238,60087
DMART,CALL VOL,16549,10646,,,,,,,,,818,1708,2202,5785,6937,7841
DMART,CALL OI,11035,11391,,,,,,,,,10859,10869,10844,11350,10545,10469
DMART,PUT VOL,9545,4599,,,,,,,,,403,858,1173,2636,3428,3944
DMART,PUT OI,8225,8078,,,,,,,,,8287,8236,8205,7427,8244,8211
DRREDDY,PRICE,1185.0,1175.0,,,,1185.0,1194.8,1188.27,1162.33,1156.0,1192.0,1192.0,1200.0,1197.0,1200.0,1201.0
DRREDDY,VWAP,,,,,,,,,,,1192.9,1192.79,1195.4,1196.4,1196.99,1197.37
DRREDDY,CASH VOL,3002566,2311932,1191097,58.06,48.34,,,,,,48831,78470,158942,204288,240191,262690
DRREDDY,F&O VOL,107943,53822,,,,,,,,,3238,6432,12361,16341,19217,20632
DRREDDY,F&O OI,65352,62255,,,,,,,,,65159,65368,65734,65933,66127,66298
DRREDDY,CALL VOL,66379,28355,,,,,,,,,2600,4461,9115,11827,13885,14814
DRREDDY,CALL OI,11561,9963,,,,,,,,,10685,10660,11481,11456,11411,11509
DRREDDY,PUT VOL,20327,7401,,,,,,,,,447,1031,1830,2367,2853,3033
DRREDDY,PUT OI,4822,4004,,,,,,,,,5557,5639,5088,5124,5295,5305
EICHERMOT,PRICE,7516.0,7493.5,,,,7550.0,7523.0,7518.33,7657.25,7572.42,7550.0,7533.0,7516.0,7498.0,7508.0,7500.0
EICHERMOT,VWAP,,,,,,,,,,,7550.16,7540.07,7533.09,7526.1,7522.81,7521.29
EICHERMOT,CASH VOL,419526,255852,182366,70.71,58.66,,,,,,11251,14493,18592,21922,24185,25532
EICHERMOT,F&O VOL,21806,27250,,,,,,,,,1157,3050,4559,6366,7257,7976
EICHERMOT,F&O OI,67669,68413,,,,,,,,,67731,67915,68094,68235,68291,68225
EICHERMOT,CALL VOL,10792,11531,,,,,,,,,672,1761,2651,3514,3962,4324
EICHERMOT,CALL OI,9430,9561,,,,,,,,,9475,9610,9774,9922,9957,9958
EICHERMOT,PUT VOL,6557,10061,,,,,,,,,320,732,1095,1616,1844,2059
EICHERMOT,PUT OI,13897,13904,,,,,,,,,13887,13925,13943,13981,13984,14002
ETERNAL,PRICE,326.85,322.35,,,,326.85,327.73,327.14,322.47,320.43,327.0,328.0,330.0,330.0,330.0,331.0
ETERNAL,VWAP,,,,,,,,,,,327.77,327.87,329.61,330.12,330.21,330.28
ETERNAL,CASH VOL,17696853,27543143,6634267,55.07,50.54,,,,,,447616,884368,2817685,3905783,4384951,4682209
ETERNAL,F&O VOL,67482,95987,,,,,,,,,1712,4232,13627,22428,25158,26899
ETERNAL,F&O OI,106156,104283,,,,,,,,,106281,106235,106544,106910,106890,106869
ETERNAL,CALL VOL,32703,48678,,,,,,,,,924,2081,7150,12614,14032,14888
ETERNAL,CALL OI,23013,23137,,,,,,,,,23132,23143,22876,22987,22977,22891
ETERNAL,PUT VOL,22136,31220,,,,,,,,,438,1270,4059,6442,7311,7928
ETERNAL,PUT OI,12192,10310,,,,,,,,,12140,12216,12658,12825,12808,12809
FEDERALBNK,PRICE,332.75,332.75,,,,333.1,331.97,330.4,344.37,344.1,332.0,332.0,332.0,331.0,332.0,332.0
FEDERALBNK,VWAP,,,,,,,,,,,333.07,332.72,332.57,332.48,332.4,332.52
FEDERALBNK,CASH VOL,14568034,5321222,4271940,63.93,50.71,,,,,,104794,180471,244850,282060,336307,500414
FEDERALBNK,F&O VOL,55812,39413,,,,,,,,,995,2304,4078,5129,5593,6602
FEDERALBNK,F&O OI,60949,58667,,,,,,,,,61019,61157,61209,61264,61271,61286
FEDERALBNK,CALL VOL,23241,17701,,,,,,,,,606,1153,1916,2406,2635,3528
FEDERALBNK,CALL OI,11057,10265,,,,,,,,,8583,8731,8868,8953,8971,11388
FEDERALBNK,PUT VOL,20523,14017,,,,,,,,,396,742,1149,1389,1526,1803
FEDERALBNK,PUT OI,8038,7938,,,,,,,,,7693,7654,7662,7648,7659,8040
FORCEMOT,PRICE,17488.0,17650.0,,,,17490.0,17685.0,17553.67,17839.5,17749.83,17520.0,17600.0,17637.0,17582.0,17551.0,17524.0
FORCEMOT,VWAP,,,,,,,,,,,17542.88,17582.14,17587.28,17588.24,17581.87,17580.07
FORCEMOT,CASH VOL,63130,62698,28804,57.79,39.04,,,,,,3770,8839,10300,12713,16236,16976
FORCEMOT,F&O VOL,23534,18728,,,,,,,,,752,1788,3165,5370,6343,6642
FORCEMOT,F&O OI,20823,21268,,,,,,,,,20852,20965,20945,20725,20753,20757
FORCEMOT,CALL VOL,10018,7537,,,,,,,,,604,1051,1474,2822,3280,3481
FORCEMOT,CALL OI,6070,6220,,,,,,,,,6109,6133,6148,5914,5936,5953
FORCEMOT,PUT VOL,7437,5826,,,,,,,,,236,436,995,1575,1938,1984
FORCEMOT,PUT OI,2997,3248,,,,,,,,,3002,3071,3079,3131,3121,3106
FORTIS,PRICE,886.0,886.1,,,,887.2,892.2,888.07,901.7,892.43,902.0,904.0,899.0,900.0,901.0,900.0
FORTIS,VWAP,,,,,,,,,,,899.18,900.41,901.35,901.26,901.31,901.24
FORTIS,CASH VOL,1928099,1175220,982422,75.04,46.39,,,,,,60043,101625,149788,256303,281116,322012
FORTIS,F&O VOL,4954,10971,,,,,,,,,432,1548,2368,2913,3108,3417
FORTIS,F&O OI,21461,21929,,,,,,,,,21482,21484,21533,21589,21573,21687
FORTIS,CALL VOL,2055,7494,,,,,,,,,561,1032,1463,1744,1832,2029
FORTIS,CALL OI,2227,2385,,,,,,,,,2212,2202,2210,2218,2210,2315
FORTIS,PUT VOL,707,1803,,,,,,,,,100,296,434,557,635,665
FORTIS,PUT OI,1609,1665,,,,,,,,,1624,1608,1607,1608,1578,1571
GAIL,PRICE,173.9,172.0,,,,173.6,173.71,173.32,174.75,174.0,173.0,173.0,174.0,173.0,173.0,173.0
GAIL,VWAP,,,,,,,,,,,173.95,173.92,173.91,173.87,173.83,173.79
GAIL,CASH VOL,8527161,2741053,4675704,70.42,54.5,,,,,,203778,257193,405003,482838,536972,600927
GAIL,F&O VOL,7791,5883,,,,,,,,,212,587,931,1311,1491,1676
GAIL,F&O OI,32918,33566,,,,,,,,,32938,32931,32928,33023,33036,33064
GAIL,CALL VOL,3386,2948,,,,,,,,,139,264,414,549,618,711
GAIL,CALL OI,5427,5787,,,,,,,,,5479,5497,5469,5468,5475,5503
GAIL,PUT VOL,2069,1493,,,,,,,,,88,156,272,362,397,448
GAIL,PUT OI,3015,3213,,,,,,,,,2794,2804,2810,3042,3038,3018
GLENMARK,PRICE,2447.4,2416.0,,,,2425.0,2438.97,2422.1,2435.5,2424.63,2434.0,2459.0,2466.0,2445.0,2457.0,2457.0
GLENMARK,VWAP,,,,,,,,,,,2434.37,2445.39,2455.09,2454.76,2454.43,2454.47
GLENMARK,CASH VOL,545520,227416,298196,66.51,44.53,,,,,,17273,49419,84319,127899,145744,153161
GLENMARK,F&O VOL,6155,6637,,,,,,,,,188,1222,2949,3981,4457,4692
GLENMARK,F&O OI,39413,39250,,,,,,,,,39415,39364,39420,39543,39592,39587
GLENMARK,CALL VOL,3033,2954,,,,,,,,,128,698,1535,1991,2237,2365
GLENMARK,CALL OI,4191,4117,,,,,,,,,4038,4183,4149,4073,4274,4266
GLENMARK,PUT VOL,809,1108,,,,,,,,,31,189,489,684,724,755
GLENMARK,PUT OI,1316,1295,,,,,,,,,1418,1317,1361,1477,1388,1392
GMRAIRPORT,PRICE,99.3,95.04,,,,101.2,98.65,97.35,97.66,97.0,99.0,99.0,99.0,98.0,99.0,99.0
GMRAIRPORT,VWAP,,,,,,,,,,,99.94,99.79,99.72,99.63,99.61,99.6
GMRAIRPORT,CASH VOL,21945461,11555139,9177551,72.77,56.91,,,,,,8244138,11416827,12948204,14004073,14292413,14650262
GMRAIRPORT,F&O VOL,13048,10290,,,,,,,,,7675,14103,17681,19904,20712,21723
GMRAIRPORT,F&O OI,36633,37792,,,,,,,,,38436,39781,40622,40918,41096,41220
GMRAIRPORT,CALL VOL,5896,4635,,,,,,,,,4634,8276,9294,10401,10808,11183
GMRAIRPORT,CALL OI,4916,5651,,,,,,,,,6928,7278,6685,6816,6917,6948
GMRAIRPORT,PUT VOL,2349,905,,,,,,,,,1022,2139,2964,3374,3597,3870
GMRAIRPORT,PUT OI,5369,5346,,,,,,,,,4495,4666,5663,5655,5673,5681
GODFRYPHLP,PRICE,2018.0,1943.0,,,,1997.0,2005.62,1980.85,1965.6,1939.87,1981.0,1984.0,1984.0,1982.0,1976.0,1976.0
GODFRYPHLP,VWAP,,,,,,,,,,,1989.35,1986.4,1985.86,1984.67,1983.36,1983.07
GODFRYPHLP,CASH VOL,404029,99720,95579,26.85,28.38,,,,,,24824,35948,44294,55451,64689,67474
GODFRYPHLP,F&O VOL,8390,2957,,,,,,,,,363,659,821,1246,1615,1737
GODFRYPHLP,F&O OI,11227,11159,,,,,,,,,11273,11322,11297,11285,11361,11360
GODFRYPHLP,CALL VOL,5832,1880,,,,,,,,,226,371,472,648,870,944
GODFRYPHLP,CALL OI,2770,2811,,,,,,,,,2792,2832,2820,2779,2849,2848
GODFRYPHLP,PUT VOL,1367,500,,,,,,,,,100,165,212,247,309,333
GODFRYPHLP,PUT OI,1640,1545,,,,,,,,,1664,1654,1642,1637,1640,1637
GODREJCP,PRICE,880.0,873.0,,,,879.0,879.41,878.23,864.82,864.45,881.0,886.0,884.0,886.0,882.0,883.0
GODREJCP,VWAP,,,,,,,,,,,881.73,884.19,884.49,884.69,884.39,884.3
GODREJCP,CASH VOL,1410736,884594,639312,65.3,56.2,,,,,,15883,31070,51705,69150,93203,102910
GODREJCP,F&O VOL,16004,10369,,,,,,,,,424,1881,2854,3482,4050,4407
GODREJCP,F&O OI,51272,52037,,,,,,,,,51188,50943,50677,50742,50639,50649
GODREJCP,CALL VOL,9769,5066,,,,,,,,,256,1190,1806,2217,2621,2847
GODREJCP,CALL OI,8911,9060,,,,,,,,,8833,9527,8519,8612,8530,8542
GODREJCP,PUT VOL,2320,2613,,,,,,,,,108,398,550,642,713,753
GODREJCP,PUT OI,6929,6984,,,,,,,,,6912,7244,6822,6807,6826,6816
GODREJPROP,PRICE,1691.1,1678.2,,,,1704.0,1703.95,1695.38,1813.6,1769.87,1706.0,1708.0,1709.0,1705.0,1700.0,1700.0
GODREJPROP,VWAP,,,,,,,,,,,1711.04,1711.41,1711.49,1710.54,1709.02,1707.93
GODREJPROP,CASH VOL,659676,570025,292814,54.4,40.68,,,,,,31830,54080,69064,81131,93569,104261
GODREJPROP,F&O VOL,29687,26578,,,,,,,,,1479,2940,4162,5110,6234,6765
GODREJPROP,F&O OI,60786,60216,,,,,,,,,60841,60802,60848,60765,60772,60796
GODREJPROP,CALL VOL,14796,13573,,,,,,,,,818,1393,1887,2242,2678,2873
GODREJPROP,CALL OI,6779,6373,,,,,,,,,7347,6798,6808,6782,6804,6818
GODREJPROP,PUT VOL,6892,4657,,,,,,,,,320,934,1286,1518,1831,1893
GODREJPROP,PUT OI,4548,4429,,,,,,,,,4211,4507,4555,4555,4540,4535
GRASIM,PRICE,3209.2,3173.1,,,,3204.9,3203.42,3191.85,3295.7,3286.5,3208.0,3216.0,3210.0,3205.0,3205.0,3204.0
GRASIM,VWAP,,,,,,,,,,,3206.31,3210.69,3211.12,3210.26,3209.92,3209.19
GRASIM,CASH VOL,682793,738188,402714,69.79,57.27,,,,,,6967,14855,18126,22837,25334,28556
GRASIM,F&O VOL,12980,12182,,,,,,,,,304,1026,1511,2220,2692,3486
GRASIM,F&O OI,48010,48659,,,,,,,,,48041,48069,48017,47922,47946,47859
GRASIM,CALL VOL,5536,5078,,,,,,,,,201,579,818,1051,1318,1576
GRASIM,CALL OI,4134,4043,,,,,,,,,4159,4345,4189,4214,4244,4261
GRASIM,PUT VOL,2954,3019,,,,,,,,,87,182,300,408,509,631
GRASIM,PUT OI,2457,2549,,,,,,,,,2464,2299,2461,2482,2492,2522
GVT&D,PRICE,4385.0,4341.0,,,,4399.0,4395.7,4388.57,4626.85,4574.35,4404.0,4396.0,4394.0,4379.0,4378.0,4389.0
GVT&D,VWAP,,,,,,,,,,,4417.6,4407.81,4404.94,4397.99,4396.29,4395.48
GVT&D,CASH VOL,809572,504355,392792,61.2,42.42,,,,,,23437,45913,62250,78497,85064,90609
GVT&D,F&O VOL,28290,33064,,,,,,,,,1039,2383,3484,6270,6787,7250
GVT&D,F&O OI,54910,56840,,,,,,,,,55009,54940,54992,54524,54463,54429
GVT&D,CALL VOL,14228,17294,,,,,,,,,632,1416,2049,3948,4209,4460
GVT&D,CALL OI,12139,12268,,,,,,,,,12122,12119,12218,11805,11767,11743
GVT&D,PUT VOL,7969,8670,,,,,,,,,331,717,938,1362,1558,1654
GVT&D,PUT OI,10726,11385,,,,,,,,,10825,10757,10734,10676,10666,10660
HAL,PRICE,4800.3,4788.0,,,,4850.0,4835.0,4811.87,4986.2,4932.07,4863.0,4856.0,4866.0,4862.0,4853.0,4854.0
HAL,VWAP,,,,,,,,,,,4863.73,4863.43,4862.8,4863.2,4862.73,4862.16
HAL,CASH VOL,972849,528884,345718,51.56,35.04,,,,,,67300,109221,155981,187619,209003,220558
HAL,F&O VOL,116471,83763,,,,,,,,,8292,17926,27202,32032,35434,37936
HAL,F&O OI,91288,89705,,,,,,,,,92280,92619,92829,92663,92447,92547
HAL,CALL VOL,59866,45607,,,,,,,,,5163,10720,15600,17606,19220,20575
HAL,CALL OI,18741,19225,,,,,,,,,19579,19985,20428,20558,20566,20615
HAL,PUT VOL,33179,16822,,,,,,,,,2468,5324,7725,9349,10384,10971
HAL,PUT OI,15400,13688,,,,,,,,,15426,15204,14822,14560,14422,14414
HAVELLS,PRICE,1132.4,1092.0,,,,1108.6,1124.67,1109.2,1119.85,1113.95,1108.0,1106.0,1108.0,1107.0,1108.0,1107.0
HAVELLS,VWAP,,,,,,,,,,,1109.09,1107.86,1107.81,1107.82,1107.83,1107.83
HAVELLS,CASH VOL,745375,579925,423727,63.02,58.43,,,,,,91669,143578,164190,176054,185997,190015
HAVELLS,F&O VOL,11501,11463,,,,,,,,,1357,3994,4800,5698,6142,6553
HAVELLS,F&O OI,40815,41565,,,,,,,,,41082,41378,41501,41585,41600,41633
HAVELLS,CALL VOL,5692,6055,,,,,,,,,839,2120,2591,3070,3300,3493
HAVELLS,CALL OI,6206,6681,,,,,,,,,6763,6505,6580,6591,6565,6548
HAVELLS,PUT VOL,1805,2008,,,,,,,,,424,1106,1232,1388,1514,1576
HAVELLS,PUT OI,4058,4098,,,,,,,,,4283,4079,4080,4075,4065,4084
HCLTECH,PRICE,1249.3,1258.3,,,,1242.3,1248.93,1248.2,1230.25,1214.15,1254.0,1257.0,1261.0,1269.0,1267.0,1268.0
HCLTECH,VWAP,,,,,,,,,,,1251.02,1253.13,1255.01,1259.03,1259.88,1260.44
HCLTECH,CASH VOL,2886447,1386250,1647287,62.51,43.07,,,,,,126388,217836,309245,416593,452598,480602
HCLTECH,F&O VOL,56583,85124,,,,,,,,,5528,16321,25202,37698,41787,44179
HCLTECH,F&O OI,114094,113813,,,,,,,,,114261,114286,114674,115031,115114,115155
HCLTECH,CALL VOL,26743,32862,,,,,,,,,2483,6380,10567,14955,16379,17202
HCLTECH,CALL OI,14511,14031,,,,,,,,,11326,11741,14456,14380,14353,14395
HCLTECH,PUT VOL,13414,23974,,,,,,,,,2086,5195,7704,10859,12335,13004
HCLTECH,PUT OI,8855,9760,,,,,,,,,10014,9452,9737,10156,10202,10250
HDFCAMC,PRICE,2425.0,2387.7,,,,2434.9,2423.37,2420.1,2407.1,2404.97,2421.0,2418.0,2414.0,2417.0,2422.0,2424.0
HDFCAMC,VWAP,,,,,,,,,,,2425.9,2422.76,2419.65,2419.12,2419.46,2420.23
HDFCAMC,CASH VOL,1040790,492465,414562,70.88,59.85,,,,,,16439,32267,65596,74877,93078,114081
HDFCAMC,F&O VOL,21177,14931,,,,,,,,,258,1016,2299,2773,3335,3810
HDFCAMC,F&O OI,37460,38106,,,,,,,,,37507,37582,37557,37568,37534,37450
HDFCAMC,CALL VOL,8733,7187,,,,,,,,,191,632,1176,1428,1918,1866
HDFCAMC,CALL OI,5168,5293,,,,,,,,,6118,5245,5217,5211,5992,5098
HDFCAMC,PUT VOL,2416,1834,,,,,,,,,50,191,378,445,629,755
HDFCAMC,PUT OI,4359,4584,,,,,,,,,4657,4368,4363,4351,4645,4328
HDFCBANK,PRICE,731.0,713.0,,,,731.0,728.84,724.52,703.98,695.45,734.0,736.0,735.0,735.0,733.0,734.0
HDFCBANK,VWAP,,,,,,,,,,,733.43,735.66,735.81,735.82,735.58,735.39
HDFCBANK,CASH VOL,39400710,21543303,14916639,63.95,60.18,,,,,,2069381,4450450,5856433,6603074,7589945,8443249
HDFCBANK,F&O VOL,839105,473279,,,,,,,,,56849,162222,200547,225589,264180,284307
HDFCBANK,F&O OI,1059016,1070420,,,,,,,,,1060924,1062801,1064122,1063387,1062413,1062482
HDFCBANK,CALL VOL,414231,260992,,,,,,,,,31959,85473,104874,116264,129072,143304
HDFCBANK,CALL OI,169801,185621,,,,,,,,,167892,168674,168965,167622,165322,166687
HDFCBANK,PUT VOL,234323,94457,,,,,,,,,14410,43103,53303,60251,78503,81305
HDFCBANK,PUT OI,101656,95529,,,,,,,,,109990,102776,103235,103122,109586,101977
HDFCLIFE,PRICE,550.95,557.0,,,,551.65,557.95,553.28,527.22,521.65,557.0,561.0,561.0,561.0,561.0,562.0
HDFCLIFE,VWAP,,,,,,,,,,,556.42,559.63,560.19,560.47,560.6,560.8
HDFCLIFE,CASH VOL,5599030,9374431,2401419,63.7,41.24,,,,,,105535,307380,452844,534738,619844,702265
HDFCLIFE,F&O VOL,45508,158901,,,,,,,,,1266,5968,8857,10798,12071,13696
HDFCLIFE,F&O OI,84378,87553,,,,,,,,,84522,85061,85150,85333,85399,85509
HDFCLIFE,CALL VOL,18512,74812,,,,,,,,,682,2665,4126,5025,5675,6775
HDFCLIFE,CALL OI,12306,12987,,,,,,,,,12232,12403,12532,12571,12571,12718
HDFCLIFE,PUT VOL,13350,28986,,,,,,,,,402,1800,2650,3045,3373,3777
HDFCLIFE,PUT OI,6114,6878,,,,,,,,,6634,6868,6856,6932,6958,6497
HEROMOTOCO,PRICE,5285.5,5325.0,,,,5308.0,5324.0,5298.33,5233.0,5225.33,5386.0,5373.0,5371.0,5367.0,5388.0,5392.0
HEROMOTOCO,VWAP,,,,,,,,,,,5376.4,5371.89,5371.76,5370.61,5373.04,5376.31
HEROMOTOCO,CASH VOL,688654,536484,358916,74.36,56.1,,,,,,36359,66955,80620,94024,114459,136638
HEROMOTOCO,F&O VOL,44314,46507,,,,,,,,,4970,13127,18097,21891,26059,29792
HEROMOTOCO,F&O OI,55546,57487,,,,,,,,,55772,56603,56793,57137,56833,56896
HEROMOTOCO,CALL VOL,26916,28118,,,,,,,,,3438,8486,11617,13685,16604,19164
HEROMOTOCO,CALL OI,15810,16371,,,,,,,,,15844,16334,16484,16738,16334,16236
HEROMOTOCO,PUT VOL,10626,11430,,,,,,,,,1233,3414,4714,5688,6512,7368
HEROMOTOCO,PUT OI,8544,9201,,,,,,,,,8857,8893,8885,8908,8982,9062
HINDALCO,PRICE,986.5,980.5,,,,987.0,989.35,987.45,1002.75,988.58,988.0,989.0,988.0,987.0,987.0,988.0
HINDALCO,VWAP,,,,,,,,,,,988.07,988.21,988.32,988.19,988.15,988.15
HINDALCO,CASH VOL,8310236,2724042,3281123,68.79,62.86,,,,,,173680,278500,324469,386310,417419,429767
HINDALCO,F&O VOL,60244,33129,,,,,,,,,4569,12040,16163,18281,19012,19583
HINDALCO,F&O OI,110291,106380,,,,,,,,,110980,111664,112647,112845,112851,112841
HINDALCO,CALL VOL,34620,17704,,,,,,,,,3228,7544,9167,10528,11068,11425
HINDALCO,CALL OI,16342,13735,,,,,,,,,16841,17125,17417,17518,17527,17501
HINDALCO,PUT VOL,15334,10078,,,,,,,,,1076,2989,3729,4117,4249,4336
HINDALCO,PUT OI,13119,12664,,,,,,,,,13078,13226,13285,13316,13301,13305
HINDPETRO,PRICE,359.0,350.6,,,,356.85,357.58,354.75,350.5,347.5,356.0,356.0,357.0,357.0,357.0,356.0
HINDPETRO,VWAP,,,,,,,,,,,357.35,357.13,357.07,357.18,357.21,357.18
HINDPETRO,CASH VOL,6539998,2170850,4007430,70.62,64.11,,,,,,192213,268934,356590,442143,478855,511027
HINDPETRO,F&O VOL,11031,7346,,,,,,,,,829,1546,2598,3552,3778,4057
HINDPETRO,F&O OI,34471,34603,,,,,,,,,34408,34480,34345,34252,34226,34218
HINDPETRO,CALL VOL,4354,3262,,,,,,,,,475,925,1458,1908,2024,2149
HINDPETRO,CALL OI,5181,5199,,,,,,,,,5169,5182,5161,5138,5155,5157
HINDPETRO,PUT VOL,3022,2120,,,,,,,,,126,309,655,947,992,1071
HINDPETRO,PUT OI,4872,4690,,,,,,,,,4891,4920,4838,4777,4763,4746
HINDUNILVR,PRICE,1932.0,1942.2,,,,1940.0,1945.8,1936.6,1952.9,1935.63,1950.0,1961.0,1954.0,1957.0,1954.0,1955.0
HINDUNILVR,VWAP,,,,,,,,,,,1948.73,1954.45,1955.41,1955.4,1955.46,1955.84
HINDUNILVR,CASH VOL,1994635,1171388,1092437,76.14,65.37,,,,,,28387,85048,123590,139362,154519,179116
HINDUNILVR,F&O VOL,40315,52334,,,,,,,,,2422,10188,17122,20801,22627,29844
HINDUNILVR,F&O OI,112631,113708,,,,,,,,,112823,112245,112447,113298,113529,114446
HINDUNILVR,CALL VOL,23445,30172,,,,,,,,,1666,6359,10351,13198,15137,19729
HINDUNILVR,CALL OI,22194,21812,,,,,,,,,20641,21859,22135,22916,23122,23884
HINDUNILVR,PUT VOL,7163,10725,,,,,,,,,372,2466,3959,4477,4792,5979
HINDUNILVR,PUT OI,14309,14768,,,,,,,,,13805,14435,14291,14284,14268,14343
HINDZINC,PRICE,596.0,572.3,,,,590.95,593.05,587.15,588.22,580.38,588.0,587.0,588.0,588.0,587.0,587.0
HINDZINC,VWAP,,,,,,,,,,,588.79,587.58,587.79,587.93,587.93,587.84
HINDZINC,CASH VOL,7197021,3019909,1424110,48.6,56.89,,,,,,154393,329286,450518,559114,588856,658659
HINDZINC,F&O VOL,73831,23012,,,,,,,,,1828,4995,7647,9898,10939,11852
HINDZINC,F&O OI,65018,62885,,,,,,,,,65138,65108,65239,65178,65200,65098
HINDZINC,CALL VOL,43348,11779,,,,,,,,,1026,2749,4068,5215,5755,6326
HINDZINC,CALL OI,16215,15418,,,,,,,,,16181,16172,16240,16137,16149,15980
HINDZINC,PUT VOL,19082,5196,,,,,,,,,522,1371,2142,2670,2955,3147
HINDZINC,PUT OI,10541,10285,,,,,,,,,10660,10693,10847,10777,10764,10777
HYUNDAI,PRICE,2208.8,2160.0,,,,2170.0,2199.92,2182.15,2189.75,2179.25,2172.0,2171.0,2174.0,2160.0,2157.0,2153.0
HYUNDAI,VWAP,,,,,,,,,,,2173.01,2172.08,2171.44,2168.11,2166.67,2164.9
HYUNDAI,CASH VOL,764325,686888,429772,65.91,46.69,,,,,,20596,29320,39341,60464,72052,83978
HYUNDAI,F&O VOL,8023,15664,,,,,,,,,180,453,720,1100,1380,1674
HYUNDAI,F&O OI,26762,26580,,,,,,,,,26762,26803,26843,26904,26990,27026
HYUNDAI,CALL VOL,3037,4774,,,,,,,,,71,180,281,385,468,553
HYUNDAI,CALL OI,2326,2140,,,,,,,,,2672,2360,2697,2405,2431,2448
HYUNDAI,PUT VOL,1468,4651,,,,,,,,,36,99,135,229,259,325
HYUNDAI,PUT OI,4302,4347,,,,,,,,,2882,4304,2894,4305,4303,4306
ICICIBANK,PRICE,1338.9,1347.6,,,,1347.8,1349.35,1342.38,1385.05,1381.22,1347.0,1347.0,1344.0,1344.0,1343.0,1343.0
ICICIBANK,VWAP,,,,,,,,,,,1347.99,1347.94,1346.84,1346.62,1346.4,1345.78
ICICIBANK,CASH VOL,7509409,7867524,3517470,70.49,66.63,,,,,,434839,618404,792132,912375,978441,1125939
ICICIBANK,F&O VOL,118682,106518,,,,,,,,,9760,18858,24595,28797,30517,34301
ICICIBANK,F&O OI,276958,272036,,,,,,,,,276765,277339,277944,278565,278744,278686
ICICIBANK,CALL VOL,48256,35604,,,,,,,,,5554,9640,10723,12286,12995,14754
ICICIBANK,CALL OI,19027,14956,,,,,,,,,25329,25364,18778,18938,19053,19038
ICICIBANK,PUT VOL,30800,33925,,,,,,,,,3029,6330,7987,9079,9676,10745
ICICIBANK,PUT OI,15787,15936,,,,,,,,,19152,19500,16524,16515,16476,16410
ICICIGI,PRICE,1458.1,1486.7,,,,1459.9,1472.45,1462.88,1464.7,1461.43,1469.0,1504.0,1495.0,1502.0,1501.0,1505.0
ICICIGI,VWAP,,,,,,,,,,,1468.77,1490.15,1492.43,1493.21,1493.61,1494.43
ICICIGI,CASH VOL,925599,728137,433007,68.5,45.71,,,,,,8903,205905,269993,297843,315619,343578
ICICIGI,F&O VOL,7457,22691,,,,,,,,,356,7677,16590,19630,20873,22204
ICICIGI,F&O OI,34580,34695,,,,,,,,,34634,35262,36799,36464,36435,36555
ICICIGI,CALL VOL,3386,12610,,,,,,,,,229,5702,11544,13326,14211,15122
ICICIGI,CALL OI,4233,4196,,,,,,,,,2993,5046,5983,5908,5810,5843
ICICIGI,PUT VOL,2407,4862,,,,,,,,,82,2371,3745,4232,4480,4735
ICICIGI,PUT OI,3685,3773,,,,,,,,,3279,3880,3923,3890,3912,3994
ICICIPRULI,PRICE,492.0,490.5,,,,492.2,496.27,493.42,469.47,465.4,495.0,495.0,496.0,497.0,495.0,495.0
ICICIPRULI,VWAP,,,,,,,,,,,494.41,495.77,495.79,496.12,496.09,496.09
ICICIPRULI,CASH VOL,2240637,2550650,861238,58.64,39.08,,,,,,62497,101228,116996,148949,159748,187547
ICICIPRULI,F&O VOL,18102,40580,,,,,,,,,787,2416,3018,3792,4096,4331
ICICIPRULI,F&O OI,29794,29365,,,,,,,,,29814,29872,29824,29759,29736,29757
ICICIPRULI,CALL VOL,9985,20628,,,,,,,,,529,1401,1776,2207,2282,2358
ICICIPRULI,CALL OI,4271,3785,,,,,,,,,4411,4284,4267,4328,4205,4207
ICICIPRULI,PUT VOL,4437,8312,,,,,,,,,199,666,808,986,1106,1176
ICICIPRULI,PUT OI,3338,3179,,,,,,,,,3341,3402,3409,2993,3404,3397
IDEA,PRICE,13.92,14.22,,,,14.02,14.14,14.0,15.3,15.08,14.0,14.0,13.0,13.0,13.0,13.0
IDEA,VWAP,,,,,,,,,,,14.06,14.07,14.05,14.03,14.02,14.01
IDEA,CASH VOL,350366817,186454612,158116930,48.87,21.86,,,,,,23610581,49517422,69921020,88516747,97259954,110749007
IDEA,F&O VOL,31815,18755,,,,,,,,,815,3524,5190,7159,8245,9373
IDEA,F&O OI,139968,138557,,,,,,,,,140018,140124,140443,140846,141011,141289
IDEA,CALL VOL,18264,11141,,,,,,,,,651,2241,2979,3799,4451,4923
IDEA,CALL OI,28053,28455,,,,,,,,,28032,28082,28053,27989,28103,28203
IDEA,PUT VOL,4853,2392,,,,,,,,,192,478,831,1107,1223,1343
IDEA,PUT OI,12977,13174,,,,,,,,,12959,12928,13055,13024,13005,12982
IDFCFIRSTB,PRICE,85.92,86.33,,,,85.92,86.55,86.13,86.41,86.27,85.0,85.0,85.0,85.0,85.0,85.0
IDFCFIRSTB,VWAP,,,,,,,,,,,86.05,85.83,85.78,85.73,85.73,85.72
IDFCFIRSTB,CASH VOL,27340008,16998554,7679847,61.24,53.37,,,,,,656326,1321452,1947903,2489381,2774973,2998952
IDFCFIRSTB,F&O VOL,15999,15777,,,,,,,,,481,2025,2839,4591,5237,7059
IDFCFIRSTB,F&O OI,69180,69060,,,,,,,,,69200,69349,69374,69517,69327,69143
IDFCFIRSTB,CALL VOL,7043,6916,,,,,,,,,342,1132,1579,2284,2912,4087
IDFCFIRSTB,CALL OI,11334,11391,,,,,,,,,11368,11609,11596,11576,11402,11261
IDFCFIRSTB,PUT VOL,4739,4526,,,,,,,,,162,510,638,1099,1202,1364
IDFCFIRSTB,PUT OI,8107,8074,,,,,,,,,8097,8032,8025,7918,7904,7898
IEX,PRICE,115.46,113.4,,,,115.46,115.05,114.23,115.94,114.57,114.0,114.0,114.0,114.0,114.0,114.0
IEX,VWAP,,,,,,,,,,,114.97,115.07,114.95,114.77,114.75,114.72
IEX,CASH VOL,2248423,2083997,1036905,56.61,44.53,,,,,,272005,363479,463479,638798,670355,702910
IEX,F&O VOL,4340,4485,,,,,,,,,275,823,1062,1691,1943,2223
IEX,F&O OI,32096,32103,,,,,,,,,32097,32076,32105,32131,32157,32212
IEX,CALL VOL,2377,2305,,,,,,,,,190,465,593,916,964,1073
IEX,CALL OI,5798,6023,,,,,,,,,5803,5753,5765,5768,5785,5743
IEX,PUT VOL,792,1018,,,,,,,,,38,94,138,261,292,313
IEX,PUT OI,3501,3479,,,,,,,,,3503,3494,3499,3507,3514,3514
INDHOTEL,PRICE,732.75,726.65,,,,748.05,732.8,732.77,717.64,715.92,742.0,750.0,747.0,745.0,747.0,747.0
INDHOTEL,VWAP,,,,,,,,,,,744.67,749.8,749.23,748.86,748.64,748.61
INDHOTEL,CASH VOL,3256156,1698327,962305,57.95,60.07,,,,,,237989,739467,1044800,1215917,1351124,1400508
INDHOTEL,F&O VOL,29666,15983,,,,,,,,,5042,18784,24893,28140,29763,30456
INDHOTEL,F&O OI,41369,40425,,,,,,,,,41878,43226,44088,44035,44031,44006
INDHOTEL,CALL VOL,17155,7752,,,,,,,,,3702,12720,16642,18687,19924,20383
INDHOTEL,CALL OI,5690,5341,,,,,,,,,5272,6498,7190,7039,7152,7124
INDHOTEL,PUT VOL,6688,4711,,,,,,,,,1004,4776,6257,6744,7195,7282
INDHOTEL,PUT OI,2838,2535,,,,,,,,,3211,3807,3683,3720,3693,3679
INDIANB,PRICE,839.8,840.5,,,,842.5,841.92,840.51,853.14,852.42,840.0,843.0,842.0,841.0,843.0,843.0
INDIANB,VWAP,,,,,,,,,,,842.65,842.38,842.52,842.35,842.38,842.47
INDIANB,CASH VOL,1400080,539598,647747,61.54,30.51,,,,,,42833,73424,91810,109318,123667,130922
INDIANB,F&O VOL,6277,13433,,,,,,,,,361,1173,1583,2063,2364,2603
INDIANB,F&O OI,23657,23647,,,,,,,,,23696,23779,23786,23825,23835,23828
INDIANB,CALL VOL,2534,4704,,,,,,,,,200,608,731,908,1047,1146
INDIANB,CALL OI,3507,3514,,,,,,,,,3542,3643,3666,3707,3707,3711
INDIANB,PUT VOL,1441,3470,,,,,,,,,64,271,356,460,551,605
INDIANB,PUT OI,4590,4675,,,,,,,,,4584,4557,4548,4559,4581,4576
INDIGO,PRICE,4920.0,4845.0,,,,4925.0,4925.5,4921.83,4953.83,4915.5,5008.0,5000.0,4994.0,4995.0,4989.0,4987.0
INDIGO,VWAP,,,,,,,,,,,4994.64,5007.22,5003.06,5002.21,5001.83,5001.26
INDIGO,CASH VOL,732347,509638,262216,58.66,48.99,,,,,,41120,96057,117114,128243,133947,139558
INDIGO,F&O VOL,83005,50320,,,,,,,,,11888,34661,45222,49027,51425,53169
INDIGO,F&O OI,89774,86749,,,,,,,,,89484,90334,91099,91214,91314,91525
INDIGO,CALL VOL,51062,26600,,,,,,,,,8911,23229,29763,32194,34012,34912
INDIGO,CALL OI,26136,24016,,,,,,,,,25603,25786,26524,26483,26532,26664
INDIGO,PUT VOL,22601,16049,,,,,,,,,3150,8753,11382,12214,12932,13496
INDIGO,PUT OI,15457,14061,,,,,,,,,15594,16004,15890,15876,15926,15919
INDUSINDBK,PRICE,966.3,958.2,,,,961.0,964.97,962.3,991.15,982.52,964.0,964.0,962.0,959.0,960.0,960.0
INDUSINDBK,VWAP,,,,,,,,,,,964.02,963.91,963.85,963.07,962.8,962.64
INDUSINDBK,CASH VOL,6250679,3973540,5140430,74.49,57.66,,,,,,58923,98954,113302,141654,151986,165984
INDUSINDBK,F&O VOL,26207,37559,,,,,,,,,999,3210,4025,4941,5391,6240
INDUSINDBK,F&O OI,77467,76107,,,,,,,,,77383,77483,77574,77612,77670,77662
INDUSINDBK,CALL VOL,12490,16961,,,,,,,,,720,1802,2098,2447,2731,3081
INDUSINDBK,CALL OI,5971,5816,,,,,,,,,5883,5898,5975,5998,6017,5936
INDUSINDBK,PUT VOL,6788,11574,,,,,,,,,226,1080,1358,1647,1779,2048
INDUSINDBK,PUT OI,6332,6198,,,,,,,,,6316,6310,6331,6329,6362,6361
INDUSTOWER,PRICE,375.9,381.35,,,,376.0,379.2,377.0,385.26,379.77,376.0,376.0,377.0,375.0,375.0,375.0
INDUSTOWER,VWAP,,,,,,,,,,,376.6,376.75,376.96,376.6,376.41,376.24
INDUSTOWER,CASH VOL,4696284,3756136,2786316,64.68,56.32,,,,,,52782,102643,186148,286921,333073,373036
INDUSTOWER,F&O VOL,9717,14331,,,,,,,,,534,1046,1679,2456,2715,3259
INDUSTOWER,F&O OI,75583,75656,,,,,,,,,75622,75665,75595,75609,75677,75755
INDUSTOWER,CALL VOL,2543,3254,,,,,,,,,389,633,855,916,1061,1205
INDUSTOWER,CALL OI,4022,3881,,,,,,,,,5801,5814,5810,4125,4169,4194
INDUSTOWER,PUT VOL,1819,2981,,,,,,,,,49,96,159,266,323,424
INDUSTOWER,PUT OI,3521,3361,,,,,,,,,3805,3809,3817,3517,3523,3543
INFY,PRICE,1051.4,1058.6,,,,1041.5,1050.92,1049.95,1042.75,1039.38,1042.0,1032.0,1033.0,1035.0,1034.0,1034.0
INFY,VWAP,,,,,,,,,,,1041.33,1036.5,1035.36,1035.24,1035.19,1035.16
INFY,CASH VOL,22124953,5469865,16352625,71.21,47.03,,,,,,509862,1123261,1422380,1671065,1796197,2060080
INFY,F&O VOL,252935,201421,,,,,,,,,16923,59029,81047,105896,131619,150322
INFY,F&O OI,358355,351471,,,,,,,,,360355,363739,365249,365203,366073,365883
INFY,CALL VOL,111680,89902,,,,,,,,,10532,32305,42106,53875,72886,82003
INFY,CALL OI,57249,53733,,,,,,,,,58611,61435,63340,62912,63355,63415
INFY,PUT VOL,80408,70750,,,,,,,,,6160,20155,28074,37004,41931,48363
INFY,PUT OI,39913,41339,,,,,,,,,40391,39649,38868,38571,38489,38634
INOXWIND,PRICE,76.8,74.1,,,,75.6,76.38,75.55,76.27,75.81,76.0,76.0,75.0,76.0,76.0,76.0
INOXWIND,VWAP,,,,,,,,,,,76.36,76.22,76.07,76.09,76.1,76.1
INOXWIND,CASH VOL,10976663,5711983,4278542,47.13,36.97,,,,,,628606,1153270,2194799,2695084,2887783,3023602
INOXWIND,F&O VOL,460,400,,,,,,,,,12,65,98,132,137,151
INOXWIND,F&O OI,27272,27546,,,,,,,,,27272,27264,27238,27212,27211,27210
INOXWIND,CALL VOL,73,40,,,,,,,,,3,13,20,33,34,38
INOXWIND,CALL OI,5303,5337,,,,,,,,,5556,5302,5300,5535,5284,5282
INOXWIND,PUT VOL,32,19,,,,,,,,,3,6,8,10,11,13
INOXWIND,PUT OI,2926,2944,,,,,,,,,3069,2925,2924,3065,2921,2920
IOC,PRICE,137.0,134.27,,,,136.9,136.6,135.8,134.94,134.61,136.0,136.0,136.0,136.0,136.0,136.0
IOC,VWAP,,,,,,,,,,,137.02,136.87,136.82,136.82,136.81,136.8
IOC,CASH VOL,11505787,5640680,6502404,69.72,61.15,,,,,,617049,922459,1341101,1614329,1707070,1856283
IOC,F&O VOL,11476,10284,,,,,,,,,704,1276,2526,2965,3120,3579
IOC,F&O OI,47611,47255,,,,,,,,,47626,47627,47609,47583,47574,47576
IOC,CALL VOL,4678,5133,,,,,,,,,295,630,964,1101,1143,1234
IOC,CALL OI,7110,7474,,,,,,,,,7089,7060,7082,7064,7057,7054
IOC,PUT VOL,3619,3265,,,,,,,,,295,623,1081,1290,1391,1474
IOC,PUT OI,5983,5644,,,,,,,,,6029,6037,6014,5989,5987,5980
IREDA,PRICE,114.32,108.99,,,,112.7,113.47,111.76,113.03,112.15,112.0,112.0,112.0,111.0,111.0,111.0
IREDA,VWAP,,,,,,,,,,,112.33,112.6,112.52,112.37,112.33,112.26
IREDA,CASH VOL,5072770,2634033,2662986,55.99,41.68,,,,,,327474,600755,759413,1000911,1083390,1213903
IREDA,F&O VOL,12797,7497,,,,,,,,,450,2078,2632,3281,3633,3971
IREDA,F&O OI,44169,44845,,,,,,,,,44219,44136,44209,44324,44366,44356
IREDA,CALL VOL,7276,3863,,,,,,,,,373,1426,1716,2008,2168,2313
IREDA,CALL OI,9419,10119,,,,,,,,,9455,9305,9357,9387,9434,9454
IREDA,PUT VOL,1742,992,,,,,,,,,30,213,267,413,475,508
IREDA,PUT OI,4528,4723,,,,,,,,,4534,4497,4497,4476,4439,4428
IRFC,PRICE,81.5,79.31,,,,81.5,81.14,80.41,81.38,81.19,80.0,80.0,80.0,80.0,80.0,80.0
IRFC,VWAP,,,,,,,,,,,81.0,80.93,80.82,80.76,80.76,80.74
IRFC,CASH VOL,14377921,6486276,5398624,49.93,44.02,,,,,,817895,1176656,1632373,2095321,2309051,2509156
IRFC,F&O VOL,14080,10660,,,,,,,,,787,1612,2310,3259,3858,4423
IRFC,F&O OI,42084,43583,,,,,,,,,42113,42126,42208,42215,42196,42213
IRFC,CALL VOL,7631,4874,,,,,,,,,413,768,1132,1419,1604,1780
IRFC,CALL OI,4885,6073,,,,,,,,,4966,4976,5034,5088,5054,5086
IRFC,PUT VOL,2262,1819,,,,,,,,,165,272,391,615,753,812
IRFC,PUT OI,4458,4644,,,,,,,,,4450,4463,4446,4311,4258,4184
ITC,PRICE,262.3,266.2,,,,263.55,264.45,263.02,261.1,260.27,264.0,265.0,265.0,266.0,266.0,266.0
ITC,VWAP,,,,,,,,,,,264.56,264.85,264.99,265.35,265.4,265.48
ITC,CASH VOL,14399150,13365227,6377734,66.08,47.11,,,,,,584693,1082275,1411009,2002852,2134789,2350466
ITC,F&O VOL,75864,136638,,,,,,,,,4392,12929,17118,26357,29340,32019
ITC,F&O OI,207179,208138,,,,,,,,,207417,208673,208714,208814,208680,208640
ITC,CALL VOL,38214,66998,,,,,,,,,2499,6248,8038,13629,15314,15194
ITC,CALL OI,35789,35218,,,,,,,,,35835,36075,36021,41690,41440,35657
ITC,PUT VOL,19361,44257,,,,,,,,,1481,3888,5236,7666,8693,9729
ITC,PUT OI,22682,23933,,,,,,,,,22843,23208,23126,25072,24957,23161
JINDALSTEL,PRICE,1119.5,1128.4,,,,1138.0,1129.85,1122.95,1116.33,1108.0,1135.0,1135.0,1135.0,1135.0,1136.0,1137.0
JINDALSTEL,VWAP,,,,,,,,,,,1136.42,1135.61,1135.55,1135.56,1135.65,1135.75
JINDALSTEL,CASH VOL,1056818,719206,510426,65.66,37.48,,,,,,59752,90826,108816,120046,133548,146880
JINDALSTEL,F&O VOL,10826,14590,,,,,,,,,1580,2506,3015,3464,3824,3993
JINDALSTEL,F&O OI,39899,39195,,,,,,,,,39985,39830,39820,39830,39908,39881
JINDALSTEL,CALL VOL,5217,7324,,,,,,,,,1022,1499,1736,1899,2097,2154
JINDALSTEL,CALL OI,6036,5614,,,,,,,,,6043,5923,5907,5899,5932,5921
JINDALSTEL,PUT VOL,2925,4602,,,,,,,,,362,642,814,1021,1185,1239
JINDALSTEL,PUT OI,6180,6261,,,,,,,,,6215,6188,6171,6200,6232,6225
JIOFIN,PRICE,229.89,229.3,,,,230.8,230.94,230.24,229.83,229.7,230.0,231.0,231.0,230.0,230.0,230.0
JIOFIN,VWAP,,,,,,,,,,,231.06,231.1,231.09,231.02,230.98,230.9
JIOFIN,CASH VOL,11847025,12303050,5696443,62.33,40.67,,,,,,524927,815912,1101777,1384519,1491554,1647542
JIOFIN,F&O VOL,44659,59155,,,,,,,,,1720,4252,6853,9858,11309,12675
JIOFIN,F&O OI,180318,182297,,,,,,,,,180282,180351,180403,180426,180358,180515
JIOFIN,CALL VOL,17679,26169,,,,,,,,,940,2017,2780,4080,4579,5069
JIOFIN,CALL OI,18775,19475,,,,,,,,,18782,22390,18878,18895,18930,18977
JIOFIN,PUT VOL,8697,12434,,,,,,,,,403,856,1518,2125,2367,2601
JIOFIN,PUT OI,16895,17157,,,,,,,,,16821,18455,16853,16812,16784,16807
JSWENERGY,PRICE,526.0,512.0,,,,519.0,523.17,517.5,531.6,528.17,517.0,519.0,518.0,517.0,518.0,517.0
JSWENERGY,VWAP,,,,,,,,,,,519.15,518.99,518.96,518.81,518.75,518.66
JSWENERGY,CASH VOL,3397652,1016989,1236008,73.14,52.43,,,,,,104372,154317,186995,213294,227676,252790
JSWENERGY,F&O VOL,11344,9662,,,,,,,,,808,1524,1902,2224,2610,2896
JSWENERGY,F&O OI,36460,36654,,,,,,,,,36517,36614,36729,36829,36945,37084
JSWENERGY,CALL VOL,5506,5852,,,,,,,,,553,993,1148,1336,1463,1577
JSWENERGY,CALL OI,5182,5462,,,,,,,,,5227,5290,5316,5375,5372,5428
JSWENERGY,PUT VOL,2637,2149,,,,,,,,,226,360,399,445,489,523
JSWENERGY,PUT OI,2811,2760,,,,,,,,,2827,2824,2829,2842,2850,2853
JSWSTEEL,PRICE,1275.6,1253.4,,,,1281.3,1273.97,1270.7,1289.0,1273.0,1277.0,1278.0,1276.0,1276.0,1276.0,1277.0
JSWSTEEL,VWAP,,,,,,,,,,,1278.27,1277.81,1277.36,1277.18,1277.14,1277.18
JSWSTEEL,CASH VOL,2378010,1351578,1346576,66.29,56.32,,,,,,40751,63915,97992,110365,122618,132387
JSWSTEEL,F&O VOL,26039,14883,,,,,,,,,2152,3450,4214,5219,5748,6360
JSWSTEEL,F&O OI,83175,83428,,,,,,,,,83297,83481,83573,83622,83626,83636
JSWSTEEL,CALL VOL,15317,7754,,,,,,,,,1345,2075,2477,3096,3413,3684
JSWSTEEL,CALL OI,9581,9880,,,,,,,,,9560,9683,9766,9850,9853,9891
JSWSTEEL,PUT VOL,6079,3937,,,,,,,,,658,966,1186,1438,1550,1729
JSWSTEEL,PUT OI,8193,8160,,,,,,,,,8323,8315,8335,8325,8329,8298
JUBLFOOD,PRICE,500.0,480.2,,,,498.0,497.05,491.15,473.27,471.26,498.0,499.0,501.0,500.0,501.0,500.0
JUBLFOOD,VWAP,,,,,,,,,,,498.12,500.45,500.4,500.41,500.39,500.4
JUBLFOOD,CASH VOL,2900829,817225,1360595,60.8,35.25,,,,,,34160,105515,132868,152612,185869,193501
JUBLFOOD,F&O VOL,26884,15781,,,,,,,,,539,3281,4509,5162,5537,5850
JUBLFOOD,F&O OI,29943,28850,,,,,,,,,29949,30218,30405,30395,30378,30443
JUBLFOOD,CALL VOL,13834,8671,,,,,,,,,302,1786,2473,2807,2953,3055
JUBLFOOD,CALL OI,4518,4222,,,,,,,,,4492,4499,4606,4549,4525,4520
JUBLFOOD,PUT VOL,4558,1397,,,,,,,,,127,804,1025,1168,1211,1256
JUBLFOOD,PUT OI,2184,1706,,,,,,,,,2208,2398,2441,2468,2470,2486
KALYANKJIL,PRICE,581.85,581.45,,,,587.0,584.25,582.65,604.7,602.33,586.0,583.0,584.0,583.0,585.0,584.0
KALYANKJIL,VWAP,,,,,,,,,,,586.81,585.63,585.23,584.96,584.91,584.84
KALYANKJIL,CASH VOL,5379085,5395166,2006524,46.01,25.81,,,,,,280767,549790,712200,831763,923015,1019360
KALYANKJIL,F&O VOL,28982,41529,,,,,,,,,1195,4529,6034,7531,8528,9969
KALYANKJIL,F&O OI,55051,56274,,,,,,,,,55297,54993,54920,55006,54941,55010
KALYANKJIL,CALL VOL,12659,14372,,,,,,,,,643,2362,3060,3606,4097,4655
KALYANKJIL,CALL OI,8605,9468,,,,,,,,,8812,8524,8550,8601,8482,8526
KALYANKJIL,PUT VOL,6112,9638,,,,,,,,,235,711,900,1044,1205,1543
KALYANKJIL,PUT OI,6787,7040,,,,,,,,,6809,6823,6810,6817,6819,6829
KAYNES,PRICE,3515.0,3520.0,,,,3549.0,3540.45,3523.48,3542.05,3517.35,3544.0,3539.0,3526.0,3527.0,3534.0,3530.0
KAYNES,VWAP,,,,,,,,,,,3563.66,3557.9,3551.3,3546.19,3545.0,3544.1
KAYNES,CASH VOL,1266788,1242077,203132,21.41,15.59,,,,,,98700,193160,242873,305008,324633,343643
KAYNES,F&O VOL,75335,2537,,,,,,,,,1905,6730,8797,12240,13376,14165
KAYNES,F&O OI,57608,50518,,,,,,,,,57775,57867,58005,58322,58462,58610
KAYNES,CALL VOL,31261,501,,,,,,,,,1285,3644,3869,6510,6946,7154
KAYNES,CALL OI,8477,5425,,,,,,,,,8934,8652,7181,8878,8909,8888
KAYNES,PUT VOL,14269,225,,,,,,,,,328,1269,1605,2389,2721,2966
KAYNES,PUT OI,6323,6206,,,,,,,,,5933,6318,5492,6292,6353,6409
KEI,PRICE,4650.0,4560.0,,,,4619.5,4630.33,4591.0,4592.5,4582.83,4596.0,4604.0,4594.0,4599.0,4616.0,4614.0
KEI,VWAP,,,,,,,,,,,4607.41,4605.24,4603.23,4601.28,4605.51,4606.0
KEI,CASH VOL,573397,218838,199040,53.5,33.41,,,,,,18299,35276,48350,58668,79638,84398
KEI,F&O VOL,32241,19659,,,,,,,,,1390,3404,5201,6633,8538,9151
KEI,F&O OI,52301,53086,,,,,,,,,52310,52191,52119,52109,51922,51960
KEI,CALL VOL,18750,10186,,,,,,,,,849,1769,2816,3803,5022,5303
KEI,CALL OI,13600,13689,,,,,,,,,13617,13589,13642,13674,13509,13535
KEI,PUT VOL,7470,4783,,,,,,,,,526,1018,1476,1702,2221,2395
KEI,PUT OI,9221,9765,,,,,,,,,9189,9175,9117,9105,9095,9091
KFINTECH,PRICE,930.0,897.0,,,,915.0,924.16,912.48,902.12,900.71,910.0,909.0,907.0,905.0,905.0,905.0
KFINTECH,VWAP,,,,,,,,,,,911.95,910.81,910.27,908.97,908.73,908.42
KFINTECH,CASH VOL,539201,357777,275780,53.96,42.19,,,,,,45995,86236,115821,151793,162369,174798
KFINTECH,F&O VOL,5427,6050,,,,,,,,,322,782,1158,1510,1666,1804
KFINTECH,F&O OI,20298,20339,,,,,,,,,20314,20300,20312,20341,20344,20354
KFINTECH,CALL VOL,2759,3569,,,,,,,,,171,363,528,691,761,818
KFINTECH,CALL OI,5760,5871,,,,,,,,,6044,5737,5737,5753,5752,5754
KFINTECH,PUT VOL,1067,1201,,,,,,,,,149,294,354,433,461,476
KFINTECH,PUT OI,2929,2981,,,,,,,,,2750,2942,2918,2921,2908,2910
KOTAKBANK,PRICE,412.5,416.5,,,,415.2,415.85,413.62,417.65,414.95,415.0,417.0,417.0,416.0,416.0,416.0
KOTAKBANK,VWAP,,,,,,,,,,,416.32,416.57,417.02,417.05,416.84,416.81
KOTAKBANK,CASH VOL,15461137,11475105,10706115,82.83,67.34,,,,,,325616,446801,722258,875696,1151079,1256048
KOTAKBANK,F&O VOL,28414,33110,,,,,,,,,1743,4334,6574,7943,8821,10114
KOTAKBANK,F&O OI,146272,147753,,,,,,,,,146392,146533,146542,146628,146692,146653
KOTAKBANK,CALL VOL,11468,14613,,,,,,,,,815,2102,3240,3743,4294,4885
KOTAKBANK,CALL OI,29099,29382,,,,,,,,,29159,29209,29431,29176,29144,29132
KOTAKBANK,PUT VOL,9283,11916,,,,,,,,,770,1683,2374,2868,3098,3589
KOTAKBANK,PUT OI,16202,16304,,,,,,,,,16220,16264,15027,16221,16248,16253
KPITTECH,PRICE,532.0,559.3,,,,536.0,545.75,536.58,553.35,552.55,531.0,528.0,534.0,531.0,530.0,531.0
KPITTECH,VWAP,,,,,,,,,,,532.48,530.67,531.05,531.32,531.31,531.31
KPITTECH,CASH VOL,3944020,599882,2182852,52.43,25.92,,,,,,411234,811022,1150859,1284966,1336207,1380294
KPITTECH,F&O VOL,43109,9648,,,,,,,,,5518,12845,18665,21478,22410,23397
KPITTECH,F&O OI,34253,29047,,,,,,,,,34818,36236,37044,37133,37309,37272
KPITTECH,CALL VOL,13395,3413,,,,,,,,,2171,5893,8520,9540,9950,10306
KPITTECH,CALL OI,4122,2868,,,,,,,,,4571,5267,5818,5717,5807,5870
KPITTECH,PUT VOL,20175,2826,,,,,,,,,2832,5987,7549,8621,8880,9290
KPITTECH,PUT OI,5248,3026,,,,,,,,,5207,5444,5458,5401,5435,5312
LAURUSLABS,PRICE,1954.0,1948.1,,,,1966.6,1968.0,1958.67,1962.62,1949.85,1979.0,1989.0,1988.0,1981.0,1985.0,1989.0
LAURUSLABS,VWAP,,,,,,,,,,,1978.58,1981.52,1984.77,1984.55,1984.6,1985.46
LAURUSLABS,CASH VOL,2655873,1645108,863335,69.7,57.28,,,,,,129677,241225,365954,474318,529793,601218
LAURUSLABS,F&O VOL,40501,43422,,,,,,,,,2289,7730,14400,17324,18837,21232
LAURUSLABS,F&O OI,51119,49912,,,,,,,,,51309,51823,52372,52585,52593,52837
LAURUSLABS,CALL VOL,20501,21749,,,,,,,,,1570,4429,8138,9673,10601,12309
LAURUSLABS,CALL OI,8432,7799,,,,,,,,,9760,8649,10148,10297,10354,9210
LAURUSLABS,PUT VOL,8455,6994,,,,,,,,,649,1624,2765,3427,3835,4315
LAURUSLABS,PUT OI,3761,3353,,,,,,,,,4447,4083,4892,4895,4892,4477
LICHSGFIN,PRICE,548.15,545.9,,,,548.3,548.03,547.8,561.29,558.08,544.0,547.0,550.0,552.0,556.0,559.0
LICHSGFIN,VWAP,,,,,,,,,,,545.82,545.99,547.13,548.05,549.26,553.48
LICHSGFIN,CASH VOL,2234836,3377564,797070,60.54,52.2,,,,,,115852,199356,288171,366452,452052,800838
LICHSGFIN,F&O VOL,11070,25355,,,,,,,,,288,842,1348,2112,4035,7040
LICHSGFIN,F&O OI,61685,61917,,,,,,,,,61740,61778,61795,61846,62207,62445
LICHSGFIN,CALL VOL,4574,11504,,,,,,,,,165,356,602,1002,2150,3891
LICHSGFIN,CALL OI,7678,7736,,,,,,,,,8281,8310,8269,8216,8015,8082
LICHSGFIN,PUT VOL,2323,5402,,,,,,,,,131,285,419,566,1095,1861
LICHSGFIN,PUT OI,4899,5019,,,,,,,,,5557,5568,5576,5574,4923,4960
LICI,PRICE,407.7,400.0,,,,400.2,406.22,403.25,405.6,404.6,397.0,397.0,397.0,396.0,396.0,396.0
LICI,VWAP,,,,,,,,,,,398.06,397.99,397.65,397.41,397.33,397.25
LICI,CASH VOL,6937082,7410477,4580608,78.41,57.41,,,,,,596849,886212,1243214,1551021,1687166,1947718
LICI,F&O VOL,14045,30652,,,,,,,,,1333,3671,6151,7222,8225,9151
LICI,F&O OI,67981,68553,,,,,,,,,68094,68734,69190,69438,69483,69646
LICI,CALL VOL,6615,15487,,,,,,,,,655,1729,2862,3172,3648,4157
LICI,CALL OI,9394,9011,,,,,,,,,9390,10446,10064,10170,10212,10177
LICI,PUT VOL,1804,4747,,,,,,,,,273,1164,2046,2346,2682,2896
LICI,PUT OI,7945,8079,,,,,,,,,7977,8180,8448,8469,8464,8590
LODHA,PRICE,1144.7,1103.1,,,,1137.8,1139.37,1128.7,1144.4,1126.07,1144.0,1134.0,1130.0,1131.0,1130.0,1131.0
LODHA,VWAP,,,,,,,,,,,1147.21,1142.72,1139.27,1138.02,1137.38,1137.1
LODHA,CASH VOL,4727259,2157472,919624,65.21,60.04,,,,,,56215,127135,163909,186263,202759,214105
LODHA,F&O VOL,77893,18140,,,,,,,,,1219,3783,7183,8214,8859,9452
LODHA,F&O OI,37318,37865,,,,,,,,,37301,37356,37386,37380,37380,37367
LODHA,CALL VOL,45473,9363,,,,,,,,,946,2788,4287,5181,5514,5834
LODHA,CALL OI,6282,6146,,,,,,,,,6194,6335,5277,6312,6291,6291
LODHA,PUT VOL,21734,3738,,,,,,,,,264,811,1797,1989,2162,2317
LODHA,PUT OI,6019,5775,,,,,,,,,6032,6058,6046,6002,6023,6020
LT,PRICE,3885.0,3836.2,,,,3885.0,3880.67,3872.0,3950.45,3937.28,3890.0,3894.0,3895.0,3890.0,3887.0,3892.0
LT,VWAP,,,,,,,,,,,3892.7,3892.83,3893.43,3892.84,3892.04,3891.66
LT,CASH VOL,1547690,1319415,724457,72.8,50.75,,,,,,34270,63875,87964,107654,128965,158617
LT,F&O VOL,54379,63093,,,,,,,,,2956,6634,9485,11363,13425,14939
LT,F&O OI,136487,138847,,,,,,,,,136884,137134,137070,137146,137396,137368
LT,CALL VOL,29743,36035,,,,,,,,,1718,3309,4774,5772,6804,7658
LT,CALL OI,30781,32656,,,,,,,,,30860,31157,31028,31044,31018,30931
LT,PUT VOL,14077,16008,,,,,,,,,856,1694,2168,2500,3000,3379
LT,PUT OI,17567,17475,,,,,,,,,17720,17735,17722,17757,17861,17857
LTF,PRICE,312.8,302.3,,,,311.0,311.33,308.4,308.92,308.55,309.0,310.0,309.0,308.0,308.0,309.0
LTF,VWAP,,,,,,,,,,,310.19,310.35,310.28,310.02,309.9,309.83
LTF,CASH VOL,4647669,3499657,1877523,44.69,33.99,,,,,,105606,206948,247987,310187,340194,378458
LTF,F&O VOL,26698,30924,,,,,,,,,580,1521,2067,2807,3356,3801
LTF,F&O OI,42118,42463,,,,,,,,,42155,42199,42279,42265,42293,42324
LTF,CALL VOL,13162,13139,,,,,,,,,302,782,992,1422,1659,1802
LTF,CALL OI,8147,8891,,,,,,,,,8136,8149,8191,8153,8165,8150
LTF,PUT VOL,6482,10975,,,,,,,,,131,413,548,721,1044,1143
LTF,PUT OI,7346,7135,,,,,,,,,7343,7376,7391,7372,7395,7406
LTM,PRICE,4275.1,4265.3,,,,4240.0,4259.23,4227.5,4356.25,4302.08,4215.0,4224.0,4236.0,4242.0,4236.0,4243.0
LTM,VWAP,,,,,,,,,,,4221.14,4217.9,4222.72,4228.41,4229.33,4229.92
LTM,CASH VOL,500645,225747,189315,51.53,30.84,,,,,,24802,36720,47399,62360,67314,69916
LTM,F&O VOL,25188,19147,,,,,,,,,1254,2995,4337,5321,5735,6094
LTM,F&O OI,54125,51427,,,,,,,,,54378,54730,54606,54557,54655,54639
LTM,CALL VOL,8435,6820,,,,,,,,,549,1459,2072,2542,2676,2787
LTM,CALL OI,4765,4134,,,,,,,,,3801,5164,5067,4991,4972,4958
LTM,PUT VOL,5797,5777,,,,,,,,,467,969,1173,1361,1450,1503
LTM,PUT OI,3883,4245,,,,,,,,,3526,4035,4010,4009,4061,4066
LUPIN,PRICE,2083.0,2098.1,,,,2084.0,2094.85,2086.95,2093.0,2089.0,2083.0,2099.0,2101.0,2098.0,2107.0,2109.0
LUPIN,VWAP,,,,,,,,,,,2088.13,2093.39,2096.27,2096.73,2098.28,2099.46
LUPIN,CASH VOL,1194290,525909,653895,76.01,54.54,,,,,,14346,34744,47544,60041,72278,80423
LUPIN,F&O VOL,13820,15302,,,,,,,,,543,2192,3492,4522,6222,7104
LUPIN,F&O OI,37969,37966,,,,,,,,,37918,37766,37656,37641,37710,37929
LUPIN,CALL VOL,7560,7951,,,,,,,,,296,1299,1931,2332,3399,3886
LUPIN,CALL OI,5323,5117,,,,,,,,,3983,5199,5149,5168,5325,5412
LUPIN,PUT VOL,2958,3321,,,,,,,,,168,425,689,967,1289,1420
LUPIN,PUT OI,5272,5392,,,,,,,,,4843,5278,5247,5208,5259,5290
M&M,PRICE,3052.0,3076.5,,,,3065.0,3075.1,3059.7,3110.2,3108.07,3080.0,3076.0,3073.0,3067.0,3069.0,3068.0
M&M,VWAP,,,,,,,,,,,3079.0,3076.8,3076.79,3075.07,3074.53,3073.85
M&M,CASH VOL,2973119,1875308,1651407,75.76,55.29,,,,,,62498,90203,126305,158509,169899,193447
M&M,F&O VOL,65440,73277,,,,,,,,,4675,8722,11965,15552,17203,18312
M&M,F&O OI,128266,126965,,,,,,,,,128477,128501,128497,128549,128503,128513
M&M,CALL VOL,31240,34888,,,,,,,,,2865,4983,6684,8784,9608,10108
M&M,CALL OI,17659,16584,,,,,,,,,20768,20859,17881,17810,17798,17772
M&M,PUT VOL,17229,23571,,,,,,,,,1260,2409,3073,3828,4166,4357
M&M,PUT OI,13274,13869,,,,,,,,,13863,13816,13347,13306,13301,13285
MANAPPURAM,PRICE,319.15,316.05,,,,319.15,317.75,314.95,327.23,323.7,317.0,316.0,316.0,315.0,315.0,315.0
MANAPPURAM,VWAP,,,,,,,,,,,317.59,316.95,316.84,316.65,316.58,316.53
MANAPPURAM,CASH VOL,3822669,2149995,992614,46.76,40.27,,,,,,107477,275978,357469,431928,456314,479102
MANAPPURAM,F&O VOL,585,405,,,,,,,,,5,14,34,52,62,66
MANAPPURAM,F&O OI,34779,35059,,,,,,,,,34781,34780,34780,34773,34771,34768
MANAPPURAM,CALL VOL,234,56,,,,,,,,,3,3,6,6,6,6
MANAPPURAM,CALL OI,1983,2107,,,,,,,,,1985,1985,1986,1986,1986,1986
MANAPPURAM,PUT VOL,13,40,,,,,,,,,0,0,4,5,5,5
MANAPPURAM,PUT OI,2466,2475,,,,,,,,,2466,2466,2465,2462,2462,2462
MANKIND,PRICE,2300.7,2300.0,,,,2312.7,2308.6,2303.33,2276.6,2269.8,2322.0,2370.0,2386.0,2392.0,2397.0,2396.0
MANKIND,VWAP,,,,,,,,,,,2320.68,2352.2,2369.66,2377.13,2379.29,2381.18
MANKIND,CASH VOL,484552,488064,212754,60.78,69.19,,,,,,7228,57798,133811,200477,232828,260996
MANKIND,F&O VOL,6297,7906,,,,,,,,,210,5596,16554,25493,28208,30722
MANKIND,F&O OI,21071,20598,,,,,,,,,21117,21694,23743,24680,24832,25246
MANKIND,CALL VOL,2525,2842,,,,,,,,,131,3927,10336,15414,19561,21194
MANKIND,CALL OI,3185,3334,,,,,,,,,2281,2888,3748,4260,5186,5383
MANKIND,PUT VOL,655,632,,,,,,,,,14,444,2269,3757,3767,4189
MANKIND,PUT OI,1569,1562,,,,,,,,,1797,1740,2624,3045,2772,2919
MARICO,PRICE,803.9,817.0,,,,807.0,813.17,806.99,809.35,804.52,815.0,819.0,821.0,825.0,823.0,827.0
MARICO,VWAP,,,,,,,,,,,814.72,816.48,817.75,819.76,820.13,822.21
MARICO,CASH VOL,2848872,1761636,1721129,74.75,61.53,,,,,,102069,166902,231024,327164,352618,490616
MARICO,F&O VOL,11666,12100,,,,,,,,,1091,2612,3477,5475,6331,10836
MARICO,F&O OI,25273,24475,,,,,,,,,25227,25304,25208,25345,25415,25909
MARICO,CALL VOL,5179,5684,,,,,,,,,629,1424,1848,3029,3609,6049
MARICO,CALL OI,4360,4099,,,,,,,,,3783,3810,3774,3857,4355,4468
MARICO,PUT VOL,4128,4434,,,,,,,,,443,1007,1325,1921,2288,4092
MARICO,PUT OI,3623,3478,,,,,,,,,3695,3752,3723,3751,3755,4090
MARUTI,PRICE,12103.0,12338.0,,,,12129.0,12280.5,12162.17,12537.0,12445.67,12165.0,12179.0,12196.0,12173.0,12188.0,12187.0
MARUTI,VWAP,,,,,,,,,,,12162.59,12161.98,12168.28,12170.37,12171.85,12172.64
MARUTI,CASH VOL,659773,249064,212255,65.25,39.42,,,,,,11316,23415,33080,40572,44453,47655
MARUTI,F&O VOL,177248,126836,,,,,,,,,8937,22882,35845,47428,51005,54662
MARUTI,F&O OI,178876,162222,,,,,,,,,180021,181508,182089,183359,183017,182687
MARUTI,CALL VOL,61923,43080,,,,,,,,,4336,9452,14771,18588,19925,21333
MARUTI,CALL OI,20783,11960,,,,,,,,,21588,22722,22831,23618,23511,23256
MARUTI,PUT VOL,46760,34018,,,,,,,,,1702,4612,7986,10651,12099,12924
MARUTI,PUT OI,15575,15113,,,,,,,,,15531,15880,16229,16521,16340,16222
MAXHEALTH,PRICE,1049.3,1037.0,,,,1053.8,1048.67,1047.4,1030.75,1016.85,1058.0,1057.0,1055.0,1057.0,1054.0,1051.0
MAXHEALTH,VWAP,,,,,,,,,,,1058.35,1057.95,1057.52,1057.19,1057.06,1056.21
MAXHEALTH,CASH VOL,2098416,1117711,1111338,64.91,50.85,,,,,,77669,115605,149712,191730,209316,246667
MAXHEALTH,F&O VOL,20798,12570,,,,,,,,,1552,2813,3815,4759,5233,5916
MAXHEALTH,F&O OI,32523,32473,,,,,,,,,32651,32605,32581,32612,32627,32606
MAXHEALTH,CALL VOL,11516,5492,,,,,,,,,1077,1908,2504,3036,3328,3681
MAXHEALTH,CALL OI,4843,5100,,,,,,,,,4244,4226,4232,4827,4827,4835
MAXHEALTH,PUT VOL,4970,4119,,,,,,,,,296,561,711,1011,1131,1307
MAXHEALTH,PUT OI,3630,3554,,,,,,,,,2967,3006,3014,3702,3732,3704
MAZDOCK,PRICE,2280.0,2210.0,,,,2268.0,2267.52,2242.55,2388.3,2355.43,2257.0,2256.0,2255.0,2251.0,2253.0,2252.0
MAZDOCK,VWAP,,,,,,,,,,,2261.87,2262.16,2260.3,2258.88,2258.55,2257.84
MAZDOCK,CASH VOL,850778,1560226,221639,35.31,31.64,,,,,,75064,139735,175637,211700,225700,243776
MAZDOCK,F&O VOL,57380,63318,,,,,,,,,2529,5227,7316,9651,10484,11647
MAZDOCK,F&O OI,59976,60679,,,,,,,,,60299,60437,60823,61071,61200,61401
MAZDOCK,CALL VOL,33427,32149,,,,,,,,,2009,3430,4594,5985,6413,7027
MAZDOCK,CALL OI,10785,12071,,,,,,,,,11023,11105,11341,11494,11621,11692
MAZDOCK,PUT VOL,11479,15512,,,,,,,,,312,715,946,1222,1312,1485
MAZDOCK,PUT OI,7073,7033,,,,,,,,,7111,7071,7069,7075,7070,7074
MCX,PRICE,3260.0,3265.2,,,,3250.0,3272.5,3264.17,3322.6,3291.53,3237.0,3234.0,3230.0,3225.0,3235.0,3222.0
MCX,VWAP,,,,,,,,,,,3239.24,3240.01,3238.84,3236.65,3235.95,3235.28
MCX,CASH VOL,2197423,1530935,703810,50.09,40.11,,,,,,95435,155413,186226,226065,256854,273327
MCX,F&O VOL,87368,101900,,,,,,,,,4384,10549,13242,15638,17744,19777
MCX,F&O OI,87577,85893,,,,,,,,,87879,88759,88799,88843,88811,88934
MCX,CALL VOL,37785,40123,,,,,,,,,3132,6261,7474,8644,9716,8824
MCX,CALL OI,19689,19017,,,,,,,,,24513,25139,25199,25277,25324,20768
MCX,PUT VOL,28006,36852,,,,,,,,,1325,3073,3874,4645,5458,6153
MCX,PUT OI,15126,15176,,,,,,,,,15224,15408,15369,15364,15323,15272
MFSL,PRICE,1559.0,1554.0,,,,1551.3,1557.93,1555.8,1476.17,1474.5,1558.0,1561.0,1558.0,1560.0,1562.0,1569.0
MFSL,VWAP,,,,,,,,,,,1558.01,1562.66,1561.25,1560.61,1560.43,1561.65
MFSL,CASH VOL,898566,958344,326385,67.12,37.59,,,,,,4385,17915,24621,30210,36176,42578
MFSL,F&O VOL,11407,40949,,,,,,,,,441,1396,1883,2114,2263,2896
MFSL,F&O OI,24742,25110,,,,,,,,,24700,24579,24507,24471,24453,24565
MFSL,CALL VOL,5556,23968,,,,,,,,,178,605,707,788,867,1062
MFSL,CALL OI,3403,3559,,,,,,,,,3578,3552,3557,3555,3550,3372
MFSL,PUT VOL,3519,8060,,,,,,,,,279,560,788,867,938,972
MFSL,PUT OI,2830,2668,,,,,,,,,3319,3307,3242,3203,3178,2884
MOTHERSON,PRICE,162.57,161.87,,,,163.12,163.61,162.92,164.02,163.15,162.0,162.0,161.0,160.0,161.0,161.0
MOTHERSON,VWAP,,,,,,,,,,,163.03,162.72,162.52,162.12,161.95,161.86
MOTHERSON,CASH VOL,19068300,7026483,10569165,76.17,49.59,,,,,,648518,1064762,1361770,1731046,1963395,2202362
MOTHERSON,F&O VOL,10701,10260,,,,,,,,,587,1672,2661,3926,4662,5432
MOTHERSON,F&O OI,35295,35379,,,,,,,,,35311,35413,35419,35470,35533,35566
MOTHERSON,CALL VOL,4435,4684,,,,,,,,,271,764,1267,1767,2144,2637
MOTHERSON,CALL OI,4325,4474,,,,,,,,,4357,4394,4410,3755,3795,4492
MOTHERSON,PUT VOL,3176,3363,,,,,,,,,156,364,551,830,990,1121
MOTHERSON,PUT OI,4727,4975,,,,,,,,,4693,4660,4639,4603,4605,4604
MOTILALOFS,PRICE,1010.0,988.7,,,,1001.0,1006.45,999.35,1023.93,1018.8,1002.0,1000.0,998.0,994.0,998.0,999.0
MOTILALOFS,VWAP,,,,,,,,,,,1005.71,1003.81,1002.31,1000.34,998.38,998.84
MOTILALOFS,CASH VOL,739629,819010,516933,70.36,42.81,,,,,,13906,31934,44888,64540,99468,119382
MOTILALOFS,F&O VOL,4640,8612,,,,,,,,,198,620,894,1251,1911,2335
MOTILALOFS,F&O OI,13525,13659,,,,,,,,,13546,13504,13428,13400,13501,13503
MOTILALOFS,CALL VOL,2644,5485,,,,,,,,,133,354,566,768,1216,1462
MOTILALOFS,CALL OI,3900,4029,,,,,,,,,3923,3938,3889,3879,3892,3879
MOTILALOFS,PUT VOL,1001,1248,,,,,,,,,33,68,114,188,337,410
MOTILALOFS,PUT OI,1772,1795,,,,,,,,,1781,1775,1779,1779,1805,1806
MPHASIS,PRICE,2300.4,2320.0,,,,2300.4,2301.45,2300.75,2301.15,2297.05,2277.0,2265.0,2271.0,2269.0,2271.0,2279.0
MPHASIS,VWAP,,,,,,,,,,,2283.61,2275.2,2273.74,2273.47,2273.33,2274.04
MPHASIS,CASH VOL,650262,261279,319797,55.04,43.12,,,,,,18465,31303,44639,57688,61950,69052
MPHASIS,F&O VOL,10354,12414,,,,,,,,,524,1606,2450,3083,3281,3562
MPHASIS,F&O OI,29332,28501,,,,,,,,,29394,29590,29497,29579,29600,29634
MPHASIS,CALL VOL,4339,5971,,,,,,,,,338,734,1110,1409,1550,1647
MPHASIS,CALL OI,3883,3736,,,,,,,,,3242,3329,3311,3371,4063,4052
MPHASIS,PUT VOL,3042,3722,,,,,,,,,139,572,846,1037,1129,1200
MPHASIS,PUT OI,2999,2777,,,,,,,,,2820,2857,2794,2788,2968,2975
MUTHOOTFIN,PRICE,2841.1,2770.2,,,,2826.0,2833.45,2818.15,2796.95,2793.72,2815.0,2827.0,2828.0,2827.0,2827.0,2828.0
MUTHOOTFIN,VWAP,,,,,,,,,,,2825.33,2825.27,2825.93,2826.39,2826.49,2826.55
MUTHOOTFIN,CASH VOL,654610,829940,176929,50.87,55.35,,,,,,26687,50939,65738,81257,95756,102763
MUTHOOTFIN,F&O VOL,42282,42992,,,,,,,,,1274,3726,5576,6748,7716,8051
MUTHOOTFIN,F&O OI,66241,67022,,,,,,,,,66304,66601,66541,66533,66454,66408
MUTHOOTFIN,CALL VOL,23954,20896,,,,,,,,,713,1954,2910,3451,3878,3976
MUTHOOTFIN,CALL OI,15522,16420,,,,,,,,,11341,15795,15797,15782,15696,15703
MUTHOOTFIN,PUT VOL,10544,14416,,,,,,,,,435,1187,1706,1992,2204,2240
MUTHOOTFIN,PUT OI,9990,9983,,,,,,,,,8912,10079,10041,9961,9884,9892
NAM-INDIA,PRICE,1155.0,1119.0,,,,1155.0,1150.03,1140.1,1183.8,1172.2,1146.0,1146.0,1146.0,1139.0,1144.0,1145.0
NAM-INDIA,VWAP,,,,,,,,,,,1151.45,1147.88,1148.06,1146.73,1145.65,1146.0
NAM-INDIA,CASH VOL,1528510,997028,520443,62.98,50.82,,,,,,17554,47523,70375,87999,107413,127183
NAM-INDIA,F&O VOL,6620,6263,,,,,,,,,176,347,629,808,1107,1585
NAM-INDIA,F&O OI,19028,19511,,,,,,,,,19052,19076,19092,19121,19186,19168
NAM-INDIA,CALL VOL,3955,2743,,,,,,,,,126,222,370,447,705,1036
NAM-INDIA,CALL OI,1887,2091,,,,,,,,,1903,1931,1904,1907,1947,1881
NAM-INDIA,PUT VOL,1293,1217,,,,,,,,,37,68,127,152,186,231
NAM-INDIA,PUT OI,1789,1812,,,,,,,,,1794,1790,1796,1804,1821,1850
NATIONALUM,PRICE,350.5,355.7,,,,355.3,356.85,352.62,369.18,363.72,353.0,354.0,354.0,352.0,352.0,354.0
NATIONALUM,VWAP,,,,,,,,,,,354.66,354.09,354.13,353.78,353.68,353.71
NATIONALUM,CASH VOL,5809441,3033265,3250191,65.46,49.51,,,,,,307681,610922,725362,952286,1062437,1153016
NATIONALUM,F&O VOL,25014,31185,,,,,,,,,1561,4323,5309,8149,8710,9796
NATIONALUM,F&O OI,52755,50800,,,,,,,,,52835,52925,52946,53196,53231,53403
NATIONALUM,CALL VOL,15354,15443,,,,,,,,,944,2446,2959,4654,5135,5514
NATIONALUM,CALL OI,13609,12493,,,,,,,,,13687,13702,13684,13617,13619,13576
NATIONALUM,PUT VOL,5311,11786,,,,,,,,,430,1108,1245,2052,2219,2391
NATIONALUM,PUT OI,9840,9733,,,,,,,,,9828,9824,9823,9903,9890,9925
NAUKRI,PRICE,1251.2,1265.0,,,,1265.0,1267.6,1256.67,1265.7,1255.77,1259.0,1264.0,1265.0,1263.0,1271.0,1270.0
NAUKRI,VWAP,,,,,,,,,,,1260.17,1261.48,1262.75,1262.69,1263.53,1264.2
NAUKRI,CASH VOL,1486135,970996,862363,63.32,67.43,,,,,,42654,138762,190543,242867,278544,304912
NAUKRI,F&O VOL,13085,9707,,,,,,,,,1314,3832,4371,4961,5624,6205
NAUKRI,F&O OI,34748,34796,,,,,,,,,34771,34752,34741,34805,34806,34883
NAUKRI,CALL VOL,5345,4299,,,,,,,,,678,1994,2198,2385,2721,2911
NAUKRI,CALL OI,3785,3887,,,,,,,,,3502,3521,3496,3498,3798,3823
NAUKRI,PUT VOL,4685,3311,,,,,,,,,637,1427,1625,1909,2199,2411
NAUKRI,PUT OI,2781,2636,,,,,,,,,2860,2769,2780,2823,2793,2836
NBCC,PRICE,82.4,82.13,,,,83.1,83.34,82.71,83.76,83.19,83.0,83.0,83.0,83.0,83.0,83.0
NBCC,VWAP,,,,,,,,,,,83.37,83.49,83.5,83.49,83.48,83.46
NBCC,CASH VOL,5214690,3284388,2736304,53.49,32.3,,,,,,880601,1511542,1760558,1952940,2170313,2326658
NBCC,F&O VOL,4898,4393,,,,,,,,,204,652,891,1137,1304,1458
NBCC,F&O OI,23992,24006,,,,,,,,,24029,24052,24118,24232,24266,24283
NBCC,CALL VOL,3067,2201,,,,,,,,,205,438,579,740,817,889
NBCC,CALL OI,4987,5204,,,,,,,,,5002,5038,5063,5143,5164,5175
NBCC,PUT VOL,722,695,,,,,,,,,13,76,99,116,154,159
NBCC,PUT OI,2181,2116,,,,,,,,,2183,2172,2170,2168,2176,2174
NESTLEIND,PRICE,1372.4,1370.6,,,,1360.0,1368.73,1361.4,1389.7,1385.43,1367.0,1373.0,1372.0,1375.0,1373.0,1372.0
NESTLEIND,VWAP,,,,,,,,,,,1367.22,1369.17,1370.14,1370.8,1370.99,1371.52
NESTLEIND,CASH VOL,3264904,1082694,1763305,63.14,63.76,,,,,,66924,107817,133712,159105,168182,186469
NESTLEIND,F&O VOL,119470,13193,,,,,,,,,2852,6977,9210,10728,11319,12942
NESTLEIND,F&O OI,40315,30906,,,,,,,,,40242,40105,39842,39637,39608,39276
NESTLEIND,CALL VOL,37010,5159,,,,,,,,,978,2128,2952,3370,3680,3938
NESTLEIND,CALL OI,5269,2139,,,,,,,,,5216,5201,5049,4938,5060,4840
NESTLEIND,PUT VOL,47004,3561,,,,,,,,,1375,3172,4163,4759,4538,5788
NESTLEIND,PUT OI,5598,2609,,,,,,,,,5677,5646,5669,5626,5299,5465
NHPC,PRICE,76.95,75.2,,,,76.17,76.64,76.02,76.88,76.55,76.0,76.0,76.0,76.0,76.0,76.0
NHPC,VWAP,,,,,,,,,,,76.3,76.2,76.21,76.19,76.18,76.18
NHPC,CASH VOL,18275311,11626579,10060882,69.42,69.04,,,,,,543770,1064232,1418706,1760649,1988216,2098287
NHPC,F&O VOL,6978,5322,,,,,,,,,209,587,850,1044,1165,1296
NHPC,F&O OI,30504,30231,,,,,,,,,30516,30578,30615,30643,30666,30677
NHPC,CALL VOL,2709,2511,,,,,,,,,126,343,426,495,533,562
NHPC,CALL OI,3808,3926,,,,,,,,,3815,3834,3840,3855,3848,3842
NHPC,PUT VOL,1861,1061,,,,,,,,,42,88,135,171,194,223
NHPC,PUT OI,2266,2462,,,,,,,,,2274,2277,2278,2276,2281,2279
NMDC,PRICE,79.15,80.8,,,,80.09,80.43,79.58,84.19,83.0,80.0,80.0,80.0,80.0,80.0,80.0
NMDC,VWAP,,,,,,,,,,,80.47,80.4,80.43,80.42,80.41,80.38
NMDC,CASH VOL,18919633,4385275,11920681,63.24,46.53,,,,,,1363500,2009630,2450828,2817949,3052017,3415140
NMDC,F&O VOL,15072,6982,,,,,,,,,477,1271,1982,2667,3330,3733
NMDC,F&O OI,76850,75962,,,,,,,,,76930,77010,76986,77040,77212,77245
NMDC,CALL VOL,4316,2296,,,,,,,,,185,428,661,792,961,1128
NMDC,CALL OI,4105,3841,,,,,,,,,4135,4112,4106,4112,4145,4139
NMDC,PUT VOL,2375,1350,,,,,,,,,46,157,253,311,363,397
NMDC,PUT OI,3911,3786,,,,,,,,,3923,3926,3920,3928,3916,3916
NTPC,PRICE,323.65,329.6,,,,325.0,327.25,324.85,334.2,333.67,325.0,327.0,327.0,326.0,326.0,326.0
NTPC,VWAP,,,,,,,,,,,326.25,326.71,327.18,327.15,327.13,327.08
NTPC,CASH VOL,9448827,5589949,5111640,68.73,60.92,,,,,,273720,449541,605059,774092,860265,921711
NTPC,F&O VOL,21136,17468,,,,,,,,,1380,3091,5562,8365,9027,9714
NTPC,F&O OI,114731,115438,,,,,,,,,114927,114992,115250,115590,115575,115396
NTPC,CALL VOL,10551,9016,,,,,,,,,740,1739,3502,4613,5038,5202
NTPC,CALL OI,20034,19907,,,,,,,,,20088,20500,20613,20222,20186,20179
NTPC,PUT VOL,4341,4332,,,,,,,,,307,732,1241,2070,2213,2517
NTPC,PUT OI,8120,8570,,,,,,,,,8162,7357,7474,8554,8530,8371
NYKAA,PRICE,332.15,323.75,,,,327.0,330.57,327.42,343.61,341.82,324.0,325.0,325.0,325.0,326.0,325.0
NYKAA,VWAP,,,,,,,,,,,325.57,325.33,325.32,325.48,325.54,325.57
NYKAA,CASH VOL,4424240,5216273,2012833,67.55,53.1,,,,,,321634,502170,678883,827864,952247,1025792
NYKAA,F&O VOL,4860,8978,,,,,,,,,366,639,901,1174,1298,1354
NYKAA,F&O OI,16202,16285,,,,,,,,,16265,16334,16350,16371,16434,16437
NYKAA,CALL VOL,2453,4125,,,,,,,,,254,378,500,646,676,712
NYKAA,CALL OI,2467,2613,,,,,,,,,2520,2556,2559,2574,2608,2619
NYKAA,PUT VOL,1064,2225,,,,,,,,,54,107,214,265,313,319
NYKAA,PUT OI,1708,1682,,,,,,,,,1703,1699,1701,1689,1687,1687
OBEROIRLTY,PRICE,1785.0,1740.7,,,,1765.0,1774.33,1753.0,1775.5,1752.57,1762.0,1757.0,1766.0,1770.0,1780.0,1781.0
OBEROIRLTY,VWAP,,,,,,,,,,,1767.46,1764.35,1766.29,1767.36,1768.88,1771.21
OBEROIRLTY,CASH VOL,766762,413371,364632,70.7,56.82,,,,,,31840,47948,94288,215563,248184,303894
OBEROIRLTY,F&O VOL,12926,7247,,,,,,,,,731,1510,2461,3525,4305,5639
OBEROIRLTY,F&O OI,27954,28317,,,,,,,,,27925,28059,28125,28353,28393,28526
OBEROIRLTY,CALL VOL,5919,3293,,,,,,,,,477,875,1295,1672,2125,2879
OBEROIRLTY,CALL OI,3641,3360,,,,,,,,,3347,3424,3440,3702,3695,3786
OBEROIRLTY,PUT VOL,1787,881,,,,,,,,,135,279,478,749,898,1100
OBEROIRLTY,PUT OI,2107,2048,,,,,,,,,2133,2141,2168,2217,2228,2201
OFSS,PRICE,11896.0,11620.0,,,,11787.0,11832.5,11705.5,11738.67,11690.0,11629.0,11351.0,11160.0,11131.0,11166.0,11125.0
OFSS,VWAP,,,,,,,,,,,11636.63,11492.1,11356.66,11301.94,11290.93,11279.46
OFSS,CASH VOL,162844,132173,104587,56.66,44.73,,,,,,37342,98606,181223,230594,248237,272819
OFSS,F&O VOL,14302,17181,,,,,,,,,1174,14167,38802,55332,62487,68481
OFSS,F&O OI,32224,31322,,,,,,,,,32389,34503,37710,40246,40851,41314
OFSS,CALL VOL,2736,3506,,,,,,,,,585,3220,7254,12437,14767,16707
OFSS,CALL OI,2019,1675,,,,,,,,,5093,3668,3219,4579,4883,5120
OFSS,PUT VOL,4231,4101,,,,,,,,,314,6901,15165,19821,21813,23545
OFSS,PUT OI,4044,3618,,,,,,,,,4391,4841,4530,5411,5579,5559
OIL,PRICE,475.7,477.4,,,,475.7,477.4,476.27,499.93,493.18,476.0,476.0,477.0,477.0,478.0,477.0
OIL,VWAP,,,,,,,,,,,476.34,476.15,476.33,476.61,476.76,476.82
OIL,CASH VOL,3703547,1708044,2282981,60.71,43.06,,,,,,50668,86040,109734,138947,152482,166178
OIL,F&O VOL,13393,12354,,,,,,,,,280,754,1052,1360,1583,1742
OIL,F&O OI,20238,20360,,,,,,,,,20275,20272,20277,20297,20307,20338
OIL,CALL VOL,4948,3444,,,,,,,,,111,274,415,560,627,670
OIL,CALL OI,2430,2390,,,,,,,,,2455,2451,2455,2859,2869,2462
OIL,PUT VOL,4055,4960,,,,,,,,,108,183,258,323,390,454
OIL,PUT OI,2220,2368,,,,,,,,,2233,2227,2228,2383,2394,2270
ONGC,PRICE,232.8,232.43,,,,232.8,233.03,232.88,237.83,234.28,232.0,233.0,233.0,233.0,233.0,233.0
ONGC,VWAP,,,,,,,,,,,232.93,232.95,233.15,233.26,233.28,233.28
ONGC,CASH VOL,11146237,11062410,6549735,73.28,59.54,,,,,,337364,580650,842757,1069771,1188146,1306500
ONGC,F&O VOL,34083,49619,,,,,,,,,1995,4766,7055,9093,9477,10310
ONGC,F&O OI,69010,70689,,,,,,,,,69007,69344,69195,69317,69348,69361
ONGC,CALL VOL,18273,25765,,,,,,,,,1186,2866,4101,5084,5287,5765
ONGC,CALL OI,22926,23964,,,,,,,,,22870,23206,22971,22914,22979,23031
ONGC,PUT VOL,9128,13250,,,,,,,,,544,1195,1835,2483,2566,2793
ONGC,PUT OI,7354,7883,,,,,,,,,7399,7389,7446,7569,7551,7543
PAGEIND,PRICE,36400.0,35020.0,,,,35975.0,36150.0,35650.0,35430.0,35386.67,35670.0,36010.0,35910.0,35935.0,35960.0,35910.0
PAGEIND,VWAP,,,,,,,,,,,35664.21,35850.95,35866.5,35869.08,35870.45,35873.42
PAGEIND,CASH VOL,32020,14284,14130,60.63,40.74,,,,,,1839,3929,4608,5216,5333,5537
PAGEIND,F&O VOL,14664,9861,,,,,,,,,263,1935,2663,3351,3650,3975
PAGEIND,F&O OI,18883,19053,,,,,,,,,18914,18814,18780,18803,18805,18809
PAGEIND,CALL VOL,5571,3886,,,,,,,,,111,757,1046,1159,1202,1254
PAGEIND,CALL OI,2732,3031,,,,,,,,,2486,2743,2762,2761,2758,2754
PAGEIND,PUT VOL,2290,1101,,,,,,,,,149,660,874,1195,1334,1499
PAGEIND,PUT OI,1742,1605,,,,,,,,,1909,1749,1754,1774,1786,1785
PATANJALI,PRICE,367.0,354.45,,,,369.0,364.67,360.02,340.33,339.0,378.0,380.0,384.0,384.0,385.0,385.0
PATANJALI,VWAP,,,,,,,,,,,375.98,377.01,380.1,381.25,381.57,381.95
PATANJALI,CASH VOL,1999903,3350516,815037,41.01,33.1,,,,,,1166956,2163609,4387586,5563656,5973685,6540927
PATANJALI,F&O VOL,24428,40330,,,,,,,,,13247,37284,83746,106454,115506,123263
PATANJALI,F&O OI,48010,49162,,,,,,,,,50159,56409,63124,65597,66056,66584
PATANJALI,CALL VOL,12240,18875,,,,,,,,,9981,25465,53890,67798,70741,74501
PATANJALI,CALL OI,6143,6707,,,,,,,,,7966,11846,13742,14382,14415,14402
PATANJALI,PUT VOL,1986,5167,,,,,,,,,2379,5741,14218,21415,23255,25714
PATANJALI,PUT OI,1395,1375,,,,,,,,,2632,3470,4998,5790,6001,6292
PAYTM,PRICE,1849.9,1763.0,,,,1823.0,1835.75,1807.45,1791.02,1758.05,1821.0,1824.0,1825.0,1815.0,1799.0,1795.0
PAYTM,VWAP,,,,,,,,,,,1818.67,1821.23,1821.47,1821.6,1819.02,1817.35
PAYTM,CASH VOL,4640337,4085951,1564475,44.67,44.27,,,,,,459492,979768,1531945,2273508,2573457,2775487
PAYTM,F&O VOL,118912,97637,,,,,,,,,7235,15858,21436,30383,40017,46868
PAYTM,F&O OI,63489,67569,,,,,,,,,63798,64569,64857,65402,64981,65112
PAYTM,CALL VOL,60647,48372,,,,,,,,,3962,7993,10670,14871,18507,22767
PAYTM,CALL OI,16333,19901,,,,,,,,,15787,16043,16032,16209,17053,17150
PAYTM,PUT VOL,29728,24176,,,,,,,,,1838,3835,5265,7801,12312,14374
PAYTM,PUT OI,8363,7213,,,,,,,,,6137,6220,6394,6348,8215,8487
PERSISTENT,PRICE,5416.0,5473.0,,,,5416.0,5444.5,5425.5,5499.08,5465.25,5420.0,5390.0,5402.0,5395.0,5407.0,5417.0
PERSISTENT,VWAP,,,,,,,,,,,5414.98,5402.92,5403.4,5402.82,5403.05,5406.04
PERSISTENT,CASH VOL,494682,233465,163351,46.48,44.38,,,,,,19389,36961,45415,52643,62120,74966
PERSISTENT,F&O VOL,33070,26837,,,,,,,,,2309,6033,8082,9868,10728,12240
PERSISTENT,F&O OI,54641,53701,,,,,,,,,54819,54994,55118,55144,55314,55265
PERSISTENT,CALL VOL,15842,11752,,,,,,,,,1313,3309,4119,4796,5212,5852
PERSISTENT,CALL OI,11524,10837,,,,,,,,,11699,11729,11695,11741,11736,11648
PERSISTENT,PUT VOL,11147,8512,,,,,,,,,947,2095,2777,3473,3830,4376
PERSISTENT,PUT OI,9197,9121,,,,,,,,,9187,9225,9314,9253,9296,9331
PETRONET,PRICE,292.6,283.45,,,,287.0,291.18,288.35,287.09,286.88,288.0,287.0,289.0,288.0,288.0,288.0
PETRONET,VWAP,,,,,,,,,,,288.21,287.99,288.5,288.59,288.58,288.57
PETRONET,CASH VOL,3218273,982394,2067583,80.82,65.94,,,,,,81311,123471,247854,290853,316467,340394
PETRONET,F&O VOL,4578,5439,,,,,,,,,147,415,1302,1447,1514,1744
PETRONET,F&O OI,23638,23885,,,,,,,,,23627,23611,23874,23919,23920,23944
PETRONET,CALL VOL,2017,2677,,,,,,,,,110,198,433,480,522,608
PETRONET,CALL OI,4484,4668,,,,,,,,,4388,4397,4489,4478,4478,4473
PETRONET,PUT VOL,1421,1075,,,,,,,,,21,142,393,404,433,463
PETRONET,PUT OI,2148,2246,,,,,,,,,2203,2179,2161,2164,2160,2154
PFC,PRICE,342.55,344.95,,,,342.6,344.83,343.31,352.85,351.65,345.0,346.0,346.0,346.0,345.0,345.0
PFC,VWAP,,,,,,,,,,,345.58,346.17,346.26,346.31,346.3,346.26
PFC,CASH VOL,11369930,6259408,4746151,79.67,67.5,,,,,,374027,702995,949162,2221510,2380125,2551692
PFC,F&O VOL,25473,24420,,,,,,,,,1087,4090,5168,7365,7990,8675
PFC,F&O OI,120997,119461,,,,,,,,,121041,121127,121109,121599,121618,121568
PFC,CALL VOL,11258,10313,,,,,,,,,508,2039,2500,3130,3361,3653
PFC,CALL OI,13149,12923,,,,,,,,,13208,13243,13292,13276,13289,13332
PFC,PUT VOL,5269,4527,,,,,,,,,335,1130,1412,1753,1915,2026
PFC,PUT OI,11527,11452,,,,,,,,,11533,11568,11558,11564,11542,11530
PGEL,PRICE,529.15,529.35,,,,531.6,535.3,531.2,544.11,542.33,532.0,534.0,535.0,530.0,529.0,529.0
PGEL,VWAP,,,,,,,,,,,533.61,534.09,534.1,532.86,531.45,531.38
PGEL,CASH VOL,570498,420677,245355,41.06,25.1,,,,,,34241,65001,99086,143606,224569,234174
PGEL,F&O VOL,7210,7299,,,,,,,,,184,762,927,1654,2234,2475
PGEL,F&O OI,23535,23421,,,,,,,,,23550,23604,23627,23552,23476,23436
PGEL,CALL VOL,3777,3073,,,,,,,,,129,392,591,858,1118,1234
PGEL,CALL OI,3477,3281,,,,,,,,,3512,3538,3546,3552,3508,3485
PGEL,PUT VOL,1680,1771,,,,,,,,,25,178,279,398,517,527
PGEL,PUT OI,2900,2859,,,,,,,,,2906,2918,2919,2928,2916,2918
PHOENIXLTD,PRICE,1877.9,1872.2,,,,1902.9,1900.55,1885.45,1883.5,1870.5,1919.0,1918.0,1916.0,1910.0,1911.0,1913.0
PHOENIXLTD,VWAP,,,,,,,,,,,1919.05,1919.89,1919.82,1919.07,1918.74,1918.56
PHOENIXLTD,CASH VOL,421506,157063,261168,64.44,41.18,,,,,,39686,83943,106415,117081,122132,126684
PHOENIXLTD,F&O VOL,6149,6214,,,,,,,,,1466,3293,4743,5403,5759,5971
PHOENIXLTD,F&O OI,15571,15552,,,,,,,,,15893,16193,16466,16494,16561,16563
PHOENIXLTD,CALL VOL,2797,3606,,,,,,,,,1436,2775,3906,4380,4689,4841
PHOENIXLTD,CALL OI,1640,1634,,,,,,,,,2066,2237,2473,2441,2516,2507
PHOENIXLTD,PUT VOL,1174,750,,,,,,,,,87,293,448,537,580,604
PHOENIXLTD,PUT OI,1093,1076,,,,,,,,,1097,1136,1174,1190,1188,1197
PIDILITIND,PRICE,1572.1,1551.5,,,,1598.0,1579.4,1574.53,1565.6,1563.0,1592.0,1592.0,1591.0,1586.0,1587.0,1587.0
PIDILITIND,VWAP,,,,,,,,,,,1590.59,1591.04,1590.7,1589.96,1589.82,1589.68
PIDILITIND,CASH VOL,1142486,354203,550613,62.52,70.19,,,,,,14815,25005,33575,41241,43476,46244
PIDILITIND,F&O VOL,15207,2981,,,,,,,,,504,952,1328,1657,1793,1930
PIDILITIND,F&O OI,16249,15614,,,,,,,,,16341,16462,16504,16527,16600,16586
PIDILITIND,CALL VOL,9234,1272,,,,,,,,,343,575,732,953,998,1047
PIDILITIND,CALL OI,1835,1564,,,,,,,,,2733,2773,1959,1995,2027,2033
PIDILITIND,PUT VOL,3352,616,,,,,,,,,152,297,415,505,540,580
PIDILITIND,PUT OI,2131,1681,,,,,,,,,1974,2027,2223,2203,2231,2223
PIIND,PRICE,2366.8,2307.0,,,,2324.0,2356.08,2334.65,2296.5,2271.5,2333.0,2327.0,2326.0,2329.0,2327.0,2324.0
PIIND,VWAP,,,,,,,,,,,2333.41,2333.89,2331.56,2330.97,2330.83,2330.69
PIIND,CASH VOL,558327,136637,422607,74.83,44.55,,,,,,4272,10156,13996,15812,17038,17686
PIIND,F&O VOL,14897,14724,,,,,,,,,780,1860,2449,2813,3252,3394
PIIND,F&O OI,48629,47220,,,,,,,,,48672,48636,48684,48725,48703,48695
PIIND,CALL VOL,6962,7988,,,,,,,,,563,1133,1425,1642,1927,1893
PIIND,CALL OI,7904,7610,,,,,,,,,9365,9398,7944,9438,9396,7923
PIIND,PUT VOL,3290,3916,,,,,,,,,180,479,596,688,754,801
PIIND,PUT OI,5826,6141,,,,,,,,,5943,5916,5815,5920,5936,5852
PNB,PRICE,117.27,116.47,,,,117.23,117.18,117.0,116.62,116.36,116.0,117.0,117.0,117.0,117.0,117.0
PNB,VWAP,,,,,,,,,,,117.12,117.09,117.19,117.19,117.19,117.2
PNB,CASH VOL,16061334,15924714,6005367,63.34,27.86,,,,,,510286,781043,1099393,1236803,1315669,1389061
PNB,F&O VOL,17142,42312,,,,,,,,,563,2272,4029,4785,5096,5380
PNB,F&O OI,50856,51786,,,,,,,,,50906,50993,51111,51033,51023,51032
PNB,CALL VOL,8090,19848,,,,,,,,,588,1325,2213,2564,2707,2847
PNB,CALL OI,6913,7187,,,,,,,,,6976,7051,7129,7108,7097,7088
PNB,PUT VOL,4814,12080,,,,,,,,,253,543,1112,1297,1371,1482
PNB,PUT OI,4974,4912,,,,,,,,,5000,4998,5018,5010,5004,5038
PNBHOUSING,PRICE,1133.1,1103.5,,,,1128.4,1128.95,1120.65,1173.0,1161.2,1123.0,1125.0,1127.0,1124.0,1124.0,1125.0
PNBHOUSING,VWAP,,,,,,,,,,,1125.93,1125.91,1126.36,1124.9,1124.72,1124.84
PNBHOUSING,CASH VOL,1328599,3985061,465978,66.73,48.97,,,,,,26232,38609,50936,129773,161306,176928
PNBHOUSING,F&O VOL,11290,28144,,,,,,,,,367,797,1602,2565,2738,2870
PNBHOUSING,F&O OI,24983,25370,,,,,,,,,25033,25006,24960,25058,25041,25013
PNBHOUSING,CALL VOL,6270,12477,,,,,,,,,259,578,982,1486,1599,1706
PNBHOUSING,CALL OI,3649,4130,,,,,,,,,3699,3659,3585,3612,3595,3572
PNBHOUSING,PUT VOL,3149,9254,,,,,,,,,121,197,303,547,581,620
PNBHOUSING,PUT OI,2405,2264,,,,,,,,,2402,2402,2407,2376,2376,2375
POLICYBZR,PRICE,1743.0,1765.0,,,,1745.0,1770.5,1752.17,1793.53,1786.0,1754.0,1771.0,1768.0,1775.0,1774.0,1774.0
POLICYBZR,VWAP,,,,,,,,,,,1755.07,1763.51,1765.93,1767.61,1769.98,1770.63
POLICYBZR,CASH VOL,1368411,6641203,504127,55.17,43.14,,,,,,25634,57702,79448,103172,138851,154432
POLICYBZR,F&O VOL,28816,178441,,,,,,,,,804,2947,4107,5419,6495,6946
POLICYBZR,F&O OI,41537,43833,,,,,,,,,41506,41368,41353,41211,41127,41108
POLICYBZR,CALL VOL,15858,73694,,,,,,,,,553,1531,2076,2968,3624,3959
POLICYBZR,CALL OI,6237,7094,,,,,,,,,5888,5848,5772,5985,5865,5830
POLICYBZR,PUT VOL,5384,52597,,,,,,,,,112,614,1066,1274,1508,1621
POLICYBZR,PUT OI,6424,6781,,,,,,,,,6843,6871,6926,6534,6569,6555
POLYCAB,PRICE,8400.0,8208.5,,,,8352.5,8372.5,8317.5,8262.5,8248.17,8340.0,8351.0,8347.0,8369.0,8385.0,8394.0
POLYCAB,VWAP,,,,,,,,,,,8353.04,8348.09,8346.72,8348.21,8356.43,8359.82
POLYCAB,CASH VOL,417221,261101,171909,60.76,48.31,,,,,,10513,19471,23772,31287,39684,44078
POLYCAB,F&O VOL,38232,23163,,,,,,,,,1143,2884,4157,5941,7884,9031
POLYCAB,F&O OI,60958,63352,,,,,,,,,61083,61185,61292,61331,61194,61094
POLYCAB,CALL VOL,17202,10148,,,,,,,,,638,1393,1960,3024,4054,4559
POLYCAB,CALL OI,10536,11184,,,,,,,,,10631,9506,9631,10916,10900,10879
POLYCAB,PUT VOL,9700,4839,,,,,,,,,356,755,1016,1401,1956,2253
POLYCAB,PUT OI,10100,10110,,,,,,,,,10165,9823,9852,10268,10248,10232
POWERGRID,PRICE,270.3,263.75,,,,267.75,269.15,266.85,269.27,269.16,267.0,267.0,267.0,267.0,267.0,267.0
POWERGRID,VWAP,,,,,,,,,,,267.84,267.76,267.76,267.69,267.67,267.61
POWERGRID,CASH VOL,17896733,6533662,8052336,72.34,66.18,,,,,,388804,553097,684115,812407,878633,982150
POWERGRID,F&O VOL,22995,18881,,,,,,,,,1896,3055,3863,4563,4952,5312
POWERGRID,F&O OI,66608,68321,,,,,,,,,66848,67002,66987,66980,66908,66967
POWERGRID,CALL VOL,10937,9274,,,,,,,,,630,1069,1369,1790,1949,2115
POWERGRID,CALL OI,10893,11446,,,,,,,,,10824,10805,10783,10808,10820,10860
POWERGRID,PUT VOL,5000,4508,,,,,,,,,221,651,808,904,988,1081
POWERGRID,PUT OI,6247,6087,,,,,,,,,6255,6370,6365,6350,6330,6329
POWERINDIA,PRICE,32700.0,31230.0,,,,32480.0,32491.67,32075.0,31339.17,31147.5,32125.0,32070.0,31950.0,31900.0,31935.0,32005.0
POWERINDIA,VWAP,,,,,,,,,,,32324.59,32256.83,32195.97,32127.88,32109.97,32097.72
POWERINDIA,CASH VOL,125521,98656,45525,49.78,34.02,,,,,,10199,14316,18332,22284,24193,26367
POWERINDIA,F&O VOL,72709,67952,,,,,,,,,3699,7341,10472,14653,15995,18354
POWERINDIA,F&O OI,58341,58371,,,,,,,,,58293,58551,58585,58798,58781,58915
POWERINDIA,CALL VOL,37204,44607,,,,,,,,,2137,3737,4949,6240,6919,8264
POWERINDIA,CALL OI,12046,14137,,,,,,,,,12020,12092,12130,12233,12228,12306
POWERINDIA,PUT VOL,16432,9461,,,,,,,,,958,1992,3061,4467,4926,5506
POWERINDIA,PUT OI,8785,7816,,,,,,,,,8785,8852,8757,8697,8714,8685
PREMIERENE,PRICE,902.0,880.0,,,,910.0,898.68,892.05,973.57,972.3,898.0,896.0,907.0,906.0,907.0,905.0
PREMIERENE,VWAP,,,,,,,,,,,901.49,894.98,898.46,900.09,900.84,901.15
PREMIERENE,CASH VOL,3106714,927737,1431546,65.85,31.78,,,,,,82314,198069,273025,324206,387635,403695
PREMIERENE,F&O VOL,27882,19653,,,,,,,,,801,2894,4590,6163,7279,7636
PREMIERENE,F&O OI,33552,32201,,,,,,,,,33667,33846,33810,33856,33943,33978
PREMIERENE,CALL VOL,12747,8630,,,,,,,,,635,1816,2964,3994,4820,4943
PREMIERENE,CALL OI,7217,6784,,,,,,,,,7338,7497,7404,7492,7605,7619
PREMIERENE,PUT VOL,9120,6480,,,,,,,,,138,606,916,1212,1459,1521
PREMIERENE,PUT OI,6119,5794,,,,,,,,,6097,6009,6028,5999,5991,5982
PRESTIGE,PRICE,1435.1,1440.1,,,,1442.2,1453.35,1441.18,1512.55,1502.85,1460.0,1458.0,1458.0,1451.0,1453.0,1453.0
PRESTIGE,VWAP,,,,,,,,,,,1459.87,1460.61,1460.64,1458.98,1458.08,1457.94
PRESTIGE,CASH VOL,562624,598440,320087,54.55,57.23,,,,,,29226,41796,66853,79545,86932,89471
PRESTIGE,F&O VOL,6353,8004,,,,,,,,,267,806,1470,1807,2086,2343
PRESTIGE,F&O OI,25113,24928,,,,,,,,,25133,25142,24977,24952,24974,25037
PRESTIGE,CALL VOL,3172,3439,,,,,,,,,260,633,1002,1263,1397,1585
PRESTIGE,CALL OI,3035,3018,,,,,,,,,3071,3066,3047,3051,3048,3098
PRESTIGE,PUT VOL,1015,1621,,,,,,,,,5,63,145,196,253,265
PRESTIGE,PUT OI,3734,3732,,,,,,,,,3735,3718,3703,3706,3721,3727
RADICO,PRICE,4535.4,4380.0,,,,4475.0,4509.67,4458.2,4423.75,4386.65,4452.0,4444.0,4417.0,4399.0,4406.0,4414.0
RADICO,VWAP,,,,,,,,,,,4457.81,4450.8,4441.15,4421.52,4419.51,4419.32
RADICO,CASH VOL,371544,155034,256847,79.09,42.41,,,,,,16080,30976,45292,72671,86525,92609
RADICO,F&O VOL,4454,6652,,,,,,,,,295,796,2356,4402,5188,5822
RADICO,F&O OI,14242,13784,,,,,,,,,14274,14407,14703,14763,14799,14770
RADICO,CALL VOL,2523,3929,,,,,,,,,171,424,1508,2302,3017,2828
RADICO,CALL OI,3646,3420,,,,,,,,,4286,4327,3895,3914,4346,3904
RADICO,PUT VOL,829,898,,,,,,,,,100,221,499,1173,1349,1453
RADICO,PUT OI,1608,1450,,,,,,,,,1674,1727,1759,1835,1908,1822
RBLBANK,PRICE,415.9,404.15,,,,408.0,414.08,410.45,413.2,412.77,405.0,407.0,407.0,403.0,405.0,405.0
RBLBANK,VWAP,,,,,,,,,,,406.48,406.6,406.81,406.44,406.35,406.27
RBLBANK,CASH VOL,3792806,2254458,2255328,70.93,46.25,,,,,,181336,270250,409520,642727,673694,721692
RBLBANK,F&O VOL,7690,12572,,,,,,,,,579,1524,2267,3167,3525,3824
RBLBANK,F&O OI,25230,25178,,,,,,,,,25337,25472,25544,25482,25505,25526
RBLBANK,CALL VOL,3569,6659,,,,,,,,,485,929,1336,1782,1955,2111
RBLBANK,CALL OI,5445,5698,,,,,,,,,5548,5574,5569,5664,5672,5662
RBLBANK,PUT VOL,1737,3407,,,,,,,,,160,323,493,726,841,899
RBLBANK,PUT OI,3721,3498,,,,,,,,,3734,3772,3806,3758,3759,3738
RECLTD,PRICE,312.0,310.5,,,,312.0,311.74,311.23,314.3,313.23,311.0,312.0,312.0,311.0,311.0,311.0
RECLTD,VWAP,,,,,,,,,,,311.56,312.08,312.19,312.1,312.01,311.92
RECLTD,CASH VOL,4686436,3222931,2272689,61.84,53.15,,,,,,81624,201852,318832,389337,456382,512224
RECLTD,F&O VOL,16768,15791,,,,,,,,,537,2438,3357,4807,5325,6025
RECLTD,F&O OI,62193,61865,,,,,,,,,62188,62284,62123,62019,62041,62079
RECLTD,CALL VOL,9499,7258,,,,,,,,,398,1424,2285,2662,2894,3119
RECLTD,CALL OI,8303,8399,,,,,,,,,8299,8352,8267,8222,8254,8287
RECLTD,PUT VOL,3136,3705,,,,,,,,,90,528,802,1057,1124,1290
RECLTD,PUT OI,5731,5819,,,,,,,,,5741,5760,5767,5728,5721,5691
RELIANCE,PRICE,1226.4,1243.9,,,,1234.1,1236.85,1229.88,1273.85,1262.95,1242.0,1241.0,1239.0,1237.0,1236.0,1235.0
RELIANCE,VWAP,,,,,,,,,,,1241.13,1241.02,1240.64,1240.0,1239.82,1238.87
RELIANCE,CASH VOL,15122715,7752895,9884481,77.01,50.58,,,,,,876764,1320433,1757436,2130313,2258600,2721511
RELIANCE,F&O VOL,315771,300524,,,,,,,,,21415,48333,66545,90097,96315,112672
RELIANCE,F&O OI,649190,638103,,,,,,,,,651459,653847,655363,655609,656236,657717
RELIANCE,CALL VOL,101360,88420,,,,,,,,,11454,21377,28070,38141,40500,43864
RELIANCE,CALL OI,48364,41558,,,,,,,,,56040,57200,58203,58598,58874,52494
RELIANCE,PUT VOL,67988,67795,,,,,,,,,5309,10927,14159,19747,20811,26216
RELIANCE,PUT OI,42833,39489,,,,,,,,,43765,44268,44102,43141,43083,42297
RVNL,PRICE,214.29,201.7,,,,214.01,212.04,207.53,206.64,205.48,211.0,212.0,211.0,210.0,210.0,209.0
RVNL,VWAP,,,,,,,,,,,212.17,212.3,211.97,211.84,211.8,211.51
RVNL,CASH VOL,9469057,3554203,4495880,50.75,27.06,,,,,,1385885,2204258,2843308,3121348,3231679,3747393
RVNL,F&O VOL,42952,16913,,,,,,,,,6133,16298,20330,23022,25285,31364
RVNL,F&O OI,49564,52040,,,,,,,,,50390,50781,51687,51852,51521,52617
RVNL,CALL VOL,26426,11070,,,,,,,,,4498,11720,13627,15241,16944,19625
RVNL,CALL OI,13551,16027,,,,,,,,,13747,13971,14458,14541,14190,14545
RVNL,PUT VOL,9522,2367,,,,,,,,,1609,3176,4068,4522,4892,6845
RVNL,PUT OI,6842,6728,,,,,,,,,7339,7579,7563,7435,7376,7635
SAIL,PRICE,177.33,175.01,,,,178.0,177.92,177.53,184.03,180.67,178.0,177.0,178.0,177.0,177.0,177.0
SAIL,VWAP,,,,,,,,,,,178.65,178.42,178.33,178.26,178.09,177.95
SAIL,CASH VOL,11881802,11246822,6241937,62.2,46.56,,,,,,599135,962855,1229874,1429595,1773997,2103242
SAIL,F&O VOL,145,1103,,,,,,,,,4,9,25,96,106,109
SAIL,F&O OI,50001,50079,,,,,,,,,50002,49999,50001,50027,50027,50027
SAIL,CALL VOL,5,4,,,,,,,,,0,0,0,0,0,0
SAIL,CALL OI,1440,1439,,,,,,,,,1440,1440,1440,1440,1440,1440
SAIL,PUT VOL,6,9,,,,,,,,,0,0,0,11,11,14
SAIL,PUT OI,2794,2796,,,,,,,,,2794,2794,2794,2784,2784,2782
SBICARD,PRICE,651.15,636.95,,,,642.1,647.74,640.92,662.25,657.55,640.0,641.0,641.0,638.0,639.0,638.0
SBICARD,VWAP,,,,,,,,,,,641.11,641.06,641.38,640.47,640.31,640.19
SBICARD,CASH VOL,3242132,1811876,1445211,68.62,54.51,,,,,,29136,64398,97966,202383,228214,247289
SBICARD,F&O VOL,13215,22336,,,,,,,,,444,1237,1971,2559,2748,3068
SBICARD,F&O OI,49877,49853,,,,,,,,,49911,49845,49768,49778,49764,49806
SBICARD,CALL VOL,4960,10418,,,,,,,,,205,551,859,1159,1265,1396
SBICARD,CALL OI,6757,6935,,,,,,,,,6737,6699,6687,6715,6731,6743
SBICARD,PUT VOL,3327,5116,,,,,,,,,181,381,568,727,773,838
SBICARD,PUT OI,5766,5869,,,,,,,,,5815,5822,5825,5808,5799,5807
SBILIFE,PRICE,1731.0,1766.9,,,,1744.0,1750.5,1737.5,1688.6,1686.0,1742.0,1753.0,1755.0,1751.0,1749.0,1753.0
SBILIFE,VWAP,,,,,,,,,,,1741.55,1746.34,1750.72,1750.89,1750.85,1751.01
SBILIFE,CASH VOL,929365,1760558,541725,71.76,56.9,,,,,,27525,42409,73797,82073,86966,93659
SBILIFE,F&O VOL,20704,56707,,,,,,,,,695,2664,4064,5021,5527,5857
SBILIFE,F&O OI,37955,39780,,,,,,,,,37932,38076,38233,38378,38395,38389
SBILIFE,CALL VOL,10535,34481,,,,,,,,,363,1435,2215,2697,2967,3111
SBILIFE,CALL OI,8162,8320,,,,,,,,,7881,8198,8185,8230,8231,8211
SBILIFE,PUT VOL,7377,13560,,,,,,,,,323,957,1446,1848,2033,2112
SBILIFE,PUT OI,4535,5587,,,,,,,,,5357,4555,4700,4767,4744,4765
SBIN,PRICE,996.2,988.7,,,,993.6,994.35,990.65,1002.3,997.9,992.0,993.0,993.0,991.0,993.0,991.0
SBIN,VWAP,,,,,,,,,,,992.27,992.45,992.55,992.44,992.6,992.55
SBIN,CASH VOL,5699456,8624398,2383420,63.91,53.14,,,,,,270058,427082,562167,721356,862679,965619
SBIN,F&O VOL,139331,226185,,,,,,,,,5534,15430,28201,34109,39387,42317
SBIN,F&O OI,299075,305448,,,,,,,,,299413,300157,301121,300715,300497,300479
SBIN,CALL VOL,56896,90914,,,,,,,,,3063,6837,12683,15099,17459,18437
SBIN,CALL OI,37273,38544,,,,,,,,,37788,37891,38553,38559,38355,38399
SBIN,PUT VOL,43163,66938,,,,,,,,,2156,4476,7972,9420,10994,11790
SBIN,PUT OI,30885,31191,,,,,,,,,30989,31277,31538,31223,31307,31252
SHREECEM,PRICE,22600.0,21960.0,,,,22450.0,22583.33,22550.0,22805.0,22648.33,22645.0,22635.0,22545.0,22460.0,22410.0,22410.0
SHREECEM,VWAP,,,,,,,,,,,22591.74,22594.76,22586.67,22546.97,22538.51,22534.09
SHREECEM,CASH VOL,62133,15117,18189,37.07,49.35,,,,,,1812,2813,3548,5946,6327,6495
SHREECEM,F&O VOL,123244,8720,,,,,,,,,1489,2819,3904,5342,6900,7987
SHREECEM,F&O OI,29709,24821,,,,,,,,,29637,29607,29600,29589,29751,29732
SHREECEM,CALL VOL,54857,3867,,,,,,,,,691,1200,1693,2532,3273,3537
SHREECEM,CALL OI,3216,1491,,,,,,,,,3135,3207,3225,3214,3339,3395
SHREECEM,PUT VOL,24468,906,,,,,,,,,257,430,643,848,1143,1474
SHREECEM,PUT OI,1849,1150,,,,,,,,,1919,1927,1911,1901,1923,1934
SHRIRAMFIN,PRICE,1010.0,995.0,,,,1019.0,1009.92,1009.75,1027.73,1026.0,1008.0,1014.0,1013.0,1011.0,1009.0,1009.0
SHRIRAMFIN,VWAP,,,,,,,,,,,1011.65,1012.21,1012.57,1012.52,1011.97,1011.7
SHRIRAMFIN,CASH VOL,4870631,4285999,2167241,70.45,53.78,,,,,,150185,231388,283263,324550,387750,414527
SHRIRAMFIN,F&O VOL,34671,44207,,,,,,,,,900,3096,4110,5152,6463,7041
SHRIRAMFIN,F&O OI,66472,69463,,,,,,,,,66585,66872,66880,66753,66915,66923
SHRIRAMFIN,CALL VOL,19373,25218,,,,,,,,,587,1678,2200,2793,3198,3430
SHRIRAMFIN,CALL OI,11546,12996,,,,,,,,,13065,13080,13066,12990,11613,11612
SHRIRAMFIN,PUT VOL,7951,9765,,,,,,,,,274,911,1166,1371,1681,1862
SHRIRAMFIN,PUT OI,10024,9990,,,,,,,,,10181,10263,10291,10318,10128,10126
SIEMENS,PRICE,3913.9,3763.5,,,,3880.0,3889.92,3841.95,3948.23,3930.7,3858.0,3868.0,3866.0,3857.0,3872.0,3877.0
SIEMENS,VWAP,,,,,,,,,,,3872.96,3870.36,3869.47,3866.64,3866.65,3868.51
SIEMENS,CASH VOL,666502,373967,274085,54.39,51.93,,,,,,16362,23503,29439,36890,41471,50516
SIEMENS,F&O VOL,24329,19889,,,,,,,,,1277,2433,3006,4081,4694,5568
SIEMENS,F&O OI,38960,40164,,,,,,,,,39036,39049,39117,39315,39354,39335
SIEMENS,CALL VOL,13834,9135,,,,,,,,,828,1309,1615,2270,2508,3012
SIEMENS,CALL OI,6919,7662,,,,,,,,,6485,6519,6545,6681,6673,7102
SIEMENS,PUT VOL,4694,5801,,,,,,,,,351,554,660,852,991,1114
SIEMENS,PUT OI,5377,5285,,,,,,,,,5602,5587,5603,5626,5630,5447
SOLARINDS,PRICE,18555.0,18815.0,,,,18790.0,18817.5,18642.5,22377.5,22319.17,18930.0,18990.0,18975.0,18965.0,18990.0,18940.0
SOLARINDS,VWAP,,,,,,,,,,,18908.01,18955.34,18965.97,18966.91,18969.65,18967.18
SOLARINDS,CASH VOL,202858,214606,66979,46.14,32.29,,,,,,14185,27028,36950,45006,49950,55116
SOLARINDS,F&O VOL,93849,101093,,,,,,,,,6726,18546,26990,33378,36125,39727
SOLARINDS,F&O OI,97107,96338,,,,,,,,,97890,98075,97493,97353,97282,97003
SOLARINDS,CALL VOL,36871,32394,,,,,,,,,3811,8143,10883,13094,13988,15198
SOLARINDS,CALL OI,12766,13002,,,,,,,,,13350,13499,13243,13195,13165,13280
SOLARINDS,PUT VOL,13170,15011,,,,,,,,,1254,3393,4803,6054,6599,7121
SOLARINDS,PUT OI,9957,10011,,,,,,,,,10153,10504,10604,10604,10764,10710
SONACOMS,PRICE,808.0,777.9,,,,810.0,804.03,796.1,800.02,792.01,814.0,814.0,810.0,801.0,809.0,812.0
SONACOMS,VWAP,,,,,,,,,,,814.33,814.51,814.01,811.54,811.04,811.09
SONACOMS,CASH VOL,4201864,3093640,1327622,51.44,51.01,,,,,,201719,487806,613004,795560,884867,952753
SONACOMS,F&O VOL,34394,15163,,,,,,,,,975,3779,5540,8408,10378,11715
SONACOMS,F&O OI,21390,20284,,,,,,,,,21333,21698,21609,21550,21543,21528
SONACOMS,CALL VOL,20329,7223,,,,,,,,,804,2843,3670,5062,6507,7160
SONACOMS,CALL OI,4295,4124,,,,,,,,,4442,4459,4449,4086,4265,4166
SONACOMS,PUT VOL,6352,2342,,,,,,,,,186,716,972,1813,2076,2407
SONACOMS,PUT OI,2802,2486,,,,,,,,,2662,2806,2775,3508,2746,2760
SRF,PRICE,2512.0,2536.0,,,,2530.9,2540.95,2521.65,2505.85,2490.22,2552.0,2552.0,2561.0,2551.0,2554.0,2556.0
SRF,VWAP,,,,,,,,,,,2552.7,2553.01,2554.5,2554.84,2554.79,2554.64
SRF,CASH VOL,401209,796952,217823,66.9,28.65,,,,,,17609,22587,33057,38206,42050,48855
SRF,F&O VOL,20743,62537,,,,,,,,,603,1196,2005,2553,2949,3382
SRF,F&O OI,36865,38271,,,,,,,,,36903,36938,36857,36820,36786,36808
SRF,CALL VOL,11715,44667,,,,,,,,,294,640,1138,1437,1667,1860
SRF,CALL OI,7509,8318,,,,,,,,,7530,7552,7470,7451,7404,7428
SRF,PUT VOL,6231,12944,,,,,,,,,199,387,612,737,908,1021
SRF,PUT OI,5210,5649,,,,,,,,,5216,5229,5203,5197,5203,5197
SUNPHARMA,PRICE,1837.3,1867.3,,,,1832.2,1857.25,1843.95,1866.3,1848.77,1859.0,1873.0,1882.0,1878.0,1886.0,1884.0
SUNPHARMA,VWAP,,,,,,,,,,,1857.86,1865.29,1871.59,1874.46,1877.91,1878.32
SUNPHARMA,CASH VOL,2896860,1377506,1442903,72.27,66.1,,,,,,75038,157158,271166,482840,719408,784509
SUNPHARMA,F&O VOL,42519,31991,,,,,,,,,3668,14595,31551,44035,58550,68704
SUNPHARMA,F&O OI,85038,85599,,,,,,,,,85076,85572,87216,87962,88223,88738
SUNPHARMA,CALL VOL,24429,18993,,,,,,,,,3036,10026,23075,30362,40155,46784
SUNPHARMA,CALL OI,22352,21867,,,,,,,,,19910,22122,22701,23001,22097,22976
SUNPHARMA,PUT VOL,12901,9288,,,,,,,,,1250,4014,7499,10811,14705,17414
SUNPHARMA,PUT OI,9929,10567,,,,,,,,,11160,10643,11433,11313,12266,11755
SUPREMEIND,PRICE,3580.3,3344.4,,,,3500.0,3541.48,3463.85,3462.9,3397.23,3536.0,3536.0,3530.0,3526.0,3520.0,3528.0
SUPREMEIND,VWAP,,,,,,,,,,,3530.77,3540.51,3538.94,3537.19,3536.24,3535.67
SUPREMEIND,CASH VOL,469754,84838,146807,32.57,44.3,,,,,,28249,40329,54209,60187,62885,65210
SUPREMEIND,F&O VOL,86139,5301,,,,,,,,,3710,8677,10712,11920,12581,13139
SUPREMEIND,F&O OI,22676,20662,,,,,,,,,22664,23005,22834,22814,22841,22798
SUPREMEIND,CALL VOL,59002,2742,,,,,,,,,3031,5631,6471,7039,7351,7602
SUPREMEIND,CALL OI,4370,3376,,,,,,,,,4469,4530,4139,4166,4181,4168
SUPREMEIND,PUT VOL,20244,760,,,,,,,,,1223,2413,3332,3736,3932,4101
SUPREMEIND,PUT OI,3221,2064,,,,,,,,,3267,3429,3590,3510,3503,3490
SUZLON,PRICE,43.14,42.54,,,,43.14,43.21,43.16,44.8,44.35,43.0,43.0,43.0,43.0,43.0,43.0
SUZLON,VWAP,,,,,,,,,,,43.37,43.35,43.29,43.28,43.28,43.28
SUZLON,CASH VOL,63471191,31153614,24204481,51.86,36.52,,,,,,2529354,4173507,6031876,7279367,7877085,8473957
SUZLON,F&O VOL,18635,12542,,,,,,,,,668,1408,2242,3393,3884,4345
SUZLON,F&O OI,62799,63081,,,,,,,,,62854,62908,63024,63057,63007,62843
SUZLON,CALL VOL,8681,6537,,,,,,,,,271,618,1007,1561,1724,1865
SUZLON,CALL OI,8987,9094,,,,,,,,,8998,8992,8983,8862,8860,8812
SUZLON,PUT VOL,3508,2236,,,,,,,,,52,213,320,422,503,546
SUZLON,PUT OI,4485,4590,,,,,,,,,4475,4455,4433,4420,4417,4425
SWIGGY,PRICE,273.05,276.5,,,,276.4,276.52,274.21,278.68,278.36,275.0,276.0,279.0,278.0,276.0,277.0
SWIGGY,VWAP,,,,,,,,,,,276.51,276.29,278.41,278.49,278.32,278.23
SWIGGY,CASH VOL,20140282,9241202,12291186,73.43,37.06,,,,,,744924,1367131,3541955,4652746,5171622,5534599
SWIGGY,F&O VOL,30136,30628,,,,,,,,,1270,2924,9629,11755,13571,14203
SWIGGY,F&O OI,91007,91810,,,,,,,,,91180,91170,91330,91619,91763,91751
SWIGGY,CALL VOL,16219,15030,,,,,,,,,799,1705,5275,6646,7508,7984
SWIGGY,CALL OI,15961,16344,,,,,,,,,16006,16437,16375,16108,16147,16138
SWIGGY,PUT VOL,5712,7992,,,,,,,,,225,502,2098,2690,3090,3201
SWIGGY,PUT OI,13838,13870,,,,,,,,,13842,13245,13258,13791,13766,13760
TATACONSUM,PRICE,996.0,1013.7,,,,998.9,1007.35,999.78,1000.85,994.28,1001.0,1008.0,1008.0,1010.0,1009.0,1010.0
TATACONSUM,VWAP,,,,,,,,,,,1001.37,1004.15,1006.04,1006.51,1007.07,1008.2
TATACONSUM,CASH VOL,2076522,1966538,1020741,66.67,58.63,,,,,,16053,44062,81091,100264,117725,149817
TATACONSUM,F&O VOL,17920,28172,,,,,,,,,566,2479,4460,5307,5794,6800
TATACONSUM,F&O OI,52615,53142,,,,,,,,,52635,52573,52461,52575,52541,52499
TATACONSUM,CALL VOL,8912,15101,,,,,,,,,315,1528,2530,3081,3371,3957
TATACONSUM,CALL OI,5559,5744,,,,,,,,,5051,5448,5393,5479,5433,5401
TATACONSUM,PUT VOL,4945,6903,,,,,,,,,259,864,1376,1562,1685,2103
TATACONSUM,PUT OI,5604,6032,,,,,,,,,6864,5624,5601,5636,5641,5643
TATAELXSI,PRICE,3266.7,3381.8,,,,3306.9,3332.85,3288.75,3414.95,3393.65,3297.0,3273.0,3284.0,3278.0,3274.0,3277.0
TATAELXSI,VWAP,,,,,,,,,,,3297.35,3289.34,3287.83,3287.11,3285.29,3284.85
TATAELXSI,CASH VOL,297430,123676,161183,52.47,28.96,,,,,,42135,75360,90640,122288,137131,147217
TATAELXSI,F&O VOL,24050,21709,,,,,,,,,1868,5593,7534,9562,10868,11904
TATAELXSI,F&O OI,41906,40729,,,,,,,,,42076,42756,42933,43213,43604,43597
TATAELXSI,CALL VOL,9005,7997,,,,,,,,,950,2373,3209,4026,4556,4850
TATAELXSI,CALL OI,4133,3911,,,,,,,,,4386,4329,4805,4951,5151,5157
TATAELXSI,PUT VOL,4636,3891,,,,,,,,,497,1481,1926,2406,2765,3061
TATAELXSI,PUT OI,4530,4125,,,,,,,,,4536,4685,4758,4813,4832,4830
TATAPOWER,PRICE,374.8,369.0,,,,367.3,372.48,367.85,368.32,365.87,367.0,367.0,367.0,366.0,366.0,365.0
TATAPOWER,VWAP,,,,,,,,,,,368.22,368.07,367.9,367.48,367.35,367.11
TATAPOWER,CASH VOL,5102671,2859852,2693143,61.92,41.92,,,,,,165394,300095,427809,562840,622760,732506
TATAPOWER,F&O VOL,35781,42480,,,,,,,,,1367,3320,4612,6091,6842,7741
TATAPOWER,F&O OI,90682,92435,,,,,,,,,90733,90858,91033,91092,91042,90999
TATAPOWER,CALL VOL,16793,22201,,,,,,,,,611,1384,2102,2724,3069,3580
TATAPOWER,CALL OI,14338,14570,,,,,,,,,14683,14437,14583,14646,14583,14602
TATAPOWER,PUT VOL,11630,13269,,,,,,,,,642,1389,1750,2266,2423,2592
TATAPOWER,PUT OI,14083,14152,,,,,,,,,13638,14107,14131,14114,14090,14090
TATASTEEL,PRICE,185.54,187.29,,,,184.55,186.75,185.94,185.52,183.84,185.0,186.0,186.0,185.0,184.0,184.0
TATASTEEL,VWAP,,,,,,,,,,,185.87,186.2,186.14,186.09,185.68,185.55
TATASTEEL,CASH VOL,29014128,29397693,15601131,61.46,52.59,,,,,,952115,1736293,2219892,2503267,3453242,3858770
TATASTEEL,F&O VOL,86097,146527,,,,,,,,,3332,12548,15877,18533,31494,35845
TATASTEEL,F&O OI,186427,187125,,,,,,,,,186915,188742,188886,188872,188698,188635
TATASTEEL,CALL VOL,36701,65544,,,,,,,,,1783,5094,6713,7956,14555,16152
TATASTEEL,CALL OI,26543,26621,,,,,,,,,26873,26994,27071,27157,27498,27738
TATASTEEL,PUT VOL,29147,40582,,,,,,,,,1008,3468,4482,5092,9237,10308
TATASTEEL,PUT OI,20332,20984,,,,,,,,,20456,20748,20717,20666,20482,20497
TCS,PRICE,2105.0,2190.0,,,,2090.0,2139.25,2116.42,2211.25,2204.28,2117.0,2106.0,2118.0,2117.0,2116.0,2119.0
TCS,VWAP,,,,,,,,,,,2105.88,2105.28,2106.91,2109.53,2109.86,2110.87
TCS,CASH VOL,6875428,3295917,3189800,57.78,36.5,,,,,,317214,540872,668580,830970,862473,942884
TCS,F&O VOL,529918,389534,,,,,,,,,38227,91474,115631,142277,149065,164503
TCS,F&O OI,322108,261715,,,,,,,,,322059,324408,325731,325139,325032,324167
TCS,CALL VOL,175296,70485,,,,,,,,,18731,37643,50999,61415,63879,69680
TCS,CALL OI,42914,11860,,,,,,,,,38448,39900,43628,42447,42297,41788
TCS,PUT VOL,136779,101527,,,,,,,,,13846,29755,29985,37162,38932,43187
TCS,PUT OI,19352,15540,,,,,,,,,22387,23396,21826,22450,22613,22714
TECHM,PRICE,1537.1,1561.0,,,,1529.0,1542.15,1538.78,1536.55,1527.65,1537.0,1531.0,1537.0,1542.0,1540.0,1541.0
TECHM,VWAP,,,,,,,,,,,1535.07,1532.77,1533.05,1536.62,1536.93,1537.42
TECHM,CASH VOL,3113722,2730331,1106974,60.69,63.24,,,,,,38644,65579,94110,128450,136759,147351
TECHM,F&O VOL,37630,32681,,,,,,,,,2052,4529,6709,9685,9943,10544
TECHM,F&O OI,61072,59867,,,,,,,,,61221,61333,61418,61461,61514,61537
TECHM,CALL VOL,16796,12315,,,,,,,,,1212,2207,3378,4716,4847,5086
TECHM,CALL OI,10305,10002,,,,,,,,,10416,10502,10516,10393,10414,10405
TECHM,PUT VOL,12976,11856,,,,,,,,,810,1484,2412,3272,3329,3599
TECHM,PUT OI,6496,6339,,,,,,,,,6457,6425,6459,6538,6547,6563
TIINDIA,PRICE,2600.0,2598.8,,,,2601.0,2604.65,2601.55,2644.35,2618.85,2603.0,2606.0,2596.0,2592.0,2588.0,2602.0
TIINDIA,VWAP,,,,,,,,,,,2607.15,2608.22,2604.87,2602.79,2601.51,2601.06
TIINDIA,CASH VOL,293372,199703,147100,64.2,43.01,,,,,,4160,9823,16146,19446,22357,24362
TIINDIA,F&O VOL,5964,7207,,,,,,,,,142,611,879,1066,1264,1469
TIINDIA,F&O OI,21087,20690,,,,,,,,,21088,21149,21141,21149,21166,21151
TIINDIA,CALL VOL,3262,3923,,,,,,,,,117,474,637,720,815,929
TIINDIA,CALL OI,2690,2501,,,,,,,,,2698,2757,2756,2754,2757,2765
TIINDIA,PUT VOL,1321,1530,,,,,,,,,46,105,132,147,172,203
TIINDIA,PUT OI,2218,2101,,,,,,,,,2211,2210,2201,2202,2202,2198
TITAN,PRICE,4798.5,4841.0,,,,4816.5,4818.25,4805.08,5000.33,4982.0,4790.0,4796.0,4811.0,4807.0,4826.0,4819.0
TITAN,VWAP,,,,,,,,,,,4799.47,4794.39,4798.27,4802.44,4804.24,4805.56
TITAN,CASH VOL,1066023,489416,549665,70.85,60.52,,,,,,22369,33992,45027,62656,69316,73515
TITAN,F&O VOL,74532,36647,,,,,,,,,3116,8903,12391,15125,16885,18903
TITAN,F&O OI,61988,58667,,,,,,,,,62199,62714,62743,62720,62743,62943
TITAN,CALL VOL,28518,12072,,,,,,,,,1557,3898,5236,6466,7896,8049
TITAN,CALL OI,11136,8566,,,,,,,,,11233,11170,11251,11111,13284,11166
TITAN,PUT VOL,31978,15387,,,,,,,,,1383,3689,4894,5868,6323,7060
TITAN,PUT OI,9674,9268,,,,,,,,,9817,10062,9986,9991,10523,10097
TMPV,PRICE,303.8,314.5,,,,303.8,305.75,304.45,301.48,301.23,302.0,301.0,301.0,300.0,300.0,299.0
TMPV,VWAP,,,,,,,,,,,302.25,301.94,301.87,301.39,301.3,301.02
TMPV,CASH VOL,18037112,11903808,7216428,55.81,31.92,,,,,,522367,1016410,1436985,2145120,2359916,2878844
TMPV,F&O VOL,173237,209209,,,,,,,,,4864,13458,19720,26625,29604,33973
TMPV,F&O OI,132675,124004,,,,,,,,,133011,135025,135396,136633,137285,137901
TMPV,CALL VOL,77976,87187,,,,,,,,,3347,6469,9598,13485,14450,16907
TMPV,CALL OI,23998,19029,,,,,,,,,24260,25184,25425,25865,26020,26264
TMPV,PUT VOL,48574,55340,,,,,,,,,1781,3321,4740,6203,6683,7382
TMPV,PUT OI,18191,17746,,,,,,,,,18198,18727,18784,18804,18773,18957
TORNTPHARM,PRICE,4840.0,4875.0,,,,4860.0,4877.5,4852.5,4959.33,4947.0,4887.0,4912.0,4921.0,4906.0,4919.0,4954.0
TORNTPHARM,VWAP,,,,,,,,,,,4890.12,4903.53,4910.2,4908.75,4910.41,4925.92
TORNTPHARM,CASH VOL,486733,411409,231670,68.89,58.02,,,,,,6502,13343,19791,24970,30244,49722
TORNTPHARM,F&O VOL,8245,9259,,,,,,,,,633,2341,4290,4990,5235,8335
TORNTPHARM,F&O OI,35308,34893,,,,,,,,,35312,35509,35360,35423,35410,35854
TORNTPHARM,CALL VOL,3800,4214,,,,,,,,,543,1739,3097,3509,3731,6003
TORNTPHARM,CALL OI,4095,4081,,,,,,,,,3808,3950,3833,3853,4115,4338
TORNTPHARM,PUT VOL,1433,1768,,,,,,,,,91,319,716,852,925,1709
TORNTPHARM,PUT OI,2296,2229,,,,,,,,,2327,2368,2358,2371,2358,2633
TRENT,PRICE,2824.0,2789.0,,,,2813.9,2816.02,2800.05,2801.48,2799.65,2811.0,2819.0,2814.0,2810.0,2809.0,2803.0
TRENT,VWAP,,,,,,,,,,,2814.68,2816.55,2818.47,2814.68,2814.23,2813.42
TRENT,CASH VOL,925467,459529,563080,73.84,55.05,,,,,,18185,30879,55365,102880,112965,120703
TRENT,F&O VOL,20956,18788,,,,,,,,,1148,2786,4524,7410,7935,8740
TRENT,F&O OI,75583,75788,,,,,,,,,75826,76113,76027,75880,75891,75988
TRENT,CALL VOL,11539,10297,,,,,,,,,855,1648,2636,3972,4254,4621
TRENT,CALL OI,14923,14878,,,,,,,,,15200,16633,15219,15011,14948,15006
TRENT,PUT VOL,4634,4202,,,,,,,,,190,531,880,1743,1830,2053
TRENT,PUT OI,7256,7361,,,,,,,,,7297,7444,7243,7146,7141,7136
TVSMOTOR,PRICE,4171.3,4101.7,,,,4173.1,4167.05,4158.55,4140.15,4130.05,4193.0,4178.0,4189.0,4179.0,4184.0,4179.0
TVSMOTOR,VWAP,,,,,,,,,,,4195.92,4189.86,4189.33,4187.33,4186.88,4186.57
TVSMOTOR,CASH VOL,1304681,1025877,524280,73.13,48.07,,,,,,15906,32506,39892,48600,54063,57335
TVSMOTOR,F&O VOL,47296,83038,,,,,,,,,2132,4393,5968,7482,7994,8602
TVSMOTOR,F&O OI,69123,74460,,,,,,,,,69181,69268,69165,69054,69062,69057
TVSMOTOR,CALL VOL,21549,49692,,,,,,,,,1391,2691,3334,4063,4292,4576
TVSMOTOR,CALL OI,10381,12246,,,,,,,,,10432,10526,10555,10476,10468,10424
TVSMOTOR,PUT VOL,13127,17802,,,,,,,,,532,999,1342,1688,1902,2027
TVSMOTOR,PUT OI,6820,7264,,,,,,,,,6892,6879,6913,6956,6983,6986
ULTRACEMCO,PRICE,11014.0,10764.0,,,,11014.0,10989.17,10939.5,10975.0,10925.0,11057.0,11070.0,11045.0,11009.0,11000.0,10991.0
ULTRACEMCO,VWAP,,,,,,,,,,,11037.39,11043.95,11045.68,11035.55,11033.36,11025.74
ULTRACEMCO,CASH VOL,458848,180788,163339,69.81,52.31,,,,,,7893,11207,13009,22765,24250,34487
ULTRACEMCO,F&O VOL,60187,19908,,,,,,,,,1994,4250,6402,8795,9526,10533
ULTRACEMCO,F&O OI,66429,67439,,,,,,,,,66441,66617,67138,67133,67095,67129
ULTRACEMCO,CALL VOL,27707,8877,,,,,,,,,1056,2264,3025,3629,3956,4342
ULTRACEMCO,CALL OI,4226,4254,,,,,,,,,4674,4708,4799,4316,4277,4310
ULTRACEMCO,PUT VOL,13247,2681,,,,,,,,,604,1111,1744,2650,2836,3027
ULTRACEMCO,PUT OI,3980,3490,,,,,,,,,4690,4806,5047,4316,4320,4318
UNIONBANK,PRICE,176.56,178.09,,,,177.11,177.74,176.95,179.99,178.73,177.0,177.0,177.0,177.0,177.0,177.0
UNIONBANK,VWAP,,,,,,,,,,,177.89,177.7,177.65,177.62,177.62,177.62
UNIONBANK,CASH VOL,6401370,5299874,3189178,64.53,33.29,,,,,,346031,590174,848540,976686,1039848,1098436
UNIONBANK,F&O VOL,9275,17879,,,,,,,,,366,892,1784,2237,2491,2757
UNIONBANK,F&O OI,45756,44988,,,,,,,,,45752,45722,45655,45620,45592,45607
UNIONBANK,CALL VOL,3397,8073,,,,,,,,,178,427,881,1093,1271,1378
UNIONBANK,CALL OI,7813,7597,,,,,,,,,7812,7828,7855,7847,7815,7796
UNIONBANK,PUT VOL,2851,5239,,,,,,,,,131,236,490,553,611,646
UNIONBANK,PUT OI,8431,7920,,,,,,,,,8426,8416,8349,8344,8344,8351
UNITDSPR,PRICE,1371.0,1390.0,,,,1384.0,1388.0,1376.67,1412.1,1400.7,1385.0,1394.0,1391.0,1399.0,1396.0,1395.0
UNITDSPR,VWAP,,,,,,,,,,,1387.7,1389.09,1389.81,1391.1,1391.84,1392.47
UNITDSPR,CASH VOL,842151,263642,659095,83.87,63.94,,,,,,47371,68075,91414,132863,149865,172865
UNITDSPR,F&O VOL,13525,5263,,,,,,,,,591,1697,2389,3331,4204,4937
UNITDSPR,F&O OI,30115,29749,,,,,,,,,30244,30553,30635,30702,30931,31018
UNITDSPR,CALL VOL,6923,2244,,,,,,,,,270,1170,1387,2122,2723,3204
UNITDSPR,CALL OI,3291,2959,,,,,,,,,2676,3683,2958,3768,3969,3983
UNITDSPR,PUT VOL,2857,875,,,,,,,,,130,344,469,707,843,986
UNITDSPR,PUT OI,2444,2274,,,,,,,,,2166,2480,2185,2501,2529,2549
UNOMINDA,PRICE,1284.0,1205.0,,,,1259.9,1271.13,1245.4,1220.25,1207.82,1254.0,1249.0,1237.0,1224.0,1226.0,1226.0
UNOMINDA,VWAP,,,,,,,,,,,1254.78,1252.33,1247.08,1239.7,1238.51,1237.91
UNOMINDA,CASH VOL,1277954,530438,585509,66.17,53.75,,,,,,56063,95592,179662,253164,270296,284746
UNOMINDA,F&O VOL,17794,8501,,,,,,,,,710,1577,2872,6658,7410,7879
UNOMINDA,F&O OI,17008,16684,,,,,,,,,17091,17164,17277,17559,17633,17647
UNOMINDA,CALL VOL,9168,4654,,,,,,,,,498,952,1433,2513,2799,3017
UNOMINDA,CALL OI,3458,3716,,,,,,,,,3725,3718,3758,3739,3799,3839
UNOMINDA,PUT VOL,5104,1522,,,,,,,,,222,502,1173,3510,3846,4012
UNOMINDA,PUT OI,2741,2314,,,,,,,,,2658,2748,2758,2836,2847,2853
UPL,PRICE,580.0,554.75,,,,564.2,575.57,566.7,573.08,572.99,565.0,565.0,564.0,564.0,563.0,564.0
UPL,VWAP,,,,,,,,,,,567.17,566.61,566.12,565.92,565.68,565.52
UPL,CASH VOL,3779171,1804536,2866310,80.72,52.15,,,,,,243750,445558,595779,656421,742674,812774
UPL,F&O VOL,19270,11537,,,,,,,,,1554,2988,3950,4556,5189,5453
UPL,F&O OI,34763,35962,,,,,,,,,34830,34827,34930,35008,35037,35036
UPL,CALL VOL,10994,6907,,,,,,,,,727,1476,1835,2068,2305,2378
UPL,CALL OI,5507,6306,,,,,,,,,5697,5708,5457,5486,5542,5529
UPL,PUT VOL,4555,2933,,,,,,,,,915,1402,1720,2017,2319,2404
UPL,PUT OI,4607,4738,,,,,,,,,4768,4797,4774,4796,4768,4768
VBL,PRICE,421.95,415.45,,,,422.0,421.57,420.82,413.23,406.67,424.0,427.0,428.0,429.0,430.0,430.0
VBL,VWAP,,,,,,,,,,,424.58,425.8,426.53,426.84,427.9,428.19
VBL,CASH VOL,7581873,3472718,3381785,69.0,46.57,,,,,,305614,670086,925805,1135375,1688995,1931836
VBL,F&O VOL,35212,30203,,,,,,,,,1538,6782,9360,11426,15872,17446
VBL,F&O OI,100056,100429,,,,,,,,,100106,99815,99727,99781,99903,99775
VBL,CALL VOL,18383,16723,,,,,,,,,857,3525,4652,5778,7629,8449
VBL,CALL OI,19815,22363,,,,,,,,,19840,19588,19446,19323,19049,18870
VBL,PUT VOL,8166,7017,,,,,,,,,478,2272,3095,3661,4314,4712
VBL,PUT OI,11720,12092,,,,,,,,,11693,11569,11635,11544,11543,11563
VEDL,PRICE,267.6,257.45,,,,264.5,266.0,262.8,266.12,264.51,261.0,261.0,261.0,262.0,261.0,261.0
VEDL,VWAP,,,,,,,,,,,261.72,261.58,261.63,261.69,261.71,261.61
VEDL,CASH VOL,8484152,3297466,4599611,66.81,45.25,,,,,,907381,1469995,1721301,1938325,2115707,2443057
VEDL,F&O VOL,54581,42568,,,,,,,,,2806,7637,9285,11004,11829,13933
VEDL,F&O OI,123406,121314,,,,,,,,,123726,124335,124366,124306,124441,124531
VEDL,CALL VOL,28277,20622,,,,,,,,,1588,4627,5534,6005,6812,8104
VEDL,CALL OI,24284,23072,,,,,,,,,24606,24883,24916,24889,24912,24858
VEDL,PUT VOL,11965,15129,,,,,,,,,835,1708,1997,2380,2572,2810
VEDL,PUT OI,15882,16255,,,,,,,,,15757,15882,15911,15869,15879,15844
VMM,PRICE,102.65,101.24,,,,101.7,102.25,101.44,102.53,101.98,101.0,101.0,101.0,102.0,102.0,102.0
VMM,VWAP,,,,,,,,,,,101.25,101.41,101.46,101.7,101.76,101.81
VMM,CASH VOL,10785733,4261275,6660368,66.2,46.28,,,,,,283248,644530,756197,1141217,1258515,1362518
VMM,F&O VOL,4107,3558,,,,,,,,,191,886,1191,1562,1807,2003
VMM,F&O OI,24856,24236,,,,,,,,,24871,24989,25105,24979,25025,25028
VMM,CALL VOL,1962,1916,,,,,,,,,100,519,654,862,963,1041
VMM,CALL OI,5667,5282,,,,,,,,,5661,5690,5773,5711,5698,5712
VMM,PUT VOL,703,710,,,,,,,,,7,73,100,201,243,273
VMM,PUT OI,3559,3504,,,,,,,,,3559,3547,3545,3508,3502,3494
VOLTAS,PRICE,1110.9,1135.0,,,,1125.0,1128.1,1116.63,1160.07,1150.2,1129.0,1141.0,1153.0,1155.0,1150.0,1149.0
VOLTAS,VWAP,,,,,,,,,,,1130.23,1135.77,1144.02,1147.85,1148.17,1148.15
VOLTAS,CASH VOL,597381,379667,401109,71.35,47.11,,,,,,31257,79330,214653,324577,383253,416446
VOLTAS,F&O VOL,13389,17781,,,,,,,,,707,7040,17450,29829,33666,36975
VOLTAS,F&O OI,60199,59577,,,,,,,,,60343,60855,60694,61921,62054,61986
VOLTAS,CALL VOL,6841,9957,,,,,,,,,533,4797,12037,19470,21936,22893
VOLTAS,CALL OI,9693,9312,,,,,,,,,9763,10126,11004,11508,10561,10579
VOLTAS,PUT VOL,2844,2777,,,,,,,,,173,1324,3499,6092,7793,8180
VOLTAS,PUT OI,8019,7997,,,,,,,,,8070,8247,9345,9618,8481,8443
WAAREEENER,PRICE,2560.7,2473.0,,,,2546.3,2548.27,2523.4,2608.35,2575.05,2529.0,2528.0,2521.0,2511.0,2510.0,2514.0
WAAREEENER,VWAP,,,,,,,,,,,2536.06,2525.47,2525.66,2522.62,2520.95,2520.22
WAAREEENER,CASH VOL,1224265,453090,534631,58.64,42.89,,,,,,31405,82024,103020,133218,153014,163810
WAAREEENER,F&O VOL,44917,28960,,,,,,,,,1525,5259,7172,9649,11971,13054
WAAREEENER,F&O OI,76715,74240,,,,,,,,,77102,77537,77761,78368,78860,79141
WAAREEENER,CALL VOL,23889,17839,,,,,,,,,1147,3426,4595,6122,7363,7981
WAAREEENER,CALL OI,12819,13862,,,,,,,,,12955,15132,13084,13491,13772,13867
WAAREEENER,PUT VOL,8937,5103,,,,,,,,,377,914,1108,1476,1810,1906
WAAREEENER,PUT OI,5753,5949,,,,,,,,,5852,6429,5907,5913,5892,5910
WIPRO,PRICE,166.83,166.4,,,,165.24,166.25,165.1,167.32,167.18,164.0,163.0,164.0,164.0,163.0,164.0
WIPRO,VWAP,,,,,,,,,,,164.27,164.0,163.97,163.99,163.99,163.99
WIPRO,CASH VOL,23606474,9129514,12961836,58.34,47.25,,,,,,1214615,2145767,2515905,2883563,3018892,3206298
WIPRO,F&O VOL,70886,43419,,,,,,,,,3989,10964,15493,19154,20305,21599
WIPRO,F&O OI,142541,134369,,,,,,,,,143112,144292,144963,145157,145416,145674
WIPRO,CALL VOL,28740,18343,,,,,,,,,2343,5739,8005,9638,9977,10417
WIPRO,CALL OI,13833,11324,,,,,,,,,13101,13760,15128,15088,15098,15105
WIPRO,PUT VOL,18529,11888,,,,,,,,,1010,3015,3725,4807,5040,5254
WIPRO,PUT OI,10709,9894,,,,,,,,,11023,10996,10716,10758,10736,10717
YESBANK,PRICE,22.72,23.13,,,,22.95,23.05,22.83,23.32,23.01,23.0,23.0,23.0,23.0,23.0,23.0
YESBANK,VWAP,,,,,,,,,,,23.04,23.15,23.16,23.15,23.15,23.15
YESBANK,CASH VOL,73563796,69914036,38873223,65.36,35.7,,,,,,6144688,13185923,17293867,20600094,21482454,22723189
YESBANK,F&O VOL,13390,31307,,,,,,,,,737,3286,4451,5233,6022,6374
YESBANK,F&O OI,66208,66275,,,,,,,,,66217,66340,66390,66445,66477,66508
YESBANK,CALL VOL,6701,18535,,,,,,,,,477,1838,2347,2623,3283,3402
YESBANK,CALL OI,14480,14575,,,,,,,,,14516,14418,14389,14429,14389,14379
YESBANK,PUT VOL,2842,6216,,,,,,,,,182,752,1064,1267,1334,1427
YESBANK,PUT OI,8035,8276,,,,,,,,,8005,8114,8128,8081,8083,8098
ZYDUSLIFE,PRICE,1160.0,1135.1,,,,1155.0,1159.17,1157.5,1131.3,1123.17,1162.0,1167.0,1170.0,1167.0,1169.0,1163.0
ZYDUSLIFE,VWAP,,,,,,,,,,,1162.53,1164.11,1167.28,1167.49,1167.65,1167.34
ZYDUSLIFE,CASH VOL,2789186,1086138,980149,47.7,50.86,,,,,,26870,51214,103543,124037,143031,157293
ZYDUSLIFE,F&O VOL,36662,8040,,,,,,,,,800,1947,4099,4673,5136,5842
ZYDUSLIFE,F&O OI,23172,21881,,,,,,,,,23201,23237,23125,23177,23134,23120
ZYDUSLIFE,CALL VOL,22280,3975,,,,,,,,,552,1240,2485,2749,3034,3297
ZYDUSLIFE,CALL OI,4209,3985,,,,,,,,,4179,4507,4408,4406,4380,4021
ZYDUSLIFE,PUT VOL,5974,919,,,,,,,,,180,337,778,864,976,1219
ZYDUSLIFE,PUT OI,2124,1916,,,,,,,,,2203,2088,2153,2148,2144,2312
