Symbol,Metric,PrevDay,PrevDay2,PrevLastHr,DelivPct,DelivPctPrev,Open,dTC,dBC,wTC,wBC,09:10,09:20,09:40
360ONE,PRICE,1073.5,1072.7,,,,1093.7,1079.2,1075.4,1071.3,1067.7,1073.0,1101.0,1118.0
360ONE,VWAP,,,,,,,,,,,1097.0,1099.73,1106.56
360ONE,CASH VOL,338935,573949,108440,49.51,54.16,,,,,,302681,546446,922080
360ONE,F&O VOL,6037,5654,,,,,,,,,8242,18764,38780
360ONE,F&O OI,16512,16565,,,,,,,,,17723,19080,21140
360ONE,CALL VOL,3247,2822,,,,,,,,,7354,14180,27877
360ONE,CALL OI,3730,3659,,,,,,,,,4614,5473,6480
360ONE,PUT VOL,1265,1317,,,,,,,,,1101,2986,6795
360ONE,PUT OI,3268,3261,,,,,,,,,3537,3705,4264
ABB,PRICE,7120.5,7271.0,,,,7141.5,7261.5,7167.5,7218.58,7114.75,7120.0,7146.0,7133.0
ABB,VWAP,,,,,,,,,,,7144.33,7140.36,7139.71
ABB,CASH VOL,196683,161482,38929,42.09,43.08,,,,,,9788,12942,15355
ABB,F&O VOL,45239,18412,,,,,,,,,1060,2840,3939
ABB,F&O OI,33610,31642,,,,,,,,,33673,33702,33742
ABB,CALL VOL,22706,8528,,,,,,,,,808,1656,2173
ABB,CALL OI,7989,6451,,,,,,,,,8017,8048,8104
ABB,PUT VOL,12425,6073,,,,,,,,,279,657,956
ABB,PUT OI,6056,6489,,,,,,,,,6063,6039,6044
ABCAPITAL,PRICE,397.0,403.4,,,,398.85,399.82,397.94,404.71,394.02,397.0,400.0,400.0
ABCAPITAL,VWAP,,,,,,,,,,,399.87,400.15,400.17
ABCAPITAL,CASH VOL,2377189,1591907,765895,63.82,55.23,,,,,,72960,128005,155657
ABCAPITAL,F&O VOL,11342,7950,,,,,,,,,346,1025,1389
ABCAPITAL,F&O OI,21643,21336,,,,,,,,,21614,21640,21612
ABCAPITAL,CALL VOL,4956,3878,,,,,,,,,195,523,686
ABCAPITAL,CALL OI,3511,3343,,,,,,,,,3475,3435,3436
ABCAPITAL,PUT VOL,3864,2251,,,,,,,,,94,265,364
ABCAPITAL,PUT OI,3498,3665,,,,,,,,,3496,3497,3478
ADANIENSOL,PRICE,1381.7,1397.6,,,,1386.0,1393.9,1385.77,1419.57,1386.5,1381.0,1383.0,1375.0
ADANIENSOL,VWAP,,,,,,,,,,,1383.17,1382.76,1379.62
ADANIENSOL,CASH VOL,1791593,1943661,727091,60.48,61.83,,,,,,66399,102987,184632
ADANIENSOL,F&O VOL,22624,12046,,,,,,,,,496,907,1801
ADANIENSOL,F&O OI,54568,53871,,,,,,,,,54623,54671,54811
ADANIENSOL,CALL VOL,5396,4024,,,,,,,,,307,502,929
ADANIENSOL,CALL OI,4888,4406,,,,,,,,,4944,4998,5079
ADANIENSOL,PUT VOL,2120,2592,,,,,,,,,96,134,256
ADANIENSOL,PUT OI,3265,3506,,,,,,,,,3270,3260,3277
ADANIENT,PRICE,2997.0,2975.0,,,,3015.5,3002.85,2998.95,3011.78,2995.35,2997.0,3008.0,3004.0
ADANIENT,VWAP,,,,,,,,,,,3008.17,3008.05,3007.38
ADANIENT,CASH VOL,793747,782730,197941,26.76,38.96,,,,,,56742,105393,141104
ADANIENT,F&O VOL,75701,57234,,,,,,,,,3549,6553,10119
ADANIENT,F&O OI,100067,97500,,,,,,,,,100261,100627,100797
ADANIENT,CALL VOL,38064,29441,,,,,,,,,2417,3792,5462
ADANIENT,CALL OI,21060,20747,,,,,,,,,21179,21384,21362
ADANIENT,PUT VOL,17956,15614,,,,,,,,,809,1887,2733
ADANIENT,PUT OI,11337,11931,,,,,,,,,11415,11578,11538
ADANIGREEN,PRICE,1304.0,1303.6,,,,1316.9,1308.5,1305.5,1320.25,1291.75,1304.0,1311.0,1306.0
ADANIGREEN,VWAP,,,,,,,,,,,1311.7,1312.19,1310.58
ADANIGREEN,CASH VOL,437524,644395,81789,26.07,32.24,,,,,,56165,81730,138057
ADANIGREEN,F&O VOL,26794,21103,,,,,,,,,1127,2218,3400
ADANIGREEN,F&O OI,57990,57013,,,,,,,,,58184,58326,58424
ADANIGREEN,CALL VOL,9666,12429,,,,,,,,,978,1640,2385
ADANIGREEN,CALL OI,8378,8161,,,,,,,,,8707,8807,8722
ADANIGREEN,PUT VOL,4321,4452,,,,,,,,,106,368,623
ADANIGREEN,PUT OI,4342,4349,,,,,,,,,4087,4107,4383
ADANIPORTS,PRICE,1795.0,1787.1,,,,1799.0,1799.4,1796.47,1804.5,1765.5,1795.0,1802.0,1799.0
ADANIPORTS,VWAP,,,,,,,,,,,1802.8,1804.14,1802.5
ADANIPORTS,CASH VOL,871935,2317822,206529,40.63,57.11,,,,,,98127,159674,234794
ADANIPORTS,F&O VOL,64317,73322,,,,,,,,,2683,5811,8602
ADANIPORTS,F&O OI,72733,72142,,,,,,,,,72738,72848,72763
ADANIPORTS,CALL VOL,35894,39242,,,,,,,,,1603,3549,4872
ADANIPORTS,CALL OI,15320,15631,,,,,,,,,15375,15390,15323
ADANIPORTS,PUT VOL,18271,21674,,,,,,,,,793,1669,2558
ADANIPORTS,PUT OI,10526,10652,,,,,,,,,10438,10486,10396
ADANIPOWER,PRICE,206.96,206.55,,,,207.99,208.28,207.4,206.55,206.44,206.0,207.0,205.0
ADANIPOWER,VWAP,,,,,,,,,,,207.8,207.53,206.78
ADANIPOWER,CASH VOL,11848251,11494497,4531199,44.78,35.15,,,,,,791343,1504417,3402902
ADANIPOWER,F&O VOL,45198,35571,,,,,,,,,555,2008,5556
ADANIPOWER,F&O OI,84053,86471,,,,,,,,,84098,84368,84686
ADANIPOWER,CALL VOL,22351,20677,,,,,,,,,342,1174,2954
ADANIPOWER,CALL OI,12812,14550,,,,,,,,,13339,12990,13067
ADANIPOWER,PUT VOL,11599,7625,,,,,,,,,77,302,1022
ADANIPOWER,PUT OI,8344,9229,,,,,,,,,7715,8402,8413
ALKEM,PRICE,5331.5,5364.0,,,,5344.0,5364.0,5342.33,5397.25,5258.75,5331.0,5344.0,5330.0
ALKEM,VWAP,,,,,,,,,,,5339.83,5345.84,5338.91
ALKEM,CASH VOL,94905,94968,16868,73.15,58.56,,,,,,1046,1801,3123
ALKEM,F&O VOL,7113,7360,,,,,,,,,800,1093,2152
ALKEM,F&O OI,19560,19590,,,,,,,,,19719,19832,20199
ALKEM,CALL VOL,3488,3176,,,,,,,,,718,940,1590
ALKEM,CALL OI,2219,2032,,,,,,,,,2390,2535,2795
ALKEM,PUT VOL,2127,2033,,,,,,,,,84,140,364
ALKEM,PUT OI,1870,2055,,,,,,,,,1855,1851,1856
AMBER,PRICE,7000.0,7098.0,,,,7020.0,7078.25,7026.08,7102.83,7058.5,7000.0,7073.0,7076.0
AMBER,VWAP,,,,,,,,,,,7052.0,7057.0,7060.77
AMBER,CASH VOL,95036,120913,29525,35.35,33.83,,,,,,4090,7915,9920
AMBER,F&O VOL,16229,12810,,,,,,,,,271,1333,2558
AMBER,F&O OI,28813,28181,,,,,,,,,28860,28912,28942
AMBER,CALL VOL,6935,5890,,,,,,,,,191,616,1119
AMBER,CALL OI,5777,5321,,,,,,,,,5161,5829,5818
AMBER,PUT VOL,4042,3645,,,,,,,,,100,320,519
AMBER,PUT OI,4277,4232,,,,,,,,,4057,4287,4286
AMBUJACEM,PRICE,386.9,390.75,,,,387.3,389.57,387.79,388.12,387.77,386.0,389.0,390.0
AMBUJACEM,VWAP,,,,,,,,,,,389.1,389.51,389.79
AMBUJACEM,CASH VOL,1155681,1048624,336185,54.8,46.15,,,,,,40362,70445,120173
AMBUJACEM,F&O VOL,19820,17531,,,,,,,,,300,884,2141
AMBUJACEM,F&O OI,107805,106529,,,,,,,,,107826,107823,107917
AMBUJACEM,CALL VOL,8481,6845,,,,,,,,,179,506,1002
AMBUJACEM,CALL OI,9099,9003,,,,,,,,,9072,9054,9029
AMBUJACEM,PUT VOL,2534,3216,,,,,,,,,54,130,304
AMBUJACEM,PUT OI,4988,5024,,,,,,,,,4983,4979,4947
ANGELONE,PRICE,295.1,296.15,,,,295.25,295.92,295.38,299.52,299.24,295.0,296.0,297.0
ANGELONE,VWAP,,,,,,,,,,,296.85,296.77,297.06
ANGELONE,CASH VOL,2221167,2858120,518773,38.09,39.82,,,,,,98083,138334,220839
ANGELONE,F&O VOL,13255,14596,,,,,,,,,285,521,1455
ANGELONE,F&O OI,28316,28711,,,,,,,,,28341,28382,28411
ANGELONE,CALL VOL,7820,7663,,,,,,,,,215,353,881
ANGELONE,CALL OI,8428,8475,,,,,,,,,8031,8053,8446
ANGELONE,PUT VOL,2063,3424,,,,,,,,,55,102,263
ANGELONE,PUT OI,3376,3649,,,,,,,,,3648,3658,3427
APLAPOLLO,PRICE,2195.0,2181.1,,,,2199.0,2189.87,2179.6,2231.97,2155.7,2195.0,2195.0,2198.0
APLAPOLLO,VWAP,,,,,,,,,,,2196.8,2196.34,2196.72
APLAPOLLO,CASH VOL,598956,594021,195856,63.57,50.08,,,,,,22562,28499,44723
APLAPOLLO,F&O VOL,32852,18769,,,,,,,,,408,991,1536
APLAPOLLO,F&O OI,54430,53611,,,,,,,,,54440,54370,54378
APLAPOLLO,CALL VOL,7675,9936,,,,,,,,,293,497,742
APLAPOLLO,CALL OI,6442,6466,,,,,,,,,6437,6424,6415
APLAPOLLO,PUT VOL,4016,4208,,,,,,,,,76,332,540
APLAPOLLO,PUT OI,3595,3581,,,,,,,,,3594,3540,3546
APOLLOHOSP,PRICE,8835.5,8912.0,,,,8875.0,8911.25,8860.75,8900.17,8811.5,8835.0,8907.0,8919.0
APOLLOHOSP,VWAP,,,,,,,,,,,8897.33,8911.86,8912.16
APOLLOHOSP,CASH VOL,350507,209388,96731,69.5,57.51,,,,,,11096,22766,29652
APOLLOHOSP,F&O VOL,30045,41833,,,,,,,,,1247,3678,5565
APOLLOHOSP,F&O OI,39157,39575,,,,,,,,,39130,39434,39769
APOLLOHOSP,CALL VOL,15922,22087,,,,,,,,,807,2221,3290
APOLLOHOSP,CALL OI,7921,7439,,,,,,,,,7888,7925,8122
APOLLOHOSP,PUT VOL,10042,11879,,,,,,,,,399,1095,1687
APOLLOHOSP,PUT OI,4341,5211,,,,,,,,,4334,4537,4659
ASHOKLEY,PRICE,160.75,161.75,,,,160.99,162.0,161.17,162.02,160.06,160.0,162.0,162.0
ASHOKLEY,VWAP,,,,,,,,,,,162.37,162.53,162.54
ASHOKLEY,CASH VOL,8959874,7883370,3318854,49.2,50.62,,,,,,391878,621254,756952
ASHOKLEY,F&O VOL,33028,17082,,,,,,,,,1534,3654,4813
ASHOKLEY,F&O OI,62844,62610,,,,,,,,,62714,62542,62458
ASHOKLEY,CALL VOL,16227,7818,,,,,,,,,905,1916,2430
ASHOKLEY,CALL OI,9952,9925,,,,,,,,,9827,9773,9731
ASHOKLEY,PUT VOL,6713,4015,,,,,,,,,325,869,1104
ASHOKLEY,PUT OI,8924,9134,,,,,,,,,8907,8917,8911
ASIANPAINT,PRICE,2448.5,2440.3,,,,2469.0,2455.35,2450.78,2446.1,2435.7,2448.0,2469.0,2464.0
ASIANPAINT,VWAP,,,,,,,,,,,2460.93,2464.81,2464.63
ASIANPAINT,CASH VOL,414715,268147,143987,49.52,57.83,,,,,,28253,41933,52134
ASIANPAINT,F&O VOL,38934,22548,,,,,,,,,3541,6549,8642
ASIANPAINT,F&O OI,62395,62291,,,,,,,,,62682,63049,63206
ASIANPAINT,CALL VOL,19056,10473,,,,,,,,,2849,4643,5679
ASIANPAINT,CALL OI,7055,6521,,,,,,,,,7252,7424,7459
ASIANPAINT,PUT VOL,8345,5041,,,,,,,,,635,1209,1594
ASIANPAINT,PUT OI,7363,7379,,,,,,,,,7420,7568,7566
ASTRAL,PRICE,1381.6,1400.9,,,,1388.9,1394.75,1385.98,1420.3,1405.5,1381.0,1387.0,1388.0
ASTRAL,VWAP,,,,,,,,,,,1389.63,1387.82,1387.45
ASTRAL,CASH VOL,419577,184200,99586,59.48,54.17,,,,,,5403,10438,18270
ASTRAL,F&O VOL,9246,7256,,,,,,,,,202,585,1372
ASTRAL,F&O OI,31552,31539,,,,,,,,,31537,31468,31468
ASTRAL,CALL VOL,2886,2628,,,,,,,,,99,274,599
ASTRAL,CALL OI,3327,3413,,,,,,,,,3338,3309,3310
ASTRAL,PUT VOL,2441,1585,,,,,,,,,62,112,434
ASTRAL,PUT OI,2874,2831,,,,,,,,,2850,2842,2839
AUBANK,PRICE,1036.4,1038.0,,,,1034.0,1036.12,1035.55,1052.53,1040.4,1036.0,1040.0,1041.0
AUBANK,VWAP,,,,,,,,,,,1034.7,1037.4,1039.11
AUBANK,CASH VOL,506494,704386,153217,51.31,59.01,,,,,,15207,46693,71592
AUBANK,F&O VOL,13650,10240,,,,,,,,,273,1501,2516
AUBANK,F&O OI,40885,41084,,,,,,,,,40881,40885,40767
AUBANK,CALL VOL,6099,5291,,,,,,,,,203,868,1380
AUBANK,CALL OI,7640,7804,,,,,,,,,7626,7597,7526
AUBANK,PUT VOL,3556,2923,,,,,,,,,83,451,688
AUBANK,PUT OI,6420,6412,,,,,,,,,6421,6417,6444
AUROPHARMA,PRICE,1700.0,1713.4,,,,1700.0,1704.15,1701.38,1715.5,1678.5,1700.0,1699.0,1701.0
AUROPHARMA,VWAP,,,,,,,,,,,1696.53,1698.4,1699.07
AUROPHARMA,CASH VOL,869831,902487,189893,59.93,49.73,,,,,,17506,37192,96384
AUROPHARMA,F&O VOL,22285,35595,,,,,,,,,316,1196,2267
AUROPHARMA,F&O OI,39273,38927,,,,,,,,,39313,39349,39374
AUROPHARMA,CALL VOL,8129,14604,,,,,,,,,216,724,1280
AUROPHARMA,CALL OI,9948,10014,,,,,,,,,9965,9959,9969
AUROPHARMA,PUT VOL,5035,8043,,,,,,,,,86,340,632
AUROPHARMA,PUT OI,3623,4084,,,,,,,,,3642,3678,3663
AXISBANK,PRICE,1242.7,1250.0,,,,1242.2,1247.85,1244.42,1250.92,1238.75,1242.0,1244.0,1242.0
AXISBANK,VWAP,,,,,,,,,,,1245.7,1245.53,1244.42
AXISBANK,CASH VOL,2689110,3680283,862939,52.52,68.06,,,,,,117779,186565,266457
AXISBANK,F&O VOL,69569,52406,,,,,,,,,1866,4703,7324
AXISBANK,F&O OI,201213,199137,,,,,,,,,201355,201619,201640
AXISBANK,CALL VOL,33798,28028,,,,,,,,,917,2573,3960
AXISBANK,CALL OI,25142,25261,,,,,,,,,25130,25363,25343
AXISBANK,PUT VOL,20125,17951,,,,,,,,,790,1798,2552
AXISBANK,PUT OI,16626,16734,,,,,,,,,16682,16646,16607
BAJAJ-AUTO,PRICE,11363.0,11460.0,,,,11363.0,11398.0,11374.67,11551.0,11459.67,11363.0,11337.0,11325.0
BAJAJ-AUTO,VWAP,,,,,,,,,,,11374.67,11359.76,11340.18
BAJAJ-AUTO,CASH VOL,154756,93033,29847,48.35,54.29,,,,,,3011,5012,24300
BAJAJ-AUTO,F&O VOL,61915,32819,,,,,,,,,1122,3238,6886
BAJAJ-AUTO,F&O OI,65272,64742,,,,,,,,,65396,65627,65846
BAJAJ-AUTO,CALL VOL,19686,10687,,,,,,,,,485,1262,2363
BAJAJ-AUTO,CALL OI,6850,5645,,,,,,,,,7690,6988,7249
BAJAJ-AUTO,PUT VOL,23981,10010,,,,,,,,,317,1063,2221
BAJAJ-AUTO,PUT OI,12314,12030,,,,,,,,,12171,12378,12249
BAJAJFINSV,PRICE,1823.4,1849.8,,,,1825.0,1843.2,1830.0,1881.35,1862.12,1823.0,1854.0,1853.0
BAJAJFINSV,VWAP,,,,,,,,,,,1856.33,1856.49,1855.84
BAJAJFINSV,CASH VOL,405051,269959,108094,49.3,51.31,,,,,,68922,90979,116174
BAJAJFINSV,F&O VOL,22021,14572,,,,,,,,,5235,10511,14656
BAJAJFINSV,F&O OI,63214,62703,,,,,,,,,63419,63936,64087
BAJAJFINSV,CALL VOL,8836,6811,,,,,,,,,3171,6426,8425
BAJAJFINSV,CALL OI,6720,6684,,,,,,,,,6799,7213,7249
BAJAJFINSV,PUT VOL,7219,3047,,,,,,,,,1696,3233,4576
BAJAJFINSV,PUT OI,8922,8835,,,,,,,,,8917,9027,9106
BAJAJHLDNG,PRICE,11185.0,11409.0,,,,11267.0,11246.0,11205.33,11229.17,11123.5,11185.0,11206.0,11278.0
BAJAJHLDNG,VWAP,,,,,,,,,,,11231.0,11223.53,11260.09
BAJAJHLDNG,CASH VOL,71522,54157,24756,61.85,61.88,,,,,,268,675,3001
BAJAJHLDNG,F&O VOL,3458,3517,,,,,,,,,160,287,570
BAJAJHLDNG,F&O OI,5421,5295,,,,,,,,,5436,5411,5378
BAJAJHLDNG,CALL VOL,535,1405,,,,,,,,,15,26,83
BAJAJHLDNG,CALL OI,758,740,,,,,,,,,759,763,768
BAJAJHLDNG,PUT VOL,433,172,,,,,,,,,0,2,28
BAJAJHLDNG,PUT OI,500,452,,,,,,,,,503,503,496
BAJFINANCE,PRICE,1008.8,1021.3,,,,1034.7,1017.1,1011.57,1034.5,1022.9,1008.0,1029.0,1030.0
BAJFINANCE,VWAP,,,,,,,,,,,1029.07,1030.08,1030.16
BAJFINANCE,CASH VOL,4581750,4170558,1307033,63.41,69.68,,,,,,879417,1257965,1895393
BAJFINANCE,F&O VOL,54942,46939,,,,,,,,,17103,32717,50309
BAJFINANCE,F&O OI,151244,149081,,,,,,,,,152243,153533,155034
BAJFINANCE,CALL VOL,25398,19466,,,,,,,,,10171,19445,28837
BAJFINANCE,CALL OI,16300,15185,,,,,,,,,16464,16901,17574
BAJFINANCE,PUT VOL,13626,10792,,,,,,,,,3977,8150,12715
BAJFINANCE,PUT OI,12957,13294,,,,,,,,,13572,14272,14453
BANDHANBNK,PRICE,184.7,179.0,,,,185.95,183.97,182.5,174.74,174.22,184.0,189.0,189.0
BANDHANBNK,VWAP,,,,,,,,,,,188.23,189.29,189.78
BANDHANBNK,CASH VOL,22278301,15271152,5290426,55.26,46.73,,,,,,4681225,11756100,16544388
BANDHANBNK,F&O VOL,4912,3079,,,,,,,,,7107,26604,49079
BANDHANBNK,F&O OI,44302,46345,,,,,,,,,45217,48656,51775
BANDHANBNK,CALL VOL,1527,791,,,,,,,,,3513,14255,25372
BANDHANBNK,CALL OI,7000,7391,,,,,,,,,6719,8090,8815
BANDHANBNK,PUT VOL,651,456,,,,,,,,,932,4561,8579
BANDHANBNK,PUT OI,4112,4166,,,,,,,,,4155,4755,5054
BANKBARODA,PRICE,234.35,233.64,,,,233.2,234.17,233.81,235.21,235.03,234.0,235.0,236.0
BANKBARODA,VWAP,,,,,,,,,,,234.61,234.94,235.65
BANKBARODA,CASH VOL,3787052,4397710,1057901,54.78,58.28,,,,,,227324,435311,813868
BANKBARODA,F&O VOL,21226,23070,,,,,,,,,1179,2990,7403
BANKBARODA,F&O OI,86598,86229,,,,,,,,,86502,86458,85601
BANKBARODA,CALL VOL,9954,10456,,,,,,,,,714,1776,4071
BANKBARODA,CALL OI,14645,14930,,,,,,,,,14519,14498,13892
BANKBARODA,PUT VOL,5033,5761,,,,,,,,,237,599,1702
BANKBARODA,PUT OI,11195,11652,,,,,,,,,11206,11238,11229
BANKINDIA,PRICE,137.01,138.63,,,,137.74,137.96,137.33,139.66,138.98,137.0,138.0,138.0
BANKINDIA,VWAP,,,,,,,,,,,138.25,138.45,138.62
BANKINDIA,CASH VOL,3112072,2616892,700556,50.99,56.99,,,,,,304797,589658,984929
BANKINDIA,F&O VOL,7450,5219,,,,,,,,,251,769,1494
BANKINDIA,F&O OI,28902,29105,,,,,,,,,28886,28783,28802
BANKINDIA,CALL VOL,2566,2413,,,,,,,,,118,309,629
BANKINDIA,CALL OI,5728,6063,,,,,,,,,5429,5387,5606
BANKINDIA,PUT VOL,1287,1168,,,,,,,,,63,173,292
BANKINDIA,PUT OI,4948,5252,,,,,,,,,5096,5076,4934
BDL,PRICE,1168.0,1175.0,,,,1167.5,1178.3,1171.43,1179.67,1145.8,1168.0,1172.0,1175.0
BDL,VWAP,,,,,,,,,,,1171.9,1171.95,1172.83
BDL,CASH VOL,523381,841005,125343,29.97,37.81,,,,,,28562,42808,79891
BDL,F&O VOL,35103,23652,,,,,,,,,320,1034,3031
BDL,F&O OI,62322,65123,,,,,,,,,62318,62338,62082
BDL,CALL VOL,12945,9490,,,,,,,,,154,502,957
BDL,CALL OI,11243,11935,,,,,,,,,11234,11248,11169
BDL,PUT VOL,6340,3565,,,,,,,,,59,184,575
BDL,PUT OI,8493,8493,,,,,,,,,8499,8533,8462
BEL,PRICE,397.9,398.5,,,,397.9,398.23,398.01,393.75,393.45,397.0,397.0,397.0
BEL,VWAP,,,,,,,,,,,397.85,397.47,397.25
BEL,CASH VOL,8488775,9754868,2051921,60.98,59.64,,,,,,202851,379537,553084
BEL,F&O VOL,62581,57999,,,,,,,,,1406,3411,5578
BEL,F&O OI,143583,143904,,,,,,,,,143551,143790,144055
BEL,CALL VOL,34357,28358,,,,,,,,,850,1809,2770
BEL,CALL OI,27706,27597,,,,,,,,,27619,27745,27812
BEL,PUT VOL,13149,13324,,,,,,,,,333,691,1043
BEL,PUT OI,17556,18142,,,,,,,,,17616,17692,17665
BHARATFORG,PRICE,2009.0,1968.9,,,,2010.0,2001.83,1987.5,1948.95,1922.65,2009.0,2001.0,1995.0
BHARATFORG,VWAP,,,,,,,,,,,2006.3,2003.45,2000.69
BHARATFORG,CASH VOL,982220,685946,145758,53.42,56.76,,,,,,30480,48021,72252
BHARATFORG,F&O VOL,25830,18360,,,,,,,,,1101,1964,3547
BHARATFORG,F&O OI,34335,34237,,,,,,,,,34508,34607,34610
BHARATFORG,CALL VOL,13217,9248,,,,,,,,,738,1306,1890
BHARATFORG,CALL OI,6042,6086,,,,,,,,,6167,6217,6251
BHARATFORG,PUT VOL,6868,4607,,,,,,,,,252,520,1043
BHARATFORG,PUT OI,4754,4293,,,,,,,,,4796,4861,4781
BHARTIARTL,PRICE,1817.2,1830.2,,,,1818.1,1824.65,1819.68,1880.85,1855.95,1817.0,1821.0,1823.0
BHARTIARTL,VWAP,,,,,,,,,,,1823.33,1822.12,1821.74
BHARTIARTL,CASH VOL,4134236,9716580,1184456,60.27,64.52,,,,,,290618,352268,479897
BHARTIARTL,F&O VOL,162567,193582,,,,,,,,,4535,9967,16985
BHARTIARTL,F&O OI,227365,222579,,,,,,,,,227282,227884,227467
BHARTIARTL,CALL VOL,83705,101914,,,,,,,,,3086,7594,11060
BHARTIARTL,CALL OI,38184,36498,,,,,,,,,38055,38797,38203
BHARTIARTL,PUT VOL,39491,57985,,,,,,,,,1182,2226,3439
BHARTIARTL,PUT OI,21285,22399,,,,,,,,,21330,21345,21196
BHEL,PRICE,425.8,433.4,,,,427.25,432.17,427.92,434.25,422.95,425.0,427.0,426.0
BHEL,VWAP,,,,,,,,,,,426.33,426.49,426.5
BHEL,CASH VOL,4718245,5111793,1351027,35.43,48.63,,,,,,216464,341184,487709
BHEL,F&O VOL,49047,29649,,,,,,,,,1217,2671,4316
BHEL,F&O OI,54604,55262,,,,,,,,,54687,54885,54953
BHEL,CALL VOL,18224,11020,,,,,,,,,589,1226,1960
BHEL,CALL OI,9404,9001,,,,,,,,,9432,9497,9598
BHEL,PUT VOL,14179,10085,,,,,,,,,332,766,1189
BHEL,PUT OI,6576,7761,,,,,,,,,6583,6652,6591
BIOCON,PRICE,390.0,395.0,,,,389.0,392.62,390.88,384.56,383.68,390.0,390.0,391.0
BIOCON,VWAP,,,,,,,,,,,389.85,389.91,390.51
BIOCON,CASH VOL,2816261,3037626,533521,54.93,38.88,,,,,,61747,98219,288820
BIOCON,F&O VOL,15017,29506,,,,,,,,,235,567,1655
BIOCON,F&O OI,43647,44490,,,,,,,,,43690,43762,43741
BIOCON,CALL VOL,7631,15087,,,,,,,,,113,283,815
BIOCON,CALL OI,8679,9057,,,,,,,,,6890,6926,8700
BIOCON,PUT VOL,3717,7713,,,,,,,,,46,109,417
BIOCON,PUT OI,6396,6774,,,,,,,,,5946,5947,6355
BLUESTARCO,PRICE,1525.0,1565.0,,,,1533.0,1545.85,1531.95,1528.45,1521.75,1525.0,1536.0,1539.0
BLUESTARCO,VWAP,,,,,,,,,,,1532.17,1533.18,1535.83
BLUESTARCO,CASH VOL,739436,624210,157435,43.17,44.52,,,,,,10163,19232,30490
BLUESTARCO,F&O VOL,28669,21079,,,,,,,,,179,478,1160
BLUESTARCO,F&O OI,37800,36419,,,,,,,,,37805,37805,37759
BLUESTARCO,CALL VOL,13544,11591,,,,,,,,,77,225,586
BLUESTARCO,CALL OI,5002,4943,,,,,,,,,5005,4989,4973
BLUESTARCO,PUT VOL,7866,5095,,,,,,,,,72,216,364
BLUESTARCO,PUT OI,3426,3833,,,,,,,,,3419,3402,3387
BOSCHLTD,PRICE,48290.0,47565.0,,,,48290.0,48163.33,47910.0,47905.0,47301.67,48290.0,48130.0,48115.0
BOSCHLTD,VWAP,,,,,,,,,,,48126.67,48161.99,48152.89
BOSCHLTD,CASH VOL,17807,15873,5879,56.59,35.09,,,,,,783,1226,1944
BOSCHLTD,F&O VOL,16959,27632,,,,,,,,,533,1479,3202
BOSCHLTD,F&O OI,21820,22919,,,,,,,,,21873,21914,21970
BOSCHLTD,CALL VOL,6211,10913,,,,,,,,,173,448,982
BOSCHLTD,CALL OI,3782,4212,,,,,,,,,3804,3798,3840
BOSCHLTD,PUT VOL,4908,5672,,,,,,,,,174,455,1008
BOSCHLTD,PUT OI,3225,3286,,,,,,,,,3262,3237,3275
BPCL,PRICE,313.6,312.75,,,,314.65,313.46,313.17,311.03,305.1,313.0,313.0,314.0
BPCL,VWAP,,,,,,,,,,,313.65,313.46,314.17
BPCL,CASH VOL,10959640,3153498,2786598,57.07,60.07,,,,,,148114,226182,418864
BPCL,F&O VOL,40568,8673,,,,,,,,,939,1676,4005
BPCL,F&O OI,31462,28880,,,,,,,,,31376,31423,31327
BPCL,CALL VOL,18748,4422,,,,,,,,,698,1184,2252
BPCL,CALL OI,6134,5041,,,,,,,,,6033,6001,5782
BPCL,PUT VOL,13677,2620,,,,,,,,,73,338,1003
BPCL,PUT OI,4849,4397,,,,,,,,,4849,4882,5015
BRITANNIA,PRICE,4918.0,5023.0,,,,4927.5,4972.5,4936.17,4994.17,4986.5,4918.0,4936.0,4931.0
BRITANNIA,VWAP,,,,,,,,,,,4921.83,4926.99,4928.26
BRITANNIA,CASH VOL,177451,166876,35616,56.29,62.28,,,,,,4640,6754,9291
BRITANNIA,F&O VOL,32057,17018,,,,,,,,,953,2251,3255
BRITANNIA,F&O OI,42816,38308,,,,,,,,,42913,42805,42826
BRITANNIA,CALL VOL,13339,7782,,,,,,,,,726,1346,1702
BRITANNIA,CALL OI,5798,3644,,,,,,,,,5878,5724,5747
BRITANNIA,PUT VOL,10718,4717,,,,,,,,,220,675,980
BRITANNIA,PUT OI,5182,5004,,,,,,,,,5196,5222,5209
BSE,PRICE,3235.0,3161.0,,,,3249.0,3227.47,3212.4,3322.95,3285.25,3235.0,3245.0,3252.0
BSE,VWAP,,,,,,,,,,,3247.2,3245.79,3248.96
BSE,CASH VOL,3165566,6738927,477815,36.07,39.7,,,,,,168255,274570,405654
BSE,F&O VOL,283590,475511,,,,,,,,,11165,24522,35666
BSE,F&O OI,189567,199304,,,,,,,,,190315,190254,190243
BSE,CALL VOL,145052,237379,,,,,,,,,7231,13891,18915
BSE,CALL OI,56676,64278,,,,,,,,,52776,56749,56135
BSE,PUT VOL,92618,168755,,,,,,,,,4331,8042,12050
BSE,PUT OI,34021,34982,,,,,,,,,34368,34509,35011
CAMS,PRICE,704.0,703.85,,,,706.9,709.25,705.75,713.6,709.9,704.0,711.0,708.0
CAMS,VWAP,,,,,,,,,,,707.95,708.73,709.1
CAMS,CASH VOL,949770,620900,199650,53.53,50.22,,,,,,15792,33829,53481
CAMS,F&O VOL,8320,8373,,,,,,,,,233,455,793
CAMS,F&O OI,25926,25424,,,,,,,,,25921,25866,25851
CAMS,CALL VOL,3837,3831,,,,,,,,,100,200,303
CAMS,CALL OI,4091,4045,,,,,,,,,4093,4076,4090
CAMS,PUT VOL,1736,1461,,,,,,,,,84,167,266
CAMS,PUT OI,3802,3813,,,,,,,,,3790,3749,3715
CANBK,PRICE,122.9,123.7,,,,123.2,123.75,123.18,123.68,123.47,122.0,123.0,124.0
CANBK,VWAP,,,,,,,,,,,123.98,124.12,124.35
CANBK,CASH VOL,7064389,5171600,2285951,43.97,39.81,,,,,,776820,1504207,2936558
CANBK,F&O VOL,17232,12129,,,,,,,,,1981,3744,6119
CANBK,F&O OI,82320,81993,,,,,,,,,81858,81405,80910
CANBK,CALL VOL,6734,4948,,,,,,,,,1021,2034,2992
CANBK,CALL OI,10830,11546,,,,,,,,,10454,10088,9766
CANBK,PUT VOL,2425,2318,,,,,,,,,448,750,1398
CANBK,PUT OI,7980,8140,,,,,,,,,7926,7880,7865
CDSL,PRICE,1348.0,1361.0,,,,1348.0,1358.25,1351.42,1372.33,1337.0,1348.0,1357.0,1354.0
CDSL,VWAP,,,,,,,,,,,1353.43,1354.23,1354.54
CDSL,CASH VOL,721143,838882,149881,30.58,33.53,,,,,,34161,56985,79871
CDSL,F&O VOL,39089,42363,,,,,,,,,1122,2690,3891
CDSL,F&O OI,63462,62970,,,,,,,,,63503,63580,63627
CDSL,CALL VOL,18970,17241,,,,,,,,,747,1598,2204
CDSL,CALL OI,13752,13462,,,,,,,,,13761,13816,13845
CDSL,PUT VOL,7339,11213,,,,,,,,,353,743,1044
CDSL,PUT OI,9178,9384,,,,,,,,,9213,9216,9261
CGPOWER,PRICE,896.1,910.0,,,,904.45,911.1,901.1,886.51,875.52,896.0,900.0,898.0
CGPOWER,VWAP,,,,,,,,,,,901.33,901.07,900.39
CGPOWER,CASH VOL,2299693,2999705,437830,41.13,36.54,,,,,,61451,95457,140603
CGPOWER,F&O VOL,33858,49979,,,,,,,,,1015,1900,3181
CGPOWER,F&O OI,36706,37476,,,,,,,,,36786,36844,36848
CGPOWER,CALL VOL,20190,33999,,,,,,,,,793,1321,2194
CGPOWER,CALL OI,8966,9591,,,,,,,,,9021,9040,9059
CGPOWER,PUT VOL,8891,12563,,,,,,,,,189,471,747
CGPOWER,PUT OI,5267,6135,,,,,,,,,5282,5306,5286
CHOLAFIN,PRICE,1759.1,1764.0,,,,1760.0,1768.1,1762.1,1799.63,1798.9,1759.0,1774.0,1779.0
CHOLAFIN,VWAP,,,,,,,,,,,1773.77,1774.22,1777.17
CHOLAFIN,CASH VOL,906681,922958,353570,65.73,67.25,,,,,,44110,71629,189140
CHOLAFIN,F&O VOL,7946,11437,,,,,,,,,869,2052,4878
CHOLAFIN,F&O OI,34539,34561,,,,,,,,,34500,34456,34747
CHOLAFIN,CALL VOL,3818,5074,,,,,,,,,606,1281,2534
CHOLAFIN,CALL OI,4135,4015,,,,,,,,,4055,4090,4092
CHOLAFIN,PUT VOL,1693,2882,,,,,,,,,232,561,1423
CHOLAFIN,PUT OI,3470,3510,,,,,,,,,3463,3438,3423
CIPLA,PRICE,1384.1,1386.1,,,,1382.4,1381.6,1376.6,1386.13,1369.4,1384.0,1386.0,1384.0
CIPLA,VWAP,,,,,,,,,,,1382.77,1384.04,1384.42
CIPLA,CASH VOL,767139,895131,132103,46.91,47.2,,,,,,10053,18035,28600
CIPLA,F&O VOL,30049,28137,,,,,,,,,803,1797,2583
CIPLA,F&O OI,48106,47580,,,,,,,,,48078,48123,48166
CIPLA,CALL VOL,12457,14304,,,,,,,,,467,867,1255
CIPLA,CALL OI,5719,5807,,,,,,,,,5714,5160,5769
CIPLA,PUT VOL,7456,7343,,,,,,,,,325,683,952
CIPLA,PUT OI,4305,4311,,,,,,,,,4257,4384,4242
COALINDIA,PRICE,428.0,414.7,,,,428.25,426.73,424.2,421.98,413.92,428.0,427.0,424.0
COALINDIA,VWAP,,,,,,,,,,,428.05,427.99,426.58
COALINDIA,CASH VOL,16676174,3442984,3003332,48.32,58.86,,,,,,366888,518716,1566629
COALINDIA,F&O VOL,212130,42711,,,,,,,,,3964,7387,20946
COALINDIA,F&O OI,131776,127003,,,,,,,,,132078,132376,132362
COALINDIA,CALL VOL,118991,22556,,,,,,,,,2395,3957,10637
COALINDIA,CALL OI,26011,26880,,,,,,,,,24178,24307,26591
COALINDIA,PUT VOL,62425,12291,,,,,,,,,1652,2505,7578
COALINDIA,PUT OI,16837,12882,,,,,,,,,14010,14010,16260
COCHINSHIP,PRICE,1388.9,1385.0,,,,1388.0,1393.75,1390.52,1400.45,1398.82,1388.0,1382.0,1382.0
COCHINSHIP,VWAP,,,,,,,,,,,1384.77,1383.08,1381.33
COCHINSHIP,CASH VOL,830403,784923,144504,34.24,46.21,,,,,,23981,38210,70475
COCHINSHIP,F&O VOL,36055,22062,,,,,,,,,501,1043,2608
COCHINSHIP,F&O OI,43783,41987,,,,,,,,,43780,43815,43726
COCHINSHIP,CALL VOL,20256,7958,,,,,,,,,403,729,1281
COCHINSHIP,CALL OI,7854,6612,,,,,,,,,7833,7820,7810
COCHINSHIP,PUT VOL,6776,3752,,,,,,,,,90,165,401
COCHINSHIP,PUT OI,4909,4571,,,,,,,,,4921,4926,4912
COFORGE,PRICE,1803.0,1814.0,,,,1812.0,1802.4,1801.2,1829.1,1805.3,1803.0,1807.0,1805.0
COFORGE,VWAP,,,,,,,,,,,1807.9,1805.9,1806.11
COFORGE,CASH VOL,1220431,1932416,246330,52.26,52.08,,,,,,108653,185606,259990
COFORGE,F&O VOL,36513,43512,,,,,,,,,2734,5741,8280
COFORGE,F&O OI,74580,76366,,,,,,,,,74845,74939,75068
COFORGE,CALL VOL,15701,18443,,,,,,,,,1659,3112,4235
COFORGE,CALL OI,11911,12393,,,,,,,,,12044,12100,12166
COFORGE,PUT VOL,11384,13422,,,,,,,,,1105,2071,2729
COFORGE,PUT OI,10923,10833,,,,,,,,,10975,10974,10973
COLPAL,PRICE,1869.0,1892.0,,,,1869.0,1877.65,1871.88,1895.18,1849.95,1869.0,1876.0,1867.0
COLPAL,VWAP,,,,,,,,,,,1870.67,1873.81,1870.43
COLPAL,CASH VOL,200338,720315,62357,51.31,72.43,,,,,,3646,7187,13473
COLPAL,F&O VOL,11707,15605,,,,,,,,,267,640,1567
COLPAL,F&O OI,42019,42602,,,,,,,,,42008,42027,42002
COLPAL,CALL VOL,3965,6900,,,,,,,,,182,424,818
COLPAL,CALL OI,6979,7257,,,,,,,,,6965,6938,6916
COLPAL,PUT VOL,3425,4357,,,,,,,,,39,143,408
COLPAL,PUT OI,4780,4957,,,,,,,,,4776,4788,4756
CONCOR,PRICE,467.0,487.05,,,,469.0,478.1,470.7,500.57,492.62,467.0,473.0,470.0
CONCOR,VWAP,,,,,,,,,,,468.72,470.71,470.88
CONCOR,CASH VOL,2828067,885349,494669,44.61,42.8,,,,,,80124,142151,177270
CONCOR,F&O VOL,38705,11136,,,,,,,,,666,2601,4032
CONCOR,F&O OI,37342,32648,,,,,,,,,37397,37300,37334
CONCOR,CALL VOL,13988,1541,,,,,,,,,221,1239,1631
CONCOR,CALL OI,3460,966,,,,,,,,,3474,4390,3186
CONCOR,PUT VOL,8508,1109,,,,,,,,,204,441,623
CONCOR,PUT OI,1713,1225,,,,,,,,,1720,2140,1738
CROMPTON,PRICE,222.0,225.05,,,,223.3,223.74,222.58,227.08,227.0,222.0,224.0,224.0
CROMPTON,VWAP,,,,,,,,,,,223.11,223.8,224.16
CROMPTON,CASH VOL,2814418,1491613,1384957,48.76,59.49,,,,,,65494,153996,435830
CROMPTON,F&O VOL,12604,7664,,,,,,,,,256,978,2218
CROMPTON,F&O OI,53836,53502,,,,,,,,,53888,53920,53984
CROMPTON,CALL VOL,6523,3881,,,,,,,,,178,572,1001
CROMPTON,CALL OI,7331,7473,,,,,,,,,7346,7336,7331
CROMPTON,PUT VOL,1971,1094,,,,,,,,,105,287,547
CROMPTON,PUT OI,5620,5629,,,,,,,,,5660,5699,5695
CUMMINSIND,PRICE,4962.5,5067.0,,,,5000.0,5045.5,4990.17,5065.67,4998.0,4962.0,4986.0,4977.0
CUMMINSIND,VWAP,,,,,,,,,,,4985.33,4984.51,4983.41
CUMMINSIND,CASH VOL,314342,281295,106021,61.94,67.15,,,,,,7652,13164,20432
CUMMINSIND,F&O VOL,15563,10611,,,,,,,,,377,811,1265
CUMMINSIND,F&O OI,42629,41683,,,,,,,,,42712,42779,42795
CUMMINSIND,CALL VOL,6690,4333,,,,,,,,,298,517,735
CUMMINSIND,CALL OI,5304,4760,,,,,,,,,5379,5456,5467
CUMMINSIND,PUT VOL,5456,3333,,,,,,,,,89,226,390
CUMMINSIND,PUT OI,4865,5362,,,,,,,,,4873,4880,4880
DABUR,PRICE,388.1,386.8,,,,388.3,387.95,387.65,391.39,383.68,388.0,393.0,393.0
DABUR,VWAP,,,,,,,,,,,389.68,392.05,392.41
DABUR,CASH VOL,1352500,2097526,732412,62.95,64.97,,,,,,46309,130988,172268
DABUR,F&O VOL,14174,19134,,,,,,,,,451,3531,5699
DABUR,F&O OI,47622,48236,,,,,,,,,47585,47009,46985
DABUR,CALL VOL,7014,10201,,,,,,,,,422,2164,3106
DABUR,CALL OI,8902,9145,,,,,,,,,8858,8394,8427
DABUR,PUT VOL,3559,4609,,,,,,,,,126,840,1339
DABUR,PUT OI,5463,5641,,,,,,,,,5445,5445,5404
DALBHARAT,PRICE,1741.6,1764.4,,,,1741.1,1760.85,1748.02,1754.5,1740.7,,,
DALBHARAT,VWAP,,,,,,,,,,,1738.83,1739.51,1738.71
DALBHARAT,CASH VOL,35465,123783,6564,52.11,51.18,,,,,,1358,1946,3266
DALBHARAT,F&O VOL,,,,,,,,,,,,,
DALBHARAT,F&O OI,,,,,,,,,,,,,
DALBHARAT,CALL VOL,,,,,,,,,,,,,
DALBHARAT,CALL OI,,,,,,,,,,,,,
DALBHARAT,PUT VOL,,,,,,,,,,,,,
DALBHARAT,PUT OI,,,,,,,,,,,,,
DELHIVERY,PRICE,430.75,435.0,,,,430.75,432.88,431.46,431.0,429.0,430.0,434.0,432.0
DELHIVERY,VWAP,,,,,,,,,,,430.97,431.95,432.49
DELHIVERY,CASH VOL,2292809,3248908,746794,63.69,61.06,,,,,,83155,157266,249109
DELHIVERY,F&O VOL,6598,10977,,,,,,,,,119,378,741
DELHIVERY,F&O OI,24712,24806,,,,,,,,,24722,24722,24738
DELHIVERY,CALL VOL,2647,4847,,,,,,,,,58,187,370
DELHIVERY,CALL OI,3406,3339,,,,,,,,,3406,4116,3424
DELHIVERY,PUT VOL,1129,1669,,,,,,,,,29,92,171
DELHIVERY,PUT OI,3074,3133,,,,,,,,,3074,3220,3085
DIVISLAB,PRICE,9352.0,9410.5,,,,9330.0,9379.75,9361.25,9311.33,9184.0,9352.0,9356.0,9376.0
DIVISLAB,VWAP,,,,,,,,,,,9340.0,9349.67,9362.1
DIVISLAB,CASH VOL,293688,380343,67213,61.44,57.61,,,,,,3386,9666,18296
DIVISLAB,F&O VOL,44799,47262,,,,,,,,,1358,3510,6907
DIVISLAB,F&O OI,75834,77172,,,,,,,,,75753,76147,76365
DIVISLAB,CALL VOL,19775,23150,,,,,,,,,671,1438,3016
DIVISLAB,CALL OI,12384,13654,,,,,,,,,12450,12533,12731
DIVISLAB,PUT VOL,12589,13158,,,,,,,,,303,1093,2225
DIVISLAB,PUT OI,8266,8293,,,,,,,,,8306,9157,8469
DIXON,PRICE,13084.0,13350.0,,,,13084.0,13215.0,13127.67,13212.5,13074.17,13084.0,13130.0,13110.0
DIXON,VWAP,,,,,,,,,,,13115.0,13115.22,13113.02
DIXON,CASH VOL,400815,219611,84232,33.37,34.62,,,,,,11471,18039,24119
DIXON,F&O VOL,264904,124514,,,,,,,,,6442,13884,21562
DIXON,F&O OI,163088,154709,,,,,,,,,164442,165394,165217
DIXON,CALL VOL,105927,54442,,,,,,,,,4082,6977,9672
DIXON,CALL OI,25837,21060,,,,,,,,,32850,26622,26572
DIXON,PUT VOL,97905,33335,,,,,,,,,2266,4016,6003
DIXON,PUT OI,18808,19530,,,,,,,,,21751,19822,19786
DLF,PRICE,669.5,660.25,,,,669.0,668.16,665.47,640.43,632.6,669.0,671.0,675.0
DLF,VWAP,,,,,,,,,,,671.28,671.57,673.29
DLF,CASH VOL,5186082,3148346,2204197,68.9,53.5,,,,,,76005,149146,277823
DLF,F&O VOL,59703,41980,,,,,,,,,1641,3863,9115
DLF,F&O OI,70490,71114,,,,,,,,,70602,70867,70668
DLF,CALL VOL,27984,19853,,,,,,,,,856,1919,4593
DLF,CALL OI,10016,10361,,,,,,,,,10012,10108,9827
DLF,PUT VOL,20733,14273,,,,,,,,,776,1599,3077
DLF,PUT OI,7480,6989,,,,,,,,,7746,7748,7672
DMART,PRICE,3777.0,3800.4,,,,3776.8,3799.9,3784.63,3734.77,3704.5,3777.0,3787.0,3778.0
DMART,VWAP,,,,,,,,,,,3786.13,3787.4,3784.42
DMART,CASH VOL,473697,647006,66524,64.25,61.73,,,,,,13318,19549,28997
DMART,F&O VOL,24800,46192,,,,,,,,,812,1612,2381
DMART,F&O OI,58817,58505,,,,,,,,,58839,58996,59079
DMART,CALL VOL,12761,24014,,,,,,,,,407,689,1105
DMART,CALL OI,11104,10743,,,,,,,,,11167,11190,11230
DMART,PUT VOL,5810,11212,,,,,,,,,258,614,792
DMART,PUT OI,6421,6957,,,,,,,,,6390,6444,6480
DRREDDY,PRICE,1211.0,1198.3,,,,1210.0,1211.6,1211.2,1179.58,1168.75,1211.0,1213.0,1213.0
DRREDDY,VWAP,,,,,,,,,,,1211.53,1212.26,1213.1
DRREDDY,CASH VOL,3355097,1718834,706925,59.81,55.73,,,,,,45966,66252,107945
DRREDDY,F&O VOL,77406,66729,,,,,,,,,1681,3013,5083
DRREDDY,F&O OI,69221,66239,,,,,,,,,69262,69536,69674
DRREDDY,CALL VOL,47282,43183,,,,,,,,,1173,1832,3095
DRREDDY,CALL OI,11916,11565,,,,,,,,,11899,11962,12002
DRREDDY,PUT VOL,14813,10542,,,,,,,,,299,628,1097
DRREDDY,PUT OI,5268,4656,,,,,,,,,5350,5487,5551
EICHERMOT,PRICE,7427.0,7512.5,,,,7468.5,7491.0,7448.33,7519.5,7517.17,7427.0,7460.0,7444.0
EICHERMOT,VWAP,,,,,,,,,,,7465.5,7465.33,7459.87
EICHERMOT,CASH VOL,336400,251852,81941,67.08,58.37,,,,,,10188,13091,19528
EICHERMOT,F&O VOL,31220,27384,,,,,,,,,1180,2544,5402
EICHERMOT,F&O OI,66308,66919,,,,,,,,,66463,66476,66467
EICHERMOT,CALL VOL,14663,11908,,,,,,,,,794,1458,2757
EICHERMOT,CALL OI,7885,7494,,,,,,,,,9869,9822,8037
EICHERMOT,PUT VOL,9506,7402,,,,,,,,,536,942,1504
EICHERMOT,PUT OI,12534,13170,,,,,,,,,13287,13264,12543
ETERNAL,PRICE,342.0,335.9,,,,344.4,340.78,338.32,324.66,320.27,342.0,342.0,341.0
ETERNAL,VWAP,,,,,,,,,,,342.0,342.53,342.29
ETERNAL,CASH VOL,22276945,20274532,4865154,49.96,56.98,,,,,,1438162,2451086,3467981
ETERNAL,F&O VOL,127028,100706,,,,,,,,,2873,8590,14707
ETERNAL,F&O OI,114716,110197,,,,,,,,,115226,115895,116221
ETERNAL,CALL VOL,65769,52071,,,,,,,,,1812,5114,7626
ETERNAL,CALL OI,21954,22576,,,,,,,,,22239,22857,22771
ETERNAL,PUT VOL,35999,26359,,,,,,,,,803,2766,4454
ETERNAL,PUT OI,15190,12628,,,,,,,,,15312,14208,15397
FEDERALBNK,PRICE,327.0,332.0,,,,328.45,330.18,328.06,335.7,333.73,327.0,326.0,326.0
FEDERALBNK,VWAP,,,,,,,,,,,327.65,327.36,327.28
FEDERALBNK,CASH VOL,5612786,4137418,2364301,62.02,58.24,,,,,,86380,265883,386448
FEDERALBNK,F&O VOL,36364,24929,,,,,,,,,555,1521,3267
FEDERALBNK,F&O OI,63523,61824,,,,,,,,,63562,63662,63723
FEDERALBNK,CALL VOL,15775,10848,,,,,,,,,365,900,2058
FEDERALBNK,CALL OI,9136,8483,,,,,,,,,9926,9206,9236
FEDERALBNK,PUT VOL,8756,7380,,,,,,,,,166,338,668
FEDERALBNK,PUT OI,7823,7238,,,,,,,,,7954,7870,7878
FORCEMOT,PRICE,17275.0,17485.0,,,,17395.0,17391.0,17313.67,17617.5,17531.17,17275.0,17437.0,17413.0
FORCEMOT,VWAP,,,,,,,,,,,17381.67,17401.03,17406.54
FORCEMOT,CASH VOL,64656,37594,15971,53.98,45.97,,,,,,3086,4919,7562
FORCEMOT,F&O VOL,24900,19549,,,,,,,,,365,1363,2722
FORCEMOT,F&O OI,21866,20988,,,,,,,,,21896,21976,22143
FORCEMOT,CALL VOL,11543,8992,,,,,,,,,211,729,1171
FORCEMOT,CALL OI,5805,5896,,,,,,,,,5811,5914,5948
FORCEMOT,PUT VOL,8297,5612,,,,,,,,,161,501,873
FORCEMOT,PUT OI,3129,3098,,,,,,,,,3138,3188,3105
FORTIS,PRICE,896.55,893.5,,,,895.0,900.58,897.89,884.23,880.7,896.0,897.0,894.0
FORTIS,VWAP,,,,,,,,,,,896.22,896.25,895.39
FORTIS,CASH VOL,808369,916405,126276,54.6,52.92,,,,,,15323,29705,63993
FORTIS,F&O VOL,7083,6162,,,,,,,,,127,258,506
FORTIS,F&O OI,21035,21324,,,,,,,,,21046,21100,21099
FORTIS,CALL VOL,3535,3404,,,,,,,,,70,182,283
FORTIS,CALL OI,2214,2238,,,,,,,,,2256,2260,2254
FORTIS,PUT VOL,1588,1199,,,,,,,,,17,36,72
FORTIS,PUT OI,1452,1560,,,,,,,,,1448,1449,1450
GAIL,PRICE,171.84,172.61,,,,172.48,172.82,172.17,173.25,171.95,171.0,172.0,172.0
GAIL,VWAP,,,,,,,,,,,172.3,172.26,172.52
GAIL,CASH VOL,8361284,3734893,2831182,63.54,62.08,,,,,,88178,127353,274040
GAIL,F&O VOL,11190,6147,,,,,,,,,93,260,758
GAIL,F&O OI,34041,33508,,,,,,,,,34073,34083,34087
GAIL,CALL VOL,4199,2780,,,,,,,,,61,150,380
GAIL,CALL OI,5407,5529,,,,,,,,,5424,5429,5402
GAIL,PUT VOL,2221,1132,,,,,,,,,28,55,187
GAIL,PUT OI,2799,2920,,,,,,,,,2811,2812,2819
GLENMARK,PRICE,2461.4,2450.0,,,,2472.0,2460.1,2457.5,2423.88,2376.85,2461.0,2469.0,2464.0
GLENMARK,VWAP,,,,,,,,,,,2463.67,2467.83,2468.62
GLENMARK,CASH VOL,402355,405696,125396,58.84,51.68,,,,,,12929,31710,54756
GLENMARK,F&O VOL,9823,10444,,,,,,,,,361,831,2142
GLENMARK,F&O OI,39707,39582,,,,,,,,,39723,39714,39512
GLENMARK,CALL VOL,6061,5585,,,,,,,,,297,674,1471
GLENMARK,CALL OI,4832,4469,,,,,,,,,4816,4782,4715
GLENMARK,PUT VOL,1410,1683,,,,,,,,,18,59,135
GLENMARK,PUT OI,1411,1406,,,,,,,,,1416,1420,1432
GMRAIRPORT,PRICE,98.35,98.7,,,,98.58,98.59,98.43,98.08,95.64,98.0,98.0,98.0
GMRAIRPORT,VWAP,,,,,,,,,,,98.45,98.49,98.51
GMRAIRPORT,CASH VOL,8095151,27536721,2414174,54.97,37.97,,,,,,669759,1006671,1502924
GMRAIRPORT,F&O VOL,12606,40737,,,,,,,,,352,688,1228
GMRAIRPORT,F&O OI,39980,41221,,,,,,,,,40005,40023,39781
GMRAIRPORT,CALL VOL,5662,20777,,,,,,,,,101,261,482
GMRAIRPORT,CALL OI,6471,7121,,,,,,,,,6292,6451,6394
GMRAIRPORT,PUT VOL,2227,6750,,,,,,,,,34,151,235
GMRAIRPORT,PUT OI,5388,5563,,,,,,,,,5550,5391,5385
GODFRYPHLP,PRICE,1970.0,1980.0,,,,1979.9,1982.05,1974.02,1997.5,1956.5,1970.0,1988.0,1992.0
GODFRYPHLP,VWAP,,,,,,,,,,,1983.97,1984.95,1986.78
GODFRYPHLP,CASH VOL,96350,121765,20083,31.88,30.35,,,,,,11472,16562,21732
GODFRYPHLP,F&O VOL,4817,5296,,,,,,,,,54,517,715
GODFRYPHLP,F&O OI,12073,11879,,,,,,,,,12080,11965,11984
GODFRYPHLP,CALL VOL,2728,2891,,,,,,,,,33,187,293
GODFRYPHLP,CALL OI,3130,3057,,,,,,,,,3132,3135,3137
GODFRYPHLP,PUT VOL,817,841,,,,,,,,,1,25,61
GODFRYPHLP,PUT OI,1771,1740,,,,,,,,,1771,1782,1788
GODREJCP,PRICE,873.6,867.5,,,,871.5,872.9,871.5,877.0,871.0,873.0,878.0,879.0
GODREJCP,VWAP,,,,,,,,,,,875.35,877.31,877.92
GODREJCP,CASH VOL,483682,975825,90793,54.88,49.71,,,,,,5812,16050,25831
GODREJCP,F&O VOL,9521,18957,,,,,,,,,127,698,1578
GODREJCP,F&O OI,50901,51869,,,,,,,,,50913,50904,50754
GODREJCP,CALL VOL,4402,10338,,,,,,,,,60,386,752
GODREJCP,CALL OI,8767,9189,,,,,,,,,8768,8723,8630
GODREJCP,PUT VOL,1803,4052,,,,,,,,,47,246,405
GODREJCP,PUT OI,6750,6884,,,,,,,,,6750,6810,6787
GODREJPROP,PRICE,1699.5,1696.9,,,,1700.9,1711.1,1703.37,1751.3,1711.17,1699.0,1709.0,1711.0
GODREJPROP,VWAP,,,,,,,,,,,1706.8,1707.04,1708.68
GODREJPROP,CASH VOL,473583,398829,152087,37.16,41.39,,,,,,13908,21485,37911
GODREJPROP,F&O VOL,28423,23543,,,,,,,,,560,1017,2437
GODREJPROP,F&O OI,61178,61235,,,,,,,,,61137,61164,61084
GODREJPROP,CALL VOL,15371,8421,,,,,,,,,257,407,1100
GODREJPROP,CALL OI,8104,7786,,,,,,,,,7514,7501,8002
GODREJPROP,PUT VOL,4472,3964,,,,,,,,,148,231,470
GODREJPROP,PUT OI,4080,4149,,,,,,,,,4393,4387,4121
GRASIM,PRICE,3128.2,3166.0,,,,3138.0,3152.9,3136.43,3230.7,3216.37,3128.0,3133.0,3136.0
GRASIM,VWAP,,,,,,,,,,,3137.17,3137.23,3135.96
GRASIM,CASH VOL,692941,187000,276318,65.99,48.56,,,,,,9875,14407,20799
GRASIM,F&O VOL,23963,12715,,,,,,,,,267,880,1368
GRASIM,F&O OI,48111,48116,,,,,,,,,48101,48090,48045
GRASIM,CALL VOL,5287,3588,,,,,,,,,132,418,564
GRASIM,CALL OI,2565,2130,,,,,,,,,2551,2573,2559
GRASIM,PUT VOL,5294,2933,,,,,,,,,78,186,268
GRASIM,PUT OI,2702,2438,,,,,,,,,2701,2692,2708
GVT&D,PRICE,4348.0,4366.1,,,,4381.0,4430.75,4375.58,4372.97,4348.9,4348.0,4382.0,4350.0
GVT&D,VWAP,,,,,,,,,,,4381.43,4378.34,4365.66
GVT&D,CASH VOL,545018,207424,116144,34.91,46.23,,,,,,14998,26146,47352
GVT&D,F&O VOL,83856,15833,,,,,,,,,979,2480,5162
GVT&D,F&O OI,56234,54083,,,,,,,,,56201,56177,56203
GVT&D,CALL VOL,57133,9324,,,,,,,,,746,1682,3115
GVT&D,CALL OI,13284,11656,,,,,,,,,13251,13215,13308
GVT&D,PUT VOL,17133,3511,,,,,,,,,319,557,1480
GVT&D,PUT OI,10599,10509,,,,,,,,,10619,10619,10602
HAL,PRICE,4800.0,4826.0,,,,4810.0,4827.85,4809.28,4792.83,4777.9,4800.0,4814.0,4819.0
HAL,VWAP,,,,,,,,,,,4812.7,4812.12,4812.82
HAL,CASH VOL,548249,784570,115502,45.08,47.0,,,,,,13693,21630,34199
HAL,F&O VOL,76570,89515,,,,,,,,,2239,4808,9880
HAL,F&O OI,93285,91131,,,,,,,,,93493,93389,93108
HAL,CALL VOL,37265,42380,,,,,,,,,1743,2740,4502
HAL,CALL OI,17143,15387,,,,,,,,,17298,17249,17117
HAL,PUT VOL,20572,27018,,,,,,,,,685,1251,1960
HAL,PUT OI,12491,12898,,,,,,,,,12555,12575,12550
HAVELLS,PRICE,1088.9,1103.1,,,,1091.1,1097.7,1091.83,1123.85,1106.75,1088.0,1090.0,1090.0
HAVELLS,VWAP,,,,,,,,,,,1087.83,1088.72,1088.98
HAVELLS,CASH VOL,252772,647751,77371,50.55,47.15,,,,,,15314,30829,47659
HAVELLS,F&O VOL,13436,17228,,,,,,,,,454,1443,2235
HAVELLS,F&O OI,44389,43243,,,,,,,,,44486,44501,44577
HAVELLS,CALL VOL,6472,8040,,,,,,,,,208,709,1073
HAVELLS,CALL OI,6712,6720,,,,,,,,,5681,5636,6713
HAVELLS,PUT VOL,2280,3435,,,,,,,,,86,250,381
HAVELLS,PUT OI,3739,3854,,,,,,,,,3174,3199,3808
HCLTECH,PRICE,1270.4,1281.0,,,,1270.0,1268.0,1263.2,1247.15,1242.85,1270.0,1269.0,1272.0
HCLTECH,VWAP,,,,,,,,,,,1274.13,1272.17,1272.07
HCLTECH,CASH VOL,2680986,2751906,741386,34.11,44.76,,,,,,121328,191398,244203
HCLTECH,F&O VOL,163928,122623,,,,,,,,,3811,11630,16626
HCLTECH,F&O OI,116335,114954,,,,,,,,,116720,116578,116914
HCLTECH,CALL VOL,67524,45402,,,,,,,,,2304,4694,6126
HCLTECH,CALL OI,14571,14424,,,,,,,,,14800,14847,14912
HCLTECH,PUT VOL,56466,40173,,,,,,,,,2161,5067,6517
HCLTECH,PUT OI,11555,11714,,,,,,,,,11628,11494,11569
HDFCAMC,PRICE,2430.0,2440.0,,,,2426.4,2432.95,2430.98,2416.5,2399.5,2430.0,2437.0,2437.0
HDFCAMC,VWAP,,,,,,,,,,,2435.63,2435.71,2436.37
HDFCAMC,CASH VOL,481994,503235,177355,63.48,54.23,,,,,,4685,8349,14072
HDFCAMC,F&O VOL,11333,16289,,,,,,,,,135,361,1836
HDFCAMC,F&O OI,37458,37038,,,,,,,,,37455,37438,37446
HDFCAMC,CALL VOL,3615,7014,,,,,,,,,80,183,423
HDFCAMC,CALL OI,5664,5758,,,,,,,,,5670,5661,5647
HDFCAMC,PUT VOL,3072,5990,,,,,,,,,49,125,1231
HDFCAMC,PUT OI,4568,4613,,,,,,,,,4559,4559,4575
HDFCBANK,PRICE,738.6,739.5,,,,735.65,743.95,740.38,723.28,707.85,738.0,735.0,737.0
HDFCBANK,VWAP,,,,,,,,,,,737.9,736.88,736.45
HDFCBANK,CASH VOL,35483669,35482683,6362421,68.66,72.3,,,,,,2110764,3443234,4703910
HDFCBANK,F&O VOL,721847,757909,,,,,,,,,31712,72839,121662
HDFCBANK,F&O OI,1057221,1074249,,,,,,,,,1061995,1064009,1063979
HDFCBANK,CALL VOL,303071,325604,,,,,,,,,16722,39411,63408
HDFCBANK,CALL OI,160273,161471,,,,,,,,,163404,164685,163025
HDFCBANK,PUT VOL,185107,208154,,,,,,,,,6678,16972,27977
HDFCBANK,PUT OI,97421,103653,,,,,,,,,96662,95861,97112
HDFCLIFE,PRICE,559.2,559.4,,,,561.9,563.22,560.54,547.48,540.53,559.0,558.0,557.0
HDFCLIFE,VWAP,,,,,,,,,,,560.08,559.18,558.15
HDFCLIFE,CASH VOL,1788405,2831490,400419,46.38,44.47,,,,,,34619,59840,93081
HDFCLIFE,F&O VOL,35874,41838,,,,,,,,,552,1577,3880
HDFCLIFE,F&O OI,84225,85804,,,,,,,,,84331,84303,83996
HDFCLIFE,CALL VOL,13284,17928,,,,,,,,,327,1013,1711
HDFCLIFE,CALL OI,13790,14250,,,,,,,,,12267,13853,13721
HDFCLIFE,PUT VOL,10324,12842,,,,,,,,,114,496,930
HDFCLIFE,PUT OI,9795,10454,,,,,,,,,6913,9742,9629
HEROMOTOCO,PRICE,5373.0,5419.0,,,,5395.0,5405.5,5383.83,5278.42,5264.25,5373.0,5405.0,5400.0
HEROMOTOCO,VWAP,,,,,,,,,,,5390.67,5398.11,5401.04
HEROMOTOCO,CASH VOL,542248,355000,136754,62.12,50.98,,,,,,9446,18933,27574
HEROMOTOCO,F&O VOL,44753,64835,,,,,,,,,1398,4230,6492
HEROMOTOCO,F&O OI,55218,56224,,,,,,,,,55457,55506,55650
HEROMOTOCO,CALL VOL,25315,40400,,,,,,,,,1097,2480,3551
HEROMOTOCO,CALL OI,14380,15603,,,,,,,,,14485,14583,14599
HEROMOTOCO,PUT VOL,11617,15580,,,,,,,,,659,1584,2148
HEROMOTOCO,PUT OI,9085,9265,,,,,,,,,9179,9108,9087
HINDALCO,PRICE,973.0,981.2,,,,979.5,977.3,974.43,983.62,977.85,973.0,985.0,984.0
HINDALCO,VWAP,,,,,,,,,,,984.63,984.61,985.05
HINDALCO,CASH VOL,3336085,3348127,1310162,65.8,67.1,,,,,,261212,589104,841467
HINDALCO,F&O VOL,59394,55884,,,,,,,,,6177,14088,20452
HINDALCO,F&O OI,112776,113882,,,,,,,,,113178,113289,114335
HINDALCO,CALL VOL,29192,32259,,,,,,,,,5206,10041,13389
HINDALCO,CALL OI,16942,18432,,,,,,,,,17390,17437,18011
HINDALCO,PUT VOL,14634,13019,,,,,,,,,1087,2867,4112
HINDALCO,PUT OI,13047,13477,,,,,,,,,13086,12935,12844
HINDPETRO,PRICE,360.7,357.6,,,,362.5,360.45,359.95,355.85,349.55,360.0,361.0,363.0
HINDPETRO,VWAP,,,,,,,,,,,360.97,361.21,362.64
HINDPETRO,CASH VOL,5830757,1629936,1324264,50.55,47.7,,,,,,92815,156107,347281
HINDPETRO,F&O VOL,26385,9481,,,,,,,,,871,1598,3027
HINDPETRO,F&O OI,33822,34030,,,,,,,,,33809,33845,33845
HINDPETRO,CALL VOL,14413,4718,,,,,,,,,690,1141,1926
HINDPETRO,CALL OI,5363,5567,,,,,,,,,5388,5429,5412
HINDPETRO,PUT VOL,5561,2542,,,,,,,,,143,200,532
HINDPETRO,PUT OI,4022,4138,,,,,,,,,3995,4002,4026
HINDUNILVR,PRICE,1933.8,1947.0,,,,1938.0,1945.3,1937.63,1951.6,1938.53,1933.0,1945.0,1943.0
HINDUNILVR,VWAP,,,,,,,,,,,1942.8,1944.27,1943.98
HINDUNILVR,CASH VOL,1023040,864547,299715,57.39,51.47,,,,,,25532,37561,65196
HINDUNILVR,F&O VOL,54982,68086,,,,,,,,,2069,7197,11043
HINDUNILVR,F&O OI,114013,113859,,,,,,,,,114127,113865,113415
HINDUNILVR,CALL VOL,30905,40978,,,,,,,,,1735,4207,5960
HINDUNILVR,CALL OI,22046,22703,,,,,,,,,22152,21864,21888
HINDUNILVR,PUT VOL,9803,11601,,,,,,,,,333,1751,2472
HINDUNILVR,PUT OI,12930,13329,,,,,,,,,12959,13074,12998
HINDZINC,PRICE,590.5,591.8,,,,596.0,595.05,592.02,590.15,578.45,590.0,600.0,600.0
HINDZINC,VWAP,,,,,,,,,,,599.88,600.22,600.24
HINDZINC,CASH VOL,3894528,4306457,745952,55.25,51.0,,,,,,362728,588359,830382
HINDZINC,F&O VOL,40554,37492,,,,,,,,,4347,9317,13201
HINDZINC,F&O OI,64557,64528,,,,,,,,,64440,64809,65002
HINDZINC,CALL VOL,21532,20103,,,,,,,,,3184,6236,8081
HINDZINC,CALL OI,16941,17645,,,,,,,,,16812,17118,17142
HINDZINC,PUT VOL,10074,9761,,,,,,,,,870,1869,2668
HINDZINC,PUT OI,10456,10534,,,,,,,,,10428,10363,10392
HYUNDAI,PRICE,2101.0,2144.0,,,,2110.8,2125.2,2109.07,2199.63,2181.3,2101.0,2087.0,2090.0
HYUNDAI,VWAP,,,,,,,,,,,2099.83,2093.0,2092.14
HYUNDAI,CASH VOL,462118,379622,110318,43.65,56.25,,,,,,12184,32685,52059
HYUNDAI,F&O VOL,20044,7489,,,,,,,,,332,1308,3404
HYUNDAI,F&O OI,30233,27894,,,,,,,,,30264,30282,30014
HYUNDAI,CALL VOL,5476,1757,,,,,,,,,208,593,1536
HYUNDAI,CALL OI,2725,1575,,,,,,,,,2764,1750,2656
HYUNDAI,PUT VOL,6095,1636,,,,,,,,,47,422,874
HYUNDAI,PUT OI,4475,4496,,,,,,,,,4461,4073,4432
ICICIBANK,PRICE,1339.6,1345.0,,,,1339.9,1340.5,1339.9,1364.45,1347.42,1339.0,1337.0,1335.0
ICICIBANK,VWAP,,,,,,,,,,,1341.7,1340.95,1338.56
ICICIBANK,CASH VOL,6433249,5705598,2230552,49.68,72.36,,,,,,280811,395954,619233
ICICIBANK,F&O VOL,116482,89384,,,,,,,,,4522,8876,18417
ICICIBANK,F&O OI,281621,278903,,,,,,,,,281902,282351,283176
ICICIBANK,CALL VOL,49913,35595,,,,,,,,,2423,4897,9007
ICICIBANK,CALL OI,19785,18560,,,,,,,,,19878,20532,20922
ICICIBANK,PUT VOL,30534,25984,,,,,,,,,1094,2224,3860
ICICIBANK,PUT OI,15794,16020,,,,,,,,,15796,15899,15967
ICICIGI,PRICE,1480.0,1509.1,,,,1482.6,1496.9,1485.63,1460.6,1458.93,1480.0,1488.0,1484.0
ICICIGI,VWAP,,,,,,,,,,,1486.87,1487.05,1486.34
ICICIGI,CASH VOL,690497,1427947,147510,63.88,58.18,,,,,,7459,15880,23828
ICICIGI,F&O VOL,14632,48551,,,,,,,,,330,949,1976
ICICIGI,F&O OI,33209,35174,,,,,,,,,33189,33158,33119
ICICIGI,CALL VOL,7404,27782,,,,,,,,,121,395,836
ICICIGI,CALL OI,3755,4421,,,,,,,,,3775,3815,3730
ICICIGI,PUT VOL,3255,9827,,,,,,,,,139,388,572
ICICIGI,PUT OI,2992,3297,,,,,,,,,2953,2939,2962
ICICIPRULI,PRICE,486.65,493.0,,,,491.55,491.98,488.42,487.73,479.2,486.0,487.0,484.0
ICICIPRULI,VWAP,,,,,,,,,,,488.6,487.98,486.56
ICICIPRULI,CASH VOL,517509,997211,151066,44.15,43.48,,,,,,18351,44263,75215
ICICIPRULI,F&O VOL,11693,13270,,,,,,,,,233,654,1835
ICICIPRULI,F&O OI,30373,30147,,,,,,,,,30401,30421,30598
ICICIPRULI,CALL VOL,4563,5746,,,,,,,,,110,310,832
ICICIPRULI,CALL OI,4166,3589,,,,,,,,,4513,4259,4279
ICICIPRULI,PUT VOL,3609,4280,,,,,,,,,107,279,537
ICICIPRULI,PUT OI,3652,4473,,,,,,,,,3272,3574,3520
IDEA,PRICE,14.27,13.84,,,,14.26,14.19,14.04,14.56,14.13,14.0,14.0,14.0
IDEA,VWAP,,,,,,,,,,,14.28,14.29,14.3
IDEA,CASH VOL,527812273,298632816,125201458,26.73,40.71,,,,,,25198979,38031025,49287941
IDEA,F&O VOL,64753,26255,,,,,,,,,2455,5106,6077
IDEA,F&O OI,143850,141648,,,,,,,,,144053,144285,144307
IDEA,CALL VOL,30798,11484,,,,,,,,,1494,3107,3513
IDEA,CALL OI,26034,27504,,,,,,,,,26225,26374,26336
IDEA,PUT VOL,8185,2489,,,,,,,,,545,968,1059
IDEA,PUT OI,12281,12837,,,,,,,,,12225,12304,12293
IDFCFIRSTB,PRICE,85.37,85.8,,,,85.98,85.5,85.41,85.9,85.85,85.0,86.0,86.0
IDFCFIRSTB,VWAP,,,,,,,,,,,86.36,86.45,86.59
IDFCFIRSTB,CASH VOL,7198920,20239022,2459325,54.25,56.14,,,,,,1586204,2260075,3674725
IDFCFIRSTB,F&O VOL,24706,19883,,,,,,,,,2181,4384,7567
IDFCFIRSTB,F&O OI,70196,69620,,,,,,,,,69961,69841,69705
IDFCFIRSTB,CALL VOL,7681,8796,,,,,,,,,1162,2271,3472
IDFCFIRSTB,CALL OI,11795,12023,,,,,,,,,10831,11524,11342
IDFCFIRSTB,PUT VOL,3876,3745,,,,,,,,,505,1379,2052
IDFCFIRSTB,PUT OI,6834,7212,,,,,,,,,7370,6837,6874
IEX,PRICE,112.9,113.82,,,,112.9,113.12,112.97,114.68,113.13,112.0,113.0,113.0
IEX,VWAP,,,,,,,,,,,112.99,113.01,113.08
IEX,CASH VOL,4454976,1812910,1648042,56.0,49.28,,,,,,62979,149003,254907
IEX,F&O VOL,7955,5574,,,,,,,,,25,237,676
IEX,F&O OI,32344,32277,,,,,,,,,32343,32346,32439
IEX,CALL VOL,3788,2369,,,,,,,,,30,202,417
IEX,CALL OI,5356,5508,,,,,,,,,5363,5353,5436
IEX,PUT VOL,1190,941,,,,,,,,,5,41,84
IEX,PUT OI,3360,3435,,,,,,,,,3359,3365,3363
INDHOTEL,PRICE,736.25,745.0,,,,738.25,742.58,738.36,730.12,724.88,736.0,738.0,739.0
INDHOTEL,VWAP,,,,,,,,,,,738.8,739.03,738.72
INDHOTEL,CASH VOL,1255870,2983659,328475,48.54,46.13,,,,,,8726,20324,46117
INDHOTEL,F&O VOL,22697,50003,,,,,,,,,271,655,1213
INDHOTEL,F&O OI,44480,44003,,,,,,,,,44464,44493,44486
INDHOTEL,CALL VOL,12735,32684,,,,,,,,,226,496,864
INDHOTEL,CALL OI,6665,6529,,,,,,,,,6650,6661,6648
INDHOTEL,PUT VOL,4718,10894,,,,,,,,,69,124,204
INDHOTEL,PUT OI,3272,3497,,,,,,,,,3279,3276,3273
INDIANB,PRICE,840.8,841.0,,,,841.0,843.15,841.58,846.75,842.12,840.0,842.0,845.0
INDIANB,VWAP,,,,,,,,,,,841.6,842.5,843.86
INDIANB,CASH VOL,498899,363123,172760,50.93,54.5,,,,,,19128,34908,64964
INDIANB,F&O VOL,8074,5598,,,,,,,,,237,561,1276
INDIANB,F&O OI,23746,23681,,,,,,,,,23739,23735,23683
INDIANB,CALL VOL,4999,2951,,,,,,,,,115,299,676
INDIANB,CALL OI,5483,5494,,,,,,,,,3944,3927,5471
INDIANB,PUT VOL,1113,1104,,,,,,,,,36,117,259
INDIANB,PUT OI,4590,4767,,,,,,,,,4296,4287,4577
INDIGO,PRICE,5030.0,4941.0,,,,5026.0,5021.17,5003.5,4892.42,4837.25,5030.0,5043.0,5033.0
INDIGO,VWAP,,,,,,,,,,,5036.5,5038.29,5036.5
INDIGO,CASH VOL,873833,447018,271527,56.09,47.14,,,,,,31345,44201,76368
INDIGO,F&O VOL,126783,90882,,,,,,,,,5975,13016,19085
INDIGO,F&O OI,89904,91008,,,,,,,,,90306,90653,90820
INDIGO,CALL VOL,71546,56193,,,,,,,,,4229,8676,11875
INDIGO,CALL OI,23864,26995,,,,,,,,,24127,24367,24587
INDIGO,PUT VOL,37566,24823,,,,,,,,,1939,3571,5119
INDIGO,PUT OI,16557,14997,,,,,,,,,16674,16645,16488
INDUSINDBK,PRICE,955.0,956.0,,,,951.8,956.4,955.47,966.6,966.4,955.0,961.0,963.0
INDUSINDBK,VWAP,,,,,,,,,,,956.0,959.99,960.61
INDUSINDBK,CASH VOL,971946,588104,310669,60.47,54.73,,,,,,17235,353650,416892
INDUSINDBK,F&O VOL,17623,15500,,,,,,,,,261,2157,3369
INDUSINDBK,F&O OI,78780,78094,,,,,,,,,78819,78754,78713
INDUSINDBK,CALL VOL,7125,7525,,,,,,,,,171,1354,1983
INDUSINDBK,CALL OI,6266,6065,,,,,,,,,6287,6154,6077
INDUSINDBK,PUT VOL,4051,3852,,,,,,,,,60,561,862
INDUSINDBK,PUT OI,6445,6319,,,,,,,,,6457,6513,6546
INDUSTOWER,PRICE,382.1,377.65,,,,382.15,380.69,377.88,381.43,377.74,382.0,382.0,384.0
INDUSTOWER,VWAP,,,,,,,,,,,382.88,382.3,383.27
INDUSTOWER,CASH VOL,3537704,1695335,1051030,55.64,48.38,,,,,,136774,228448,483054
INDUSTOWER,F&O VOL,34987,15269,,,,,,,,,886,1858,5631
INDUSTOWER,F&O OI,77148,75496,,,,,,,,,77143,77337,77644
INDUSTOWER,CALL VOL,9386,5043,,,,,,,,,544,1143,2512
INDUSTOWER,CALL OI,7327,7205,,,,,,,,,7427,7514,7266
INDUSTOWER,PUT VOL,2708,1152,,,,,,,,,139,334,809
INDUSTOWER,PUT OI,3123,2482,,,,,,,,,3848,3910,3266
INFY,PRICE,1029.4,1038.5,,,,1021.8,1030.1,1029.63,1063.7,1055.5,1029.0,1023.0,1023.0
INFY,VWAP,,,,,,,,,,,1025.2,1024.55,1024.32
INFY,CASH VOL,9341109,6074358,2845150,55.53,46.73,,,,,,364974,525268,687076
INFY,F&O VOL,245919,277463,,,,,,,,,10025,18754,28927
INFY,F&O OI,375602,361772,,,,,,,,,377418,378400,379392
INFY,CALL VOL,107218,134990,,,,,,,,,6277,9764,14761
INFY,CALL OI,59145,52335,,,,,,,,,60291,60437,60688
INFY,PUT VOL,61198,81642,,,,,,,,,3336,4948,6883
INFY,PUT OI,35234,35930,,,,,,,,,35403,35775,35676
INOXWIND,PRICE,77.9,77.5,,,,78.25,78.15,77.98,76.14,74.81,77.0,77.0,76.0
INOXWIND,VWAP,,,,,,,,,,,77.82,77.61,76.89
INOXWIND,CASH VOL,10089416,11293611,1477234,51.31,53.76,,,,,,599719,1005941,3144275
INOXWIND,F&O VOL,1055,1112,,,,,,,,,764,2710,8084
INOXWIND,F&O OI,26251,26582,,,,,,,,,26444,26639,27205
INOXWIND,CALL VOL,372,255,,,,,,,,,424,1257,2836
INOXWIND,CALL OI,5230,5361,,,,,,,,,5361,5380,5376
INOXWIND,PUT VOL,178,173,,,,,,,,,131,592,1951
INOXWIND,PUT OI,2956,2986,,,,,,,,,2947,2886,2825
IOC,PRICE,137.8,136.53,,,,138.5,138.05,137.88,136.12,134.35,137.0,137.0,138.0
IOC,VWAP,,,,,,,,,,,138.09,138.02,138.25
IOC,CASH VOL,11156453,8616145,2915981,45.65,59.64,,,,,,456659,680911,1298195
IOC,F&O VOL,27762,13586,,,,,,,,,545,1225,3311
IOC,F&O OI,48698,47582,,,,,,,,,48731,48698,48686
IOC,CALL VOL,13152,5435,,,,,,,,,374,760,1556
IOC,CALL OI,6823,7198,,,,,,,,,6816,6764,6712
IOC,PUT VOL,8420,4490,,,,,,,,,67,390,1020
IOC,PUT OI,6121,5921,,,,,,,,,6131,6087,6102
IREDA,PRICE,110.25,111.0,,,,110.6,111.09,110.53,113.17,110.86,110.0,110.0,110.0
IREDA,VWAP,,,,,,,,,,,110.7,110.72,110.77
IREDA,CASH VOL,2673698,2970335,532501,36.77,43.57,,,,,,98580,169653,315488
IREDA,F&O VOL,9721,11153,,,,,,,,,50,258,588
IREDA,F&O OI,45772,45481,,,,,,,,,45761,45761,45703
IREDA,CALL VOL,4200,5216,,,,,,,,,30,141,311
IREDA,CALL OI,8769,9171,,,,,,,,,8757,8767,8757
IREDA,PUT VOL,1136,1542,,,,,,,,,11,25,83
IREDA,PUT OI,3892,4189,,,,,,,,,3892,3892,3864
IRFC,PRICE,80.0,80.22,,,,80.05,80.3,80.1,81.01,80.02,80.0,80.0,80.0
IRFC,VWAP,,,,,,,,,,,80.23,80.29,80.39
IRFC,CASH VOL,4813566,5213459,1125105,37.86,45.45,,,,,,152509,403214,837567
IRFC,F&O VOL,13929,12736,,,,,,,,,418,909,2108
IRFC,F&O OI,45278,42803,,,,,,,,,45201,45196,45143
IRFC,CALL VOL,4434,5170,,,,,,,,,90,301,872
IRFC,CALL OI,5598,5532,,,,,,,,,5131,5132,5478
IRFC,PUT VOL,2009,2150,,,,,,,,,37,154,413
IRFC,PUT OI,3745,3916,,,,,,,,,3735,3738,3800
ITC,PRICE,265.8,267.0,,,,265.85,266.5,266.03,263.1,262.57,265.0,266.0,266.0
ITC,VWAP,,,,,,,,,,,265.75,266.09,266.11
ITC,CASH VOL,7177847,8662786,1930200,60.29,54.09,,,,,,190558,385151,525084
ITC,F&O VOL,70939,80486,,,,,,,,,1282,4928,7980
ITC,F&O OI,205364,206963,,,,,,,,,205493,205907,206092
ITC,CALL VOL,32400,36542,,,,,,,,,852,2407,3351
ITC,CALL OI,34990,35308,,,,,,,,,35027,41126,35018
ITC,PUT VOL,18236,24206,,,,,,,,,234,1313,1902
ITC,PUT OI,21683,23394,,,,,,,,,21732,23527,21973
JINDALSTEL,PRICE,1141.0,1130.6,,,,1138.2,1140.42,1139.25,1112.7,1099.1,1141.0,1157.0,1156.0
JINDALSTEL,VWAP,,,,,,,,,,,1152.4,1154.44,1156.26
JINDALSTEL,CASH VOL,891592,708371,132945,55.78,44.61,,,,,,23105,47521,83229
JINDALSTEL,F&O VOL,12686,12334,,,,,,,,,737,2678,5295
JINDALSTEL,F&O OI,39432,40120,,,,,,,,,39398,39396,39448
JINDALSTEL,CALL VOL,6370,6400,,,,,,,,,502,2232,3840
JINDALSTEL,CALL OI,5761,6226,,,,,,,,,5705,5627,5603
JINDALSTEL,PUT VOL,2999,3773,,,,,,,,,190,512,875
JINDALSTEL,PUT OI,5852,5975,,,,,,,,,5883,5933,5985
JIOFIN,PRICE,230.7,229.97,,,,230.7,231.67,231.02,229.4,228.42,230.0,231.0,231.0
JIOFIN,VWAP,,,,,,,,,,,231.21,231.34,231.39
JIOFIN,CASH VOL,8586144,5862734,1680959,38.03,49.92,,,,,,368494,619131,922705
JIOFIN,F&O VOL,75400,43647,,,,,,,,,945,3803,7550
JIOFIN,F&O OI,178277,178991,,,,,,,,,178244,178229,177860
JIOFIN,CALL VOL,35353,17669,,,,,,,,,707,2179,4126
JIOFIN,CALL OI,20307,22232,,,,,,,,,20291,20193,19988
JIOFIN,PUT VOL,12677,6709,,,,,,,,,96,492,936
JIOFIN,PUT OI,17428,17970,,,,,,,,,17425,17401,17322
JSWENERGY,PRICE,518.0,517.0,,,,517.2,518.7,518.23,522.34,515.02,518.0,521.0,520.0
JSWENERGY,VWAP,,,,,,,,,,,520.43,520.76,520.67
JSWENERGY,CASH VOL,1108603,1672819,306646,52.46,63.27,,,,,,28320,49834,66826
JSWENERGY,F&O VOL,6033,10093,,,,,,,,,64,254,466
JSWENERGY,F&O OI,37480,38011,,,,,,,,,37463,37478,37499
JSWENERGY,CALL VOL,3050,4506,,,,,,,,,36,130,228
JSWENERGY,CALL OI,5255,5643,,,,,,,,,5244,5230,5246
JSWENERGY,PUT VOL,1006,1846,,,,,,,,,11,44,82
JSWENERGY,PUT OI,2884,3005,,,,,,,,,2881,2881,2880
JSWSTEEL,PRICE,1267.0,1268.6,,,,1273.0,1270.95,1268.32,1269.38,1256.95,1267.0,1281.0,1284.0
JSWSTEEL,VWAP,,,,,,,,,,,1275.3,1277.88,1281.75
JSWSTEEL,CASH VOL,874592,942361,225689,55.04,54.01,,,,,,24804,49453,107441
JSWSTEEL,F&O VOL,19597,16092,,,,,,,,,200,2047,4896
JSWSTEEL,F&O OI,83027,83338,,,,,,,,,83042,82896,83026
JSWSTEEL,CALL VOL,8014,8941,,,,,,,,,116,1174,2731
JSWSTEEL,CALL OI,9221,9658,,,,,,,,,9224,8902,8848
JSWSTEEL,PUT VOL,3454,4048,,,,,,,,,51,512,1252
JSWSTEEL,PUT OI,8113,8099,,,,,,,,,8128,8227,8335
JUBLFOOD,PRICE,491.1,487.05,,,,491.65,491.45,491.22,493.93,481.8,491.0,490.0,490.0
JUBLFOOD,VWAP,,,,,,,,,,,490.42,490.33,490.49
JUBLFOOD,CASH VOL,1745967,2200207,787449,58.94,50.63,,,,,,27989,61104,90607
JUBLFOOD,F&O VOL,9682,17955,,,,,,,,,215,574,943
JUBLFOOD,F&O OI,29692,29896,,,,,,,,,29726,29768,29823
JUBLFOOD,CALL VOL,4504,6828,,,,,,,,,92,244,364
JUBLFOOD,CALL OI,3436,3537,,,,,,,,,3463,3503,3524
JUBLFOOD,PUT VOL,2305,4135,,,,,,,,,68,139,185
JUBLFOOD,PUT OI,2516,2539,,,,,,,,,2521,2531,2537
KALYANKJIL,PRICE,583.1,581.5,,,,585.0,584.92,583.71,595.2,586.3,583.0,588.0,586.0
KALYANKJIL,VWAP,,,,,,,,,,,587.62,587.97,587.56
KALYANKJIL,CASH VOL,3440026,4439649,801921,15.99,37.04,,,,,,167748,281055,377862
KALYANKJIL,F&O VOL,45629,37918,,,,,,,,,1089,2843,4288
KALYANKJIL,F&O OI,54534,56779,,,,,,,,,54570,54590,54538
KALYANKJIL,CALL VOL,19942,18100,,,,,,,,,824,1599,2240
KALYANKJIL,CALL OI,8710,9974,,,,,,,,,9134,8647,8643
KALYANKJIL,PUT VOL,9103,6286,,,,,,,,,235,587,822
KALYANKJIL,PUT OI,6089,6918,,,,,,,,,5304,6146,6125
KAYNES,PRICE,3455.0,3650.0,,,,3460.0,3512.0,3474.0,3493.15,3449.45,3455.0,3463.0,3464.0
KAYNES,VWAP,,,,,,,,,,,3475.73,3465.53,3461.98
KAYNES,CASH VOL,3022938,1131072,591392,22.31,22.85,,,,,,85941,166702,219687
KAYNES,F&O VOL,210451,54541,,,,,,,,,380,1309,1928
KAYNES,F&O OI,80194,55858,,,,,,,,,79948,79303,78867
KAYNES,CALL VOL,75048,20254,,,,,,,,,287,849,1122
KAYNES,CALL OI,12363,5249,,,,,,,,,12147,11745,11544
KAYNES,PUT VOL,61564,11972,,,,,,,,,67,192,265
KAYNES,PUT OI,6901,5731,,,,,,,,,6855,6797,6758
KEI,PRICE,4575.0,4596.0,,,,4575.0,4602.5,4584.17,4616.17,4548.5,4575.0,4650.0,4652.0
KEI,VWAP,,,,,,,,,,,4618.67,4627.24,4644.27
KEI,CASH VOL,182004,221739,62338,47.78,49.94,,,,,,20692,37205,112738
KEI,F&O VOL,20124,21600,,,,,,,,,1167,3247,9937
KEI,F&O OI,50177,50569,,,,,,,,,49999,49358,48737
KEI,CALL VOL,13119,12077,,,,,,,,,878,2417,6170
KEI,CALL OI,14370,14338,,,,,,,,,13063,12437,13290
KEI,PUT VOL,3715,5292,,,,,,,,,401,957,2323
KEI,PUT OI,9359,9357,,,,,,,,,8872,8835,9247
KFINTECH,PRICE,898.0,896.7,,,,897.0,898.67,898.22,920.42,901.25,898.0,904.0,901.0
KFINTECH,VWAP,,,,,,,,,,,901.57,901.3,901.35
KFINTECH,CASH VOL,569715,586492,100265,44.36,43.11,,,,,,19691,34837,42433
KFINTECH,F&O VOL,11384,8178,,,,,,,,,160,393,609
KFINTECH,F&O OI,22867,21529,,,,,,,,,22833,22848,22833
KFINTECH,CALL VOL,6482,3277,,,,,,,,,120,230,349
KFINTECH,CALL OI,6801,6103,,,,,,,,,6769,6781,6774
KFINTECH,PUT VOL,1086,1336,,,,,,,,,28,59,89
KFINTECH,PUT OI,2847,2944,,,,,,,,,2853,2843,2840
KOTAKBANK,PRICE,412.65,414.8,,,,414.65,415.18,413.49,414.88,413.29,412.0,415.0,415.0
KOTAKBANK,VWAP,,,,,,,,,,,415.52,415.62,415.56
KOTAKBANK,CASH VOL,3795161,8470861,1024309,53.81,63.15,,,,,,271450,390490,575228
KOTAKBANK,F&O VOL,41407,46381,,,,,,,,,708,2062,2830
KOTAKBANK,F&O OI,143140,143568,,,,,,,,,143094,143151,143113
KOTAKBANK,CALL VOL,18947,22369,,,,,,,,,445,1200,1557
KOTAKBANK,CALL OI,28356,28351,,,,,,,,,28349,28372,28298
KOTAKBANK,PUT VOL,11696,15603,,,,,,,,,205,695,961
KOTAKBANK,PUT OI,15008,15458,,,,,,,,,14970,14959,15000
KPITTECH,PRICE,529.05,536.8,,,,532.0,531.95,530.02,556.48,540.16,529.0,529.0,529.0
KPITTECH,VWAP,,,,,,,,,,,531.1,530.49,530.04
KPITTECH,CASH VOL,1583599,2223576,360294,31.19,30.43,,,,,,105468,184692,283895
KPITTECH,F&O VOL,26974,37171,,,,,,,,,521,1267,2155
KPITTECH,F&O OI,38732,37620,,,,,,,,,38841,38991,39003
KPITTECH,CALL VOL,12509,16285,,,,,,,,,332,552,952
KPITTECH,CALL OI,6643,6522,,,,,,,,,6703,6750,6765
KPITTECH,PUT VOL,7766,13587,,,,,,,,,123,210,383
KPITTECH,PUT OI,4730,4974,,,,,,,,,4741,4745,4734
LAURUSLABS,PRICE,2006.5,2017.5,,,,2009.5,2017.5,2010.17,1943.58,1922.75,2006.0,2011.0,2015.0
LAURUSLABS,VWAP,,,,,,,,,,,2008.8,2009.59,2013.3
LAURUSLABS,CASH VOL,1487044,2170267,372219,56.13,46.73,,,,,,87284,122387,218974
LAURUSLABS,F&O VOL,42414,74679,,,,,,,,,1557,3302,6447
LAURUSLABS,F&O OI,52756,52645,,,,,,,,,52851,52977,52955
LAURUSLABS,CALL VOL,19712,40936,,,,,,,,,928,1670,3279
LAURUSLABS,CALL OI,7343,7199,,,,,,,,,7404,7674,7364
LAURUSLABS,PUT VOL,11001,14204,,,,,,,,,414,1051,1677
LAURUSLABS,PUT OI,4458,4717,,,,,,,,,4439,5696,4589
LICHSGFIN,PRICE,565.0,568.0,,,,565.1,568.58,566.19,550.98,549.09,565.0,571.0,570.0
LICHSGFIN,VWAP,,,,,,,,,,,566.83,568.83,569.97
LICHSGFIN,CASH VOL,2772548,3749732,546543,50.65,41.83,,,,,,22221,115368,203490
LICHSGFIN,F&O VOL,3996,63220,,,,,,,,,,83,191
LICHSGFIN,F&O OI,64556,66421,,,,,,,,,64556,64593,64594
LICHSGFIN,CALL VOL,1551,30962,,,,,,,,,0,8,20
LICHSGFIN,CALL OI,7593,8405,,,,,,,,,7593,7593,7592
LICHSGFIN,PUT VOL,935,14473,,,,,,,,,0,8,16
LICHSGFIN,PUT OI,5086,5524,,,,,,,,,5086,5084,5084
LICI,PRICE,404.55,400.0,,,,404.4,404.09,403.18,404.17,397.1,404.0,402.0,402.0
LICI,VWAP,,,,,,,,,,,403.8,403.14,402.86
LICI,CASH VOL,5528988,7381704,1204668,62.98,61.25,,,,,,73749,337903,514021
LICI,F&O VOL,23838,22027,,,,,,,,,205,671,1774
LICI,F&O OI,67619,68619,,,,,,,,,67621,67587,67694
LICI,CALL VOL,10306,10329,,,,,,,,,148,399,875
LICI,CALL OI,9882,10199,,,,,,,,,11649,11649,9869
LICI,PUT VOL,4705,5662,,,,,,,,,60,94,290
LICI,PUT OI,7142,7868,,,,,,,,,7713,7720,7180
LODHA,PRICE,1144.0,1138.0,,,,1143.3,1147.35,1145.12,1129.18,1098.15,1144.0,1153.0,1157.0
LODHA,VWAP,,,,,,,,,,,1149.3,1150.75,1156.05
LODHA,CASH VOL,647829,451750,97631,29.49,33.13,,,,,,39068,65093,153620
LODHA,F&O VOL,23324,19936,,,,,,,,,329,1054,3749
LODHA,F&O OI,37114,36981,,,,,,,,,37124,37206,37039
LODHA,CALL VOL,12253,11124,,,,,,,,,228,617,2117
LODHA,CALL OI,6094,6315,,,,,,,,,6087,6053,5811
LODHA,PUT VOL,5117,4823,,,,,,,,,197,378,1082
LODHA,PUT OI,5639,5799,,,,,,,,,5673,5773,5897
LT,PRICE,3866.4,3904.8,,,,3870.0,3898.25,3877.02,3883.15,3879.45,3866.0,3901.0,3905.0
LT,VWAP,,,,,,,,,,,3894.53,3899.31,3900.36
LT,CASH VOL,1355288,947371,470570,52.22,63.59,,,,,,50179,80282,102812
LT,F&O VOL,75225,46254,,,,,,,,,3781,10092,13685
LT,F&O OI,132792,133809,,,,,,,,,132890,133134,132816
LT,CALL VOL,36025,25969,,,,,,,,,2597,6339,8253
LT,CALL OI,27557,28149,,,,,,,,,27414,27725,27518
LT,PUT VOL,19957,9741,,,,,,,,,1170,2505,3229
LT,PUT OI,17209,18132,,,,,,,,,17314,17167,17160
LTF,PRICE,304.9,307.8,,,,308.9,305.65,305.15,309.83,303.9,304.0,311.0,312.0
LTF,VWAP,,,,,,,,,,,310.73,310.95,311.4
LTF,CASH VOL,2577248,2617760,862309,48.15,51.08,,,,,,614604,903094,1382897
LTF,F&O VOL,23876,11527,,,,,,,,,5047,10371,16231
LTF,F&O OI,46245,42597,,,,,,,,,45968,45961,45615
LTF,CALL VOL,12123,5444,,,,,,,,,4449,7327,10225
LTF,CALL OI,10408,8484,,,,,,,,,10340,10298,10062
LTF,PUT VOL,6172,2937,,,,,,,,,1055,1890,3230
LTF,PUT OI,7913,7153,,,,,,,,,8021,7904,7664
LTM,PRICE,4158.3,4280.0,,,,4160.0,4152.38,4140.55,4361.95,4304.05,4158.0,4146.0,4146.0
LTM,VWAP,,,,,,,,,,,4165.43,4155.62,4151.17
LTM,CASH VOL,995608,271418,191486,28.79,36.5,,,,,,11839,27286,40810
LTM,F&O VOL,101798,21388,,,,,,,,,611,2390,4658
LTM,F&O OI,60117,54883,,,,,,,,,60188,60339,60796
LTM,CALL VOL,37953,7306,,,,,,,,,347,1028,1783
LTM,CALL OI,5073,2987,,,,,,,,,5124,5346,5579
LTM,PUT VOL,35753,4879,,,,,,,,,182,919,1475
LTM,PUT OI,4291,3323,,,,,,,,,4291,4239,4236
LUPIN,PRICE,2135.0,2124.5,,,,2125.0,2130.67,2122.0,2080.03,2074.1,2135.0,2114.0,2117.0
LUPIN,VWAP,,,,,,,,,,,2116.1,2114.78,2115.48
LUPIN,CASH VOL,597568,429137,185441,66.32,54.35,,,,,,18526,45696,77957
LUPIN,F&O VOL,15648,26224,,,,,,,,,618,1837,3227
LUPIN,F&O OI,36424,37427,,,,,,,,,36539,36643,36642
LUPIN,CALL VOL,7859,14853,,,,,,,,,257,759,1297
LUPIN,CALL OI,5331,5488,,,,,,,,,5338,5350,5299
LUPIN,PUT VOL,3364,4930,,,,,,,,,432,1015,1506
LUPIN,PUT OI,4035,4284,,,,,,,,,4153,4216,4230
M&M,PRICE,3044.5,3055.3,,,,3048.4,3064.35,3051.12,3078.65,3060.88,3044.0,3036.0,3039.0
M&M,VWAP,,,,,,,,,,,3045.0,3042.34,3039.82
M&M,CASH VOL,1708090,1056850,438779,60.91,64.44,,,,,,74972,133589,227573
M&M,F&O VOL,66955,44526,,,,,,,,,3047,8306,12946
M&M,F&O OI,129034,127951,,,,,,,,,129435,130335,130854
M&M,CALL VOL,30982,23160,,,,,,,,,2074,5257,7396
M&M,CALL OI,17959,17853,,,,,,,,,18415,18917,19116
M&M,PUT VOL,15158,10213,,,,,,,,,739,1865,2902
M&M,PUT OI,13053,13049,,,,,,,,,13098,13119,13146
MANAPPURAM,PRICE,319.3,315.1,,,,320.0,318.88,318.05,320.23,319.51,319.0,322.0,318.0
MANAPPURAM,VWAP,,,,,,,,,,,321.9,322.07,320.33
MANAPPURAM,CASH VOL,2282054,2669726,700911,50.24,45.56,,,,,,143633,356285,990878
MANAPPURAM,F&O VOL,477,340,,,,,,,,,8,17,51
MANAPPURAM,F&O OI,34271,34576,,,,,,,,,34271,34265,34255
MANAPPURAM,CALL VOL,67,58,,,,,,,,,7,7,8
MANAPPURAM,CALL OI,2153,2179,,,,,,,,,3064,2147,2147
MANAPPURAM,PUT VOL,24,37,,,,,,,,,0,0,0
MANAPPURAM,PUT OI,2492,2514,,,,,,,,,2798,2492,2492
MANKIND,PRICE,2480.0,2437.8,,,,2475.1,2474.78,2464.35,2292.38,2275.75,2480.0,2479.0,2486.0
MANKIND,VWAP,,,,,,,,,,,2478.1,2477.94,2479.9
MANKIND,CASH VOL,667075,1342757,239148,43.18,24.31,,,,,,19300,30194,50965
MANKIND,F&O VOL,55165,134508,,,,,,,,,1022,2404,3983
MANKIND,F&O OI,26441,26719,,,,,,,,,26434,26456,26547
MANKIND,CALL VOL,28347,82164,,,,,,,,,485,1092,1725
MANKIND,CALL OI,4174,4489,,,,,,,,,4250,4298,4378
MANKIND,PUT VOL,12382,16443,,,,,,,,,285,602,945
MANKIND,PUT OI,3384,2447,,,,,,,,,3411,3433,3432
MARICO,PRICE,830.0,824.4,,,,830.5,829.18,827.52,808.77,805.52,830.0,831.0,831.0
MARICO,VWAP,,,,,,,,,,,829.6,829.93,830.16
MARICO,CASH VOL,1090303,1672296,270819,64.64,48.82,,,,,,48943,79141,110977
MARICO,F&O VOL,11079,22200,,,,,,,,,193,705,1355
MARICO,F&O OI,25888,26010,,,,,,,,,25929,26008,26072
MARICO,CALL VOL,5236,11378,,,,,,,,,124,334,642
MARICO,CALL OI,4441,4268,,,,,,,,,4452,4457,4473
MARICO,PUT VOL,3851,8563,,,,,,,,,114,370,525
MARICO,PUT OI,3993,4255,,,,,,,,,4021,4065,4084
MARUTI,PRICE,12190.0,12153.0,,,,12240.0,12208.5,12196.17,12322.0,12176.0,12190.0,12215.0,12198.0
MARUTI,VWAP,,,,,,,,,,,12212.0,12219.4,12210.43
MARUTI,CASH VOL,246724,339171,50998,46.17,61.34,,,,,,7958,14634,19995
MARUTI,F&O VOL,148674,141713,,,,,,,,,5851,14881,21673
MARUTI,F&O OI,178038,177983,,,,,,,,,179006,179312,179627
MARUTI,CALL VOL,70508,58054,,,,,,,,,3174,6753,9830
MARUTI,CALL OI,21912,20790,,,,,,,,,22339,22277,22464
MARUTI,PUT VOL,34000,37011,,,,,,,,,1371,3331,4814
MARUTI,PUT OI,14998,15539,,,,,,,,,15189,15499,15534
MAXHEALTH,PRICE,1056.5,1066.6,,,,1056.5,1059.35,1057.45,1046.37,1040.5,1056.0,1058.0,1058.0
MAXHEALTH,VWAP,,,,,,,,,,,1056.6,1058.53,1058.47
MAXHEALTH,CASH VOL,1132196,965254,452906,41.35,50.53,,,,,,41734,132482,146070
MAXHEALTH,F&O VOL,16835,19741,,,,,,,,,297,1239,1744
MAXHEALTH,F&O OI,32586,32460,,,,,,,,,32603,32638,32637
MAXHEALTH,CALL VOL,6282,10251,,,,,,,,,235,763,987
MAXHEALTH,CALL OI,3713,3894,,,,,,,,,3718,3732,3725
MAXHEALTH,PUT VOL,5313,5536,,,,,,,,,145,407,586
MAXHEALTH,PUT OI,2941,3312,,,,,,,,,2953,2970,2973
MAZDOCK,PRICE,2204.0,2232.0,,,,2210.6,2223.25,2210.42,2277.27,2271.8,2204.0,2208.0,2211.0
MAZDOCK,VWAP,,,,,,,,,,,2210.7,2209.86,2209.29
MAZDOCK,CASH VOL,611823,639638,153903,41.63,37.22,,,,,,37909,52733,77805
MAZDOCK,F&O VOL,34610,43409,,,,,,,,,1133,2331,3709
MAZDOCK,F&O OI,67455,64836,,,,,,,,,67652,67832,67755
MAZDOCK,CALL VOL,15945,21424,,,,,,,,,641,1149,1687
MAZDOCK,CALL OI,10623,9891,,,,,,,,,10728,10767,10689
MAZDOCK,PUT VOL,5911,8962,,,,,,,,,464,858,1228
MAZDOCK,PUT OI,6212,6101,,,,,,,,,6311,6377,6389
MCX,PRICE,3262.6,3209.0,,,,3269.0,3258.83,3251.3,3247.6,3222.8,3262.0,3288.0,3277.0
MCX,VWAP,,,,,,,,,,,3295.1,3290.91,3287.03
MCX,CASH VOL,1069125,1267161,274708,35.7,34.6,,,,,,120383,183517,260328
MCX,F&O VOL,89039,91744,,,,,,,,,8717,16555,24064
MCX,F&O OI,88016,89207,,,,,,,,,88280,89759,90539
MCX,CALL VOL,45830,45816,,,,,,,,,5435,9589,12660
MCX,CALL OI,21444,24587,,,,,,,,,21699,22509,22759
MCX,PUT VOL,22750,26921,,,,,,,,,2728,4956,7427
MCX,PUT OI,13139,12747,,,,,,,,,13300,13697,13691
MFSL,PRICE,1554.2,1569.0,,,,1562.4,1565.15,1557.85,1538.87,1498.6,1554.0,1553.0,1549.0
MFSL,VWAP,,,,,,,,,,,1557.47,1554.72,1552.28
MFSL,CASH VOL,279864,534288,119503,55.7,56.28,,,,,,3918,10076,19925
MFSL,F&O VOL,7112,13311,,,,,,,,,140,290,657
MFSL,F&O OI,24045,24324,,,,,,,,,24074,24088,24123
MFSL,CALL VOL,2770,6022,,,,,,,,,97,170,294
MFSL,CALL OI,3661,3697,,,,,,,,,3772,3792,3731
MFSL,PUT VOL,2920,4666,,,,,,,,,69,108,169
MFSL,PUT OI,3484,3702,,,,,,,,,3081,3073,3460
MOTHERSON,PRICE,161.77,162.91,,,,162.99,162.56,162.03,162.04,160.99,161.0,163.0,163.0
MOTHERSON,VWAP,,,,,,,,,,,162.97,163.24,163.26
MOTHERSON,CASH VOL,8031394,7264642,1939908,55.01,48.09,,,,,,125214,446042,666816
MOTHERSON,F&O VOL,7692,11935,,,,,,,,,75,769,1111
MOTHERSON,F&O OI,35238,35267,,,,,,,,,35241,35277,35348
MOTHERSON,CALL VOL,3083,5682,,,,,,,,,72,434,554
MOTHERSON,CALL OI,4236,4249,,,,,,,,,4232,4245,4274
MOTHERSON,PUT VOL,2142,2332,,,,,,,,,85,204,285
MOTHERSON,PUT OI,4611,4628,,,,,,,,,4605,4606,4613
MOTILALOFS,PRICE,1007.0,995.0,,,,1016.0,1010.3,1008.1,1005.75,997.25,1007.0,1030.0,1044.0
MOTILALOFS,VWAP,,,,,,,,,,,1019.27,1023.02,1034.43
MOTILALOFS,CASH VOL,813525,277400,217209,35.47,32.39,,,,,,39544,89820,322940
MOTILALOFS,F&O VOL,13334,5457,,,,,,,,,615,2182,12391
MOTILALOFS,F&O OI,13608,13457,,,,,,,,,13633,13640,14772
MOTILALOFS,CALL VOL,9633,3398,,,,,,,,,544,1646,9075
MOTILALOFS,CALL OI,4307,4336,,,,,,,,,4161,4346,4639
MOTILALOFS,PUT VOL,1983,872,,,,,,,,,173,484,1898
MOTILALOFS,PUT OI,1530,1494,,,,,,,,,1637,1525,1958
MPHASIS,PRICE,2265.0,2296.2,,,,2265.0,2280.5,2270.17,2367.2,2322.67,2265.0,2241.0,2235.0
MPHASIS,VWAP,,,,,,,,,,,2252.93,2246.59,2241.38
MPHASIS,CASH VOL,506297,206512,183501,58.53,38.17,,,,,,13978,29437,51239
MPHASIS,F&O VOL,13765,8914,,,,,,,,,684,1530,3327
MPHASIS,F&O OI,31410,29627,,,,,,,,,31451,31422,31795
MPHASIS,CALL VOL,6411,4075,,,,,,,,,465,951,1509
MPHASIS,CALL OI,4181,3215,,,,,,,,,4113,4135,4241
MPHASIS,PUT VOL,2549,2336,,,,,,,,,156,470,1293
MPHASIS,PUT OI,2614,2777,,,,,,,,,2644,2668,2740
MUTHOOTFIN,PRICE,2831.5,2854.2,,,,2831.0,2848.0,2837.0,2823.12,2787.15,2831.0,2844.0,2837.0
MUTHOOTFIN,VWAP,,,,,,,,,,,2846.0,2844.74,2843.15
MUTHOOTFIN,CASH VOL,484238,433892,133221,55.45,57.48,,,,,,32744,55992,75267
MUTHOOTFIN,F&O VOL,24677,30140,,,,,,,,,910,1796,3200
MUTHOOTFIN,F&O OI,65243,65686,,,,,,,,,65249,65380,65458
MUTHOOTFIN,CALL VOL,11483,15377,,,,,,,,,616,1201,1827
MUTHOOTFIN,CALL OI,14932,15314,,,,,,,,,14910,14943,15059
MUTHOOTFIN,PUT VOL,5921,7189,,,,,,,,,232,414,659
MUTHOOTFIN,PUT OI,9229,9464,,,,,,,,,9260,9303,9295
NAM-INDIA,PRICE,1159.0,1146.7,,,,1153.3,1156.68,1152.05,1153.4,1150.2,1159.0,1163.0,1159.0
NAM-INDIA,VWAP,,,,,,,,,,,1161.1,1161.41,1161.73
NAM-INDIA,CASH VOL,699444,654535,301332,53.22,50.76,,,,,,25631,35100,60129
NAM-INDIA,F&O VOL,6839,4740,,,,,,,,,159,373,750
NAM-INDIA,F&O OI,19643,19539,,,,,,,,,19617,19558,19527
NAM-INDIA,CALL VOL,2862,2507,,,,,,,,,135,211,424
NAM-INDIA,CALL OI,2155,2142,,,,,,,,,2131,2101,2061
NAM-INDIA,PUT VOL,1114,738,,,,,,,,,34,93,162
NAM-INDIA,PUT OI,1680,1817,,,,,,,,,1668,1661,1661
NATIONALUM,PRICE,352.2,352.5,,,,352.5,351.68,350.65,357.55,352.85,352.0,356.0,357.0
NATIONALUM,VWAP,,,,,,,,,,,355.58,355.83,356.42
NATIONALUM,CASH VOL,2687468,2961381,739381,50.55,51.39,,,,,,239107,397897,666578
NATIONALUM,F&O VOL,27397,24315,,,,,,,,,1712,4229,6749
NATIONALUM,F&O OI,53696,53702,,,,,,,,,53693,54131,54269
NATIONALUM,CALL VOL,16153,13956,,,,,,,,,1129,2307,3924
NATIONALUM,CALL OI,14666,14529,,,,,,,,,14648,14779,14852
NATIONALUM,PUT VOL,6186,5812,,,,,,,,,312,1364,1804
NATIONALUM,PUT OI,9534,9998,,,,,,,,,9566,9712,9710
NAUKRI,PRICE,1304.0,1296.4,,,,1295.6,1304.4,1304.13,1276.4,1259.6,1304.0,1313.0,1318.0
NAUKRI,VWAP,,,,,,,,,,,1307.93,1310.17,1313.13
NAUKRI,CASH VOL,1322215,1697517,218286,44.29,54.17,,,,,,25362,43482,90700
NAUKRI,F&O VOL,19246,30517,,,,,,,,,743,1442,2903
NAUKRI,F&O OI,36091,36354,,,,,,,,,36231,36219,36040
NAUKRI,CALL VOL,11919,18610,,,,,,,,,589,1089,2073
NAUKRI,CALL OI,5157,5238,,,,,,,,,5273,5272,5069
NAUKRI,PUT VOL,4207,7618,,,,,,,,,99,274,506
NAUKRI,PUT OI,2676,2782,,,,,,,,,2671,2691,2705
NBCC,PRICE,81.9,83.15,,,,81.75,82.57,82.12,82.27,82.0,81.0,82.0,82.0
NBCC,VWAP,,,,,,,,,,,81.96,82.12,82.15
NBCC,CASH VOL,4367203,4386703,1076174,42.7,39.5,,,,,,191605,412316,598940
NBCC,F&O VOL,5922,3805,,,,,,,,,101,417,704
NBCC,F&O OI,24165,24186,,,,,,,,,24185,24189,24146
NBCC,CALL VOL,3117,2178,,,,,,,,,58,191,315
NBCC,CALL OI,4748,4914,,,,,,,,,4753,4744,4694
NBCC,PUT VOL,788,480,,,,,,,,,26,113,191
NBCC,PUT OI,2076,2164,,,,,,,,,2085,2103,2114
NESTLEIND,PRICE,1363.9,1385.0,,,,1370.0,1378.4,1368.73,1370.6,1367.0,1363.0,1370.0,1365.0
NESTLEIND,VWAP,,,,,,,,,,,1369.5,1369.72,1367.4
NESTLEIND,CASH VOL,865008,573071,315388,65.91,52.31,,,,,,18912,30243,49027
NESTLEIND,F&O VOL,18232,30098,,,,,,,,,221,691,1875
NESTLEIND,F&O OI,36436,37168,,,,,,,,,36483,36453,36478
NESTLEIND,CALL VOL,5924,9262,,,,,,,,,125,375,988
NESTLEIND,CALL OI,3598,3652,,,,,,,,,3634,3635,3666
NESTLEIND,PUT VOL,6445,12402,,,,,,,,,83,217,449
NESTLEIND,PUT OI,4474,5151,,,,,,,,,4485,4515,4488
NHPC,PRICE,76.01,75.8,,,,76.02,76.04,76.02,76.7,76.19,76.0,76.0,76.0
NHPC,VWAP,,,,,,,,,,,76.32,76.52,76.53
NHPC,CASH VOL,9874034,10406252,2495879,54.74,59.79,,,,,,167568,829205,1065708
NHPC,F&O VOL,7695,5021,,,,,,,,,91,426,897
NHPC,F&O OI,31545,31566,,,,,,,,,31548,31573,31715
NHPC,CALL VOL,2991,2230,,,,,,,,,80,225,411
NHPC,CALL OI,4038,4300,,,,,,,,,4036,4032,4076
NHPC,PUT VOL,992,717,,,,,,,,,28,79,142
NHPC,PUT OI,2260,2289,,,,,,,,,2263,2252,2276
NMDC,PRICE,80.2,79.8,,,,80.07,80.08,79.83,81.47,79.92,80.0,80.0,80.0
NMDC,VWAP,,,,,,,,,,,80.39,80.55,80.7
NMDC,CASH VOL,8885406,8513163,2909382,52.84,57.12,,,,,,390022,784562,1221129
NMDC,F&O VOL,15874,15964,,,,,,,,,337,1066,2228
NMDC,F&O OI,77427,77343,,,,,,,,,77445,77338,77081
NMDC,CALL VOL,3791,2967,,,,,,,,,143,615,1072
NMDC,CALL OI,5324,5158,,,,,,,,,5327,5235,4991
NMDC,PUT VOL,1818,1002,,,,,,,,,107,195,353
NMDC,PUT OI,3884,4072,,,,,,,,,3897,3883,3894
NTPC,PRICE,327.8,326.4,,,,326.5,327.62,327.27,329.95,325.75,327.0,327.0,328.0
NTPC,VWAP,,,,,,,,,,,327.82,327.93,328.0
NTPC,CASH VOL,6219007,5098202,1614878,63.87,54.45,,,,,,131230,202773,319195
NTPC,F&O VOL,25786,24528,,,,,,,,,398,976,1881
NTPC,F&O OI,112442,114794,,,,,,,,,112483,112614,112618
NTPC,CALL VOL,12356,14184,,,,,,,,,384,598,1108
NTPC,CALL OI,19727,20639,,,,,,,,,19750,19770,19812
NTPC,PUT VOL,5810,5348,,,,,,,,,115,238,369
NTPC,PUT OI,7144,7448,,,,,,,,,7155,7240,7243
NYKAA,PRICE,333.55,336.0,,,,333.55,333.98,333.69,334.42,332.91,333.0,334.0,333.0
NYKAA,VWAP,,,,,,,,,,,333.42,333.77,333.55
NYKAA,CASH VOL,1885771,4082160,1002308,52.21,53.9,,,,,,51459,86043,149036
NYKAA,F&O VOL,6410,11680,,,,,,,,,91,239,652
NYKAA,F&O OI,17057,16944,,,,,,,,,17054,17059,17011
NYKAA,CALL VOL,3043,6574,,,,,,,,,30,82,275
NYKAA,CALL OI,2637,2556,,,,,,,,,2637,2640,2600
NYKAA,PUT VOL,1770,2827,,,,,,,,,35,107,244
NYKAA,PUT OI,1846,1885,,,,,,,,,1852,1853,1824
OBEROIRLTY,PRICE,1845.6,1821.0,,,,1842.1,1839.67,1827.8,1764.17,1722.5,1845.0,1851.0,1853.0
OBEROIRLTY,VWAP,,,,,,,,,,,1846.87,1849.13,1850.65
OBEROIRLTY,CASH VOL,470585,960192,102180,54.85,63.93,,,,,,6684,17328,31891
OBEROIRLTY,F&O VOL,15264,24871,,,,,,,,,225,563,1256
OBEROIRLTY,F&O OI,26499,26793,,,,,,,,,26495,26523,26614
OBEROIRLTY,CALL VOL,7412,13375,,,,,,,,,129,305,657
OBEROIRLTY,CALL OI,4165,4573,,,,,,,,,4029,4126,4171
OBEROIRLTY,PUT VOL,2441,2459,,,,,,,,,62,135,315
OBEROIRLTY,PUT OI,2338,2420,,,,,,,,,2541,2379,2371
OFSS,PRICE,10989.0,10911.0,,,,10989.0,10983.67,10973.0,11839.83,11727.5,10989.0,10978.0,10981.0
OFSS,VWAP,,,,,,,,,,,11005.33,10991.08,10987.09
OFSS,CASH VOL,232724,565241,53863,35.83,33.39,,,,,,11248,17177,24668
OFSS,F&O VOL,69324,141003,,,,,,,,,1747,4430,7976
OFSS,F&O OI,45611,45069,,,,,,,,,45593,45955,45984
OFSS,CALL VOL,24959,32740,,,,,,,,,1018,1802,3099
OFSS,CALL OI,6206,5833,,,,,,,,,6452,6562,6524
OFSS,PUT VOL,13941,53917,,,,,,,,,353,707,1239
OFSS,PUT OI,4678,5347,,,,,,,,,4603,4677,4756
OIL,PRICE,467.0,478.35,,,,467.0,471.2,468.4,491.98,481.12,467.0,468.0,466.0
OIL,VWAP,,,,,,,,,,,468.63,468.52,468.02
OIL,CASH VOL,2648023,830047,981653,39.1,54.91,,,,,,28576,46365,88347
OIL,F&O VOL,25780,5282,,,,,,,,,262,585,1037
OIL,F&O OI,21677,20483,,,,,,,,,21735,21760,21734
OIL,CALL VOL,8740,1222,,,,,,,,,123,220,356
OIL,CALL OI,2239,1278,,,,,,,,,2430,2433,2277
OIL,PUT VOL,8339,1455,,,,,,,,,156,221,361
OIL,PUT OI,2077,1904,,,,,,,,,2335,2321,2086
ONGC,PRICE,236.13,235.63,,,,235.5,235.77,235.06,237.2,234.27,236.0,235.0,235.0
ONGC,VWAP,,,,,,,,,,,234.81,235.01,235.14
ONGC,CASH VOL,8097173,6114044,2199167,56.77,61.33,,,,,,375503,692826,1004823
ONGC,F&O VOL,47050,36455,,,,,,,,,1227,2979,4871
ONGC,F&O OI,67725,68414,,,,,,,,,67884,67961,67847
ONGC,CALL VOL,26546,20833,,,,,,,,,805,1649,2632
ONGC,CALL OI,20938,21602,,,,,,,,,21011,20995,20909
ONGC,PUT VOL,10576,9233,,,,,,,,,472,1054,1449
ONGC,PUT OI,7155,7851,,,,,,,,,7214,7195,7199
PAGEIND,PRICE,37150.0,35950.0,,,,37480.0,37003.33,36710.0,36000.0,35200.0,37150.0,37400.0,37250.0
PAGEIND,VWAP,,,,,,,,,,,37328.33,37342.35,37320.9
PAGEIND,CASH VOL,38196,15472,8360,25.92,36.3,,,,,,1475,2555,3406
PAGEIND,F&O VOL,66808,14315,,,,,,,,,1346,3157,6254
PAGEIND,F&O OI,20918,18783,,,,,,,,,20921,21026,21226
PAGEIND,CALL VOL,45486,5370,,,,,,,,,1404,2456,3874
PAGEIND,CALL OI,4597,4050,,,,,,,,,4554,4649,4750
PAGEIND,PUT VOL,11565,2090,,,,,,,,,165,607,1076
PAGEIND,PUT OI,2148,1233,,,,,,,,,2177,2151,2200
PATANJALI,PRICE,404.0,396.2,,,,404.0,403.8,403.4,361.86,351.57,404.0,405.0,407.0
PATANJALI,VWAP,,,,,,,,,,,405.03,405.03,405.68
PATANJALI,CASH VOL,15560500,23162107,1615673,13.44,12.38,,,,,,393687,566449,817816
PATANJALI,F&O VOL,234670,337013,,,,,,,,,4417,8479,15493
PATANJALI,F&O OI,81637,75388,,,,,,,,,82161,82757,82524
PATANJALI,CALL VOL,126522,159814,,,,,,,,,2894,4777,8007
PATANJALI,CALL OI,15414,12766,,,,,,,,,16270,16613,15785
PATANJALI,PUT VOL,46592,35886,,,,,,,,,1420,2221,3364
PATANJALI,PUT OI,7209,5889,,,,,,,,,9468,9612,7590
PAYTM,PRICE,1814.4,1810.0,,,,1814.4,1815.35,1814.72,1830.32,1791.15,1814.0,1797.0,1768.0
PAYTM,VWAP,,,,,,,,,,,1811.07,1805.09,1786.75
PAYTM,CASH VOL,1208769,5052267,287022,33.76,53.13,,,,,,74614,193116,473047
PAYTM,F&O VOL,47772,94458,,,,,,,,,1660,7326,25245
PAYTM,F&O OI,64943,65828,,,,,,,,,64948,65067,65809
PAYTM,CALL VOL,19036,38558,,,,,,,,,1159,3348,9764
PAYTM,CALL OI,14232,15163,,,,,,,,,16282,14546,15322
PAYTM,PUT VOL,13794,28335,,,,,,,,,879,3020,9439
PAYTM,PUT OI,10953,10974,,,,,,,,,10719,10830,10920
PERSISTENT,PRICE,5366.0,5449.0,,,,5400.0,5411.0,5381.0,5574.0,5468.67,5366.0,5322.0,5281.0
PERSISTENT,VWAP,,,,,,,,,,,5354.5,5335.01,5321.49
PERSISTENT,CASH VOL,350423,352582,69565,42.32,41.83,,,,,,36793,61105,82702
PERSISTENT,F&O VOL,39150,32724,,,,,,,,,2766,6530,14641
PERSISTENT,F&O OI,55073,55721,,,,,,,,,55486,56040,57126
PERSISTENT,CALL VOL,17837,14563,,,,,,,,,2054,4255,7288
PERSISTENT,CALL OI,11045,10337,,,,,,,,,11480,11903,12347
PERSISTENT,PUT VOL,13135,10116,,,,,,,,,972,2049,5268
PERSISTENT,PUT OI,8376,9212,,,,,,,,,8364,8537,8920
PETRONET,PRICE,281.75,287.5,,,,282.05,284.27,282.59,290.21,285.43,281.0,283.0,285.0
PETRONET,VWAP,,,,,,,,,,,283.33,283.37,284.57
PETRONET,CASH VOL,1996961,1124206,513867,63.96,54.46,,,,,,30976,49607,129009
PETRONET,F&O VOL,7208,4039,,,,,,,,,75,250,944
PETRONET,F&O OI,23894,23767,,,,,,,,,23906,23906,23809
PETRONET,CALL VOL,3758,1440,,,,,,,,,36,190,705
PETRONET,CALL OI,4457,4423,,,,,,,,,4464,4457,4430
PETRONET,PUT VOL,1933,912,,,,,,,,,28,65,168
PETRONET,PUT OI,2247,2204,,,,,,,,,2247,2230,2224
PFC,PRICE,345.8,344.75,,,,345.55,345.47,344.8,348.0,344.37,345.0,346.0,347.0
PFC,VWAP,,,,,,,,,,,346.28,346.51,346.73
PFC,CASH VOL,7604431,9174012,2593548,62.25,72.53,,,,,,116635,235521,384411
PFC,F&O VOL,28589,26236,,,,,,,,,515,3388,5424
PFC,F&O OI,122694,122667,,,,,,,,,122678,123534,123808
PFC,CALL VOL,12581,9511,,,,,,,,,194,762,1317
PFC,CALL OI,12676,13351,,,,,,,,,12638,12692,12607
PFC,PUT VOL,4895,5547,,,,,,,,,255,549,764
PFC,PUT OI,11229,11423,,,,,,,,,11252,11229,11222
PGEL,PRICE,520.2,536.55,,,,522.85,530.23,523.54,529.1,529.0,520.0,526.0,526.0
PGEL,VWAP,,,,,,,,,,,524.23,525.41,525.65
PGEL,CASH VOL,855489,853299,341366,40.38,42.33,,,,,,30783,68602,94984
PGEL,F&O VOL,15337,7488,,,,,,,,,233,779,1187
PGEL,F&O OI,24518,23650,,,,,,,,,24567,24566,24553
PGEL,CALL VOL,7870,2992,,,,,,,,,137,354,490
PGEL,CALL OI,3860,3373,,,,,,,,,3511,3868,3878
PGEL,PUT VOL,4365,1963,,,,,,,,,143,321,425
PGEL,PUT OI,2919,2872,,,,,,,,,2802,2938,2953
PHOENIXLTD,PRICE,1953.4,1929.0,,,,1960.0,1950.32,1944.15,1875.83,1871.7,1953.0,1964.0,1968.0
PHOENIXLTD,VWAP,,,,,,,,,,,1961.63,1962.1,1964.73
PHOENIXLTD,CASH VOL,421114,344969,134895,60.74,45.25,,,,,,25662,31408,55284
PHOENIXLTD,F&O VOL,8146,15555,,,,,,,,,299,672,1561
PHOENIXLTD,F&O OI,15957,16160,,,,,,,,,16000,15994,16084
PHOENIXLTD,CALL VOL,4694,12069,,,,,,,,,281,448,966
PHOENIXLTD,CALL OI,1859,1993,,,,,,,,,1869,1830,1842
PHOENIXLTD,PUT VOL,1767,1729,,,,,,,,,66,240,422
PHOENIXLTD,PUT OI,1284,1190,,,,,,,,,1299,1354,1407
PIDILITIND,PRICE,1572.7,1573.2,,,,1575.1,1574.85,1573.42,1568.07,1560.0,1572.0,1588.0,1584.0
PIDILITIND,VWAP,,,,,,,,,,,1583.6,1586.47,1585.77
PIDILITIND,CASH VOL,482511,240443,229884,60.31,57.33,,,,,,18047,31645,41278
PIDILITIND,F&O VOL,5760,4691,,,,,,,,,186,523,749
PIDILITIND,F&O OI,16336,16331,,,,,,,,,16388,16389,16390
PIDILITIND,CALL VOL,2387,2202,,,,,,,,,207,368,483
PIDILITIND,CALL OI,2102,1975,,,,,,,,,2140,2125,2150
PIDILITIND,PUT VOL,1830,1424,,,,,,,,,35,134,182
PIDILITIND,PUT OI,1942,2072,,,,,,,,,1934,1964,1952
PIIND,PRICE,2410.0,2321.8,,,,2407.2,2403.12,2389.35,2337.5,2278.9,2410.0,2415.0,2410.0
PIIND,VWAP,,,,,,,,,,,2402.0,2405.27,2407.54
PIIND,CASH VOL,837735,68758,125795,17.28,47.58,,,,,,12285,18104,26292
PIIND,F&O VOL,168366,11560,,,,,,,,,1218,3389,5379
PIIND,F&O OI,54215,48814,,,,,,,,,54207,53936,53840
PIIND,CALL VOL,120748,6057,,,,,,,,,1049,2641,3772
PIIND,CALL OI,11612,9615,,,,,,,,,11628,11257,11254
PIIND,PUT VOL,29970,2294,,,,,,,,,185,656,983
PIIND,PUT OI,6313,5605,,,,,,,,,6294,6269,6250
PNB,PRICE,117.0,118.0,,,,116.61,117.72,117.24,117.17,116.96,117.0,117.0,117.0
PNB,VWAP,,,,,,,,,,,117.09,117.17,117.38
PNB,CASH VOL,8967547,8624424,2435347,46.16,44.66,,,,,,410726,832991,1416493
PNB,F&O VOL,19457,18144,,,,,,,,,208,765,2231
PNB,F&O OI,50795,51032,,,,,,,,,50806,50906,50888
PNB,CALL VOL,7995,8474,,,,,,,,,180,400,1216
PNB,CALL OI,6785,6926,,,,,,,,,6686,6735,6811
PNB,PUT VOL,4703,5201,,,,,,,,,72,190,514
PNB,PUT OI,4361,4979,,,,,,,,,4743,4744,4321
PNBHOUSING,PRICE,1125.6,1141.1,,,,1125.1,1134.35,1128.52,1144.0,1136.73,1125.0,1133.0,1138.0
PNBHOUSING,VWAP,,,,,,,,,,,1130.47,1131.8,1135.54
PNBHOUSING,CASH VOL,217294,1155761,79473,45.6,54.04,,,,,,15007,20734,194721
PNBHOUSING,F&O VOL,6310,13339,,,,,,,,,72,266,985
PNBHOUSING,F&O OI,25049,24926,,,,,,,,,25064,25128,25109
PNBHOUSING,CALL VOL,2438,6890,,,,,,,,,46,144,487
PNBHOUSING,CALL OI,3854,3690,,,,,,,,,3648,3908,3916
PNBHOUSING,PUT VOL,1874,3844,,,,,,,,,26,78,250
PNBHOUSING,PUT OI,2409,2411,,,,,,,,,2444,2420,2410
POLICYBZR,PRICE,1805.0,1793.0,,,,1800.0,1800.02,1790.05,1778.55,1754.85,1805.0,1817.0,1812.0
POLICYBZR,VWAP,,,,,,,,,,,1808.43,1814.66,1814.02
POLICYBZR,CASH VOL,793833,814918,439949,60.22,57.4,,,,,,26135,60619,91706
POLICYBZR,F&O VOL,14472,21105,,,,,,,,,375,2310,3831
POLICYBZR,F&O OI,38644,39894,,,,,,,,,38567,38642,38569
POLICYBZR,CALL VOL,7296,11991,,,,,,,,,342,1489,2155
POLICYBZR,CALL OI,5676,6012,,,,,,,,,5605,5560,5459
POLICYBZR,PUT VOL,2744,2953,,,,,,,,,71,499,892
POLICYBZR,PUT OI,4856,4966,,,,,,,,,4844,4875,4859
POLYCAB,PRICE,8350.0,8369.5,,,,8398.5,8393.5,8364.5,8345.33,8236.0,8350.0,8413.0,8407.0
POLYCAB,VWAP,,,,,,,,,,,8396.67,8399.97,8403.43
POLYCAB,CASH VOL,231281,211821,56685,55.91,54.7,,,,,,6786,11707,20435
POLYCAB,F&O VOL,26795,28736,,,,,,,,,604,1466,3559
POLYCAB,F&O OI,57079,59911,,,,,,,,,57175,57234,57273
POLYCAB,CALL VOL,12789,13664,,,,,,,,,299,779,1705
POLYCAB,CALL OI,10153,10714,,,,,,,,,10202,10202,10265
POLYCAB,PUT VOL,5712,7457,,,,,,,,,241,545,972
POLYCAB,PUT OI,9284,9909,,,,,,,,,9318,9359,9387
POWERGRID,PRICE,265.95,266.1,,,,265.95,267.12,266.34,269.68,268.43,265.0,266.0,267.0
POWERGRID,VWAP,,,,,,,,,,,266.6,266.63,266.81
POWERGRID,CASH VOL,7314792,6934502,2485718,64.77,64.06,,,,,,205532,304650,449228
POWERGRID,F&O VOL,21608,21718,,,,,,,,,387,917,1686
POWERGRID,F&O OI,65865,66160,,,,,,,,,65863,65821,65887
POWERGRID,CALL VOL,9783,9632,,,,,,,,,285,570,888
POWERGRID,CALL OI,10433,10641,,,,,,,,,10425,10420,10396
POWERGRID,PUT VOL,6032,5356,,,,,,,,,83,248,416
POWERGRID,PUT OI,6089,6572,,,,,,,,,6086,6068,6092
POWERINDIA,PRICE,31415.0,31870.0,,,,31565.0,31872.5,31567.5,32190.83,31172.5,31415.0,31480.0,31440.0
POWERINDIA,VWAP,,,,,,,,,,,31468.33,31457.24,31441.45
POWERINDIA,CASH VOL,89147,64069,24295,40.79,45.62,,,,,,4183,7031,9556
POWERINDIA,F&O VOL,69905,47473,,,,,,,,,1467,4014,7574
POWERINDIA,F&O OI,59920,58803,,,,,,,,,60242,60454,60786
POWERINDIA,CALL VOL,33191,16582,,,,,,,,,1381,2390,4271
POWERINDIA,CALL OI,12953,12238,,,,,,,,,13220,13419,13609
POWERINDIA,PUT VOL,19022,12669,,,,,,,,,424,792,1450
POWERINDIA,PUT OI,8641,8773,,,,,,,,,8691,8659,8687
PREMIERENE,PRICE,907.2,919.9,,,,909.8,908.1,907.5,929.4,911.13,907.0,909.0,908.0
PREMIERENE,VWAP,,,,,,,,,,,907.7,908.07,908.4
PREMIERENE,CASH VOL,1202025,1174173,279331,56.27,50.58,,,,,,53149,72751,103533
PREMIERENE,F&O VOL,10419,18514,,,,,,,,,256,529,1425
PREMIERENE,F&O OI,35393,33836,,,,,,,,,35416,35407,35310
PREMIERENE,CALL VOL,4704,10433,,,,,,,,,168,272,787
PREMIERENE,CALL OI,8896,8608,,,,,,,,,7958,7968,8749
PREMIERENE,PUT VOL,1747,3205,,,,,,,,,110,170,394
PREMIERENE,PUT OI,6113,6118,,,,,,,,,5935,5924,6126
PRESTIGE,PRICE,1479.6,1474.0,,,,1479.6,1477.92,1474.55,1469.95,1446.72,1479.0,1486.0,1486.0
PRESTIGE,VWAP,,,,,,,,,,,1483.43,1484.11,1485.81
PRESTIGE,CASH VOL,512562,294871,70271,71.07,36.05,,,,,,5991,7914,12399
PRESTIGE,F&O VOL,6877,7745,,,,,,,,,29,388,946
PRESTIGE,F&O OI,24954,25246,,,,,,,,,24945,24869,24756
PRESTIGE,CALL VOL,2995,4441,,,,,,,,,21,123,377
PRESTIGE,CALL OI,3337,3536,,,,,,,,,3329,3324,3309
PRESTIGE,PUT VOL,1257,1421,,,,,,,,,29,64,118
PRESTIGE,PUT OI,3336,3429,,,,,,,,,3335,3352,3362
RADICO,PRICE,4448.8,4480.0,,,,4450.4,4474.15,4457.25,4495.97,4417.1,4448.0,4547.0,4564.0
RADICO,VWAP,,,,,,,,,,,4488.0,4528.07,4566.44
RADICO,CASH VOL,160829,421324,59000,57.36,51.56,,,,,,5600,25949,105516
RADICO,F&O VOL,6443,16103,,,,,,,,,115,2971,22371
RADICO,F&O OI,14464,14568,,,,,,,,,14474,14652,17392
RADICO,CALL VOL,3825,9457,,,,,,,,,132,3159,15971
RADICO,CALL OI,4223,4282,,,,,,,,,4192,4493,5953
RADICO,PUT VOL,1563,3237,,,,,,,,,62,528,4491
RADICO,PUT OI,1862,1891,,,,,,,,,1926,1905,2559
RBLBANK,PRICE,423.2,402.4,,,,423.2,420.01,413.62,412.67,406.23,423.0,425.0,426.0
RBLBANK,VWAP,,,,,,,,,,,424.08,424.52,425.31
RBLBANK,CASH VOL,7366610,2214016,2014015,28.6,44.71,,,,,,301080,645434,1040495
RBLBANK,F&O VOL,59236,11053,,,,,,,,,2080,5146,9392
RBLBANK,F&O OI,30185,25110,,,,,,,,,30225,30466,31090
RBLBANK,CALL VOL,31310,5812,,,,,,,,,1307,3209,5042
RBLBANK,CALL OI,6144,5783,,,,,,,,,6140,6169,6264
RBLBANK,PUT VOL,14466,1814,,,,,,,,,715,1445,2195
RBLBANK,PUT OI,3976,1808,,,,,,,,,3951,4115,4291
RECLTD,PRICE,307.1,310.2,,,,308.0,309.05,307.75,312.0,312.0,307.0,309.0,310.0
RECLTD,VWAP,,,,,,,,,,,308.57,309.12,309.26
RECLTD,CASH VOL,4641953,3372052,844457,63.28,64.98,,,,,,634869,1318669,1478894
RECLTD,F&O VOL,19826,15716,,,,,,,,,623,2268,4334
RECLTD,F&O OI,62948,62163,,,,,,,,,62883,62809,62589
RECLTD,CALL VOL,8997,6994,,,,,,,,,241,1016,1853
RECLTD,CALL OI,8170,8333,,,,,,,,,8120,8017,7908
RECLTD,PUT VOL,3906,2871,,,,,,,,,157,692,1264
RECLTD,PUT OI,5840,5640,,,,,,,,,5863,5909,5835
RELIANCE,PRICE,1240.4,1247.4,,,,1242.0,1244.65,1241.82,1246.9,1233.23,1240.0,1242.0,1243.0
RELIANCE,VWAP,,,,,,,,,,,1243.5,1244.17,1243.92
RELIANCE,CASH VOL,10684376,10007218,4004031,57.18,64.57,,,,,,331253,552409,759399
RELIANCE,F&O VOL,320167,356718,,,,,,,,,7387,21286,41027
RELIANCE,F&O OI,647898,643302,,,,,,,,,648635,649593,651006
RELIANCE,CALL VOL,112516,146811,,,,,,,,,4051,8794,14345
RELIANCE,CALL OI,52827,50350,,,,,,,,,80982,53497,53904
RELIANCE,PUT VOL,65911,75889,,,,,,,,,2072,5625,9132
RELIANCE,PUT OI,37308,40140,,,,,,,,,45997,37509,37625
RVNL,PRICE,211.15,209.71,,,,211.8,211.47,211.26,211.1,204.72,211.0,211.0,212.0
RVNL,VWAP,,,,,,,,,,,211.34,211.43,211.62
RVNL,CASH VOL,4049857,6562323,935296,23.96,26.17,,,,,,137823,270280,457349
RVNL,F&O VOL,26931,46739,,,,,,,,,339,1022,2638
RVNL,F&O OI,51385,52838,,,,,,,,,51373,51427,51265
RVNL,CALL VOL,14731,27876,,,,,,,,,299,674,1531
RVNL,CALL OI,12866,14326,,,,,,,,,12852,12911,12786
RVNL,PUT VOL,5463,9873,,,,,,,,,55,187,493
RVNL,PUT OI,7273,7525,,,,,,,,,7270,7263,7317
SAIL,PRICE,174.01,177.3,,,,174.5,176.14,174.72,177.04,176.47,174.0,176.0,178.0
SAIL,VWAP,,,,,,,,,,,176.57,176.61,177.21
SAIL,CASH VOL,7065250,7044243,2313118,40.67,41.89,,,,,,499500,1472473,3243772
SAIL,F&O VOL,4818,1406,,,,,,,,,,14,44
SAIL,F&O OI,49886,49926,,,,,,,,,49886,49886,49881
SAIL,CALL VOL,7,3,,,,,,,,,0,1,2
SAIL,CALL OI,1437,1439,,,,,,,,,910,1437,1437
SAIL,PUT VOL,36,29,,,,,,,,,0,2,3
SAIL,PUT OI,2762,2766,,,,,,,,,2379,2762,2762
SBICARD,PRICE,634.95,637.0,,,,636.0,636.65,635.52,647.06,638.88,634.0,636.0,637.0
SBICARD,VWAP,,,,,,,,,,,637.82,637.26,637.25
SBICARD,CASH VOL,676501,950045,330439,49.69,56.98,,,,,,20355,36743,44688
SBICARD,F&O VOL,15230,10005,,,,,,,,,318,756,1244
SBICARD,F&O OI,49364,49789,,,,,,,,,49328,49345,49334
SBICARD,CALL VOL,6800,4223,,,,,,,,,164,314,474
SBICARD,CALL OI,6805,6793,,,,,,,,,6768,6772,6744
SBICARD,PUT VOL,3045,2310,,,,,,,,,128,238,371
SBICARD,PUT OI,5346,5785,,,,,,,,,5330,5340,5352
SBILIFE,PRICE,1756.3,1756.0,,,,1758.0,1756.35,1756.32,1724.67,1712.0,1756.0,1750.0,1746.0
SBILIFE,VWAP,,,,,,,,,,,1757.23,1752.76,1750.1
SBILIFE,CASH VOL,329671,707336,99285,57.89,60.5,,,,,,12809,20919,32085
SBILIFE,F&O VOL,12761,22983,,,,,,,,,490,1104,1947
SBILIFE,F&O OI,38335,38809,,,,,,,,,38317,38382,38407
SBILIFE,CALL VOL,5940,13019,,,,,,,,,350,690,1136
SBILIFE,CALL OI,8111,8237,,,,,,,,,8335,8139,8174
SBILIFE,PUT VOL,3864,6947,,,,,,,,,175,386,670
SBILIFE,PUT OI,5583,5943,,,,,,,,,4717,5602,5588
SBIN,PRICE,987.0,996.0,,,,987.0,990.7,988.23,992.45,984.95,987.0,988.0,990.0
SBIN,VWAP,,,,,,,,,,,990.07,989.92,990.24
SBIN,CASH VOL,6126235,3590054,1750730,49.82,53.0,,,,,,224530,375949,579023
SBIN,F&O VOL,217574,110786,,,,,,,,,4676,15797,23634
SBIN,F&O OI,302655,297314,,,,,,,,,302643,301968,301712
SBIN,CALL VOL,100308,45393,,,,,,,,,2901,7942,11362
SBIN,CALL OI,41009,38097,,,,,,,,,40724,39917,39724
SBIN,PUT VOL,56087,27603,,,,,,,,,1760,4618,6478
SBIN,PUT OI,31553,31272,,,,,,,,,31797,31869,31946
SHREECEM,PRICE,22200.0,22550.0,,,,22210.0,22407.5,22269.17,22510.83,22332.5,22200.0,22350.0,22440.0
SHREECEM,VWAP,,,,,,,,,,,22346.67,22362.08,22356.09
SHREECEM,CASH VOL,9585,34945,3307,41.31,68.96,,,,,,294,816,1355
SHREECEM,F&O VOL,17473,20783,,,,,,,,,366,1084,2311
SHREECEM,F&O OI,29292,29230,,,,,,,,,29374,29361,29310
SHREECEM,CALL VOL,5789,8355,,,,,,,,,106,264,1022
SHREECEM,CALL OI,3197,3352,,,,,,,,,3079,3115,3160
SHREECEM,PUT VOL,1591,3336,,,,,,,,,76,225,265
SHREECEM,PUT OI,1739,1808,,,,,,,,,2011,1998,1802
SHRIRAMFIN,PRICE,1006.0,1011.8,,,,1012.0,1006.05,1006.02,1009.58,1008.75,1006.0,1016.0,1013.0
SHRIRAMFIN,VWAP,,,,,,,,,,,1014.87,1015.38,1014.94
SHRIRAMFIN,CASH VOL,3773069,2189525,1250739,63.92,62.71,,,,,,132921,208566,305325
SHRIRAMFIN,F&O VOL,39903,22796,,,,,,,,,1170,3280,4890
SHRIRAMFIN,F&O OI,68847,66106,,,,,,,,,68811,68877,69022
SHRIRAMFIN,CALL VOL,20337,11368,,,,,,,,,995,2144,2845
SHRIRAMFIN,CALL OI,14534,12513,,,,,,,,,14502,14623,14674
SHRIRAMFIN,PUT VOL,11186,5411,,,,,,,,,317,827,1263
SHRIRAMFIN,PUT OI,10658,10319,,,,,,,,,10648,10661,10701
SIEMENS,PRICE,3858.0,3887.0,,,,3878.3,3902.2,3872.73,3883.67,3823.2,3858.0,3874.0,3862.0
SIEMENS,VWAP,,,,,,,,,,,3873.93,3872.82,3870.52
SIEMENS,CASH VOL,257553,196942,47893,41.84,42.98,,,,,,7457,11552,15026
SIEMENS,F&O VOL,29455,20848,,,,,,,,,375,1120,2379
SIEMENS,F&O OI,41021,39592,,,,,,,,,41075,41089,41007
SIEMENS,CALL VOL,17829,10182,,,,,,,,,365,815,1523
SIEMENS,CALL OI,7690,6465,,,,,,,,,7721,7719,7706
SIEMENS,PUT VOL,5614,4663,,,,,,,,,142,335,585
SIEMENS,PUT OI,5552,5634,,,,,,,,,5585,5574,5547
SOLARINDS,PRICE,19890.0,19265.0,,,,20050.0,19850.0,19770.0,20590.0,19233.33,19890.0,20255.0,20250.0
SOLARINDS,VWAP,,,,,,,,,,,20138.33,20215.46,20224.74
SOLARINDS,CASH VOL,396641,215492,68954,40.15,34.31,,,,,,17041,41261,63124
SOLARINDS,F&O VOL,273732,150766,,,,,,,,,9860,28657,44508
SOLARINDS,F&O OI,85837,88684,,,,,,,,,87082,87751,88854
SOLARINDS,CALL VOL,153135,84223,,,,,,,,,7198,18857,27262
SOLARINDS,CALL OI,17979,21528,,,,,,,,,18787,19106,19630
SOLARINDS,PUT VOL,36757,11057,,,,,,,,,1273,3439,6404
SOLARINDS,PUT OI,10561,9678,,,,,,,,,10768,11115,11404
SONACOMS,PRICE,809.0,795.25,,,,808.55,806.51,801.52,800.51,785.52,809.0,812.0,807.0
SONACOMS,VWAP,,,,,,,,,,,806.5,810.38,810.32
SONACOMS,CASH VOL,1560055,2121116,425067,43.4,41.24,,,,,,72734,183643,248189
SONACOMS,F&O VOL,15283,20477,,,,,,,,,278,2832,4243
SONACOMS,F&O OI,22308,22329,,,,,,,,,22368,22413,22422
SONACOMS,CALL VOL,8398,11444,,,,,,,,,296,1914,2601
SONACOMS,CALL OI,4376,4501,,,,,,,,,4430,4349,4321
SONACOMS,PUT VOL,3437,4442,,,,,,,,,92,760,1021
SONACOMS,PUT OI,2572,2485,,,,,,,,,2589,2558,2578
SRF,PRICE,2538.3,2540.0,,,,2545.0,2540.35,2538.98,2510.4,2507.2,2538.0,2546.0,2551.0
SRF,VWAP,,,,,,,,,,,2546.9,2546.9,2548.15
SRF,CASH VOL,69512,103302,24514,54.42,51.19,,,,,,2459,4283,7077
SRF,F&O VOL,8928,8568,,,,,,,,,229,825,1550
SRF,F&O OI,36311,36547,,,,,,,,,36337,36345,36257
SRF,CALL VOL,4471,4725,,,,,,,,,75,265,569
SRF,CALL OI,6893,7251,,,,,,,,,6885,6931,6870
SRF,PUT VOL,2571,2521,,,,,,,,,149,515,837
SRF,PUT OI,4970,5102,,,,,,,,,5023,4970,4961
SUNPHARMA,PRICE,1846.4,1868.9,,,,1846.4,1859.35,1850.72,1852.6,1842.4,1846.0,1850.0,1846.0
SUNPHARMA,VWAP,,,,,,,,,,,1850.97,1851.29,1849.84
SUNPHARMA,CASH VOL,1062235,2534364,429192,63.66,53.63,,,,,,41684,66150,88297
SUNPHARMA,F&O VOL,52633,128207,,,,,,,,,1424,3717,5885
SUNPHARMA,F&O OI,87230,86982,,,,,,,,,87278,87437,87458
SUNPHARMA,CALL VOL,28330,81790,,,,,,,,,1018,2391,3266
SUNPHARMA,CALL OI,17655,16576,,,,,,,,,21787,17803,17816
SUNPHARMA,PUT VOL,13571,33361,,,,,,,,,458,1010,1509
SUNPHARMA,PUT OI,10290,11545,,,,,,,,,10553,10325,10370
SUPREMEIND,PRICE,3460.5,3500.0,,,,3477.8,3473.55,3464.85,3528.58,3425.15,3460.0,3478.0,3482.0
SUPREMEIND,VWAP,,,,,,,,,,,3477.1,3476.27,3479.93
SUPREMEIND,CASH VOL,194956,134302,46482,65.35,42.7,,,,,,2803,3826,8771
SUPREMEIND,F&O VOL,15295,19734,,,,,,,,,313,533,990
SUPREMEIND,F&O OI,22634,21835,,,,,,,,,22671,22739,22781
SUPREMEIND,CALL VOL,8101,10995,,,,,,,,,168,319,624
SUPREMEIND,CALL OI,4537,4020,,,,,,,,,4574,4633,4655
SUPREMEIND,PUT VOL,4879,6309,,,,,,,,,136,176,291
SUPREMEIND,PUT OI,3040,2989,,,,,,,,,3039,3042,3054
SUZLON,PRICE,43.0,43.34,,,,43.0,43.56,43.19,43.36,43.22,43.0,42.0,42.0
SUZLON,VWAP,,,,,,,,,,,42.98,42.85,42.71
SUZLON,CASH VOL,41578320,26003443,9674047,43.21,43.49,,,,,,2687107,5875696,10615469
SUZLON,F&O VOL,25977,13786,,,,,,,,,562,1767,3541
SUZLON,F&O OI,65548,63590,,,,,,,,,65619,66037,66127
SUZLON,CALL VOL,10441,4375,,,,,,,,,207,720,1438
SUZLON,CALL OI,9048,8680,,,,,,,,,9112,9257,9299
SUZLON,PUT VOL,3570,1660,,,,,,,,,68,241,485
SUZLON,PUT OI,4252,4437,,,,,,,,,4253,4287,4291
SWIGGY,PRICE,284.05,272.7,,,,284.3,282.21,278.52,275.73,273.94,284.0,284.0,281.0
SWIGGY,VWAP,,,,,,,,,,,287.07,286.11,284.52
SWIGGY,CASH VOL,32604564,20354755,6599109,59.9,55.06,,,,,,1552003,2651865,4365514
SWIGGY,F&O VOL,84593,43869,,,,,,,,,6908,14496,22459
SWIGGY,F&O OI,97384,95286,,,,,,,,,97268,97262,97880
SWIGGY,CALL VOL,42815,22875,,,,,,,,,5420,9818,13199
SWIGGY,CALL OI,16383,17867,,,,,,,,,16735,16869,16667
SWIGGY,PUT VOL,18256,7998,,,,,,,,,1659,3000,5019
SWIGGY,PUT OI,14036,13297,,,,,,,,,14037,13887,13802
TATACONSUM,PRICE,984.1,1000.6,,,,988.4,995.05,987.75,1003.15,998.38,984.0,990.0,988.0
TATACONSUM,VWAP,,,,,,,,,,,988.1,988.94,988.76
TATACONSUM,CASH VOL,683063,688026,181521,56.82,50.36,,,,,,21902,33966,46971
TATACONSUM,F&O VOL,17524,19094,,,,,,,,,354,1066,1998
TATACONSUM,F&O OI,51928,52088,,,,,,,,,51956,51958,52013
TATACONSUM,CALL VOL,7975,8272,,,,,,,,,263,625,949
TATACONSUM,CALL OI,3881,3755,,,,,,,,,3894,3947,3916
TATACONSUM,PUT VOL,3810,5029,,,,,,,,,167,293,496
TATACONSUM,PUT OI,5839,6069,,,,,,,,,5850,5839,5833
TATAELXSI,PRICE,3220.0,3287.0,,,,3220.0,3247.5,3229.17,3399.4,3310.93,3220.0,3242.0,3246.0
TATAELXSI,VWAP,,,,,,,,,,,3235.4,3240.81,3241.71
TATAELXSI,CASH VOL,523177,336930,114317,30.64,43.5,,,,,,15997,30273,38424
TATAELXSI,F&O VOL,62685,26519,,,,,,,,,1058,3440,5258
TATAELXSI,F&O OI,50134,43524,,,,,,,,,50187,50138,50184
TATAELXSI,CALL VOL,27158,9181,,,,,,,,,892,2064,2762
TATAELXSI,CALL OI,9068,5237,,,,,,,,,9046,9037,9109
TATAELXSI,PUT VOL,18756,5962,,,,,,,,,390,934,1297
TATAELXSI,PUT OI,5184,4685,,,,,,,,,5254,5294,5263
TATAPOWER,PRICE,367.0,367.15,,,,367.0,367.95,367.32,372.84,368.92,367.0,367.0,368.0
TATAPOWER,VWAP,,,,,,,,,,,367.65,367.89,368.03
TATAPOWER,CASH VOL,2521297,2875538,624657,50.68,49.9,,,,,,46129,85129,133285
TATAPOWER,F&O VOL,24019,25821,,,,,,,,,385,1028,1984
TATAPOWER,F&O OI,88625,89958,,,,,,,,,88674,88712,88674
TATAPOWER,CALL VOL,10741,12896,,,,,,,,,255,588,918
TATAPOWER,CALL OI,14009,14491,,,,,,,,,14020,14061,14009
TATAPOWER,PUT VOL,7634,8529,,,,,,,,,129,323,557
TATAPOWER,PUT OI,12764,13277,,,,,,,,,12798,12801,12780
TATASTEEL,PRICE,184.97,183.4,,,,184.88,184.75,184.3,185.32,184.88,184.0,186.0,187.0
TATASTEEL,VWAP,,,,,,,,,,,185.55,186.35,186.65
TATASTEEL,CASH VOL,17525509,9933718,4782471,42.32,40.21,,,,,,807342,2313885,3488955
TATASTEEL,F&O VOL,136614,79608,,,,,,,,,1709,11916,22917
TATASTEEL,F&O OI,188899,188444,,,,,,,,,189114,189433,189704
TATASTEEL,CALL VOL,54277,39658,,,,,,,,,1163,6540,10818
TATASTEEL,CALL OI,29050,32662,,,,,,,,,29143,28652,28296
TATASTEEL,PUT VOL,27406,19167,,,,,,,,,957,4508,7439
TATASTEEL,PUT OI,20025,20783,,,,,,,,,20073,20473,20717
TCS,PRICE,2105.0,2128.7,,,,2099.0,2116.7,2108.9,2212.1,2140.7,2105.0,2093.0,2093.0
TCS,VWAP,,,,,,,,,,,2095.7,2093.36,2093.13
TCS,CASH VOL,3641623,2330811,1601252,55.0,39.81,,,,,,164995,293252,388768
TCS,F&O VOL,282969,338178,,,,,,,,,13151,26118,44516
TCS,F&O OI,300227,299670,,,,,,,,,302426,304164,305017
TCS,CALL VOL,89905,118686,,,,,,,,,7142,10424,17622
TCS,CALL OI,30880,30097,,,,,,,,,32632,19411,34039
TCS,PUT VOL,95940,107268,,,,,,,,,5090,9255,12664
TCS,PUT OI,20268,21836,,,,,,,,,20287,18499,20047
TECHM,PRICE,1551.6,1558.5,,,,1540.0,1549.33,1544.8,1575.9,1550.03,1551.0,1549.0,1548.0
TECHM,VWAP,,,,,,,,,,,1549.23,1548.55,1548.38
TECHM,CASH VOL,1013719,970714,272827,55.79,49.96,,,,,,33752,52214,75591
TECHM,F&O VOL,33257,25932,,,,,,,,,1001,2059,3820
TECHM,F&O OI,62239,61863,,,,,,,,,62434,62480,62492
TECHM,CALL VOL,12352,11564,,,,,,,,,506,893,1664
TECHM,CALL OI,10048,10128,,,,,,,,,10888,10129,10190
TECHM,PUT VOL,12091,9233,,,,,,,,,562,964,1550
TECHM,PUT OI,6410,6582,,,,,,,,,6076,6509,6527
TIINDIA,PRICE,2574.0,2588.0,,,,2574.0,2587.9,2578.63,2586.63,2559.9,2574.0,2578.0,2579.0
TIINDIA,VWAP,,,,,,,,,,,2574.5,2576.39,2578.05
TIINDIA,CASH VOL,81195,95386,22395,46.77,53.98,,,,,,1702,4074,6335
TIINDIA,F&O VOL,7838,5127,,,,,,,,,48,187,358
TIINDIA,F&O OI,21729,21267,,,,,,,,,21738,21728,21753
TIINDIA,CALL VOL,4734,2742,,,,,,,,,36,75,139
TIINDIA,CALL OI,3779,3035,,,,,,,,,3785,3788,3806
TIINDIA,PUT VOL,1070,795,,,,,,,,,39,107,133
TIINDIA,PUT OI,2306,2283,,,,,,,,,2308,2290,2289
TITAN,PRICE,4928.5,4875.0,,,,4928.5,4926.42,4922.25,4893.5,4830.17,4928.0,4937.0,4933.0
TITAN,VWAP,,,,,,,,,,,4941.0,4940.54,4937.07
TITAN,CASH VOL,1238174,665067,241601,52.44,49.83,,,,,,21804,42745,61367
TITAN,F&O VOL,133841,57826,,,,,,,,,1795,4121,7267
TITAN,F&O OI,63479,63049,,,,,,,,,63552,63484,63486
TITAN,CALL VOL,71701,29791,,,,,,,,,1224,2497,4033
TITAN,CALL OI,15221,16464,,,,,,,,,15231,13122,15243
TITAN,PUT VOL,44643,18098,,,,,,,,,822,1632,2386
TITAN,PUT OI,11079,10777,,,,,,,,,11098,11014,11029
TMPV,PRICE,300.05,301.65,,,,300.1,300.65,300.25,308.32,305.31,300.0,300.0,301.0
TMPV,VWAP,,,,,,,,,,,300.1,300.48,300.74
TMPV,CASH VOL,6935097,8488497,2151260,49.11,46.77,,,,,,323068,548507,806248
TMPV,F&O VOL,79917,80539,,,,,,,,,2586,5269,9601
TMPV,F&O OI,139568,138779,,,,,,,,,139662,139724,139676
TMPV,CALL VOL,38941,41047,,,,,,,,,1692,2970,5032
TMPV,CALL OI,26135,26206,,,,,,,,,26056,26069,25978
TMPV,PUT VOL,16118,18963,,,,,,,,,489,1056,1640
TMPV,PUT OI,18254,19208,,,,,,,,,18325,18369,18416
TORNTPHARM,PRICE,4935.0,4970.0,,,,4924.0,4947.0,4939.0,4871.75,4850.58,4935.0,4918.0,4917.0
TORNTPHARM,VWAP,,,,,,,,,,,4903.67,4908.24,4918.7
TORNTPHARM,CASH VOL,244345,361244,59440,64.69,55.61,,,,,,5208,7751,14936
TORNTPHARM,F&O VOL,8832,31408,,,,,,,,,344,727,1644
TORNTPHARM,F&O OI,36963,37106,,,,,,,,,37024,37085,37142
TORNTPHARM,CALL VOL,4513,18394,,,,,,,,,132,349,829
TORNTPHARM,CALL OI,3906,3825,,,,,,,,,3951,3947,3960
TORNTPHARM,PUT VOL,2323,6984,,,,,,,,,154,299,547
TORNTPHARM,PUT OI,2593,2833,,,,,,,,,2598,2616,2627
TRENT,PRICE,2782.9,2815.5,,,,2782.9,2801.05,2788.95,2807.32,2773.95,2782.0,2786.0,2775.0
TRENT,VWAP,,,,,,,,,,,2789.43,2787.64,2776.88
TRENT,CASH VOL,764083,592996,254412,46.79,56.21,,,,,,10891,22075,115862
TRENT,F&O VOL,45977,29580,,,,,,,,,624,1867,4117
TRENT,F&O OI,76529,76282,,,,,,,,,76639,76736,76871
TRENT,CALL VOL,27471,15145,,,,,,,,,623,1244,2443
TRENT,CALL OI,14933,14872,,,,,,,,,14988,15088,15144
TRENT,PUT VOL,8773,6946,,,,,,,,,185,327,843
TRENT,PUT OI,6422,6980,,,,,,,,,6484,6466,6444
TVSMOTOR,PRICE,4140.0,4155.0,,,,4130.2,4161.05,4147.02,4147.03,4098.5,4140.0,4125.0,4136.0
TVSMOTOR,VWAP,,,,,,,,,,,4146.1,4139.45,4138.96
TVSMOTOR,CASH VOL,544904,183197,191548,66.48,44.25,,,,,,16303,32562,106288
TVSMOTOR,F&O VOL,26290,22071,,,,,,,,,499,1804,3319
TVSMOTOR,F&O OI,68249,68641,,,,,,,,,68208,68211,68132
TVSMOTOR,CALL VOL,10452,9784,,,,,,,,,373,904,1530
TVSMOTOR,CALL OI,8724,9323,,,,,,,,,8714,8696,8658
TVSMOTOR,PUT VOL,8114,6285,,,,,,,,,171,681,1061
TVSMOTOR,PUT OI,6950,7150,,,,,,,,,6934,6898,6880
ULTRACEMCO,PRICE,11000.0,11100.0,,,,11050.0,11071.0,11023.67,10959.17,10849.5,11000.0,11089.0,11118.0
ULTRACEMCO,VWAP,,,,,,,,,,,11089.33,11096.54,11096.74
ULTRACEMCO,CASH VOL,320797,152231,75593,60.99,60.47,,,,,,5736,9724,14886
ULTRACEMCO,F&O VOL,27782,34584,,,,,,,,,809,2617,5079
ULTRACEMCO,F&O OI,66727,66545,,,,,,,,,66781,67118,67042
ULTRACEMCO,CALL VOL,7200,13329,,,,,,,,,684,1399,2198
ULTRACEMCO,CALL OI,4502,4180,,,,,,,,,4556,4693,4563
ULTRACEMCO,PUT VOL,6051,8017,,,,,,,,,481,1000,1552
ULTRACEMCO,PUT OI,5550,5198,,,,,,,,,5590,5721,5725
UNIONBANK,PRICE,178.0,178.09,,,,178.0,177.78,177.33,177.68,176.93,178.0,179.0,179.0
UNIONBANK,VWAP,,,,,,,,,,,178.95,179.4,179.59
UNIONBANK,CASH VOL,5275793,4110898,1675039,47.81,53.56,,,,,,245742,672020,967542
UNIONBANK,F&O VOL,15231,7915,,,,,,,,,253,901,2540
UNIONBANK,F&O OI,44953,45572,,,,,,,,,45001,44997,45027
UNIONBANK,CALL VOL,6429,3609,,,,,,,,,186,416,1053
UNIONBANK,CALL OI,8383,8213,,,,,,,,,8416,8381,8313
UNIONBANK,PUT VOL,3733,1832,,,,,,,,,138,272,637
UNIONBANK,PUT OI,8086,8149,,,,,,,,,8125,8138,8114
UNITDSPR,PRICE,1398.0,1397.0,,,,1398.0,1397.92,1397.75,1387.65,1376.55,1398.0,1421.0,1430.0
UNITDSPR,VWAP,,,,,,,,,,,1411.17,1417.6,1424.7
UNITDSPR,CASH VOL,387186,773709,89121,57.94,60.31,,,,,,11757,32077,82912
UNITDSPR,F&O VOL,9052,18406,,,,,,,,,1034,3129,10065
UNITDSPR,F&O OI,31745,31944,,,,,,,,,31723,31819,32636
UNITDSPR,CALL VOL,4469,9824,,,,,,,,,815,2782,7622
UNITDSPR,CALL OI,4171,4518,,,,,,,,,3799,4064,4802
UNITDSPR,PUT VOL,1776,2929,,,,,,,,,247,688,1795
UNITDSPR,PUT OI,2877,3090,,,,,,,,,2610,2605,3073
UNOMINDA,PRICE,1226.0,1227.5,,,,1235.0,1230.4,1227.47,1263.28,1221.85,1226.0,1232.0,1236.0
UNOMINDA,VWAP,,,,,,,,,,,1231.57,1231.49,1233.57
UNOMINDA,CASH VOL,316922,716308,72034,41.0,42.39,,,,,,7611,12538,23162
UNOMINDA,F&O VOL,7589,15069,,,,,,,,,123,220,460
UNOMINDA,F&O OI,16977,17597,,,,,,,,,16973,17004,16993
UNOMINDA,CALL VOL,3719,6267,,,,,,,,,95,154,288
UNOMINDA,CALL OI,4115,4383,,,,,,,,,3975,4130,4100
UNOMINDA,PUT VOL,1691,7023,,,,,,,,,25,44,121
UNOMINDA,PUT OI,2487,2704,,,,,,,,,2505,2491,2503
UPL,PRICE,559.9,559.9,,,,557.6,559.52,558.77,574.97,564.9,559.0,558.0,558.0
UPL,VWAP,,,,,,,,,,,557.92,558.3,558.79
UPL,CASH VOL,2741227,2691176,813949,65.65,66.46,,,,,,31485,57423,108773
UPL,F&O VOL,12750,14879,,,,,,,,,188,522,1102
UPL,F&O OI,36465,35744,,,,,,,,,36439,36436,36444
UPL,CALL VOL,5559,6233,,,,,,,,,178,345,609
UPL,CALL OI,5776,5741,,,,,,,,,5753,5733,5724
UPL,PUT VOL,3822,5430,,,,,,,,,37,154,298
UPL,PUT OI,4496,4634,,,,,,,,,4489,4494,4489
VBL,PRICE,430.0,425.0,,,,430.1,429.67,429.0,419.37,414.2,430.0,435.0,437.0
VBL,VWAP,,,,,,,,,,,432.2,434.06,434.82
VBL,CASH VOL,5138730,4940296,1350360,51.87,49.52,,,,,,154840,610671,950964
VBL,F&O VOL,40402,42193,,,,,,,,,760,5086,14577
VBL,F&O OI,97320,99399,,,,,,,,,97540,97328,96936
VBL,CALL VOL,20082,21220,,,,,,,,,989,3822,7595
VBL,CALL OI,17445,19721,,,,,,,,,17377,16998,16221
VBL,PUT VOL,8671,10578,,,,,,,,,252,1822,3412
VBL,PUT OI,9746,10047,,,,,,,,,10459,10290,9740
VEDL,PRICE,263.0,260.5,,,,262.8,262.67,262.02,265.08,260.05,263.0,267.0,268.0
VEDL,VWAP,,,,,,,,,,,265.45,265.98,266.97
VEDL,CASH VOL,5419840,6600043,1765945,50.93,53.02,,,,,,725707,1327899,2358535
VEDL,F&O VOL,50985,39158,,,,,,,,,5696,16130,37997
VEDL,F&O OI,122935,123869,,,,,,,,,122498,121783,122418
VEDL,CALL VOL,27849,23919,,,,,,,,,3713,10301,24828
VEDL,CALL OI,27966,28252,,,,,,,,,27011,26085,26767
VEDL,PUT VOL,9140,5994,,,,,,,,,1220,3202,6865
VEDL,PUT OI,16653,16531,,,,,,,,,17052,16952,17072
VMM,PRICE,104.03,101.65,,,,105.0,103.58,102.69,102.03,100.78,104.0,105.0,105.0
VMM,VWAP,,,,,,,,,,,104.42,104.82,104.98
VMM,CASH VOL,12806676,6538236,6073455,59.89,54.12,,,,,,785344,1915993,2949149
VMM,F&O VOL,18385,5350,,,,,,,,,574,1359,3233
VMM,F&O OI,25659,25036,,,,,,,,,25671,25721,25887
VMM,CALL VOL,9794,2467,,,,,,,,,414,1213,1987
VMM,CALL OI,6033,5813,,,,,,,,,6000,6022,6113
VMM,PUT VOL,2156,976,,,,,,,,,81,293,521
VMM,PUT OI,3477,3372,,,,,,,,,3485,3508,3495
VOLTAS,PRICE,1100.8,1142.1,,,,1092.9,1121.55,1107.72,1144.95,1122.25,1100.0,1102.0,1103.0
VOLTAS,VWAP,,,,,,,,,,,1100.37,1100.46,1101.42
VOLTAS,CASH VOL,1090998,887002,293472,49.43,36.99,,,,,,77060,102583,145085
VOLTAS,F&O VOL,69118,60775,,,,,,,,,3771,8001,12415
VOLTAS,F&O OI,68928,61534,,,,,,,,,69971,70548,71375
VOLTAS,CALL VOL,32972,33224,,,,,,,,,1408,2720,3964
VOLTAS,CALL OI,10926,7628,,,,,,,,,11229,11250,11382
VOLTAS,PUT VOL,18123,14714,,,,,,,,,2111,3720,5434
VOLTAS,PUT OI,7783,7051,,,,,,,,,8497,8739,9093
WAAREEENER,PRICE,2494.8,2499.0,,,,2505.1,2513.6,2501.07,2557.97,2552.5,2494.0,2508.0,2513.0
WAAREEENER,VWAP,,,,,,,,,,,2505.67,2506.1,2507.55
WAAREEENER,CASH VOL,1148630,492008,380632,38.78,44.31,,,,,,26915,45338,70325
WAAREEENER,F&O VOL,48353,31860,,,,,,,,,591,1900,4046
WAAREEENER,F&O OI,81638,81017,,,,,,,,,81709,81621,81498
WAAREEENER,CALL VOL,28149,18177,,,,,,,,,514,1124,1998
WAAREEENER,CALL OI,14469,14596,,,,,,,,,14562,14543,14361
WAAREEENER,PUT VOL,11628,4844,,,,,,,,,149,470,1045
WAAREEENER,PUT OI,5832,6202,,,,,,,,,5825,5809,5720
WIPRO,PRICE,166.0,164.55,,,,164.7,165.54,164.61,168.32,167.33,166.0,165.0,164.0
WIPRO,VWAP,,,,,,,,,,,165.09,165.04,165.0
WIPRO,CASH VOL,14726893,9282035,2874792,52.82,39.54,,,,,,582272,868581,1343083
WIPRO,F&O VOL,70652,50766,,,,,,,,,1784,4043,6453
WIPRO,F&O OI,145466,148086,,,,,,,,,145798,145937,146025
WIPRO,CALL VOL,24922,22500,,,,,,,,,788,1809,2629
WIPRO,CALL OI,13905,15288,,,,,,,,,13927,14079,14183
WIPRO,PUT VOL,18208,10976,,,,,,,,,818,1419,1811
WIPRO,PUT OI,11066,10684,,,,,,,,,11151,11197,11246
YESBANK,PRICE,23.2,23.17,,,,23.2,23.19,23.16,23.09,22.84,23.0,23.0,23.0
YESBANK,VWAP,,,,,,,,,,,23.25,23.23,23.24
YESBANK,CASH VOL,36775729,52755958,10551265,58.61,51.24,,,,,,1732677,3286095,5858987
YESBANK,F&O VOL,13475,12915,,,,,,,,,396,674,1625
YESBANK,F&O OI,65701,66530,,,,,,,,,65659,65674,65633
YESBANK,CALL VOL,6946,6428,,,,,,,,,297,404,1005
YESBANK,CALL OI,13502,14223,,,,,,,,,13465,13462,13423
YESBANK,PUT VOL,2246,2554,,,,,,,,,96,126,233
YESBANK,PUT OI,7537,8041,,,,,,,,,7514,7514,7499
ZYDUSLIFE,PRICE,1162.3,1161.0,,,,1156.0,1169.0,1164.53,1148.88,1126.65,1162.0,1163.0,1162.0
ZYDUSLIFE,VWAP,,,,,,,,,,,1160.3,1161.87,1162.58
ZYDUSLIFE,CASH VOL,1243696,864429,178135,56.15,57.68,,,,,,14675,29430,38543
ZYDUSLIFE,F&O VOL,16753,13299,,,,,,,,,296,567,1179
ZYDUSLIFE,F&O OI,23385,22898,,,,,,,,,23418,23446,23409
ZYDUSLIFE,CALL VOL,9165,7204,,,,,,,,,261,460,767
ZYDUSLIFE,CALL OI,4422,4219,,,,,,,,,4049,4078,4422
ZYDUSLIFE,PUT VOL,3865,2811,,,,,,,,,37,70,135
ZYDUSLIFE,PUT OI,1909,2010,,,,,,,,,2090,2095,1921
