Symbol,Metric,PrevDay,PrevDay2,PrevLastHr,DelivPct,DelivPctPrev,Open,dTC,dBC,wTC,wBC,09:20,09:30,09:40,09:50,10:00,10:10
360ONE,PRICE,1045.0,1073.0,,,,1040.0,1059.1,1049.7,1092.15,1079.38,1038.0,1030.0,1023.0,1028.0,1034.0,1033.0
360ONE,VWAP,,,,,,,,,,,1037.1,1032.78,1030.7,1030.55,1031.08,1031.18
360ONE,CASH VOL,575628,738050,134599,48.42,59.4,,,,,,117811,323568,433942,480568,578152,600793
360ONE,F&O VOL,21411,18308,,,,,,,,,443,1400,2141,2670,3050,3262
360ONE,F&O OI,19644,21520,,,,,,,,,19522,19380,19352,19184,19149,19105
360ONE,CALL VOL,5572,5229,,,,,,,,,155,415,606,749,871,909
360ONE,CALL OI,2086,3313,,,,,,,,,1987,1660,1606,1520,1807,1798
360ONE,PUT VOL,4435,4187,,,,,,,,,151,359,495,583,693,722
360ONE,PUT OI,1645,2863,,,,,,,,,1617,1457,1457,1433,1529,1519
360ONE,CALL SPRD,,,,,,,,,,,,,,,,
360ONE,PUT SPRD,,,,,,,,,,,,,,,,
ABB,PRICE,6972.5,7052.5,,,,6950.0,6976.0,6973.67,7215.25,7106.75,6942.0,6922.0,6881.0,6874.0,6875.0,6842.0
ABB,VWAP,,,,,,,,,,,6938.33,6925.69,6912.43,6898.82,6896.08,6886.19
ABB,CASH VOL,209202,80574,62241,52.76,36.96,,,,,,6898,14415,26163,37886,41524,51782
ABB,F&O VOL,37858,35303,,,,,,,,,489,1652,3332,5324,6550,7657
ABB,F&O OI,31979,31407,,,,,,,,,31884,31748,31780,31392,31222,31173
ABB,CALL VOL,8538,7329,,,,,,,,,246,543,1072,1512,1878,1951
ABB,CALL OI,2327,2814,,,,,,,,,3173,3081,3197,3061,2981,2097
ABB,PUT VOL,9331,9551,,,,,,,,,144,452,820,1400,1661,1880
ABB,PUT OI,2512,3265,,,,,,,,,2967,2900,2823,2597,2509,2020
ABB,CALL SPRD,,,,,,,,,,,,,,,,
ABB,PUT SPRD,,,,,,,,,,,,,,,,
ABCAPITAL,PRICE,382.7,390.0,,,,381.0,384.83,383.41,395.12,391.71,380.0,378.0,377.0,378.0,378.0,376.0
ABCAPITAL,VWAP,,,,,,,,,,,380.25,379.01,378.2,378.36,378.5,378.36
ABCAPITAL,CASH VOL,1840670,2752305,561447,49.07,50.86,,,,,,78855,186332,309900,425928,529585,618971
ABCAPITAL,F&O VOL,17773,24944,,,,,,,,,272,942,1809,2309,2769,3038
ABCAPITAL,F&O OI,23380,23930,,,,,,,,,23339,23294,23342,23334,23315,23328
ABCAPITAL,CALL VOL,2234,4070,,,,,,,,,52,112,313,395,463,390
ABCAPITAL,CALL OI,1051,1353,,,,,,,,,1357,1035,1267,1243,1230,972
ABCAPITAL,PUT VOL,2545,6035,,,,,,,,,54,154,380,444,507,527
ABCAPITAL,PUT OI,1369,1862,,,,,,,,,1422,1307,1333,1305,1294,1208
ABCAPITAL,CALL SPRD,,,,,,,,,,,,,,,,
ABCAPITAL,PUT SPRD,,,,,,,,,,,,,,,,
ADANIENSOL,PRICE,1287.9,1338.5,,,,1287.8,1310.5,1295.43,1373.7,1350.23,1282.0,1286.0,1280.0,1283.0,1281.0,1278.0
ADANIENSOL,VWAP,,,,,,,,,,,1283.53,1284.54,1283.75,1283.54,1283.31,1282.77
ADANIENSOL,CASH VOL,1230234,1534753,398552,43.55,44.6,,,,,,97684,158069,209468,256562,300016,335625
ADANIENSOL,F&O VOL,29148,32019,,,,,,,,,310,1366,2280,2971,3535,4200
ADANIENSOL,F&O OI,50803,52611,,,,,,,,,50825,50931,50959,50855,50814,50918
ADANIENSOL,CALL VOL,2968,3992,,,,,,,,,29,143,242,266,297,299
ADANIENSOL,CALL OI,1236,1306,,,,,,,,,1227,1216,1208,1191,1181,1177
ADANIENSOL,PUT VOL,3321,4197,,,,,,,,,40,110,170,307,400,436
ADANIENSOL,PUT OI,1327,1701,,,,,,,,,1320,1311,1299,1227,1207,1189
ADANIENSOL,CALL SPRD,,,,,,,,,,,,,,,,
ADANIENSOL,PUT SPRD,,,,,,,,,,,,,,,,
ADANIENT,PRICE,2831.1,2916.5,,,,2834.6,2867.5,2843.23,2962.15,2931.72,2819.0,2821.0,2811.0,2814.0,2811.0,2795.0
ADANIENT,VWAP,,,,,,,,,,,2819.77,2820.55,2818.29,2817.86,2817.0,2814.33
ADANIENT,CASH VOL,1259525,570504,293623,42.4,27.63,,,,,,46510,84667,138621,179949,204311,242687
ADANIENT,F&O VOL,132106,82005,,,,,,,,,1876,6602,11478,15479,17982,20862
ADANIENT,F&O OI,100816,100799,,,,,,,,,100666,100621,100503,100307,100393,100334
ADANIENT,CALL VOL,37709,28158,,,,,,,,,860,1851,2976,3761,4027,4512
ADANIENT,CALL OI,10196,10792,,,,,,,,,9992,9797,9540,9199,9144,8961
ADANIENT,PUT VOL,31871,17338,,,,,,,,,369,943,1685,2267,2542,2838
ADANIENT,PUT OI,5710,8030,,,,,,,,,5698,5616,5444,5221,5194,5048
ADANIENT,CALL SPRD,,,,,,,,,,,,,,,,
ADANIENT,PUT SPRD,,,,,,,,,,,,,,,,
ADANIGREEN,PRICE,1235.0,1296.6,,,,1235.0,1260.5,1243.5,1301.1,1298.1,1225.0,1230.0,1227.0,1233.0,1235.0,1230.0
ADANIGREEN,VWAP,,,,,,,,,,,1229.0,1229.26,1228.53,1229.47,1230.43,1230.61
ADANIGREEN,CASH VOL,1819424,972126,525197,36.92,45.68,,,,,,81092,128054,173553,225896,272931,323040
ADANIGREEN,F&O VOL,64444,36806,,,,,,,,,928,2886,4295,5469,6897,7652
ADANIGREEN,F&O OI,58783,57491,,,,,,,,,58688,58525,58395,58397,58484,58501
ADANIGREEN,CALL VOL,13136,6921,,,,,,,,,369,992,1439,1725,2099,2056
ADANIGREEN,CALL OI,3168,2842,,,,,,,,,3023,2867,2661,3405,3286,2463
ADANIGREEN,PUT VOL,20642,4351,,,,,,,,,199,400,595,734,944,1041
ADANIGREEN,PUT OI,2504,2974,,,,,,,,,2463,2416,2397,2485,2501,2326
ADANIGREEN,CALL SPRD,,,,,,,,,,,,,,,,
ADANIGREEN,PUT SPRD,,,,,,,,,,,,,,,,
ADANIPORTS,PRICE,1743.7,1788.0,,,,1755.2,1764.2,1750.53,1789.7,1788.57,1741.0,1745.0,1743.0,1748.0,1747.0,1742.0
ADANIPORTS,VWAP,,,,,,,,,,,1743.23,1743.42,1744.04,1745.56,1745.76,1745.39
ADANIPORTS,CASH VOL,1262576,895306,221026,56.87,46.93,,,,,,112732,169061,226159,307218,382772,445315
ADANIPORTS,F&O VOL,70922,80050,,,,,,,,,1224,3118,5615,7361,8685,9805
ADANIPORTS,F&O OI,70467,73922,,,,,,,,,70431,70374,70274,70177,70187,70390
ADANIPORTS,CALL VOL,18964,25320,,,,,,,,,473,1068,1979,2454,2747,2936
ADANIPORTS,CALL OI,10429,12847,,,,,,,,,10395,10248,9970,9879,9845,9800
ADANIPORTS,PUT VOL,17542,18519,,,,,,,,,255,505,1013,1403,1671,1821
ADANIPORTS,PUT OI,8495,11072,,,,,,,,,8427,8394,8352,8260,8145,8137
ADANIPORTS,CALL SPRD,,,,,,,,,,,,,,,,
ADANIPORTS,PUT SPRD,,,,,,,,,,,,,,,,
ADANIPOWER,PRICE,196.14,202.75,,,,196.3,199.5,197.26,203.32,202.94,194.0,195.0,194.0,194.0,194.0,193.0
ADANIPOWER,VWAP,,,,,,,,,,,195.17,195.27,195.08,194.98,194.89,194.64
ADANIPOWER,CASH VOL,22266269,16171228,5870269,52.15,24.59,,,,,,1427305,2257992,2942132,3461844,3823524,4525613
ADANIPOWER,F&O VOL,77809,104698,,,,,,,,,1022,3800,6077,7961,9329,12028
ADANIPOWER,F&O OI,89197,88891,,,,,,,,,89058,88725,89001,88817,88986,90171
ADANIPOWER,CALL VOL,19270,34638,,,,,,,,,347,948,1403,1838,2030,2346
ADANIPOWER,CALL OI,8626,10630,,,,,,,,,8464,8194,7942,7707,7629,7547
ADANIPOWER,PUT VOL,9428,15016,,,,,,,,,253,535,790,1021,1113,1218
ADANIPOWER,PUT OI,5849,7123,,,,,,,,,5815,5756,5764,5710,5680,5657
ADANIPOWER,CALL SPRD,,,,,,,,,,,,,,,,
ADANIPOWER,PUT SPRD,,,,,,,,,,,,,,,,
ALKEM,PRICE,5175.0,5274.0,,,,5166.5,5202.25,5184.08,5342.0,5296.67,5202.0,5174.0,5164.0,5157.0,5166.0,5161.0
ALKEM,VWAP,,,,,,,,,,,5193.67,5188.08,5183.62,5181.28,5179.61,5178.13
ALKEM,CASH VOL,101714,28742,41554,51.37,40.62,,,,,,7821,10739,12007,13079,14182,15476
ALKEM,F&O VOL,22688,21819,,,,,,,,,261,874,1241,1470,1614,1753
ALKEM,F&O OI,20017,21156,,,,,,,,,20035,19931,20000,19971,19936,19919
ALKEM,CALL VOL,6027,4488,,,,,,,,,181,457,526,574,614,635
ALKEM,CALL OI,1046,1753,,,,,,,,,1101,984,975,959,959,948
ALKEM,PUT VOL,4536,2734,,,,,,,,,26,155,235,279,324,360
ALKEM,PUT OI,1441,1835,,,,,,,,,1419,1405,1380,1357,1340,1328
ALKEM,CALL SPRD,,,,,,,,,,,,,,,,
ALKEM,PUT SPRD,,,,,,,,,,,,,,,,
AMBER,PRICE,6990.0,6960.0,,,,6915.5,6979.75,6959.25,7045.25,6988.42,6974.0,6968.0,6962.0,6956.0,6953.0,6917.0
AMBER,VWAP,,,,,,,,,,,6963.5,6964.95,6964.14,6963.89,6962.29,6954.96
AMBER,CASH VOL,124117,99885,30919,34.49,25.37,,,,,,10984,14830,17182,18886,21046,24451
AMBER,F&O VOL,38232,29112,,,,,,,,,1165,2598,3861,4680,5177,6135
AMBER,F&O OI,27819,28605,,,,,,,,,27741,27687,27701,27647,27624,27581
AMBER,CALL VOL,14312,8307,,,,,,,,,542,949,1657,2032,2226,2498
AMBER,CALL OI,4284,4030,,,,,,,,,4824,4737,4788,4652,4145,4139
AMBER,PUT VOL,7726,6099,,,,,,,,,718,927,1081,1247,1396,1503
AMBER,PUT OI,2483,3003,,,,,,,,,2701,2676,2695,2623,2310,2287
AMBER,CALL SPRD,,,,,,,,,,,,,,,,
AMBER,PUT SPRD,,,,,,,,,,,,,,,,
AMBUJACEM,PRICE,374.35,383.8,,,,373.5,378.9,375.87,388.82,385.48,371.0,370.0,367.0,367.0,368.0,367.0
AMBUJACEM,VWAP,,,,,,,,,,,371.98,370.85,369.8,369.2,368.82,368.78
AMBUJACEM,CASH VOL,1653664,1180134,365971,46.3,45.9,,,,,,93498,170402,300208,404756,501513,520000
AMBUJACEM,F&O VOL,61019,82057,,,,,,,,,668,2291,5559,7302,9136,10496
AMBUJACEM,F&O OI,107206,107372,,,,,,,,,107246,107242,107171,107281,107738,107994
AMBUJACEM,CALL VOL,3949,2930,,,,,,,,,43,173,732,811,1093,1079
AMBUJACEM,CALL OI,1083,6987,,,,,,,,,1296,1289,1247,1039,1236,1031
AMBUJACEM,PUT VOL,3969,2403,,,,,,,,,138,518,1508,1896,2034,2092
AMBUJACEM,PUT OI,1840,4426,,,,,,,,,2007,1867,1414,1187,1363,1143
AMBUJACEM,CALL SPRD,,,,,,,,,,,,,,,,
AMBUJACEM,PUT SPRD,,,,,,,,,,,,,,,,
ANGELONE,PRICE,279.2,288.0,,,,279.2,282.23,280.21,294.25,290.08,279.0,278.0,276.0,277.0,277.0,274.0
ANGELONE,VWAP,,,,,,,,,,,278.78,278.48,277.72,277.52,277.47,277.09
ANGELONE,CASH VOL,4741372,2892227,794771,30.25,32.66,,,,,,191618,296222,479813,615652,743171,927767
ANGELONE,F&O VOL,33059,27624,,,,,,,,,566,1277,2389,3318,3779,4451
ANGELONE,F&O OI,27926,29865,,,,,,,,,27885,27915,27826,27797,27754,27835
ANGELONE,CALL VOL,7536,5840,,,,,,,,,140,302,570,913,896,1014
ANGELONE,CALL OI,2980,3471,,,,,,,,,3716,2958,2875,3602,2847,2829
ANGELONE,PUT VOL,7696,4896,,,,,,,,,94,203,375,570,621,691
ANGELONE,PUT OI,2161,2800,,,,,,,,,2191,2107,2041,1988,1928,1949
ANGELONE,CALL SPRD,,,,,,,,,,,,,,,,
ANGELONE,PUT SPRD,,,,,,,,,,,,,,,,
APLAPOLLO,PRICE,2197.0,2214.7,,,,2191.9,2195.52,2192.55,2207.67,2193.6,2178.0,2177.0,2175.0,2180.0,2182.0,2174.0
APLAPOLLO,VWAP,,,,,,,,,,,2180.67,2178.8,2178.46,2178.58,2179.06,2178.66
APLAPOLLO,CASH VOL,319967,339098,101172,60.22,60.35,,,,,,10579,19759,26756,30864,36138,41274
APLAPOLLO,F&O VOL,29276,31861,,,,,,,,,244,1108,1755,2513,3579,4330
APLAPOLLO,F&O OI,55166,54173,,,,,,,,,55181,55022,55097,55150,55404,55649
APLAPOLLO,CALL VOL,6142,8045,,,,,,,,,136,423,596,651,736,815
APLAPOLLO,CALL OI,4027,3891,,,,,,,,,4018,3994,3957,3947,3933,3937
APLAPOLLO,PUT VOL,3612,3047,,,,,,,,,30,128,196,372,471,505
APLAPOLLO,PUT OI,2490,2725,,,,,,,,,2489,2472,2443,2387,2331,2309
APLAPOLLO,CALL SPRD,,,,,,,,,,,,,,,,
APLAPOLLO,PUT SPRD,,,,,,,,,,,,,,,,
APOLLOHOSP,PRICE,8860.0,8889.0,,,,8885.0,8857.75,8853.25,8946.0,8908.0,8893.0,8875.0,8838.0,8832.0,8822.0,8796.0
APOLLOHOSP,VWAP,,,,,,,,,,,8886.83,8880.14,8871.75,8867.48,8862.5,8856.66
APOLLOHOSP,CASH VOL,429429,438457,85048,66.35,71.36,,,,,,23927,33696,42491,47521,53215,58679
APOLLOHOSP,F&O VOL,41598,66994,,,,,,,,,933,2198,3800,4487,5267,6188
APOLLOHOSP,F&O OI,36824,38971,,,,,,,,,36790,36830,36482,36476,36491,36463
APOLLOHOSP,CALL VOL,15060,22138,,,,,,,,,270,669,1407,1547,1665,1768
APOLLOHOSP,CALL OI,4723,6433,,,,,,,,,4710,4671,4355,4332,4288,4215
APOLLOHOSP,PUT VOL,8753,22027,,,,,,,,,78,193,454,528,593,705
APOLLOHOSP,PUT OI,3672,5036,,,,,,,,,2524,2508,3547,3536,3511,3448
APOLLOHOSP,CALL SPRD,,,,,,,,,,,,,,,,
APOLLOHOSP,PUT SPRD,,,,,,,,,,,,,,,,
ASHOKLEY,PRICE,155.22,159.08,,,,155.5,156.79,155.74,160.15,159.44,154.0,153.0,153.0,153.0,153.0,152.0
ASHOKLEY,VWAP,,,,,,,,,,,154.36,154.14,154.0,153.95,153.94,153.82
ASHOKLEY,CASH VOL,12214126,10274172,4003192,57.64,58.06,,,,,,696845,1238983,1438149,2117131,2794072,3165821
ASHOKLEY,F&O VOL,45662,41016,,,,,,,,,1113,4078,6292,8713,11680,13966
ASHOKLEY,F&O OI,59615,59979,,,,,,,,,59692,59924,59970,60315,60441,60815
ASHOKLEY,CALL VOL,8035,8302,,,,,,,,,137,660,1018,1235,1624,1850
ASHOKLEY,CALL OI,2970,4328,,,,,,,,,3247,2863,2666,2917,2638,2686
ASHOKLEY,PUT VOL,7132,5461,,,,,,,,,249,626,1071,1452,1911,2345
ASHOKLEY,PUT OI,3873,5401,,,,,,,,,3975,3758,3706,3663,3423,3267
ASHOKLEY,CALL SPRD,,,,,,,,,,,,,,,,
ASHOKLEY,PUT SPRD,,,,,,,,,,,,,,,,
ASIANPAINT,PRICE,2420.0,2444.0,,,,2417.5,2427.25,2422.42,2440.35,2433.05,2403.0,2399.0,2384.0,2389.0,2394.0,2399.0
ASIANPAINT,VWAP,,,,,,,,,,,2402.5,2399.26,2393.82,2392.15,2392.01,2392.73
ASIANPAINT,CASH VOL,1097754,426982,446165,73.2,42.48,,,,,,14306,27658,48619,67403,80282,94611
ASIANPAINT,F&O VOL,54767,82356,,,,,,,,,1555,3326,5678,7905,10194,14714
ASIANPAINT,F&O OI,60742,64907,,,,,,,,,60730,60604,60661,60932,61048,64592
ASIANPAINT,CALL VOL,11621,31863,,,,,,,,,323,717,883,1055,1589,1697
ASIANPAINT,CALL OI,3631,4979,,,,,,,,,3590,3520,1996,1940,3368,3363
ASIANPAINT,PUT VOL,14113,18246,,,,,,,,,780,1032,1306,1574,2866,3066
ASIANPAINT,PUT OI,4500,6926,,,,,,,,,4472,4399,3994,3931,4305,5056
ASIANPAINT,CALL SPRD,,,,,,,,,,,,,,,,
ASIANPAINT,PUT SPRD,,,,,,,,,,,,,,,,
ASTRAL,PRICE,1370.5,1399.0,,,,1370.5,1377.95,1372.98,1403.85,1400.62,1373.0,1364.0,1356.0,1354.0,1352.0,1348.0
ASTRAL,VWAP,,,,,,,,,,,1371.27,1366.56,1363.08,1361.67,1360.29,1359.16
ASTRAL,CASH VOL,233641,358868,74914,45.5,59.84,,,,,,19932,40820,62277,79146,90202,100992
ASTRAL,F&O VOL,19556,13734,,,,,,,,,256,968,2011,2435,2883,3634
ASTRAL,F&O OI,26429,28984,,,,,,,,,26467,26451,26403,26364,26422,26464
ASTRAL,CALL VOL,2552,2198,,,,,,,,,99,232,366,436,507,531
ASTRAL,CALL OI,1271,1566,,,,,,,,,2230,1937,1892,1865,1865,1193
ASTRAL,PUT VOL,2243,1321,,,,,,,,,51,314,510,652,768,1016
ASTRAL,PUT OI,2108,2264,,,,,,,,,1811,2087,2019,1969,1959,1840
ASTRAL,CALL SPRD,,,,,,,,,,,,,,,,
ASTRAL,PUT SPRD,,,,,,,,,,,,,,,,
AUBANK,PRICE,995.3,1018.0,,,,990.0,1005.75,998.78,1026.4,1020.8,999.0,993.0,987.0,989.0,989.0,985.0
AUBANK,VWAP,,,,,,,,,,,998.03,995.32,993.14,992.34,991.94,991.27
AUBANK,CASH VOL,1347711,2524193,292683,61.6,58.67,,,,,,56722,102526,142856,170137,192577,222560
AUBANK,F&O VOL,34033,36137,,,,,,,,,620,2009,3391,4230,4769,5385
AUBANK,F&O OI,40584,43081,,,,,,,,,40593,40689,40478,40542,40643,40726
AUBANK,CALL VOL,7065,12679,,,,,,,,,228,563,674,769,826,921
AUBANK,CALL OI,2749,4703,,,,,,,,,3666,3632,2637,2603,2585,2578
AUBANK,PUT VOL,5915,5694,,,,,,,,,171,511,949,1158,1217,1280
AUBANK,PUT OI,3024,4882,,,,,,,,,3309,3312,2848,2813,2816,2812
AUBANK,CALL SPRD,,,,,,,,,,,,,,,,
AUBANK,PUT SPRD,,,,,,,,,,,,,,,,
AUROPHARMA,PRICE,1697.5,1712.0,,,,1697.0,1700.1,1698.37,1714.65,1712.88,1704.0,1695.0,1696.0,1695.0,1694.0,1694.0
AUROPHARMA,VWAP,,,,,,,,,,,1701.17,1698.67,1697.17,1696.94,1696.79,1696.67
AUROPHARMA,CASH VOL,657590,624705,173972,59.22,46.25,,,,,,39153,75241,122064,148534,162299,180263
AUROPHARMA,F&O VOL,24683,31320,,,,,,,,,1063,2517,4314,5113,6104,7012
AUROPHARMA,F&O OI,39937,40182,,,,,,,,,39889,39988,40097,39987,40165,40213
AUROPHARMA,CALL VOL,6097,10591,,,,,,,,,718,1224,1841,2107,2461,2695
AUROPHARMA,CALL OI,6799,7658,,,,,,,,,6735,6653,6445,6291,6258,6186
AUROPHARMA,PUT VOL,3379,5645,,,,,,,,,108,249,475,605,661,727
AUROPHARMA,PUT OI,2483,2867,,,,,,,,,2468,2461,2398,2299,2295,2303
AUROPHARMA,CALL SPRD,,,,,,,,,,,,,,,,
AUROPHARMA,PUT SPRD,,,,,,,,,,,,,,,,
AXISBANK,PRICE,1209.9,1222.4,,,,1202.0,1211.4,1210.4,1220.03,1215.3,1205.0,1196.0,1197.0,1196.0,1196.0,1195.0
AXISBANK,VWAP,,,,,,,,,,,1203.43,1200.7,1199.65,1198.85,1198.5,1198.13
AXISBANK,CASH VOL,4771499,6923162,1239720,59.16,58.67,,,,,,412502,579298,706271,824150,918818,1009328
AXISBANK,F&O VOL,180189,340305,,,,,,,,,3271,9521,15556,20668,24126,28916
AXISBANK,F&O OI,223096,228211,,,,,,,,,222980,222968,223371,223926,224292,224969
AXISBANK,CALL VOL,40811,110608,,,,,,,,,666,1611,2767,3426,4355,5033
AXISBANK,CALL OI,21477,24450,,,,,,,,,21167,21012,20932,20915,20948,20881
AXISBANK,PUT VOL,40290,67792,,,,,,,,,903,2361,3363,4550,5276,5929
AXISBANK,PUT OI,13806,17288,,,,,,,,,13549,13116,12878,12740,12691,12488
AXISBANK,CALL SPRD,,,,,,,,,,,,,,,,
AXISBANK,PUT SPRD,,,,,,,,,,,,,,,,
BAJAJ-AUTO,PRICE,11024.0,11281.0,,,,11016.0,11111.5,11053.17,11367.0,11309.67,10974.0,10989.0,10980.0,10964.0,10957.0,10860.0
BAJAJ-AUTO,VWAP,,,,,,,,,,,10968.33,10974.06,10979.17,10980.0,10978.09,10946.42
BAJAJ-AUTO,CASH VOL,241334,121620,53090,57.88,54.28,,,,,,10402,18328,25323,30270,32744,46505
BAJAJ-AUTO,F&O VOL,109773,73777,,,,,,,,,1615,6550,9798,12006,13796,20925
BAJAJ-AUTO,F&O OI,68666,65885,,,,,,,,,68349,68609,68064,67741,67704,67200
BAJAJ-AUTO,CALL VOL,19753,7906,,,,,,,,,859,1656,2334,2783,3086,3382
BAJAJ-AUTO,CALL OI,3149,7503,,,,,,,,,5352,5212,4988,4945,4916,2785
BAJAJ-AUTO,PUT VOL,31976,18168,,,,,,,,,460,1120,1664,1987,2279,4406
BAJAJ-AUTO,PUT OI,4049,10163,,,,,,,,,5883,5770,5641,5542,5461,2520
BAJAJ-AUTO,CALL SPRD,,,,,,,,,,,,,,,,
BAJAJ-AUTO,PUT SPRD,,,,,,,,,,,,,,,,
BAJAJFINSV,PRICE,1752.0,1771.0,,,,1758.8,1754.05,1752.68,1809.9,1783.97,1749.0,1741.0,1737.0,1736.0,1735.0,1732.0
BAJAJFINSV,VWAP,,,,,,,,,,,1746.87,1744.04,1742.18,1740.93,1739.85,1738.83
BAJAJFINSV,CASH VOL,536952,1419352,200551,51.4,58.7,,,,,,25677,45533,62498,76299,91652,103678
BAJAJFINSV,F&O VOL,47976,64589,,,,,,,,,498,1740,2837,3663,4397,5108
BAJAJFINSV,F&O OI,67842,71781,,,,,,,,,67830,67578,67391,67266,67099,67177
BAJAJFINSV,CALL VOL,13380,14026,,,,,,,,,195,410,788,938,1032,1113
BAJAJFINSV,CALL OI,3259,4652,,,,,,,,,3250,3173,2977,2876,2821,2801
BAJAJFINSV,PUT VOL,11151,12450,,,,,,,,,84,202,271,453,689,741
BAJAJFINSV,PUT OI,3644,6251,,,,,,,,,3622,3588,3560,3538,3414,3390
BAJAJFINSV,CALL SPRD,,,,,,,,,,,,,,,,
BAJAJFINSV,PUT SPRD,,,,,,,,,,,,,,,,
BAJAJHLDNG,PRICE,10800.0,10940.0,,,,10730.0,10865.5,10821.83,11093.5,10991.17,10807.0,10789.0,10720.0,10777.0,10799.0,10775.0
BAJAJHLDNG,VWAP,,,,,,,,,,,10824.33,10789.72,10781.94,10779.53,10779.62,10779.5
BAJAJHLDNG,CASH VOL,31440,41708,15309,64.6,40.53,,,,,,3400,8544,9667,10411,10636,11150
BAJAJHLDNG,F&O VOL,6990,11701,,,,,,,,,83,398,557,667,714,749
BAJAJHLDNG,F&O OI,4885,4979,,,,,,,,,4897,4904,4881,4864,4862,4840
BAJAJHLDNG,CALL VOL,711,873,,,,,,,,,0,6,14,31,44,47
BAJAJHLDNG,CALL OI,240,331,,,,,,,,,240,210,201,222,223,221
BAJAJHLDNG,PUT VOL,2914,1482,,,,,,,,,83,325,462,529,551,558
BAJAJHLDNG,PUT OI,571,540,,,,,,,,,582,564,550,564,559,554
BAJAJHLDNG,CALL SPRD,,,,,,,,,,,,,,,,
BAJAJHLDNG,PUT SPRD,,,,,,,,,,,,,,,,
BAJFINANCE,PRICE,985.0,996.9,,,,977.5,984.38,983.15,1008.6,1000.8,974.0,969.0,965.0,966.0,964.0,963.0
BAJFINANCE,VWAP,,,,,,,,,,,975.03,972.98,970.99,969.72,969.18,968.48
BAJFINANCE,CASH VOL,7707443,5467794,2990116,69.35,68.98,,,,,,352882,588756,799662,1094418,1260111,1412561
BAJFINANCE,F&O VOL,129622,149927,,,,,,,,,2147,7655,13126,16983,19371,23457
BAJFINANCE,F&O OI,161635,169715,,,,,,,,,161370,161666,161819,162114,162068,162385
BAJFINANCE,CALL VOL,26726,31584,,,,,,,,,647,1344,2049,2943,2716,2962
BAJFINANCE,CALL OI,4573,7284,,,,,,,,,5998,5865,4202,5701,4109,4087
BAJFINANCE,PUT VOL,27447,27105,,,,,,,,,472,1159,1821,2519,2824,3292
BAJFINANCE,PUT OI,4993,8580,,,,,,,,,5897,5652,4517,5432,4354,4241
BAJFINANCE,CALL SPRD,,,,,,,,,,,,,,,,
BAJFINANCE,PUT SPRD,,,,,,,,,,,,,,,,
BANDHANBNK,PRICE,181.0,187.7,,,,181.2,183.8,181.93,186.57,184.31,181.0,180.0,180.0,180.0,180.0,180.0
BANDHANBNK,VWAP,,,,,,,,,,,181.15,180.63,180.39,180.43,180.49,180.53
BANDHANBNK,CASH VOL,8979766,10120013,1400802,38.89,38.15,,,,,,387029,1004751,1448032,1732587,1939081,2525480
BANDHANBNK,F&O VOL,37042,53854,,,,,,,,,625,1915,3327,4277,5758,6762
BANDHANBNK,F&O OI,60429,60387,,,,,,,,,60481,60531,60658,60705,60951,61073
BANDHANBNK,CALL VOL,6919,16628,,,,,,,,,167,382,725,887,1164,1392
BANDHANBNK,CALL OI,5864,6499,,,,,,,,,5805,5725,5670,5630,5582,5593
BANDHANBNK,PUT VOL,5985,8047,,,,,,,,,115,242,428,529,708,834
BANDHANBNK,PUT OI,3566,4351,,,,,,,,,3548,3530,3482,3411,3374,3355
BANDHANBNK,CALL SPRD,,,,,,,,,,,,,,,,
BANDHANBNK,PUT SPRD,,,,,,,,,,,,,,,,
BANKBARODA,PRICE,227.5,235.26,,,,227.5,231.25,228.75,235.21,235.11,226.0,224.0,225.0,225.0,225.0,224.0
BANKBARODA,VWAP,,,,,,,,,,,227.0,225.95,225.19,225.17,225.19,225.17
BANKBARODA,CASH VOL,7031453,2493756,1338829,52.33,49.85,,,,,,299571,685118,1288656,1508661,1689475,1842867
BANKBARODA,F&O VOL,62027,48118,,,,,,,,,1108,4818,8465,10865,13600,15029
BANKBARODA,F&O OI,83363,83063,,,,,,,,,83309,83337,83750,83974,84447,84714
BANKBARODA,CALL VOL,9426,9991,,,,,,,,,223,661,960,1210,1707,1846
BANKBARODA,CALL OI,5875,7755,,,,,,,,,5770,5724,5630,5525,5534,5511
BANKBARODA,PUT VOL,11364,6029,,,,,,,,,189,740,1320,1693,2095,2344
BANKBARODA,PUT OI,5554,7939,,,,,,,,,5503,5378,5250,5131,5027,5018
BANKBARODA,CALL SPRD,,,,,,,,,,,,,,,,
BANKBARODA,PUT SPRD,,,,,,,,,,,,,,,,
BANKINDIA,PRICE,129.99,137.94,,,,130.0,133.41,131.13,138.38,138.08,130.0,129.0,129.0,129.0,129.0,128.0
BANKINDIA,VWAP,,,,,,,,,,,130.04,129.73,129.46,129.49,129.5,129.44
BANKINDIA,CASH VOL,10521208,1590019,3070338,42.32,39.89,,,,,,570629,1028995,1454053,1779307,1887868,2131773
BANKINDIA,F&O VOL,49959,12749,,,,,,,,,665,2064,3228,4040,4871,5473
BANKINDIA,F&O OI,31359,28855,,,,,,,,,31226,31348,31295,31247,31393,31445
BANKINDIA,CALL VOL,7409,1485,,,,,,,,,207,416,559,620,663,735
BANKINDIA,CALL OI,1885,2220,,,,,,,,,1762,1721,1658,1628,1612,1600
BANKINDIA,PUT VOL,17061,811,,,,,,,,,350,630,891,1102,1191,1265
BANKINDIA,PUT OI,2252,3695,,,,,,,,,2183,2145,1985,1889,1862,1807
BANKINDIA,CALL SPRD,,,,,,,,,,,,,,,,
BANKINDIA,PUT SPRD,,,,,,,,,,,,,,,,
BDL,PRICE,1115.0,1140.0,,,,1112.7,1125.6,1118.53,1165.45,1148.48,1113.0,1107.0,1104.0,1103.0,1100.0,1096.0
BDL,VWAP,,,,,,,,,,,1110.6,1110.19,1109.08,1108.06,1106.22,1104.23
BDL,CASH VOL,1314080,936577,370451,43.32,48.72,,,,,,58766,84236,112389,136555,172342,217764
BDL,F&O VOL,70045,46683,,,,,,,,,1117,3046,5928,8824,11432,14239
BDL,F&O OI,60967,59185,,,,,,,,,60762,60306,59976,59289,58631,58255
BDL,CALL VOL,11374,10800,,,,,,,,,415,959,1561,1972,2252,2619
BDL,CALL OI,5170,5759,,,,,,,,,5951,4943,4713,4561,4459,4284
BDL,PUT VOL,14211,8095,,,,,,,,,217,509,999,1713,2666,3627
BDL,PUT OI,4506,5778,,,,,,,,,4438,4470,4398,4101,3732,3493
BDL,CALL SPRD,,,,,,,,,,,,,,,,
BDL,PUT SPRD,,,,,,,,,,,,,,,,
BEL,PRICE,385.5,393.55,,,,385.5,388.77,386.59,394.62,393.91,385.0,383.0,383.0,384.0,383.0,382.0
BEL,VWAP,,,,,,,,,,,384.77,384.26,384.25,384.26,384.14,383.88
BEL,CASH VOL,11661372,6083441,2894719,62.33,55.81,,,,,,378484,719420,942729,1122676,1328015,1563442
BEL,F&O VOL,83732,92831,,,,,,,,,1734,6587,10327,12908,15349,18628
BEL,F&O OI,135151,137151,,,,,,,,,135007,135298,135918,136469,136920,137665
BEL,CALL VOL,20425,28506,,,,,,,,,432,1248,1871,2192,2487,2678
BEL,CALL OI,12100,15296,,,,,,,,,11901,11423,11187,10999,10832,10794
BEL,PUT VOL,13286,18154,,,,,,,,,161,638,949,1131,1400,1744
BEL,PUT OI,9440,11736,,,,,,,,,9397,9324,9242,9197,9141,9081
BEL,CALL SPRD,,,,,,,,,,,,,,,,
BEL,PUT SPRD,,,,,,,,,,,,,,,,
BHARATFORG,PRICE,1957.0,2008.0,,,,1950.0,1972.85,1962.28,1999.57,1982.7,1952.0,1943.0,1939.0,1935.0,1933.0,1923.0
BHARATFORG,VWAP,,,,,,,,,,,1951.23,1946.75,1943.66,1940.19,1939.86,1938.61
BHARATFORG,CASH VOL,583093,549393,181998,61.34,57.33,,,,,,17338,33180,62163,150361,159466,173101
BHARATFORG,F&O VOL,25888,20213,,,,,,,,,229,1050,2428,3394,4168,5211
BHARATFORG,F&O OI,32775,34373,,,,,,,,,32754,32749,32736,32694,32773,32930
BHARATFORG,CALL VOL,3816,3585,,,,,,,,,58,200,410,568,709,794
BHARATFORG,CALL OI,2756,3201,,,,,,,,,3703,3050,2987,2938,2927,2647
BHARATFORG,PUT VOL,4582,3449,,,,,,,,,53,162,505,679,860,1040
BHARATFORG,PUT OI,3114,4153,,,,,,,,,3213,3204,3083,3052,3004,2905
BHARATFORG,CALL SPRD,,,,,,,,,,,,,,,,
BHARATFORG,PUT SPRD,,,,,,,,,,,,,,,,
BHARTIARTL,PRICE,1771.4,1785.4,,,,1764.0,1774.0,1772.27,1819.9,1796.9,1772.0,1772.0,1769.0,1772.0,1774.0,1768.0
BHARTIARTL,VWAP,,,,,,,,,,,1768.6,1770.72,1770.38,1770.62,1770.93,1770.75
BHARTIARTL,CASH VOL,4683537,4766200,1326570,65.03,72.6,,,,,,437780,620673,853292,1001603,1108839,1243144
BHARTIARTL,F&O VOL,162311,170964,,,,,,,,,1788,6717,10593,17041,22243,26619
BHARTIARTL,F&O OI,218756,216101,,,,,,,,,218612,218898,220043,221201,222783,223866
BHARTIARTL,CALL VOL,34313,52635,,,,,,,,,338,1233,1668,2499,3279,3577
BHARTIARTL,CALL OI,16307,18974,,,,,,,,,18551,18206,15798,17863,17671,15312
BHARTIARTL,PUT VOL,24028,26729,,,,,,,,,161,539,1158,1892,2540,2828
BHARTIARTL,PUT OI,8673,13006,,,,,,,,,10177,10090,8481,9944,9927,8260
BHARTIARTL,CALL SPRD,,,,,,,,,,,,,,,,
BHARTIARTL,PUT SPRD,,,,,,,,,,,,,,,,
BHEL,PRICE,411.9,418.95,,,,410.3,412.05,411.95,425.75,421.22,409.0,407.0,405.0,405.0,405.0,405.0
BHEL,VWAP,,,,,,,,,,,409.0,408.16,406.41,406.14,405.83,405.79
BHEL,CASH VOL,7754932,6852409,1821768,46.85,43.02,,,,,,316512,607277,1045656,1247862,1652737,1748226
BHEL,F&O VOL,59652,68516,,,,,,,,,686,2389,5871,7472,10742,13453
BHEL,F&O OI,57780,57947,,,,,,,,,57767,57571,57537,57515,58334,58863
BHEL,CALL VOL,14520,21697,,,,,,,,,230,636,1368,1646,1948,2092
BHEL,CALL OI,4845,4669,,,,,,,,,5686,4804,4665,4562,4529,4522
BHEL,PUT VOL,8780,15545,,,,,,,,,86,274,889,1068,1337,1422
BHEL,PUT OI,3673,4400,,,,,,,,,3923,3565,3362,3313,3278,3258
BHEL,CALL SPRD,,,,,,,,,,,,,,,,
BHEL,PUT SPRD,,,,,,,,,,,,,,,,
BIOCON,PRICE,374.9,382.15,,,,376.05,377.6,375.8,388.85,384.38,377.0,375.0,374.0,374.0,373.0,375.0
BIOCON,VWAP,,,,,,,,,,,376.88,376.42,375.77,375.49,375.23,375.0
BIOCON,CASH VOL,2233035,2694397,436985,46.2,51.62,,,,,,126223,196333,281066,366827,424212,796146
BIOCON,F&O VOL,31967,27029,,,,,,,,,947,2153,3108,3968,4644,6927
BIOCON,F&O OI,41856,41610,,,,,,,,,41880,42064,42179,42246,42350,42874
BIOCON,CALL VOL,6094,6382,,,,,,,,,213,384,655,835,911,1150
BIOCON,CALL OI,3252,4149,,,,,,,,,3147,3072,2989,2920,2907,2909
BIOCON,PUT VOL,5036,3144,,,,,,,,,114,236,345,413,475,632
BIOCON,PUT OI,2641,3698,,,,,,,,,2627,2615,2605,2569,2550,2538
BIOCON,CALL SPRD,,,,,,,,,,,,,,,,
BIOCON,PUT SPRD,,,,,,,,,,,,,,,,
BLUESTARCO,PRICE,1575.4,1565.0,,,,1572.9,1577.9,1576.23,1557.17,1541.5,1571.0,1570.0,1566.0,1562.0,1558.0,1555.0
BLUESTARCO,VWAP,,,,,,,,,,,1569.83,1570.22,1569.62,1567.04,1565.72,1565.1
BLUESTARCO,CASH VOL,1477339,570933,334436,39.21,44.61,,,,,,17936,31547,46006,86612,101415,108585
BLUESTARCO,F&O VOL,66931,38485,,,,,,,,,682,1758,2523,3642,4444,4942
BLUESTARCO,F&O OI,35424,31875,,,,,,,,,35215,34850,34762,34641,34519,34410
BLUESTARCO,CALL VOL,29207,12284,,,,,,,,,383,807,1125,1531,1871,2029
BLUESTARCO,CALL OI,4429,4233,,,,,,,,,4379,4135,4059,4032,3994,3933
BLUESTARCO,PUT VOL,9607,4665,,,,,,,,,66,193,328,525,647,738
BLUESTARCO,PUT OI,2500,2660,,,,,,,,,2256,2187,2406,2324,2286,2274
BLUESTARCO,CALL SPRD,,,,,,,,,,,,,,,,
BLUESTARCO,PUT SPRD,,,,,,,,,,,,,,,,
BOSCHLTD,PRICE,47020.0,48250.0,,,,47145.0,47460.0,47166.67,48098.33,47795.0,46785.0,46740.0,46660.0,46695.0,46700.0,46570.0
BOSCHLTD,VWAP,,,,,,,,,,,46895.0,46848.4,46806.16,46793.9,46788.21,46761.53
BOSCHLTD,CASH VOL,15211,18852,5208,47.68,49.64,,,,,,1017,1601,2075,2347,2494,3149
BOSCHLTD,F&O VOL,44313,27126,,,,,,,,,492,2017,3257,4456,5090,6214
BOSCHLTD,F&O OI,19033,19987,,,,,,,,,18916,18750,18613,18482,18337,18377
BOSCHLTD,CALL VOL,9163,5409,,,,,,,,,233,530,893,1158,1470,1695
BOSCHLTD,CALL OI,2240,2100,,,,,,,,,2496,2184,2089,2053,1976,1958
BOSCHLTD,PUT VOL,20372,8558,,,,,,,,,129,508,905,1449,1628,2002
BOSCHLTD,PUT OI,3093,3853,,,,,,,,,2321,3025,2967,2917,2862,2931
BOSCHLTD,CALL SPRD,,,,,,,,,,,,,,,,
BOSCHLTD,PUT SPRD,,,,,,,,,,,,,,,,
BPCL,PRICE,302.25,308.5,,,,302.25,304.75,303.08,312.0,309.67,301.0,299.0,297.0,297.0,297.0,296.0
BPCL,VWAP,,,,,,,,,,,301.6,300.5,299.73,299.17,299.01,298.64
BPCL,CASH VOL,2813265,1893466,853218,59.37,52.02,,,,,,176984,318045,445212,566137,616502,735652
BPCL,F&O VOL,22925,18729,,,,,,,,,410,1563,2696,3499,3920,4617
BPCL,F&O OI,29873,29890,,,,,,,,,29830,29687,29457,29380,29340,29430
BPCL,CALL VOL,3131,3799,,,,,,,,,66,493,743,855,940,1063
BPCL,CALL OI,2639,2985,,,,,,,,,3383,3240,2469,3223,3262,2500
BPCL,PUT VOL,5623,3325,,,,,,,,,221,573,1003,1265,1352,1507
BPCL,PUT OI,3178,3991,,,,,,,,,3112,2995,2784,2747,2641,2600
BPCL,CALL SPRD,,,,,,,,,,,,,,,,
BPCL,PUT SPRD,,,,,,,,,,,,,,,,
BRITANNIA,PRICE,4915.0,4937.5,,,,4899.0,4910.33,4901.0,4956.75,4943.92,4876.0,4882.0,4853.0,4834.0,4819.0,4809.0
BRITANNIA,VWAP,,,,,,,,,,,4882.33,4881.41,4870.67,4864.71,4849.82,4830.17
BRITANNIA,CASH VOL,305787,107642,115689,66.3,51.45,,,,,,8284,12813,23261,28890,40814,80314
BRITANNIA,F&O VOL,26683,33143,,,,,,,,,742,2132,4702,5934,8787,10595
BRITANNIA,F&O OI,39952,40558,,,,,,,,,39996,39921,39818,39776,39566,39687
BRITANNIA,CALL VOL,4339,6696,,,,,,,,,240,600,1494,1730,1950,2120
BRITANNIA,CALL OI,2053,2346,,,,,,,,,2946,2894,2739,2735,2158,2107
BRITANNIA,PUT VOL,4999,5650,,,,,,,,,294,561,1238,1591,2737,3005
BRITANNIA,PUT OI,3324,3779,,,,,,,,,3663,3675,3350,3315,2710,2687
BRITANNIA,CALL SPRD,,,,,,,,,,,,,,,,
BRITANNIA,PUT SPRD,,,,,,,,,,,,,,,,
BSE,PRICE,3097.5,3191.5,,,,3100.0,3127.55,3107.52,3196.55,3193.18,3142.0,3120.0,3112.0,3117.0,3132.0,3112.0
BSE,VWAP,,,,,,,,,,,3126.67,3125.34,3122.07,3121.2,3123.65,3121.68
BSE,CASH VOL,3931632,4501619,1318294,38.6,56.06,,,,,,324262,558791,738467,861352,1144833,1342554
BSE,F&O VOL,312934,258797,,,,,,,,,9857,25122,34099,42069,53684,64436
BSE,F&O OI,176873,190712,,,,,,,,,176253,174350,173354,172273,172634,172774
BSE,CALL VOL,110604,109043,,,,,,,,,4276,9921,13089,15650,19152,21542
BSE,CALL OI,37290,45013,,,,,,,,,36767,35086,34015,32977,32373,32246
BSE,PUT VOL,96989,63697,,,,,,,,,1961,4345,6064,7562,9168,10928
BSE,PUT OI,19000,27959,,,,,,,,,18755,18307,18098,17764,17561,17249
BSE,CALL SPRD,,,,,,,,,,,,,,,,
BSE,PUT SPRD,,,,,,,,,,,,,,,,
CAMS,PRICE,691.55,707.35,,,,685.0,699.75,694.28,714.15,709.62,681.0,672.0,668.0,670.0,669.0,668.0
CAMS,VWAP,,,,,,,,,,,683.03,675.99,674.0,673.38,672.87,672.58
CAMS,CASH VOL,826842,763343,179159,49.0,55.49,,,,,,144206,395197,557567,657167,743077,788866
CAMS,F&O VOL,12506,16877,,,,,,,,,361,3298,6029,7424,8749,9480
CAMS,F&O OI,23949,25316,,,,,,,,,23934,24141,24487,24852,25110,25059
CAMS,CALL VOL,1494,1494,,,,,,,,,36,266,437,513,623,665
CAMS,CALL OI,625,878,,,,,,,,,1027,595,583,558,555,523
CAMS,PUT VOL,1373,1269,,,,,,,,,219,1218,2010,2200,2423,2543
CAMS,PUT OI,1330,1710,,,,,,,,,1494,1349,1380,1381,1377,1314
CAMS,CALL SPRD,,,,,,,,,,,,,,,,
CAMS,PUT SPRD,,,,,,,,,,,,,,,,
CANBK,PRICE,120.65,124.99,,,,120.0,122.47,121.26,124.91,124.75,119.0,119.0,118.0,118.0,118.0,118.0
CANBK,VWAP,,,,,,,,,,,120.01,119.86,119.45,119.29,119.25,119.17
CANBK,CASH VOL,16272294,8341932,3958296,57.5,47.11,,,,,,2021327,3302225,5037456,6130586,6819280,7536467
CANBK,F&O VOL,55024,45258,,,,,,,,,1667,4849,7936,9482,11082,12484
CANBK,F&O OI,77733,78938,,,,,,,,,77706,77679,78071,78194,78245,78564
CANBK,CALL VOL,5242,5458,,,,,,,,,321,899,1378,1647,1906,2023
CANBK,CALL OI,4032,5011,,,,,,,,,4484,4412,3700,3641,3539,3527
CANBK,PUT VOL,5915,3450,,,,,,,,,425,1215,1571,1685,1856,1976
CANBK,PUT OI,3888,5257,,,,,,,,,3991,3883,3670,3654,3566,3499
CANBK,CALL SPRD,,,,,,,,,,,,,,,,
CANBK,PUT SPRD,,,,,,,,,,,,,,,,
CDSL,PRICE,1289.0,1318.0,,,,1289.0,1302.15,1293.38,1353.7,1329.9,1286.0,1282.0,1271.0,1273.0,1281.0,1274.0
CDSL,VWAP,,,,,,,,,,,1286.03,1285.08,1278.31,1274.88,1275.73,1275.67
CDSL,CASH VOL,1109537,1248040,296540,51.12,49.02,,,,,,56336,102313,200999,377739,480538,518284
CDSL,F&O VOL,45255,53111,,,,,,,,,791,2502,5747,11072,14232,16071
CDSL,F&O OI,57600,60870,,,,,,,,,57442,57085,56886,56513,56700,56708
CDSL,CALL VOL,10260,9261,,,,,,,,,71,310,451,920,1329,1497
CDSL,CALL OI,3200,4346,,,,,,,,,3172,3081,2206,2917,2907,2871
CDSL,PUT VOL,6982,8306,,,,,,,,,153,397,1148,2255,2827,2922
CDSL,PUT OI,3540,4679,,,,,,,,,3505,3453,2800,2893,2784,2770
CDSL,CALL SPRD,,,,,,,,,,,,,,,,
CDSL,PUT SPRD,,,,,,,,,,,,,,,,
CGPOWER,PRICE,865.0,886.0,,,,865.0,874.62,868.21,901.6,891.2,863.0,862.0,861.0,863.0,863.0,857.0
CGPOWER,VWAP,,,,,,,,,,,863.85,863.67,862.84,863.18,863.14,861.2
CGPOWER,CASH VOL,1878834,964372,585726,57.11,42.56,,,,,,62824,108366,173267,244469,260511,401803
CGPOWER,F&O VOL,24565,34917,,,,,,,,,296,1170,1924,3097,3604,6020
CGPOWER,F&O OI,33784,35675,,,,,,,,,33754,33557,33363,33097,33016,33253
CGPOWER,CALL VOL,6886,9782,,,,,,,,,132,475,712,991,1117,1223
CGPOWER,CALL OI,4130,5761,,,,,,,,,4112,3952,3854,3714,3623,3583
CGPOWER,PUT VOL,4990,4689,,,,,,,,,51,261,405,710,903,1257
CGPOWER,PUT OI,3865,4355,,,,,,,,,3848,3808,3753,3662,3615,3563
CGPOWER,CALL SPRD,,,,,,,,,,,,,,,,
CGPOWER,PUT SPRD,,,,,,,,,,,,,,,,
CHOLAFIN,PRICE,1634.2,1662.7,,,,1620.0,1640.4,1636.27,1717.95,1681.12,1610.0,1606.0,1603.0,1603.0,1603.0,1601.0
CHOLAFIN,VWAP,,,,,,,,,,,1611.77,1609.14,1607.78,1607.39,1607.1,1606.76
CHOLAFIN,CASH VOL,1194338,2878656,376743,59.1,62.67,,,,,,62222,141628,196693,222487,240944,255804
CHOLAFIN,F&O VOL,28872,53562,,,,,,,,,565,2534,3705,4440,5021,6023
CHOLAFIN,F&O OI,38293,39564,,,,,,,,,38326,38395,38293,38227,38259,38632
CHOLAFIN,CALL VOL,4234,8751,,,,,,,,,76,272,395,530,600,652
CHOLAFIN,CALL OI,1026,1094,,,,,,,,,1024,993,952,923,926,911
CHOLAFIN,PUT VOL,5622,11626,,,,,,,,,127,337,500,599,810,893
CHOLAFIN,PUT OI,1171,1811,,,,,,,,,1158,1145,1078,1057,1026,1014
CHOLAFIN,CALL SPRD,,,,,,,,,,,,,,,,
CHOLAFIN,PUT SPRD,,,,,,,,,,,,,,,,
CIPLA,PRICE,1383.7,1399.7,,,,1390.0,1392.75,1386.72,1397.38,1392.75,1395.0,1395.0,1392.0,1388.0,1389.0,1387.0
CIPLA,VWAP,,,,,,,,,,,1395.43,1395.84,1395.24,1394.71,1394.32,1393.56
CIPLA,CASH VOL,711020,1166527,162134,55.05,36.21,,,,,,66952,123175,148690,176287,188114,210581
CIPLA,F&O VOL,31982,98649,,,,,,,,,1438,4942,6786,8240,9028,10419
CIPLA,F&O OI,52520,53353,,,,,,,,,52674,53285,53268,53322,53334,53513
CIPLA,CALL VOL,10887,46656,,,,,,,,,468,,2186,2585,2772,3083
CIPLA,CALL OI,4867,5578,,,,,,,,,5284,,4723,4643,4594,4634
CIPLA,PUT VOL,5151,17819,,,,,,,,,135,,594,741,856,963
CIPLA,PUT OI,2939,3551,,,,,,,,,2841,,2930,2923,2897,2897
CIPLA,CALL SPRD,,,,,,,,,,,,,,,,
CIPLA,PUT SPRD,,,,,,,,,,,,,,,,
COALINDIA,PRICE,422.5,426.1,,,,420.55,425.25,423.42,424.04,419.92,422.0,422.0,422.0,422.0,421.0,421.0
COALINDIA,VWAP,,,,,,,,,,,422.83,423.01,422.84,422.79,422.47,422.42
COALINDIA,CASH VOL,5492668,4798343,1713571,53.38,58.15,,,,,,188850,546834,692648,805835,1270817,1374409
COALINDIA,F&O VOL,132484,110035,,,,,,,,,2423,6361,9408,11312,15372,20584
COALINDIA,F&O OI,131358,133886,,,,,,,,,131169,131274,131244,131229,130783,129820
COALINDIA,CALL VOL,42831,40658,,,,,,,,,1144,2341,3110,3702,6091,7929
COALINDIA,CALL OI,21890,24685,,,,,,,,,22178,22090,21433,21314,20214,19696
COALINDIA,PUT VOL,21123,18974,,,,,,,,,343,809,1490,1720,2594,3415
COALINDIA,PUT OI,13106,15899,,,,,,,,,12569,12364,12558,12470,12098,11775
COALINDIA,CALL SPRD,,,,,,,,,,,,,,,,
COALINDIA,PUT SPRD,,,,,,,,,,,,,,,,
COCHINSHIP,PRICE,1329.0,1377.0,,,,1327.6,1349.7,1335.9,1384.55,1379.52,1322.0,1319.0,1312.0,1315.0,1312.0,1302.0
COCHINSHIP,VWAP,,,,,,,,,,,1320.03,1320.11,1318.38,1317.8,1316.94,1313.45
COCHINSHIP,CASH VOL,450410,421803,174982,39.3,25.0,,,,,,46031,75980,102419,116641,133575,178697
COCHINSHIP,F&O VOL,27902,35973,,,,,,,,,702,1537,2862,3522,4079,5121
COCHINSHIP,F&O OI,38544,40483,,,,,,,,,38318,38078,37605,37353,37163,36815
COCHINSHIP,CALL VOL,5699,7285,,,,,,,,,272,,706,849,983,1085
COCHINSHIP,CALL OI,3207,3842,,,,,,,,,3514,,3299,3200,3138,2668
COCHINSHIP,PUT VOL,7124,5459,,,,,,,,,235,,997,1207,1386,1764
COCHINSHIP,PUT OI,2764,3501,,,,,,,,,2793,,2553,2486,2425,2219
COCHINSHIP,CALL SPRD,,,,,,,,,,,,,,,,
COCHINSHIP,PUT SPRD,,,,,,,,,,,,,,,,
COFORGE,PRICE,1773.0,1784.0,,,,1784.0,1776.75,1774.25,1788.75,1785.58,1798.0,1788.0,1781.0,1778.0,1775.0,1780.0
COFORGE,VWAP,,,,,,,,,,,1792.2,1788.84,1787.41,1786.35,1785.47,1784.93
COFORGE,CASH VOL,1102782,803153,217603,48.13,42.83,,,,,,173421,257905,308352,363623,390006,417806
COFORGE,F&O VOL,63823,67436,,,,,,,,,4786,8109,10636,12436,13866,15195
COFORGE,F&O OI,66614,71393,,,,,,,,,66801,66652,66609,66575,66580,66589
COFORGE,CALL VOL,16001,17455,,,,,,,,,2509,,4174,4776,5304,5711
COFORGE,CALL OI,6066,8390,,,,,,,,,6142,,5852,5823,5872,5862
COFORGE,PUT VOL,13921,14037,,,,,,,,,893,,1778,2064,2328,2527
COFORGE,PUT OI,6161,8671,,,,,,,,,6051,,5944,5871,5841,5833
COFORGE,CALL SPRD,,,,,,,,,,,,,,,,
COFORGE,PUT SPRD,,,,,,,,,,,,,,,,
COLPAL,PRICE,1845.9,1855.8,,,,1833.2,1844.72,1842.35,1869.2,1860.27,1825.0,1827.0,1823.0,1821.0,1819.0,1816.0
COLPAL,VWAP,,,,,,,,,,,1825.6,1826.09,1825.29,1824.53,1823.36,1821.22
COLPAL,CASH VOL,427586,359623,279172,62.59,54.97,,,,,,8480,14068,19511,24977,30254,39120
COLPAL,F&O VOL,28021,26112,,,,,,,,,586,1440,2862,3666,4640,5791
COLPAL,F&O OI,39764,39694,,,,,,,,,39716,39753,39759,39846,39908,40004
COLPAL,CALL VOL,5516,3975,,,,,,,,,328,,1110,1263,1435,1524
COLPAL,CALL OI,3277,4368,,,,,,,,,3232,,3085,3058,3020,2987
COLPAL,PUT VOL,5385,2094,,,,,,,,,103,,234,320,638,918
COLPAL,PUT OI,2685,3367,,,,,,,,,2659,,2645,2627,2657,2611
COLPAL,CALL SPRD,,,,,,,,,,,,,,,,
COLPAL,PUT SPRD,,,,,,,,,,,,,,,,
CONCOR,PRICE,450.0,461.5,,,,450.0,455.23,451.74,479.75,467.58,447.0,447.0,445.0,445.0,445.0,444.0
CONCOR,VWAP,,,,,,,,,,,448.2,447.58,446.96,446.73,446.5,446.27
CONCOR,CASH VOL,874795,704143,289656,45.8,31.43,,,,,,40989,109718,164899,202833,234477,266094
CONCOR,F&O VOL,24953,23102,,,,,,,,,628,1609,2615,3350,3999,4830
CONCOR,F&O OI,37497,38076,,,,,,,,,37353,37533,37477,37574,37579,37833
CONCOR,CALL VOL,3278,3339,,,,,,,,,57,164,269,328,348,351
CONCOR,CALL OI,879,969,,,,,,,,,863,831,762,738,734,732
CONCOR,PUT VOL,2426,2088,,,,,,,,,51,152,356,468,619,658
CONCOR,PUT OI,918,1182,,,,,,,,,914,903,820,817,728,710
CONCOR,CALL SPRD,,,,,,,,,,,,,,,,
CONCOR,PUT SPRD,,,,,,,,,,,,,,,,
CROMPTON,PRICE,218.8,218.6,,,,219.0,218.5,217.91,222.13,219.78,217.0,217.0,216.0,215.0,215.0,214.0
CROMPTON,VWAP,,,,,,,,,,,217.7,217.32,216.69,216.61,216.52,216.27
CROMPTON,CASH VOL,2511271,1374776,564747,41.36,38.73,,,,,,107772,173137,321561,415889,463540,551975
CROMPTON,F&O VOL,36412,31042,,,,,,,,,497,1395,2883,4640,5449,6597
CROMPTON,F&O OI,52859,54602,,,,,,,,,52870,52735,52514,53076,53017,53328
CROMPTON,CALL VOL,4184,3649,,,,,,,,,161,436,786,874,947,1013
CROMPTON,CALL OI,3537,4279,,,,,,,,,3515,3418,3159,3164,3136,3105
CROMPTON,PUT VOL,2833,1617,,,,,,,,,29,88,131,154,206,294
CROMPTON,PUT OI,2244,2691,,,,,,,,,2236,2204,2184,2171,2150,2125
CROMPTON,CALL SPRD,,,,,,,,,,,,,,,,
CROMPTON,PUT SPRD,,,,,,,,,,,,,,,,
CUMMINSIND,PRICE,4855.0,4945.0,,,,4850.0,4880.0,4863.33,5028.75,4972.92,4818.0,4820.0,4816.0,4827.0,4825.0,4796.0
CUMMINSIND,VWAP,,,,,,,,,,,4823.17,4821.55,4821.01,4822.2,4822.6,4819.23
CUMMINSIND,CASH VOL,469449,337303,175884,69.15,64.01,,,,,,17122,36148,49585,63026,73696,95666
CUMMINSIND,F&O VOL,36494,21431,,,,,,,,,268,1454,2068,2515,2874,3823
CUMMINSIND,F&O OI,42399,42083,,,,,,,,,42400,42456,42482,42452,42420,42499
CUMMINSIND,CALL VOL,7513,3969,,,,,,,,,140,,469,531,615,933
CUMMINSIND,CALL OI,2796,4020,,,,,,,,,2775,,2637,2606,2568,2575
CUMMINSIND,PUT VOL,5427,2939,,,,,,,,,55,,274,450,550,656
CUMMINSIND,PUT OI,2188,3381,,,,,,,,,2178,,2107,2033,1982,1970
CUMMINSIND,CALL SPRD,,,,,,,,,,,,,,,,
CUMMINSIND,PUT SPRD,,,,,,,,,,,,,,,,
DABUR,PRICE,385.75,385.6,,,,383.85,385.22,384.18,388.5,386.57,380.0,382.0,380.0,379.0,379.0,379.0
DABUR,VWAP,,,,,,,,,,,380.8,381.38,381.14,380.64,380.34,380.24
DABUR,CASH VOL,2851715,690022,1177472,72.93,56.69,,,,,,83186,260755,498189,799457,991761,1171225
DABUR,F&O VOL,27436,28908,,,,,,,,,506,1710,2705,3656,4789,5391
DABUR,F&O OI,44945,46403,,,,,,,,,44872,44820,44785,44828,44908,44951
DABUR,CALL VOL,5334,5773,,,,,,,,,207,,608,667,763,808
DABUR,CALL OI,4258,5369,,,,,,,,,4159,,3959,3933,3924,3888
DABUR,PUT VOL,2826,3291,,,,,,,,,49,,248,464,692,782
DABUR,PUT OI,4161,4747,,,,,,,,,4147,,4057,3927,3831,3776
DABUR,CALL SPRD,,,,,,,,,,,,,,,,
DABUR,PUT SPRD,,,,,,,,,,,,,,,,
DALBHARAT,PRICE,1651.6,1700.2,,,,1651.6,1674.25,1659.15,1747.55,1715.98,,,,,,
DALBHARAT,VWAP,,,,,,,,,,,1647.03,1643.97,1640.89,1640.34,1640.46,1640.36
DALBHARAT,CASH VOL,91040,254282,27502,68.94,68.93,,,,,,2616,4180,5569,6324,8203,8531
DALBHARAT,F&O VOL,,,,,,,,,,,,,,,,
DALBHARAT,F&O OI,,,,,,,,,,,,,,,,
DALBHARAT,CALL VOL,,,,,,,,,,,,,,,,
DALBHARAT,CALL OI,,,,,,,,,,,,,,,,
DALBHARAT,PUT VOL,,,,,,,,,,,,,,,,
DALBHARAT,PUT OI,,,,,,,,,,,,,,,,
DALBHARAT,CALL SPRD,,,,,,,,,,,,,,,,
DALBHARAT,PUT SPRD,,,,,,,,,,,,,,,,
DELHIVERY,PRICE,407.5,422.7,,,,409.0,413.48,409.49,427.98,424.46,409.0,413.0,415.0,415.0,416.0,414.0
DELHIVERY,VWAP,,,,,,,,,,,408.17,411.28,412.38,413.22,414.11,414.4
DELHIVERY,CASH VOL,4477983,3334319,983600,61.65,58.45,,,,,,130514,653835,963707,1284839,1738463,2102466
DELHIVERY,F&O VOL,22462,20990,,,,,,,,,226,2226,3612,4733,6948,8253
DELHIVERY,F&O OI,25788,25818,,,,,,,,,25812,25962,26041,26111,26445,26582
DELHIVERY,CALL VOL,3356,3636,,,,,,,,,52,,1038,1407,2347,2880
DELHIVERY,CALL OI,1392,1816,,,,,,,,,901,,1340,1363,1499,1500
DELHIVERY,PUT VOL,4354,3558,,,,,,,,,42,,370,484,752,1003
DELHIVERY,PUT OI,1891,2401,,,,,,,,,1672,,1806,1804,1791,1825
DELHIVERY,CALL SPRD,,,,,,,,,,,,,,,,
DELHIVERY,PUT SPRD,,,,,,,,,,,,,,,,
DIVISLAB,PRICE,9550.0,9619.5,,,,9562.0,9564.0,9554.67,9588.42,9526.25,9601.0,9545.0,9540.0,9544.0,9567.0,9549.0
DIVISLAB,VWAP,,,,,,,,,,,9573.17,9563.02,9558.9,9556.88,9557.32,9556.68
DIVISLAB,CASH VOL,380253,388859,104402,61.49,69.03,,,,,,23838,40955,52759,61372,70233,79586
DIVISLAB,F&O VOL,83483,97143,,,,,,,,,2334,6531,10170,15051,18648,21164
DIVISLAB,F&O OI,86563,87948,,,,,,,,,86252,85613,85061,84737,84597,84430
DIVISLAB,CALL VOL,26921,30645,,,,,,,,,1092,,4558,8166,10463,11385
DIVISLAB,CALL OI,9305,10217,,,,,,,,,8785,,8662,8326,8024,8219
DIVISLAB,PUT VOL,21236,23346,,,,,,,,,592,,2327,2528,2641,3444
DIVISLAB,PUT OI,6987,8360,,,,,,,,,5750,,6440,6405,5327,6260
DIVISLAB,CALL SPRD,,,,,,,,,,,,,,,,
DIVISLAB,PUT SPRD,,,,,,,,,,,,,,,,
DIXON,PRICE,13640.0,13390.0,,,,13640.0,13593.33,13500.0,13345.0,13255.0,13655.0,13624.0,13609.0,13617.0,13569.0,13560.0
DIXON,VWAP,,,,,,,,,,,13626.33,13619.43,13617.19,13622.73,13618.1,13605.97
DIXON,CASH VOL,571209,276046,199266,45.26,32.98,,,,,,13699,28828,35495,44788,52232,62999
DIXON,F&O VOL,603137,232714,,,,,,,,,13122,30669,45757,56921,66442,75914
DIXON,F&O OI,136618,144612,,,,,,,,,137635,137562,136378,135886,135408,134714
DIXON,CALL VOL,298677,98117,,,,,,,,,6139,,17042,21080,23784,26232
DIXON,CALL OI,21450,28287,,,,,,,,,22025,,21230,21219,21190,20936
DIXON,PUT VOL,151303,50249,,,,,,,,,5276,,16523,20284,24048,28261
DIXON,PUT OI,16909,17683,,,,,,,,,17031,,17225,16728,16179,15759
DIXON,CALL SPRD,,,,,,,,,,,,,,,,
DIXON,PUT SPRD,,,,,,,,,,,,,,,,
DLF,PRICE,663.55,683.0,,,,660.5,671.77,666.29,676.6,663.8,663.0,661.0,659.0,662.0,660.0,660.0
DLF,VWAP,,,,,,,,,,,661.82,661.38,661.0,661.17,661.13,660.98
DLF,CASH VOL,2765032,3573018,727332,46.49,51.97,,,,,,108152,184129,277238,340809,411967,490891
DLF,F&O VOL,68862,78529,,,,,,,,,1102,3277,5427,7625,8528,9690
DLF,F&O OI,69780,70808,,,,,,,,,69551,69261,69077,69067,69116,68910
DLF,CALL VOL,13362,26726,,,,,,,,,382,,1301,1530,1596,1692
DLF,CALL OI,6404,7732,,,,,,,,,6221,,5840,5716,5672,5610
DLF,PUT VOL,17387,16421,,,,,,,,,320,,1329,1673,1739,1920
DLF,PUT OI,4883,6317,,,,,,,,,4803,,4502,4492,4440,4339
DLF,CALL SPRD,,,,,,,,,,,,,,,,
DLF,PUT SPRD,,,,,,,,,,,,,,,,
DMART,PRICE,3803.5,3834.2,,,,3803.5,3807.0,3804.67,3822.82,3800.05,3781.0,3776.0,3753.0,3761.0,3769.0,3764.0
DMART,VWAP,,,,,,,,,,,3779.17,3772.9,3764.01,3764.07,3764.59,3764.77
DMART,CASH VOL,361700,297635,141662,67.91,59.1,,,,,,12872,22476,46597,60200,73786,83929
DMART,F&O VOL,35979,39490,,,,,,,,,365,1815,3497,4707,5540,6568
DMART,F&O OI,54193,55641,,,,,,,,,54175,54132,54053,54205,54257,54314
DMART,CALL VOL,8831,11684,,,,,,,,,142,,1100,1557,1773,2124
DMART,CALL OI,6401,7940,,,,,,,,,7041,,6036,6046,5996,5891
DMART,PUT VOL,6017,4767,,,,,,,,,49,,788,1005,1112,1179
DMART,PUT OI,4963,6280,,,,,,,,,4641,,4801,4824,4792,4773
DMART,CALL SPRD,,,,,,,,,,,,,,,,
DMART,PUT SPRD,,,,,,,,,,,,,,,,
DRREDDY,PRICE,1221.0,1201.0,,,,1243.2,1219.63,1216.9,1203.5,1201.83,1239.0,1241.0,1238.0,1232.0,1236.0,1236.0
DRREDDY,VWAP,,,,,,,,,,,1238.57,1240.38,1240.08,1239.15,1238.79,1238.53
DRREDDY,CASH VOL,3401676,1001238,738119,49.95,61.1,,,,,,458235,912413,1099650,1322427,1427948,1609804
DRREDDY,F&O VOL,117367,33923,,,,,,,,,9828,26578,33652,39240,43835,46063
DRREDDY,F&O OI,66580,66092,,,,,,,,,66888,68434,68449,68625,68722,68961
DRREDDY,CALL VOL,60497,8883,,,,,,,,,4631,,12880,14496,,16762
DRREDDY,CALL OI,7745,10370,,,,,,,,,7754,,8155,8009,,7840
DRREDDY,PUT VOL,17161,3505,,,,,,,,,1346,,4290,5452,,6125
DRREDDY,PUT OI,3141,2277,,,,,,,,,3118,,3155,3527,,3048
DRREDDY,CALL SPRD,,,,,,,,,,,,,,,,
DRREDDY,PUT SPRD,,,,,,,,,,,,,,,,
EICHERMOT,PRICE,7213.5,7360.0,,,,7213.5,7256.0,7227.67,7437.25,7385.75,7207.0,7218.0,7218.0,7218.0,7218.0,7170.0
EICHERMOT,VWAP,,,,,,,,,,,7210.0,7218.3,7217.3,7219.44,7218.66,7211.44
EICHERMOT,CASH VOL,423079,201194,147697,64.11,56.34,,,,,,13916,21927,28161,34440,39690,50269
EICHERMOT,F&O VOL,81187,58228,,,,,,,,,794,3134,4768,6949,8292,10686
EICHERMOT,F&O OI,65828,64538,,,,,,,,,65833,65661,65658,65706,65764,65688
EICHERMOT,CALL VOL,20148,12512,,,,,,,,,194,,1010,1442,1745,2047
EICHERMOT,CALL OI,3786,4981,,,,,,,,,3761,,3523,3448,3402,3353
EICHERMOT,PUT VOL,25446,17147,,,,,,,,,271,,963,1295,1664,2201
EICHERMOT,PUT OI,5466,8715,,,,,,,,,5403,,5325,5275,5260,5096
EICHERMOT,CALL SPRD,,,,,,,,,,,,,,,,
EICHERMOT,PUT SPRD,,,,,,,,,,,,,,,,
ETERNAL,PRICE,330.95,335.0,,,,333.0,331.77,331.23,335.62,335.21,329.0,328.0,327.0,328.0,328.0,327.0
ETERNAL,VWAP,,,,,,,,,,,330.5,329.63,329.06,328.95,328.84,328.53
ETERNAL,CASH VOL,19560239,24508361,5994207,60.91,64.33,,,,,,1189940,1649601,2271857,2733826,3238578,3906304
ETERNAL,F&O VOL,80374,108671,,,,,,,,,1351,3711,7284,9322,11274,13424
ETERNAL,F&O OI,109989,113629,,,,,,,,,109955,109810,109836,109960,109969,109966
ETERNAL,CALL VOL,22692,30400,,,,,,,,,548,,1942,2363,2519,2745
ETERNAL,CALL OI,16486,20076,,,,,,,,,16573,,16341,16145,16067,15862
ETERNAL,PUT VOL,19216,25055,,,,,,,,,366,,1908,2303,2807,3299
ETERNAL,PUT OI,12306,15664,,,,,,,,,11520,,10990,10896,10766,11303
ETERNAL,CALL SPRD,,,,,,,,,,,,,,,,
ETERNAL,PUT SPRD,,,,,,,,,,,,,,,,
FEDERALBNK,PRICE,325.0,322.0,,,,325.65,324.63,323.9,327.43,323.81,326.0,322.0,323.0,322.0,322.0,321.0
FEDERALBNK,VWAP,,,,,,,,,,,325.5,324.12,323.63,323.57,323.36,323.2
FEDERALBNK,CASH VOL,7819379,6128694,1808840,54.88,43.72,,,,,,183802,310932,480105,583018,709122,792937
FEDERALBNK,F&O VOL,60152,92660,,,,,,,,,802,3083,5366,7107,8306,9636
FEDERALBNK,F&O OI,63028,66680,,,,,,,,,62942,62712,62589,62890,62810,62825
FEDERALBNK,CALL VOL,17779,22097,,,,,,,,,295,,1476,1438,1859,2304
FEDERALBNK,CALL OI,4397,5987,,,,,,,,,5781,,5527,4203,4096,4109
FEDERALBNK,PUT VOL,12893,29683,,,,,,,,,283,,1460,1701,2097,2435
FEDERALBNK,PUT OI,5049,7067,,,,,,,,,5685,,5551,4732,4646,4540
FEDERALBNK,CALL SPRD,,,,,,,,,,,,,,,,
FEDERALBNK,PUT SPRD,,,,,,,,,,,,,,,,
FORCEMOT,PRICE,17100.0,17388.0,,,,17100.0,17200.5,17133.5,17391.5,17389.17,16983.0,16920.0,16843.0,16833.0,16864.0,16814.0
FORCEMOT,VWAP,,,,,,,,,,,17021.67,16957.61,16930.57,16905.05,16900.74,16896.33
FORCEMOT,CASH VOL,62439,64737,11578,34.34,32.91,,,,,,6086,12120,16285,22627,28371,30712
FORCEMOT,F&O VOL,28791,46071,,,,,,,,,180,1816,3249,4486,7274,8037
FORCEMOT,F&O OI,22243,21364,,,,,,,,,22254,21954,21577,21807,21547,21599
FORCEMOT,CALL VOL,11179,25008,,,,,,,,,132,,1547,1805,2422,2523
FORCEMOT,CALL OI,3851,4604,,,,,,,,,3840,,3413,3390,3260,3270
FORCEMOT,PUT VOL,4782,8592,,,,,,,,,1,,569,1008,2358,2869
FORCEMOT,PUT OI,1822,2354,,,,,,,,,1822,,1689,1825,1621,1658
FORCEMOT,CALL SPRD,,,,,,,,,,,,,,,,
FORCEMOT,PUT SPRD,,,,,,,,,,,,,,,,
FORTIS,PRICE,830.75,837.85,,,,833.0,830.07,828.73,870.4,848.7,836.0,832.0,830.0,831.0,832.0,826.0
FORTIS,VWAP,,,,,,,,,,,833.73,832.47,830.59,830.97,831.12,830.76
FORTIS,CASH VOL,2608914,2433292,491432,57.87,46.13,,,,,,37481,79345,132956,191923,205685,238579
FORTIS,F&O VOL,31509,64947,,,,,,,,,230,746,1627,2980,3237,3515
FORTIS,F&O OI,23442,24594,,,,,,,,,23400,23355,23301,23492,23456,23521
FORTIS,CALL VOL,6573,7498,,,,,,,,,46,,284,443,488,495
FORTIS,CALL OI,841,1028,,,,,,,,,1071,,1027,1011,1007,769
FORTIS,PUT VOL,10544,32197,,,,,,,,,132,,410,633,673,702
FORTIS,PUT OI,1096,1815,,,,,,,,,1143,,1091,1106,1101,1041
FORTIS,CALL SPRD,,,,,,,,,,,,,,,,
FORTIS,PUT SPRD,,,,,,,,,,,,,,,,
GAIL,PRICE,172.45,172.7,,,,172.34,172.86,172.59,172.87,172.76,172.0,171.0,170.0,170.0,170.0,169.0
GAIL,VWAP,,,,,,,,,,,172.44,172.26,172.13,172.04,171.94,171.9
GAIL,CASH VOL,11202821,5454851,2086470,62.33,56.2,,,,,,2968878,3663896,3951946,4136545,4339929,4428469
GAIL,F&O VOL,22600,26791,,,,,,,,,617,1837,2553,3146,3853,4184
GAIL,F&O OI,34317,34398,,,,,,,,,34275,34294,34394,34456,34488,34472
GAIL,CALL VOL,4099,4360,,,,,,,,,208,,657,769,852,885
GAIL,CALL OI,3093,3569,,,,,,,,,3299,,2966,2947,2904,2883
GAIL,PUT VOL,2722,2522,,,,,,,,,134,,372,482,618,686
GAIL,PUT OI,1734,1972,,,,,,,,,1710,,1666,1638,1596,1558
GAIL,CALL SPRD,,,,,,,,,,,,,,,,
GAIL,PUT SPRD,,,,,,,,,,,,,,,,
GLENMARK,PRICE,2325.7,2380.0,,,,2330.4,2349.9,2333.77,2424.15,2394.72,2336.0,2317.0,2307.0,2306.0,2307.0,2301.0
GLENMARK,VWAP,,,,,,,,,,,2329.67,2325.31,2322.85,2320.93,2319.86,2317.46
GLENMARK,CASH VOL,985878,785299,176749,53.63,57.37,,,,,,46271,67551,78371,89224,96463,114446
GLENMARK,F&O VOL,34254,40138,,,,,,,,,177,1552,2921,3351,3773,4506
GLENMARK,F&O OI,37002,37985,,,,,,,,,36999,37174,37477,37520,37495,37510
GLENMARK,CALL VOL,4234,3180,,,,,,,,,49,,738,788,918,1015
GLENMARK,CALL OI,1408,1751,,,,,,,,,1425,,1392,1374,1362,1324
GLENMARK,PUT VOL,3613,8058,,,,,,,,,58,,313,372,516,723
GLENMARK,PUT OI,792,1084,,,,,,,,,784,,804,794,769,733
GLENMARK,CALL SPRD,,,,,,,,,,,,,,,,
GLENMARK,PUT SPRD,,,,,,,,,,,,,,,,
GMRAIRPORT,PRICE,94.75,97.95,,,,94.1,95.78,95.09,98.96,98.29,94.0,94.0,94.0,94.0,94.0,94.0
GMRAIRPORT,VWAP,,,,,,,,,,,94.22,94.4,94.33,94.3,94.31,94.3
GMRAIRPORT,CASH VOL,6334950,10108888,2294747,60.89,55.53,,,,,,200725,530659,798806,927492,1062436,1142898
GMRAIRPORT,F&O VOL,28756,15936,,,,,,,,,269,1583,2457,2865,3720,4435
GMRAIRPORT,F&O OI,37309,36272,,,,,,,,,37235,37226,37304,37229,37254,37348
GMRAIRPORT,CALL VOL,2264,1047,,,,,,,,,26,,207,237,310,389
GMRAIRPORT,CALL OI,1211,1395,,,,,,,,,1206,,1134,1114,1091,1092
GMRAIRPORT,PUT VOL,5677,1042,,,,,,,,,77,,263,341,523,592
GMRAIRPORT,PUT OI,2014,4185,,,,,,,,,1981,,1882,1816,1689,1658
GMRAIRPORT,CALL SPRD,,,,,,,,,,,,,,,,
GMRAIRPORT,PUT SPRD,,,,,,,,,,,,,,,,
GODFRYPHLP,PRICE,1931.5,1970.4,,,,1941.9,1957.6,1940.2,1992.05,1977.62,1937.0,1922.0,1913.0,1915.0,1914.0,1908.0
GODFRYPHLP,VWAP,,,,,,,,,,,1934.6,1928.68,1926.09,1924.58,1923.3,1921.25
GODFRYPHLP,CASH VOL,260451,68917,49477,29.57,36.33,,,,,,12569,26131,32394,36719,41319,48192
GODFRYPHLP,F&O VOL,26422,5887,,,,,,,,,335,1161,1496,2112,2501,2794
GODFRYPHLP,F&O OI,11670,10915,,,,,,,,,11641,11603,11568,11577,11519,11460
GODFRYPHLP,CALL VOL,7233,1140,,,,,,,,,257,,595,1001,1238,1289
GODFRYPHLP,CALL OI,2056,2142,,,,,,,,,2587,,1998,2003,1989,1969
GODFRYPHLP,PUT VOL,9543,289,,,,,,,,,7,,364,436,545,591
GODFRYPHLP,PUT OI,986,1360,,,,,,,,,1173,,1014,1004,980,965
GODFRYPHLP,CALL SPRD,,,,,,,,,,,,,,,,
GODFRYPHLP,PUT SPRD,,,,,,,,,,,,,,,,
GODREJCP,PRICE,868.0,880.0,,,,868.0,868.12,868.04,879.2,877.6,863.0,865.0,860.0,855.0,855.0,853.0
GODREJCP,VWAP,,,,,,,,,,,864.43,863.94,862.41,861.17,860.34,859.49
GODREJCP,CASH VOL,1193447,288234,489053,58.97,48.08,,,,,,10757,48333,112181,173257,198519,227593
GODREJCP,F&O VOL,29198,31270,,,,,,,,,169,1268,1874,2914,4333,4989
GODREJCP,F&O OI,44361,47998,,,,,,,,,44348,44324,44387,44426,44734,44777
GODREJCP,CALL VOL,4214,4170,,,,,,,,,44,,478,769,991,1106
GODREJCP,CALL OI,2461,3393,,,,,,,,,2779,,2682,2341,2592,2233
GODREJCP,PUT VOL,4936,2386,,,,,,,,,46,,234,366,623,690
GODREJCP,PUT OI,2597,4106,,,,,,,,,2741,,2685,2500,2611,2444
GODREJCP,CALL SPRD,,,,,,,,,,,,,,,,
GODREJCP,PUT SPRD,,,,,,,,,,,,,,,,
GODREJPROP,PRICE,1669.8,1700.1,,,,1666.0,1687.5,1675.7,1699.68,1698.85,1667.0,1662.0,1651.0,1652.0,1651.0,1646.0
GODREJPROP,VWAP,,,,,,,,,,,1665.5,1662.43,1660.58,1658.69,1657.72,1656.98
GODREJPROP,CASH VOL,422392,273610,156825,39.13,41.3,,,,,,18379,39722,54270,72961,81546,87035
GODREJPROP,F&O VOL,54159,32408,,,,,,,,,560,1971,3688,5897,8020,8798
GODREJPROP,F&O OI,56102,57545,,,,,,,,,56048,55922,55474,56415,57082,57143
GODREJPROP,CALL VOL,10698,5930,,,,,,,,,328,,1119,1277,1520,1620
GODREJPROP,CALL OI,2820,2807,,,,,,,,,2960,,2862,2839,2560,2555
GODREJPROP,PUT VOL,6552,5049,,,,,,,,,99,,420,560,755,862
GODREJPROP,PUT OI,2307,3195,,,,,,,,,2494,,2416,2390,2137,2124
GODREJPROP,CALL SPRD,,,,,,,,,,,,,,,,
GODREJPROP,PUT SPRD,,,,,,,,,,,,,,,,
GRASIM,PRICE,3150.0,3191.0,,,,3149.2,3162.0,3154.0,3184.38,3171.15,3142.0,3140.0,3137.0,3145.0,3143.0,3138.0
GRASIM,VWAP,,,,,,,,,,,3140.83,3140.25,3138.14,3139.85,3140.6,3140.45
GRASIM,CASH VOL,746885,773413,243012,62.2,59.7,,,,,,8102,15414,34893,43977,51427,58331
GRASIM,F&O VOL,26560,32100,,,,,,,,,347,1290,2118,2693,3172,3613
GRASIM,F&O OI,46264,48086,,,,,,,,,46242,46300,46310,46319,46290,46292
GRASIM,CALL VOL,2799,6238,,,,,,,,,217,,361,556,706,837
GRASIM,CALL OI,1917,2242,,,,,,,,,1901,,1892,1886,1865,1850
GRASIM,PUT VOL,2960,4235,,,,,,,,,102,,699,736,810,830
GRASIM,PUT OI,1888,2397,,,,,,,,,1875,,1889,1866,1862,1858
GRASIM,CALL SPRD,,,,,,,,,,,,,,,,
GRASIM,PUT SPRD,,,,,,,,,,,,,,,,
GVT&D,PRICE,4203.0,4280.0,,,,4198.8,4241.0,4215.67,4381.75,4313.92,4188.0,4168.0,4173.0,4200.0,4218.0,4194.0
GVT&D,VWAP,,,,,,,,,,,4188.27,4180.13,4176.64,4181.3,4187.12,4191.11
GVT&D,CASH VOL,399176,325045,155933,53.08,49.25,,,,,,17235,31390,45435,59727,71920,86294
GVT&D,F&O VOL,44342,35048,,,,,,,,,346,1448,2807,4165,6083,8213
GVT&D,F&O OI,54480,55170,,,,,,,,,54359,54127,53898,53775,53567,53717
GVT&D,CALL VOL,14616,12293,,,,,,,,,206,,1384,,2948,3376
GVT&D,CALL OI,9251,10021,,,,,,,,,9209,,8802,,8495,8431
GVT&D,PUT VOL,7093,5776,,,,,,,,,112,,411,,1089,1374
GVT&D,PUT OI,8158,9173,,,,,,,,,8116,,8047,,7799,7642
GVT&D,CALL SPRD,,,,,,,,,,,,,,,,
GVT&D,PUT SPRD,,,,,,,,,,,,,,,,
HAL,PRICE,4738.0,4800.0,,,,4723.0,4757.3,4744.43,4824.5,4808.17,4704.0,4688.0,4677.0,4675.0,4668.0,4672.0
HAL,VWAP,,,,,,,,,,,4699.0,4693.73,4690.37,4687.04,4683.23,4679.78
HAL,CASH VOL,810334,384467,180176,65.53,49.67,,,,,,17074,42818,59315,79974,96823,120857
HAL,F&O VOL,106656,82451,,,,,,,,,1769,6123,9832,13012,15889,17889
HAL,F&O OI,82964,86730,,,,,,,,,82545,82426,82240,82327,82256,82399
HAL,CALL VOL,29228,22250,,,,,,,,,536,,2040,,2754,2925
HAL,CALL OI,4874,6336,,,,,,,,,5790,,5424,,4296,4301
HAL,PUT VOL,18646,17354,,,,,,,,,304,,1291,,2371,2516
HAL,PUT OI,4777,7654,,,,,,,,,5206,,4966,,4292,4266
HAL,CALL SPRD,,,,,,,,,,,,,,,,
HAL,PUT SPRD,,,,,,,,,,,,,,,,
HAVELLS,PRICE,1085.0,1096.5,,,,1080.6,1087.2,1085.73,1099.3,1097.43,1072.0,1069.0,1063.0,1064.0,1063.0,1059.0
HAVELLS,VWAP,,,,,,,,,,,1074.17,1071.34,1068.57,1067.87,1067.26,1066.08
HAVELLS,CASH VOL,735161,308307,197629,53.28,48.84,,,,,,38843,77745,116306,148613,166031,197116
HAVELLS,F&O VOL,27082,27086,,,,,,,,,469,1701,3481,4576,5356,6259
HAVELLS,F&O OI,40352,41160,,,,,,,,,40384,40482,40248,40234,40204,40187
HAVELLS,CALL VOL,3845,6852,,,,,,,,,121,,696,,997,1065
HAVELLS,CALL OI,2333,3095,,,,,,,,,2662,,2203,,2057,2022
HAVELLS,PUT VOL,2415,2041,,,,,,,,,91,,537,,667,756
HAVELLS,PUT OI,1667,2241,,,,,,,,,1818,,1571,,1515,1466
HAVELLS,CALL SPRD,,,,,,,,,,,,,,,,
HAVELLS,PUT SPRD,,,,,,,,,,,,,,,,
HCLTECH,PRICE,1252.6,1258.0,,,,1252.6,1254.55,1253.25,1260.35,1258.78,1250.0,1243.0,1238.0,1235.0,1236.0,1233.0
HCLTECH,VWAP,,,,,,,,,,,1250.17,1247.04,1244.96,1243.53,1242.29,1241.41
HCLTECH,CASH VOL,2272247,1568243,661966,56.83,40.65,,,,,,130148,219797,281759,342756,387845,426367
HCLTECH,F&O VOL,101290,142033,,,,,,,,,1527,6153,9802,12648,15286,17343
HCLTECH,F&O OI,112235,114488,,,,,,,,,112178,112500,112294,112469,112151,112279
HCLTECH,CALL VOL,19879,28797,,,,,,,,,661,,2059,,2809,3082
HCLTECH,CALL OI,5901,7151,,,,,,,,,6296,,6030,,5375,5334
HCLTECH,PUT VOL,18673,34148,,,,,,,,,400,,1556,,2790,3191
HCLTECH,PUT OI,7471,9270,,,,,,,,,7630,,7280,,6489,6368
HCLTECH,CALL SPRD,,,,,,,,,,,,,,,,
HCLTECH,PUT SPRD,,,,,,,,,,,,,,,,
HDFCAMC,PRICE,2302.3,2378.0,,,,2286.1,2333.45,2312.68,2411.35,2389.12,2298.0,2296.0,2286.0,2290.0,2283.0,2274.0
HDFCAMC,VWAP,,,,,,,,,,,2293.17,2293.55,2291.49,2291.04,2289.43,2288.27
HDFCAMC,CASH VOL,877414,363424,236884,62.84,58.39,,,,,,66929,106051,136030,156129,203010,223055
HDFCAMC,F&O VOL,34289,30140,,,,,,,,,510,2428,3468,4182,5039,5899
HDFCAMC,F&O OI,38094,37418,,,,,,,,,38171,38361,38406,38545,38642,38817
HDFCAMC,CALL VOL,4042,3284,,,,,,,,,99,,551,,799,934
HDFCAMC,CALL OI,2030,2596,,,,,,,,,2305,,2157,,2123,1872
HDFCAMC,PUT VOL,7364,5817,,,,,,,,,80,,702,,907,1099
HDFCAMC,PUT OI,1944,2633,,,,,,,,,2074,,2017,,1980,1860
HDFCAMC,CALL SPRD,,,,,,,,,,,,,,,,
HDFCAMC,PUT SPRD,,,,,,,,,,,,,,,,
HDFCBANK,PRICE,719.05,735.6,,,,713.7,725.55,721.22,736.0,735.73,713.0,709.0,707.0,707.0,708.0,710.0
HDFCBANK,VWAP,,,,,,,,,,,712.78,710.83,709.71,708.99,708.83,708.83
HDFCBANK,CASH VOL,21675579,19853034,4838026,57.58,61.91,,,,,,3392124,4806635,6060272,7881672,8556022,9504218
HDFCBANK,F&O VOL,765086,724229,,,,,,,,,23627,75298,118222,153549,195554,224983
HDFCBANK,F&O OI,1049062,1060407,,,,,,,,,1048261,1048986,1053260,1059108,1067234,1073815
HDFCBANK,CALL VOL,230924,208708,,,,,,,,,10028,,30006,,46675,50546
HDFCBANK,CALL OI,119756,136187,,,,,,,,,117936,,115256,,113674,113261
HDFCBANK,PUT VOL,146299,134985,,,,,,,,,3842,,22948,,32452,35312
HDFCBANK,PUT OI,71361,94239,,,,,,,,,70393,,65402,,63401,63239
HDFCBANK,CALL SPRD,,,,,,,,,,,,,,,,
HDFCBANK,PUT SPRD,,,,,,,,,,,,,,,,
HDFCLIFE,PRICE,531.6,531.0,,,,526.2,531.13,530.2,540.7,534.23,523.0,521.0,520.0,519.0,520.0,519.0
HDFCLIFE,VWAP,,,,,,,,,,,523.98,521.82,521.58,521.44,521.3,521.17
HDFCLIFE,CASH VOL,2307139,4285606,611990,40.56,35.71,,,,,,193850,401699,482587,562097,614342,660819
HDFCLIFE,F&O VOL,68837,105270,,,,,,,,,2792,8291,10615,12791,14556,16101
HDFCLIFE,F&O OI,79350,82425,,,,,,,,,79585,79933,79852,79995,79929,79887
HDFCLIFE,CALL VOL,11131,23317,,,,,,,,,996,,2241,,3099,3477
HDFCLIFE,CALL OI,4696,5508,,,,,,,,,4744,,4709,,4560,4534
HDFCLIFE,PUT VOL,13264,27342,,,,,,,,,1222,,2807,,3556,3841
HDFCLIFE,PUT OI,5828,7995,,,,,,,,,5864,,5527,,5343,5258
HDFCLIFE,CALL SPRD,,,,,,,,,,,,,,,,
HDFCLIFE,PUT SPRD,,,,,,,,,,,,,,,,
HEROMOTOCO,PRICE,5390.0,5360.0,,,,5375.0,5376.08,5348.25,5371.25,5363.75,5363.0,5349.0,5341.0,5338.0,5343.0,5312.0
HEROMOTOCO,VWAP,,,,,,,,,,,5359.5,5361.45,5355.96,5353.99,5350.81,5346.23
HEROMOTOCO,CASH VOL,340540,299598,97539,56.48,50.85,,,,,,22039,46966,66776,79619,95050,110112
HEROMOTOCO,F&O VOL,63850,69737,,,,,,,,,1773,5580,7576,9516,11632,13799
HEROMOTOCO,F&O OI,53305,55228,,,,,,,,,53210,52682,52370,52159,52172,51941
HEROMOTOCO,CALL VOL,26814,29375,,,,,,,,,1123,,3126,,4909,5930
HEROMOTOCO,CALL OI,10195,11928,,,,,,,,,11007,,9544,,9418,9200
HEROMOTOCO,PUT VOL,10290,12847,,,,,,,,,233,,1114,,1681,1874
HEROMOTOCO,PUT OI,6684,7646,,,,,,,,,6406,,6322,,6159,6130
HEROMOTOCO,CALL SPRD,,,,,,,,,,,,,,,,
HEROMOTOCO,PUT SPRD,,,,,,,,,,,,,,,,
HINDALCO,PRICE,955.9,977.0,,,,955.9,962.0,957.93,985.45,979.82,957.0,956.0,951.0,953.0,952.0,948.0
HINDALCO,VWAP,,,,,,,,,,,956.73,955.87,955.02,954.59,954.22,953.2
HINDALCO,CASH VOL,3354458,2469481,876751,52.44,60.16,,,,,,104730,210408,283536,345041,405174,511490
HINDALCO,F&O VOL,90507,88674,,,,,,,,,1690,4185,7524,9830,11895,14123
HINDALCO,F&O OI,114188,114398,,,,,,,,,114314,114547,114792,115098,115629,116087
HINDALCO,CALL VOL,18781,23817,,,,,,,,,296,,1261,,1940,2035
HINDALCO,CALL OI,8015,9734,,,,,,,,,9430,,9224,,8964,7588
HINDALCO,PUT VOL,21169,14705,,,,,,,,,144,,837,,1157,1337
HINDALCO,PUT OI,6457,8461,,,,,,,,,6832,,6726,,6656,6239
HINDALCO,CALL SPRD,,,,,,,,,,,,,,,,
HINDALCO,PUT SPRD,,,,,,,,,,,,,,,,
HINDPETRO,PRICE,342.45,351.0,,,,340.7,344.9,343.27,356.92,352.98,340.0,339.0,337.0,339.0,339.0,339.0
HINDPETRO,VWAP,,,,,,,,,,,340.42,339.68,339.23,339.13,339.2,339.2
HINDPETRO,CASH VOL,4062685,4957719,854881,55.14,65.34,,,,,,111362,244454,328304,446393,526108,601262
HINDPETRO,F&O VOL,22780,24063,,,,,,,,,318,1373,2261,2946,3222,3500
HINDPETRO,F&O OI,33786,36194,,,,,,,,,33803,33754,33864,33928,33913,34000
HINDPETRO,CALL VOL,3328,2901,,,,,,,,,55,,389,,513,530
HINDPETRO,CALL OI,1341,1974,,,,,,,,,1339,,1242,,1211,1206
HINDPETRO,PUT VOL,3923,2075,,,,,,,,,74,,410,,553,561
HINDPETRO,PUT OI,1803,3057,,,,,,,,,1782,,1660,,1572,1568
HINDPETRO,CALL SPRD,,,,,,,,,,,,,,,,
HINDPETRO,PUT SPRD,,,,,,,,,,,,,,,,
HINDUNILVR,PRICE,1896.0,1942.9,,,,1896.0,1913.2,1901.73,1942.2,1940.8,1890.0,1894.0,1881.0,1871.0,1874.0,1876.0
HINDUNILVR,VWAP,,,,,,,,,,,1891.13,1891.56,1888.21,1883.24,1880.43,1880.08
HINDUNILVR,CASH VOL,1852879,732074,535084,64.22,53.82,,,,,,38130,82753,132686,208937,263495,296455
HINDUNILVR,F&O VOL,87271,82673,,,,,,,,,1387,6919,10598,16266,22174,24604
HINDUNILVR,F&O OI,114002,109837,,,,,,,,,114164,114569,114798,115865,116352,116750
HINDUNILVR,CALL VOL,14736,21547,,,,,,,,,395,,2081,,3611,3969
HINDUNILVR,CALL OI,7960,8339,,,,,,,,,13505,,7515,,7420,7402
HINDUNILVR,PUT VOL,11767,13518,,,,,,,,,175,,1487,,3142,3538
HINDUNILVR,PUT OI,4422,5517,,,,,,,,,5383,,4376,,4067,4095
HINDUNILVR,CALL SPRD,,,,,,,,,,,,,,,,
HINDUNILVR,PUT SPRD,,,,,,,,,,,,,,,,
HINDZINC,PRICE,573.0,588.95,,,,569.0,574.27,573.43,591.9,589.93,568.0,568.0,566.0,568.0,569.0,565.0
HINDZINC,VWAP,,,,,,,,,,,567.48,568.09,567.81,568.06,568.16,567.94
HINDZINC,CASH VOL,3911892,3349241,872139,51.45,50.89,,,,,,181118,323998,457806,599909,666281,762102
HINDZINC,F&O VOL,59416,41003,,,,,,,,,1108,3438,6054,8323,9387,10607
HINDZINC,F&O OI,60174,63246,,,,,,,,,60165,59693,59947,60168,60039,59975
HINDZINC,CALL VOL,16829,16535,,,,,,,,,534,,1423,,1808,1969
HINDZINC,CALL OI,8062,10135,,,,,,,,,8009,,7677,,7516,7456
HINDZINC,PUT VOL,16142,7029,,,,,,,,,331,,892,,1410,1602
HINDZINC,PUT OI,6163,7973,,,,,,,,,6212,,5987,,5803,5706
HINDZINC,CALL SPRD,,,,,,,,,,,,,,,,
HINDZINC,PUT SPRD,,,,,,,,,,,,,,,,
HYUNDAI,PRICE,2050.7,2115.0,,,,2051.1,2076.75,2059.38,2115.25,2115.08,2029.0,2033.0,2035.0,2031.0,2035.0,2028.0
HYUNDAI,VWAP,,,,,,,,,,,2035.47,2035.83,2035.47,2035.44,2035.32,2034.98
HYUNDAI,CASH VOL,539910,1546794,158661,52.08,34.83,,,,,,25215,51247,67919,87857,94655,102592
HYUNDAI,F&O VOL,39906,111061,,,,,,,,,558,1815,2812,3717,4277,4887
HYUNDAI,F&O OI,28226,29291,,,,,,,,,28152,28022,27904,27722,27594,27585
HYUNDAI,CALL VOL,5508,25091,,,,,,,,,118,,666,,1007,793
HYUNDAI,CALL OI,686,4051,,,,,,,,,679,,1177,,1059,599
HYUNDAI,PUT VOL,10485,17043,,,,,,,,,155,,530,,733,793
HYUNDAI,PUT OI,1478,2958,,,,,,,,,1464,,1624,,1564,1387
HYUNDAI,CALL SPRD,,,,,,,,,,,,,,,,
HYUNDAI,PUT SPRD,,,,,,,,,,,,,,,,
ICICIBANK,PRICE,1302.0,1326.8,,,,1295.7,1311.9,1305.3,1332.0,1328.53,1299.0,1295.0,1291.0,1294.0,1296.0,1297.0
ICICIBANK,VWAP,,,,,,,,,,,1298.03,1297.37,1296.09,1295.46,1295.96,1296.09
ICICIBANK,CASH VOL,6327946,10841310,1804297,60.44,61.18,,,,,,624307,869594,1114526,1326196,1689685,1857443
ICICIBANK,F&O VOL,246013,285682,,,,,,,,,3504,11576,17981,23868,30730,34845
ICICIBANK,F&O OI,312346,292161,,,,,,,,,312339,313132,313133,313794,314920,315616
ICICIBANK,CALL VOL,50946,58883,,,,,,,,,1161,,3804,,6952,7456
ICICIBANK,CALL OI,9317,8322,,,,,,,,,9046,,6485,,8347,8383
ICICIBANK,PUT VOL,34670,46916,,,,,,,,,495,,2394,,3983,4441
ICICIBANK,PUT OI,7954,7672,,,,,,,,,7956,,6815,,7653,7653
ICICIBANK,CALL SPRD,,,,,,,,,,,,,,,,
ICICIBANK,PUT SPRD,,,,,,,,,,,,,,,,
ICICIGI,PRICE,1540.0,1553.7,,,,1532.0,1542.75,1540.92,1543.47,1523.0,1523.0,1519.0,1513.0,1508.0,1506.0,1500.0
ICICIGI,VWAP,,,,,,,,,,,1524.93,1520.76,1519.41,1516.76,1513.18,1510.23
ICICIGI,CASH VOL,453608,850179,138923,58.16,51.64,,,,,,16825,31008,37905,52060,75909,97969
ICICIGI,F&O VOL,24141,45327,,,,,,,,,1097,2469,3714,5883,7253,7990
ICICIGI,F&O OI,30611,33365,,,,,,,,,30933,31047,31079,31523,32152,32122
ICICIGI,CALL VOL,4796,13280,,,,,,,,,153,,645,,897,928
ICICIGI,CALL OI,2149,3030,,,,,,,,,2572,,2451,,1889,1886
ICICIGI,PUT VOL,5679,12800,,,,,,,,,387,,1342,,2367,2723
ICICIGI,PUT OI,2964,3911,,,,,,,,,2665,,2496,,2239,2151
ICICIGI,CALL SPRD,,,,,,,,,,,,,,,,
ICICIGI,PUT SPRD,,,,,,,,,,,,,,,,
ICICIPRULI,PRICE,458.7,463.0,,,,452.05,458.27,457.42,472.68,466.22,449.0,445.0,444.0,443.0,445.0,444.0
ICICIPRULI,VWAP,,,,,,,,,,,450.17,447.23,446.42,446.03,445.89,445.55
ICICIPRULI,CASH VOL,1352420,1121971,302320,55.79,41.33,,,,,,102882,238474,331095,396026,452247,551108
ICICIPRULI,F&O VOL,28713,31855,,,,,,,,,1107,4177,5294,6660,7797,8692
ICICIPRULI,F&O OI,37193,38735,,,,,,,,,37381,37773,37877,37705,37552,37663
ICICIPRULI,CALL VOL,3957,3381,,,,,,,,,149,,595,,1142,1401
ICICIPRULI,CALL OI,827,1637,,,,,,,,,884,,974,,957,1067
ICICIPRULI,PUT VOL,3957,4977,,,,,,,,,742,,2391,,3250,3385
ICICIPRULI,PUT OI,1902,3149,,,,,,,,,2134,,2011,,1845,1781
ICICIPRULI,CALL SPRD,,,,,,,,,,,,,,,,
ICICIPRULI,PUT SPRD,,,,,,,,,,,,,,,,
IDEA,PRICE,13.47,14.26,,,,13.6,13.83,13.59,14.22,14.13,13.0,13.0,13.0,13.0,13.0,13.0
IDEA,VWAP,,,,,,,,,,,13.64,13.57,13.55,13.54,13.53,13.51
IDEA,CASH VOL,500546584,309260435,125770292,33.95,35.72,,,,,,30117489,53961290,69498688,87951052,98468769,118756055
IDEA,F&O VOL,111489,56597,,,,,,,,,2527,5882,10002,13653,15974,18414
IDEA,F&O OI,151148,146030,,,,,,,,,151276,151505,152384,153474,153647,152768
IDEA,CALL VOL,16230,10205,,,,,,,,,1421,,2502,,3547,3904
IDEA,CALL OI,22169,22405,,,,,,,,,22341,,21777,,21368,21278
IDEA,PUT VOL,10748,6349,,,,,,,,,187,,1265,,1638,1762
IDEA,PUT OI,9006,10552,,,,,,,,,9016,,8705,,8539,8522
IDEA,CALL SPRD,,,,,,,,,,,,,,,,
IDEA,PUT SPRD,,,,,,,,,,,,,,,,
IDFCFIRSTB,PRICE,80.55,83.8,,,,80.4,81.97,81.03,86.44,84.68,80.0,79.0,78.0,79.0,79.0,78.0
IDFCFIRSTB,VWAP,,,,,,,,,,,80.18,79.81,79.49,79.4,79.36,79.31
IDFCFIRSTB,CASH VOL,21063238,20425204,5863137,53.31,53.42,,,,,,1200525,2424692,3392372,4061338,4555820,4976390
IDFCFIRSTB,F&O VOL,57987,61617,,,,,,,,,945,4470,8013,10600,12692,14098
IDFCFIRSTB,F&O OI,79550,80392,,,,,,,,,79598,80235,80468,80845,80968,81142
IDFCFIRSTB,CALL VOL,4625,4021,,,,,,,,,221,,825,,1166,1276
IDFCFIRSTB,CALL OI,1530,6488,,,,,,,,,2802,,1490,,1424,1409
IDFCFIRSTB,PUT VOL,7196,8091,,,,,,,,,198,,1408,,2012,2225
IDFCFIRSTB,PUT OI,2086,5854,,,,,,,,,2721,,1663,,1461,1462
IDFCFIRSTB,CALL SPRD,,,,,,,,,,,,,,,,
IDFCFIRSTB,PUT SPRD,,,,,,,,,,,,,,,,
IEX,PRICE,111.35,112.7,,,,111.35,111.91,111.54,113.22,112.88,110.0,110.0,109.0,109.0,109.0,109.0
IEX,VWAP,,,,,,,,,,,110.9,110.6,110.22,110.18,110.16,110.03
IEX,CASH VOL,2050585,2079348,552445,43.74,42.46,,,,,,132721,285324,640400,767992,836122,1028930
IEX,F&O VOL,15997,17757,,,,,,,,,176,1058,2097,3103,3713,4333
IEX,F&O OI,30950,32103,,,,,,,,,30901,30867,31001,31161,31293,31309
IEX,CALL VOL,2524,3069,,,,,,,,,54,,425,,621,711
IEX,CALL OI,2463,3237,,,,,,,,,2433,,2234,,2149,2072
IEX,PUT VOL,1083,1196,,,,,,,,,13,,248,,366,400
IEX,PUT OI,1804,2219,,,,,,,,,1796,,1800,,1778,1767
IEX,CALL SPRD,,,,,,,,,,,,,,,,
IEX,PUT SPRD,,,,,,,,,,,,,,,,
INDHOTEL,PRICE,711.0,726.8,,,,709.0,718.52,713.51,738.48,730.69,707.0,706.0,708.0,710.0,709.0,708.0
INDHOTEL,VWAP,,,,,,,,,,,707.58,706.54,706.81,707.29,707.94,707.95
INDHOTEL,CASH VOL,2741065,1538596,801444,67.18,63.42,,,,,,111126,249684,304673,349262,448374,481408
INDHOTEL,F&O VOL,31589,27588,,,,,,,,,290,2014,2774,3345,3830,4138
INDHOTEL,F&O OI,41601,42775,,,,,,,,,41542,41885,41826,41771,41807,41817
INDHOTEL,CALL VOL,5011,4604,,,,,,,,,68,,249,,504,511
INDHOTEL,CALL OI,3015,4081,,,,,,,,,2995,,2969,,2886,2876
INDHOTEL,PUT VOL,4139,3316,,,,,,,,,64,,340,,492,510
INDHOTEL,PUT OI,2135,2941,,,,,,,,,2107,,2024,,1973,1970
INDHOTEL,CALL SPRD,,,,,,,,,,,,,,,,
INDHOTEL,PUT SPRD,,,,,,,,,,,,,,,,
INDIANB,PRICE,802.45,832.0,,,,802.5,816.67,807.19,837.9,833.97,803.0,800.0,800.0,803.0,805.0,799.0
INDIANB,VWAP,,,,,,,,,,,803.22,801.48,800.62,800.76,801.6,801.55
INDIANB,CASH VOL,746603,1035590,235366,38.55,57.66,,,,,,37434,67161,95683,132022,171368,183697
INDIANB,F&O VOL,19681,19641,,,,,,,,,238,886,1301,2470,3204,3590
INDIANB,F&O OI,23294,24266,,,,,,,,,23271,23252,23297,23709,23711,23743
INDIANB,CALL VOL,3062,3349,,,,,,,,,9,,155,,350,384
INDIANB,CALL OI,1176,1136,,,,,,,,,1172,,1126,,1098,1080
INDIANB,PUT VOL,5315,3753,,,,,,,,,53,,204,,447,486
INDIANB,PUT OI,1466,2404,,,,,,,,,1444,,1426,,1348,1336
INDIANB,CALL SPRD,,,,,,,,,,,,,,,,
INDIANB,PUT SPRD,,,,,,,,,,,,,,,,
INDIGO,PRICE,4874.5,4940.0,,,,4870.0,4889.0,4879.33,4969.25,4949.75,4872.0,4872.0,4868.0,4885.0,4886.0,4877.0
INDIGO,VWAP,,,,,,,,,,,4871.33,4873.52,4872.15,4873.78,4876.35,4876.18
INDIGO,CASH VOL,547789,408716,132409,51.89,56.98,,,,,,16883,28034,34404,45879,55663,62882
INDIGO,F&O VOL,145802,113357,,,,,,,,,2421,7374,9887,13913,16033,17531
INDIGO,F&O OI,87809,92013,,,,,,,,,87531,86750,86221,85589,85562,85480
INDIGO,CALL VOL,52407,36917,,,,,,,,,1125,,3558,,5708,6154
INDIGO,CALL OI,17878,21095,,,,,,,,,17544,,16892,,16305,16290
INDIGO,PUT VOL,44297,34800,,,,,,,,,1092,,2973,,4321,4643
INDIGO,PUT OI,12020,15411,,,,,,,,,11692,,11041,,10799,10722
INDIGO,CALL SPRD,,,,,,,,,,,,,,,,
INDIGO,PUT SPRD,,,,,,,,,,,,,,,,
INDUSINDBK,PRICE,909.7,912.2,,,,905.1,906.87,901.2,938.85,921.08,906.0,898.0,893.0,894.0,894.0,890.0
INDUSINDBK,VWAP,,,,,,,,,,,905.7,902.0,900.18,899.56,898.91,897.87
INDUSINDBK,CASH VOL,1794894,1426025,550285,49.99,48.69,,,,,,74051,164840,238819,264130,297342,340749
INDUSINDBK,F&O VOL,62641,63584,,,,,,,,,301,2935,5988,8023,8998,10309
INDUSINDBK,F&O OI,88409,91029,,,,,,,,,88374,88182,88889,89073,89184,89223
INDUSINDBK,CALL VOL,6926,8948,,,,,,,,,84,,696,,1193,1416
INDUSINDBK,CALL OI,1656,1760,,,,,,,,,2550,,1626,,1557,1529
INDUSINDBK,PUT VOL,7956,6279,,,,,,,,,144,,736,,1089,1301
INDUSINDBK,PUT OI,2246,2334,,,,,,,,,3380,,2067,,1940,1892
INDUSINDBK,CALL SPRD,,,,,,,,,,,,,,,,
INDUSINDBK,PUT SPRD,,,,,,,,,,,,,,,,
INDUSTOWER,PRICE,360.0,374.65,,,,359.0,364.9,361.63,380.88,376.73,361.0,359.0,358.0,360.0,361.0,361.0
INDUSTOWER,VWAP,,,,,,,,,,,360.12,359.93,359.82,359.83,359.92,360.1
INDUSTOWER,CASH VOL,6106607,2952516,1334120,47.63,63.4,,,,,,281778,433065,474951,564860,614234,682773
INDUSTOWER,F&O VOL,68240,32832,,,,,,,,,791,2778,3457,4652,5300,6378
INDUSTOWER,F&O OI,78664,75856,,,,,,,,,78745,78985,78921,78934,78888,79012
INDUSTOWER,CALL VOL,6354,2899,,,,,,,,,52,,199,,415,449
INDUSTOWER,CALL OI,1260,3600,,,,,,,,,1253,,791,,1185,1165
INDUSTOWER,PUT VOL,12643,1608,,,,,,,,,139,,585,,738,815
INDUSTOWER,PUT OI,2169,3270,,,,,,,,,2147,,1504,,1777,1693
INDUSTOWER,CALL SPRD,,,,,,,,,,,,,,,,
INDUSTOWER,PUT SPRD,,,,,,,,,,,,,,,,
INFY,PRICE,1003.2,1000.2,,,,1002.6,1001.48,998.05,1018.05,1006.15,998.0,993.0,989.0,987.0,987.0,989.0
INFY,VWAP,,,,,,,,,,,998.33,996.4,994.17,992.89,991.47,991.2
INFY,CASH VOL,8567672,10240700,2786825,52.25,53.9,,,,,,697338,947512,1258895,1621699,1953069,2165073
INFY,F&O VOL,376124,457990,,,,,,,,,7428,22546,36162,47843,72074,83283
INFY,F&O OI,386743,400086,,,,,,,,,386389,385636,383906,385469,386955,388248
INFY,CALL VOL,94251,151653,,,,,,,,,3185,,9315,11233,15100,16348
INFY,CALL OI,31868,41255,,,,,,,,,41354,,29509,29137,28723,28540
INFY,PUT VOL,76995,115677,,,,,,,,,2373,,6578,8299,11329,12964
INFY,PUT OI,23479,26451,,,,,,,,,25984,,22089,21763,21384,21147
INFY,CALL SPRD,,,,,,,,,,,,,,,,
INFY,PUT SPRD,,,,,,,,,,,,,,,,
INOXWIND,PRICE,72.0,74.75,,,,72.0,73.41,72.47,75.85,75.12,71.0,70.0,70.0,71.0,71.0,70.0
INOXWIND,VWAP,,,,,,,,,,,71.28,70.97,70.94,70.99,71.02,71.02
INOXWIND,CASH VOL,5854850,11031367,1517307,36.75,34.78,,,,,,463988,1315378,1855041,2103245,2269675,2427146
INOXWIND,F&O VOL,14551,21908,,,,,,,,,185,839,1459,2106,2728,3256
INOXWIND,F&O OI,28280,28383,,,,,,,,,28283,28425,28455,28445,28483,28547
INOXWIND,CALL VOL,2872,7164,,,,,,,,,64,,290,,446,471
INOXWIND,CALL OI,3461,4021,,,,,,,,,3459,,3400,,3655,3291
INOXWIND,PUT VOL,1540,2508,,,,,,,,,17,,142,,401,485
INOXWIND,PUT OI,2114,2399,,,,,,,,,2110,,2055,,1982,1897
INOXWIND,CALL SPRD,,,,,,,,,,,,,,,,
INOXWIND,PUT SPRD,,,,,,,,,,,,,,,,
IOC,PRICE,133.32,135.7,,,,133.32,134.31,133.65,137.31,136.24,132.0,132.0,131.0,131.0,131.0,131.0
IOC,VWAP,,,,,,,,,,,132.94,132.39,131.92,131.81,131.78,131.74
IOC,CASH VOL,5538248,7769991,1494496,54.12,48.95,,,,,,295655,771261,1368978,1683720,1903851,2086249
IOC,F&O VOL,22643,29055,,,,,,,,,340,1792,4813,6396,7716,8857
IOC,F&O OI,49178,50041,,,,,,,,,49163,49288,49480,49825,50023,50184
IOC,CALL VOL,3782,3501,,,,,,,,,97,,651,,1064,1272
IOC,CALL OI,4633,5631,,,,,,,,,4624,,3537,,4235,4198
IOC,PUT VOL,2950,2525,,,,,,,,,71,,920,,1293,1446
IOC,PUT OI,3810,4792,,,,,,,,,3803,,3467,,3518,3469
IOC,CALL SPRD,,,,,,,,,,,,,,,,
IOC,PUT SPRD,,,,,,,,,,,,,,,,
IREDA,PRICE,114.82,113.22,,,,114.82,114.75,114.6,112.74,111.8,115.0,114.0,113.0,113.0,113.0,112.0
IREDA,VWAP,,,,,,,,,,,115.15,114.8,114.49,114.4,114.29,114.12
IREDA,CASH VOL,17078712,13343910,2607343,16.95,23.35,,,,,,454521,952153,1281302,1457231,1614062,1843122
IREDA,F&O VOL,79904,65116,,,,,,,,,1038,3127,4723,5579,6350,7418
IREDA,F&O OI,39016,36982,,,,,,,,,38817,38490,38245,38055,37988,37961
IREDA,CALL VOL,33144,28922,,,,,,,,,380,,1215,,1715,1925
IREDA,CALL OI,4431,5861,,,,,,,,,4312,,4040,,3967,3887
IREDA,PUT VOL,12799,9837,,,,,,,,,250,,1141,,1404,1609
IREDA,PUT OI,2908,2811,,,,,,,,,2379,,2632,,2453,2393
IREDA,CALL SPRD,,,,,,,,,,,,,,,,
IREDA,PUT SPRD,,,,,,,,,,,,,,,,
IRFC,PRICE,78.55,79.95,,,,78.7,79.16,78.75,80.45,80.12,78.0,77.0,77.0,77.0,77.0,77.0
IRFC,VWAP,,,,,,,,,,,78.5,78.21,77.95,77.8,77.76,77.73
IRFC,CASH VOL,8559481,4701461,2184022,40.88,37.43,,,,,,810171,1653146,2281260,2882468,3223198,3426774
IRFC,F&O VOL,28381,24987,,,,,,,,,949,2177,3596,4679,5757,6388
IRFC,F&O OI,42585,41397,,,,,,,,,42869,42878,42964,42874,42771,42755
IRFC,CALL VOL,3616,4213,,,,,,,,,152,,480,,728,813
IRFC,CALL OI,1398,1964,,,,,,,,,1697,,1367,,1280,1258
IRFC,PUT VOL,3049,1703,,,,,,,,,127,,368,,569,605
IRFC,PUT OI,1499,1822,,,,,,,,,1567,,1378,,1310,1297
IRFC,CALL SPRD,,,,,,,,,,,,,,,,
IRFC,PUT SPRD,,,,,,,,,,,,,,,,
ITC,PRICE,265.2,269.0,,,,265.45,267.15,265.85,268.43,267.3,265.0,264.0,263.0,264.0,264.0,264.0
ITC,VWAP,,,,,,,,,,,264.75,264.57,264.33,264.32,264.3,264.26
ITC,CASH VOL,7863377,6240148,2555670,60.83,56.03,,,,,,444165,828915,1153956,1368786,1541179,1752099
ITC,F&O VOL,110375,103136,,,,,,,,,2753,8036,12340,15881,20317,23324
ITC,F&O OI,191212,195933,,,,,,,,,191496,192383,193006,193456,194501,194989
ITC,CALL VOL,22406,27028,,,,,,,,,456,,1869,,2601,2754
ITC,CALL OI,24235,27689,,,,,,,,,24144,,24018,,23895,23850
ITC,PUT VOL,15242,17325,,,,,,,,,449,,1584,,2360,2515
ITC,PUT OI,14875,18091,,,,,,,,,14728,,14559,,14180,13963
ITC,CALL SPRD,,,,,,,,,,,,,,,,
ITC,PUT SPRD,,,,,,,,,,,,,,,,
JINDALSTEL,PRICE,1139.6,1164.8,,,,1137.5,1146.6,1141.93,1162.28,1157.25,1132.0,1130.0,1130.0,1133.0,1137.0,1133.0
JINDALSTEL,VWAP,,,,,,,,,,,1130.53,1130.39,1129.75,1130.57,1131.98,1132.17
JINDALSTEL,CASH VOL,713950,423334,254278,53.87,33.91,,,,,,28596,43863,59448,72883,97680,106440
JINDALSTEL,F&O VOL,25750,27220,,,,,,,,,445,2008,3147,3694,4375,4800
JINDALSTEL,F&O OI,39996,40388,,,,,,,,,39973,39960,39881,39910,39980,40075
JINDALSTEL,CALL VOL,6393,7010,,,,,,,,,382,,1172,,1628,1685
JINDALSTEL,CALL OI,5158,5472,,,,,,,,,5122,,4875,,4800,4763
JINDALSTEL,PUT VOL,5755,4726,,,,,,,,,164,,1198,,1408,1441
JINDALSTEL,PUT OI,4737,5622,,,,,,,,,4722,,4778,,4730,4732
JINDALSTEL,CALL SPRD,,,,,,,,,,,,,,,,
JINDALSTEL,PUT SPRD,,,,,,,,,,,,,,,,
JIOFIN,PRICE,220.5,227.0,,,,220.5,222.9,221.3,229.72,227.91,218.0,217.0,216.0,216.0,216.0,215.0
JIOFIN,VWAP,,,,,,,,,,,219.07,218.33,217.76,217.5,217.39,217.02
JIOFIN,CASH VOL,17931553,7741336,4998895,49.14,47.19,,,,,,1113977,2187826,3325197,4266909,4813564,6273993
JIOFIN,F&O VOL,128083,90907,,,,,,,,,2121,9220,19213,24828,28921,33711
JIOFIN,F&O OI,180255,177061,,,,,,,,,180250,181030,182229,182950,183425,184182
JIOFIN,CALL VOL,11095,4529,,,,,,,,,249,,1647,,2234,1889
JIOFIN,CALL OI,1770,12243,,,,,,,,,2923,,2793,,2817,1703
JIOFIN,PUT VOL,13349,8101,,,,,,,,,316,,1901,,2771,3001
JIOFIN,PUT OI,3999,11881,,,,,,,,,5153,,4668,,4364,3050
JIOFIN,CALL SPRD,,,,,,,,,,,,,,,,
JIOFIN,PUT SPRD,,,,,,,,,,,,,,,,
JSWENERGY,PRICE,495.0,506.55,,,,495.0,499.73,496.58,514.5,509.2,493.0,491.0,489.0,490.0,491.0,490.0
JSWENERGY,VWAP,,,,,,,,,,,493.02,492.12,491.64,491.38,491.4,491.4
JSWENERGY,CASH VOL,1583004,1916836,446154,53.76,54.26,,,,,,56069,123936,168461,221259,245269,257498
JSWENERGY,F&O VOL,25628,30345,,,,,,,,,470,2326,3347,3846,4363,4598
JSWENERGY,F&O OI,36364,37639,,,,,,,,,36406,37106,37374,37496,37823,37877
JSWENERGY,CALL VOL,3006,3637,,,,,,,,,68,,227,,296,310
JSWENERGY,CALL OI,1740,2530,,,,,,,,,1724,,1675,,1597,1593
JSWENERGY,PUT VOL,2147,1630,,,,,,,,,4,,213,,277,289
JSWENERGY,PUT OI,1677,2186,,,,,,,,,1677,,1630,,1602,1595
JSWENERGY,CALL SPRD,,,,,,,,,,,,,,,,
JSWENERGY,PUT SPRD,,,,,,,,,,,,,,,,
JSWSTEEL,PRICE,1264.1,1277.0,,,,1260.7,1266.25,1264.82,1284.2,1279.4,1255.0,1252.0,1248.0,1252.0,1250.0,1249.0
JSWSTEEL,VWAP,,,,,,,,,,,1254.5,1252.99,1251.64,1251.61,1251.41,1251.08
JSWSTEEL,CASH VOL,1216506,1032391,338124,54.12,59.66,,,,,,35183,59274,99535,121251,146776,167440
JSWSTEEL,F&O VOL,34633,75619,,,,,,,,,484,1453,2779,3423,4162,4591
JSWSTEEL,F&O OI,82417,82558,,,,,,,,,82376,82286,82171,82133,82107,82120
JSWSTEEL,CALL VOL,6582,10072,,,,,,,,,163,,837,,1077,1151
JSWSTEEL,CALL OI,3821,4951,,,,,,,,,4865,,3558,,3439,3420
JSWSTEEL,PUT VOL,5558,7708,,,,,,,,,66,,258,,386,409
JSWSTEEL,PUT OI,4338,5008,,,,,,,,,4460,,4323,,4304,4291
JSWSTEEL,CALL SPRD,,,,,,,,,,,,,,,,
JSWSTEEL,PUT SPRD,,,,,,,,,,,,,,,,
JUBLFOOD,PRICE,478.7,484.55,,,,478.5,481.05,479.48,488.85,485.98,470.0,469.0,465.0,465.0,463.0,462.0
JUBLFOOD,VWAP,,,,,,,,,,,472.53,470.68,468.03,468.02,467.45,466.51
JUBLFOOD,CASH VOL,1167993,945073,609932,52.64,43.68,,,,,,74946,152919,410629,477444,550248,654924
JUBLFOOD,F&O VOL,21233,28146,,,,,,,,,554,1675,9920,11382,12343,13787
JUBLFOOD,F&O OI,30252,29963,,,,,,,,,30246,30095,33900,33954,33856,33895
JUBLFOOD,CALL VOL,934,1866,,,,,,,,,50,,407,,503,540
JUBLFOOD,CALL OI,607,721,,,,,,,,,1093,,972,,637,643
JUBLFOOD,PUT VOL,1790,3214,,,,,,,,,110,,1352,,2014,2432
JUBLFOOD,PUT OI,1379,1647,,,,,,,,,1591,,1435,,1119,1139
JUBLFOOD,CALL SPRD,,,,,,,,,,,,,,,,
JUBLFOOD,PUT SPRD,,,,,,,,,,,,,,,,
KALYANKJIL,PRICE,564.0,573.0,,,,566.0,566.5,564.83,578.67,574.89,574.0,577.0,575.0,573.0,573.0,570.0
KALYANKJIL,VWAP,,,,,,,,,,,570.77,575.06,575.64,575.48,575.3,574.92
KALYANKJIL,CASH VOL,2660336,2831344,654001,27.87,34.05,,,,,,872807,2239806,3196942,3866200,4128505,4510015
KALYANKJIL,F&O VOL,48122,38454,,,,,,,,,2808,13824,20114,24193,27369,29298
KALYANKJIL,F&O OI,46858,49301,,,,,,,,,46843,48164,48003,47979,47999,48032
KALYANKJIL,CALL VOL,12233,9388,,,,,,,,,1610,,9346,,11861,10413
KALYANKJIL,CALL OI,3418,3948,,,,,,,,,4854,,5010,,4900,3642
KALYANKJIL,PUT VOL,9974,7071,,,,,,,,,500,,2160,,3171,3252
KALYANKJIL,PUT OI,2633,3524,,,,,,,,,3416,,3348,,3332,2567
KALYANKJIL,CALL SPRD,,,,,,,,,,,,,,,,
KALYANKJIL,PUT SPRD,,,,,,,,,,,,,,,,
KAYNES,PRICE,3658.0,3650.0,,,,3650.0,3652.67,3642.0,3614.88,3544.65,3657.0,3678.0,3688.0,3693.0,3645.0,3649.0
KAYNES,VWAP,,,,,,,,,,,3638.1,3661.67,3671.08,3674.16,3672.37,3670.84
KAYNES,CASH VOL,983180,1327893,339134,27.68,29.35,,,,,,90655,224434,328116,385133,458822,492965
KAYNES,F&O VOL,22549,29276,,,,,,,,,6513,16653,25280,29938,34764,37008
KAYNES,F&O OI,54805,60667,,,,,,,,,53325,52007,51392,51073,50373,50122
KAYNES,CALL VOL,3519,7364,,,,,,,,,2585,,6801,7879,8921,9320
KAYNES,CALL OI,8815,10110,,,,,,,,,7905,,7210,6938,6701,6565
KAYNES,PUT VOL,1371,2709,,,,,,,,,2099,,3666,4364,5659,5832
KAYNES,PUT OI,5895,5661,,,,,,,,,5182,,4318,4259,4358,4287
KAYNES,CALL SPRD,,,,,,,,,,,,,,,,
KAYNES,PUT SPRD,,,,,,,,,,,,,,,,
KEI,PRICE,4516.0,4673.5,,,,4500.0,4589.5,4540.5,4667.0,4654.0,4494.0,4497.0,4493.0,4499.0,4496.0,4493.0
KEI,VWAP,,,,,,,,,,,4496.83,4498.76,4496.9,4498.37,4497.44,4497.21
KEI,CASH VOL,219657,140880,67964,47.29,34.63,,,,,,26735,41143,52594,66024,76907,80722
KEI,F&O VOL,42109,33287,,,,,,,,,593,1729,2908,3796,4383,5189
KEI,F&O OI,36098,38610,,,,,,,,,35960,35622,35392,35217,35126,35264
KEI,CALL VOL,12352,12976,,,,,,,,,336,,1131,,1481,1649
KEI,CALL OI,5908,6563,,,,,,,,,5775,,5453,,5323,5247
KEI,PUT VOL,11893,7670,,,,,,,,,105,,785,,1102,1157
KEI,PUT OI,4947,6150,,,,,,,,,4945,,4837,,4715,4689
KEI,CALL SPRD,,,,,,,,,,,,,,,,
KEI,PUT SPRD,,,,,,,,,,,,,,,,
KFINTECH,PRICE,884.05,888.8,,,,880.2,883.37,882.02,902.9,893.5,886.0,877.0,871.0,871.0,874.0,875.0
KFINTECH,VWAP,,,,,,,,,,,884.55,880.66,877.69,876.77,876.38,876.27
KFINTECH,CASH VOL,393319,436454,62747,49.46,43.64,,,,,,28643,81252,125831,150023,165028,175375
KFINTECH,F&O VOL,10976,15910,,,,,,,,,114,629,1382,1744,2285,2661
KFINTECH,F&O OI,18745,20725,,,,,,,,,18727,18743,18624,18539,18524,18480
KFINTECH,CALL VOL,2164,2505,,,,,,,,,80,,357,391,426,491
KFINTECH,CALL OI,3818,4383,,,,,,,,,3802,,3713,3676,3658,3651
KFINTECH,PUT VOL,1432,1385,,,,,,,,,13,,188,213,279,317
KFINTECH,PUT OI,1707,2090,,,,,,,,,1703,,1718,1707,1682,1668
KFINTECH,CALL SPRD,,,,,,,,,,,,,,,,
KFINTECH,PUT SPRD,,,,,,,,,,,,,,,,
KOTAKBANK,PRICE,401.55,404.0,,,,401.25,400.94,399.73,409.95,405.98,400.0,397.0,396.0,395.0,396.0,396.0
KOTAKBANK,VWAP,,,,,,,,,,,399.25,397.7,397.07,396.49,396.45,396.47
KOTAKBANK,CASH VOL,15062655,18175573,3763701,67.51,73.34,,,,,,371478,913379,1596800,2325343,2822658,3542497
KOTAKBANK,F&O VOL,76442,69767,,,,,,,,,877,3913,5965,8551,10067,11259
KOTAKBANK,F&O OI,146571,147130,,,,,,,,,146630,146886,147065,147600,147825,148096
KOTAKBANK,CALL VOL,13713,11895,,,,,,,,,138,,1263,,2016,2158
KOTAKBANK,CALL OI,9620,11607,,,,,,,,,19531,,9572,,9537,9584
KOTAKBANK,PUT VOL,11567,10356,,,,,,,,,531,,1885,,2712,2899
KOTAKBANK,PUT OI,9940,11231,,,,,,,,,11588,,9814,,9656,9611
KOTAKBANK,CALL SPRD,,,,,,,,,,,,,,,,
KOTAKBANK,PUT SPRD,,,,,,,,,,,,,,,,
KPITTECH,PRICE,509.0,519.4,,,,510.25,512.5,510.17,523.85,520.88,506.0,503.0,500.0,499.0,499.0,498.0
KPITTECH,VWAP,,,,,,,,,,,506.68,504.44,503.53,502.74,501.81,501.45
KPITTECH,CASH VOL,896865,1244484,256877,37.26,38.16,,,,,,80583,195337,269090,352324,451040,499554
KPITTECH,F&O VOL,22885,34795,,,,,,,,,455,2626,3926,5216,7009,7699
KPITTECH,F&O OI,34623,36756,,,,,,,,,34591,34459,34683,34421,34365,34244
KPITTECH,CALL VOL,4740,8898,,,,,,,,,129,,1152,,1619,1701
KPITTECH,CALL OI,2846,4027,,,,,,,,,3333,,2492,,2267,2251
KPITTECH,PUT VOL,2509,7100,,,,,,,,,110,,456,,1066,1252
KPITTECH,PUT OI,1994,2598,,,,,,,,,2316,,1811,,1571,1526
KPITTECH,CALL SPRD,,,,,,,,,,,,,,,,
KPITTECH,PUT SPRD,,,,,,,,,,,,,,,,
LAURUSLABS,PRICE,2010.7,2007.0,,,,2020.7,2006.65,1998.55,2009.55,2007.85,2018.0,2014.0,2013.0,2015.0,2015.0,2010.0
LAURUSLABS,VWAP,,,,,,,,,,,2017.7,2015.2,2014.87,2015.26,2015.32,2014.75
LAURUSLABS,CASH VOL,950451,1442142,290072,49.61,46.79,,,,,,120960,186214,239973,284412,318566,381715
LAURUSLABS,F&O VOL,45814,76302,,,,,,,,,1601,4080,5556,6953,8065,9376
LAURUSLABS,F&O OI,53435,53647,,,,,,,,,53450,53409,53173,53021,52880,52735
LAURUSLABS,CALL VOL,11591,21436,,,,,,,,,532,,1459,,2043,2306
LAURUSLABS,CALL OI,5127,6258,,,,,,,,,4926,,4728,,4604,4576
LAURUSLABS,PUT VOL,10045,20635,,,,,,,,,395,,1181,,1624,1931
LAURUSLABS,PUT OI,4626,4759,,,,,,,,,4012,,3757,,3740,4324
LAURUSLABS,CALL SPRD,,,,,,,,,,,,,,,,
LAURUSLABS,PUT SPRD,,,,,,,,,,,,,,,,
LICHSGFIN,PRICE,564.15,566.0,,,,564.55,568.6,565.63,564.06,560.17,562.0,566.0,564.0,565.0,563.0,563.0
LICHSGFIN,VWAP,,,,,,,,,,,562.92,564.43,564.81,564.86,564.71,564.54
LICHSGFIN,CASH VOL,2923229,1070523,1081006,45.41,45.28,,,,,,83310,178175,261196,335830,406449,455343
LICHSGFIN,F&O VOL,21715,9798,,,,,,,,,52,299,730,987,1456,1794
LICHSGFIN,F&O OI,54862,57115,,,,,,,,,54828,54735,54746,54672,54643,54683
LICHSGFIN,CALL VOL,686,494,,,,,,,,,5,,99,,257,291
LICHSGFIN,CALL OI,7312,7574,,,,,,,,,7311,,7283,,7223,7187
LICHSGFIN,PUT VOL,474,379,,,,,,,,,7,,68,,188,212
LICHSGFIN,PUT OI,4805,5033,,,,,,,,,4802,,4785,,4724,4698
LICHSGFIN,CALL SPRD,,,,,,,,,,,,,,,,
LICHSGFIN,PUT SPRD,,,,,,,,,,,,,,,,
LICI,PRICE,400.65,409.05,,,,400.0,404.25,401.85,408.34,406.93,398.0,395.0,394.0,396.0,397.0,396.0
LICI,VWAP,,,,,,,,,,,398.88,397.08,396.33,396.23,396.65,396.64
LICI,CASH VOL,5071575,11594970,1374655,45.76,67.3,,,,,,217690,537926,752664,901671,1490765,1595959
LICI,F&O VOL,38787,53997,,,,,,,,,999,3140,8646,9615,10694,11425
LICI,F&O OI,61924,64986,,,,,,,,,61765,61884,64359,64530,64667,65530
LICI,CALL VOL,7397,14544,,,,,,,,,364,,916,,1300,1407
LICI,CALL OI,5751,7408,,,,,,,,,6221,,5658,,6062,5504
LICI,PUT VOL,3365,7208,,,,,,,,,502,,2208,,2468,2524
LICI,PUT OI,5528,6437,,,,,,,,,5259,,6046,,5804,5936
LICI,CALL SPRD,,,,,,,,,,,,,,,,
LICI,PUT SPRD,,,,,,,,,,,,,,,,
LODHA,PRICE,1117.1,1165.0,,,,1121.0,1140.05,1124.75,1160.75,1152.25,1118.0,1121.0,1120.0,1118.0,1119.0,1117.0
LODHA,VWAP,,,,,,,,,,,1120.07,1120.75,1120.58,1119.94,1119.78,1119.52
LODHA,CASH VOL,1158114,818279,414830,48.9,42.97,,,,,,92490,169779,220867,286055,322762,360640
LODHA,F&O VOL,49697,34418,,,,,,,,,822,2496,3835,4820,5790,6297
LODHA,F&O OI,34094,34489,,,,,,,,,34012,33762,33773,33821,33834,33803
LODHA,CALL VOL,9925,8849,,,,,,,,,366,,931,,1232,1348
LODHA,CALL OI,3988,3863,,,,,,,,,3880,,3686,,3623,3628
LODHA,PUT VOL,21296,8634,,,,,,,,,392,,1350,,1905,2046
LODHA,PUT OI,5495,6065,,,,,,,,,5486,,5294,,5193,5177
LODHA,CALL SPRD,,,,,,,,,,,,,,,,
LODHA,PUT SPRD,,,,,,,,,,,,,,,,
LT,PRICE,3766.4,3876.2,,,,3768.0,3812.3,3781.7,3893.7,3882.03,3760.0,3761.0,3755.0,3756.0,3754.0,3747.0
LT,VWAP,,,,,,,,,,,3761.2,3758.68,3758.05,3758.19,3757.36,3754.95
LT,CASH VOL,1361601,1230579,446928,57.82,61.74,,,,,,56280,102152,128766,152569,185586,250110
LT,F&O VOL,136639,82512,,,,,,,,,2327,7123,11703,15190,17952,20461
LT,F&O OI,138745,130966,,,,,,,,,138644,138890,139448,140144,140686,141018
LT,CALL VOL,26501,19379,,,,,,,,,432,,1811,,2308,2540
LT,CALL OI,10616,11802,,,,,,,,,10503,,10150,,10025,9944
LT,PUT VOL,19671,13516,,,,,,,,,312,,1221,,1695,2079
LT,PUT OI,8684,11090,,,,,,,,,8597,,8394,,8224,8140
LT,CALL SPRD,,,,,,,,,,,,,,,,
LT,PUT SPRD,,,,,,,,,,,,,,,,
LTF,PRICE,280.85,284.0,,,,279.5,280.77,280.62,295.85,287.95,278.0,276.0,276.0,276.0,276.0,275.0
LTF,VWAP,,,,,,,,,,,279.7,278.05,277.63,277.32,277.49,277.3
LTF,CASH VOL,5648582,6184736,1836950,48.01,24.58,,,,,,316522,544478,660036,1089863,1623337,1823393
LTF,F&O VOL,41487,72113,,,,,,,,,1800,4040,5735,6774,8360,9656
LTF,F&O OI,57714,58517,,,,,,,,,57960,58145,58124,58401,58383,58492
LTF,CALL VOL,9760,21446,,,,,,,,,388,,1446,,1683,1947
LTF,CALL OI,4506,5280,,,,,,,,,4914,,4337,,4261,4248
LTF,PUT VOL,6528,13184,,,,,,,,,790,,1729,,1982,2105
LTF,PUT OI,5320,6569,,,,,,,,,5599,,5202,,5101,5087
LTF,CALL SPRD,,,,,,,,,,,,,,,,
LTF,PUT SPRD,,,,,,,,,,,,,,,,
LTM,PRICE,4091.4,4083.0,,,,4091.4,4086.03,4075.3,4156.5,4107.5,4089.0,4057.0,4056.0,4062.0,4069.0,4075.0
LTM,VWAP,,,,,,,,,,,4079.67,4068.42,4063.81,4064.92,4065.23,4066.28
LTM,CASH VOL,408185,302018,101366,44.42,39.0,,,,,,14673,25695,39223,48284,54776,61196
LTM,F&O VOL,56297,50237,,,,,,,,,980,3226,5016,6238,7025,7879
LTM,F&O OI,58915,59839,,,,,,,,,58922,58941,58649,58324,58215,58168
LTM,CALL VOL,13031,11982,,,,,,,,,314,,1079,,1409,1460
LTM,CALL OI,2505,3689,,,,,,,,,2501,,2457,,2367,2347
LTM,PUT VOL,7260,6081,,,,,,,,,310,,638,,986,1176
LTM,PUT OI,2612,3509,,,,,,,,,2597,,2533,,2442,2448
LTM,CALL SPRD,,,,,,,,,,,,,,,,
LTM,PUT SPRD,,,,,,,,,,,,,,,,
LUPIN,PRICE,2062.0,2092.0,,,,2076.0,2077.3,2067.1,2106.25,2096.75,2092.0,2088.0,2085.0,2074.0,2075.0,2072.0
LUPIN,VWAP,,,,,,,,,,,2089.5,2088.8,2088.49,2087.25,2085.82,2084.93
LUPIN,CASH VOL,529550,431672,238296,58.02,60.14,,,,,,69727,120503,149175,171589,192180,205111
LUPIN,F&O VOL,28920,24899,,,,,,,,,2453,6200,8481,10099,11282,12072
LUPIN,F&O OI,35000,36805,,,,,,,,,35191,35726,35995,36035,36120,36162
LUPIN,CALL VOL,6564,5241,,,,,,,,,1124,,2758,,3448,3573
LUPIN,CALL OI,2687,3499,,,,,,,,,3460,,2741,,2638,2648
LUPIN,PUT VOL,3669,2642,,,,,,,,,228,,752,,1072,1116
LUPIN,PUT OI,3033,3692,,,,,,,,,3220,,2963,,2920,2899
LUPIN,CALL SPRD,,,,,,,,,,,,,,,,
LUPIN,PUT SPRD,,,,,,,,,,,,,,,,
M&M,PRICE,2995.0,3035.0,,,,2986.0,2998.75,2996.25,3033.12,3029.35,2969.0,2969.0,2965.0,2968.0,2968.0,2962.0
M&M,VWAP,,,,,,,,,,,2973.87,2971.84,2969.67,2969.5,2969.1,2968.25
M&M,CASH VOL,2078624,2080300,666822,65.68,64.97,,,,,,68865,150108,209935,266428,308780,409422
M&M,F&O VOL,107644,174977,,,,,,,,,2070,7424,11608,15530,17635,20322
M&M,F&O OI,135633,134966,,,,,,,,,135513,134609,134941,135102,135233,135124
M&M,CALL VOL,28208,55230,,,,,,,,,540,,3286,,4208,4681
M&M,CALL OI,9773,11189,,,,,,,,,9655,,8495,,8182,8033
M&M,PUT VOL,16969,37595,,,,,,,,,428,,1301,,1938,2495
M&M,PUT OI,6447,7569,,,,,,,,,6368,,6150,,6004,5648
M&M,CALL SPRD,,,,,,,,,,,,,,,,
M&M,PUT SPRD,,,,,,,,,,,,,,,,
MANAPPURAM,PRICE,313.0,334.0,,,,312.5,321.4,315.8,330.57,323.7,310.0,312.0,312.0,314.0,314.0,316.0
MANAPPURAM,VWAP,,,,,,,,,,,310.98,311.9,312.51,312.73,313.25,314.48
MANAPPURAM,CASH VOL,8621230,4493331,2081583,39.59,38.76,,,,,,509359,844216,1123852,1290483,2028642,3440186
MANAPPURAM,F&O VOL,9259,5269,,,,,,,,,1339,8078,12684,14923,20719,28342
MANAPPURAM,F&O OI,31129,32345,,,,,,,,,31547,33657,35175,36097,37686,39873
MANAPPURAM,CALL VOL,176,296,,,,,,,,,109,,586,,882,1280
MANAPPURAM,CALL OI,1635,1705,,,,,,,,,832,,1606,,1562,1561
MANAPPURAM,PUT VOL,113,339,,,,,,,,,87,,707,,1284,1652
MANAPPURAM,PUT OI,2223,2286,,,,,,,,,1636,,2073,,1886,1816
MANAPPURAM,CALL SPRD,,,,,,,,,,,,,,,,
MANAPPURAM,PUT SPRD,,,,,,,,,,,,,,,,
MANKIND,PRICE,2435.6,2474.9,,,,2436.8,2459.3,2443.5,2451.2,2403.8,2476.0,2465.0,2476.0,2482.0,2477.0,2492.0
MANKIND,VWAP,,,,,,,,,,,2467.33,2467.69,2471.13,2482.84,2482.67,2484.61
MANKIND,CASH VOL,388832,333769,119815,58.93,58.61,,,,,,20497,37468,74135,191758,220165,285913
MANKIND,F&O VOL,22358,26850,,,,,,,,,537,2873,5084,12734,15317,18393
MANKIND,F&O OI,21381,23401,,,,,,,,,21186,21420,21300,21913,21981,22370
MANKIND,CALL VOL,7196,10344,,,,,,,,,274,,2764,,9170,11210
MANKIND,CALL OI,2957,3441,,,,,,,,,2406,,2434,,2629,3099
MANKIND,PUT VOL,3146,3089,,,,,,,,,157,,978,,2125,2140
MANKIND,PUT OI,1121,1729,,,,,,,,,1726,,1795,,1794,1215
MANKIND,CALL SPRD,,,,,,,,,,,,,,,,
MANKIND,PUT SPRD,,,,,,,,,,,,,,,,
MARICO,PRICE,813.25,819.0,,,,805.1,812.03,809.6,818.91,818.73,802.0,797.0,797.0,796.0,797.0,801.0
MARICO,VWAP,,,,,,,,,,,802.43,798.98,798.79,798.46,798.31,798.65
MARICO,CASH VOL,1076911,459905,509290,60.76,53.27,,,,,,78077,177918,262776,353626,396098,460456
MARICO,F&O VOL,17495,18687,,,,,,,,,268,1044,2311,3283,3799,4574
MARICO,F&O OI,23574,24228,,,,,,,,,23596,23781,24131,24306,24296,24371
MARICO,CALL VOL,2763,3865,,,,,,,,,37,,343,,587,701
MARICO,CALL OI,2019,2582,,,,,,,,,2021,,2018,,1893,1857
MARICO,PUT VOL,3130,3522,,,,,,,,,49,,392,,670,808
MARICO,PUT OI,2157,2522,,,,,,,,,2150,,2117,,2106,2079
MARICO,CALL SPRD,,,,,,,,,,,,,,,,
MARICO,PUT SPRD,,,,,,,,,,,,,,,,
MARUTI,PRICE,12008.0,12065.0,,,,12046.0,12030.0,12015.33,12125.0,12085.0,11993.0,11988.0,11973.0,11973.0,11970.0,11922.0
MARUTI,VWAP,,,,,,,,,,,11987.0,11991.02,11984.58,11984.04,11982.22,11972.08
MARUTI,CASH VOL,301830,283642,121559,53.67,61.01,,,,,,15571,25574,32746,39137,43596,52698
MARUTI,F&O VOL,247055,190478,,,,,,,,,5987,14084,27072,35140,42095,53631
MARUTI,F&O OI,171637,176525,,,,,,,,,171675,171245,167560,168287,168795,169503
MARUTI,CALL VOL,80343,61150,,,,,,,,,2747,,11825,,16454,13508
MARUTI,CALL OI,10439,11782,,,,,,,,,18249,,14266,,14430,9455
MARUTI,PUT VOL,51387,45714,,,,,,,,,1333,,4093,,6613,8576
MARUTI,PUT OI,10757,12574,,,,,,,,,11840,,11570,,11687,10273
MARUTI,CALL SPRD,,,,,,,,,,,,,,,,
MARUTI,PUT SPRD,,,,,,,,,,,,,,,,
MAXHEALTH,PRICE,1000.1,1014.0,,,,993.0,1002.45,1000.88,1040.3,1022.77,995.0,992.0,989.0,988.0,992.0,990.0
MAXHEALTH,VWAP,,,,,,,,,,,995.13,993.38,992.13,991.88,991.79,991.69
MAXHEALTH,CASH VOL,2647811,1900715,655349,61.33,57.39,,,,,,119742,209276,268711,308711,355695,380964
MAXHEALTH,F&O VOL,33012,64233,,,,,,,,,196,1044,1812,2427,2729,3169
MAXHEALTH,F&O OI,30744,31441,,,,,,,,,30773,30792,30795,30738,30719,30843
MAXHEALTH,CALL VOL,5396,9416,,,,,,,,,56,,528,,623,660
MAXHEALTH,CALL OI,1427,2112,,,,,,,,,1425,,1362,,1324,1318
MAXHEALTH,PUT VOL,10221,26666,,,,,,,,,67,,304,,505,558
MAXHEALTH,PUT OI,1885,2741,,,,,,,,,1882,,1846,,1768,1771
MAXHEALTH,CALL SPRD,,,,,,,,,,,,,,,,
MAXHEALTH,PUT SPRD,,,,,,,,,,,,,,,,
MAZDOCK,PRICE,2138.0,2199.6,,,,2136.0,2165.2,2147.07,2231.8,2210.33,2129.0,2116.0,2109.0,2112.0,2105.0,2096.0
MAZDOCK,VWAP,,,,,,,,,,,2129.37,2123.19,2119.38,2117.9,2116.08,2109.89
MAZDOCK,CASH VOL,650380,426521,153066,34.67,35.98,,,,,,35739,72765,99478,125274,145503,208276
MAZDOCK,F&O VOL,53827,53706,,,,,,,,,614,2308,4093,5599,6817,9823
MAZDOCK,F&O OI,63004,63971,,,,,,,,,62936,62577,62222,62076,61757,61097
MAZDOCK,CALL VOL,11046,11593,,,,,,,,,161,,831,,1320,1734
MAZDOCK,CALL OI,4351,5032,,,,,,,,,5204,,4124,,3963,3875
MAZDOCK,PUT VOL,7331,5226,,,,,,,,,114,,595,,1076,2117
MAZDOCK,PUT OI,3059,3699,,,,,,,,,3502,,2964,,2790,2442
MAZDOCK,CALL SPRD,,,,,,,,,,,,,,,,
MAZDOCK,PUT SPRD,,,,,,,,,,,,,,,,
MCX,PRICE,3263.5,3324.9,,,,3248.0,3286.35,3271.12,3322.75,3318.45,3288.0,3261.0,3249.0,3264.0,3271.0,3258.0
MCX,VWAP,,,,,,,,,,,3270.03,3267.4,3261.13,3260.91,3263.08,3262.9
MCX,CASH VOL,1090601,2386852,332167,39.58,35.89,,,,,,58932,113979,171649,237738,297339,340161
MCX,F&O VOL,150734,275203,,,,,,,,,3289,8539,13980,18764,22090,24916
MCX,F&O OI,92600,101873,,,,,,,,,92225,91273,89999,89064,88728,88483
MCX,CALL VOL,51666,80963,,,,,,,,,1046,,3928,,5615,6143
MCX,CALL OI,14300,18621,,,,,,,,,14024,,13025,,12534,12455
MCX,PUT VOL,39559,87095,,,,,,,,,1076,,3665,,5954,6686
MCX,PUT OI,11111,14570,,,,,,,,,10917,,10162,,9777,9599
MCX,CALL SPRD,,,,,,,,,,,,,,,,
MCX,PUT SPRD,,,,,,,,,,,,,,,,
MFSL,PRICE,1444.0,1458.0,,,,1459.9,1446.5,1444.83,1475.95,1463.98,1439.0,1431.0,1424.0,1418.0,1418.0,1405.0
MFSL,VWAP,,,,,,,,,,,1438.17,1435.04,1432.3,1429.44,1426.7,1423.51
MFSL,CASH VOL,455773,3617694,147159,42.15,40.94,,,,,,24274,38790,52769,68474,88210,105066
MFSL,F&O VOL,39340,136569,,,,,,,,,986,3413,4738,6034,7615,9053
MFSL,F&O OI,29703,34544,,,,,,,,,29625,29272,29145,29079,28876,28739
MFSL,CALL VOL,8026,50971,,,,,,,,,416,,1201,,2184,2405
MFSL,CALL OI,2479,3309,,,,,,,,,3009,,2567,,2399,2062
MFSL,PUT VOL,7240,41163,,,,,,,,,474,,1437,,1913,2459
MFSL,PUT OI,2596,3765,,,,,,,,,2802,,2464,,2275,2081
MFSL,CALL SPRD,,,,,,,,,,,,,,,,
MFSL,PUT SPRD,,,,,,,,,,,,,,,,
MOTHERSON,PRICE,162.37,165.71,,,,162.08,163.4,162.71,164.93,163.36,160.0,160.0,159.0,160.0,160.0,159.0
MOTHERSON,VWAP,,,,,,,,,,,160.97,160.64,160.27,160.29,160.29,160.26
MOTHERSON,CASH VOL,9738841,14239797,2449442,48.26,51.2,,,,,,497779,776386,1123938,1367963,1489974,1664610
MOTHERSON,F&O VOL,27405,29666,,,,,,,,,1097,2407,4307,6981,7481,11101
MOTHERSON,F&O OI,36184,35805,,,,,,,,,36172,36040,36102,37035,36551,38612
MOTHERSON,CALL VOL,4688,7172,,,,,,,,,244,,1385,,2107,2259
MOTHERSON,CALL OI,2471,2933,,,,,,,,,2465,,2455,,2485,2491
MOTHERSON,PUT VOL,3473,3930,,,,,,,,,558,,1059,,1345,1446
MOTHERSON,PUT OI,3767,4179,,,,,,,,,3750,,3734,,3737,3740
MOTHERSON,CALL SPRD,,,,,,,,,,,,,,,,
MOTHERSON,PUT SPRD,,,,,,,,,,,,,,,,
MOTILALOFS,PRICE,1011.6,1029.0,,,,1002.0,1016.45,1013.22,1027.87,1025.6,1007.0,1000.0,998.0,1000.0,1000.0,999.0
MOTILALOFS,VWAP,,,,,,,,,,,1006.37,1004.15,1002.05,1001.84,1001.69,1000.95
MOTILALOFS,CASH VOL,709373,866039,226838,47.57,33.44,,,,,,39882,78903,114532,132199,145177,201670
MOTILALOFS,F&O VOL,17160,26248,,,,,,,,,181,966,1899,2254,2505,2818
MOTILALOFS,F&O OI,14708,15866,,,,,,,,,14685,14526,14139,14100,14046,13964
MOTILALOFS,CALL VOL,5625,13882,,,,,,,,,82,,626,,797,838
MOTILALOFS,CALL OI,2876,3831,,,,,,,,,2826,,2577,,2494,2463
MOTILALOFS,PUT VOL,4632,3884,,,,,,,,,52,,614,,728,839
MOTILALOFS,PUT OI,1867,2184,,,,,,,,,1857,,1672,,1649,1596
MOTILALOFS,CALL SPRD,,,,,,,,,,,,,,,,
MOTILALOFS,PUT SPRD,,,,,,,,,,,,,,,,
MPHASIS,PRICE,2237.5,2234.0,,,,2238.0,2233.85,2226.55,2258.65,2242.22,2232.0,2217.0,2209.0,2215.0,2207.0,2207.0
MPHASIS,VWAP,,,,,,,,,,,2227.73,2216.94,2215.68,2216.0,2214.17,2213.81
MPHASIS,CASH VOL,310054,197680,133018,47.73,32.16,,,,,,7723,19885,23417,28022,37260,39194
MPHASIS,F&O VOL,23739,27503,,,,,,,,,260,1027,2074,2282,2948,3069
MPHASIS,F&O OI,30524,31575,,,,,,,,,30622,30554,30885,30947,31317,31314
MPHASIS,CALL VOL,4303,4265,,,,,,,,,70,,380,,459,480
MPHASIS,CALL OI,2204,2707,,,,,,,,,2192,,2151,,2159,2161
MPHASIS,PUT VOL,1781,4240,,,,,,,,,114,,317,,353,362
MPHASIS,PUT OI,1742,2014,,,,,,,,,1744,,1623,,1614,1606
MPHASIS,CALL SPRD,,,,,,,,,,,,,,,,
MPHASIS,PUT SPRD,,,,,,,,,,,,,,,,
MUTHOOTFIN,PRICE,2760.0,2835.0,,,,2748.0,2783.2,2767.73,2841.1,2837.03,2748.0,2734.0,2732.0,2737.0,2744.0,2734.0
MUTHOOTFIN,VWAP,,,,,,,,,,,2745.4,2739.56,2736.14,2736.37,2737.91,2738.2
MUTHOOTFIN,CASH VOL,804121,312523,166775,50.54,61.22,,,,,,42763,78533,114291,134080,166425,182236
MUTHOOTFIN,F&O VOL,67731,40169,,,,,,,,,1517,3763,5941,7751,9087,10827
MUTHOOTFIN,F&O OI,59515,60713,,,,,,,,,59277,59003,58955,59155,58918,59203
MUTHOOTFIN,CALL VOL,15890,12649,,,,,,,,,244,,1064,,1599,1820
MUTHOOTFIN,CALL OI,5958,7817,,,,,,,,,5861,,5517,,5358,5311
MUTHOOTFIN,PUT VOL,21564,5720,,,,,,,,,1036,,1990,,2693,2870
MUTHOOTFIN,PUT OI,5475,6338,,,,,,,,,5319,,4987,,4773,4718
MUTHOOTFIN,CALL SPRD,,,,,,,,,,,,,,,,
MUTHOOTFIN,PUT SPRD,,,,,,,,,,,,,,,,
NAM-INDIA,PRICE,1093.9,1157.0,,,,1090.0,1123.15,1103.65,1155.63,1152.9,1090.0,1085.0,1080.0,1085.0,1083.0,1079.0
NAM-INDIA,VWAP,,,,,,,,,,,1090.47,1088.83,1086.54,1086.01,1085.67,1085.17
NAM-INDIA,CASH VOL,1010185,752030,362367,47.45,55.99,,,,,,47837,70221,97648,120387,136882,152091
NAM-INDIA,F&O VOL,24051,11176,,,,,,,,,175,475,977,1192,1294,1787
NAM-INDIA,F&O OI,20677,20121,,,,,,,,,20630,20561,20464,20404,20364,20390
NAM-INDIA,CALL VOL,4851,1119,,,,,,,,,64,,240,,275,492
NAM-INDIA,CALL OI,887,935,,,,,,,,,844,,772,,765,777
NAM-INDIA,PUT VOL,9158,988,,,,,,,,,68,,329,,405,462
NAM-INDIA,PUT OI,1180,1280,,,,,,,,,1178,,1092,,1052,1020
NAM-INDIA,CALL SPRD,,,,,,,,,,,,,,,,
NAM-INDIA,PUT SPRD,,,,,,,,,,,,,,,,
NATIONALUM,PRICE,349.0,358.7,,,,346.45,349.55,349.18,357.81,356.02,345.0,343.0,342.0,344.0,344.0,342.0
NATIONALUM,VWAP,,,,,,,,,,,346.03,345.03,344.52,344.41,344.34,344.09
NATIONALUM,CASH VOL,7127278,1869148,2219569,40.43,38.99,,,,,,260543,445411,558645,631511,680106,768548
NATIONALUM,F&O VOL,86114,34995,,,,,,,,,785,2452,3760,4804,5742,6300
NATIONALUM,F&O OI,51069,51772,,,,,,,,,50938,50819,50877,50742,50754,50705
NATIONALUM,CALL VOL,21883,11103,,,,,,,,,320,,924,,1364,1413
NATIONALUM,CALL OI,6949,9705,,,,,,,,,8093,,6722,,6548,6487
NATIONALUM,PUT VOL,29410,5234,,,,,,,,,165,,658,,1011,1123
NATIONALUM,PUT OI,4527,7829,,,,,,,,,5021,,4355,,4244,4210
NATIONALUM,CALL SPRD,,,,,,,,,,,,,,,,
NATIONALUM,PUT SPRD,,,,,,,,,,,,,,,,
NAUKRI,PRICE,1253.9,1254.8,,,,1238.1,1252.17,1248.7,1262.5,1257.37,1246.0,1236.0,1237.0,1238.0,1238.0,1234.0
NAUKRI,VWAP,,,,,,,,,,,1243.43,1238.94,1237.69,1237.77,1237.79,1237.69
NAUKRI,CASH VOL,1070424,1135428,209865,53.56,34.9,,,,,,32962,62142,193103,208659,217279,233851
NAUKRI,F&O VOL,31524,51242,,,,,,,,,296,1087,2169,2693,3088,3716
NAUKRI,F&O OI,38445,39584,,,,,,,,,38418,38389,38227,38113,38122,38201
NAUKRI,CALL VOL,8922,19419,,,,,,,,,151,,1027,,1379,1539
NAUKRI,CALL OI,3687,3925,,,,,,,,,3628,,3422,,3268,3284
NAUKRI,PUT VOL,4004,10854,,,,,,,,,100,,415,,618,701
NAUKRI,PUT OI,2628,2987,,,,,,,,,2645,,2659,,2678,2663
NAUKRI,CALL SPRD,,,,,,,,,,,,,,,,
NAUKRI,PUT SPRD,,,,,,,,,,,,,,,,
NBCC,PRICE,80.21,82.86,,,,80.16,81.25,80.56,82.89,82.87,79.0,79.0,79.0,79.0,79.0,79.0
NBCC,VWAP,,,,,,,,,,,79.64,79.53,79.45,79.43,79.41,79.34
NBCC,CASH VOL,5061781,3865127,1401327,45.35,37.09,,,,,,496462,1088013,1369354,1682699,1888193,2423632
NBCC,F&O VOL,14003,10091,,,,,,,,,180,909,1415,2116,2902,3540
NBCC,F&O OI,22282,23142,,,,,,,,,22294,22299,22326,22419,22554,22692
NBCC,CALL VOL,1761,1669,,,,,,,,,33,,256,,374,414
NBCC,CALL OI,2309,2881,,,,,,,,,2297,,2213,,2169,2160
NBCC,PUT VOL,1098,744,,,,,,,,,34,,126,,245,264
NBCC,PUT OI,1115,1486,,,,,,,,,1111,,1074,,1035,1031
NBCC,CALL SPRD,,,,,,,,,,,,,,,,
NBCC,PUT SPRD,,,,,,,,,,,,,,,,
NESTLEIND,PRICE,1346.0,1362.6,,,,1341.0,1350.35,1347.45,1370.6,1365.27,1341.0,1344.0,1342.0,1336.0,1338.0,1340.0
NESTLEIND,VWAP,,,,,,,,,,,1343.03,1342.71,1342.58,1342.1,1341.64,1341.46
NESTLEIND,CASH VOL,702425,382857,200897,67.06,52.71,,,,,,51533,86762,111170,133265,146738,162286
NESTLEIND,F&O VOL,20650,23820,,,,,,,,,172,974,1579,2301,2906,3429
NESTLEIND,F&O OI,32026,33878,,,,,,,,,32033,31973,31936,31873,31944,31937
NESTLEIND,CALL VOL,2713,3729,,,,,,,,,33,,152,,376,393
NESTLEIND,CALL OI,1135,1796,,,,,,,,,1135,,1075,,1043,1018
NESTLEIND,PUT VOL,3033,3615,,,,,,,,,61,,419,,820,857
NESTLEIND,PUT OI,2422,3067,,,,,,,,,2429,,2399,,2302,2192
NESTLEIND,CALL SPRD,,,,,,,,,,,,,,,,
NESTLEIND,PUT SPRD,,,,,,,,,,,,,,,,
NHPC,PRICE,74.5,76.0,,,,74.05,75.1,74.7,76.13,76.04,74.0,73.0,73.0,73.0,73.0,73.0
NHPC,VWAP,,,,,,,,,,,74.23,74.08,73.9,73.79,73.77,73.73
NHPC,CASH VOL,5560492,6481994,1832452,47.41,50.27,,,,,,368060,671840,935135,1254803,1336253,1480192
NHPC,F&O VOL,19130,21070,,,,,,,,,164,861,1363,2774,3248,3605
NHPC,F&O OI,30628,31538,,,,,,,,,30607,30736,30768,31787,31807,31999
NHPC,CALL VOL,1507,2256,,,,,,,,,74,,284,,588,567
NHPC,CALL OI,1245,1593,,,,,,,,,1297,,1229,,1367,1297
NHPC,PUT VOL,1498,1279,,,,,,,,,20,,156,,222,250
NHPC,PUT OI,1439,2065,,,,,,,,,1345,,1393,,1255,1331
NHPC,CALL SPRD,,,,,,,,,,,,,,,,
NHPC,PUT SPRD,,,,,,,,,,,,,,,,
NMDC,PRICE,77.43,79.9,,,,77.4,79.17,78.01,80.83,80.21,77.0,77.0,76.0,76.0,76.0,76.0
NMDC,VWAP,,,,,,,,,,,77.38,77.2,77.04,76.97,76.91,76.8
NMDC,CASH VOL,24084137,11080041,5593555,62.0,47.5,,,,,,666715,1387785,2159152,2764365,3317760,4034486
NMDC,F&O VOL,61610,26964,,,,,,,,,364,1229,3137,4420,5296,6849
NMDC,F&O OI,77274,76011,,,,,,,,,77279,77279,77415,77721,77944,78436
NMDC,CALL VOL,2951,2081,,,,,,,,,65,,303,,323,388
NMDC,CALL OI,1024,3317,,,,,,,,,1684,,1595,,897,885
NMDC,PUT VOL,2993,2121,,,,,,,,,77,,233,,410,474
NMDC,PUT OI,1295,2634,,,,,,,,,1683,,1614,,1096,1064
NMDC,CALL SPRD,,,,,,,,,,,,,,,,
NMDC,PUT SPRD,,,,,,,,,,,,,,,,
NTPC,PRICE,321.1,326.6,,,,320.5,323.4,321.87,326.55,326.45,320.0,319.0,317.0,318.0,319.0,319.0
NTPC,VWAP,,,,,,,,,,,320.38,319.5,318.98,318.88,318.96,319.0
NTPC,CASH VOL,5982092,6075589,1941525,56.64,61.82,,,,,,186275,361500,502927,711595,826356,942325
NTPC,F&O VOL,72668,63680,,,,,,,,,654,2202,3327,4416,5522,6421
NTPC,F&O OI,110524,108772,,,,,,,,,110651,110824,110999,111149,111355,111761
NTPC,CALL VOL,8461,12663,,,,,,,,,116,,359,,439,458
NTPC,CALL OI,15074,16061,,,,,,,,,15066,,15042,,14989,14982
NTPC,PUT VOL,4577,5805,,,,,,,,,166,,510,,820,847
NTPC,PUT OI,5116,6505,,,,,,,,,5101,,4976,,4821,4803
NTPC,CALL SPRD,,,,,,,,,,,,,,,,
NTPC,PUT SPRD,,,,,,,,,,,,,,,,
NYKAA,PRICE,325.5,333.7,,,,325.5,328.48,326.49,333.92,333.77,322.0,320.0,321.0,322.0,323.0,323.0
NYKAA,VWAP,,,,,,,,,,,322.48,321.41,320.97,321.17,321.52,321.73
NYKAA,CASH VOL,3504134,3537870,1919565,55.28,52.5,,,,,,142049,242767,391911,450088,523792,570448
NYKAA,F&O VOL,15799,16191,,,,,,,,,263,935,2022,2569,3277,3658
NYKAA,F&O OI,17272,17053,,,,,,,,,17290,17322,17126,17160,17399,17537
NYKAA,CALL VOL,3033,3291,,,,,,,,,32,,405,,627,649
NYKAA,CALL OI,1655,2046,,,,,,,,,1135,,961,,1383,1377
NYKAA,PUT VOL,2794,2011,,,,,,,,,119,,733,,898,981
NYKAA,PUT OI,1270,1741,,,,,,,,,1223,,1084,,1051,1035
NYKAA,CALL SPRD,,,,,,,,,,,,,,,,
NYKAA,PUT SPRD,,,,,,,,,,,,,,,,
OBEROIRLTY,PRICE,1830.0,1858.5,,,,1825.0,1838.05,1832.68,1845.2,1818.6,1821.0,1816.0,1808.0,1808.0,1807.0,1796.0
OBEROIRLTY,VWAP,,,,,,,,,,,1818.63,1817.67,1816.79,1816.15,1815.19,1813.2
OBEROIRLTY,CASH VOL,364239,638248,138511,46.02,40.23,,,,,,35310,47282,53756,59912,64835,73373
OBEROIRLTY,F&O VOL,21459,30985,,,,,,,,,153,882,1682,2260,2535,3196
OBEROIRLTY,F&O OI,23207,25059,,,,,,,,,23193,22965,22748,22719,22650,22636
OBEROIRLTY,CALL VOL,3412,9336,,,,,,,,,37,,317,,449,594
OBEROIRLTY,CALL OI,1822,2260,,,,,,,,,2061,,1740,,1674,1678
OBEROIRLTY,PUT VOL,5655,6427,,,,,,,,,64,,225,,632,728
OBEROIRLTY,PUT OI,1448,1900,,,,,,,,,1392,,1447,,1449,1399
OBEROIRLTY,CALL SPRD,,,,,,,,,,,,,,,,
OBEROIRLTY,PUT SPRD,,,,,,,,,,,,,,,,
OFSS,PRICE,10800.0,10770.0,,,,10800.0,10784.83,10754.5,11059.5,10866.5,10766.0,10690.0,10684.0,10649.0,10653.0,10668.0
OFSS,VWAP,,,,,,,,,,,10766.33,10728.39,10714.64,10706.84,10701.04,10698.49
OFSS,CASH VOL,194825,545314,59068,33.03,15.89,,,,,,11943,18784,24788,29152,32243,34895
OFSS,F&O VOL,83798,235654,,,,,,,,,1671,5203,8248,10131,12621,13966
OFSS,F&O OI,42802,46636,,,,,,,,,42591,42297,42151,42061,41733,41495
OFSS,CALL VOL,22177,66341,,,,,,,,,341,,1663,,2546,2740
OFSS,CALL OI,3450,4185,,,,,,,,,3431,,3294,,3182,3149
OFSS,PUT VOL,24655,72626,,,,,,,,,784,,2521,,4016,4330
OFSS,PUT OI,5044,5394,,,,,,,,,4975,,4703,,4441,4372
OFSS,CALL SPRD,,,,,,,,,,,,,,,,
OFSS,PUT SPRD,,,,,,,,,,,,,,,,
OIL,PRICE,468.0,475.15,,,,466.5,469.92,468.64,474.36,472.77,467.0,463.0,460.0,460.0,461.0,461.0
OIL,VWAP,,,,,,,,,,,466.48,465.59,464.13,462.86,462.71,462.65
OIL,CASH VOL,1767496,666997,554758,56.3,31.59,,,,,,77359,128343,185765,256216,279139,287553
OIL,F&O VOL,13643,15357,,,,,,,,,301,695,1343,1603,1817,1917
OIL,F&O OI,20731,21784,,,,,,,,,20699,20544,20293,20207,20166,20093
OIL,CALL VOL,2288,2434,,,,,,,,,74,,239,,332,339
OIL,CALL OI,1408,1364,,,,,,,,,1950,,1331,,1277,1265
OIL,PUT VOL,1470,1203,,,,,,,,,5,,123,,203,223
OIL,PUT OI,1242,1638,,,,,,,,,1336,,1202,,1156,1146
OIL,CALL SPRD,,,,,,,,,,,,,,,,
OIL,PUT SPRD,,,,,,,,,,,,,,,,
ONGC,PRICE,230.0,235.86,,,,230.0,232.85,230.95,235.79,235.66,230.0,228.0,228.0,228.0,228.0,228.0
ONGC,VWAP,,,,,,,,,,,230.16,229.7,229.24,229.12,229.05,228.96
ONGC,CASH VOL,9819757,5066494,2821882,59.58,53.71,,,,,,364404,768088,983763,1136134,1281095,1410272
ONGC,F&O VOL,60840,64687,,,,,,,,,2145,5227,7799,9207,10809,11899
ONGC,F&O OI,66909,68146,,,,,,,,,66936,66832,66545,66554,66860,66776
ONGC,CALL VOL,20106,23399,,,,,,,,,533,,1933,,2314,2534
ONGC,CALL OI,14336,16018,,,,,,,,,15166,,13756,,13487,13323
ONGC,PUT VOL,9975,11729,,,,,,,,,517,,1367,,1605,1701
ONGC,PUT OI,4554,6165,,,,,,,,,4509,,4502,,4470,4444
ONGC,CALL SPRD,,,,,,,,,,,,,,,,
ONGC,PUT SPRD,,,,,,,,,,,,,,,,
PAGEIND,PRICE,37500.0,37695.0,,,,37130.0,37493.33,37480.0,37353.33,36670.0,37325.0,37245.0,37225.0,37095.0,36955.0,36905.0
PAGEIND,VWAP,,,,,,,,,,,37281.67,37271.53,37255.28,37230.99,37173.93,37114.57
PAGEIND,CASH VOL,15742,15467,3476,48.32,37.01,,,,,,659,1105,1574,2136,2721,3353
PAGEIND,F&O VOL,24529,30369,,,,,,,,,295,831,1506,1792,2299,2860
PAGEIND,F&O OI,18862,19951,,,,,,,,,18733,18624,18544,18510,18351,18291
PAGEIND,CALL VOL,7527,5611,,,,,,,,,168,,299,,556,609
PAGEIND,CALL OI,2213,2573,,,,,,,,,2683,,2097,,1950,1934
PAGEIND,PUT VOL,4937,6217,,,,,,,,,70,,511,,820,1022
PAGEIND,PUT OI,1764,1899,,,,,,,,,1672,,1675,,1577,1559
PAGEIND,CALL SPRD,,,,,,,,,,,,,,,,
PAGEIND,PUT SPRD,,,,,,,,,,,,,,,,
PATANJALI,PRICE,390.8,403.95,,,,390.0,394.12,391.91,398.99,389.07,385.0,383.0,382.0,381.0,374.0,371.0
PATANJALI,VWAP,,,,,,,,,,,386.67,384.45,384.02,383.72,381.21,379.06
PATANJALI,CASH VOL,3491544,1648377,1636780,37.31,33.88,,,,,,119474,270514,333555,474698,696055,943754
PATANJALI,F&O VOL,70615,33518,,,,,,,,,1330,4279,5879,8670,16087,24079
PATANJALI,F&O OI,60600,65404,,,,,,,,,60507,60101,60035,59810,59931,60325
PATANJALI,CALL VOL,4309,10904,,,,,,,,,450,,1684,,3232,3236
PATANJALI,CALL OI,3101,4455,,,,,,,,,4071,,3993,,4016,2860
PATANJALI,PUT VOL,12627,5743,,,,,,,,,530,,1752,,6696,9046
PATANJALI,PUT OI,4368,7003,,,,,,,,,4136,,3790,,3673,3334
PATANJALI,CALL SPRD,,,,,,,,,,,,,,,,
PATANJALI,PUT SPRD,,,,,,,,,,,,,,,,
PAYTM,PRICE,1635.8,1674.0,,,,1635.8,1651.9,1641.17,1744.05,1697.35,1640.0,1634.0,1633.0,1633.0,1640.0,1643.0
PAYTM,VWAP,,,,,,,,,,,1640.43,1634.57,1634.7,1634.56,1635.83,1637.23
PAYTM,CASH VOL,4017703,5174169,589691,47.43,50.3,,,,,,151084,311668,358246,407903,501385,586532
PAYTM,F&O VOL,116228,200154,,,,,,,,,1600,6818,9548,11141,14527,17917
PAYTM,F&O OI,62841,67765,,,,,,,,,62796,63027,62992,62720,62664,62482
PAYTM,CALL VOL,31244,34234,,,,,,,,,564,,2462,,3488,4272
PAYTM,CALL OI,5332,6330,,,,,,,,,5405,,5426,,5108,5054
PAYTM,PUT VOL,38438,80617,,,,,,,,,418,,1545,,2442,2944
PAYTM,PUT OI,5292,7619,,,,,,,,,5146,,5131,,4812,4719
PAYTM,CALL SPRD,,,,,,,,,,,,,,,,
PAYTM,PUT SPRD,,,,,,,,,,,,,,,,
PERSISTENT,PRICE,5328.5,5372.0,,,,5328.0,5331.25,5329.42,5356.5,5325.5,5299.0,5280.0,5272.0,5283.0,5287.0,5288.0
PERSISTENT,VWAP,,,,,,,,,,,5299.83,5284.24,5281.28,5282.06,5282.23,5282.5
PERSISTENT,CASH VOL,335528,307915,152102,41.21,27.91,,,,,,16178,40030,48623,53991,56380,58863
PERSISTENT,F&O VOL,57351,68022,,,,,,,,,1000,3932,6365,7612,9121,11230
PERSISTENT,F&O OI,53761,57524,,,,,,,,,53425,52804,52394,52376,52343,52112
PERSISTENT,CALL VOL,25064,25262,,,,,,,,,443,,2111,,2899,3752
PERSISTENT,CALL OI,9433,10930,,,,,,,,,9237,,8418,,8132,7604
PERSISTENT,PUT VOL,9352,17317,,,,,,,,,264,,2044,,2482,2656
PERSISTENT,PUT OI,6512,7970,,,,,,,,,6366,,6127,,6095,6064
PERSISTENT,CALL SPRD,,,,,,,,,,,,,,,,
PERSISTENT,PUT SPRD,,,,,,,,,,,,,,,,
PETRONET,PRICE,289.85,286.5,,,,284.7,289.7,289.4,285.99,284.98,286.0,286.0,284.0,283.0,284.0,283.0
PETRONET,VWAP,,,,,,,,,,,286.15,286.03,285.74,285.43,285.19,285.07
PETRONET,CASH VOL,2937411,880374,474429,44.24,59.97,,,,,,196706,280633,327514,379893,433494,467256
PETRONET,F&O VOL,37427,12367,,,,,,,,,1597,3128,3863,4239,4539,4755
PETRONET,F&O OI,23110,23010,,,,,,,,,23254,23273,23343,23335,23296,23229
PETRONET,CALL VOL,13467,1566,,,,,,,,,331,,910,,1090,1135
PETRONET,CALL OI,3198,3518,,,,,,,,,3189,,3013,,2973,2961
PETRONET,PUT VOL,3768,1172,,,,,,,,,876,,1618,,1715,1734
PETRONET,PUT OI,1753,2310,,,,,,,,,1828,,1853,,1822,1818
PETRONET,CALL SPRD,,,,,,,,,,,,,,,,
PETRONET,PUT SPRD,,,,,,,,,,,,,,,,
PFC,PRICE,330.0,338.0,,,,330.25,333.8,331.27,343.12,339.71,328.0,326.0,324.0,324.0,324.0,323.0
PFC,VWAP,,,,,,,,,,,328.58,327.1,326.11,325.85,325.54,325.14
PFC,CASH VOL,10003097,8623661,2097545,61.19,72.28,,,,,,294651,724711,1078111,1277254,1520002,1828233
PFC,F&O VOL,68032,57998,,,,,,,,,843,6678,10597,12939,18232,20874
PFC,F&O OI,123111,123331,,,,,,,,,123195,125026,125580,125663,126536,126618
PFC,CALL VOL,8365,8751,,,,,,,,,170,,804,,1077,1280
PFC,CALL OI,2521,3305,,,,,,,,,3489,,2472,,2466,2447
PFC,PUT VOL,6445,6583,,,,,,,,,57,,742,,1114,1178
PFC,PUT OI,3333,3962,,,,,,,,,3674,,3508,,3109,3099
PFC,CALL SPRD,,,,,,,,,,,,,,,,
PFC,PUT SPRD,,,,,,,,,,,,,,,,
PGEL,PRICE,507.0,518.5,,,,504.55,513.05,509.02,526.73,521.24,506.0,506.0,504.0,504.0,504.0,502.0
PGEL,VWAP,,,,,,,,,,,506.52,506.81,506.33,506.02,505.78,505.38
PGEL,CASH VOL,505897,483547,165233,34.77,27.08,,,,,,84935,146809,180103,217290,240755,271727
PGEL,F&O VOL,16230,17646,,,,,,,,,426,1825,2434,3114,3715,4156
PGEL,F&O OI,23693,24778,,,,,,,,,23608,23989,24136,24057,24017,23961
PGEL,CALL VOL,3268,3416,,,,,,,,,175,,393,,788,864
PGEL,CALL OI,2157,2400,,,,,,,,,2519,,2028,,1899,1877
PGEL,PUT VOL,2064,3222,,,,,,,,,56,,205,,466,622
PGEL,PUT OI,1929,2275,,,,,,,,,2037,,1915,,1769,1670
PGEL,CALL SPRD,,,,,,,,,,,,,,,,
PGEL,PUT SPRD,,,,,,,,,,,,,,,,
PHOENIXLTD,PRICE,1952.2,1978.4,,,,1946.3,1956.6,1953.67,1974.85,1967.75,1940.0,1938.0,1933.0,1942.0,1937.0,1931.0
PHOENIXLTD,VWAP,,,,,,,,,,,1940.93,1939.37,1938.51,1939.23,1939.3,1938.88
PHOENIXLTD,CASH VOL,154647,463656,35012,53.01,56.11,,,,,,18740,33399,45107,55057,61198,64631
PHOENIXLTD,F&O VOL,21778,17985,,,,,,,,,42,443,1489,2192,2499,2705
PHOENIXLTD,F&O OI,15774,16556,,,,,,,,,15774,15756,15721,16031,16087,16108
PHOENIXLTD,CALL VOL,2838,4528,,,,,,,,,9,,144,,283,301
PHOENIXLTD,CALL OI,1169,1429,,,,,,,,,1172,,1132,,1159,1152
PHOENIXLTD,PUT VOL,4681,4235,,,,,,,,,28,,1064,,1309,1351
PHOENIXLTD,PUT OI,1712,2070,,,,,,,,,1710,,1695,,1694,1683
PHOENIXLTD,CALL SPRD,,,,,,,,,,,,,,,,
PHOENIXLTD,PUT SPRD,,,,,,,,,,,,,,,,
PIDILITIND,PRICE,1503.0,1517.2,,,,1493.0,1501.13,1497.4,1546.85,1527.08,1483.0,1480.0,1475.0,1481.0,1477.0,1474.0
PIDILITIND,VWAP,,,,,,,,,,,1485.5,1482.63,1480.65,1480.42,1479.81,1478.25
PIDILITIND,CASH VOL,585752,503315,134276,55.21,44.03,,,,,,48077,105153,146334,176220,227814,376186
PIDILITIND,F&O VOL,13537,27523,,,,,,,,,342,826,1540,2501,3775,4705
PIDILITIND,F&O OI,17573,18594,,,,,,,,,17536,17597,17559,17532,17610,17646
PIDILITIND,CALL VOL,2338,4091,,,,,,,,,12,,375,,493,670
PIDILITIND,CALL OI,1139,1373,,,,,,,,,1133,,1123,,1073,1059
PIDILITIND,PUT VOL,3148,10409,,,,,,,,,119,,291,,600,950
PIDILITIND,PUT OI,1438,2155,,,,,,,,,1412,,1372,,1296,1268
PIDILITIND,CALL SPRD,,,,,,,,,,,,,,,,
PIDILITIND,PUT SPRD,,,,,,,,,,,,,,,,
PIIND,PRICE,2349.0,2400.0,,,,2327.5,2358.45,2352.15,2390.73,2372.2,2315.0,2311.0,2300.0,2301.0,2304.0,2296.0
PIIND,VWAP,,,,,,,,,,,2319.37,2314.21,2309.9,2308.61,2308.06,2307.63
PIIND,CASH VOL,113053,446431,40096,38.47,58.57,,,,,,11591,19556,27623,34228,36787,38386
PIIND,F&O VOL,27228,40524,,,,,,,,,1385,3144,6655,10206,11576,12186
PIIND,F&O OI,43770,46146,,,,,,,,,43737,43530,42878,42144,42262,42253
PIIND,CALL VOL,7356,10203,,,,,,,,,418,,1927,2651,2853,3006
PIIND,CALL OI,5315,6308,,,,,,,,,5280,,4746,4588,4498,4452
PIIND,PUT VOL,3736,6489,,,,,,,,,584,,2490,3879,4051,4176
PIIND,PUT OI,4474,5115,,,,,,,,,4530,,3991,3559,3534,3518
PIIND,CALL SPRD,,,,,,,,,,,,,,,,
PIIND,PUT SPRD,,,,,,,,,,,,,,,,
PNB,PRICE,112.6,116.6,,,,112.55,114.31,113.17,117.56,116.92,112.0,111.0,111.0,111.0,111.0,110.0
PNB,VWAP,,,,,,,,,,,112.63,112.4,112.04,111.68,111.64,111.6
PNB,CASH VOL,14250157,8069096,4524867,51.22,47.83,,,,,,1088695,1674414,2448174,4094140,4541321,4889292
PNB,F&O VOL,40538,31436,,,,,,,,,500,2102,3669,6055,7161,7563
PNB,F&O OI,49548,49340,,,,,,,,,49435,49346,49472,50014,50022,50050
PNB,CALL VOL,3471,6307,,,,,,,,,142,,540,,903,933
PNB,CALL OI,1390,1520,,,,,,,,,2452,,1226,,1212,1223
PNB,PUT VOL,4192,4771,,,,,,,,,124,,551,,912,945
PNB,PUT OI,2036,2566,,,,,,,,,2715,,1873,,1787,1787
PNB,CALL SPRD,,,,,,,,,,,,,,,,
PNB,PUT SPRD,,,,,,,,,,,,,,,,
PNBHOUSING,PRICE,1085.0,1094.9,,,,1078.5,1083.92,1081.75,1115.9,1101.9,1082.0,1083.0,1081.0,1093.0,1090.0,1091.0
PNBHOUSING,VWAP,,,,,,,,,,,1079.83,1081.85,1081.43,1085.31,1087.18,1087.84
PNBHOUSING,CASH VOL,988333,399362,195312,55.91,45.02,,,,,,11955,27732,43080,75406,102064,132534
PNBHOUSING,F&O VOL,20407,18426,,,,,,,,,245,1126,1708,2704,3515,4017
PNBHOUSING,F&O OI,24168,25139,,,,,,,,,24247,24546,24781,24982,25194,25255
PNBHOUSING,CALL VOL,3552,4517,,,,,,,,,40,,298,,856,1016
PNBHOUSING,CALL OI,2842,3268,,,,,,,,,2008,,1958,,1944,2680
PNBHOUSING,PUT VOL,3496,3233,,,,,,,,,37,,198,,360,529
PNBHOUSING,PUT OI,2133,2385,,,,,,,,,1983,,1940,,1924,2059
PNBHOUSING,CALL SPRD,,,,,,,,,,,,,,,,
PNBHOUSING,PUT SPRD,,,,,,,,,,,,,,,,
POLICYBZR,PRICE,1151.3,1166.0,,,,1162.1,1174.8,1159.13,1509.95,1280.65,1139.0,1119.0,1103.0,1093.0,1097.0,1082.0
POLICYBZR,VWAP,,,,,,,,,,,1144.47,1131.75,1120.43,1110.98,1107.04,1102.59
POLICYBZR,CASH VOL,10839191,41589859,1966806,31.84,33.5,,,,,,358481,861782,1541984,2591828,3468344,4373310
POLICYBZR,F&O VOL,657591,1204898,,,,,,,,,13556,47242,84994,124929,160693,189093
POLICYBZR,F&O OI,199630,199675,,,,,,,,,198434,195081,192818,192120,192524,192670
POLICYBZR,CALL VOL,56617,54249,,,,,,,,,3740,,14632,,28152,25071
POLICYBZR,CALL OI,4656,2843,,,,,,,,,13466,,9699,,9953,5538
POLICYBZR,PUT VOL,191201,380566,,,,,,,,,3094,,25991,,54050,64546
POLICYBZR,PUT OI,15590,16968,,,,,,,,,12474,,13959,,13087,12731
POLICYBZR,CALL SPRD,,,,,,,,,,,,,,,,
POLICYBZR,PUT SPRD,,,,,,,,,,,,,,,,
POLYCAB,PRICE,8191.0,8408.5,,,,8195.0,8290.0,8224.0,8403.5,8393.5,8197.0,8240.0,8228.0,8230.0,8223.0,8186.0
POLYCAB,VWAP,,,,,,,,,,,8201.67,8226.84,8228.09,8228.71,8225.83,8221.96
POLYCAB,CASH VOL,274844,296612,62367,51.08,53.34,,,,,,20164,40299,51680,61681,81205,90227
POLYCAB,F&O VOL,62558,42921,,,,,,,,,841,3353,6155,7888,10442,12365
POLYCAB,F&O OI,47256,50173,,,,,,,,,47150,46817,46433,46448,47217,47138
POLYCAB,CALL VOL,16613,12836,,,,,,,,,221,,1796,,2607,2994
POLYCAB,CALL OI,5255,6196,,,,,,,,,5182,,4840,,4728,4676
POLYCAB,PUT VOL,20135,9057,,,,,,,,,292,,1835,,2629,3057
POLYCAB,PUT OI,5950,6328,,,,,,,,,5896,,5530,,5340,5226
POLYCAB,CALL SPRD,,,,,,,,,,,,,,,,
POLYCAB,PUT SPRD,,,,,,,,,,,,,,,,
POWERGRID,PRICE,261.85,269.5,,,,262.3,265.88,263.19,269.11,268.32,260.0,261.0,260.0,260.0,260.0,260.0
POWERGRID,VWAP,,,,,,,,,,,261.48,261.19,260.99,260.93,260.82,260.72
POWERGRID,CASH VOL,10278456,6241140,2693088,67.68,64.39,,,,,,741901,1347010,1689328,1833897,2085431,2345294
POWERGRID,F&O VOL,34579,50698,,,,,,,,,713,2039,3065,4911,5780,6785
POWERGRID,F&O OI,67058,65553,,,,,,,,,67020,67187,67267,67867,68125,67867
POWERGRID,CALL VOL,5566,12814,,,,,,,,,220,,522,,657,893
POWERGRID,CALL OI,3693,4313,,,,,,,,,3634,,3586,,3554,3351
POWERGRID,PUT VOL,4050,5336,,,,,,,,,166,,512,,720,774
POWERGRID,PUT OI,5642,6738,,,,,,,,,5610,,5527,,5465,5438
POWERGRID,CALL SPRD,,,,,,,,,,,,,,,,
POWERGRID,PUT SPRD,,,,,,,,,,,,,,,,
POWERINDIA,PRICE,30260.0,31035.0,,,,30250.0,30497.5,30339.17,31610.0,31226.67,30195.0,30145.0,30035.0,30095.0,30130.0,30025.0
POWERINDIA,VWAP,,,,,,,,,,,30190.0,30184.39,30155.58,30136.23,30121.29,30119.67
POWERINDIA,CASH VOL,64781,130207,18746,42.15,44.36,,,,,,8781,13467,17393,23420,27363,28153
POWERINDIA,F&O VOL,95994,135902,,,,,,,,,2401,6898,12868,16329,22106,23275
POWERINDIA,F&O OI,65359,66271,,,,,,,,,64599,63848,63208,62512,61971,61836
POWERINDIA,CALL VOL,26825,52879,,,,,,,,,889,,4119,,5970,6291
POWERINDIA,CALL OI,7226,7578,,,,,,,,,8726,,6217,,5993,5953
POWERINDIA,PUT VOL,31559,35959,,,,,,,,,552,,2883,,5110,5348
POWERINDIA,PUT OI,6598,7217,,,,,,,,,7203,,6439,,6230,6200
POWERINDIA,CALL SPRD,,,,,,,,,,,,,,,,
POWERINDIA,PUT SPRD,,,,,,,,,,,,,,,,
PREMIERENE,PRICE,906.0,896.4,,,,906.0,903.28,897.85,902.3,898.37,913.0,908.0,904.0,897.0,892.0,890.0
PREMIERENE,VWAP,,,,,,,,,,,911.87,910.43,909.58,905.9,903.19,902.15
PREMIERENE,CASH VOL,1041474,455438,227739,34.1,35.73,,,,,,89287,149938,175183,259346,324112,352916
PREMIERENE,F&O VOL,34094,21539,,,,,,,,,835,2021,3083,6456,9291,11187
PREMIERENE,F&O OI,36832,36868,,,,,,,,,36832,36816,36743,36853,37343,37496
PREMIERENE,CALL VOL,11501,4536,,,,,,,,,351,,1073,,2351,2454
PREMIERENE,CALL OI,5624,6188,,,,,,,,,7026,,6634,,6650,5630
PREMIERENE,PUT VOL,5346,1942,,,,,,,,,152,,509,,3114,3574
PREMIERENE,PUT OI,4057,4378,,,,,,,,,4871,,4577,,4699,4035
PREMIERENE,CALL SPRD,,,,,,,,,,,,,,,,
PREMIERENE,PUT SPRD,,,,,,,,,,,,,,,,
PRESTIGE,PRICE,1470.8,1477.8,,,,1465.0,1465.23,1454.1,1476.8,1474.8,1459.0,1451.0,1445.0,1451.0,1451.0,1441.0
PRESTIGE,VWAP,,,,,,,,,,,1460.7,1455.34,1453.7,1452.85,1452.67,1450.43
PRESTIGE,CASH VOL,576978,312842,246153,56.18,43.39,,,,,,21993,42412,48893,60460,65516,84222
PRESTIGE,F&O VOL,26738,19040,,,,,,,,,244,1725,2410,2795,2969,3651
PRESTIGE,F&O OI,24070,23851,,,,,,,,,24083,24176,24072,24037,24008,24154
PRESTIGE,CALL VOL,4520,4447,,,,,,,,,15,,703,,754,839
PRESTIGE,CALL OI,1795,2102,,,,,,,,,2290,,1788,,1766,1745
PRESTIGE,PUT VOL,6853,2578,,,,,,,,,87,,569,,753,898
PRESTIGE,PUT OI,2275,3389,,,,,,,,,2469,,2175,,2148,2113
PRESTIGE,CALL SPRD,,,,,,,,,,,,,,,,
PRESTIGE,PUT SPRD,,,,,,,,,,,,,,,,
RADICO,PRICE,4478.3,4557.1,,,,4478.0,4501.6,4486.07,4536.43,4495.1,4461.0,4408.0,4415.0,4417.0,4407.0,4404.0
RADICO,VWAP,,,,,,,,,,,4457.73,4436.55,4426.12,4425.33,4424.2,4422.76
RADICO,CASH VOL,127711,251300,41576,44.19,35.02,,,,,,9493,20760,33935,39433,43416,48023
RADICO,F&O VOL,19160,45247,,,,,,,,,250,2417,4808,5952,6990,7674
RADICO,F&O OI,18226,18270,,,,,,,,,18177,18120,18048,18126,17991,18031
RADICO,CALL VOL,6061,21967,,,,,,,,,177,,1908,,2599,2848
RADICO,CALL OI,4416,4396,,,,,,,,,4904,,4184,,4050,4004
RADICO,PUT VOL,5236,8024,,,,,,,,,120,,1564,,2155,2255
RADICO,PUT OI,2206,2811,,,,,,,,,2220,,2216,,2175,2129
RADICO,CALL SPRD,,,,,,,,,,,,,,,,
RADICO,PUT SPRD,,,,,,,,,,,,,,,,
RBLBANK,PRICE,407.0,415.05,,,,406.0,409.08,407.69,415.35,415.15,405.0,404.0,402.0,403.0,403.0,401.0
RBLBANK,VWAP,,,,,,,,,,,405.2,404.55,404.08,403.95,403.86,403.61
RBLBANK,CASH VOL,1955370,3419454,543141,40.02,27.32,,,,,,92913,165215,208361,249621,272456,322725
RBLBANK,F&O VOL,21339,29035,,,,,,,,,426,1148,2201,2684,3565,4091
RBLBANK,F&O OI,29848,31090,,,,,,,,,29787,29726,29889,29672,29803,29723
RBLBANK,CALL VOL,3541,7861,,,,,,,,,227,,701,,999,931
RBLBANK,CALL OI,3790,3972,,,,,,,,,4266,,4092,,4036,3494
RBLBANK,PUT VOL,3898,5420,,,,,,,,,73,,295,,687,870
RBLBANK,PUT OI,3327,3885,,,,,,,,,3395,,3382,,3374,3280
RBLBANK,CALL SPRD,,,,,,,,,,,,,,,,
RBLBANK,PUT SPRD,,,,,,,,,,,,,,,,
RECLTD,PRICE,303.25,312.95,,,,302.2,307.43,304.64,312.06,310.27,300.0,297.0,295.0,294.0,294.0,293.0
RECLTD,VWAP,,,,,,,,,,,300.57,298.98,297.66,297.1,296.79,296.43
RECLTD,CASH VOL,6245559,3896789,1773159,50.45,56.93,,,,,,279177,654146,1042479,1333649,1505980,1711823
RECLTD,F&O VOL,38768,50511,,,,,,,,,1110,3981,7581,10310,12206,13471
RECLTD,F&O OI,64015,62728,,,,,,,,,64298,64336,64278,64439,64731,64835
RECLTD,CALL VOL,4848,7621,,,,,,,,,73,,551,,944,1005
RECLTD,CALL OI,2240,3022,,,,,,,,,2913,,2242,,2096,2083
RECLTD,PUT VOL,4943,4525,,,,,,,,,119,,1093,,1539,1728
RECLTD,PUT OI,2389,3328,,,,,,,,,2710,,2120,,2010,2012
RECLTD,CALL SPRD,,,,,,,,,,,,,,,,
RECLTD,PUT SPRD,,,,,,,,,,,,,,,,
RELIANCE,PRICE,1197.6,1226.0,,,,1193.8,1208.35,1201.18,1231.65,1227.88,1197.0,1192.0,1184.0,1186.0,1186.0,1186.0
RELIANCE,VWAP,,,,,,,,,,,1195.53,1193.99,1189.47,1188.46,1188.16,1187.86
RELIANCE,CASH VOL,13602349,13138735,3703901,69.56,63.26,,,,,,818892,1357723,2492709,3364164,3849736,4267108
RELIANCE,F&O VOL,530760,496916,,,,,,,,,13889,44946,79668,106061,123879,138413
RELIANCE,F&O OI,666957,665248,,,,,,,,,664942,666857,668362,672995,674807,675575
RELIANCE,CALL VOL,91204,97560,,,,,,,,,2205,,9105,,15016,16407
RELIANCE,CALL OI,13596,12649,,,,,,,,,13136,,8828,,12045,11877
RELIANCE,PUT VOL,71962,89524,,,,,,,,,1823,,9726,,13705,14734
RELIANCE,PUT OI,14759,21023,,,,,,,,,14411,,10905,,11851,11597
RELIANCE,CALL SPRD,,,,,,,,,,,,,,,,
RELIANCE,PUT SPRD,,,,,,,,,,,,,,,,
RVNL,PRICE,202.75,207.0,,,,202.0,204.19,203.23,209.1,207.7,201.0,199.0,196.0,196.0,197.0,196.0
RVNL,VWAP,,,,,,,,,,,201.13,200.1,198.52,198.21,198.06,197.89
RVNL,CASH VOL,2550019,2405229,607452,27.75,27.48,,,,,,285658,648563,1439801,1789077,2009264,2250829
RVNL,F&O VOL,34342,35964,,,,,,,,,1130,3946,9010,10928,12401,14133
RVNL,F&O OI,45027,45777,,,,,,,,,44890,44075,43311,43121,43114,43657
RVNL,CALL VOL,6271,8516,,,,,,,,,421,,2061,,2647,2789
RVNL,CALL OI,4414,5581,,,,,,,,,5190,,3930,,3812,3788
RVNL,PUT VOL,4094,4432,,,,,,,,,474,,3136,,3778,4012
RVNL,PUT OI,3943,4806,,,,,,,,,4048,,2818,,2748,2739
RVNL,CALL SPRD,,,,,,,,,,,,,,,,
RVNL,PUT SPRD,,,,,,,,,,,,,,,,
SAIL,PRICE,184.2,185.0,,,,182.53,185.49,184.63,184.23,182.68,182.0,182.0,181.0,182.0,184.0,183.0
SAIL,VWAP,,,,,,,,,,,182.8,182.75,182.5,182.43,182.77,182.88
SAIL,CASH VOL,14311000,9681139,6234781,31.75,26.25,,,,,,805841,1570893,2462737,2916167,3753284,4359449
SAIL,F&O VOL,24310,2891,,,,,,,,,21,216,1645,2056,2540,2975
SAIL,F&O OI,46644,46933,,,,,,,,,46646,46692,47328,47477,47616,47734
SAIL,CALL VOL,23,69,,,,,,,,,0,,13,,33,39
SAIL,CALL OI,1695,1706,,,,,,,,,1695,,1693,,1683,1679
SAIL,PUT VOL,43,65,,,,,,,,,1,,39,,79,96
SAIL,PUT OI,2761,2791,,,,,,,,,2761,,2746,,2727,2723
SAIL,CALL SPRD,,,,,,,,,,,,,,,,
SAIL,PUT SPRD,,,,,,,,,,,,,,,,
SBICARD,PRICE,591.0,611.2,,,,593.05,600.25,594.08,625.17,615.86,589.0,589.0,585.0,589.0,589.0,587.0
SBICARD,VWAP,,,,,,,,,,,590.27,589.18,587.98,588.09,588.14,588.11
SBICARD,CASH VOL,1388562,1310548,483969,49.48,50.66,,,,,,76118,148471,216202,266562,287712,312053
SBICARD,F&O VOL,44342,37696,,,,,,,,,578,1913,2955,4234,4809,5485
SBICARD,F&O OI,47540,48243,,,,,,,,,47523,47655,47760,48022,48084,48215
SBICARD,CALL VOL,4585,5082,,,,,,,,,76,,429,,567,587
SBICARD,CALL OI,2081,2186,,,,,,,,,2079,,1973,,1936,1925
SBICARD,PUT VOL,7771,6621,,,,,,,,,54,,390,,549,611
SBICARD,PUT OI,3149,4045,,,,,,,,,3135,,3000,,2938,2924
SBICARD,CALL SPRD,,,,,,,,,,,,,,,,
SBICARD,PUT SPRD,,,,,,,,,,,,,,,,
SBILIFE,PRICE,1728.1,1742.0,,,,1731.6,1738.9,1731.7,1745.65,1743.22,1720.0,1716.0,1714.0,1721.0,1721.0,1721.0
SBILIFE,VWAP,,,,,,,,,,,1721.9,1717.52,1716.93,1718.11,1718.74,1719.02
SBILIFE,CASH VOL,1337514,1018504,297643,58.53,56.74,,,,,,16282,30572,38594,51437,61030,71170
SBILIFE,F&O VOL,37951,52146,,,,,,,,,565,2825,3629,4150,4567,5234
SBILIFE,F&O OI,39264,40642,,,,,,,,,39235,39106,39031,39030,38914,38623
SBILIFE,CALL VOL,9522,11104,,,,,,,,,416,,1516,,1858,2228
SBILIFE,CALL OI,6224,7114,,,,,,,,,6149,,5929,,5786,5581
SBILIFE,PUT VOL,7601,13854,,,,,,,,,120,,854,,1023,1055
SBILIFE,PUT OI,4790,5796,,,,,,,,,4781,,4632,,4558,4538
SBILIFE,CALL SPRD,,,,,,,,,,,,,,,,
SBILIFE,PUT SPRD,,,,,,,,,,,,,,,,
SBIN,PRICE,962.0,983.0,,,,960.9,969.3,964.43,987.95,984.65,960.0,958.0,953.0,957.0,956.0,957.0
SBIN,VWAP,,,,,,,,,,,961.07,958.42,956.75,956.78,956.75,956.74
SBIN,CASH VOL,9846646,3759097,3088339,61.93,44.68,,,,,,507991,1760741,3680153,4070045,4778818,5116104
SBIN,F&O VOL,264662,249941,,,,,,,,,6509,17242,36026,46661,56027,61122
SBIN,F&O OI,309285,308283,,,,,,,,,308843,309202,310514,311675,313330,313973
SBIN,CALL VOL,65145,67588,,,,,,,,,2639,,8470,,11648,
SBIN,CALL OI,14197,16482,,,,,,,,,14026,,11430,,12552,
SBIN,PUT VOL,54876,47771,,,,,,,,,1142,,8651,,11812,
SBIN,PUT OI,12791,19020,,,,,,,,,12641,,13008,,13181,
SBIN,CALL SPRD,,,,,,,,,,,,,,,,
SBIN,PUT SPRD,,,,,,,,,,,,,,,,
SHREECEM,PRICE,22170.0,22520.0,,,,22170.0,22197.5,22179.17,22495.0,22445.0,22120.0,22130.0,22030.0,22100.0,22150.0,22070.0
SHREECEM,VWAP,,,,,,,,,,,22145.0,22119.11,22099.45,22088.98,22094.19,22099.24
SHREECEM,CASH VOL,17002,10112,10259,53.75,42.47,,,,,,776,1630,2252,3924,4187,5079
SHREECEM,F&O VOL,24760,25417,,,,,,,,,207,653,1424,2047,2538,2896
SHREECEM,F&O OI,28389,29320,,,,,,,,,28382,28298,28504,28429,28491,28527
SHREECEM,CALL VOL,2794,4227,,,,,,,,,108,,277,,517,
SHREECEM,CALL OI,1591,2028,,,,,,,,,1072,,1014,,1410,
SHREECEM,PUT VOL,6439,3084,,,,,,,,,25,,110,,261,
SHREECEM,PUT OI,1544,1625,,,,,,,,,1442,,1432,,1499,
SHREECEM,CALL SPRD,,,,,,,,,,,,,,,,
SHREECEM,PUT SPRD,,,,,,,,,,,,,,,,
SHRIRAMFIN,PRICE,976.3,994.1,,,,975.0,980.65,977.75,1001.2,996.47,975.0,971.0,969.0,972.0,972.0,970.0
SHRIRAMFIN,VWAP,,,,,,,,,,,976.33,973.64,972.82,972.66,972.73,972.62
SHRIRAMFIN,CASH VOL,4953660,2700614,1855331,67.92,58.35,,,,,,223983,573121,716167,864851,989197,1125341
SHRIRAMFIN,F&O VOL,51479,61457,,,,,,,,,719,3721,5109,6502,7360,7944
SHRIRAMFIN,F&O OI,63544,67042,,,,,,,,,63575,63719,63690,63621,63728,63712
SHRIRAMFIN,CALL VOL,12538,16580,,,,,,,,,149,,588,,943,
SHRIRAMFIN,CALL OI,6234,7945,,,,,,,,,6232,,6062,,5869,
SHRIRAMFIN,PUT VOL,8345,12265,,,,,,,,,114,,786,,1067,
SHRIRAMFIN,PUT OI,5050,6176,,,,,,,,,5047,,4997,,4918,
SHRIRAMFIN,CALL SPRD,,,,,,,,,,,,,,,,
SHRIRAMFIN,PUT SPRD,,,,,,,,,,,,,,,,
SIEMENS,PRICE,3785.5,3877.0,,,,3769.6,3817.35,3796.12,3889.65,3881.22,3771.0,3766.0,3750.0,3745.0,3742.0,3713.0
SIEMENS,VWAP,,,,,,,,,,,3766.43,3765.83,3761.33,3758.31,3754.81,3751.37
SIEMENS,CASH VOL,180360,80353,54949,49.99,30.4,,,,,,7329,11333,16985,20594,25600,28425
SIEMENS,F&O VOL,40453,30180,,,,,,,,,662,1827,3117,4038,5120,6356
SIEMENS,F&O OI,36844,36584,,,,,,,,,36791,36693,36621,36705,36844,36789
SIEMENS,CALL VOL,6337,4777,,,,,,,,,467,,1288,,1746,1650
SIEMENS,CALL OI,1452,2222,,,,,,,,,2479,,2432,,2413,1332
SIEMENS,PUT VOL,7647,2844,,,,,,,,,62,,341,,556,689
SIEMENS,PUT OI,1759,3467,,,,,,,,,2496,,2422,,2401,1650
SIEMENS,CALL SPRD,,,,,,,,,,,,,,,,
SIEMENS,PUT SPRD,,,,,,,,,,,,,,,,
SOLARINDS,PRICE,19150.0,19745.0,,,,19125.0,19360.0,19220.0,19680.0,19550.0,19215.0,19060.0,19060.0,19120.0,19080.0,19055.0
SOLARINDS,VWAP,,,,,,,,,,,19171.67,19157.56,19140.79,19136.88,19132.33,19129.19
SOLARINDS,CASH VOL,159878,120411,53103,45.54,32.44,,,,,,17668,28484,33141,39457,43914,46160
SOLARINDS,F&O VOL,115054,105484,,,,,,,,,2700,8902,13713,17377,20382,22372
SOLARINDS,F&O OI,72658,80019,,,,,,,,,72236,71239,70087,69512,69471,69202
SOLARINDS,CALL VOL,27571,27631,,,,,,,,,1193,,4064,,5857,6405
SOLARINDS,CALL OI,6902,6331,,,,,,,,,9210,,6372,,6198,6078
SOLARINDS,PUT VOL,30961,19405,,,,,,,,,520,,3115,,5033,5316
SOLARINDS,PUT OI,6339,9044,,,,,,,,,6878,,6099,,6048,5981
SOLARINDS,CALL SPRD,,,,,,,,,,,,,,,,
SOLARINDS,PUT SPRD,,,,,,,,,,,,,,,,
SONACOMS,PRICE,807.9,824.5,,,,808.0,816.5,810.77,821.37,815.1,803.0,802.0,806.0,808.0,810.0,805.0
SONACOMS,VWAP,,,,,,,,,,,803.82,803.11,804.18,804.97,806.2,806.22
SONACOMS,CASH VOL,3616948,3101062,502035,51.16,51.33,,,,,,80531,137775,230066,269235,343733,389408
SONACOMS,F&O VOL,30881,30020,,,,,,,,,783,1329,2122,2725,3271,3592
SONACOMS,F&O OI,21456,22626,,,,,,,,,21402,21335,21247,21227,21132,21120
SONACOMS,CALL VOL,7548,12967,,,,,,,,,158,,562,,907,975
SONACOMS,CALL OI,2034,2918,,,,,,,,,2003,,1883,,1793,1780
SONACOMS,PUT VOL,5210,3695,,,,,,,,,413,,592,,818,866
SONACOMS,PUT OI,1273,1687,,,,,,,,,1221,,1169,,1104,1091
SONACOMS,CALL SPRD,,,,,,,,,,,,,,,,
SONACOMS,PUT SPRD,,,,,,,,,,,,,,,,
SRF,PRICE,2491.5,2540.0,,,,2491.8,2507.35,2496.78,2536.35,2529.05,2486.0,2485.0,2479.0,2472.0,2470.0,2464.0
SRF,VWAP,,,,,,,,,,,2485.1,2485.11,2484.34,2482.99,2480.04,2477.6
SRF,CASH VOL,183054,105615,62230,49.84,28.4,,,,,,7564,13701,16936,20738,26329,31810
SRF,F&O VOL,27882,32693,,,,,,,,,288,1007,1807,2213,2925,3498
SRF,F&O OI,33995,34442,,,,,,,,,33927,33904,33805,33694,33638,33704
SRF,CALL VOL,4470,6188,,,,,,,,,95,,585,,911,1044
SRF,CALL OI,3794,4479,,,,,,,,,3787,,3617,,3384,3335
SRF,PUT VOL,5764,10415,,,,,,,,,102,,298,,535,557
SRF,PUT OI,3176,3597,,,,,,,,,3119,,3032,,2969,2965
SRF,CALL SPRD,,,,,,,,,,,,,,,,
SRF,PUT SPRD,,,,,,,,,,,,,,,,
SUNPHARMA,PRICE,1838.0,1852.2,,,,1853.9,1847.3,1841.1,1861.85,1855.42,1851.0,1849.0,1846.0,1841.0,1844.0,1845.0
SUNPHARMA,VWAP,,,,,,,,,,,1850.87,1849.61,1848.84,1848.16,1847.8,1847.44
SUNPHARMA,CASH VOL,947719,683246,302098,64.31,58.96,,,,,,150551,263029,326474,379335,417030,449052
SUNPHARMA,F&O VOL,73596,57110,,,,,,,,,9089,19547,26147,31127,34334,36191
SUNPHARMA,F&O OI,85067,84805,,,,,,,,,86176,86678,87144,88016,87873,88031
SUNPHARMA,CALL VOL,17926,19655,,,,,,,,,3639,,9332,,11586,
SUNPHARMA,CALL OI,12679,14035,,,,,,,,,17282,,12681,,12288,
SUNPHARMA,PUT VOL,11779,9344,,,,,,,,,1126,,2986,,4027,
SUNPHARMA,PUT OI,7206,9635,,,,,,,,,7422,,7147,,6999,
SUNPHARMA,CALL SPRD,,,,,,,,,,,,,,,,
SUNPHARMA,PUT SPRD,,,,,,,,,,,,,,,,
SUPREMEIND,PRICE,3499.8,3550.0,,,,3499.0,3510.35,3503.32,3531.58,3494.75,3476.0,3468.0,3466.0,3464.0,3458.0,3456.0
SUPREMEIND,VWAP,,,,,,,,,,,3477.47,3474.71,3472.38,3471.95,3470.5,3466.82
SUPREMEIND,CASH VOL,198525,112619,110376,52.44,37.27,,,,,,3419,6118,7627,8576,10616,16392
SUPREMEIND,F&O VOL,21207,31284,,,,,,,,,229,855,1327,1697,2362,2877
SUPREMEIND,F&O OI,20096,21163,,,,,,,,,20064,19778,19680,19661,19682,19749
SUPREMEIND,CALL VOL,7087,16539,,,,,,,,,90,,727,,950,1035
SUPREMEIND,CALL OI,3507,3706,,,,,,,,,3668,,3153,,3095,3077
SUPREMEIND,PUT VOL,6674,5683,,,,,,,,,91,,380,,612,691
SUPREMEIND,PUT OI,2076,2680,,,,,,,,,1961,,2044,,1985,1968
SUPREMEIND,CALL SPRD,,,,,,,,,,,,,,,,
SUPREMEIND,PUT SPRD,,,,,,,,,,,,,,,,
SUZLON,PRICE,39.66,40.8,,,,39.66,40.23,39.85,42.16,41.26,39.0,39.0,39.0,39.0,39.0,39.0
SUZLON,VWAP,,,,,,,,,,,39.43,39.39,39.35,39.34,39.32,39.24
SUZLON,CASH VOL,67390402,57074067,14058061,48.22,39.98,,,,,,4759270,7877257,10472660,11881846,13340540,17564623
SUZLON,F&O VOL,37865,43513,,,,,,,,,1319,3248,5083,6244,7785,9850
SUZLON,F&O OI,70887,71080,,,,,,,,,70893,71187,71266,71268,71355,71677
SUZLON,CALL VOL,7157,8169,,,,,,,,,300,,1177,1516,2488,3238
SUZLON,CALL OI,4005,3740,,,,,,,,,4063,,4036,3942,3811,3934
SUZLON,PUT VOL,3299,4045,,,,,,,,,127,,441,535,600,688
SUZLON,PUT OI,1794,2145,,,,,,,,,1800,,1696,1659,1684,1655
SUZLON,CALL SPRD,,,,,,,,,,,,,,,,
SUZLON,PUT SPRD,,,,,,,,,,,,,,,,
SWIGGY,PRICE,256.0,264.85,,,,255.5,260.6,257.53,275.52,268.41,252.0,253.0,251.0,252.0,251.0,252.0
SWIGGY,VWAP,,,,,,,,,,,253.62,253.53,253.12,253.06,252.67,252.61
SWIGGY,CASH VOL,11465546,9596392,4233748,47.13,34.24,,,,,,607203,859910,1254676,1660562,2271274,3126387
SWIGGY,F&O VOL,80051,68449,,,,,,,,,3240,5661,8555,10994,14048,15615
SWIGGY,F&O OI,90911,96744,,,,,,,,,91229,90893,90951,90773,90829,90954
SWIGGY,CALL VOL,12296,13727,,,,,,,,,545,,1311,1540,2145,2372
SWIGGY,CALL OI,5023,4795,,,,,,,,,6995,,4636,4591,4554,4587
SWIGGY,PUT VOL,9552,10149,,,,,,,,,2277,,3479,3972,4728,5096
SWIGGY,PUT OI,5594,6928,,,,,,,,,7089,,5738,5418,5272,5198
SWIGGY,CALL SPRD,,,,,,,,,,,,,,,,
SWIGGY,PUT SPRD,,,,,,,,,,,,,,,,
TATACONSUM,PRICE,960.0,983.2,,,,961.7,969.55,963.18,997.35,987.92,961.0,961.0,957.0,957.0,957.0,957.0
TATACONSUM,VWAP,,,,,,,,,,,962.77,961.79,960.12,959.79,959.13,958.67
TATACONSUM,CASH VOL,1307916,885948,295341,54.95,65.87,,,,,,49034,72328,97037,113465,135423,165994
TATACONSUM,F&O VOL,40398,30643,,,,,,,,,1117,3093,4890,5448,7415,8973
TATACONSUM,F&O OI,52553,50970,,,,,,,,,52554,52768,52724,52687,52382,52461
TATACONSUM,CALL VOL,6922,4849,,,,,,,,,368,,780,,1046,
TATACONSUM,CALL OI,2021,1803,,,,,,,,,2108,,2082,,2020,
TATACONSUM,PUT VOL,9689,3117,,,,,,,,,375,,1508,,2337,
TATACONSUM,PUT OI,3441,4336,,,,,,,,,3315,,3112,,2640,
TATACONSUM,CALL SPRD,,,,,,,,,,,,,,,,
TATACONSUM,PUT SPRD,,,,,,,,,,,,,,,,
TATAELXSI,PRICE,3191.0,3186.9,,,,3190.0,3189.72,3187.15,3231.0,3201.6,3174.0,3160.0,3141.0,3140.0,3142.0,3132.0
TATAELXSI,VWAP,,,,,,,,,,,3168.83,3165.76,3158.04,3155.92,3154.05,3151.24
TATAELXSI,CASH VOL,162425,177199,45573,32.07,36.78,,,,,,10945,23526,37823,45654,50683,59203
TATAELXSI,F&O VOL,40069,39758,,,,,,,,,663,2784,4604,5674,7216,8355
TATAELXSI,F&O OI,48135,50800,,,,,,,,,47910,47241,46987,46654,46684,46696
TATAELXSI,CALL VOL,8354,8668,,,,,,,,,180,,1558,,2562,2822
TATAELXSI,CALL OI,4597,5467,,,,,,,,,4540,,4012,,3925,3995
TATAELXSI,PUT VOL,9174,6555,,,,,,,,,188,,792,,1161,1332
TATAELXSI,PUT OI,2814,3774,,,,,,,,,2798,,2668,,2597,2591
TATAELXSI,CALL SPRD,,,,,,,,,,,,,,,,
TATAELXSI,PUT SPRD,,,,,,,,,,,,,,,,
TATAPOWER,PRICE,361.9,367.5,,,,358.0,363.43,362.41,367.11,366.32,357.0,356.0,355.0,357.0,357.0,356.0
TATAPOWER,VWAP,,,,,,,,,,,357.53,356.82,356.54,356.61,356.69,356.7
TATAPOWER,CASH VOL,2982387,1727813,898624,47.65,44.56,,,,,,212218,377100,469265,560006,638688,697706
TATAPOWER,F&O VOL,62223,44093,,,,,,,,,2519,6617,9091,10792,13288,14376
TATAPOWER,F&O OI,86840,89338,,,,,,,,,86708,86059,85996,86166,86519,86467
TATAPOWER,CALL VOL,8380,9495,,,,,,,,,507,,1731,,2243,
TATAPOWER,CALL OI,7444,9332,,,,,,,,,7223,,6646,,6487,
TATAPOWER,PUT VOL,9434,5547,,,,,,,,,1152,,3006,,3586,
TATAPOWER,PUT OI,9055,11432,,,,,,,,,8914,,8075,,7817,
TATAPOWER,CALL SPRD,,,,,,,,,,,,,,,,
TATAPOWER,PUT SPRD,,,,,,,,,,,,,,,,
TATASTEEL,PRICE,186.3,187.97,,,,184.78,186.92,186.51,187.8,187.45,185.0,184.0,184.0,185.0,185.0,184.0
TATASTEEL,VWAP,,,,,,,,,,,184.91,184.9,184.86,184.86,184.88,184.86
TATASTEEL,CASH VOL,13628891,15890667,3180155,38.28,46.68,,,,,,707365,1566185,2459650,2786760,3160302,3456259
TATASTEEL,F&O VOL,138396,172082,,,,,,,,,3855,11192,17280,20841,23424,26702
TATASTEEL,F&O OI,202223,204804,,,,,,,,,201693,201787,200965,200876,200774,201344
TATASTEEL,CALL VOL,34977,57570,,,,,,,,,1300,,4346,,5817,6304
TATASTEEL,CALL OI,16719,19773,,,,,,,,,16347,,15470,,14882,14730
TATASTEEL,PUT VOL,22947,33284,,,,,,,,,703,,2991,,3917,4219
TATASTEEL,PUT OI,14359,17059,,,,,,,,,14197,,13610,,13312,13280
TATASTEEL,CALL SPRD,,,,,,,,,,,,,,,,
TATASTEEL,PUT SPRD,,,,,,,,,,,,,,,,
TCS,PRICE,2070.7,2082.0,,,,2065.0,2075.5,2072.3,2091.55,2085.18,2067.0,2061.0,2053.0,2055.0,2054.0,2057.0
TCS,VWAP,,,,,,,,,,,2068.67,2065.01,2062.15,2061.02,2059.92,2059.67
TCS,CASH VOL,2457049,3342195,497170,41.72,47.33,,,,,,147118,242523,329511,393007,451604,485687
TCS,F&O VOL,340831,376553,,,,,,,,,5875,15942,24730,32121,38323,43228
TCS,F&O OI,277252,289405,,,,,,,,,276786,275848,274946,274580,274115,273890
TCS,CALL VOL,100636,106223,,,,,,,,,1611,,5574,,7513,
TCS,CALL OI,12130,14565,,,,,,,,,11717,,11049,,10612,
TCS,PUT VOL,77189,105012,,,,,,,,,1444,,4706,,6914,
TCS,PUT OI,12793,15173,,,,,,,,,12635,,11807,,11040,
TCS,CALL SPRD,,,,,,,,,,,,,,,,
TCS,PUT SPRD,,,,,,,,,,,,,,,,
TECHM,PRICE,1542.2,1548.0,,,,1542.3,1542.1,1541.9,1550.65,1548.88,1542.0,1536.0,1533.0,1531.0,1535.0,1539.0
TECHM,VWAP,,,,,,,,,,,1542.07,1538.64,1537.12,1536.57,1536.13,1536.99
TECHM,CASH VOL,1261918,939846,403884,58.9,54.91,,,,,,62866,118878,152780,183155,223460,353205
TECHM,F&O VOL,38997,52734,,,,,,,,,837,2272,3005,3636,5778,9965
TECHM,F&O OI,58700,60799,,,,,,,,,58740,58717,58688,58682,59656,62148
TECHM,CALL VOL,9653,12209,,,,,,,,,241,,752,,1111,
TECHM,CALL OI,8148,8842,,,,,,,,,8089,,7871,,7786,
TECHM,PUT VOL,7451,9239,,,,,,,,,401,,954,,1229,
TECHM,PUT OI,4686,5536,,,,,,,,,4702,,4704,,4627,
TECHM,CALL SPRD,,,,,,,,,,,,,,,,
TECHM,PUT SPRD,,,,,,,,,,,,,,,,
TIINDIA,PRICE,2459.0,2511.1,,,,2455.3,2483.55,2467.18,2561.75,2527.98,2433.0,2425.0,2415.0,2412.0,2411.0,2409.0
TIINDIA,VWAP,,,,,,,,,,,2436.43,2428.75,2425.69,2421.97,2419.71,2415.24
TIINDIA,CASH VOL,219494,78988,82322,60.41,48.23,,,,,,6583,13366,19127,27863,35032,48887
TIINDIA,F&O VOL,19760,19584,,,,,,,,,125,431,826,1180,1552,2016
TIINDIA,F&O OI,20692,21538,,,,,,,,,20683,20686,20727,20721,20633,20656
TIINDIA,CALL VOL,5204,1968,,,,,,,,,69,,207,,363,
TIINDIA,CALL OI,1159,1316,,,,,,,,,2112,,1087,,1000,
TIINDIA,PUT VOL,3315,5124,,,,,,,,,34,,80,,321,
TIINDIA,PUT OI,1230,1591,,,,,,,,,1398,,1223,,1137,
TIINDIA,CALL SPRD,,,,,,,,,,,,,,,,
TIINDIA,PUT SPRD,,,,,,,,,,,,,,,,
TITAN,PRICE,4819.5,4884.0,,,,4808.0,4845.5,4828.17,4883.0,4881.0,4781.0,4787.0,4770.0,4771.0,4769.0,4761.0
TITAN,VWAP,,,,,,,,,,,4789.33,4787.55,4785.67,4782.92,4780.96,4779.28
TITAN,CASH VOL,632938,368677,169600,65.51,46.65,,,,,,42525,73420,105671,126911,144960,158726
TITAN,F&O VOL,76267,67398,,,,,,,,,2797,9196,13644,17844,20743,24898
TITAN,F&O OI,67616,67676,,,,,,,,,67357,67953,68081,68331,68523,68276
TITAN,CALL VOL,22395,20358,,,,,,,,,711,,3759,,5826,6863
TITAN,CALL OI,8224,9430,,,,,,,,,9053,,7502,,7132,6879
TITAN,PUT VOL,19813,21535,,,,,,,,,825,,2953,,4486,5531
TITAN,PUT OI,7823,9117,,,,,,,,,7559,,7610,,7373,6948
TITAN,CALL SPRD,,,,,,,,,,,,,,,,
TITAN,PUT SPRD,,,,,,,,,,,,,,,,
TMPV,PRICE,281.75,290.45,,,,279.0,285.7,283.07,295.9,292.27,276.0,273.0,274.0,274.0,274.0,273.0
TMPV,VWAP,,,,,,,,,,,276.8,275.21,274.89,274.83,274.81,274.54
TMPV,CASH VOL,14063134,22634929,4638638,54.08,51.57,,,,,,1186619,3121427,3873779,4467102,4827865,5843386
TMPV,F&O VOL,117953,149533,,,,,,,,,7117,24298,32921,41942,46305,50040
TMPV,F&O OI,151400,150100,,,,,,,,,151991,153716,154610,155964,156511,156929
TMPV,CALL VOL,26439,30970,,,,,,,,,1749,,5746,,7552,7929
TMPV,CALL OI,5569,5425,,,,,,,,,5441,,5485,,5494,5531
TMPV,PUT VOL,20156,26976,,,,,,,,,1253,,6268,,9163,9560
TMPV,PUT OI,6141,7589,,,,,,,,,6218,,5790,,6001,6069
TMPV,CALL SPRD,,,,,,,,,,,,,,,,
TMPV,PUT SPRD,,,,,,,,,,,,,,,,
TORNTPHARM,PRICE,4869.0,4988.5,,,,4884.5,4924.5,4887.5,4968.75,4929.25,4892.0,4853.0,4841.0,4842.0,4847.0,4852.0
TORNTPHARM,VWAP,,,,,,,,,,,4885.0,4874.89,4869.68,4863.37,4862.66,4862.46
TORNTPHARM,CASH VOL,402847,386632,169684,70.75,65.31,,,,,,60430,85155,101047,139279,148546,152765
TORNTPHARM,F&O VOL,25081,24626,,,,,,,,,615,1863,3229,3969,4390,4824
TORNTPHARM,F&O OI,35690,36219,,,,,,,,,35598,35766,35662,35670,35632,35618
TORNTPHARM,CALL VOL,5021,7111,,,,,,,,,251,,1423,,1809,
TORNTPHARM,CALL OI,2482,3189,,,,,,,,,2478,,2309,,2054,
TORNTPHARM,PUT VOL,2713,3014,,,,,,,,,174,,499,,638,
TORNTPHARM,PUT OI,1492,2072,,,,,,,,,1482,,1447,,1423,
TORNTPHARM,CALL SPRD,,,,,,,,,,,,,,,,
TORNTPHARM,PUT SPRD,,,,,,,,,,,,,,,,
TRENT,PRICE,2626.0,2669.3,,,,2626.0,2639.45,2630.48,2746.95,2695.18,2604.0,2590.0,2596.0,2596.0,2597.0,2590.0
TRENT,VWAP,,,,,,,,,,,2599.47,2594.89,2595.66,2595.74,2595.47,2594.2
TRENT,CASH VOL,636905,1054993,174147,56.16,51.47,,,,,,32901,69599,135986,146121,180469,307835
TRENT,F&O VOL,60462,86884,,,,,,,,,778,3896,5805,6950,8756,9909
TRENT,F&O OI,76016,77604,,,,,,,,,75963,75585,75437,75334,75286,75146
TRENT,CALL VOL,13130,19782,,,,,,,,,106,,1047,,1543,
TRENT,CALL OI,4716,5848,,,,,,,,,4683,,4296,,4124,
TRENT,PUT VOL,7014,15652,,,,,,,,,218,,971,,1165,
TRENT,PUT OI,3055,3719,,,,,,,,,2998,,2837,,2759,
TRENT,CALL SPRD,,,,,,,,,,,,,,,,
TRENT,PUT SPRD,,,,,,,,,,,,,,,,
TVSMOTOR,PRICE,4095.0,4157.3,,,,4075.0,4110.8,4100.27,4149.05,4132.55,4058.0,4082.0,4100.0,4113.0,4104.0,4100.0
TVSMOTOR,VWAP,,,,,,,,,,,4066.43,4073.55,4080.46,4086.8,4089.58,4090.69
TVSMOTOR,CASH VOL,574256,411326,279341,62.53,59.69,,,,,,40244,62955,87106,104562,119353,136887
TVSMOTOR,F&O VOL,67676,53634,,,,,,,,,1447,3972,6222,9110,10489,12485
TVSMOTOR,F&O OI,66827,68144,,,,,,,,,66813,66893,66946,67056,67004,67192
TVSMOTOR,CALL VOL,12684,13182,,,,,,,,,509,,1473,,2762,
TVSMOTOR,CALL OI,4374,5989,,,,,,,,,4342,,4109,,4176,
TVSMOTOR,PUT VOL,10734,8762,,,,,,,,,431,,1117,,1673,
TVSMOTOR,PUT OI,3606,5203,,,,,,,,,3582,,3474,,3389,
TVSMOTOR,CALL SPRD,,,,,,,,,,,,,,,,
TVSMOTOR,PUT SPRD,,,,,,,,,,,,,,,,
ULTRACEMCO,PRICE,11025.0,11155.0,,,,11010.0,11066.5,11038.83,11133.5,11090.5,10966.0,10962.0,10919.0,10923.0,10927.0,10908.0
ULTRACEMCO,VWAP,,,,,,,,,,,10980.0,10968.78,10950.81,10946.03,10941.68,10938.07
ULTRACEMCO,CASH VOL,331811,191155,107937,61.58,55.58,,,,,,7209,14071,22457,27296,32074,36240
ULTRACEMCO,F&O VOL,43513,45211,,,,,,,,,559,2092,3511,4513,6510,7455
ULTRACEMCO,F&O OI,63616,64873,,,,,,,,,63534,63346,63341,63651,63492,63624
ULTRACEMCO,CALL VOL,5439,6421,,,,,,,,,382,,1017,,1653,
ULTRACEMCO,CALL OI,2888,3194,,,,,,,,,2850,,2737,,2584,
ULTRACEMCO,PUT VOL,7192,6169,,,,,,,,,122,,541,,1123,
ULTRACEMCO,PUT OI,3537,4858,,,,,,,,,3015,,3366,,3151,
ULTRACEMCO,CALL SPRD,,,,,,,,,,,,,,,,
ULTRACEMCO,PUT SPRD,,,,,,,,,,,,,,,,
UNIONBANK,PRICE,171.75,180.2,,,,172.0,175.27,172.92,179.56,178.29,171.0,170.0,170.0,170.0,170.0,169.0
UNIONBANK,VWAP,,,,,,,,,,,171.49,170.76,170.31,170.33,170.33,170.28
UNIONBANK,CASH VOL,8523339,6466107,2531513,41.03,52.49,,,,,,885805,2008557,3405130,4617643,4803252,5148525
UNIONBANK,F&O VOL,40782,26480,,,,,,,,,1444,3868,6119,7829,8441,9191
UNIONBANK,F&O OI,41807,43091,,,,,,,,,41820,42172,42218,42300,42257,42291
UNIONBANK,CALL VOL,6278,5011,,,,,,,,,301,,960,,1178,
UNIONBANK,CALL OI,2494,3008,,,,,,,,,3661,,2383,,2336,
UNIONBANK,PUT VOL,11414,3557,,,,,,,,,662,,1823,,2247,
UNIONBANK,PUT OI,4364,5657,,,,,,,,,4911,,4175,,3949,
UNIONBANK,CALL SPRD,,,,,,,,,,,,,,,,
UNIONBANK,PUT SPRD,,,,,,,,,,,,,,,,
UNITDSPR,PRICE,1415.4,1423.8,,,,1408.0,1414.62,1413.05,1419.45,1410.75,1387.0,1371.0,1367.0,1363.0,1366.0,1366.0
UNITDSPR,VWAP,,,,,,,,,,,1387.9,1379.63,1376.4,1371.08,1369.96,1369.63
UNITDSPR,CASH VOL,338629,362455,151984,63.08,63.07,,,,,,55222,119441,170554,279429,348344,392201
UNITDSPR,F&O VOL,13399,17210,,,,,,,,,1000,5861,8856,12682,15939,17523
UNITDSPR,F&O OI,30063,30821,,,,,,,,,30274,31146,31631,32124,32258,32615
UNITDSPR,CALL VOL,1890,2282,,,,,,,,,185,,1017,,1533,
UNITDSPR,CALL OI,1238,1668,,,,,,,,,1481,,1232,,1271,
UNITDSPR,PUT VOL,995,1346,,,,,,,,,158,,3419,,5908,
UNITDSPR,PUT OI,1394,1597,,,,,,,,,1498,,1938,,1877,
UNITDSPR,CALL SPRD,,,,,,,,,,,,,,,,
UNITDSPR,PUT SPRD,,,,,,,,,,,,,,,,
UNOMINDA,PRICE,1173.0,1218.0,,,,1173.3,1190.7,1178.9,1236.1,1224.03,1170.0,1168.0,1162.0,1161.0,1160.0,1151.0
UNOMINDA,VWAP,,,,,,,,,,,1171.23,1168.74,1166.39,1165.34,1163.75,1162.31
UNOMINDA,CASH VOL,605484,272547,122221,63.39,50.22,,,,,,15916,33107,46739,60249,79856,93109
UNOMINDA,F&O VOL,18444,12281,,,,,,,,,138,515,950,1169,1625,1895
UNOMINDA,F&O OI,15774,17077,,,,,,,,,15777,15770,15713,15583,15517,15494
UNOMINDA,CALL VOL,3408,1976,,,,,,,,,60,,159,,223,
UNOMINDA,CALL OI,1111,1543,,,,,,,,,1110,,1065,,1041,
UNOMINDA,PUT VOL,5237,1550,,,,,,,,,1,,268,,570,
UNOMINDA,PUT OI,977,1751,,,,,,,,,977,,886,,808,
UNOMINDA,CALL SPRD,,,,,,,,,,,,,,,,
UNOMINDA,PUT SPRD,,,,,,,,,,,,,,,,
UPL,PRICE,549.5,550.05,,,,546.0,548.75,547.25,556.4,552.17,547.0,544.0,541.0,541.0,541.0,538.0
UPL,VWAP,,,,,,,,,,,545.72,544.98,542.74,542.51,542.15,541.6
UPL,CASH VOL,1557384,2067628,328441,60.85,59.6,,,,,,56085,97298,189658,233708,280050,328555
UPL,F&O VOL,21077,27695,,,,,,,,,131,854,1809,2401,2923,3446
UPL,F&O OI,35381,36840,,,,,,,,,35393,35377,35329,35275,35351,35459
UPL,CALL VOL,3195,4478,,,,,,,,,15,,442,,547,
UPL,CALL OI,3091,3658,,,,,,,,,3781,,2946,,2892,
UPL,PUT VOL,2437,3359,,,,,,,,,33,,280,,452,
UPL,PUT OI,2142,2919,,,,,,,,,2397,,2088,,2029,
UPL,CALL SPRD,,,,,,,,,,,,,,,,
UPL,PUT SPRD,,,,,,,,,,,,,,,,
VBL,PRICE,430.0,434.8,,,,428.65,429.95,429.85,433.3,430.3,427.0,428.0,427.0,427.0,426.0,426.0
VBL,VWAP,,,,,,,,,,,429.05,428.9,428.35,428.07,427.99,427.74
VBL,CASH VOL,4707240,5365431,1758257,63.24,60.5,,,,,,151029,362194,561332,701481,756243,870706
VBL,F&O VOL,52725,49906,,,,,,,,,560,2168,3673,4666,5539,6295
VBL,F&O OI,85873,89925,,,,,,,,,85786,85906,86132,86248,86296,86347
VBL,CALL VOL,8816,8782,,,,,,,,,200,,1036,,1341,
VBL,CALL OI,9712,12427,,,,,,,,,9657,,9401,,9168,
VBL,PUT VOL,5551,6815,,,,,,,,,90,,254,,476,
VBL,PUT OI,5841,6983,,,,,,,,,5827,,5749,,5633,
VBL,CALL SPRD,,,,,,,,,,,,,,,,
VBL,PUT SPRD,,,,,,,,,,,,,,,,
VEDL,PRICE,259.0,266.35,,,,259.0,261.3,259.77,265.96,265.18,259.0,259.0,259.0,260.0,259.0,257.0
VEDL,VWAP,,,,,,,,,,,258.98,259.31,259.33,259.47,259.42,259.19
VEDL,CASH VOL,7437078,3768892,1897004,50.27,49.73,,,,,,415190,796998,1088070,1395377,1711503,2031056
VEDL,F&O VOL,98646,73045,,,,,,,,,1789,4793,8082,11157,13870,16104
VEDL,F&O OI,112981,118544,,,,,,,,,112624,112891,113340,113415,113209,113365
VEDL,CALL VOL,31190,25042,,,,,,,,,811,,2193,,3785,
VEDL,CALL OI,17697,20055,,,,,,,,,17376,,16794,,16267,
VEDL,PUT VOL,18502,8578,,,,,,,,,744,,1766,,2356,
VEDL,PUT OI,13348,14979,,,,,,,,,13197,,13083,,12959,
VEDL,CALL SPRD,,,,,,,,,,,,,,,,
VEDL,PUT SPRD,,,,,,,,,,,,,,,,
VMM,PRICE,100.81,103.5,,,,100.81,102.09,101.24,104.39,103.8,99.0,99.0,98.0,98.0,99.0,99.0
VMM,VWAP,,,,,,,,,,,100.04,99.35,98.96,98.81,99.02,99.07
VMM,CASH VOL,9107588,9381538,3480268,63.26,53.72,,,,,,828523,1755853,2612935,4091160,5940768,6419862
VMM,F&O VOL,13797,15217,,,,,,,,,458,1620,2892,4178,5092,5579
VMM,F&O OI,22975,23852,,,,,,,,,22944,22826,22975,23205,23232,23224
VMM,CALL VOL,2408,2744,,,,,,,,,94,,673,,1166,
VMM,CALL OI,3103,3670,,,,,,,,,3090,,2489,,2850,
VMM,PUT VOL,1283,1302,,,,,,,,,71,,432,,731,
VMM,PUT OI,2289,2734,,,,,,,,,2247,,2071,,2228,
VMM,CALL SPRD,,,,,,,,,,,,,,,,
VMM,PUT SPRD,,,,,,,,,,,,,,,,
VOLTAS,PRICE,1135.5,1118.2,,,,1135.2,1134.45,1132.35,1124.8,1120.4,1128.0,1121.0,1121.0,1118.0,1120.0,1117.0
VOLTAS,VWAP,,,,,,,,,,,1129.5,1124.83,1123.96,1123.21,1121.68,1121.15
VOLTAS,CASH VOL,933414,368727,160934,23.32,49.86,,,,,,29122,55066,68850,87708,129893,158033
VOLTAS,F&O VOL,88052,45845,,,,,,,,,998,3365,5301,6681,9381,10983
VOLTAS,F&O OI,60585,62846,,,,,,,,,60521,60335,60125,59999,60401,60934
VOLTAS,CALL VOL,37151,12780,,,,,,,,,528,,1704,,2463,
VOLTAS,CALL OI,7556,8614,,,,,,,,,7475,,7045,,6815,
VOLTAS,PUT VOL,15158,6656,,,,,,,,,275,,987,,1771,
VOLTAS,PUT OI,4838,6215,,,,,,,,,4847,,4702,,4568,
VOLTAS,CALL SPRD,,,,,,,,,,,,,,,,
VOLTAS,PUT SPRD,,,,,,,,,,,,,,,,
WAAREEENER,PRICE,2455.0,2495.0,,,,2455.0,2473.1,2461.03,2511.8,2500.6,2458.0,2439.0,2427.0,2423.0,2413.0,2406.0
WAAREEENER,VWAP,,,,,,,,,,,2445.23,2439.85,2437.18,2430.52,2427.75,2424.46
WAAREEENER,CASH VOL,581069,616888,223190,42.79,42.93,,,,,,34976,68972,88051,138673,163262,195065
WAAREEENER,F&O VOL,49683,60651,,,,,,,,,945,6088,9430,10540,12807,15373
WAAREEENER,F&O OI,64005,66266,,,,,,,,,63821,62442,62862,62735,62993,63427
WAAREEENER,CALL VOL,12704,13665,,,,,,,,,638,,5124,,4998,
WAAREEENER,CALL OI,6248,7361,,,,,,,,,9534,,7702,,4392,
WAAREEENER,PUT VOL,5467,6471,,,,,,,,,289,,953,,1410,
WAAREEENER,PUT OI,2828,3697,,,,,,,,,3747,,3604,,2687,
WAAREEENER,CALL SPRD,,,,,,,,,,,,,,,,
WAAREEENER,PUT SPRD,,,,,,,,,,,,,,,,
WIPRO,PRICE,161.56,164.02,,,,161.0,162.71,161.94,163.96,163.83,161.0,159.0,159.0,159.0,159.0,159.0
WIPRO,VWAP,,,,,,,,,,,161.13,160.3,159.97,159.83,159.74,159.65
WIPRO,CASH VOL,10309220,9700283,2476310,42.93,49.31,,,,,,722297,1812206,2422443,2880007,3284606,3756154
WIPRO,F&O VOL,82639,108482,,,,,,,,,2285,9203,14677,17637,20677,23411
WIPRO,F&O OI,139524,137130,,,,,,,,,139533,138784,138950,139005,139077,139314
WIPRO,CALL VOL,15068,17905,,,,,,,,,561,,2284,,2973,
WIPRO,CALL OI,6437,8247,,,,,,,,,6299,,5793,,5471,
WIPRO,PUT VOL,10689,14582,,,,,,,,,459,,3076,,3851,
WIPRO,PUT OI,5631,7768,,,,,,,,,5506,,4984,,4779,
WIPRO,CALL SPRD,,,,,,,,,,,,,,,,
WIPRO,PUT SPRD,,,,,,,,,,,,,,,,
YESBANK,PRICE,21.18,22.5,,,,21.18,21.74,21.37,22.87,22.62,21.0,20.0,20.0,20.0,20.0,20.0
YESBANK,VWAP,,,,,,,,,,,21.23,21.1,21.04,21.03,21.02,21.02
YESBANK,CASH VOL,122415681,30426808,30633868,45.96,36.87,,,,,,8230224,16970951,24856118,28686347,32077334,34049982
YESBANK,F&O VOL,55764,25923,,,,,,,,,1114,3004,5343,6755,7725,8679
YESBANK,F&O OI,71697,68544,,,,,,,,,71742,71937,72153,72166,72359,72583
YESBANK,CALL VOL,8136,5028,,,,,,,,,231,,858,,1161,
YESBANK,CALL OI,9429,10518,,,,,,,,,9443,,9469,,9457,
YESBANK,PUT VOL,11929,2313,,,,,,,,,246,,997,,1443,
YESBANK,PUT OI,4866,6334,,,,,,,,,4805,,4694,,4550,
YESBANK,CALL SPRD,,,,,,,,,,,,,,,,
YESBANK,PUT SPRD,,,,,,,,,,,,,,,,
ZYDUSLIFE,PRICE,1215.0,1203.9,,,,1217.6,1214.97,1214.9,1196.05,1180.35,1230.0,1227.0,1219.0,1217.0,1218.0,1215.0
ZYDUSLIFE,VWAP,,,,,,,,,,,1223.4,1224.23,1223.37,1222.74,1222.28,1221.9
ZYDUSLIFE,CASH VOL,3986338,1991779,655000,40.48,41.98,,,,,,246047,371659,446397,500450,543296,573314
ZYDUSLIFE,F&O VOL,87641,60556,,,,,,,,,3068,5887,7479,8463,8873,9683
ZYDUSLIFE,F&O OI,28253,25732,,,,,,,,,27966,28034,27992,28029,27990,28027
ZYDUSLIFE,CALL VOL,42977,29478,,,,,,,,,1057,,2235,,2611,
ZYDUSLIFE,CALL OI,2698,2671,,,,,,,,,2374,,2424,,2325,
ZYDUSLIFE,PUT VOL,13195,8378,,,,,,,,,323,,830,,1051,
ZYDUSLIFE,PUT OI,1539,1237,,,,,,,,,1374,,1497,,1469,
ZYDUSLIFE,CALL SPRD,,,,,,,,,,,,,,,,
ZYDUSLIFE,PUT SPRD,,,,,,,,,,,,,,,,
